time_s,time_min,passengers,train_present,passenger_heat_W,train_heat_W,equipment_heat_W,piston_airflow_m3_s,target_ventilation_airflow_m3_s,leakage_airflow_signed_m3_s,total_mass_inflow_kg_s,total_mass_outflow_kg_s,air_density_kg_m3,air_temperature_K,internal_pressure_Pa,pressure_difference_Pa,co2_ppm,ventilation_airflow_m3_s,air_mass_kg,structure_temperature_K,structure_temperature_C,outdoor_temperature_C,outdoor_pressure_Pa,co2_moles,air_temperature_C,air_changes_per_hour,fan_power_proxy_W,cumulative_fan_energy_kWh
0.0,0.0,4.0,False,300.0,0.0,20000.0,0.0,25.0,0.0,29.109952535479017,29.499188069966458,1.1799675227986584,299.15,101325.0,0.0,600.0,25.0,15292.379095470611,298.65,25.5,30.0,101325.0,316.77417926623554,26.0,6.944444444444445,9375.0,0.0
5.0,0.08333333333333333,4.8,False,360.0,0.0,20000.0,0.0,25.0,-0.09370260718885169,29.219059673387743,29.495446219587016,1.1798178487834807,299.1877391194449,101324.9283250727,-0.07167492729786318,598.2996103584675,25.0,15290.43932023391,298.6501802245225,25.500180224522524,30.0,101325.0,315.83637908613576,26.03773911944495,6.944444444444445,9375.0,0.013020833333333334
10.0,0.16666666666666666,5.6,False,420.0,0.0,20000.0,0.0,25.0,0.02863115582388829,29.109952535479017,29.52559160323239,1.1796726484725117,299.2247961453774,101325.00669178028,0.0066917802760144696,596.6160245858342,25.0,15288.557524203752,298.6503666462093,25.50036664620933,30.0,101325.0,314.90887035968285,26.074796145377434,6.944444444444445,9375.0,0.026041666666666668
15.0,0.25,6.4,False,480.0,0.0,20000.0,0.0,25.0,-0.016781851964674372,29.12949329204498,29.48824748330171,1.1795298993320684,299.26098239303633,101324.99770097506,-0.0022990249417489395,594.9493763153928,25.0,15286.707495343608,298.6505591302652,25.50055913026523,30.0,101325.0,313.99117182931656,26.110982393036352,6.944444444444445,9375.0,0.0390625
20.0,0.3333333333333333,7.2,False,540.0,0.0,20000.0,0.0,25.0,-0.03909872385366464,29.155479015302138,29.484756042041926,1.179390241681677,299.2963893509124,101324.987520733,-0.012479266995796934,593.2994562793056,25.0,15284.897532194535,298.65075754432416,25.500757544324188,30.0,101325.0,313.08333431621105,26.146389350912443,6.944444444444445,9375.0,0.052083333333333336
25.0,0.4166666666666667,8.0,False,600.0,0.0,20000.0,0.0,25.0,-0.0866998043921568,29.210905623106658,29.48133244908152,1.1792532979632608,299.331001479433,101324.93863790954,-0.06136209046235308,591.6661607859048,25.0,15283.122741603862,298.6509617590959,25.5009617590959,30.0,101325.0,312.1851931747238,26.181001479433007,6.944444444444445,9375.0,0.06510416666666667
30.0,0.5,8.8,False,660.0,0.0,20000.0,0.0,25.0,-0.10791095383827937,29.235603845250637,29.47798609922394,1.1791194439689576,299.36488206605776,101324.90494062075,-0.09505937925132457,590.0492947039008,25.0,15281.38799383769,298.6511716478738,25.501171647873832,30.0,101325.0,311.2967356641966,26.214882066057783,6.944444444444445,9375.0,0.078125
35.0,0.5833333333333334,9.600000000000001,False,720.0000000000001,0.0,20000.0,0.0,25.0,-0.10007559760457956,29.226480371328176,29.4747219035576,1.178988876142304,299.39807471744757,101324.91824387563,-0.08175612437480595,588.448694966133,25.0,15279.695834804259,298.65138708693524,25.501387086935267,30.0,101325.0,310.41791782794604,26.248074717447594,6.944444444444445,9375.0,0.09114583333333333
40.0,0.6666666666666666,10.4,False,780.0,0.0,20000.0,0.0,25.0,-0.04375220813920391,29.1608975235692,29.471539423664474,1.178861576946579,299.4306005977275,101324.98437342272,-0.015626577282091603,586.8642081416784,25.0,15278.046037227661,298.65160795512065,25.501607955120676,30.0,101325.0,309.5486442209866,26.280600597727528,6.944444444444445,9375.0,0.10416666666666667
45.0,0.75,11.2,False,840.0,0.0,20000.0,0.0,25.0,-0.09065764982624809,29.215514130815823,29.468402010379663,1.1787360804151865,299.4623279796847,101324.93290767778,-0.06709232222056016,585.2958508225216,25.0,15276.419602180818,298.651834134131,25.501834134131002,30.0,101325.0,308.68852998012335,26.31232797968471,6.944444444444445,9375.0,0.1171875
50.0,0.8333333333333334,12.0,False,900.0,0.0,20000.0,0.0,25.0,-0.09856028114478697,29.224715939719346,29.465340402457496,1.1786136160982998,299.49340765186565,101324.9207009876,-0.07929901240277104,583.7433432035484,25.0,15274.832464633966,298.6520655080011,25.502065508001124,30.0,101325.0,307.8377421795647,26.343407651865675,6.944444444444445,9375.0,0.13020833333333334
55.0,0.9166666666666666,12.8,False,960.0,0.0,20000.0,0.0,25.0,-0.06129528290674708,29.181324646521585,29.462357518445554,1.1784943007378221,299.52387328278303,101324.96932970035,-0.030670299645862542,582.2065246945641,25.0,15273.286137562174,298.6523019634343,25.50230196343432,30.0,101325.0,306.99621762721256,26.37387328278305,6.944444444444445,9375.0,0.14322916666666666
60.0,1.0,13.6,False,1020.0,0.0,20000.0,0.0,25.0,-0.11749338769155179,29.246761613036366,29.45941251644491,1.1783765006577964,299.55357363594413,101324.88730860285,-0.1126913971529575,580.685445931204,25.0,15271.759448525041,298.6525433896827,25.502543389682728,30.0,101325.0,306.16354955328603,26.403573635944156,6.944444444444445,9375.0,0.15625
65.0,1.0833333333333333,14.4,False,1080.0,0.0,20000.0,0.0,25.0,-0.09229924164977808,29.217425597218444,29.456556536593727,1.178262261463749,299.5827446217608,101324.9304559183,-0.06954408170713577,579.1797189830388,25.0,15270.278908570186,298.65278967826987,25.50278967826989,30.0,101325.0,305.340057968124,26.432744621760833,6.944444444444445,9375.0,0.16927083333333334
70.0,1.1666666666666667,15.200000000000001,False,1140.0,0.0,20000.0,0.0,25.0,-0.1086342776816487,29.23644608216057,29.453748073377607,1.1781499229351042,299.61123110018735,101324.90366198949,-0.09633801050949842,577.6894051130685,25.0,15268.823001238952,298.65304072328075,25.503040723280776,30.0,101325.0,304.52533648524667,26.461231100187376,6.944444444444445,9375.0,0.18229166666666666
75.0,1.25,16.0,False,1200.0,0.0,20000.0,0.0,25.0,-0.09935041066886506,29.225635965037057,29.451008851288396,1.1780403540515358,299.6391443884748,101324.91942445633,-0.08057554367405828,576.2142525108547,25.0,15267.402988507904,298.6532964210108,25.503296421010816,30.0,101325.0,303.7194702886592,26.489144388474813,6.944444444444445,9375.0,0.1953125
80.0,1.3333333333333333,16.8,False,1260.0,0.0,20000.0,0.0,25.098533878891317,-0.11641669397069343,29.25112459243446,29.454001225691446,1.177932770372286,299.66642231314853,101324.88936451726,-0.11063548273523338,574.7541702066387,25.004823676297335,15266.008704024827,298.65355666998494,25.50355666998496,30.0,101325.0,302.92220198890783,26.516422313148553,6.945784354527038,9380.427682955227,0.20833710255760782
85.0,1.4166666666666667,17.6,False,1320.0,0.0,20000.0,0.0,25.259025598746234,-0.11155411171998027,29.277030100110707,29.483306561950258,1.177827741114802,299.69317093312435,101324.89841371558,-0.10158628442150075,573.3080782716996,25.031934240268964,15264.647524847833,298.6538213725771,25.503821372577136,30.0,101325.0,302.1331024113545,26.543170933124372,6.9533150667413794,9410.971930648997,0.22138668562261074
90.0,1.5,18.4,False,1380.0,0.0,20000.0,0.0,25.416258699764285,-0.11920179177882846,29.34104386945438,29.536464085054035,1.1777245920565216,299.7193764499607,101324.884007615,-0.1159923850063933,571.8746666959021,25.079262405039866,15263.31071305252,298.6540904376002,25.50409043760021,30.0,101325.0,301.35130179328644,26.569376449960714,6.96646177917774,9464.453218249228,0.23449461975379007
95.0,1.5833333333333333,19.200000000000003,False,1440.0000000000002,0.0,20000.0,0.0,25.570925608485595,-0.08636311013821431,29.377300712037915,29.60928032230543,1.1776239492387544,299.7451542680809,101324.9391135772,-0.060886422797921114,570.4527040537431,25.14323892737203,15262.006382134257,298.6543637799462,25.50436377994623,30.0,101325.0,300.5763057038782,26.595154268080933,6.984233035381119,9537.068839191084,0.24769012118256806
100.0,1.6666666666666667,20.0,False,1500.0,0.0,20000.0,0.0,25.722593321323643,-0.08011048897204841,29.46041771922921,29.698202650090106,1.1775247455911546,299.7704322202206,101324.94761069026,-0.052389309741556644,569.0414253687402,25.220873498654733,15260.720702861363,298.65464132014057,25.504641320140593,30.0,101325.0,299.80743308903345,26.620432220220607,7.005798194070759,9625.684480796686,0.2609975887658929
105.0,1.75,20.8,False,1560.0,0.0,20000.0,0.0,25.871523522566918,-0.09144707734496942,29.576998364972745,29.800276231524713,1.1774270673417617,299.7952539204278,101324.93173413914,-0.06826586085662711,567.6401013539839,25.30965786169993,15259.454792749231,298.65492298288615,25.50492298288617,30.0,101325.0,299.04431749695186,26.64525392042782,7.030460517138869,9727.6978695037,0.2744374376202682
110.0,1.8333333333333333,21.6,False,1620.0,0.0,20000.0,0.0,26.017853764324514,-0.11399789961665542,29.71717279385094,29.91302259217224,1.1773308518798424,299.81964229405406,101324.89391411333,-0.10608588666946162,566.2481645925817,25.407490633928568,15258.207840362758,298.65520869685446,25.50520869685448,30.0,101325.0,298.2866399879011,26.669642294054086,7.057636287202381,9840.939748876577,0.2880267692996989
115.0,1.9166666666666667,22.400000000000002,False,1680.0000000000002,0.0,20000.0,0.0,26.16189759144254,-0.12422406673929023,29.851480092917097,30.034371213096698,1.1772363565679351,299.84364959857373,101324.87402760198,-0.12597239801834803,564.865140987129,25.512609295093153,15256.98318112044,298.6554983936836,25.505498393683638,30.0,101325.0,297.53421193852813,26.693649598573757,7.086835915303654,9963.590848484077,0.301779915547866
120.0,2.0,23.2,False,1740.0,0.0,20000.0,0.0,26.30388097227103,-0.1121089819039527,29.966538497972646,30.162587034265268,1.1771437270164686,299.8673134953785,101324.89740062185,-0.10259937815135345,563.4906481509238,25.623538011550973,15255.782702133434,298.65579200794946,25.50579200794948,30.0,101325.0,296.7868643363353,26.717313495378505,7.117649447653048,10094.12170614513,0.3157088825996919
125.0,2.0833333333333335,24.0,False,1800.0,0.0,20000.0,0.0,26.443629794587196,-0.10099701832680623,30.08808959532939,30.296201617075777,1.1770525268763345,299.8906049657645,101324.91673144726,-0.08326855274208356,562.1245287087612,25.739039614039932,15254.600748317294,298.65608947643284,25.506089476432862,30.0,101325.0,296.04440004861607,26.740604965764533,7.149733226122203,10231.239834590131,0.32982371700298024
130.0,2.1666666666666665,24.8,False,1860.0,0.0,20000.0,0.0,26.581151606482422,-0.09859389492552319,30.22390048781558,30.433992215595527,1.1769626184300115,299.91352526774705,101324.92064688884,-0.0793531111557968,560.7666201522147,25.858078871011564,15253.43553485295,298.6563907380996,25.50639073809964,30.0,101325.0,295.30669529605103,26.76352526774707,7.182799686392101,10373.851282335858,0.34413280805640106
135.0,2.25,25.6,False,1920.0,0.0,20000.0,0.0,26.716490437529615,-0.10668934050404429,30.375045444045877,30.57493644253319,1.1768739482548338,299.93608173958825,101324.9070806908,-0.0929193092015339,559.4168314716538,25.979788649304574,15252.286369382648,298.65669573358093,25.506695733580955,30.0,101325.0,294.5736854383307,26.78608173958827,7.216607958140159,10521.025941259039,0.35864313946167525
140.0,2.3333333333333335,26.400000000000002,False,1980.0000000000002,0.0,20000.0,0.0,26.85023513974386,-0.07462591390830375,30.481728826446403,30.71822894422945,1.176787042485884,299.9583725232906,101324.95453855488,-0.04546144511550665,558.0740547312149,26.103473130821737,15251.160070617056,298.6570044102611,25.507004410261118,30.0,101325.0,293.8449152764028,26.808372523290643,7.250964758561594,10672.00784333259,0.3733605240343083
145.0,2.4166666666666665,27.2,False,2040.0,0.0,20000.0,0.0,26.981771474706306,-0.08490107314487234,30.639307580598015,30.863132892212437,1.1767008868565285,299.98029524578436,101324.94115761452,-0.0588423854787834,556.7385589387748,26.228528623498423,15250.04349366061,298.65731671334686,25.50731671334688,30.0,101325.0,293.1202697863038,26.830295245784384,7.285702395416228,10826.12493558907,0.3882897829085594
150.0,2.5,28.0,False,2100.0,0.0,20000.0,0.0,27.111401826769907,-0.08993606158891186,30.791775696263883,31.00905175787769,1.1766160616398982,300.0019003044616,101324.93397146797,-0.06602853203366976,555.4109141839853,26.354435205192676,15248.944158853079,298.65763258606376,25.507632586063778,30.0,101325.0,292.4001911124083,26.85190030446165,7.320676445886854,10982.782691013323,0.4034348576492556
155.0,2.5833333333333335,28.8,False,2160.0,0.0,20000.0,0.0,27.2391621056463,-0.09027553893302802,30.939265078655495,31.155477812145584,1.1765325485214992,300.02319368427436,101324.93347205772,-0.0665279422828462,554.091166811471,26.480761498096598,15247.86182883863,298.65795197331363,25.507951973313652,30.0,101325.0,291.6846958460942,26.873193684274383,7.3557670828046104,11141.474222118553,0.41879892495004156
160.0,2.6666666666666665,29.6,False,2220.0,0.0,20000.0,0.0,27.365403343147705,0.007775049669725934,30.98132759784873,31.311163287143657,1.1764508238913758,300.0442338905246,101325.0004934808,0.0004934807948302478,552.7792800709095,26.607160867137186,15246.802677632231,298.6582748233796,25.508274823379622,30.0,101325.0,290.97387925941337,26.894233890524617,7.390878018649218,11301.780193084684,0.4343845182939327
165.0,2.75,30.400000000000002,False,2280.0,0.0,20000.0,0.0,27.489269749881828,-0.06663199750759619,31.205835613976273,31.448283773977145,1.1763694578087867,300.06487829164695,101324.96375654619,-0.03624345381103922,551.4754266390597,26.733339228779023,15245.748173201875,298.6586010843635,25.508601084363534,30.0,101325.0,290.2674753928221,26.91487829164697,7.425927563549729,11463.332206172394,0.4501936241267501
170.0,2.8333333333333335,31.2,False,2340.0,0.0,20000.0,0.0,27.611452211008782,-0.07550525939461702,31.36253207724077,31.594005702551822,1.1762895100147142,300.0852420351681,101324.9534608637,-0.04653913629590534,550.1796660049429,26.859038896093374,15244.712049790694,298.6589307028449,25.508930702844907,30.0,101325.0,289.56577492630373,26.93524203516813,7.460844137803715,11625.794842507456,0.4662277401327778
175.0,2.9166666666666665,32.0,False,2400.0,0.0,20000.0,0.0,27.731871731851356,-0.07999458984331749,31.51334314061051,31.738951661243107,1.1762107780222757,300.10531195530854,101324.94776216813,-0.052237831871025264,548.8920179070142,26.98406803805195,15243.691683168694,298.65926363027893,25.50926363027895,30.0,101325.0,288.8687351831451,26.95531195530856,7.495574455014431,11788.906413117587,0.48248794933807293
180.0,3.0,32.8,False,2460.0,0.0,20000.0,0.0,27.850455038425594,-0.09411980687693734,31.67438608706417,31.882908121814094,1.1761330889604278,300.1250758397376,101324.9276854037,-0.07231459629838355,547.6125820889511,27.10824856564071,15242.684832927143,298.6595998151409,25.509599815140916,30.0,101325.0,288.17636333694657,26.9750758397376,7.530069046011309,11952.414011637065,0.4989749774108192
185.0,3.0833333333333335,33.6,False,2520.0,0.0,20000.0,0.0,27.967430144706213,-0.09076128803686999,31.813924857648292,32.0257244916091,1.1760567522231833,300.14457169078435,101324.9327541926,-0.06724580739683006,546.3414100019468,27.23144476749834,15241.695508812454,298.65993920874564,25.509939208745664,30.0,101325.0,287.4887594459882,26.99457169078437,7.564290213193983,12116.112603215606,0.5156892320044669
190.0,3.1666666666666665,34.400000000000006,False,2580.0000000000005,0.0,20000.0,0.0,28.082542419392553,-0.10504922710699596,31.972736649653946,32.16725957813762,1.1759813178735445,300.16375706989874,101324.90991559089,-0.09008440910838544,545.0786379129279,27.353546429039977,15240.717879641137,298.6602817631207,25.5102817631207,30.0,101325.0,286.8058823225801,27.01375706989876,7.598207341399994,12279.824899890098,0.5326308552705126
195.0,3.25,35.2,False,2640.0,0.0,20000.0,0.0,28.196149528395836,-0.09661053550785978,32.10369836971785,32.307414282486995,1.1759073021317172,300.18269158806595,101324.9238073831,-0.0761926169070648,543.8242995311643,27.47445672283795,15239.758635627055,298.66062742977664,25.51062742977666,30.0,101325.0,286.1278729317904,27.032691588065973,7.631793534121653,12443.386500684497,0.5497997520764671
200.0,3.3333333333333335,36.0,False,2700.0,0.0,20000.0,0.0,28.307879368089175,-0.11129861896187011,32.26010991926043,32.44607926333017,1.1758340707150585,300.20131322801484,101324.89887850953,-0.10112149047199637,542.5785510697193,27.594096881032524,15238.809556467158,298.6609761607898,25.510976160789824,30.0,101325.0,285.45465624871713,27.051313228014862,7.6650269113979235,12606.65316323788,0.5671956129541911
205.0,3.4166666666666665,36.8,False,2760.0,0.0,20000.0,0.0,28.418200409753922,-0.09805567230080345,32.382453727600485,32.58320777185586,1.1757623198323477,300.2197000682923,101324.92151089902,-0.07848910098255146,541.3414080769061,27.712410256948797,15237.879665027227,298.66132791001485,25.51132791001487,30.0,101325.0,284.7864069287384,27.06970006829232,7.697891738041332,12769.507559206299,0.5848179467892217
210.0,3.5,37.6,False,2820.0,0.0,20000.0,0.0,28.52669251194243,-0.1066949371912225,32.52867141841523,32.71871949858402,1.1756913412272574,300.2377820853237,101324.90707094186,-0.09292905814072583,540.1130309853463,27.82934461729577,15236.959782305255,298.6616826305562,25.51168263055621,30.0,101325.0,284.1230349185476,27.087782085323738,7.730373504804381,12931.835954189333,0.6026661020068576
215.0,3.5833333333333335,38.4,False,2880.0,0.0,20000.0,0.0,28.63382206896074,-0.0845747879793265,32.637423448233484,32.852590237100266,1.1756218285895543,300.25563701149343,101324.94160902235,-0.05839097764692269,538.8934333946497,27.944862402321142,15236.058898520623,298.66204027679817,25.51204027679819,30.0,101325.0,283.46471252492245,27.105637011493457,7.76246177842254,13093.542945375259,0.6207392817982219
220.0,3.6666666666666665,39.2,False,2940.0,0.0,20000.0,0.0,28.73904036398733,-0.10137612400949575,32.78981762739348,32.98476656575506,1.17555287470332,300.27317339399787,101324.91610515495,-0.08389484505460132,537.682789314304,28.058939138811247,15235.165256155025,298.662400804479,25.512400804479,30.0,101325.0,282.81130979913166,27.123173393997888,7.794149760780902,13254.550116169901,0.6390365686465171
225.0,3.75,40.0,False,3000.0,0.0,20000.0,0.0,28.843032049974,-0.07132736420663079,32.88594714259186,33.115243308840455,1.1754855164674543,300.2905053416623,101324.95846862951,-0.04153137048706412,536.4810737903513,28.171545157236583,15234.292293418206,298.6627641675758,25.512764167575824,30.0,101325.0,282.16306077669316,27.140505341662333,7.825429210343495,13414.770712949092,0.6575569303334053
230.0,3.8333333333333335,40.800000000000004,False,3060.0000000000005,0.0,20000.0,0.0,28.944849759408612,-0.11964504607669481,33.07160614112959,33.24397006557542,1.1754182189348403,300.3074749599014,101324.88314337101,-0.11685662898526061,535.2885149125232,28.282673800735353,15233.42011739553,298.66313032349876,25.513130323498785,30.0,101325.0,281.5197144048447,27.157474959901435,7.8562982779820425,13574.150005411318,0.6762992363878222
235.0,3.9166666666666665,41.6,False,3120.0,0.0,20000.0,0.0,29.04575123409836,-0.09362523008544431,33.16896731825884,33.37098303508177,1.175352925871689,300.3242918723497,101324.9284433983,-0.07155660170246847,534.1049933447177,28.392308642387142,15232.573919297089,298.66349922771786,25.513499227717887,30.0,101325.0,280.8816715157877,27.174291872349727,7.886752400663095,13732.61904931871,0.6952622704536069
240.0,4.0,42.4,False,3180.0,0.0,20000.0,0.0,29.144728930207407,-0.11237916273612329,33.316712327235926,33.49622524578362,1.1752880035438062,300.34078815503455,101324.89690550027,-0.10309449973283336,532.9307378847752,28.50044001536949,15231.73252592773,298.6638708364506,25.51387083645062,30.0,101325.0,280.2486588839779,27.190788155034568,7.916788893158192,13890.118334403393,0.7144447269700807
245.0,4.083333333333333,43.2,False,3240.0,0.0,20000.0,0.0,29.242439078684242,-0.10407429100641304,33.431207606653246,33.61973389155765,1.1752244509445833,300.3570731797807,101324.9115799343,-0.08842006570193917,531.7657164808074,28.60707489921256,15230.9088842418,298.66424510871104,25.514245108711066,30.0,101325.0,279.6208959538597,27.207073179780707,7.946409694225711,14046.612749210462,0.7338452346670347
250.0,4.166666666666667,44.0,False,3300.0,0.0,20000.0,0.0,29.338459478547065,-0.11740734374586724,33.56914481434512,33.741478467263455,1.1751615572700156,300.3730765797578,101324.88747359702,-0.11252640298334882,530.6100582177168,28.712204086770267,15230.093782219401,298.664622000718,25.51462200071802,30.0,101325.0,278.99827891555117,27.223076579757844,7.975612246325075,14202.043786934497,0.7534623572615798
255.0,4.25,44.800000000000004,False,3360.0000000000005,0.0,20000.0,0.0,29.433110286371516,-0.11983628284355573,33.692637265304704,33.86147813593601,1.1750997882683922,300.38885171439523,101324.88276951277,-0.11723048723069951,529.463775837849,28.815832045918185,15229.293255958364,298.66500147106217,25.51500147106219,30.0,101325.0,278.38092299178334,27.238851714395253,8.00439779053283,14356.373314167162,0.773294591359567
260.0,4.333333333333333,45.6,False,3420.0,0.0,20000.0,0.0,29.526306439775453,-0.1223342337210672,33.814476746237276,33.97974336932056,1.1750389713576075,300.4043844066292,101324.87783130824,-0.12216869175608736,528.3269388862396,28.917971401460246,15228.505068794593,298.6653834797594,25.515383479759407,30.0,101325.0,277.76882144124096,27.254384406629242,8.032769833738957,14509.576014032538,0.7933403895041502
265.0,4.416666666666667,46.4,False,3480.0,0.0,20000.0,0.0,29.61815428680916,-0.11637163739522303,33.92473009677893,34.096276990403055,1.1749792316321732,300.41969238113484,101324.88945013886,-0.11054986114322674,527.1995850309453,29.018620987061734,15227.730841952964,298.66576798477286,25.51576798477288,30.0,101325.0,277.1620213511569,27.26969238113486,8.060728051961593,14661.606553976557,0.8135981551763787
270.0,4.5,47.2,False,3540.0,0.0,20000.0,0.0,29.708503619278076,-0.11840195068385477,34.04257795105836,34.211094067871294,1.1749202948621464,300.434750603213,101324.88555900469,-0.11444099531217944,526.081784418683,29.11779992010887,15226.967021413417,298.66615494774834,25.516154947748362,30.0,101325.0,276.560492657037,27.284750603213013,8.088277755585798,14812.45086993933,0.8340662506096536
275.0,4.583333333333333,48.0,False,3600.0,0.0,20000.0,0.0,29.797327690307498,-0.13219746682459743,34.172414486331114,34.324194355810754,1.1748620759374586,300.4495546150512,101324.85733738584,-0.14266261416196357,524.9735853517138,29.215509683059967,15226.212504149464,298.66654432765995,25.51654432765997,30.0,101325.0,275.964238797952,27.29955461505125,8.115419356405546,14962.068962656282,0.8547430004934006
280.0,4.666666666666667,48.800000000000004,False,3660.0000000000005,0.0,20000.0,0.0,29.885264727148183,-0.09625721892633228,34.242646849986706,34.43562568603914,1.1748055451405472,300.464210787858,101324.92436365555,-0.075636344452505,523.8749388153403,29.311766384214206,15225.479865021493,298.6669360860932,25.51693608609321,30.0,101325.0,275.3734596247335,27.31421078785803,8.142157328948391,15110.44388444555,0.8756266899705546
285.0,4.75,49.6,False,3720.0,0.0,20000.0,0.0,29.9709984915645,-0.1443971198928493,34.40910394889106,34.54534047098549,1.1747485819559624,300.47849974859406,101324.82979160626,-0.17020839374163188,522.7860656645137,29.406581971324723,15224.741622149273,298.6673301844944,25.517330184494426,30.0,101325.0,274.7877719954353,27.328499748594083,8.168494992034645,15257.553239711295,0.8967155768623303
290.0,4.833333333333333,50.4,False,3780.0,0.0,20000.0,0.0,30.05592051580652,-0.14083507140269957,34.51369447042831,34.65341575228482,1.1746933456278876,300.49265341930106,101324.83808557276,-0.16191442724084482,521.7068049742217,29.499967699027152,15224.025759337424,298.6677265843162,25.51772658431622,30.0,101325.0,274.20759524357425,27.342653419301087,8.194435471951987,15403.374402196485,0.9180078877247662
295.0,4.916666666666667,51.2,False,3840.0,0.0,20000.0,0.0,30.139542661987434,-0.13467649744319435,34.61361578295085,34.75984754358357,1.174639025765795,300.50659044366455,101324.85193666152,-0.14806333847809583,520.6372541923613,29.59193997570633,15223.321773924703,298.66812524840793,25.518125248407955,30.0,101325.0,273.6327885898576,27.356590443664572,8.219983326585092,15547.893693374057,0.9395018239022458
300.0,5.0,52.0,False,3900.0,0.0,20000.0,0.0,30.22169719756323,-0.14181606179067835,34.72739861216396,34.86465055177423,1.1745853195986866,300.5202828662605,101324.83582207852,-0.1641779214842245,519.5774609689317,29.682518562113668,15222.62574199898,298.6685261406945,25.51852614069452,30.0,101325.0,273.06330466587946,27.37028286626054,8.245144045031575,15691.103771425169,0.9611955721416896
305.0,5.083333333333333,52.800000000000004,False,3960.0000000000005,0.0,20000.0,0.0,30.302801518820274,-0.12792711090986306,34.815076352202446,34.96784683757582,1.174532843701328,300.5338002531367,101324.86640534118,-0.1335946588224033,518.5273915552214,29.77170627888188,15221.945654369212,298.66892922242033,25.518929222420354,30.0,101325.0,272.49926720876795,27.383800253136712,8.269918410800521,15832.971406105695,0.9830872910149749
310.0,5.166666666666667,53.6,False,4020.0,0.0,20000.0,0.0,30.382405072095025,-0.13382283676397355,34.92420022800321,35.0694432636056,1.1744808494567733,300.5470675120158,101324.85380774172,-0.14619225828209892,517.4871239464982,29.85952753493264,15221.271808959782,298.669334459041,25.519334459041033,30.0,101325.0,271.9405414506549,27.397067512015838,8.294313204147956,15973.498499191866,1.0051751173380983
315.0,5.25,54.4,False,4080.0,0.0,20000.0,0.0,30.460693507901965,-0.14418657490873066,35.03694736017608,35.16945965766062,1.1744295896652919,300.5601155846503,101324.83028760503,-0.169712394970702,516.4566478631581,29.945992477662102,15220.607482062182,298.6697418140533,25.519741814053305,30.0,101325.0,271.38717905026505,27.410115584650327,8.31833124379503,16112.665227168049,1.027457175481404
320.0,5.333333333333333,55.2,False,4140.0,0.0,20000.0,0.0,30.53786663115943,-0.14382342391199107,35.135648963784156,35.267929127062565,1.1743793431030545,300.5729777718599,101324.83114141008,-0.1688585899246391,515.435948458978,30.03112182974401,15219.956286615585,298.6701512531706,25.52015125317064,30.0,101325.0,270.8392348092155,27.422977771859905,8.341978286040003,16250.469684958947,1.0499315747259366
325.0,5.416666666666667,56.0,False,4200.0,0.0,20000.0,0.0,30.613820256769714,-0.14306545694358372,35.2323519700479,35.36486240633137,1.1743299055751166,300.5856367094616,101324.83291653085,-0.1670834691467462,514.425047568272,30.114929576805565,15219.315576253512,298.6705627413309,25.520562741330934,30.0,101325.0,270.2966711526507,27.43563670946162,8.365258215779324,16386.900100886352,1.0725964148549958
330.0,5.5,56.800000000000004,False,4260.0,0.0,20000.0,0.0,30.688569354490255,-0.14210319916331524,35.32729562346075,35.46027697975657,1.1742812618432452,300.598094892415,101324.83515657786,-0.16484342214243952,513.4239480497126,30.197430659921544,15218.685153488457,298.67097624413975,25.520976244139774,30.0,101325.0,269.75948433394524,27.448094892415043,8.38817518331154,16521.94714518254,1.0954497809980992
335.0,5.583333333333333,57.6,False,4320.0,0.0,20000.0,0.0,30.7621824356429,-0.13649700978950327,35.41533473550878,35.55419992901363,1.1742334835193589,300.6103637392738,101324.84790666382,-0.1520933361753123,512.4326427437055,30.27864596609203,15218.06594641089,298.67139172869093,25.521391728690958,30.0,101325.0,269.2276853039966,27.460363739273816,8.410734990581119,16655.612199129013,1.1184897527649822
340.0,5.666666666666667,58.4,False,4380.0,0.0,20000.0,0.0,30.834317407439244,-0.1558254154189687,35.53092079594229,35.64662439063845,1.174185989060565,300.6223862345732,101324.80178318293,-0.1982168170652585,511.4511724937462,30.358584349280445,15217.450418224924,298.67180916062466,25.521809160624684,30.0,101325.0,268.70116066060604,27.472386234573207,8.432940097022346,16787.87777820789,1.1417143985825773
345.0,5.75,59.2,False,4440.0,0.0,20000.0,0.0,30.90558537522793,-0.1519742878386344,35.6180566349386,35.73760600256613,1.1741397093571455,300.63426422920463,101324.81145972111,-0.18854027889028657,510.47945703203317,30.437268851193924,15216.850633268605,298.67222850820355,25.52222850820357,30.0,101325.0,268.18007985473974,27.484264229204655,8.454796903109424,16918.75072208298,1.165121779485557
350.0,5.833333333333333,60.0,False,4500.0,0.0,20000.0,0.0,30.97572885018701,-0.14674812985660998,35.70215483576457,35.82715534474884,1.1740942007591324,300.6459548083645,101324.82420397048,-0.17579602952173445,509.5175209395784,30.51471962095045,15216.260841838355,298.6726497398264,25.52264973982642,30.0,101325.0,267.66435246790843,27.495954808364502,8.47631100581957,17048.23416624557,1.1887099634357852
355.0,5.916666666666667,60.800000000000004,False,4560.0,0.0,20000.0,0.0,31.044709363318475,-0.14468383053112957,35.78850591682569,35.91527749925348,1.1740493618192231,300.65745156055306,101324.82911501374,-0.17088498626253568,508.56535886345404,30.590943334445264,15215.67972917713,298.67307282205815,25.523072822058168,30.0,101325.0,267.1539510108803,27.50745156055308,8.497484259568129,17176.309578545744,1.2124770077030014
360.0,6.0,61.6,False,4620.0,0.0,20000.0,0.0,31.112506246753924,-0.148850868943473,35.88070722199632,36.00199412225267,1.1740051239893405,300.66875104112563,101324.81912994951,-0.18087005049164873,507.6229598971478,30.66595995758154,15215.106406901854,298.6734977242473,25.523497724247306,30.0,101325.0,266.64885274127494,27.518751041125654,8.518322210439315,17302.981488207228,1.2364209598326912
365.0,6.083333333333333,62.4,False,4680.0,0.0,20000.0,0.0,31.17920362024563,-0.15355012465956827,35.97215190070242,36.08733798600066,1.173961586247363,300.6798672700409,101324.807529463,-0.1924705370038282,506.6902981829915,30.739794562917478,15214.542157765824,298.67392441690174,25.523924416901764,30.0,101325.0,266.1490651760064,27.52986727004094,8.538831823032632,17428.264107634703,1.2605398803853591
370.0,6.166666666666667,63.2,False,4740.0,0.0,20000.0,0.0,31.244862565437188,-0.15553876589219232,36.05906556572001,36.17131266982418,1.1739188036736343,300.69081042757284,101324.80251177392,-0.19748822608380578,505.76734887405786,30.812448490160065,15213.9876956103,298.67435286706575,25.524352867065772,30.0,101325.0,265.6545862832419,27.540810427572865,8.559013469488908,17552.132236681708,1.2848318222911344
375.0,6.25,64.0,False,4800.0,0.0,20000.0,0.0,31.309593483413778,-0.14748351298430243,36.13293672669167,36.25395042542242,1.1738769169961831,300.7015989139023,101324.82243766039,-0.17756233960972168,504.8540786977445,30.883945242054963,15213.444844270532,298.67478304594994,25.52478304594996,30.0,101325.0,265.1654288826989,27.551598913902296,8.5788736783486,17674.59909568393,1.3092948301608327
380.0,6.333333333333333,64.80000000000001,False,4860.000000000001,0.0,20000.0,0.0,31.373113684088253,-0.1526207956644088,36.22084586089112,36.33526089220411,1.1738354443599677,300.7121856140147,101324.80985218556,-0.19014781444275286,503.95049691112183,30.95430544953076,15212.90735890518,298.6752149248451,25.525214924845102,30.0,101325.0,264.6814875430906,27.56218561401471,8.598418180425211,17795.674019302794,1.3339269642684624
385.0,6.416666666666667,65.6,False,4920.0,0.0,20000.0,0.0,31.43560066603743,-0.1581405159848199,36.30789403417343,36.41526914547911,1.173794630378367,300.7226001110062,101324.79584960983,-0.20415039017098024,503.0565577997685,31.023543815105732,15212.378409703637,298.6756484743995,25.52564847439953,30.0,101325.0,264.2027922725556,27.57260011100624,8.617651059751593,17915.357029766874,1.358726291385872
390.0,6.5,66.4,False,4980.0,0.0,20000.0,0.0,31.49728248338397,-0.14800462203150455,36.375418087146585,36.493997130195154,1.1737547986241466,300.7328804138973,101324.82118066822,-0.17881933177704923,502.1722086060909,31.09167023042013,15211.86219016894,298.6760836650152,25.52608366501522,30.0,101325.0,263.72938674853356,27.58288041389733,8.636575064005592,18033.640538245334,1.3836908730303248
395.0,6.583333333333333,67.2,False,5040.0,0.0,20000.0,0.0,31.557692567594813,-0.1591858702449211,36.466498503613785,36.57145088373284,1.173715178573835,300.7429487612658,101324.79314170379,-0.20685829620924778,501.2974713030276,31.15871001018348,15211.3487143169,298.6765204700723,25.52652047007234,30.0,101325.0,263.2611080053175,27.592948761265802,8.655197225050966,18150.544513047775,1.4088187793159448
400.0,6.666666666666667,68.0,False,5100.0,0.0,20000.0,0.0,31.617356226738366,-0.15261708361280743,36.535657804692136,36.647667763448815,1.1736765651121404,300.75289270445637,101324.80986143502,-0.19013856498349924,500.4322563390898,31.224673690189316,15210.84828385334,298.67695886091684,25.526958860916864,30.0,101325.0,262.7980862386691,27.602892704456394,8.673520469497033,18266.064041274727,1.4341080908120023
405.0,6.75,68.8,False,5160.0,0.0,20000.0,0.0,31.675781477499868,-0.16655889035270777,36.62746553105108,36.72264174176994,1.173638145203756,300.76263024624996,101324.77353580444,-0.22646419555530883,499.5765835245218,31.28957753447465,15210.350361840678,298.6773988103672,25.52739881036723,30.0,101325.0,262.3401484532936,27.612630246249978,8.691549315131846,18380.2049059593,1.4595568886920258
410.0,6.833333333333333,69.6,False,5220.0,0.0,20000.0,0.0,31.733570326010067,-0.1575494968361466,36.69133595480072,36.796423081257174,1.1736008384881287,300.77226172100166,101324.79737270242,-0.20262729757814668,498.7303522965207,31.353439665789214,15209.866866806147,298.67784029194604,25.527840291946063,30.0,101325.0,261.8874463447657,27.622261721001678,8.70928879605256,18492.97693833893,1.4851632649727884
415.0,6.916666666666667,70.4,False,5280.0,0.0,20000.0,0.0,31.79032082546587,-0.15616954076448494,36.76289302423353,36.8690070769384,1.1735639742329607,300.7817201375776,101324.80090673092,-0.19909326908236835,497.8935685073932,31.41627374940162,15209.38910605917,298.67828327888685,25.528283278886875,30.0,101325.0,261.4398318269258,27.631720137577645,8.726742708167116,18604.382849783608,1.5109253203812067
420.0,7.0,71.2,False,5340.0,0.0,20000.0,0.0,31.845969483263843,-0.1681939835398441,36.84888122741566,36.94041001979527,1.1735274190772131,300.7909949138773,101324.76906762368,-0.23093237631837837,497.06619908273143,31.478097076626337,15208.915351240683,298.67872774549767,25.52872774549769,30.0,101325.0,260.9972569087115,27.640994913877307,8.743915854618427,18714.432478551436,1.5368411643592172
425.0,7.083333333333333,72.0,False,5400.0,0.0,20000.0,0.0,31.90088650492646,-0.1677142099617801,36.919149995043774,37.01066702298797,1.1734917258700974,300.80014775082105,101324.7703832145,-0.22961678549472708,496.24816441392323,31.538924567658142,15208.452767276462,298.67917366609095,25.52917366609097,30.0,101325.0,260.5598017392179,27.650147750821077,8.760812379905039,18823.13216686666,1.562908917585202
430.0,7.166666666666667,72.8,False,5460.0,0.0,20000.0,0.0,31.954934831924675,-0.16580774652776886,36.986614371241046,37.07978696831494,1.1734566445080947,300.80915580532076,101324.77557380564,-0.22442619435605593,495.4394364613549,31.59877030127393,15207.998112824907,298.67962101529974,25.529621015299767,30.0,101325.0,260.1273947607239,27.65915580532078,8.777436194798314,18930.487415682663,1.5891267089619725
435.0,7.25,73.60000000000001,False,5520.000000000001,0.0,20000.0,0.0,32.00812595920172,-0.16261890616084995,37.051462186606024,37.14778958607123,1.1734221614343605,300.81802099320026,101324.78412319477,-0.21587680523225572,494.63996996553146,31.657651275873928,15207.551212189313,298.6800697686671,25.530069768667147,30.0,101325.0,259.7000081078882,27.668020993200287,8.793792021076092,19036.50962976169,1.61549267913242
440.0,7.333333333333333,74.4,False,5580.0,0.0,20000.0,0.0,32.060428681875806,-0.16143918533221668,37.117543085859666,37.2146896584335,1.1733881950708547,300.82673811364594,101324.78724399542,-0.2127560045773862,493.84972249918894,31.715582119169266,15207.111008118278,298.68051990175695,25.530519901756975,30.0,101325.0,259.277600409235,27.676738113645968,8.809883921991464,19141.206624894738,1.6420049820870426
445.0,7.416666666666667,75.2,False,5640.0,0.0,20000.0,0.0,32.111861247890374,-0.1620147744542105,37.18457861388265,37.28050449369542,1.173354742585266,300.8353102079817,101324.7857241866,-0.21427581339958124,493.06864513944015,31.77257749992543,15206.677463905047,298.6809713905786,25.5309713905786,30.0,101325.0,258.8601443870617,27.68531020798173,8.825715972201507,19244.586919579873,1.6686617831595942
450.0,7.5,76.0,False,5700.0,0.0,20000.0,0.0,32.162454574670505,-0.1630972747699779,37.25113311023496,37.34525295311987,1.1733218218569235,300.8437424291117,101324.78285125684,-0.2171487431623973,492.296686400816,31.828652853329274,15206.250811265727,298.6814242116755,25.531424211675528,30.0,101325.0,258.44761600009105,27.69374242911175,8.841292459258131,19346.661047874273,1.6954612609147708
455.0,7.583333333333333,76.8,False,5760.0,0.0,20000.0,0.0,32.212228759588584,-0.164230818516865,37.31669214306998,37.40895174441163,1.1732894335946324,300.8520381265981,101324.77982235306,-0.2201776469446486,491.5337946573837,31.883822246486112,15205.831059386437,298.6818783417815,25.53187834178152,30.0,101325.0,258.03998734824273,27.702038126598097,8.856617290690586,19447.437666649366,1.7224016072443011
460.0,7.666666666666667,77.60000000000001,False,5820.000000000001,0.0,20000.0,0.0,32.261177932461464,-0.16679818265650395,37.38288314011028,37.471617231567926,1.173257538070611,300.8601963220769,101324.77288462255,-0.22711537744908128,490.77991955218204,31.938100558202205,15205.417693395117,298.6823337581775,25.532333758177515,30.0,101325.0,257.637222333068,27.71019632207691,8.871694599500612,19546.927503331703,1.7494810275012325
465.0,7.75,78.4,False,5880.0,0.0,20000.0,0.0,32.3093197044675,-0.17044813334808004,37.4493139049258,37.53326641369294,1.1732261329967744,300.86821995074456,101324.7628361946,-0.23716380540281534,490.0350072853015,31.99150219900202,15205.010683638196,298.6827904384675,25.532790438467543,30.0,101325.0,257.2392913264791,27.718219950744583,8.886528388611673,19645.14101227935,1.7766977417481846
470.0,7.833333333333333,79.2,False,5940.0,0.0,20000.0,0.0,32.35667623795041,-0.1745169662538576,37.51522793594305,37.59391605673529,1.1731952235855039,300.87611270632505,101324.75137819175,-0.24862180824857205,489.29900255166893,32.04404117998474,15204.61009766813,298.68324836059446,25.533248360594484,30.0,101325.0,256.84616557027226,27.72611270632507,8.90112254999576,19742.088476632696,1.804049984448818
475.0,7.916666666666667,80.0,False,6000.0,0.0,20000.0,0.0,32.40329872878965,-0.17644671615572347,37.57766306189027,37.6535844170992,1.1731648614590193,300.8838831214649,101324.74584943966,-0.2541505603439873,488.5718463507506,32.095731515748696,15204.21660450889,298.6837075028978,25.533707502897812,30.0,101325.0,256.45782451982546,27.73388312146494,8.915480976596859,19837.780732759198,1.8315360047331182
480.0,8.0,80.8,False,6060.0,0.0,20000.0,0.0,32.44923285955633,-0.17410483759782552,37.63415202201753,37.71228903557543,1.1731350898071384,300.89153880992603,101324.75255106551,-0.24744893448951188,487.85347935341895,32.14658683662363,15203.830763900514,298.6841678440451,25.5341678440451,30.0,101325.0,256.07424556603837,27.741538809926055,8.929607454617674,19932.228438711776,1.8591540666577506
485.0,8.083333333333334,81.60000000000001,False,6120.000000000001,0.0,20000.0,0.0,32.49447050740696,-0.16878334036221196,37.68621536412126,37.77004499421534,1.1731058670935133,300.89907841790114,101324.76744640013,-0.23255359986796975,487.14384629179455,32.19662099874617,15203.452037531933,298.6846293631303,25.534629363130307,30.0,101325.0,255.69538972546806,27.74907841790116,8.943505832985046,20025.443191155773,1.8869024497340476
490.0,8.166666666666666,82.4,False,6180.0,0.0,20000.0,0.0,32.53885131560014,-0.1724672665825763,37.74782553105978,37.82686056374438,1.1730769113115518,300.90647521926667,101324.75718401598,-0.24281598402012605,486.4429045785751,32.24584867283108,15203.076770597712,298.68509203976464,25.535092039764663,30.0,101325.0,255.32117240069513,27.75647521926669,8.957180186897522,20117.438623878228,1.9147794509944882
495.0,8.25,83.2,False,6240.0,0.0,20000.0,0.0,32.58247774498136,-0.1787719684118864,37.81156329510844,37.882755341768416,1.1730483566107028,300.9137462908302,101324.73910680253,-0.2608931974682491,485.7505868424033,32.29428277894983,15202.706701674708,298.68555585365095,25.535555853650976,30.0,101325.0,254.95158679834515,27.763746290830227,8.97063410526384,20208.225605098778,1.9427833844868332
500.0,8.333333333333334,84.0,False,6300.0,0.0,20000.0,0.0,32.62553787548825,-0.1760128445481368,37.86383736386016,37.93775252747611,1.1730204729920437,300.920922979248,101324.74709778411,-0.25290221588511486,485.0668177584966,32.34193554244422,15202.345329976886,298.68602078475135,25.536020784751372,30.0,101325.0,254.58665128076552,27.77092297924804,8.983870984012283,20297.8141663927,1.9709125787725912
505.0,8.416666666666666,84.8,False,6360.0,0.0,20000.0,0.0,32.667930278411404,-0.17172912293511366,37.91344242296343,37.99186234415603,1.1729930727603104,300.9279883797352,101324.75925802723,-0.24074197276786435,484.3915470631572,32.38882072402426,15201.990222973624,298.68648681365056,25.536486813650583,30.0,101325.0,254.226297852084,27.777988379735234,8.996894645562293,20386.21768562743,1.9991653786698274
510.0,8.5,85.60000000000001,False,6420.000000000001,0.0,20000.0,0.0,32.709458318695965,-0.18004949590974328,37.97684653490801,38.045090723672814,1.172965817958419,300.93490971978264,101324.73536472672,-0.26463527328451164,483.72473157631214,32.43495261429817,15201.63700074111,298.6869539213879,25.53695392138792,30.0,101325.0,253.87042995401475,27.78490971978266,9.00970905952727,20473.45101579838,2.027540148601373
515.0,8.583333333333334,86.4,False,6480.0,0.0,20000.0,0.0,32.750488346790576,-0.17716804610918646,38.02634249215492,38.09746816351325,1.1729392617728978,300.9417480577984,101324.74376721174,-0.25623278826242313,483.06627884011476,32.4803418259944,15201.292832576755,298.68742208875693,25.537422088756955,30.0,101325.0,253.51911818981952,27.79174805779843,9.022317173887334,20559.522499076396,2.056035269097814
520.0,8.666666666666666,87.2,False,6540.0,0.0,20000.0,0.0,32.7908454150205,-0.17552948724442685,38.07643690965197,38.14900109611298,1.1729131012705714,300.9484742358367,101324.74848489068,-0.2515151093248278,482.4161426420059,32.52500211208115,15200.953792466606,298.687891297424,25.53789129742404,30.0,101325.0,253.1722720036841,27.79847423583675,9.034722808911429,20644.446843649755,2.084649136696929
525.0,8.75,88.0,False,6600.0,0.0,20000.0,0.0,32.830435825628,-0.18212315636501925,38.13528352776878,38.19969944659668,1.172887162459634,300.95507263760464,101324.72923392584,-0.27076607415801845,481.77426878990275,32.5689466721496,15200.617625476856,298.6883615293188,25.53836152931882,30.0,101325.0,252.82982481284506,27.805072637604667,9.046929631152667,20728.2381452238,2.1133801679392024
530.0,8.833333333333334,88.8,False,6660.0,0.0,20000.0,0.0,32.869615114007956,-0.17416614498163868,38.17636571495326,38.249592648122224,1.1728619825331312,300.9616025190013,101324.75237676688,-0.24762323312461376,481.1405651692614,32.61218559195795,15200.29129362938,298.6888327662029,25.538832766202916,30.0,101325.0,252.49184344503897,27.811602519001326,9.058940442210542,20810.90496187634,2.142226795096911
535.0,8.916666666666666,89.60000000000001,False,6720.000000000001,0.0,20000.0,0.0,32.90792133564628,-0.1829775209187535,38.236169041419345,38.29867400140198,1.1728368055065865,300.96798688927436,101324.72668756603,-0.2733124339720234,480.5150071175476,32.654734078591204,15199.96499936536,298.6893049910259,25.539304991025915,30.0,101325.0,252.15815150099155,27.81798688927438,9.070759466275335,20892.4660339185,2.1711874693995465
540.0,9.0,90.4,False,6780.0,0.0,20000.0,0.0,32.945848915521196,-0.17661149851158015,38.27750621723367,38.34697873073897,1.1728123891026683,300.97430815258684,101324.74537451913,-0.2546254808694357,479.89749065847224,32.69660099692387,15199.64856277058,298.6897781860307,25.53977818603073,30.0,101325.0,251.82885684076948,27.824308152586866,9.082389165812186,20972.928344000382,2.200260659939768
545.0,9.083333333333334,91.2,False,6840.0,0.0,20000.0,0.0,32.98298002597983,-0.183282447951672,38.33324702043609,38.39450168183704,1.172788047833989,300.9804966709966,101324.72577587162,-0.274224128384958,479.287986017507,32.73780096305337,15199.333099928495,298.69025233474076,25.540252334740785,30.0,101325.0,251.50379594388994,27.830496670996638,9.093833600848157,21052.310283426432,2.2294448534310365
550.0,9.166666666666666,92.0,False,6900.0,0.0,20000.0,0.0,33.019704659205445,-0.1781123931379053,38.374434282464556,38.44127313357677,1.1727643749105674,300.9866174432009,101324.7410283707,-0.258971629300504,478.68639768553584,32.77834316591363,15199.026298840952,298.6907274201159,25.5407274201159,30.0,101325.0,251.18304542416064,27.836617443200907,9.105095323864898,21130.6201656653,2.2587385551317944
555.0,9.25,92.8,False,6960.0,0.0,20000.0,0.0,33.0556764251553,-0.18443940761985064,38.42825895307726,38.487290706885645,1.1727407985784972,300.99261273752586,101324.72230289728,-0.27769710271968506,478.09268879765193,32.81824146779652,15198.720749577324,298.6912034262087,25.54120342620871,30.0,101325.0,250.86646283989364,27.842612737525883,9.116178185499033,21207.87567055523,2.288140288351392
560.0,9.333333333333334,93.60000000000001,False,7020.000000000001,0.0,20000.0,0.0,33.09127776526816,-0.1780038130753372,38.466483437759756,38.53258398421274,1.1727179008261015,300.99854629421134,101324.74134402066,-0.2586559793417109,477.50676450205515,32.857504739263476,15198.423994706274,298.69168033657166,25.541680336571687,30.0,101325.0,250.55412243804952,27.84854629421136,9.12708464979541,21284.085164913457,2.3176485944871343
565.0,9.416666666666666,94.4,False,7080.0,0.0,20000.0,0.0,33.12610060731629,-0.18603232029423836,38.52082677140701,38.57714751269955,1.1726950129689515,301.00435010121936,101324.71748551678,-0.2825144832168007,476.9285916101246,32.89614698286512,15198.12736807761,298.69215813591677,25.542158135916793,30.0,101325.0,250.24586333836965,27.85435010121938,9.137818606351422,21359.26729943193,2.3472620336984855
570.0,9.5,95.2,False,7140.0,0.0,20000.0,20.0,33.160488439569576,-0.18438509147339016,61.851151679517095,62.074465321315266,1.172672742216043,301.0100814065949,101324.722466433,-0.2775335670012282,476.3582451377801,32.93417599526604,15197.838739119918,298.6926368082447,25.54263680824471,30.0,101325.0,249.9418540750327,27.86008140659493,9.148382220907234,21433.428983095353,2.376979183894685
575.0,9.583333333333334,96.0,False,7200.0,0.0,20000.0,20.0,33.29061482795487,-0.18483270403592536,61.90410628917753,62.12279457756173,1.1725882417945368,301.03176913799246,101324.72111731852,-0.2788826814794447,475.37158787562316,32.979206479581094,15196.743613657198,298.6931176768001,25.543117676800136,30.0,101325.0,249.40618888055175,27.881769137992478,9.160890688772527,21521.466218687754,2.4068089722292565
580.0,9.666666666666666,96.8,False,7260.0,0.0,20000.0,20.0,33.417200693243785,-0.18829974154332152,61.975494978914675,62.18625522254499,1.172505945154608,301.0528667822073,101324.71055679457,-0.2894432054308709,474.40322075930726,33.03704896297565,15195.67704920372,298.6936020254633,25.543602025463315,30.0,101325.0,248.88066140611943,27.902866782207298,9.176958045271014,21634.904941701545,2.4367786744239712
585.0,9.75,97.60000000000001,False,7320.000000000001,0.0,20000.0,20.0,33.540079255172145,-0.19226952770279962,62.059418637284075,62.26186557916405,1.172426045670798,301.07334654252867,101324.6982239079,-0.30177609210659284,473.4542238511097,33.1051538892939,15194.641551893543,298.6940897480225,25.544089748022543,30.0,101325.0,248.36587431288507,27.92334654252869,9.195876080359417,21768.980157449078,2.466920261298382
590.0,9.833333333333334,98.4,False,7380.0,0.0,20000.0,20.0,33.65945571572706,-0.19385103510680338,62.15002907475645,62.34712332636346,1.1723485147224946,301.0932426192878,101324.69323898929,-0.3067610107100336,472.52407115617916,33.181389785887674,15193.636750803531,298.6945807432237,25.54458074322372,30.0,101325.0,247.86154050922573,27.943242619287844,9.217052718302131,21919.718233089552,2.4972596351807006
595.0,9.916666666666666,99.2,False,7440.0,0.0,20000.0,20.0,33.775479181885885,-0.19269105245502083,62.24484359198271,62.43993728120848,1.1722732696483464,301.1125798636476,101324.69689925146,-0.30310074854060076,471.61229660473805,33.26397769006449,15192.661574642569,298.69507491438804,25.545074914388067,30.0,101325.0,247.36739317373048,27.962579863647647,9.239993802795693,22083.799347830813,2.527817633500784
600.0,10.0,100.0,True,7500.0,250000.0,20000.0,20.0,33.88844633053907,-0.19286064045530815,62.34687215087148,62.53854636890368,1.1721999685788862,301.1314077217565,101324.69636549684,-0.3036345031578094,470.7184912980501,33.35143153494718,15191.711592782365,298.6955721684219,25.545572168421927,30.0,101325.0,246.88314118975916,27.98140772175651,9.26428653748533,22258.438281700797,2.5586108540768477
605.0,10.083333333333334,101.33333333333333,True,7600.0,250000.0,20000.0,20.0,34.49157715721901,0.4968703805286089,62.27480485650268,63.254831688783604,1.171835621466244,301.23192952620315,101327.01534836773,2.015348367727711,469.8460162630105,33.48239986015312,15186.989654202522,298.6960794446502,25.546079444650218,30.0,101325.0,246.34894936180692,28.08192952620317,9.300666627820313,22521.690513056004,2.589708165739873
610.0,10.166666666666666,102.66666666666667,True,7700.0,250000.0,20000.0,20.0,35.06432952001637,0.4869877029043792,62.508080902291525,63.45785772967188,1.1714634732551483,301.32738825333604,101326.93597569616,1.9359756961639505,468.9899425766846,33.68274031545319,15182.166613386722,298.69660282382887,25.54660282382889,30.0,101325.0,245.8220018574668,28.177388253336062,9.356316754292553,22928.386895272157,2.6212707194956564
615.0,10.25,104.0,True,7800.0,250000.0,20000.0,20.0,35.61943192818012,0.4762853896449358,62.80629728472269,63.72572750606626,1.1711029345404662,301.41990532136333,101326.85181855012,1.8518185501161497,468.14884744304254,33.93885236344408,15177.49403164444,298.6971417665789,25.54714176657893,30.0,101325.0,245.3056197778024,28.269905321363353,9.427458989845578,23455.39268952213,2.6534816775406527
620.0,10.333333333333334,105.33333333333333,True,7900.0,250000.0,20000.0,20.0,36.15764057260333,0.46706688346498704,63.15639755714045,64.04794259019543,1.170753702119259,301.50960676210053,101326.78082835616,1.7808283561607823,467.32168236325396,34.239522960545756,15172.967979465597,298.697695790092,25.547695790092007,30.0,101325.0,244.7991701285558,28.359606762100555,9.5109786001516,24084.318741758467,2.686495366034597
625.0,10.416666666666666,106.66666666666667,True,8000.0,250000.0,20000.0,20.0,36.67947664454596,0.4578722683541821,63.54744454181659,64.41173519920996,1.1704152850204956,301.59657944075764,101326.71140419696,1.7114041969616665,466.5076448896993,34.57535911847107,15168.582093865623,298.69826442952586,25.548264429525886,30.0,101325.0,244.30211111697193,28.44657944075766,9.604266421797519,24799.98106584421,2.7204427964565436
630.0,10.5,108.0,True,8100.0,250000.0,20000.0,0.0,37.185142662102635,0.4476685886438383,40.68231393293272,41.40490246318135,1.1700874463870812,301.6808571103504,101326.63597685925,1.6359768592519686,465.7075517882784,34.93849215603271,15164.333305176571,298.6988472350217,25.548847235021697,30.0,101325.0,243.81480321403728,28.53085711035044,9.705136710009086,25589.613406970464,2.7554355703959983
635.0,10.583333333333334,109.33333333333333,True,8200.0,250000.0,20000.0,0.0,37.61122277022935,0.4399452429142142,41.12324078392753,41.829077379003884,1.1698114355491027,301.75187046170487,101326.58001483072,1.5800148307171185,465.2618023613398,35.31716578188061,15160.75620471637,298.69944285992887,25.549442859928888,30.0,101325.0,243.52397901506646,28.60187046170489,9.81032382830017,26430.707122448235,2.791560792985872
640.0,10.666666666666666,110.66666666666667,True,8300.0,250000.0,20000.0,0.0,38.02727485059688,0.43242602466735447,41.57168260353934,42.26107410132701,1.1695420587773777,301.82121247509946,101326.52646748416,1.5264674841600936,464.81937773894333,35.70229335900844,15157.265081754816,298.7000500622487,25.550050062248715,30.0,101325.0,243.23638447259083,28.67121247509948,9.917303710835679,27304.83729160322,2.828877143273408
645.0,10.75,112.0,True,8400.0,250000.0,20000.0,0.0,38.43380263603319,0.42451276199587007,42.02477779198411,42.69730775466136,1.169278933106458,301.8889671060055,101326.47111089875,1.4711108987539774,464.3783256717897,36.09141730887794,15153.854973059693,298.7006685744073,25.550668574407325,30.0,101325.0,242.95091350526096,28.738967106005532,10.02539369691054,28207.400298200646,2.8674273082663273
650.0,10.833333333333334,113.33333333333333,True,8500.0,250000.0,20000.0,0.0,38.83105878650133,0.41952612568422304,42.48012291998207,43.13925499379117,1.1690221502818965,301.95517646441687,101326.43675240924,1.4367524092376698,463.9387112234311,36.48247353564694,15150.527067653378,298.7012981318195,25.55129813181952,30.0,101325.0,242.6676150043092,28.80517646441689,10.134020426568595,29134.265840453696,2.907247909751504
655.0,10.916666666666666,114.66666666666667,True,8600.0,250000.0,20000.0,0.0,39.21891006531109,0.409957408991052,42.93571594297221,43.576114676217315,1.1687711948691424,302.0198183442185,101326.37195981377,1.3719598137686262,463.50063094778056,36.87374265780959,15147.274685504086,298.7019384749143,25.551938474914323,30.0,101325.0,242.38642833022,28.869818344218515,10.242706293836,30081.737114815787,2.9483701340259967
660.0,11.0,116.0,True,8700.0,250000.0,20000.0,20.0,39.597944399550784,0.40433262879129844,66.67783414209659,67.3867064197102,1.1685263471786715,302.08299073325844,101326.33457040576,1.334570405757404,463.063096525687,37.26377779286147,15144.101459435582,298.70258934577413,25.55258934577415,30.0,101325.0,242.10689088649195,28.932990733258464,10.351049386905965,31046.446192181436,2.9908202613225225
665.0,11.083333333333334,117.33333333333333,True,8800.0,250000.0,20000.0,20.0,40.01463895319546,0.3970715813950205,67.13355041775947,67.81993001092839,1.1682572162107736,302.15243982553255,101326.28706808777,1.2870680877676932,462.3032267095681,37.65515276599776,15140.613522091626,298.70325115570415,25.553251155704174,30.0,101325.0,241.6539324991879,29.002439825532576,10.459764657221601,32034.982565573497,3.0346268090709634
670.0,11.166666666666666,118.66666666666667,True,8900.0,250000.0,20000.0,20.0,40.41820145245981,0.3899802954686607,67.59258870360351,68.25698022974782,1.167996689884897,302.2197002420766,101326.24150719064,1.2415071906434605,461.55497097531776,38.04938072401708,15137.237100908265,298.7039242333401,25.553924233340126,30.0,101325.0,241.20900358900394,29.069700242076635,10.569272423338077,33051.71724049669,3.0798259061585123
675.0,11.25,120.0,True,9000.0,250000.0,20000.0,20.0,40.808830023371,0.38171201011197314,68.05210675302605,68.69342770375718,1.1677445316592625,302.28480500389514,101326.18942088705,1.189420887050801,460.8189004902015,38.44402070914114,15133.969130304042,298.7046082140328,25.55460821403284,30.0,101325.0,240.7723411086186,29.134805003895167,10.678894641428096,34090.83651186493,3.126452679597653
680.0,11.333333333333334,121.33333333333333,True,9100.0,250000.0,20000.0,20.0,41.18700926197948,0.37726543774521837,68.50975378882305,69.13276375668866,1.1675007767627792,302.34783487699656,101326.16187110626,1.1618711062619695,460.09498627217226,38.83705384380463,15130.810066845617,298.7053027418222,25.55530274182223,30.0,101325.0,240.34392477843,29.19783487699658,10.788070512167954,35147.14732947158,3.174534612820803
685.0,11.416666666666666,122.66666666666667,True,9200.0,250000.0,20000.0,20.0,41.55280279665294,0.36866449695199155,68.96360547815291,69.56372035087679,1.1672648053715382,302.4088004661088,101326.10949805153,1.109498051533592,459.3832213993038,39.2268274863215,15127.751877615136,298.70600747095216,25.55600747095218,30.0,101325.0,239.9236114395277,29.258800466108823,10.896340968422638,36216.0271340522,3.224092372864917
690.0,11.5,124.0,False,9300.0,120000.0,20000.0,20.0,41.90725690763031,0.36773592387304777,69.41208080215279,69.99853781293942,1.1670367599496612,302.4678761512717,101326.1039159976,1.1039159976062365,458.6836134664053,39.611983837446836,15124.796408947608,298.7067220631827,25.556722063182747,30.0,101325.0,239.51142301105463,29.31787615127172,11.003328843735233,37293.318471876766,3.275140529535701
695.0,11.583333333333334,125.33333333333333,False,9400.0,116712.5372539618,20000.0,20.0,41.990640644894256,-0.06670095123456851,69.90757077618682,69.98414372095355,1.1669700091566435,302.4817734408157,101324.96368149473,-0.03631850527017377,457.99584842816927,39.97081602082502,15123.9313186701,298.70744255970146,25.557442559701485,30.0,101325.0,239.13861308962734,29.33177344081571,11.103004450229172,38316.01144779649,3.3276470086465855
700.0,11.666666666666666,126.66666666666667,False,9500.0,113515.13626881185,20000.0,20.0,42.06946092451187,-0.059042926861098244,70.26711695299637,70.35037090130677,1.166919420650633,302.4949101540853,101324.97154230847,-0.02845769152918365,457.3207400405504,40.28725690594976,15123.275691632203,298.708165220999,25.558165220999,30.0,101325.0,238.77575957129608,29.344910154085312,11.190904696097157,39233.255301362304,3.381500666111279
705.0,11.75,128.0,False,9600.0,110405.32975551879,20000.0,20.0,42.14021206723419,0.03248994249447313,70.52358037960857,70.71147054128798,1.166874360528044,302.5067020112057,101325.00861711317,0.008617113169748336,456.658829251514,40.56655390768407,15122.691712443451,298.70888981894865,25.55888981894867,30.0,101325.0,238.42095661469625,29.356702011205698,11.268487196578906,40054.89516652863,3.436561881713981
710.0,11.833333333333334,129.33333333333334,False,9700.0,107380.71801772437,20000.0,20.0,42.20279845850007,-0.04810721728961292,70.86676555220524,70.95887271051858,1.1668338088499537,302.51713307641666,101324.98110771955,-0.018892280451836996,456.01054481182985,40.81317851121965,15122.1661626954,298.7096161303548,25.55961613035481,30.0,101325.0,238.07421424971162,29.36713307641668,11.336994030894347,40789.88741437998,3.4927040918396117
715.0,11.916666666666666,130.66666666666666,False,9800.0,104438.96710000686,20000.0,20.0,42.25814614540457,-0.028574890114643547,71.09762362339387,71.21084184471493,1.1667983706238414,302.52635769090074,101324.99333449514,-0.006665504857664928,455.3760718126536,41.03097470614506,15121.706883284985,298.7103439427469,25.560343942746897,30.0,101325.0,237.73574771148418,29.37635769090076,11.397492973929184,41446.39408979725,3.549812620661957
720.0,12.0,132.0,False,9900.0,101577.8069868737,20000.0,0.0,42.306291710887876,-0.036507566699684454,48.042791757665846,48.09795157213932,1.1667673745543616,302.5343819518146,101324.9891199802,-0.010880019806791097,454.75607011683945,41.223257198556816,15121.305174224528,298.7110730546775,25.561073054677536,30.0,101325.0,237.40575987971002,29.384381951814646,11.450904777376893,42031.816778903405,3.607783600431888
725.0,12.083333333333334,133.33333333333334,False,10000.0,98795.02985109364,20000.0,0.0,42.31977734938937,-0.07257971528966743,48.27972280129528,48.292902817293935,1.1667583365095626,302.53662955823154,101324.95699742799,-0.04300257201248314,454.41284246452875,41.39066446421584,15121.188041163932,298.71180288336956,25.56180288336958,30.0,101325.0,237.2247400061433,29.38662955823156,11.497406795615511,42545.97157125317,3.6665181756750527
730.0,12.166666666666666,134.66666666666666,False,10100.0,96088.48835001697,20000.0,0.0,42.3282042945317,-0.06750824976850903,48.4407764820459,48.45997793252779,1.166752986778024,302.5380340490886,101324.96279703031,-0.037202969688223675,454.0749799207677,41.534050893111065,15121.118708643191,298.7125328810774,25.562532881077402,30.0,101325.0,237.04727307274595,29.388034049088617,11.53723635919752,42989.67110678754,3.725917927534803
735.0,12.25,136.0,False,10200.0,93456.09396856859,20000.0,0.0,42.33163048749782,-0.06428183938015587,48.57938150904473,48.60253762811893,1.1667508245376563,302.5386050812496,101324.96626812348,-0.03373187652323395,453.7427496802635,41.65631307556904,15121.090686008025,298.7132629045468,25.563262904546832,30.0,101325.0,236.87339517883194,29.388605081249636,11.571198076546954,43370.43084469542,3.7858902205566665
740.0,12.333333333333334,137.33333333333334,False,10300.0,90895.81540763598,20000.0,0.0,42.330206835562194,-0.08071390747883761,48.71918494546573,48.723480275487894,1.166751515637531,302.538367805927,101324.94681849093,-0.05318150906532537,453.41637162578974,41.75994598889776,15121.0996426624,298.71399281834954,25.56399281834956,30.0,101325.0,236.70315188460677,29.388367805927032,11.599984996916044,43694.92872412246,3.84635227581279
745.0,12.416666666666666,138.66666666666666,False,10400.0,88405.67701660791,20000.0,0.0,42.32444909542903,-0.07382112838184968,48.812628969511024,48.82531438296565,1.166755316602154,302.5374081825715,101324.95551380412,-0.04448619588220026,453.0959915533866,41.84708969242636,15121.148903163916,298.7147224921696,25.564722492169608,30.0,101325.0,236.5366700628844,29.387408182571505,11.624191581229542,43969.044692322524,3.9072300351297655
750.0,12.5,140.0,False,10500.0,85983.75726885471,20000.0,0.0,42.31448479409755,-0.06015632012643235,48.881175227675115,48.91021859095784,1.1667618933943649,302.5357474656829,101324.9704589155,-0.029541084499214776,452.7817352714099,41.91962290495051,15121.23413839097,298.71545180788394,25.56545180788396,30.0,101325.0,236.37394641245172,29.385747465682925,11.644339695819584,44198.074748326304,3.9684572014079937
755.0,12.583333333333334,141.33333333333334,False,10600.0,83628.18727897346,20000.0,0.0,42.30017277559125,-0.10005600433159133,48.996950758561724,48.98003667858994,1.1667704918804431,302.5333621292652,101324.91827588569,-0.08172411430859938,452.4737088109833,41.979152729214576,15121.345574770543,298.71618065037126,25.56618065037128,30.0,101325.0,236.21488249447535,29.38336212926521,11.66087575811516,44386.63859678354,4.029974363453209
760.0,12.666666666666666,142.66666666666666,False,10700.0,81337.14936065403,20000.0,0.0,42.28231585711569,-0.10441003145249024,49.05782298722209,49.03643165617607,1.1667818863399004,302.5303859761859,101324.91100853332,-0.08899146667681634,452.17195894837914,42.02707655155614,15121.493246965108,298.7169089112686,25.566908911268627,30.0,101325.0,236.05965861464446,29.38038597618595,11.674187930987816,44538.82890376869,4.091728160328592
765.0,12.75,144.0,False,10800.0,79108.87562405325,20000.0,0.0,42.2609209252887,-0.10636410216326748,49.103808212768335,49.080807919587166,1.1667956002433384,302.52682015421476,101324.90764634915,-0.0923536508489633,451.8765455460221,42.064615181400434,15121.670979153665,298.7176364891723,25.567636489172344,30.0,101325.0,235.90820864152468,29.376820154214784,11.684615328166787,44658.28192504645,4.153670598404158
770.0,12.833333333333334,145.33333333333334,False,10900.0,76941.64661159455,20000.0,0.0,42.23622057640591,-0.10345445423377553,49.13327883406975,49.11440494009141,1.1668115353714577,302.52270342940096,101324.91263000734,-0.08736999265966006,451.58749903858114,42.092834576284595,15121.877498414091,298.7183632885209,25.568363288520914,30.0,101325.0,235.76052781533065,29.372703429400985,11.692454048967942,44748.220367008944,4.215758447218086
775.0,12.916666666666666,146.66666666666666,False,11000.0,74833.78997114078,20000.0,0.0,42.208127773595834,-0.12624261797925526,49.182910845678165,49.13829012099688,1.1668291022921318,302.5180212955993,101324.86990041964,-0.130099580361275,451.3048468727077,42.11267101966268,15122.105165706029,298.71908921993713,25.569089219937155,30.0,101325.0,235.61651071637485,29.368021295599306,11.69796417212852,44811.513603587366,4.27795270691989
780.0,13.0,148.0,False,11100.0,72783.679165516,20000.0,0.0,42.17738799528263,-0.11803310629632842,49.18762843261948,49.15343703407915,1.1668490519916124,302.51289799921375,101324.88627090464,-0.11372909536294173,451.0285666050834,42.12493205542106,15122.363713811297,298.71981419676894,25.56981419676896,30.0,101325.0,235.47629671195213,29.36289799921377,11.701370015394739,44850.66539853451,4.340218109004696
785.0,13.083333333333334,149.33333333333334,False,11200.0,70789.73221738076,20000.0,0.0,42.14359350191103,-0.13706867450026103,49.21610466046931,49.160657645067765,1.1668703211709992,302.5072655836518,101324.84663002833,-0.1533699716674164,450.75867252932926,42.13035223634204,15122.639362376149,298.72053814163047,25.570538141630493,30.0,101325.0,235.3396781007711,29.357265583651838,11.702875621206122,44867.9803227146,4.402522724088897
790.0,13.166666666666666,150.66666666666666,False,11300.0,68850.41048849192,20000.0,0.0,42.107400950340775,-0.13835216852989743,49.21668279078382,49.160718212191234,1.166893556170519,302.50123349172344,101324.84374430582,-0.15625569417898078,450.49512313764603,42.12956524802966,15122.940487969925,298.7212609793224,25.571260979322403,30.0,101325.0,235.20676319622527,29.351233491723463,11.702657013341572,44865.465989367156,4.464837617361177
795.0,13.25,152.0,False,11400.0,66964.21749240565,20000.0,0.0,42.06873287653434,-0.14450759465762306,49.2163763728012,49.15426872936194,1.16691825325544,302.4947888127557,101324.82953106193,-0.17046893807128072,450.23789864833935,42.12314666621467,15123.260562190502,298.7219826417168,25.57198264171683,30.0,101325.0,235.07743969425223,29.344788812755723,11.700874073948519,44844.96289674966,4.527136526309868
800.0,13.333333333333334,153.33333333333334,False,11500.0,65129.69773970663,20000.0,0.0,42.027814585794545,-0.1501519871604457,49.209507931345016,49.14190019233714,1.166944405541546,302.4879690976324,101324.81595412859,-0.18404587141412776,449.98695865637904,42.111603568236625,15123.599495818436,298.72270306415174,25.572703064151767,30.0,101325.0,234.9516848169695,29.337969097632424,11.697667657843507,44808.10610884935,4.589395602008201
805.0,13.416666666666666,154.66666666666666,False,11600.0,63345.43561487318,20000.0,0.0,41.98504956676186,-0.1352759627596398,49.17329346685692,49.12414034042496,1.1669723020213059,302.4808415944603,101324.85061562367,-0.14938437633099966,449.74224881313927,42.095378146796904,15123.961034196125,298.7234221845736,25.573422184573644,30.0,101325.0,234.82952807098368,29.33084159446031,11.693160596332474,44756.33294481302,4.6515931291288
810.0,13.5,156.0,False,11700.0,61610.05428391104,20000.0,0.0,41.939859674323316,-0.1594609558911908,49.177598810761815,49.10142639305094,1.1670006896830514,302.47330994572053,101324.7924261514,-0.20757384860189632,449.5037485391836,42.07489063814223,15124.328938292347,298.72413994925466,25.574139949254686,30.0,101325.0,234.71070636149796,29.323309945720553,11.687469621706175,44691.01701698923,4.713709344380051
815.0,13.583333333333334,157.33333333333334,False,11800.0,59922.21463191314,20000.0,0.0,41.89319848061541,-0.1569593620964558,49.14629381238347,49.07423565841078,1.1670307695340345,302.46553308010255,101324.79888782572,-0.20111217428348027,449.2713701084558,42.05050709845882,15124.718773161088,298.7248563060501,25.57485630605015,30.0,101325.0,234.59541538546824,29.31553308010257,11.680696416238561,44613.36306943642,4.775726274995624
820.0,13.666666666666666,158.66666666666666,False,11900.0,58280.614229725485,20000.0,0.0,41.84494517153826,-0.148643794018088,49.104059377237,49.04292429316645,1.1670620393356907,302.457490861923,101324.81963283673,-0.18036716326605529,449.04506514189495,42.022551192807555,15125.124029790552,298.72557120559543,25.575571205595452,30.0,101325.0,234.4835286908614,29.307490861923043,11.672930886890986,44524.44300113974,4.837627529211302
825.0,13.75,160.0,False,12000.0,56683.98632892176,20000.0,0.0,41.794739554692,-0.1715943784986072,49.094435401099915,49.0078203452642,1.1670936363809636,302.4491232591153,101324.75963566749,-0.24036433250876144,448.8247904190368,41.99133541438232,15125.533527497288,298.72628460547855,25.576284605478577,30.0,101325.0,234.37485035335797,29.299123259115333,11.664259837328423,44425.293883029764,4.899398179825308
830.0,13.833333333333334,161.33333333333334,False,12100.0,55131.0988843112,20000.0,0.0,41.74341648575205,-0.1725847173148247,49.05576102911398,48.96928422666865,1.1671266129241316,302.440569414292,101324.75685318653,-0.24314681347459555,448.6104523431538,41.957131029666506,15125.960903496745,298.7269964643674,25.576996464367426,30.0,101325.0,234.26954286669982,29.29056941429201,11.654758619351806,44316.821331923136,4.961024648724581
835.0,13.916666666666666,162.66666666666666,False,12200.0,53620.75360322519,20000.0,0.0,41.69085654210653,-0.16969279970317197,49.00937692670686,48.92758772414446,1.167160512029137,302.4318094236844,101324.76493349983,-0.23506650017225184,448.40199242051733,41.92018768616722,15126.400235897618,298.7277067447331,25.57770674473312,30.0,101325.0,234.16748387467288,29.28180942368442,11.644496579490893,44199.86120848643,5.022494567155421
840.0,14.0,164.0,False,12300.0,52151.785020849384,20000.0,0.0,41.637032377987,-0.17263031417346636,48.96686527514023,48.88299266832004,1.1671950386632022,302.4228387296645,101324.75672469084,-0.2432753091561608,448.1993459673947,41.8807406209558,15126.8477010751,298.7284154133135,25.578415413313508,30.0,101325.0,234.06858044033007,29.2728387296645,11.633539061376611,44075.20184557895,5.0837966942763
845.0,14.083333333333334,165.33333333333331,False,12399.999999999998,50723.05960088743,20000.0,0.0,41.58203238262445,-0.18239544365008442,48.9296341461731,48.835740906308224,1.1672300922846226,302.4136720637707,101324.7284236909,-0.2715763090964174,448.00244182490036,41.839000921165336,15127.301996008708,298.72912243897923,25.579122438979255,30.0,101325.0,233.97277534540035,29.26367206377074,11.621944700323704,43943.55282613451,5.14492082946499
850.0,14.166666666666666,166.66666666666669,False,12500.000000000002,49333.474860862494,20000.0,0.0,41.526285570502296,-0.1772942391753029,48.872648589072476,48.78607711032432,1.1672661270573432,302.404380928417,101324.74340206331,-0.25659793669183273,447.81119425146625,41.79516219948328,15127.76900666317,298.72982779338156,25.579827793381583,30.0,101325.0,233.88011493910457,29.25438092841705,11.609767277634244,43805.56592343793,5.205857717485526
855.0,14.25,168.0,False,12600.0,47981.95852138168,20000.0,0.0,41.46943205255309,-0.18754996476707908,48.83131569127425,48.7341835983491,1.167302351614392,302.39490534209216,101324.71285723033,-0.28714276966638863,447.62554626531545,41.749409251981014,15128.238476922523,298.73053145191494,25.580531451914965,30.0,101325.0,233.7904109850582,29.24490534209218,11.59705812555028,43661.86217193204,5.2665989869962
860.0,14.333333333333334,169.33333333333331,False,12699.999999999998,46667.46767870675,20000.0,0.0,41.4120031175712,-0.18458121517826584,48.77254675712728,48.680278685328766,1.1673394044683847,302.3853338529285,101324.72187571431,-0.2781242856872268,447.44540597888084,41.701906488368856,15128.718681910266,298.7312333914422,25.581233391442197,30.0,101325.0,233.7037435463114,29.235333852928534,11.583862913435794,43512.99538523208,5.327137082522008
865.0,14.416666666666666,170.66666666666669,False,12800.000000000002,45388.98799999267,20000.0,0.0,41.35381360631152,-0.18606794461779108,48.71711238450114,48.62452611719676,1.1673767933287047,302.3756356010519,101324.717377306,-0.2826226939941989,447.2707077518172,41.6528120098626,15129.203241540014,298.7319335922665,25.581933592266523,30.0,101325.0,233.61997989189405,29.22563560105192,11.570225558295167,43359.49637003305,5.387465201796498
870.0,14.5,172.0,False,12900.0,44145.53294057308,20000.0,0.0,41.29493519624452,-0.19266300956512375,48.66594213783997,48.567092430596134,1.1674144447927566,302.3658225327074,101324.69698746731,-0.30301253269135486,447.1013755447401,41.60227128183079,15129.691204514125,298.73263203677107,25.582632036771088,30.0,101325.0,233.53906581364606,29.21582253270742,11.556186467175218,43201.853047365235,5.447577250003025
875.0,14.583333333333334,173.33333333333331,False,12999.999999999998,42936.142982688616,20000.0,0.0,41.235580615725894,-0.1959643639293539,48.609409220723016,48.50814103296403,1.1674525193868268,302.35593010262096,101324.68651402506,-0.3134859749407042,446.93732766893777,41.55041873432389,15130.184651253276,298.73332870940516,25.58332870940518,30.0,101325.0,233.46099095358286,29.205930102620982,11.541782981756638,43040.515565284084,5.50746778376181
880.0,14.666666666666666,174.66666666666669,False,13100.000000000002,41759.88489507063,20000.0,0.0,41.17580401375426,-0.19744037365502085,48.54937106486085,48.44781632677587,1.1674909341346134,302.3459673356257,101324.68177386817,-0.31822613182885107,446.77848804948457,41.49738118753543,15130.68250638459,298.734023596989,25.584023596989027,30.0,101325.0,233.38569916172833,29.19596733562571,11.527050329870953,42875.90706271439,5.567131966142365
885.0,14.75,176.0,False,13200.0,40615.851012809064,20000.0,0.0,41.11565113282063,-0.19869958644448465,48.48783886300112,48.38625305947815,1.1675296012917835,302.3359418554701,101324.6777018314,-0.3222981685976265,446.6247807416079,41.443277331848726,15131.183632741515,298.7347166883923,25.584716688392348,30.0,101325.0,233.3131334268082,29.185941855470105,11.51202148106909,42708.4221274387,5.626565528079971
890.0,14.833333333333334,177.33333333333331,False,13299.999999999998,39503.15853694867,20000.0,0.0,41.055179510803555,-0.20037591234729416,48.42568012476335,48.32357829280158,1.1675684601681202,302.32586325180057,101324.67224076531,-0.32775923468580004,446.4761293243135,41.388218285584195,15131.687243778839,298.7354079744121,25.585407974412135,30.0,101325.0,233.2432419161085,29.175863251800592,11.496727301551164,42538.42864601792,5.685764730005983
895.0,14.916666666666666,178.66666666666669,False,13400.000000000002,38420.94885327318,20000.0,0.0,40.994455033869144,-0.2023830199263872,48.36291561737112,48.259911877698684,1.1676074712854219,302.31574250564483,101324.66564174078,-0.3343582592206076,446.33245715469354,41.33230821533647,15132.192827859068,298.73609744767606,25.58609744767608,30.0,101325.0,233.17597693083314,29.165742505644857,11.481196726482352,42366.26985754211,5.74472632618901
900.0,15.0,180.0,False,13500.0,37368.386869751725,20000.0,0.0,40.93354798546511,-0.20418333330141566,48.29903319357559,48.19536678348341,1.1676466097345488,302.30559133091083,101324.6596666645,-0.3403333354945062,446.19368762242766,41.275644858370356,15132.700062159753,298.73678510254547,25.58678510254549,30.0,101325.0,233.111293704832,29.155591330910852,11.465456905102876,42192.26610905979,5.803447531721373
905.0,15.083333333333334,181.33333333333331,False,13599.999999999998,36344.66037213629,20000.0,0.0,40.87253261756268,-0.20483914932817426,48.23304787224723,48.13004961283366,1.1676858641700252,302.2954221029271,101324.65747692165,-0.3425230783468578,446.0597442621275,41.21832000342303,15133.208799643528,298.7374709350261,25.587470935026147,30.0,101325.0,233.04915025735602,29.145422102927114,11.449533334284174,42016.71648535436,5.861925991856382
910.0,15.166666666666666,182.66666666666669,False,13700.000000000002,35348.97939721288,20000.0,0.0,40.81147680402523,-0.20360282120913456,48.1641896376271,48.06406049854209,1.1677252200292596,302.2852461340042,101324.6615991118,-0.338400888198521,445.93055120524315,41.160419997897925,15133.718851579206,298.7381549426938,25.588154942693848,30.0,101325.0,232.9895042765075,29.135246134004205,11.43344999941609,41839.90051833243,5.920159753664498
915.0,15.25,184.0,False,13800.0,34380.57562322281,20000.0,0.0,40.7504091000327,-0.20181655815893507,48.094116345197705,47.99749172191166,1.1677646068185514,302.27506818333876,101324.66751083145,-0.3324891685479088,445.80603440623315,41.10202642009818,15134.229304368426,298.73883712465954,25.588837124659563,30.0,101325.0,232.9323032457947,29.125068183338783,11.417229561138383,41662.08039216414,5.978147240407899
920.0,15.333333333333334,185.33333333333331,False,13899.999999999998,33438.7017769837,20000.0,0.0,40.68927755443292,-0.20539075896201536,48.029800300589514,47.930425841621776,1.1678038322997961,302.26487959240546,101324.65562968272,-0.3443703172815731,445.68612311678163,41.04321677659744,15134.737666605357,298.73951748154786,25.589517481547887,30.0,101325.0,232.87747210510776,29.114879592405487,11.400893549054844,41483.50320656358,6.035887229018125
925.0,15.416666666666666,186.66666666666669,False,14000.000000000002,32522.631057252736,20000.0,0.0,40.62819985979809,-0.21005794526826768,47.96635573002435,47.86294978706373,1.167842980252729,302.254699976633,101324.6398013031,-0.3601986969006248,445.5707411652879,40.984062580661195,15135.245024075368,298.74019601505285,25.590196015052868,30.0,101325.0,232.82498802340388,29.104699976633015,11.384461827961443,41304.39529943431,6.093378825202846
930.0,15.5,188.0,False,14100.0,31631.656573887212,20000.0,20.0,40.56836486507632,-0.209529162563235,71.18450362809834,71.15275511551063,1.1678815338541344,302.2447274775127,101324.64161249009,-0.35838750991388224,445.4549654356479,40.92463409426374,15135.744678749581,298.74087272861686,25.590872728616887,30.0,101325.0,232.77217566994827,29.09472747751272,11.367953915073262,41124.976771032685,6.150621444696227
935.0,15.583333333333334,189.33333333333331,False,14199.999999999998,30765.090802369472,20000.0,20.0,40.54913049189656,-0.20598466806087304,71.11494433162935,71.08788969556421,1.167894059582986,302.2415217486494,101324.65363523693,-0.3463647630705964,445.1544462888471,40.86844017422882,15135.9070121955,298.74154823397,25.591548233970002,30.0,101325.0,232.61763444041006,29.091521748649427,11.35234449284134,40955.80224245652,6.207621985677816
940.0,15.666666666666666,190.66666666666669,False,14300.000000000002,29922.265053275547,20000.0,20.0,40.528706269477084,-0.21271449211719792,71.06383245972395,71.02954850073272,1.1679069481675304,302.2381177115795,101324.63063301913,-0.3693669808708364,444.8643685997018,40.81781482007579,15136.074048251194,298.74222305971597,25.59222305971599,30.0,101325.0,232.46861836112296,29.088117711579514,11.338281894465498,40803.78998264832,6.264399480278583
945.0,15.75,192.0,False,14400.0,29102.52895627784,20000.0,20.0,40.507653100667085,-0.21378491032838812,71.01147568600382,70.97660520295742,1.1679204642920018,302.23460885011116,101324.62690622135,-0.3730937786458526,444.58352376261945,40.77177973414802,15136.249217224344,298.7428971835707,25.5928971835707,30.0,101325.0,232.32454854593752,29.08460885011118,11.325494370596672,40665.88782288664,6.320975645421316
950.0,15.833333333333334,193.33333333333331,False,14499.999999999998,28305.249958284003,20000.0,20.0,40.48599000397212,-0.21259275501532218,70.96088708529889,70.92810612859195,1.1679344643489094,302.23099833399533,101324.63105567767,-0.3689443223265698,444.31165147893125,40.729525751371995,15136.430657961864,298.7435705867632,25.593570586763235,30.0,101325.0,232.18526035157228,29.080998333995353,11.313757153158887,40539.58608271591,6.377368335633539
955.0,15.916666666666666,194.66666666666669,False,14600.000000000002,27529.812835324352,20000.0,20.0,40.463613114011764,-0.21887876154449126,70.92262571751894,70.8832461136733,1.1679486214380674,302.22726885233527,101324.608915002,-0.391084998002043,444.0485097819683,40.690380392243995,15136.614133837355,298.7442432527304,25.59424325273045,30.0,101325.0,232.0505623739921,29.077268852335294,11.302883442289998,40422.80996742264,6.433592221779469
960.0,16.0,196.0,True,14700.0,276775.61921781156,20000.0,20.0,40.44021792020351,-0.22989947967913607,70.89284072607059,70.84138440420031,1.1679632245820035,302.22336965336723,101324.56854064688,-0.4314593531162245,443.7938559285158,40.653779942046874,15136.803390582765,298.7449151659522,25.594915165952216,30.0,101325.0,231.9203852601935,29.07336965336725,11.292716650568577,40313.82873079908,6.489659331986568
965.0,16.083333333333332,197.33333333333331,True,14799.999999999998,276042.0871288061,20000.0,20.0,40.90950293464948,0.4752894401534506,70.6309409937398,71.38544680718806,1.167687261957458,302.30158382244156,101326.8440820565,1.8440820565010654,443.5492606682486,40.65875657788799,15133.226914968656,298.74559327077145,25.595593270771474,30.0,101325.0,231.7377960331428,29.15158382244158,11.294099049413333,40328.6356052922,6.545661043331076
970.0,16.166666666666668,198.66666666666669,True,14900.000000000002,275328.6505349308,20000.0,20.0,41.35186667559742,0.4647898251859788,70.71665705018712,71.44166423999951,1.1674016198578494,302.37531111259955,101326.76350678854,1.763506788542145,443.3119787089267,40.73237062478729,15129.524993357729,298.7462838138382,25.596283813838227,30.0,101325.0,231.55716728113651,29.22531111259957,11.314547395774248,40548.081495638304,6.601825430206722
975.0,16.25,200.0,True,15000.0,274634.7589095891,20000.0,20.0,41.77757146476972,0.45517364884028394,70.86674977351035,71.56407502627725,1.1671269275601108,302.44626191079493,101326.69129020897,1.6912902089679847,443.08127842686713,40.86127217756403,15125.964981179035,298.7469862813505,25.596986281350496,30.0,101325.0,231.38220696908118,29.296261910794954,11.350353382656676,40934.256064112444,6.658410386845437
980.0,16.333333333333332,201.33333333333331,True,15099.999999999998,273959.8768081482,20000.0,20.0,42.187249279044295,0.44553524383794246,71.0684177679159,71.73872062839887,1.1668626827844326,302.51454154650736,101326.62042166124,1.6204216612386517,442.85659711810547,41.03446723358462,15122.540368886248,298.74770021735463,25.597700217354657,30.0,101325.0,231.21251596902985,29.364541546507382,11.398463120440173,41456.97865362448,6.7156265220660885
985.0,16.416666666666668,202.66666666666669,True,15200.000000000002,273303.4834547611,20000.0,20.0,42.581607341946665,0.43853507665172176,71.31093492105802,71.95791291813596,1.1666086357709906,302.5802678903244,101326.56990215064,1.5699021506443387,442.63748354092314,41.242744070215096,15119.247919592039,298.7484251831334,25.59842518313343,30.0,101325.0,231.0478039909808,29.430267890324444,11.456317797281972,42091.45223147886,6.773646265736299
990.0,16.5,204.0,True,15300.0,272665.0723405074,20000.0,0.0,42.96104441848786,0.42899955399166195,48.29737174978351,48.87928737313031,1.1663640872700163,302.6435074030813,101326.50237238633,1.502372386326897,442.42336775548256,41.478401322467796,15116.078571019412,298.7491607574133,25.5991607574133,30.0,101325.0,230.88763028209337,29.49350740308131,11.521778145129943,42817.102861435254,6.832610540106378
995.0,16.583333333333332,205.33333333333331,True,15399.999999999998,272044.15083254344,20000.0,0.0,43.30472337578874,0.4221061741590214,48.59414716684738,49.1591963230811,1.1661428259338584,302.7007872292981,101326.45447854909,1.4544785490870709,442.383597312185,41.73327585094922,15113.211024102806,298.74990622993636,25.59990622993638,30.0,101325.0,230.82307941187253,29.550787229298123,11.592576625263673,43611.26441473638,6.8926302396037205
1000.0,16.666666666666668,206.66666666666669,True,15500.000000000002,271440.23979395983,20000.0,0.0,43.63762669739606,0.4127952769528925,48.90579102778677,49.4513540940977,1.1659283854265075,302.75627111623265,101326.39101992387,1.3910199238744099,442.34564872805987,42.00091958942626,15110.431875127537,298.75066095616694,25.600660956166962,30.0,101325.0,230.76083680984232,29.606271116232676,11.66692210817396,44455.71994427747,6.953787867630814
1005.0,16.75,208.0,True,15600.0,270852.8732140534,20000.0,0.0,43.9604156245573,0.406802543840757,49.22816568838544,49.75830385588,1.1657207817794053,302.8100692707595,101326.35092497694,1.3509249769413145,442.3080475738042,42.27777907606211,15107.741331861092,298.7514246460465,25.601424646046496,30.0,101325.0,230.70013574032092,29.66006927075955,11.743827521128363,45340.650370436444,7.016146458127142
1010.0,16.833333333333332,209.33333333333331,True,15699.999999999998,270281.59784872795,20000.0,0.0,44.27315105464686,0.39830031983553577,49.55782514303206,50.069780455443386,1.165519518522628,302.8621918424411,101326.29504607985,1.2950460798456334,442.270730925674,42.56089483711053,15105.132960053257,298.75219701830736,25.60219701830738,30.0,101325.0,230.64084470234087,29.712191842441143,11.822470788086259,46257.64315050185,7.07975638418335
1015.0,16.916666666666668,210.66666666666669,True,15800.000000000002,269725.9728707461,20000.0,0.0,44.576297950750245,0.393604525806852,49.89188954590909,50.39027217955442,1.1653247659767434,302.912716325125,101326.26468998152,1.264689981515403,442.2336600985666,42.84779362410604,15102.608967058595,298.75297779754976,25.602977797549784,30.0,101325.0,230.58297683219016,29.76271632512504,11.90216489558501,47199.417732909445,7.144657120907941
1020.0,17.0,212.0,True,15900.0,269185.56952956325,20000.0,20.0,44.86985370267814,0.385669964869363,73.51593649061405,74.01188239111826,1.1651359946467619,302.96164228377967,101326.21421487186,1.214214871855802,442.19707560628217,43.13642765392122,15100.162490622033,298.7537667166654,25.603766716665405,30.0,101325.0,230.52655236396564,29.81164228377969,11.982341014978116,48159.700649204795,7.21087873089552
1025.0,17.083333333333332,213.33333333333331,True,15999.999999999998,268659.97082048026,20000.0,20.0,45.16162833984845,0.3791800445990063,73.85276425416703,74.329401445205,1.1649485399934314,303.0102713899747,101326.17369392834,1.1736939283437096,441.99299422250516,43.425699650450966,15097.73307831487,298.7545636208348,25.604563620834824,30.0,101325.0,230.3830889914984,29.86027138997474,12.06269434734749,49135.08630674574,7.278444555170486
1030.0,17.166666666666668,214.66666666666669,True,16100.000000000002,268148.7711628595,20000.0,20.0,45.44209126701389,0.3726998660118629,74.18900151179226,74.64670391022338,1.1647683999380252,303.05701521116896,101326.13391991939,1.1339199193898821,441.79194530679644,43.714464512928345,15095.398463196805,298.75536832280847,25.605368322808488,30.0,101325.0,230.2426861280758,29.907015211168982,12.142906809146764,50121.809183478304,7.347372954816476
1035.0,17.25,216.0,True,16200.0,267651.57608715724,20000.0,20.0,45.71160274219949,0.36806555357908777,74.52273826741686,74.96401712800787,1.1645954634987574,303.10193379036656,101326.1058959325,1.1058959325018805,441.59542327524775,44.001081912267836,15093.157206943895,298.7561805101308,25.606180510130798,30.0,101325.0,230.10609784708012,29.95193379036658,12.222522753407732,51114.17034057802,7.4176757183748485
1040.0,17.333333333333332,217.33333333333331,True,16299.999999999998,267168.00193052896,20000.0,20.0,45.970412384287215,0.36133912857943146,74.85242861768297,75.27518750027124,1.1644292912982166,303.1450687307145,101326.06584461912,1.0658446191227995,441.4033868215571,44.28422420686991,15091.003615224887,298.7569998813937,25.606999881393733,30.0,101325.0,229.9732129001915,29.995068730714536,12.301173390797196,52107.27633772075,7.489357278568112
1045.0,17.416666666666668,218.66666666666669,True,16400.0,266697.6755407746,20000.0,20.0,46.21896184051195,0.3550750124220947,75.17682553366258,75.58194334860666,1.1642697723147664,303.1864936400853,101326.02921032201,1.0292103220126592,441.2158031174421,44.562820432322546,15088.93624919937,298.7578261448146,25.607826144814624,30.0,101325.0,229.8439895246152,30.036493640085325,12.378561231200706,53096.91154591913,7.562415742376194
1050.0,17.5,220.0,False,16500.0,136240.23398839353,20000.0,20.0,46.45603678505756,0.3336798312880132,75.49494119117438,75.86513705318437,1.164116677698585,303.2260061308429,101325.9089161617,0.9089161617011996,441.03264540914705,44.83602223256947,15086.95214297366,298.7586590191868,25.608659019186803,30.0,101325.0,229.71836599701965,30.076006130842927,12.454450620158187,54079.47637759063,7.636843789545298
1055.0,17.583333333333332,221.33333333333331,False,16600.0,132507.86154049044,20000.0,20.0,46.42573427200239,0.020989681789771095,75.78151052407348,75.78821446515168,1.164125665870977,303.2209557120004,101325.0035964632,0.003596463197027333,440.8536034663621,45.082131645277904,15087.068629687863,298.7594945263644,25.609494526364415,30.0,101325.0,229.6268822981441,30.070955712000398,12.522814345910529,54974.9165736343,7.712576006872538
1060.0,17.666666666666668,222.66666666666669,False,16700.0,128877.73938739419,20000.0,20.0,46.3934566503425,-0.06217978937249139,76.09122750814993,76.00236129529036,1.1641459156656284,303.2155761083904,101324.96843815342,-0.0315618465829175,440.6792105970535,45.28594076785828,15087.331067026544,298.76032906140915,25.610329061409175,30.0,101325.0,229.5400392413537,30.065576108390417,12.579427991071745,55723.89085825851,7.789450178700242
1065.0,17.75,224.0,False,16800.0,125347.06632881354,20000.0,20.0,46.355892333109864,-0.05406765284896513,76.27640956098118,76.19852606907823,1.1641700416031386,303.2093153888516,101324.97613623604,-0.023863763955887407,440.5097568639521,45.453089622670454,15087.643739176678,298.76116247020707,25.61116247020709,30.0,101325.0,229.45652973895042,30.059315388851644,12.625858228519572,56343.19599025095,7.867274544567262
1070.0,17.833333333333332,225.33333333333331,False,16900.0,121913.11790480393,20000.0,20.0,46.31319702352857,-0.05239350090565182,76.43200775071375,76.35783588538006,1.1641973803517363,303.2021995039214,101324.97759119235,-0.022408807650208473,440.3453880482393,45.58839349244218,15087.9980493585,298.7619946057801,25.611994605780126,30.0,101325.0,229.37629831369526,30.05219950392143,12.663442636789494,56847.85926254245,7.945879444048368
1075.0,17.916666666666668,226.66666666666669,False,17000.0,118573.24429342557,20000.0,20.0,46.26602932634228,0.056526711735056356,76.49628594509231,76.55092903695743,1.1642281230741554,303.194338221057,101325.02608382971,0.02608382971084211,440.18618481667306,45.6959899297836,15088.396475041052,298.76282533230557,25.61282533230559,30.0,101325.0,229.29942411409758,30.044338221057046,12.693330536051,57251.3221379734,8.025114986687615
1080.0,18.0,228.0,False,17100.0,115324.86826599622,20000.0,0.0,46.21417864529212,0.033260535656800504,53.30549142948364,53.33794405254772,1.1642611114224866,303.185696440882,101325.00903072026,0.00903072026267182,440.03234237791,45.77943863401637,15088.824004035427,298.7636545243405,25.613654524340518,30.0,101325.0,229.2257802543654,30.03569644088202,12.716510731671216,57565.54742918888,8.104848923887033
1085.0,18.083333333333332,229.33333333333334,False,17200.0,112165.483198361,20000.0,0.0,46.15974586475363,-0.028386064095227745,53.41130590440908,53.37356219849027,1.1642957709316346,303.17662431079225,101324.99342229686,-0.0065777031413745135,440.03626718697683,45.84192739597632,15089.273191273986,298.76448208756483,25.614482087564852,30.0,101325.0,229.2346488079739,30.026624310792272,12.733868721104532,57801.599615249674,8.184964998223448
1090.0,18.166666666666668,230.66666666666666,False,17300.0,109092.65113664448,20000.0,0.0,46.10099257836919,-0.0816567132114277,53.52481890131733,53.42674281162866,1.1643328275118163,303.16683209639484,101324.94556882602,-0.05443117397953756,440.0419272574311,45.88614316217624,15089.753444553138,298.7653079268538,25.615307926853802,30.0,101325.0,229.24489344387825,30.016832096394864,12.746150878382288,57969.01455833942,8.26536125806622
1095.0,18.25,232.0,False,17400.0,106104.0009159923,20000.0,0.0,46.038524686787696,-0.09519617979435087,53.573334865866954,53.4613172595211,1.1643725896265227,303.15642078113126,101324.92602193757,-0.07397806242806837,440.04924540756696,45.91426982721144,15090.268761559733,298.7661319300447,25.61613193004473,30.0,101325.0,229.25653479077448,30.006420781131283,12.753963840892068,58075.67909188741,8.345947850878876
1100.0,18.333333333333332,233.33333333333334,False,17500.0,103197.22633085126,20000.0,0.0,45.972655972841835,-0.08493030273045271,53.57761187836598,53.47949208907961,1.1644149297254491,303.1454426621403,101324.94111709125,-0.05888290875009261,440.0583031791653,45.92820885737805,15090.817489241821,298.7669539943882,25.61695399438821,30.0,101325.0,229.2695903326139,29.995442662140306,12.757835793716124,58128.58842253952,8.426645258875006
1105.0,18.416666666666668,234.66666666666666,False,17600.0,100370.08435537505,20000.0,0.0,45.90333192218998,-0.09389705789960924,53.58968382492331,53.483154720861904,1.1644591611997128,303.1338886536983,101324.92802728586,-0.07197271414042916,440.06917170638667,45.92960964449759,15091.39072914828,298.76777402457753,25.617774024577557,30.0,101325.0,229.28396206736792,29.98388865369833,12.75822490124933,58133.90726231808,8.5073831031006
1110.0,18.5,236.0,False,17700.0,97620.39341258332,20000.0,0.0,45.830869096376546,-0.11133538834862536,53.59869018068565,53.473970360403214,1.1645052204215838,303.12181151606273,101324.89881168409,-0.10118831590807531,440.0819099850004,45.919906087706615,15091.987656663725,298.76859193206,25.618591932060042,30.0,101325.0,229.29966834044376,29.971811516062758,12.755529468807392,58097.06916345413,8.588099058951833
1115.0,18.583333333333332,237.33333333333334,False,17800.0,94946.03169093783,20000.0,0.0,45.75571253341127,-0.11421950766024612,53.57928959460571,53.45341550540409,1.164553282959914,303.1092854222352,101324.89350125771,-0.10649874228693079,440.0965616770336,45.900360496638655,15092.610547160484,298.7694076370977,25.61940763709771,30.0,101325.0,229.31676662118204,29.95928542223521,12.750100137955181,58022.914506999055,8.66873793650076
1120.0,18.666666666666668,238.66666666666666,False,17900.0,92344.93550703682,20000.0,0.0,45.678033878299516,-0.11029591877089708,53.54177313194086,53.42274886171822,1.1646031082854909,303.09633897971656,101324.900692329,-0.09930767100013327,440.11316793375096,45.87206446698077,15093.25628337996,298.7702210641989,25.620221064198915,30.0,101325.0,229.33523115028885,29.946338979716586,12.74224012971688,57915.67311449582,8.749250844571241
1125.0,18.75,240.0,False,18000.0,89815.09771316446,20000.0,0.0,45.597858787725954,-0.11963368679716942,53.51063633134654,53.38307603510821,1.1646542525910806,303.08297646462097,101324.88316555905,-0.11683444095251616,440.1317650953898,45.8359860158871,15093.919113580403,298.77103214577085,25.62103214577087,30.0,101325.0,229.35499363605928,29.932976464620992,12.732218337746417,57779.12825866966,8.82959445663594
1130.0,18.833333333333332,241.33333333333334,False,18100.0,87354.56614846605,20000.0,0.0,45.51560072192683,-0.12068566304644006,53.46176934165592,53.33538459719191,1.1647069133078451,303.0692667869878,101324.88110180192,-0.11889819808129687,440.15237119499193,45.792966443133636,15094.601596469673,298.7718408182197,25.62184081821971,30.0,101325.0,229.37610252751014,29.919266786987805,12.72026845642601,57616.59431176877,8.909730375087634
1135.0,18.916666666666668,242.66666666666666,False,18200.0,84961.44213255431,20000.0,0.0,45.43125250085734,-0.13323161764941047,53.41907944528415,53.28052879203018,1.1647606424556267,303.05520875014287,101324.85509662089,-0.14490337911411189,440.17500916353504,45.7437578588684,15095.297926224923,298.77264702519574,25.62264702519576,30.0,101325.0,229.39848172988093,29.90520875014289,12.70659940524122,57431.05148882624,8.989624573560269
1140.0,19.0,244.0,False,18300.0,82633.87900038387,20000.0,0.0,45.3451323903048,-0.14384646591151293,53.3677066009663,53.21928416580766,1.1648155346502627,303.0408553983841,101324.83108729996,-0.16891270004271064,440.1996870933656,45.689023354059934,15096.009329067403,298.77345071514935,25.623450715149374,30.0,101325.0,229.4221542752682,29.890855398384133,12.691395376127758,57225.141402944166,9.06924692973511
1145.0,19.083333333333332,245.33333333333334,False,18400.0,80370.08067726396,20000.0,0.0,45.257542048210325,-0.14266266087371424,53.29685240033997,53.15234543950223,1.1648716818552383,303.02625700803503,101324.83385604239,-0.1661439576128032,440.2264083538443,45.629356664288466,15096.736996843887,298.77425184244686,25.62425184244688,30.0,101325.0,229.44714022286004,29.876257008035054,12.674821295635684,57001.237885070375,9.148570804240675
1150.0,19.166666666666668,246.66666666666666,False,18500.0,78168.30029290903,20000.0,0.0,45.16856836391594,-0.13668731609819507,53.21527329797159,53.08029835239029,1.1649288456752642,303.01142806065263,101324.84748226627,-0.15251773373165634,440.2551779938868,45.56527083130274,15097.477839951423,298.77505036325175,25.625050363251773,30.0,101325.0,229.47339544303424,29.861428060652656,12.657019675361871,56761.40257319958,9.227572637892251
1155.0,19.25,248.0,False,18600.0,76026.83883345849,20000.0,0.0,45.07825830016236,-0.13523725143763027,53.134372427061805,53.003684397282335,1.1649867518020256,302.99637638336037,101324.85070110876,-0.14929889123595785,440.2859981002076,45.49724219206368,15098.228303354252,298.7758462415116,25.625846241511624,30.0,101325.0,229.50086718155342,29.846376383360393,12.6381228311288,56507.54878949394,9.306231631894121
1160.0,19.333333333333332,249.33333333333334,False,18700.0,73944.0438304248,20000.0,0.0,44.98667875456374,-0.1453683646082365,53.062854264217975,52.92298130878526,1.165045173419332,302.9811131257606,101324.82749419242,-0.17250580758263823,440.3188668402754,45.42569036482916,15098.985447514542,298.7766394440908,25.626639444090813,30.0,101325.0,229.5295099874129,29.831113125760623,12.618247323563654,56241.36585922033,9.384529489289063
1165.0,19.416666666666668,250.66666666666666,False,18800.0,71918.30808555866,20000.0,0.0,44.89408299041747,-0.1565875913345914,52.988943719980504,52.838635750373136,1.165104201117129,302.9656804984029,101324.79983939788,-0.200160602122196,440.35377417002485,45.3509958162628,15099.750446477992,298.7774299423595,25.627429942359527,30.0,101325.0,229.55933665681928,29.815680498402912,12.597498837850779,55964.38473858648,9.462450149426429
1170.0,19.5,252.0,False,18900.0,69948.06843064722,20000.0,0.0,44.800806258188345,-0.15378357092974115,52.8954371466432,52.75104997065463,1.165164071041846,302.9501343763647,101324.80694378214,-0.19305621786043048,440.39070512190204,45.273495194103106,15100.526360702324,298.7782177104025,25.62821771040251,30.0,101325.0,229.59038610821142,29.800134376364724,12.575970887250863,55677.96102622498,9.53997955620755
1175.0,19.583333333333332,253.33333333333334,False,19000.0,68031.8045212882,20000.0,0.0,44.70655978120692,-0.16853461514314316,52.81946826553762,52.66055396980702,1.165224040752368,302.93442663020113,101324.76813129387,-0.23186870613426436,440.4296598012628,45.19350110198969,15101.303568150688,298.77900272732546,25.629002727325485,30.0,101325.0,229.6225122932417,29.784426630201153,12.553750306108245,55383.348720666094,9.617105465754001
1180.0,19.666666666666668,254.66666666666666,False,19100.0,66168.03766370914,20000.0,0.0,44.61186685010284,-0.1706991818113981,52.72626469224421,52.567497610116405,1.1652846803490424,302.9186444750171,101324.76213705575,-0.23786294425372034,440.47061357746423,45.11129211307459,15102.08945732359,298.7797849747101,25.629784974710105,30.0,101325.0,229.65581489404784,29.76864447501714,12.530914475854052,55081.66383992002,9.693817280032185
1185.0,19.75,256.0,False,19200.0,64355.32967372667,20000.0,0.0,44.51664766915519,-0.17447212589715005,52.63265105363136,52.472159643252006,1.1653456103720703,302.90277461152584,101324.75150593702,-0.2484940629801713,440.5135568991857,45.02712257739466,15102.87911042203,298.7805644375518,25.63056443755181,30.0,101325.0,229.6902143382548,29.752774611525865,12.507534049276293,54773.92139294546,9.770105880888343
1190.0,19.833333333333332,257.33333333333337,False,19300.000000000004,62592.281766965156,20000.0,0.0,44.421057964950705,-0.1764078699419528,52.53488721437607,52.37481230402906,1.1654068428916904,302.8868429941584,101324.74596133406,-0.25403866593842395,440.55847201984363,44.94122599629924,15103.672683876308,298.78134110412685,25.631341104126875,30.0,101325.0,229.72570393079963,29.73684299415845,12.483673887860899,54461.04843975835,9.84596349882772
1195.0,19.916666666666668,258.66666666666663,False,19399.999999999996,60877.53347947829,20000.0,0.0,44.32526349770842,-0.17207929912350978,52.42806456167342,52.2757035597159,1.1654684185907846,302.87087724961805,101324.75827522296,-0.24172477703541517,440.60533952119624,44.853813905077395,15104.47070493657,298.7821149652252,25.63211496522524,30.0,101325.0,229.76228174625206,29.72087724961807,12.459392751410387,54143.8808098984,9.921383588584426
1200.0,20.0,260.0,False,19500.0,59209.76161794097,20000.0,0.0,44.229087437160274,-0.17993769817543212,52.33389650915969,52.175039951475775,1.1655298441369846,302.85484790619336,101324.73569326347,-0.2643067365279421,440.6541485268977,44.76508277667376,15105.266780015321,298.7828860147852,25.632886014785242,30.0,101325.0,229.79984502849229,29.70484790619338,12.43474521574271,53823.18901672341,9.996360720408468
1205.0,20.083333333333332,261.5833333333333,False,19618.75,57587.679238601115,20000.0,0.0,44.13291184392847,-0.18128377944070856,52.230817534999915,52.073045933132995,1.1655914899976727,302.8388186406547,101324.73172401071,-0.2682759892923059,440.7050665622293,44.675211152439836,15106.06571036984,298.7836542489536,25.633654248953633,30.0,101325.0,229.838554347353,29.688818640654745,12.409780875677733,53499.66860532294,10.070890482646
1210.0,20.166666666666668,263.1666666666667,False,19737.5,56010.03465420363,20000.0,0.0,44.03670332069498,-0.18514672016528666,52.12953906065467,51.96990683175658,1.1656530762421808,302.8227838867825,101324.72016891438,-0.2798310856160242,440.7582677166607,44.584368961043346,15106.863868098662,298.7844196672866,25.634419667286636,30.0,101325.0,229.8784454840491,29.672783886782497,12.384546933623152,53173.97446505924,10.144969401444875
1215.0,20.25,264.75,False,19856.25,54475.61046812028,20000.0,0.0,43.94069044978187,-0.18173337778951157,52.01883891616069,51.8658121404308,1.1657147940239416,302.8067817416303,101324.73039166855,-0.2696083314513089,440.81372001441804,44.49271160177587,15107.663730550285,298.7851822714521,25.635182271452095,30.0,101325.0,229.9195396472585,29.65678174163031,12.359086556048855,52846.70012368969,10.218594869909284
1220.0,20.333333333333332,266.3333333333333,False,19975.0,52983.22263493999,20000.0,0.0,43.844652123274386,-0.19003516058083367,51.92100074997845,51.76090904406682,1.165776127174258,302.79077535387904,101324.7051970428,-0.29480295719986316,440.8714036939092,44.400385149017296,15108.458608178382,298.78594206572274,25.63594206572276,30.0,101325.0,229.96172490571197,29.640775353879064,12.333440319171471,52518.397093115476,10.291765076309844
1225.0,20.416666666666668,267.9166666666667,False,20093.75,51531.71954679489,20000.0,0.0,43.74893030178703,-0.19241739713326284,51.81564293403616,51.655367246296244,1.1658374680046073,302.7748217169645,101324.69775955331,-0.30224044669012073,440.93128245579095,44.3075202709921,15109.253585339711,298.78669905565084,25.636699055650865,30.0,101325.0,230.00505987645852,29.624821716964505,12.307644519720027,52189.5539318238,10.364478931188275
1230.0,20.5,269.5,False,20212.5,50119.98114471675,20000.0,0.0,43.65355930733301,-0.19098617490644007,51.705360656665775,51.5493257475698,1.1658987272553345,302.75892655122215,101324.70223902853,-0.2977609714725986,440.9933283464266,44.214239661212346,15110.047505229135,298.78745324899637,25.637453248996394,30.0,101325.0,230.04951254621463,29.60892655122217,12.281733239225652,51860.62344306622,10.436735998809727
1235.0,20.583333333333332,271.0833333333333,False,20331.25,48746.91805433848,20000.0,0.0,43.558528801287366,-0.190132966696067,51.595399814408786,51.44291045977798,1.1659597533833805,302.7430881335479,101324.70489351,-0.2951064899971243,441.0575143765117,44.12065709000761,15110.838403848613,298.7882046553012,25.638204655301195,30.0,101325.0,230.09503910025148,29.593088133547894,12.25573808055767,51532.019885346555,10.50853644556557
1240.0,20.666666666666668,272.6666666666667,False,20450.0,47411.47074527336,20000.0,0.0,43.46387621973338,-0.19105853126112227,51.487280793038,51.336240847273395,1.1660204795960953,302.7273127032889,101324.70201336843,-0.2979866315727122,441.1238119364978,44.02687752538965,15111.625415565395,298.7889532856659,25.638953285665934,30.0,101325.0,230.1416115846143,29.577312703288897,12.229688201497126,51204.12002631626,10.579880987170892
1245.0,20.75,274.25,False,20568.75,46112.60871352364,20000.0,0.0,43.3696695299717,-0.19280898630698245,51.380005839080944,51.22942962738947,1.1660808958862676,302.7116115883286,101324.69652812081,-0.30347187918960117,441.192191336629,43.93299796619434,15112.408410686028,298.78969915266373,25.639699152663752,30.0,101325.0,230.18921267882394,29.561611588328617,12.203610546165095,50877.26668250451,10.650770839052017
1250.0,20.833333333333332,275.8333333333333,False,20687.5,44849.329686287434,20000.0,0.0,43.27597530542005,-0.1943167420168419,51.27243653627699,51.12258150914081,1.16614099768867,302.69599588423665,101324.6917632961,-0.30823670390236657,441.2626227746752,43.839108315776095,15113.187330045164,298.79044227028106,25.640442270281085,30.0,101325.0,230.23782607200087,29.545995884236675,12.177530087715581,50551.77234171526,10.721207671707724
1255.0,20.916666666666668,277.4166666666667,False,20806.25,43620.658848550316,20000.0,0.0,43.182841385651955,-0.1954875930242437,51.16456045469147,51.01579280470522,1.1662007578511668,302.6804735642753,101324.68803755897,-0.3119624410319375,441.33507688889983,43.745292104514284,15113.961821751123,298.7911826538486,25.641182653848603,30.0,101325.0,230.28743121740672,29.530473564275326,12.151470029031746,50227.9221992088,10.791193570694476
1260.0,21.0,279.0,False,20925.0,42425.648090864895,20000.0,0.0,43.09029937793309,-0.19702278730422224,51.057284548952595,50.90915217841886,1.1662601302723048,302.66504989632216,101324.68311854108,-0.3168814589153044,441.40952473518894,43.65162698868246,15114.731288329069,298.7919203199512,25.641920319951225,30.0,101325.0,230.33800403523622,29.515049896322182,12.125451941300682,49905.976371643694,10.86073100025757
1265.0,21.083333333333332,280.5833333333333,False,21043.75,41263.37527773785,20000.0,0.0,42.99837786820092,-0.19960421302047443,50.95148679449071,50.80274196000907,1.1663190706241213,302.64972964470013,101324.67476047465,-0.3252395253512077,441.4859374442054,43.55818509665925,15115.495155288612,298.79265528632624,25.64265528632626,30.0,101325.0,230.389520823814,29.499729644700153,12.099495860183126,49586.171551746374,10.929822769648812
1270.0,21.166666666666668,282.1666666666667,False,21162.5,40132.94353605987,20000.0,0.0,42.907116338887135,-0.20306658658433305,50.84705262118942,50.696639428539626,1.1663775582069125,302.6345193898145,101324.66337927684,-0.33662072315928526,441.56428584601076,43.46503331775025,15116.253154361584,298.7933875717629,25.6433875717629,30.0,101325.0,230.4419623815192,29.484519389814523,12.073620366041734,49268.722441243954,10.998472001588388
1275.0,21.25,283.75,False,21281.25,39033.48056302945,20000.0,0.0,42.81657083775508,-0.20613628796534028,50.74257117888166,50.590917543074404,1.1664356046595055,302.61942847295916,101324.65312514926,-0.3468748507439159,441.6445403262851,43.372233615796056,15117.00543638719,298.7941171960183,25.64411719601833,30.0,101325.0,230.49531565682867,29.46942847295918,12.047842671054461,48953.823244359424,11.066682102758946
1280.0,21.333333333333332,285.3333333333333,False,21400.0,37964.13795303641,20000.0,0.0,42.72680501665002,-0.2070289883081145,50.636031689084206,50.4856447704199,1.1664932393646497,302.604467502775,101324.65011426939,-0.3498857306112768,441.7266711094621,43.27984343734197,15117.75238216586,298.79484417975715,25.644844179757172,30.0,101325.0,230.54957101733342,29.454467502775003,12.02217873259499,48641.64945312514,11.134456736576643
1285.0,21.416666666666668,286.9166666666667,False,21518.75,36924.09054298589,20000.0,0.0,42.63786350323642,-0.20491255301959882,50.52652747890241,50.38088386375589,1.1665504667242674,302.58964391720605,101324.65723139278,-0.3427686072245706,441.81064907068406,43.18791625468888,15118.494048746506,298.795568544523,25.64556854452303,30.0,101325.0,230.60471423114527,29.43964391720607,11.996643404080245,48332.36004928658,11.201799798731097
1290.0,21.5,288.5,False,21637.5,35912.5357755575,20000.0,20.0,42.549634353990086,-0.20702867986058235,73.7105111315182,73.6088260286045,1.1666070780512692,302.5749390589983,101324.65011531196,-0.3498846880393103,441.89653900188836,43.096502167261484,15119.22773154445,298.79629031272526,25.646290312725284,30.0,101325.0,230.66073795281457,29.424939058998348,11.971250602017077,48026.099852820626,11.268715395885337
1295.0,21.583333333333332,290.0833333333333,False,21756.25,34928.693079908255,20000.0,20.0,42.48843056460521,-0.20934939743453942,73.60980908099424,73.50769799477591,1.166646318079896,302.5647384274342,101324.64222718199,-0.35777281800983474,441.81863452655926,43.007697239174625,15119.736282315453,298.7970098681142,25.647009868114196,30.0,101325.0,230.6278305916855,29.4147384274342,11.946582566437396,47729.82253745041,11.335212564211915
1300.0,21.666666666666668,291.6666666666667,False,21875.0,33971.80326934159,20000.0,20.0,42.42800015510181,-0.21145955886411608,73.51389137100055,73.41157173804399,1.1666850710759507,302.55466669251695,101324.63497840788,-0.3650215921225026,441.74432478648265,42.9232117201446,15120.23852114432,298.79772760331076,25.647727603310784,30.0,101325.0,230.59670073513948,29.40466669251697,11.923114366706834,47449.08935976883,11.401309030807205
1305.0,21.75,293.25,False,21993.75,33041.12795547742,20000.0,20.0,42.36823781573753,-0.2080731709326591,73.41592781414249,73.3197887709318,1.1667236142747293,302.5447063026229,101324.64657596358,-0.3534240364242578,441.6749225674215,42.84246575099073,15120.73804100049,298.7984435337034,25.648443533703414,30.0,101325.0,230.56808872098782,29.39470630262292,11.900684930830758,47181.81300559302,11.467024935227595
1310.0,21.833333333333332,294.8333333333333,False,22112.5,32135.948978471486,20000.0,20.0,42.308988539840925,-0.20967818378946956,73.32756839011104,73.23176655635527,1.16676163365563,302.5348314233068,101324.64110252443,-0.35889747556939255,441.6102826364709,42.764976533304186,15121.230772176963,298.799157676137,25.64915767613701,30.0,101325.0,230.5418569563604,29.38483142330682,11.87916014814005,46926.26237779913,11.532377765354951
1315.0,21.916666666666668,296.4166666666667,False,22231.25,31255.56785284391,20000.0,20.0,42.25031163271933,-0.21438016772926669,73.24613542894167,73.14703494454884,1.166799163186944,302.52505193878653,101324.62482566273,-0.3751743372704368,441.55026123924625,42.69033887953624,15121.717154902795,298.799870048071,25.649870048071023,30.0,101325.0,230.51793739153607,29.375051938786555,11.858427466537846,46680.989929565236,11.59738280167951
1320.0,22.0,298.0,True,22350.0,280399.3052284898,20000.0,20.0,42.19147598403674,-0.22904922897897367,73.17922997710915,73.06520570230947,1.1668363731485942,302.51524599733943,101324.5717261282,-0.42827387180295773,441.4947167156036,42.61821055950641,15122.19939600578,298.80058066714207,25.650580667142094,30.0,101325.0,230.49628997750557,29.365245997339457,11.838391822085113,46444.77706353411,11.662053473202494
1325.0,22.083333333333332,299.5833333333333,True,22468.75,279566.5003664556,20000.0,20.0,42.626020477710654,0.48096631853097427,72.87690674220656,73.57478965632033,1.1665837639246321,302.5876700796184,101326.88839673111,1.8883967311121523,441.4451205265135,42.587620723002445,15118.925580463234,298.80129647613575,25.65129647613577,30.0,101325.0,230.4205020196298,29.437670079618442,11.829894645278456,46344.83959969994,11.726490706996408
1330.0,22.166666666666668,301.1666666666667,True,22587.5,278756.51062907686,20000.0,20.0,43.03551150227406,0.4723076347427302,72.92162725225256,73.59284525031808,1.166319925268696,302.6559185837123,101326.82101634152,1.8210163415205898,441.399138742392,42.626027269690816,15115.5062314823,298.8020237931895,25.652023793189528,30.0,101325.0,230.3443936942105,29.505918583712344,11.84056313046967,46470.337401349294,11.790945691024916
1335.0,22.25,302.75,True,22706.25,277968.710984084,20000.0,20.0,43.42891777547334,0.4635503221718443,73.03118935292414,73.67636436805878,1.1660665372434653,302.7214862959122,101326.75411347907,1.754113479066291,441.3561453786991,42.720120604726354,15112.22232267531,298.80276212192337,25.652762121923388,30.0,101325.0,230.2719191457993,29.571486295912223,11.866700167979541,46778.75517609722,11.855702005314809
1340.0,22.333333333333332,304.3333333333333,True,22825.0,277202.4935222933,20000.0,20.0,43.80683349851665,0.4533148638615168,73.19282840175862,73.81088647046806,1.1658230878537008,302.78447224975275,101326.67750502692,1.6775050269206986,441.3156667187427,42.858938289706664,15109.067218583963,298.8035110233285,25.65351102332852,30.0,101325.0,230.20272855245886,29.634472249752775,11.90526063602963,47236.25686829279,11.920990208123413
1345.0,22.416666666666668,305.9166666666667,True,22943.75,276457.26698851096,20000.0,20.0,44.16992185771278,0.44332963557933946,73.3958471419963,73.98767204600502,1.165589291410703,302.84498697628544,101326.60441767986,1.6044176798604894,441.27732348470073,43.03329338354462,15106.037216682711,298.8042700752674,25.654270075267448,30.0,101325.0,230.13656634299176,29.694986976285463,11.953692606540173,47815.09285523824,11.986998089875865
1350.0,22.5,307.5,True,23062.5,275732.4563252883,20000.0,0.0,44.518657876922475,0.43528116565857594,50.34332951615546,50.89239389338429,1.1653649679840172,302.9031096461537,101326.54669137287,1.546691372874193,441.2428306572421,43.23549605139114,15103.129985072863,298.8050388714396,25.655038871439615,30.0,101325.0,230.07429005833967,29.753109646153746,12.009860014275317,48492.27827378222,12.053878208715462
1355.0,22.583333333333332,309.0833333333333,True,23181.25,275027.5022291763,20000.0,0.0,44.843916326175986,0.42935193536045624,50.60274709047101,51.135944375593745,1.1651559618877152,302.957319387696,101326.50484150529,1.5048415052879136,441.36967219473837,43.45828718614082,15100.42126606479,298.80581687379686,25.65581687379688,30.0,101325.0,230.09915292162566,29.807319387695998,12.071746440594673,49245.78526558497,12.121751863951134
1360.0,22.666666666666668,310.6666666666667,True,23300.0,274341.86071913625,20000.0,0.0,45.158572051176066,0.421282740708548,50.87949669470883,51.394547293111806,1.1649536613683051,303.0097620085293,101326.44880936832,1.4488093683175975,441.49550034618073,43.695963290130095,15097.799451333234,298.80660361543266,25.656603615432687,30.0,101325.0,230.12478846659644,29.859762008529344,12.137767580591692,50058.1971256787,12.190712962833958
1365.0,22.75,312.25,True,23418.75,273675.0027167745,20000.0,0.0,45.46308064521713,0.41469869373531987,51.169069409508964,51.66791123029088,1.1647580582009744,303.0605134408695,101326.40387760478,1.4038776047818828,441.6197080942047,43.94465204567445,15095.264434284629,298.80739880744596,25.657398807445986,30.0,101325.0,230.15088012765693,29.910513440869522,12.206847790465126,50917.76596800172,12.26083515942679
1370.0,22.833333333333332,313.8333333333333,True,23537.5,273026.4136380766,20000.0,0.0,45.757694970212356,0.40891680010391046,51.46770114758937,51.951463578592616,1.1645689258733132,303.1096158283687,101326.36500366863,1.3650036686303793,441.7422207627394,44.20112080641567,15092.81327931814,298.80820216917823,25.658202169178253,30.0,101325.0,230.1773457653791,29.959615828368726,12.278089112893241,51814.474273987325,12.332176992928172
1375.0,22.916666666666668,315.4166666666667,True,23656.25,272395.5929963262,20000.0,0.0,46.04255092374126,0.40001678576054434,51.77225702216785,52.23748720348093,1.1643858728944683,303.1570918206235,101326.30623207257,1.3062320725730387,441.86298876207894,44.46267729144196,15090.440912712309,298.8090134279451,25.659013427945126,30.0,101325.0,230.2040836392849,30.007091820623543,12.350743692067212,52739.751618350725,12.404784094242297
1380.0,23.0,317.0,True,23775.0,271782.05401590245,20000.0,20.0,46.31809963025091,0.39414620602417644,75.3680855466865,75.81471877255031,1.1642090713685882,303.2030166050418,101326.26817332019,1.2681733201898169,441.98066655638684,44.72707698065498,15088.149564936904,298.8098323174023,25.659832317402334,30.0,101325.0,230.23042830062525,30.05301660504182,12.42418805018194,53686.21684189497,12.478691016784135
1385.0,23.083333333333332,318.5833333333333,True,23893.75,271185.3232566569,20000.0,20.0,46.58115911773643,0.3898789112551544,75.67681113154842,76.10740054501967,1.16404043696748,303.24685985295605,101326.2408617587,1.24086175870616,441.93021753107166,44.992214466267185,15085.964063098541,298.8106585354348,25.660658535434834,30.0,101325.0,230.17080427792897,30.096859852956072,12.497837351740886,54646.626639038106,12.553922158090337
1390.0,23.166666666666668,320.1666666666667,True,24012.5,270604.9402485815,20000.0,20.0,46.833351357503375,0.38191902363298336,75.98416390408971,76.39476663699476,1.1638785394989883,303.2888918929172,101326.19071135194,1.1907113519409904,441.8809495700328,45.25617296307913,15083.86587190689,298.81149175362185,25.661491753621874,30.0,101325.0,230.11313488825306,30.13889189291723,12.57115915641087,55614.076128718414,12.630492090567946
1395.0,23.25,321.75,True,24131.25,270040.45713648526,20000.0,20.0,47.075214130455834,0.3748866701865593,76.28846803082027,76.68052559960604,1.1637233686990776,303.32920235507595,101326.14726543252,1.147265432518907,441.83316359997303,45.51751324382992,15081.854858340044,298.81233167735087,25.662331677350892,30.0,101325.0,230.05757408945922,30.179202355075972,12.643753678841643,56583.11235054572,12.708406804789659
1400.0,23.333333333333332,323.3333333333333,True,24250.0,269491.43833440385,20000.0,20.0,47.30717787372521,0.37075672595078063,76.58837364012412,76.96562261026284,1.1635747773277596,303.3678629789542,101326.12212693745,1.1221269374509575,441.7868596799464,45.775076021490186,15079.929114167766,298.81317802278886,25.663178022788884,30.0,101325.0,230.00409206718314,30.2178629789542,12.715298894858384,57549.09164111973,12.787665279783871
1405.0,23.416666666666668,324.91666666666663,True,24368.749999999996,268957.4601894784,20000.0,20.0,47.52951443642701,0.36676205969469644,76.88280623060373,77.24574508951414,1.1634323889973908,303.4049190727378,101326.09807680352,1.0980768035224173,441.7420458352003,46.027938500500376,15078.083761406186,298.8140305167317,25.664030516731714,30.0,101325.0,229.95261790141552,30.254919072737835,12.785538472361216,58508.076804142715,12.868260535648638
1410.0,23.5,326.5,False,24487.5,138438.11065504162,20000.0,20.0,47.74085529297167,0.34453597176792355,77.17092071524634,77.49866622535565,1.1632958555542727,303.4401425488286,101325.96902070075,0.969020700751571,441.6987360163061,46.27537490931231,15076.314287983376,298.81488889599433,25.664888895994352,30.0,101325.0,229.90308938957207,30.290142548828612,12.854270808142308,59456.73931882607,12.950180546845145
1415.0,23.583333333333332,328.0833333333333,False,24606.25,134645.52622662194,20000.0,20.0,47.68479780372206,-0.042242550552197625,77.47664372216639,77.35579286959455,1.16332038186132,303.43079963395365,101324.98543319937,-0.014566800629836507,441.656730586244,46.49569119198685,15076.632148922707,298.8157491824207,25.66574918242071,30.0,101325.0,229.88607236078676,30.280799633953677,12.915469775551903,60310.006457684096,13.033351898078832
1420.0,23.666666666666668,329.66666666666663,False,24724.999999999996,130956.84163169921,20000.0,20.0,47.628854372048636,0.09379018247561208,77.6349346066322,77.67463991777507,1.1633571215069194,303.42147572867475,101325.07180896595,0.07180896594945807,441.6164830376502,46.673875981085224,15077.108294729675,298.8166078058532,25.666607805853232,30.0,101325.0,229.8723827039448,30.271475728674773,12.96496555030145,61006.04265635734,13.117599154408028
1425.0,23.75,331.25,False,24843.75,127369.21048000724,20000.0,20.0,47.56780788790911,0.09996218869343386,77.80003726412738,77.84939318742806,1.1633962449174644,303.4113013146515,101325.08157093199,0.08157093198678922,441.57835949818895,46.81566825753599,15077.61533413034,298.81746463495386,25.667464634953888,30.0,101325.0,229.8602683354513,30.26130131465152,13.004352293759998,61563.73092264136,13.202717052726777
1430.0,23.833333333333332,332.8333333333333,False,24962.5,123879.86435962957,20000.0,20.0,47.50191525218588,-0.04115540721595256,77.97638751815693,77.86416104837524,1.1634372607045276,303.4003192086976,101324.98617332618,-0.013826673821313307,441.5426214888831,46.925964706703695,15078.146898730676,298.81831954501337,25.66831954501339,30.0,101325.0,229.8497683033439,30.250319208697647,13.034990196306582,61999.88433491846,13.28852511887786
1435.0,23.916666666666668,334.41666666666663,False,25081.249999999996,120486.11070074169,20000.0,20.0,47.43263177627921,-0.021207549480982607,78.04981085776645,77.96370694977473,1.1634816587678678,303.3887719627132,101324.99632848853,-0.0036715114692924544,441.5094272582853,47.00896946870537,15078.722297631568,298.819172422082,25.669172422082,30.0,101325.0,229.84125935308748,30.2387719627132,13.05804707464038,62329.47120808503,13.374864949116057
1440.0,24.0,336.0,False,25200.0,117185.33069787733,20000.0,0.0,47.35967000242863,-0.0439074343342511,54.857360620636335,54.7652880500362,1.163528156241344,303.3766116670714,101324.98426234457,-0.01573765542707406,441.47916408271806,47.06829633324021,15079.324904887817,298.8200231621916,25.670023162191626,30.0,101325.0,229.8346896945847,30.226611667071438,13.074526759233393,62565.75467868687,13.46159774487076
1445.0,24.083333333333332,337.5833333333333,False,25318.75,113974.97728911534,20000.0,0.0,47.29375428164565,0.05480471200467795,54.852307428638326,54.877102020936015,1.1635707540413056,303.3656257136076,101325.02451882823,0.024518828227883205,441.6156376240872,47.107864021578784,15079.876972375321,298.8208718130958,25.6708718130958,30.0,101325.0,229.9141550705093,30.215625713607608,13.085517783771884,62723.67396672644,13.548604292541185
1450.0,24.166666666666668,339.16666666666663,False,25437.499999999996,110852.57319062772,20000.0,0.0,47.223509086405215,-0.06147837061749569,54.95071385976087,54.842221446627505,1.163615024575798,303.3539181810675,101324.96914620364,-0.030853796357405372,441.7518665377133,47.13089835413609,15080.45071850234,298.82171841406796,25.671718414067982,30.0,101325.0,229.99382890946404,30.203918181067536,13.09191620948225,62815.72894990631,13.635784433455514
1455.0,24.25,340.75,False,25556.25,107815.70898507221,20000.0,0.0,47.15028451161493,0.05455519636120438,54.88899593988857,54.917802698350755,1.1636624727009006,303.34171408526913,101325.02429607714,0.024296077142935246,441.88791251317343,47.139372584848964,15081.065646203673,298.8225628632055,25.672562863205542,30.0,101325.0,230.07404115542354,30.191714085269155,13.094270162458045,62849.618227332976,13.723052035661931
1460.0,24.333333333333332,342.3333333333333,False,25675.0,104862.04126235456,20000.0,0.0,47.073146015177144,-0.07621523885541139,54.97264470129394,54.851511895395156,1.163710970216379,303.32885766919617,101324.95258152952,-0.04741847047989722,442.02391209636426,47.13499597343843,15081.694174004273,298.82340506562963,25.67340506562965,30.0,101325.0,230.15444256674607,30.17885766919619,13.093054437066229,62832.11420870543,13.81033101652029
1465.0,24.416666666666668,343.91666666666663,False,25793.749999999996,101989.2908113253,20000.0,0.0,46.99332267581781,-0.08449421435056276,54.963959094778616,54.83559627075502,1.1637618876347353,303.31555377930295,101324.94172022646,-0.05827977354056202,442.15995311297667,47.11925768784587,15082.354063746168,298.8242449341783,25.67424493417832,30.0,101325.0,230.23535020159775,30.165553779302968,13.088682691068296,62769.196650801714,13.897554149061616
1470.0,24.5,345.5,False,25912.5,99195.24086101624,20000.0,0.0,46.9106535852236,-0.10449172247463294,54.95719918352524,54.80804069665451,1.163814399845487,303.30177559753724,101324.91086922395,-0.08913077604665887,442.29613171682905,47.0934546813745,15083.034621997513,298.8250823882175,25.675082388217504,30.0,101325.0,230.31665128707914,30.151775597537267,13.081515189270696,62666.133871382764,13.984662017479799
1475.0,24.583333333333332,347.0833333333333,False,26031.25,96477.73537005894,20000.0,0.0,46.82581125058425,-0.0819109966663089,54.89048594921504,54.770212721481045,1.163869055845881,303.2876352084307,101324.9452292949,-0.054770705100963823,442.43251574924733,47.05874122727229,15083.74296376262,298.8259173574048,25.675917357404842,30.0,101325.0,230.3984901320379,30.13763520843071,13.071872563131192,62527.65890448189,14.071602151351927
1480.0,24.666666666666668,348.66666666666663,False,26149.999999999996,93834.6773629656,20000.0,0.0,46.73841028763161,-0.0955649485107776,54.8567508947362,54.723219241598876,1.1639247316300025,303.2730683812719,101324.9254476785,-0.0745523215009598,442.5691902063853,47.01611517865291,15084.464521924834,298.82674977518985,25.676749775189876,30.0,101325.0,230.4806888322961,30.123068381271935,13.060031994070252,62357.89914640473,14.158328233331709
1485.0,24.75,350.25,False,26268.75,91264.02731198841,20000.0,0.0,46.64911462634802,-0.0862314304361329,54.788058095067385,54.66810809793803,1.1639820111802963,303.258185771058,101324.93929910535,-0.06070089465356432,442.70620617692055,46.96645444073805,15085.206864896641,298.8275795809657,25.6775795809657,30.0,101325.0,230.56338988000874,30.108185771058004,13.046237344649459,62160.511325377855,14.24479935171489
1490.0,24.833333333333332,351.8333333333333,False,26387.5,88763.80156330862,20000.0,0.0,46.55779407151283,-0.09762003531542972,54.73621546967314,54.60575924063867,1.1640402363364433,303.24296567858545,101324.92220676494,-0.07779323506110813,442.8436316294132,46.91054272530828,15085.961462920306,298.8284067216679,25.678406721667898,30.0,101325.0,230.6464985866144,30.092965678585472,13.030706312585634,61938.77657513409,14.330979412756914
1495.0,24.916666666666668,353.41666666666663,False,26506.249999999996,86332.0708063411,20000.0,0.0,46.464885158065385,-0.09767581556930348,54.66470025615773,54.53698590848878,1.1640996789780245,303.22748085967754,101324.92211783717,-0.07788216283370275,442.98151018325837,46.84906876391151,15086.731839555197,298.8292311485926,25.679231148592635,30.0,101325.0,230.73009176584347,30.077480859677564,13.013630212197642,61695.592364252356,14.416836613409266
1500.0,25.0,355.0,False,26625.0,83966.95858497293,20000.0,0.0,46.3705520699948,-0.08873363317798103,54.576937695005654,54.462486595771736,1.1641601963888402,303.21175867833244,101324.93572524362,-0.06427475638338365,443.1198878750828,46.782639334956926,15087.51614519937,298.83005281755624,25.68005281755626,30.0,101325.0,230.81416536306483,30.061758678332467,12.995177593043591,61433.52134477375,14.502342942373868
1505.0,25.083333333333332,356.5833333333333,False,26743.75,81666.6398495877,20000.0,0.0,46.2745105589903,-0.12404797535102675,54.53557403841308,54.382857855362985,1.1642209522657034,303.1957517598317,101324.87438448826,-0.12561551174439956,443.2588196985815,46.71180135482693,15088.303541363517,298.83087169023094,25.68087169023096,30.0,101325.0,230.89858240228685,30.045751759831717,12.975500376340815,61154.87693029975,14.587473774509338
1510.0,25.166666666666668,358.16666666666663,False,26862.499999999996,79429.33954875736,20000.0,0.0,46.1776638623694,-0.1197894573727861,54.44356220292035,54.29871309628169,1.1642830321517532,303.1796106437282,101324.8828611094,-0.11713889059319627,443.3983178834168,46.63703893024215,15089.108096686721,298.83168773225054,25.681687732250566,30.0,101325.0,230.98356470633505,30.029610643728233,12.954733036178375,60861.71077082159,14.672207515968449
1515.0,25.25,359.75,False,26981.25,77253.33125951605,20000.0,0.0,46.07960906602682,-0.1341952688655206,54.36922376058733,54.21051572007909,1.1643454513351412,303.1632681776711,101324.85299289644,-0.1470071035582805,443.5384319687877,46.55879031254558,15089.91704930343,298.8325009143907,25.682500914390744,30.0,101325.0,231.06894295869245,30.013268177671137,12.93299730904044,60555.879250242324,14.75652528681641
1520.0,25.333333333333332,361.3333333333333,False,27100.0,75136.93585515767,20000.0,0.0,45.98092455289668,-0.12632480070080074,54.26534592993059,54.11875155688651,1.1644088159713355,303.1468207588161,101324.86973097737,-0.13026902262936346,443.6791759826815,46.47744916955246,15090.738254988508,298.8333112115042,25.683311211504247,30.0,101325.0,231.15484491540298,29.996820758816114,12.910402547097906,60239.04859826999,14.840410653377877
1525.0,25.416666666666668,362.91666666666663,False,27218.749999999996,73078.52020953024,20000.0,0.0,45.88146599401216,-0.12210075128645,54.16251573696465,54.02379759022016,1.1644725891505097,303.13024433233534,101324.8782971962,-0.1217028037935961,443.82058376518125,46.39336133247316,15091.564755390606,298.83411860085903,25.68411860085905,30.0,101325.0,231.24118182051197,29.98024433233536,12.88704481457588,59912.68306656063,14.923849355922899
1530.0,25.5,364.5,False,27337.5,71076.49593682666,20000.0,0.0,45.78102425326233,-0.15124466726521069,54.095720245524,53.92600397582481,1.164536152989419,303.11350404221037,101324.81326571938,-0.18673428062174935,443.9626881944981,46.3068525931069,15092.388542742869,298.8349230655296,25.68492306552963,30.0,101325.0,231.32784820101253,29.96350404221039,12.863014609196362,59578.153817246675,15.006829103758875
1535.0,25.583333333333332,366.0833333333333,False,27456.25,69129.31816589955,20000.0,0.0,45.680499295083905,-0.14567177397925823,53.98601917246603,53.82576204838497,1.164600679848821,303.09674988251396,101324.82677334094,-0.17322665905521717,444.1054826767749,46.218212800092296,15093.224810840722,298.835724591195,25.685724591195026,30.0,101325.0,231.41507359754092,29.946749882513984,12.838392444470083,59236.67782055519,15.08933940350735
1540.0,25.666666666666668,367.66666666666663,False,27574.999999999996,67235.48434815442,20000.0,0.0,45.579565919944685,-0.14297854307110225,53.87748965554956,53.723335261813986,1.1646653931006417,303.0799276533241,101324.83311947936,-0.16688052064273506,444.2489982434287,46.12769949211638,15094.063494584316,298.8365231657032,25.68652316570325,30.0,101325.0,231.50272005343615,29.929927653324114,12.813249858921216,58889.333307894245,15.171371355679884
1545.0,25.75,369.25,False,27693.75,65393.53309810114,20000.0,0.0,45.478110864757355,-0.160640646535301,53.790755296054364,53.618978851601746,1.1647298715354863,303.06301847745954,101324.78934353209,-0.21065646791248582,444.39325662924364,46.035548810055666,15094.899135099904,298.8373187804006,25.68731878040063,30.0,101325.0,231.59071524232525,29.91301847745956,12.787652447237685,58537.10297053604,15.252917491984348
1550.0,25.833333333333332,370.8333333333333,False,27812.5,63602.0430656693,20000.0,0.0,45.37670188280583,-0.16155826167620355,53.68288238269844,53.51298951542801,1.164794803139459,303.0461169804676,101324.78693002518,-0.21306997482315637,444.53825444503263,45.9419885555765,15095.740648687388,298.83811143148137,25.68811143148139,30.0,101325.0,231.67919425802052,29.89611698046764,12.76166348766014,58180.92454247551,15.333971677757274
1555.0,25.916666666666668,372.41666666666663,False,27931.249999999996,61859.631839416754,20000.0,0.0,45.27536544082011,-0.15162778894741763,53.560959358411324,53.4055817038015,1.1648600151315773,303.02922757347,101324.81231847852,-0.18768152147822548,444.68400437828774,45.84720997378303,15096.585796105242,298.8389011148389,25.688901114838927,30.0,101325.0,231.76812948822933,29.87922757347002,12.735336103828619,57821.5841568208,15.414528975465117
1560.0,26.0,374.0,False,28050.0,60164.95487978574,20000.0,0.0,45.17379435019211,-0.16100797281010207,53.46031733766814,53.29693796208016,1.1649248176240234,303.01229905836533,101324.78837904238,-0.21162095761974342,444.83052851889215,45.751397133751865,15097.425636407343,298.83968783058,25.68968783058,30.0,101325.0,231.8573952576799,29.862299058365352,12.708721426042185,57459.82950462173,15.494585512730007
1565.0,26.083333333333332,375.5833333333333,False,28168.75,58516.70448158271,20000.0,0.0,45.07234496785338,-0.16838724796717205,53.35634337338194,53.187278124668424,1.1649895964703192,302.99539082797554,101324.76853660998,-0.23146339002414607,444.9778247395541,45.65472368664495,15098.265170255338,298.84047158185035,25.690471581850375,30.0,101325.0,231.94706726696842,29.845390827975564,12.681867690734707,57096.3579429284,15.574138420679695
1570.0,26.166666666666668,377.16666666666663,False,28287.499999999996,56913.60876488163,20000.0,0.0,44.97114151531048,-0.17091147104422524,53.24588726458402,53.07677624475638,1.1650543726951947,302.97852358588506,101324.7615450536,-0.23845494640409015,445.12589716912834,45.55733834290539,15099.104670129724,298.841252372161,25.691252372161046,30.0,101325.0,232.03715191823528,29.82852358588508,12.654816206362609,56731.762842474,15.65318572678067
1575.0,26.25,378.75,False,28406.25,55354.430693572125,20000.0,0.0,44.87019369118866,-0.17320592353900544,53.13450377729141,52.965594670635234,1.1651189985653023,302.9616989485314,101324.75509965756,-0.2449003424408147,445.2747522852306,45.459386325221466,15099.942221406318,298.8420302085936,25.69203020859362,30.0,101325.0,232.12762322228028,29.811698948531443,12.62760731256152,56366.615223067325,15.731726267103962
1580.0,26.333333333333332,380.3333333333333,False,28525.0,53837.96712079486,20000.0,0.0,44.76957064388216,-0.17524284721822264,53.02231467294871,52.85388556546991,1.1651834309123186,302.944928440647,101324.74930566938,-0.25069433062162716,445.42439318504444,45.36099996211431,15100.777264623648,298.8428050998411,25.69280509984111,30.0,101325.0,232.21847422829822,29.794928440647027,12.600277767253976,56001.429088210745,15.809759631209017
1585.0,26.416666666666668,381.91666666666663,False,28643.749999999996,52363.04786052785,20000.0,0.0,44.66937669439244,-0.17433955796735887,52.90633548153087,52.74178923470399,1.1652476915739023,302.9282294490654,101324.75188341655,-0.24811658344697207,445.5748204542356,45.262298836623785,15101.610082797773,298.8435770560164,25.69357705601641,30.0,101325.0,232.3097096243938,29.778229449065407,12.57286078795105,55636.66294235186,15.88728608400802
1590.0,26.5,383.5,False,28762.5,50928.53478460701,20000.0,0.0,44.56966462516402,-0.17095129242006557,52.78722871410677,52.62943594837507,1.1653117305442036,302.91161077086065,101324.76143392343,-0.23856607657216955,445.7260352454132,45.16339668510587,15102.44002785288,298.84434608949624,25.694346089496264,30.0,101325.0,232.40132007189632,29.76161077086067,12.545387968084965,55272.746111289445,15.964306506961938
1595.0,26.583333333333332,385.0833333333333,False,28881.25,49533.32094448446,20000.0,0.0,44.47029919271961,-0.17823299505498366,52.68043418515561,52.516932640406196,1.1653752056920332,302.89504986545325,101324.74067754672,-0.25932245327567216,445.878044293407,45.06439847346858,15103.26266576875,298.8451122141904,25.69511221419043,30.0,101325.0,232.49324084979907,29.745049865453268,12.517888464852382,54910.06851626976,16.040822350453297
1600.0,26.666666666666668,386.66666666666663,False,28999.999999999996,48176.32971704658,20000.0,0.0,44.37156598358365,-0.1801839947955526,52.567431089324586,52.40440512020863,1.1654384554114252,302.87859433059725,101324.73496920832,-0.26503079167741816,446.03083844299306,44.96539896798646,15104.082382132072,298.8458754451041,25.69587544510415,30.0,101325.0,232.58553466968667,29.728594330597275,12.490388602218461,54548.976189200104,16.116835575943206
1605.0,26.75,388.25,False,29118.75,46856.51397383288,20000.0,0.0,44.273500948501805,-0.17785243849484894,52.44954440043147,52.29195572480144,1.1655014274955735,302.8622501580836,101324.7417837561,-0.2582162439066451,446.1844163444795,44.86648792628788,15104.898500342633,298.84663579897483,25.696635798974853,30.0,101325.0,232.6781904256826,29.712250158083634,12.462913312857745,54189.790926749716,16.192348608662616
1610.0,26.833333333333332,389.8333333333333,False,29237.5,45572.855273014604,20000.0,0.0,44.17595885155981,-0.18387869704245893,52.34159038011379,52.17966753228718,1.1655637878481702,302.8459931419266,101324.72398877367,-0.27601122633495834,446.33878230687174,44.76774937270466,15105.706690512285,298.84739329397416,25.697393293974187,30.0,101325.0,232.7711436526597,29.695993141926635,12.435485936862404,53832.80811556406,16.267364302442
1615.0,26.916666666666668,391.41666666666663,False,29356.249999999996,44324.36307350939,20000.0,0.0,44.07922726632728,-0.182106139181386,52.224843946105544,52.067644781181464,1.1656259005704517,302.8298712110545,101324.72928452304,-0.2707154769595945,446.4939242606015,44.6692585980629,15106.511671393053,298.8481479490382,25.69814794903823,30.0,101325.0,232.86446073387592,29.679871211054547,12.408127388350806,53478.28646195431,16.34188589589861
1620.0,27.0,393.0,False,29475.0,43110.07397062578,20000.0,0.0,43.98318159130406,-0.18328265205218663,52.11190438547855,51.955959354651924,1.165687478538695,302.81386359855065,101324.72577526087,-0.27422473912884016,446.6498442013129,44.57108814429737,15107.309721861488,298.84889978469533,25.698899784695357,30.0,101325.0,232.95808534277037,29.663863598550677,12.38085781786038,53126.47013878136,16.415916976871344
1625.0,27.083333333333332,394.5833333333333,False,29593.75,41929.05095264759,20000.0,0.0,43.887838844886915,-0.18858619402517726,52.004220552915804,51.844686371699844,1.165748467125988,302.79797314081446,101324.70967548917,-0.2903245108318515,446.8065383448019,44.473304347992546,15108.100133952803,298.84964882234664,25.69964882234666,30.0,101325.0,233.0520045371028,29.647973140814486,12.35369565222015,52777.576755679795,16.489461453881386
1630.0,27.166666666666668,396.16666666666663,False,29712.499999999996,40780.38267778453,20000.0,0.0,43.79345888689011,-0.1835558323994697,51.88502383368002,51.73391087195785,1.1658092053387807,302.782243147815,101324.72495719504,-0.2750428049621405,446.9639932878591,44.37596704078531,15108.887301190598,298.85039508408227,25.700395084082288,30.0,101325.0,233.1462790616455,29.632243147815018,12.326657511329254,52431.796846055586,16.56252351888259
1635.0,27.25,397.75,False,29831.25,39663.18277093121,20000.0,0.0,43.69979074384946,-0.18627466406756507,51.77543886275927,51.623680977836706,1.1658692227479241,302.76663179064155,101324.71674897573,-0.2832510242733406,447.12221377650735,44.279135232818824,15109.665126813097,298.8511385934874,25.70113859348743,30.0,101325.0,233.2408172884138,29.616631790641577,12.299759786894118,52089.31449394111,16.63510762397981
1640.0,27.333333333333332,399.3333333333333,False,29950.0,38576.589139691714,20000.0,0.0,43.606940989598684,-0.19164137160902098,51.66958654182532,51.51406260350266,1.1659286250000436,302.75115683159976,101324.70019252806,-0.29980747193621937,447.28119086453864,44.182861196585456,15110.434980000564,298.8518793745485,25.701879374548525,30.0,101325.0,233.33563560188892,29.60115683159978,12.273016999051514,51750.286673396,16.707218458123794
1645.0,27.416666666666668,400.91666666666663,False,30068.749999999996,37519.763309142065,20000.0,0.0,43.515079541200976,-0.19068101429655948,51.557072190826176,51.40512116508353,1.1659876239278213,302.73584659020014,101324.70318980234,-0.2968101976584876,447.4409126196266,44.08719278847653,15111.199606104563,298.8526174519258,25.702617451925846,30.0,101325.0,233.43077011492298,29.585846590200163,12.246442441243481,51414.85195154031,16.77886091550222
1650.0,27.5,402.5,False,30187.5,36491.889774817275,20000.0,20.0,43.42419534201338,-0.19121541873179998,74.73501888471974,74.61781728835203,1.166045947782212,302.7206992236689,101324.70152378481,-0.2984762151900213,447.60042109320386,43.99217580599899,15111.955483257469,298.8533528512361,25.703352851236104,30.0,101325.0,233.52566658776027,29.570699223668896,12.22004883499972,51083.139096924424,16.850040075952542
1655.0,27.583333333333332,404.0833333333333,False,30306.25,35492.17537342357,20000.0,20.0,43.35393916236421,-0.19191021517377954,74.62782779106574,74.51254491265931,1.1660910276638579,302.708989860394,101324.6993507699,-0.3006492301065009,447.5512908581543,43.899423925709684,15112.539718523598,298.85408587536193,25.704085875361955,30.0,101325.0,233.509061189647,29.558989860394036,12.194284423808245,50760.71303718412,16.920764973267897
1660.0,27.666666666666668,405.66666666666663,False,30424.999999999996,34519.84867079038,20000.0,20.0,43.28456201865038,-0.19569012009671236,74.52833908791682,74.4113374253104,1.1661354339849441,302.6974270031084,101324.68739083181,-0.3126091681915568,447.50642238160225,43.81020184853685,15113.115224444877,298.85481682415167,25.704816824151692,30.0,101325.0,233.4945425936038,29.547427003108396,12.169500513482458,50451.84034787667,16.99105146867419
1665.0,27.75,407.25,False,30543.75,33574.15936658954,20000.0,20.0,43.21617469069929,-0.19489456779220918,74.42716188501946,74.31373708236133,1.1661793749550737,302.6860291151165,101324.68992740772,-0.31007259228499606,447.4660026422845,43.724105123385684,15113.684699417756,298.85554572283763,25.705545722837655,30.0,101325.0,233.48225034331958,29.53602911511655,12.145584756496024,50154.977477886525,17.060917314386526
1670.0,27.833333333333332,408.8333333333333,False,30662.5,32654.377715362774,20000.0,20.0,43.14871365435329,-0.19436314115581255,74.32953765566211,74.21934141972268,1.1662227146329345,302.67478560905886,101324.69161607641,-0.3083839235914638,447.42989303044806,43.640795611739584,15114.24638164283,298.85627259743563,25.706272597435657,30.0,101325.0,233.47208518409292,29.52478560905888,12.122443225483218,49868.83574055014,17.130378295788216
1675.0,27.916666666666668,410.41666666666663,False,30781.249999999996,31759.79396341015,20000.0,20.0,43.08220123567912,-0.19353641087009915,74.23448490019575,74.12782069975347,1.1662654590016488,302.6637002059465,101324.69423394014,-0.30576605985697825,447.39795882901603,43.55998981844893,15114.800348661367,298.85699747444926,25.70699747444928,30.0,101325.0,233.46397829461543,29.51370020594652,12.09999717179137,49592.33523500429,17.19944855341013
1680.0,28.0,412.0,True,30900.0,280889.71780110546,20000.0,20.0,43.01879092908803,-0.14245650746616073,74.08355658551683,74.03891072097299,1.1663077966329503,302.65313182151465,101324.83433586515,-0.1656641348527046,447.3700732278843,43.48145055251984,15115.349044363036,298.85772038085514,25.707720380855164,30.0,101325.0,233.45790151083793,29.50313182151467,12.078180709033287,49324.57159220143,17.26814084981791
1685.0,28.083333333333332,413.5833333333333,True,31018.75,280043.47783021576,20000.0,20.0,43.449568633465674,0.4972957999350621,73.87558938289234,74.56067083774415,1.1660563257162826,302.7249281055776,101327.01880091945,2.018800919453497,447.3480022813777,43.44530216328356,15112.089981283023,298.85844845083415,25.70844845083417,30.0,101325.0,233.39604986063907,29.574928105577612,12.068139489800988,49201.655597179844,17.336561840921647
1690.0,28.166666666666668,415.16666666666663,True,31137.499999999996,279220.4210458136,20000.0,20.0,43.851777779573126,0.48887607064514593,73.91353742721981,74.57229199696303,1.16579739363531,302.79196296326216,101326.95101887714,1.9510188771382673,447.3289329075599,43.4778924296892,15108.734221513618,298.8591878256531,25.709187825653146,30.0,101325.0,233.33427550624955,29.641962963262188,12.077192341580332,49312.46377236719,17.404974423817166
1695.0,28.25,416.75,True,31256.25,278419.9123323831,20000.0,20.0,44.23795082698439,0.4795936173922515,74.01607234752545,74.64820720218265,1.1655487975036625,302.8563251378307,101326.87763296199,1.8776329619868193,447.31213278254086,43.565950732241106,15105.512415647467,298.85993800872467,25.70993800872469,30.0,101325.0,233.27575764767442,29.70632513783073,12.101652981178086,49612.69722943961,17.473672452290643
1700.0,28.333333333333332,418.3333333333333,True,31375.0,277641.3339737299,20000.0,20.0,44.60878117225184,0.47083324314209507,74.1704790975338,74.77724564815527,1.1653102063307634,302.9181301953753,101326.80966483957,1.809664839573088,447.29703087166115,43.69855722637757,15102.420274046694,298.8606985627411,25.71069856274113,30.0,101325.0,233.22013131471783,29.768130195375306,12.138488118438213,50067.11251309027,17.54289454238962
1705.0,28.416666666666668,419.91666666666663,True,31493.749999999996,276884.08517631795,20000.0,20.0,44.96480236867558,0.46120393478811034,74.3661066478426,74.9470701619755,1.1650811428031607,302.9774670614459,101326.73640056705,1.7364005670533516,447.28317425299133,43.86656467165799,15099.451610728962,298.861469067889,25.711469067889027,30.0,101325.0,233.16706412958627,29.82746706144593,12.18515685323833,50646.81329726371,17.612834768646813
1710.0,28.5,421.5,True,31612.5,276147.5816056641,20000.0,0.0,45.306638867723336,0.45343879255263964,51.30607437728739,51.85468316825443,1.1648614322777815,303.0344398112872,101326.67842235585,1.6784223558497615,447.2714571672836,44.0623136663963,15096.604162320049,298.86224911960204,25.712249119602063,30.0,101325.0,233.11698665842346,29.884439811287223,12.239531573998972,51327.85834288312,17.683650512841357
1715.0,28.583333333333332,423.0833333333333,True,31731.25,275431.254935434,20000.0,0.0,45.63081257879537,0.44601626072528905,51.55844677195041,52.089194598278404,1.1646531561120135,303.08846876313254,101326.62392248842,1.623922488419339,447.46729986451277,44.27905431064454,15093.904903211695,298.86303826674373,25.71303826674375,30.0,101325.0,233.17736012359202,29.938468763132562,12.299737308512372,52089.02890754515,17.755467795654155
1720.0,28.666666666666668,424.66666666666663,True,31849.999999999996,274734.5524088903,20000.0,0.0,45.94432326123979,0.438606261967157,51.829037528204935,52.342163227786074,1.1644517921495767,303.14072054353994,101326.57041186152,1.5704118615249172,447.6602710162869,44.511441117119695,15091.295226258513,298.86383612081494,25.71383612081496,30.0,101325.0,233.23758548098004,29.990720543539965,12.364289199199915,52913.466775838664,17.828386195434284
1725.0,28.75,426.25,True,31968.75,274056.9364123557,20000.0,0.0,46.24740886083828,0.42935762094580915,52.113176233245866,52.60674521350807,1.1642570315134115,303.1912348101397,101326.50488136052,1.5048813605244504,447.84992836807106,44.755463075498554,15088.771128413813,298.86464238892637,25.714642388926393,30.0,101325.0,233.2973730208093,30.041234810139713,12.432073076527377,53788.49779935872,17.90248478194484
1730.0,28.833333333333332,427.8333333333333,True,32087.5,273397.88406036043,20000.0,0.0,46.54058786924497,0.42471724062006416,52.40695365115301,52.88654420802554,1.1640690550694022,303.2400979782075,101326.47252844473,1.4725284447340528,448.03618589328903,45.00776288391381,15086.334953699452,298.865456785184,25.715456785184017,30.0,101325.0,233.35671674161102,30.090097978207496,12.502156356642725,54703.30059339825,17.977826308606478
1735.0,28.916666666666668,429.41666666666663,True,32206.249999999996,272756.8867921558,20000.0,0.0,46.823903670126924,0.4182467265662864,52.70712198561521,53.170792687505795,1.1638873078017424,303.28731727835446,101326.42800264721,1.4280026472115424,448.21899088174683,45.26555129330434,15083.97950911058,298.8662790332405,25.71627903324054,30.0,101325.0,233.41548044047656,30.137317278354487,12.573764248140094,55648.657616340046,18.054459612918794
1740.0,29.0,431.0,True,32325.0,272133.44997928065,20000.0,20.0,47.09760772879986,0.40973085889431177,76.29893722581477,76.73076261008812,1.1637116131810703,303.3329346214666,101326.37044389168,1.3704438916756772,448.39797264729077,45.52650432255269,15081.702506826672,298.86710886345696,25.717108863456986,30.0,101325.0,233.47343806121287,30.182934621466643,12.646251200709079,56616.64957698715,18.132421631803048
1745.0,29.083333333333332,432.5833333333333,True,32443.75,271527.09254387906,20000.0,20.0,47.35303077401636,0.40473686904537387,76.60342546616114,77.01842556947011,1.1635479365985306,303.3755051290027,101326.33724027073,1.3372402707318543,448.3612739563877,45.78800272243435,15079.581258316955,298.8679458919518,25.717945891951842,30.0,101325.0,233.42149419675536,30.225505129002727,12.718889645120651,57597.860320174965,18.211737263676078
1750.0,29.166666666666668,434.16666666666663,True,32562.499999999996,270937.34658747475,20000.0,20.0,47.597587554669985,0.3980113267400115,76.90580816832178,77.3023425580263,1.1633911252073097,303.416264592445,101326.29316747929,1.293167479292606,448.32050026258395,46.04769285916002,15077.548982686734,298.86878970360345,25.718789703603477,30.0,101325.0,233.3688116309133,30.266264592444998,12.791025794211118,58583.440964668116,18.292418722901665
1755.0,29.25,435.75,True,32681.25,270363.75702991465,20000.0,20.0,47.83199081604573,0.39389465103817434,77.20454353389752,77.58602008705708,1.163241043297696,303.45533180267427,101326.26655507034,1.2665550703386543,448.2804150735724,46.304250616521216,15075.603921138141,298.86964000722315,25.719640007223177,30.0,101325.0,233.31784290295187,30.30533180267429,12.86229183792256,59568.11131324625,18.37446841198355
1760.0,29.333333333333332,437.3333333333333,True,32800.0,269805.8812582045,20000.0,20.0,48.056449703153476,0.38746180993961976,77.4984002463019,77.86247147183008,1.1630971862388573,303.4927416171922,101326.22552370744,1.2255237074423349,448.2410490003115,46.5566185240661,15073.73953365559,298.8704965231118,25.72049652311182,30.0,101325.0,233.26850223451754,30.342741617192246,12.932394034462806,60547.4055490045,18.457881965360112
1765.0,29.416666666666668,438.91666666666663,True,32918.75,269263.2887849645,20000.0,20.0,48.27142964347149,0.38178618256066926,77.78639626945815,78.13429249996514,1.1629594795254696,303.5285716072452,101326.1898831771,1.1898831770959077,448.20244168228675,46.80395319663663,15071.954854650086,298.8713589809918,25.721358980991795,30.0,101325.0,233.2207948427549,30.37857160724525,13.00109811017684,61517.525725442414,18.542649278745145
1770.0,29.5,440.5,False,33037.5,138735.56091624158,20000.0,20.0,48.47787528784352,0.3823253553453709,78.06776795906474,78.40705806877503,1.1628277014773836,303.56297921464056,101326.19324634563,1.1932463456323603,448.16463934694934,47.04559880672792,15070.247011146892,298.8722271211478,25.722227121147796,30.0,101325.0,233.17469986812063,30.412979214640586,13.068221890757755,62475.28593684777,18.628755397955068
1775.0,29.583333333333332,442.0833333333333,False,33156.25,134934.82768238444,20000.0,20.0,48.41524498788101,-0.056122390323274984,78.38315736823813,78.21393151996854,1.1628536987540967,303.5525408313135,101324.974287978,-0.025712022004881874,448.1275075605591,47.260336879668024,15070.583935853094,298.8730970445074,25.723097044507426,30.0,101325.0,233.16059328629,30.4025408313135,13.12787135546334,63334.69587719208,18.716123440881482
1780.0,29.666666666666668,443.66666666666663,False,33275.0,131238.2175228101,20000.0,20.0,48.352046985553216,0.025791212165658526,78.51850578144493,78.44710010272631,1.1628944075468133,303.5420078309255,101325.0054300949,0.00543009489774704,448.0916393583274,47.43269822043432,15071.111521806699,298.8739651034809,25.723965103480907,30.0,101325.0,233.1500928272044,30.392007830925536,13.175749505676201,64030.18273960667,18.80457127325426
1785.0,29.75,445.25,False,33393.75,127642.8779314543,20000.0,20.0,48.28380808907093,-0.0945712642332843,78.78676075709105,78.57792314445224,1.1629370803698131,303.5306346815118,101324.92699000801,-0.07300999198923819,448.0574748460494,47.56850776437923,15071.664561592777,298.87483117569104,25.724831175691065,30.0,101325.0,233.1408712936196,30.380634681511822,13.213474378994231,64581.75362933039,18.89388511795491
1790.0,29.833333333333332,446.8333333333333,False,33512.5,124146.034548148,20000.0,20.0,48.2121064632845,-0.0624951157169548,78.87075678259022,78.7022468399473,1.162983340087602,303.5186844105474,101324.96811722867,-0.031882771334494464,448.0253123727737,47.672720775191024,15072.264087535323,298.87569514265044,25.725695142650466,30.0,101325.0,233.13340926294146,30.368684410547417,13.242422437553062,65007.14101571517,18.98387740590286
1795.0,29.916666666666668,448.41666666666663,False,33631.25,120744.9890177696,20000.0,20.0,48.13628036368368,-0.0952317944535906,78.99838495567853,78.79489575673358,1.1630312817165855,303.5060467272806,101324.92596657408,-0.07403342591715045,447.9954474381233,47.74959280582342,15072.885411046947,298.8765568969433,25.72655689694335,30.0,101325.0,233.12747862626662,30.356046727280614,13.263775779395395,65322.11946854106,19.074383836794702
1800.0,30.0,450.0,False,33750.0,117437.11690804704,20000.0,0.0,48.0576252689317,-0.0685361517808027,55.74127136248974,55.59855123608522,1.1630819277689068,303.4929375448219,101324.96165547673,-0.038344523272826336,447.9696784212607,47.80278147966556,15073.541783885034,298.8774163412029,25.72741634120291,30.0,101325.0,233.12422029181278,30.34293754482195,13.278550411018212,65540.65129047079,19.165260760932902
1805.0,30.083333333333332,448.75,False,33656.25,114219.86568440257,20000.0,0.0,47.99059982046242,-0.09632219240369028,55.813084552035896,55.639993262824525,1.1631243105834692,303.4817666367437,101324.92426151225,-0.07573848775064107,448.1569786337759,47.83666952581646,15074.091065161761,298.8782736050526,25.728273605052607,30.0,101325.0,233.2301902770667,30.331766636743737,13.287963757171239,65680.13812248516,19.256386309136346
1810.0,30.166666666666668,447.5,False,33562.5,111090.75274027791,20000.0,0.0,47.91955352990408,-0.09123092133413256,55.8282070870919,55.66319714716057,1.1631697838431398,303.4699255883173,101324.93205648157,-0.06794351842836477,448.33831634133657,47.85474822364116,15074.680398607092,298.8791287907587,25.72912879075875,30.0,101325.0,233.33368418982957,30.319925588317346,13.2929856176781,65754.63286835003,19.34766045565776
1815.0,30.25,446.25,False,33468.75,108047.36348141954,20000.0,0.0,47.8446522643859,-0.07650446161138974,55.81580218357109,55.67023583265868,1.1632178654740717,303.4574420440643,101324.95222095799,-0.04777904201182537,448.5142340718863,47.85882119337135,15075.303536543968,298.8799817858009,25.72998178580093,30.0,101325.0,233.4348880413122,30.307442044064317,13.294116998158708,65771.4236425603,19.438997994901445
1820.0,30.333333333333332,445.0,False,33375.0,105087.3494626461,20000.0,0.0,47.765692042694695,-0.11778427210623219,55.85413500351734,55.662890352554804,1.16326756127866,303.44428200711576,101324.88674992036,-0.11325007963750977,448.6850069288466,47.850462099510736,15075.947594171435,298.8808324861732,25.7308324861732,30.0,101325.0,233.53374569309858,30.294282007115783,13.291795027641871,65736.96645357856,19.530323265801545
1825.0,30.416666666666668,443.75,False,33281.25,102208.42657565988,20000.0,0.0,47.68397385612366,-0.08924276745742593,55.798294587267215,55.64282950230387,1.1633203291550487,303.4306623093539,101324.93498553842,-0.06501446157926694,448.85081425402234,47.83104713962901,15076.63146584943,298.88168079588667,25.73168079588669,30.0,101325.0,233.63064331177864,30.280662309353943,13.28640198323028,65656.98209777076,19.62156906340665
1830.0,30.5,442.5,False,33187.5,99408.37328650436,20000.0,0.0,47.59894811722813,-0.08731472463690103,55.761983003798036,55.611393174016655,1.1633746935122407,303.41649135287133,101324.93776439887,-0.06223560112994164,449.01190922207826,47.80179032958441,15077.33602791864,298.882526627798,25.732526627797995,30.0,101325.0,233.725416564656,30.266491352871356,13.278275091551228,65536.57458575151,19.712675699992428
1835.0,30.583333333333332,441.25,False,33093.75,96685.02892130736,20000.0,0.0,47.51112417572688,-0.0782411404968644,55.707152203802025,55.56985405233727,1.1634309601812451,303.4018540292878,101324.95002713415,-0.049972865846939385,449.1681334500721,47.76377452056143,15078.065243948937,298.8833699049573,25.73336990495733,30.0,101325.0,233.818044469327,30.251854029287813,13.267715144600396,65380.33911651674,19.80359022339678
1840.0,30.666666666666668,440.0,False,33000.0,94036.29199898714,20000.0,0.0,47.42067259717794,-0.07551763901606659,55.650545696690024,55.51922364954865,1.1634888102195577,303.3867787661963,101324.95344560161,-0.046554398388252594,449.3199631542486,47.717883628869465,15078.81498044547,298.88421054434406,25.73421054434408,30.0,101325.0,233.9087108469298,30.236778766196323,13.254967674685963,65192.07005901074,19.894265507546454
1845.0,30.75,438.75,False,32906.25,91460.11860963516,20000.0,0.0,47.32779205390591,-0.08333084305304052,55.59801666828846,55.46046935118066,1.1635480630782482,303.37129867565096,101324.94331404568,-0.05668595431779977,449.46755624674296,47.66495782258972,15079.582897494098,298.88504847963355,25.735048479633576,30.0,101325.0,233.99746157999434,30.221298675650985,13.240266061830479,64975.389197817596,19.984659576474805
1850.0,30.833333333333332,437.5,False,32812.5,88954.5208373234,20000.0,0.0,47.23310093449993,-0.01442045012101711,55.44880503348772,55.39445896637914,1.1636092273149337,303.35551682241663,101324.99830245403,-0.0016975459730019793,449.611064920394,47.60572335285074,15080.375586001539,298.88588364719527,25.735883647195294,30.0,101325.0,234.08447815384196,30.205516822416655,13.223812042458539,64733.45034583151,20.074735159491226
1855.0,30.916666666666668,436.25,False,32718.75,86517.56522612025,20000.0,0.0,47.135958483739046,-0.0748199463858225,55.44358734941622,55.32189197225567,1.1636708283719617,303.3393264139565,101324.95430184182,-0.045698158181039616,449.75066610589874,47.54084284269116,15081.173935700624,298.88671599219833,25.736715992198356,30.0,101325.0,234.16955599271796,30.189326413956508,13.205789678525322,64469.140661540194,20.16445918102412
1860.0,31.0,435.0,False,32625.0,84147.37128813025,20000.0,0.0,47.03697013342821,-0.11497641630811002,55.408896709331806,55.243464756286464,1.163733407123546,303.32282835557135,101324.89208509137,-0.1079149086290272,449.88648466047306,47.47089360683931,15081.984956321156,298.88754546272247,25.737545462722494,30.0,101325.0,234.2528687425415,30.17282835557137,13.186359335233142,64184.9890800526,20.253802326678006
1865.0,31.083333333333332,433.75,False,32531.25,81842.11005240715,20000.0,0.0,46.93667324484295,-0.12039448804170633,55.328471733532865,55.159814695263734,1.163797424539763,303.3061122074738,101324.88167483469,-0.11832516531285364,450.018638968944,47.39640553602128,15082.814622035328,298.88837201429243,25.73837201429245,30.0,101325.0,234.33457072725983,30.156112207473825,13.165668204450354,63883.31888612124,20.342738651654514
1870.0,31.166666666666668,432.5,False,32437.5,79600.00265362009,20000.0,0.0,46.835189482202736,-0.10313891891478634,55.21689308582299,55.07146378470015,1.1638626893645703,303.28919824703377,101324.91316215025,-0.08683784975437447,450.1472565034741,47.317835933693615,15083.66045416483,298.8891956040772,25.739195604077224,30.0,101325.0,234.41468974742952,30.13919824703379,13.143843314914893,63566.14476915447,20.431245223637344
1875.0,31.25,431.25,False,32343.75,77419.31895938411,20000.0,0.0,46.73203703042361,-0.1301566599385164,55.15262295317919,54.97886684666851,1.163928076091523,303.27200617173725,101324.86170811325,-0.13829188674571924,450.2724820684598,47.235622179755175,15084.507866146138,298.8900161983788,25.74001619837884,30.0,101325.0,234.49307436754543,30.12200617173727,13.121006161043104,63235.38556673993,20.51930184192616
1880.0,31.333333333333332,430.0,False,32250.0,75298.3762351956,20000.0,0.0,46.62803644693656,-0.13211344206824696,55.055360942770605,54.88250106938096,1.1639945557653364,303.25467274115607,101324.85751868102,-0.14248131898057181,450.3943997301796,47.150135537614474,15085.36944271876,298.8908337635681,25.740833763568105,30.0,101325.0,234.56996377933896,30.104672741156094,13.097259871559578,62892.677896655696,20.606890774886853
1885.0,31.416666666666668,428.75,False,32156.25,73235.53784594248,20000.0,0.0,46.52322625981094,-0.12106097458859616,54.93954739307911,54.78276066734593,1.1640618715745905,303.23720437663513,101324.88036114638,-0.11963885361910798,450.5131192914399,47.06172584558842,15086.241855606693,298.89164827259714,25.74164827259716,30.0,101325.0,234.64536328954927,30.087204376635157,13.072701623774561,62539.55678110607,20.693996493413074
1890.0,31.5,427.5,False,32062.5,71229.21199298743,20000.0,0.0,46.41724355723568,-0.1429115707057847,54.859012734294595,54.679973557184816,1.164129141992619,303.2195405928726,101324.83327577925,-0.1667242207477102,450.62876146473945,46.970711053234254,15087.113680224342,298.8924597023443,25.74245970234432,30.0,101325.0,234.7191578790142,30.069540592872613,13.047419737009514,62177.41384826213,20.780605500794582
1895.0,31.583333333333332,426.25,False,31968.75,69277.85048584908,20000.0,0.0,46.31093786225631,-0.13239202827936916,54.73807602534086,54.574512499921326,1.1641974395789454,303.2018229770427,101324.85691714978,-0.14308285021979827,450.74139057241206,46.87736860137681,15087.998816943133,298.89326803106354,25.743268031063565,30.0,101325.0,234.79159707869636,30.05182297704272,13.021491278160225,61807.46417999197,20.866706110536427
1900.0,31.666666666666668,425.0,False,31875.0,67379.9475475338,20000.0,0.0,46.203782302942386,-0.14628734216126943,54.64316711400014,54.466634269764626,1.1642656542067764,303.18396371715704,101324.82530623284,-0.17469376715598628,450.85112343556085,46.78196429909563,15088.882878519822,298.89407324281024,25.74407324281026,30.0,101325.0,234.86251768219316,30.033963717157064,12.994990083082119,61430.86207422746,20.952288281546302
1905.0,31.75,423.75,False,31781.25,65534.038652596086,20000.0,0.0,46.096438636468065,-0.13758139492191446,54.51981549254004,54.35665107335572,1.1643345923472668,303.166073106078,101324.84548048793,-0.15451951207069214,450.9580217730551,46.6847342942669,15089.776316820577,298.894875323629,25.744875323629003,30.0,101325.0,234.93211428995158,30.01607310607801,12.967981748407473,61048.63030239954,21.037343484585623
1910.0,31.833333333333332,422.5,False,31687.5,63738.699397030796,20000.0,0.0,45.988492035472746,-0.15012290050541494,54.41934029775718,54.24478218658232,1.1644033542775427,303.1480820059121,101324.81602542648,-0.18397457351966295,451.06218828075373,46.58590340478592,15090.667471436955,298.8956742639851,25.74567426398511,30.0,101325.0,235.0002586650029,29.998082005912124,12.940528723551644,60661.73338230375,21.12186457047778
1915.0,31.916666666666668,421.25,False,31593.75,61992.54439912524,20000.0,0.0,45.88053829722378,-0.14282519186035003,54.29412747715351,54.13128837287586,1.1644726680157587,303.13008971620394,101324.8334772618,-0.16652273820363916,451.1636784039,46.48566673970514,15091.565777484233,298.89647005521914,25.746470055219163,30.0,101325.0,235.06712638076726,29.980089716203963,12.912685205473649,60271.006428027344,21.205845639790507
1920.0,32.0,420.0,False,31500.0,60294.22623042321,20000.0,0.0,45.772098910524846,-0.16181581224687522,54.19810469208695,54.01634076877862,1.1645415575904885,303.11201648508745,101324.78625014618,-0.21374985382135492,451.2625892924816,46.38421052190006,15092.45858637273,298.8972626926147,25.747262692614697,30.0,101325.0,235.13257082554597,29.962016485087474,12.884502922750018,59877.23781322437,21.2892819205136
1925.0,32.083333333333336,418.75,False,31406.25,58642.43437597559,20000.0,0.0,45.66385733062623,-0.16017410512397365,54.07684000748427,53.900183243155794,1.1646109211243914,303.093976221771,101324.79056535549,-0.20943464450829197,451.3589644407096,46.28170856505196,15093.357537772112,298.89805217426,25.74805217426001,30.0,101325.0,235.19679574738646,29.943976221771038,12.856030156958877,59481.15598081051,21.37216969398168
1930.0,32.166666666666664,417.5,False,31312.5,57035.89422307551,20000.0,0.0,45.55552921287472,-0.16613446541664192,53.96338876888643,53.782965082100205,1.1646801162430802,303.0759215354791,101324.7746884849,-0.22531151509610936,451.45288531073925,46.178314828270985,15094.254306510318,298.8988384995021,25.748838499502142,30.0,101325.0,235.25971366633527,29.92592153547912,12.827309674519718,59083.40164329338,21.45450619233175
1935.0,32.25,416.25,False,31218.75,55473.36607769771,20000.0,0.0,45.447358622287766,-0.16744846012044914,53.84365964599152,53.66486693017856,1.164749360077841,303.0578931037146,101324.77111031186,-0.2288896881364053,451.5444071229886,46.074175929654174,15095.151706608818,298.8996216707142,25.749621670714248,30.0,101325.0,235.32139697955645,29.907893103714628,12.798382202681715,58684.577097014575,21.53628951090141
1940.0,32.333333333333336,415.0,False,31125.0,53953.644207882964,20000.0,0.0,45.339379685867016,-0.1670002065868424,53.72116970228091,53.5460425102933,1.164818544575277,303.03989661431115,101324.77233413061,-0.22766586938814726,451.6335909107041,45.96942825100503,15096.048337695589,298.9004016924051,25.75040169240515,30.0,101325.0,235.3818554442926,29.88989661431117,12.769285625279174,58285.23569280003,21.617518547561
1945.0,32.416666666666664,413.75,False,31031.25,52475.55591332951,20000.0,0.0,45.231563277067494,-0.17170644392823226,53.60411631825437,53.426626133554585,1.1648874694889182,303.02192721284456,101324.75932160909,-0.24067839091003407,451.7204974261166,45.86419506855451,15096.94160457638,298.90117857053684,25.751178570536865,30.0,101325.0,235.4410800281813,29.871927212844582,12.740054185709585,57885.87175301661,21.69819292773171
1950.0,32.5,412.5,False,30937.5,51037.960620473554,20000.0,0.0,45.124047414932306,-0.17619433598061437,53.48637970500555,53.306757758446736,1.1649562130612316,303.0040079024887,101324.74657596709,-0.25342403291142546,451.80517721865186,45.758593465387925,15097.832521273564,298.90195231337844,25.751952313378467,30.0,101325.0,235.4991126555842,29.854007902488718,12.710720407052202,57486.94769500185,21.778312941237278
1955.0,32.583333333333336,411.25,False,30843.75,49639.74900236046,20000.0,0.0,45.016943961869174,-0.1770077106837357,53.36405987187421,53.186563846363974,1.1650248200532654,302.9861573269782,101324.74423077844,-0.25576922156324144,451.8876792201803,45.652730251645856,15098.721667890319,298.9027229305766,25.752722930576624,30.0,101325.0,235.5559876574098,29.836157326978196,12.681313958790517,57088.87922663374,21.857879487710637
1960.0,32.666666666666664,410.0,False,30750.0,48279.84212262757,20000.0,0.0,44.910341032704764,-0.17197692529867323,53.234746178168535,53.066160854856435,1.1650933060919433,302.96839017211744,101324.75856275237,-0.24143724763416685,451.96805076243317,45.54670478097204,15099.609246951584,298.9034904334254,25.75349043342544,30.0,101325.0,235.61173265225577,29.81839017211746,12.6518624391589,56692.046743645304,21.936894019634444
1965.0,32.75,408.75,False,30656.25,46957.19060293803,20000.0,0.0,44.80398622597227,-0.18175875344096742,53.122602219389975,52.94563613461736,1.1651611514950024,302.95066437099536,101324.73031637182,-0.26968362818297464,452.0463516443559,45.440612284990394,15100.48852337523,298.90425483519505,25.75425483519507,30.0,101325.0,235.66627349506442,29.800664370995378,12.62239230138622,56296.80837689656,22.01535850235704
1970.0,32.833333333333336,407.5,False,30562.5,45670.77381322326,20000.0,0.0,44.69834210660656,-0.178440057591228,52.99522306191513,52.82511557741939,1.1652289862808303,302.93305701776774,101324.74007465997,-0.25992534002580214,452.1226079607323,45.334536129268656,15101.36766219956,298.9050161496713,25.75501614967135,30.0,101325.0,235.71975098419938,29.78305701776776,12.592926702574626,55903.471722999406,22.093275363537526
1975.0,32.916666666666664,406.25,False,30468.75,44419.599084109024,20000.0,0.0,44.593101249950905,-0.1854656170626392,52.880003915989484,52.70466862896714,1.165296218148041,302.9155168749918,101324.71920412153,-0.28079587846877985,452.1968773936948,45.22855889185719,15102.238987198612,298.90577439280884,25.75577439280886,30.0,101325.0,235.77207516828915,29.765516874991818,12.563488581071441,55512.33569718595,22.170647452023765
1980.0,33.0,405.0,False,30375.0,43202.70094091769,20000.0,0.0,44.488652652407836,-0.18009540629300044,52.750550496251876,52.58440350926035,1.1653633741346134,302.8981087754013,101324.7352297521,-0.2647702479007421,452.2691848487528,45.1227528480625,15103.109328784589,298.9065295809996,25.756529580999597,30.0,101325.0,235.82336544581082,29.748108775401306,12.534098013350693,55123.655770189325,22.24747800165389
1985.0,33.083333333333336,403.75,False,30281.25,42019.14035865522,20000.0,0.0,44.384632045858325,-0.18858659887027726,52.637520564259916,52.46437418721032,1.165429785105377,302.88077200764303,101324.70967424267,-0.29032575733435806,452.3395864763494,45.01719010250501,15103.970014965686,298.90728173259185,25.757281732591878,30.0,101325.0,235.87351548481482,29.730772007643054,12.504775028473615,54737.68186214812,22.323770597231903
1990.0,33.166666666666664,402.5,False,30187.5,40868.004037408304,20000.0,0.0,44.28141057000937,-0.18922180636476252,52.51569875199025,52.34467630547744,1.1654959625561103,302.8635684283349,101324.70771516731,-0.2922848326852545,452.40810401686895,44.911932762664904,15104.82767472719,298.9080308661318,25.758030866131833,30.0,101325.0,235.92263992048595,29.713568428334895,12.47553687851803,54354.62273299406,22.39952914208964
1995.0,33.25,401.25,False,30093.75,39748.40369759232,20000.0,0.0,44.17896885674486,-0.18551101918808893,52.38924221832609,52.22537545059586,1.1655618004622548,302.84649480945745,101324.71906662661,-0.2809333733894164,452.4747746564687,44.80704105941323,15105.680933990821,298.9087770015707,25.758777001570706,30.0,101325.0,235.97073649206678,29.696494809457477,12.446400294281453,53974.67623625233,22.474757821929394
2000.0,33.333333333333336,400.0,False,30000.0,38659.47539450631,20000.0,0.0,44.07716686516926,-0.1883264517025258,52.270876802237574,52.10652503352065,1.1656270059713505,302.8295278108615,101324.7104746742,-0.28952532580296975,452.53963926151965,44.70257189185384,15106.525997388702,298.90952015990234,25.759520159902365,30.0,101325.0,236.01776702225607,29.679527810861543,12.417381081070513,53598.024300732795,22.549461086191187
2005.0,33.416666666666664,398.75,False,29906.25,37600.378851666144,20000.0,0.0,43.97609956779149,-0.19333335398350182,52.155614717849154,51.988188901866415,1.1656916667960746,302.81268326129856,101324.69487521827,-0.30512478173477575,452.6027266338128,44.59857643553113,15107.364001677128,298.9102603626547,25.76026036265472,30.0,101325.0,236.06376408271225,29.662683261298582,12.388493454314203,53224.82470719054,22.623643620224467
2010.0,33.5,397.5,False,29812.5,36570.29681240136,20000.0,20.0,43.876011182051,-0.193262357863154,75.32300799072758,75.18554429891228,1.1657558887363435,302.79600186367514,101324.69509927374,-0.30490072625980247,452.6625162640024,44.49510144050134,15108.19631802301,298.91099763199736,25.760997631997384,30.0,101325.0,236.10795580651376,29.646001863675167,12.35975040013926,52855.21625159487,22.697310315334736
2015.0,33.583333333333336,396.25,False,29718.75,35568.43440921528,20000.0,20.0,43.79298519368376,-0.19727692546652997,75.20937428638419,75.07051929495819,1.1658090185236287,302.78216419894727,101324.68230052799,-0.31769947201246396,452.4737566988798,44.39349679249084,15108.884880066227,298.9117322208067,25.76173222080672,30.0,101325.0,236.02025538282044,29.632164198947294,12.331526886803012,52493.957486108826,22.770469463763696
2020.0,33.666666666666664,395.0,False,29625.0,34594.01855042197,20000.0,20.0,43.711047940505864,-0.19640334751227206,75.09347431230013,74.9588802121892,1.1658616340081316,302.7685079900843,101324.68510795989,-0.31489204011450056,452.2884779425061,44.29483398856436,15109.566776745385,298.91246438169674,25.76246438169676,30.0,101325.0,235.93425765486958,29.61850799008431,12.304120552378992,52144.737485584235,22.843135224160704
2025.0,33.75,393.75,False,29531.25,33646.29732358641,20000.0,20.0,43.63006676131863,-0.19764231625806963,74.98310810523662,74.85026456283182,1.165913562433581,302.7550111268864,101324.68112257,-0.3188774300069781,452.10700066428274,44.1988111079168,15110.23976913921,298.9131941421825,25.7631941421825,30.0,101325.0,235.8500953331478,29.60501112688644,12.277447529976888,51806.35211162125,22.915323480825432
2030.0,33.833333333333336,392.5,False,29437.5,32724.539415307954,20000.0,20.0,43.55008059613215,-0.19923561908522988,74.87593467594478,74.7443813604768,1.1659648432576002,302.74168009935534,101324.67596055582,-0.3240394441818353,451.929186787451,44.10517589162273,15110.9043686185,298.9139215304022,25.76392153040223,30.0,101325.0,235.76770479515764,29.591680099355358,12.25143774767298,51477.79375307805,22.987048582120362
2035.0,33.916666666666664,391.25,False,29343.75,31828.033546898925,20000.0,20.0,43.4710993806824,-0.20108178018271405,74.77158930581525,74.640984057454,1.1660154734485937,302.72851656344704,101324.66992749125,-0.3300725087465253,451.7549065018161,44.01371659048118,15111.560535893774,298.91464657479975,25.76464657479977,30.0,101325.0,235.6870181110169,29.578516563447067,12.226032386244773,51158.214477129724,23.058323587835787
2040.0,34.0,390.0,True,29250.0,280956.0879255232,20000.0,20.0,43.3965312202032,-0.12845680913085508,74.58285615289942,74.53987442166286,1.1660655926279562,302.7160885367005,101324.8652967199,-0.13470328009861987,451.5840356173695,43.92425511301874,15112.210080458311,298.91536930401793,25.765369304017952,30.0,101325.0,235.60799908962673,29.566088536700533,12.201181975838537,50846.89835030755,23.12916047174373
2045.0,34.083333333333336,388.75,True,29156.25,280108.0297103712,20000.0,20.0,43.81457084240549,0.4918198282531938,74.37838284455738,75.04268217952982,1.1658215407141277,302.78576180706756,101326.97458566092,1.9745856609224575,451.41867965287514,43.87710762659738,15109.047167655095,298.916096879832,25.766096879832048,30.0,101325.0,235.47243323836452,29.63576180706758,12.188085451832604,50683.33966438158,23.199667581476156
2050.0,34.166666666666664,387.5,True,29062.5,279283.2044934591,20000.0,20.0,44.20443559757689,0.48231026968213775,74.4032604948206,75.04034421134101,1.1655705406242318,302.8507392662628,101326.89896486727,1.8989648672722979,451.25553068120286,43.89847287120994,15105.794206490045,298.916835413903,25.76683541390304,30.0,101325.0,235.33665160298239,29.700739266262815,12.19402024200276,50757.41400810627,23.270112549304272
2055.0,34.25,386.25,True,28968.75,278480.9757946519,20000.0,20.0,44.578251444944726,0.4727054526649456,74.49252518737765,75.10299794627385,1.1653299468820455,302.91304190749076,101326.82408526514,1.824085265136091,451.0937857748321,43.975134532241725,15102.676111591309,298.91758441357047,25.76758441357049,30.0,101325.0,235.20373905613783,29.763041907490788,12.215315147844924,51023.79777741727,23.340793946377552
2060.0,34.333333333333336,385.0,True,28875.0,277700.72457052075,20000.0,20.0,44.93669785466466,0.46404667352964873,74.63348501526661,75.21909623561437,1.16509940233135,302.9727829757774,101326.75787196093,1.7578719609300606,450.93283229573905,44.0961926374698,15099.688254214294,298.918343440431,25.76834344043101,30.0,101325.0,235.07330145331483,29.822782975777443,12.248942399297166,51446.34547655987,23.411953768081702
2065.0,34.416666666666664,383.75,True,28781.25,276941.8487366553,20000.0,20.0,45.28032175914359,0.45520384391756574,74.81550854476237,75.37662887659563,1.1648784434852917,303.0300536265239,101326.6915146083,1.6915146083047148,450.7721985318989,44.252516775472,15096.82462756938,298.9191120735804,25.769112073580402,30.0,101325.0,234.94499703851397,29.88005362652393,12.292365770964444,51995.43028613608,23.483788334583576
2070.0,34.5,382.5,True,28687.5,276203.7627030624,20000.0,0.0,45.60966079854529,0.4458801343007173,51.741735409785164,52.272972332899855,1.1646666912456167,303.0849434664242,101326.62293138093,1.6229313809308223,450.61204903376733,44.43646493988841,15094.080318543194,298.91988990788275,25.76988990788277,30.0,101325.0,234.81883296573156,29.934943466424215,12.343462483302336,52646.530641081365,23.556456363005253
2075.0,34.583333333333336,381.25,True,28593.75,275485.8969222929,20000.0,0.0,45.92358745974025,0.4371973958609497,51.98046377268132,52.49254912307287,1.164464951920343,303.13726457662335,101326.56033928937,1.5603392893681303,450.68100336418735,44.64148791493895,15091.465776887644,298.9206765244333,25.770676524433327,30.0,101325.0,234.81408512849964,29.987264576623375,12.400413309705263,53378.606806146556,23.630084930676936
2080.0,34.666666666666664,380.0,True,28500.0,274787.6974499478,20000.0,0.0,46.22670374480754,0.4305957339578292,52.237653316515285,52.7332534188544,1.1642703828379142,303.1877839574679,101326.51357294778,1.5135729477769928,450.74794666388027,44.86236558858038,15088.944161579368,298.9214715607275,25.771471560727548,30.0,101325.0,234.80972332860964,30.037783957467923,12.461768219050107,54174.855407758965,23.70477483499215
2085.0,34.75,378.75,True,28406.25,274108.6255172248,20000.0,0.0,46.51925283693663,0.42305906852238856,52.50856496269745,52.98681190888357,1.1640825734407028,303.2365421394894,101326.46105286089,1.4610528608900495,450.80913584337776,45.09502797943449,15086.510151791508,298.9222747190916,25.772274719091627,30.0,101325.0,234.80371633620607,30.08654213948944,12.526396660954026,55022.108955585296,23.78060606024447
2090.0,34.833333333333336,377.5,True,28312.5,273448.1571151742,20000.0,0.0,46.8016277788239,0.4173118350603368,52.789236068407625,53.25243117121449,1.163901482289104,303.28360462980396,101326.42162585862,1.4216258586238837,450.8645388111574,45.33607191910435,15084.16321046679,298.9230857095009,25.773085709500947,30.0,101325.0,234.79604108514138,30.133604629803983,12.593353310862318,55909.15341070661,23.85764165910995
2095.0,34.916666666666664,376.25,True,28218.75,272805.782590346,20000.0,0.0,47.073931625858336,0.4080997060543189,53.076370640034256,53.520679534043126,1.1637266268759128,303.3289886043097,101326.35955404148,1.3595540414826246,450.91416177119595,45.58266676607006,15081.89708431183,298.9239042510094,25.773904251009412,30.0,101325.0,234.78660536408907,30.178988604309723,12.661851879463907,56826.43859712439,23.935930264670947
2100.0,35.0,375.0,True,28125.0,272181.0062515126,20000.0,20.0,47.336580028619665,0.40247257190620045,76.65518126494614,77.06819412569605,1.1635582810550915,303.37276333810325,101326.32231976438,1.322319764381973,450.9555471102264,45.83245126518097,15079.715322473985,298.9247300690835,25.774730069083546,30.0,101325.0,234.77418673141287,30.222763338103277,12.731236462550271,57765.76196620934,24.01550818172882
2105.0,35.083333333333336,373.75,True,28031.25,271573.34598716686,20000.0,20.0,47.578810606630896,0.39496473001794413,76.94646610206576,77.34020359535138,1.163402898325002,303.4131351011051,101326.27344602415,1.273446024148143,450.7582998592595,46.08261041329758,15077.701562292026,298.9255627458178,25.77556274581781,30.0,101325.0,234.64015860425803,30.26313510110515,12.800725114804884,58716.81194740761,24.09639885805772
2110.0,35.166666666666664,372.5,True,27937.5,270982.33289349853,20000.0,20.0,47.810430448122474,0.3878503490622813,77.23535533462378,77.61065977993375,1.163254375267487,303.4517384080204,101326.22798280219,1.2279828021855792,450.5604605011352,46.33071218554018,15075.776703466634,298.92640184647263,25.776401846472652,30.0,101325.0,234.50723260761922,30.301738408020412,12.86964227376116,59670.294155901785,24.178612126185016
2115.0,35.25,371.25,True,27843.75,270407.51091256225,20000.0,20.0,48.03189873798965,0.3824050182753643,77.520360145904,77.87955087846431,1.1631125030571048,303.4886497896649,101326.19374365716,1.1937436571606668,450.362789392285,46.575477967048116,15073.938039620078,298.9272470812464,25.7772470812464,30.0,101325.0,234.37576065933501,30.33864978966494,12.937632768624475,60621.01611214271,24.262147758315603
2120.0,35.333333333333336,370.0,True,27750.0,269848.4364803588,20000.0,20.0,48.24353893393379,0.3769717972664966,77.80028975834645,78.14374363984017,1.1629769479225327,303.5239231556556,101326.16006315048,1.1600631504843477,450.1653651999233,46.81588510280461,15072.181245076024,298.92809817116967,25.778098171169688,30.0,101325.0,234.2457146696409,30.373923155655632,13.004412528556834,61564.586396851206,24.34699887116907
2125.0,35.416666666666664,368.75,True,27656.25,269304.6781845564,20000.0,20.0,48.445717023218776,0.3714886958680395,78.0742017472479,78.40221468543345,1.1628474674485907,303.5576195038698,101326.12656205027,1.126562050267239,449.9682740986115,47.0511242264064,15070.503178133737,298.92895484750284,25.77895484750286,30.0,101325.0,234.11708895027402,30.407619503869796,13.069756729557334,62497.30134709081,24.433152959880143
2130.0,35.5,367.5,False,27562.5,138775.8164315899,20000.0,20.0,48.63714675249071,0.3503458109976774,78.3413659639784,78.63607554814124,1.1627238313825925,303.58952445874843,101326.00197703905,1.0019770390499616,449.771607039092,47.28056827686036,15068.900854718398,298.92981685203284,25.779816852032866,30.0,101325.0,233.98988281591153,30.43952445874845,13.133491188016766,63416.06842401539,24.520592799998965
2135.0,35.583333333333336,366.25,False,27468.75,134973.98037684083,20000.0,20.0,48.561369580439646,-0.049063774339549754,78.63377027204932,78.46612949651895,1.1627604797390343,303.57689493007325,101324.98034894733,-0.01965105267299805,449.5751960745673,47.482625066625594,15069.375817417884,298.93068021501034,25.780680215010364,30.0,101325.0,233.89507366898857,30.426894930073274,13.189618074062665,64232.5868601365,24.60923769950185
2140.0,35.666666666666664,365.0,False,27375.0,131276.29760872954,20000.0,20.0,48.485644690847266,0.04558406477072501,78.76259928556654,78.70813071844945,1.162809242183236,303.5642741151412,101325.0169625058,0.0169625058042584,449.37978182771553,47.642328847471674,15070.007778694737,298.93154136700775,25.781541367007776,30.0,101325.0,233.80321239735326,30.41427411514121,13.233980235408799,64882.891778050725,24.698901226333927
2145.0,35.75,363.75,False,27281.25,127679.91479350853,20000.0,20.0,48.4053218345332,0.04489556450793478,78.90602509365264,78.85403727932436,1.1628605183361511,303.5508869724222,101325.01645397316,0.016453973163152114,449.1857793014987,47.76550476807075,15070.67231763652,298.9324001862828,25.782400186282814,30.0,101325.0,233.71258232620812,30.4008869724222,13.268195768908543,65387.44460187889,24.789366737708875
2150.0,35.833333333333336,362.5,False,27187.5,124182.05676600029,20000.0,20.0,48.32093490174486,0.018808938885076402,79.0126957852649,78.93387869850922,1.1629142442021798,303.5368224836241,101325.00288796883,0.0028879688325105235,448.99362193745327,47.85711492398067,15071.36860486025,298.93325655629997,25.78325655629999,30.0,101325.0,233.62339557298503,30.386822483624144,13.293643034439073,65764.38921735875,24.88044440008335
2155.0,35.916666666666664,361.25,False,27093.75,120780.0243881284,20000.0,20.0,48.23299362598789,0.014833540328170757,79.08757626163045,79.00785490309042,1.162970388010474,303.5221656043313,101325.00179619525,0.0017961952544283122,448.80364107127326,47.921423235952574,15072.096228615743,298.9341103720748,25.78411037207485,30.0,101325.0,233.53581767014734,30.372165604331315,13.311506454431271,66029.85961324633,24.97196818399349
2160.0,36.0,360.0,False,27000.0,117471.19246611543,20000.0,0.0,48.14183091867676,0.034354772615823766,55.84696957108355,55.82124566286901,1.1630286971442163,303.50697181977944,101325.00963469715,0.009634697154979222,448.616082290997,47.962092606487104,15072.851914989044,298.9349615383587,25.784961538358743,30.0,101325.0,233.44992525702347,30.35697181977946,13.322803501801975,66198.11457918996,25.06379316607157
2165.0,36.083333333333336,358.75,False,26906.25,114253.00772474012,20000.0,0.0,48.063395253332374,-0.05717059002407405,55.938518780478724,55.80862436126687,1.1630783762535182,303.4938992088887,101324.9733185603,-0.026681439703679644,448.6490064553747,47.98354564980939,15073.495756245595,298.9358101929671,25.78581019296712,30.0,101325.0,233.47703088012142,30.34389920888873,13.328762680502608,66286.98390863987,25.15579670668812
2170.0,36.166666666666664,357.5,False,26812.5,111122.98683709098,20000.0,0.0,47.98124853698323,-0.0670595116561518,55.95683132581083,55.81792707641612,1.1631307319187871,303.4802080894972,101324.96328997466,-0.036710025335196406,448.67946151318193,47.9893837766067,15074.174285667481,298.936656460692,25.78665646069203,30.0,101325.0,233.50339031835233,30.330208089497205,13.33038438239075,66311.18213526823,25.24787876644083
2175.0,36.25,356.25,False,26718.75,108078.71450829574,20000.0,0.0,47.89554849212402,-0.074145234701974,55.955830583661935,55.81130807007657,1.163185383652399,303.4659247486873,101324.95512231976,-0.044877680236822926,448.7074106593588,47.981438603388575,15074.882572135091,298.9375002395491,25.787500239549104,30.0,101325.0,233.52890796323283,30.315924748687337,13.32817738983016,66278.25193913456,25.339954762325835
2180.0,36.333333333333336,355.0,False,26625.0,105117.84161174808,20000.0,0.0,47.80690570046738,0.03961669437274552,55.846044029153404,55.836712189794255,1.1632426767001587,303.4511509500779,101325.01281210182,0.012812101820600219,448.7329773723204,47.96129773922563,15075.625090034056,298.93834143431553,25.788341434315555,30.0,101325.0,233.5537173021363,30.301150950077897,13.322582705340453,66194.82336486912,25.431949953509168
2185.0,36.416666666666664,353.75,False,26531.25,102238.08337639338,20000.0,0.0,47.71468656151103,-0.07025914560531103,55.89181744235841,55.757422816426676,1.1633009884030012,303.43578109358515,101324.95970328538,-0.040296714621945284,448.7563677195041,47.93034938702441,15076.380809702896,298.9391799577807,25.789179957780732,30.0,101325.0,233.5775996892239,30.28578109358517,13.313985940840112,66066.76391949537,25.523798278012197
2190.0,36.5,352.5,False,26437.5,99437.2176236747,20000.0,0.0,47.620204405919026,0.015284374046002785,55.762794606323546,55.73094981950488,1.1633618464695246,303.42003406765315,101325.00190703747,0.0019070374692091718,448.77771274089287,47.88980206886306,15077.169530245039,298.9400157288,25.79001572880003,30.0,101325.0,233.6009299569846,30.27003406765317,13.302722796906407,65899.23554273012,25.615441333194298
2195.0,36.583333333333336,351.25,False,26343.75,96713.08305277867,20000.0,0.0,47.522748190821176,-0.07520867823284548,55.79322728247581,55.659032380733045,1.1634235748971082,303.40379136513684,101324.9538257528,-0.04617424719617702,448.797168210468,47.840729362610226,15077.969530666523,298.9408486754493,25.790848675449297,30.0,101325.0,233.6234525474312,30.253791365136863,13.289091489613952,65696.86210901792,25.706827512119123
2200.0,36.666666666666664,350.0,False,26250.0,94063.57757285777,20000.0,0.0,47.423216588342484,-0.08071593819590665,55.733678010991994,55.596161545798935,1.1634871080587021,303.3872027647237,101324.94681581487,-0.05318418513343204,448.8148341000579,47.784080425748826,15078.792920440781,298.94167873307526,25.791678733075287,30.0,101325.0,233.64540700622666,30.237202764723747,13.273355673819118,65463.760378883504,25.79791127773572
2205.0,36.75,348.75,False,26156.25,91486.65668094243,20000.0,0.0,47.321348320510424,-0.11743103911299442,55.702598316237626,55.525463373941825,1.1635515403757934,303.37022472008505,101324.88742817186,-0.11257182814006228,448.83084157316256,47.72067368499096,15079.627963270283,298.94250583981454,25.792505839814567,30.0,101325.0,233.66667964884746,30.22022472008507,13.255742690275268,65203.506033674545,25.888652434966662
2210.0,36.833333333333336,347.5,False,26062.5,88980.33188429088,20000.0,0.0,47.2179057760485,-0.11857051764468182,55.6230925485238,55.44783944804143,1.1636176431517362,303.35298429600806,101324.8852329171,-0.11476708289410453,448.84527268834483,47.651253635049095,15080.484655246502,298.94332994312805,25.79332994312807,30.0,101325.0,233.6874679738623,30.202984296008083,13.236459343069193,64919.361941651754,25.979015537727307
2215.0,36.916666666666664,346.25,False,25968.75,86542.66916595987,20000.0,0.0,47.11273077703231,-0.12533499736081205,55.54388967662491,55.36401023021625,1.1636847316723673,303.33545512950536,101324.8717643954,-0.12823560459946748,448.8582360648303,47.57646871472733,15081.35412247388,298.9441509937913,25.794150993791334,30.0,101325.0,233.70769091470737,30.185455129505385,13.215685754090925,64614.18379417562,26.068969388932743
2220.0,37.0,345.0,False,25875.0,84171.78749241153,20000.0,0.0,47.006097675525325,-0.12848265128001474,55.45490394361476,55.27465107794352,1.1637528401259467,303.31768294592086,101324.8652425169,-0.13475748310156632,448.8698140450128,47.49689897380739,15082.236808032269,298.9449689482447,25.79496894824473,30.0,101325.0,233.7273980985559,30.167682945920888,13.193583048279832,64290.53177955643,26.158486552525613
2225.0,37.083333333333336,343.75,False,25781.25,81865.8573620053,20000.0,0.0,46.89820014699569,-0.12601832959523976,55.35442198682103,55.18036695479043,1.1638218989206048,303.29970002449926,101324.87036229066,-0.12963770933856722,448.8800839006828,47.41306810429316,15083.131810011038,298.9457837688575,25.79578376885752,30.0,101325.0,233.74661567545925,30.149700024499282,13.170296695636988,63950.71858109494,26.247542976387177
2230.0,37.166666666666664,342.5,False,25687.5,79623.09939325473,20000.0,0.0,46.78901093978209,-0.13540710332868103,55.26331786166662,55.08167510090903,1.1638915031125001,303.281501823297,101324.8503258479,-0.14967415209684987,448.88912433895746,47.325437941258784,15084.033880338002,298.94659542142597,25.79659542142599,30.0,101325.0,233.76530319293818,30.131501823297015,13.145954983682996,63596.786995899485,26.336117633037865
2235.0,37.25,341.25,False,25593.75,77441.78295175955,20000.0,0.0,46.678990028428984,-0.12850715319464118,55.14930635730876,54.97907616955468,1.1639620486192315,303.26316500473814,101324.86519111492,-0.13480888507911004,448.89698812859194,47.23442335149542,15084.94815010524,298.9474038758633,25.797403875863324,30.0,101325.0,233.78356754513058,30.113165004738164,13.120673153193174,63230.57099419356,26.42419218719765
2240.0,37.333333333333336,340.0,False,25500.0,75320.22481475385,20000.0,0.0,46.56806307382999,-0.12491012448873007,55.035640120434934,54.87298855459015,1.1640330970241937,303.24467717897164,101324.87263233306,-0.12736766693706159,448.9037430838299,47.14040236044049,15085.86893743355,298.9482091071334,25.798209107133403,30.0,101325.0,233.80135589210502,30.094677178971665,13.09455621123347,62853.73723102994,26.51175073457628
2245.0,37.416666666666664,338.75,False,25406.25,73256.78787223948,20000.0,0.0,46.45624814717223,-0.13570802564523146,54.935622172219084,54.763785923299245,1.1641043728384897,303.226041357862,101324.84965985123,-0.15034014877164736,448.9094479234645,47.04370776459345,15086.792671986825,298.9490110925697,25.799011092569742,30.0,101325.0,233.81864338300358,30.07604135786204,13.067696601275959,62467.75248086606,26.59877954687621
2250.0,37.5,337.5,False,25312.5,71249.87986370272,20000.0,0.0,46.34385488911562,-0.14333965485319605,54.82917181968539,54.65184522829561,1.1641760917063588,303.2073091481859,101324.83227545589,-0.1677245441096602,448.9141445534403,46.94465520949772,15087.72214851441,298.94980981566823,25.799809815668254,30.0,101325.0,233.83549506167193,30.057309148185936,13.040182002638254,62073.99707596834,26.685266872957346
2255.0,37.583333333333336,336.25,False,25218.75,69297.95214943922,20000.0,0.0,46.231009222162015,-0.14785531611144986,54.71666683745261,54.53748179383143,1.164248185391675,303.188501537027,101324.82154126937,-0.1784587306319736,448.9178778326277,46.84351882883459,15088.656482676108,298.9506052609217,25.800605260921714,30.0,101325.0,233.85192049592197,30.038501537027003,13.012088563565165,61673.66881401603,26.77120275204761
2260.0,37.666666666666664,335.0,False,25125.0,67399.49851553908,20000.0,0.0,46.117719218260845,-0.15759924394785144,54.608122625572534,54.42098333300903,1.1643204165891903,303.1696198697101,101324.79724472087,-0.202755279125995,448.9206929257381,46.7405557418912,15089.592598995907,298.9513974175768,25.801397417576823,30.0,101325.0,233.86789545759504,30.01961986971014,12.983487706080888,61267.88180071737,26.856578828863398
2265.0,37.75,333.75,False,25031.25,65553.05401160997,20000.0,0.0,46.00434657835058,-0.152877290526893,54.48087250598571,54.302630465280856,1.1643931264235188,303.1507244297251,101324.80921252278,-0.1907874772150535,448.92261714013387,46.635993663131295,15090.534918448802,298.95218627672983,25.802186276729856,30.0,101325.0,233.88350260431872,30.000724429725096,12.954442684203137,60857.61861658846,26.941388204153192
2270.0,37.833333333333336,332.5,False,24937.5,63757.19382034168,20000.0,0.0,45.890585550995524,-0.16466569926778651,54.37123867916862,54.18264320883148,1.1644656052631823,303.13176425849923,101324.77865475498,-0.22134524502325803,448.9237007111254,46.530050320022625,15091.474244210844,298.95297183392097,25.802971833920992,30.0,101325.0,233.8986254849877,29.981764258499254,12.925013977784062,60443.80794724481,27.025625305933634
2275.0,37.916666666666664,331.25,False,24843.75,62010.53215803909,20000.0,0.0,45.77693302855164,-0.16260913316108108,54.244096059016364,54.06126912832392,1.1645384380440595,303.11282217142525,101324.78414914133,-0.21585085867263842,448.92395879013776,46.422915175839435,15092.418157051012,298.95375408562205,25.803754085622074,30.0,101325.0,233.9133894045094,29.962822171425273,12.895254215510954,60027.254086568515,27.10928576567934
2280.0,38.0,330.0,False,24750.0,60311.72120527611,20000.0,0.0,45.66324578327203,-0.16388230241394677,54.119652048122774,53.938697418171884,1.1646112000113455,303.093874297212,101324.78075584453,-0.21924415546527598,448.9234289123533,46.31476789648461,15093.361152147038,298.954533031865,25.80453303186505,30.0,101325.0,233.92772852368896,29.943874297212005,12.865213304579058,59608.7104032441,27.19236629657504
2285.0,38.083333333333336,328.75,False,24656.25,58659.450066844554,20000.0,0.0,45.549612303219874,-0.16793554906908317,53.99745878973767,53.81511816382759,1.1646838494454872,303.07493538386996,101324.76977674579,-0.23022325421334244,448.92213664240273,46.205773514803425,15094.302688813514,298.9553086749586,25.80530867495861,30.0,101325.0,233.94164770791593,29.92493538386998,12.834937087445395,59188.861369813756,27.27486461030633
2290.0,38.166666666666664,327.5,False,24562.5,57052.4437601959,20000.0,0.0,45.4360959446027,-0.1755136340374402,53.878557680433076,53.69070217652655,1.16475631491051,303.0560159907671,101324.74853032055,-0.2514696794532938,448.92010600458576,46.09608163459641,15095.241841240211,298.95608101902354,25.806081019023566,30.0,101325.0,233.9551450545625,29.906015990767116,12.804467120721226,58768.32064519373,27.356779320038974
2295.0,38.25,326.25,False,24468.75,55489.46223159521,20000.0,0.0,45.322872459606174,-0.17940707810506745,53.75471613005781,53.56561705526236,1.164828716364969,303.03714540993434,101324.73724979858,-0.26275020142202266,448.9173541786488,45.98583148123466,15096.18016409,298.9568500704754,25.806850070475434,30.0,101325.0,233.968253541059,29.887145409934362,12.773842078120738,58347.65156586532,27.438109856296652
2300.0,38.333333333333336,325.0,False,24375.0,53969.29939922802,20000.0,0.0,45.210097836117484,-0.17388471735233338,53.619409452790464,53.440015940828935,1.1649011520341372,303.0183496393529,101324.75317636793,-0.24682363207102753,448.9138969608752,45.87515073490363,15097.118930362418,298.95761583750965,25.807615837509672,30.0,101325.0,233.98100106026519,29.868349639352914,12.74309742636212,57927.36358312903,27.518856394594568
2305.0,38.416666666666664,323.75,False,24281.25,52490.782222521826,20000.0,0.0,45.09745919367333,-0.18417021825947788,53.50214884828456,53.31401026734121,1.1649729807865288,302.99957653227887,101324.72311290372,-0.27688709627545904,448.90976671876035,45.764160325286156,15098.049830993414,298.9583783306261,25.808378330626113,30.0,101325.0,233.99327563902452,29.84957653227889,12.712266757023931,57507.93134161806,27.599019793847866
2310.0,38.5,322.5,False,24187.5,51052.769796963956,20000.0,0.0,44.98548802282619,-0.17877800929759177,53.3663970358378,53.18775745058375,1.1650449200423056,302.980914670471,101324.73908917054,-0.26091082945640665,448.9049604555134,45.65296713937208,15098.98216374828,298.9591375611615,25.80913756116155,30.0,101325.0,234.00521975114702,29.83091467047103,12.68137976093669,57089.76791773007,27.678601529444634
2315.0,38.583333333333336,321.25,False,24093.75,49654.15247371743,20000.0,0.0,44.873775096749,-0.18823791212893323,53.24782484889166,53.06134407656361,1.165116193024409,302.96229584945814,101324.71074684439,-0.2892531556135509,448.89951074193067,45.54167592403549,15099.905861596339,298.95989354301656,25.809893543016585,30.0,101325.0,234.01669429245464,29.812295849458167,12.650465534454302,56673.27054124231,27.757603639485588
2320.0,38.666666666666664,320.0,False,24000.0,48293.851003355376,20000.0,0.0,44.76275634807644,-0.187509751081754,53.117382070148714,52.93490335919846,1.1651873813825262,302.9437927246794,101324.71298035306,-0.2870196469448274,448.8934150385155,45.43037815633548,15100.82846271754,298.96064629060817,25.81064629060819,30.0,101325.0,234.02781470661665,29.793792724679406,12.619549487870966,56258.77946396503,27.836028674211427
2325.0,38.75,318.75,False,23906.25,46970.81570305329,20000.0,0.0,44.65235011960249,-0.18499714575954365,52.98495656717554,52.8085273607044,1.1652582479236666,302.9253916866004,101324.7206208658,-0.27937913419737015,448.88668982942903,45.31916204395214,15101.746893090718,298.96139582031805,25.81139582031807,30.0,101325.0,234.03854188755324,29.775391686600415,12.588656123320039,55846.616174191855,27.91387964340459
2330.0,38.833333333333336,317.5,False,23812.5,45684.025646596514,20000.0,0.0,44.54245075286303,-0.19026201243256693,52.86177775895827,52.6822997114295,1.1653285247183294,302.90707512547715,101324.70449278878,-0.2955072112235939,448.87935115874757,45.20810963943691,15102.657680349548,298.96214214983274,25.812142149832766,30.0,101325.0,234.0488303318458,29.757075125477172,12.55780823317692,55437.07312302158,27.991159983194322
2335.0,38.916666666666664,316.25,False,23718.75,44432.487876577856,20000.0,0.0,44.433229953618934,-0.19486785168186205,52.73810847631285,52.55631520130314,1.165398393819839,302.88887165893647,101324.69001241127,-0.3099875887273811,448.87140280756915,45.09729503662584,15103.563183905113,298.9628852976786,25.812885297678633,30.0,101325.0,234.05871852264937,29.73887165893649,12.527026399062734,55030.407733373315,28.067873511566816
2340.0,39.0,315.0,False,23625.0,43215.23663817749,20000.0,0.0,44.324751766207555,-0.197299767470398,52.612265560594594,52.43065563040266,1.16546787205659,302.87079196103457,101324.68222695311,-0.3177730468887603,448.86285163458115,44.98678761335847,15104.463621853407,298.9636252835993,25.813625283599322,30.0,101325.0,234.06821336348148,29.720791961034593,12.496329892599576,54626.8549892478,28.144024388457527
2345.0,39.083333333333336,313.75,False,23531.25,42031.332633933875,20000.0,0.0,44.217033009102124,-0.1987462731380442,52.48570819635955,52.305394205586126,1.165536907235308,302.85283883485033,101324.67755035848,-0.3224496415205067,448.85370526578384,44.87665202267704,15105.358317769591,298.9643621284081,25.814362128408106,30.0,101325.0,234.0773082974814,29.702838834850354,12.465736672965845,54226.62788923888,28.21961708490092
2350.0,39.166666666666664,312.5,False,23437.5,40879.862298930566,20000.0,0.0,44.11009239967632,-0.20005407343046155,52.35949205545659,52.18059906290425,1.1656054562405949,302.83501539994603,101324.67329279758,-0.3267072024173103,448.8439702308834,44.7669481843379,15106.246712878108,298.9650958538516,25.81509585385163,30.0,101325.0,234.08599802160666,29.685015399946053,12.435263384538304,53829.917902296336,28.294656352811714
2355.0,39.25,311.25,False,23343.75,39759.93709583969,20000.0,0.0,44.00395557397451,-0.201483323203053,52.233984629161775,52.05633391224459,1.1656734927144996,302.81732592899573,101324.66860792221,-0.3313920777873136,448.8336518410344,44.65773154969939,15107.128465579914,298.96582648252723,25.815826482527257,30.0,101325.0,234.09427996485005,29.66732592899575,12.404925430472053,53436.896404136634,28.369147196080068
2360.0,39.333333333333336,310.0,False,23250.0,38670.692829278065,20000.0,0.0,43.8986531596363,-0.20285189183812125,52.10903356582014,51.93265823218139,1.1657410036698364,302.799775526606,101324.6640906937,-0.3359093063045293,448.8227543361348,44.549053407826996,15108.003407561078,298.9665540378163,25.81655403781633,30.0,101325.0,234.10215368446524,29.64977552660605,12.374737057729721,53047.71622991863,28.443094843742607
2365.0,39.416666666666664,308.75,False,23156.25,37611.28897894692,20000.0,0.0,43.794219178561434,-0.20365040209081917,51.98410094872108,51.80962746184173,1.165807986647208,302.78236986309355,101324.6614409284,-0.3385590716061415,448.81128101430556,44.44096116620631,15108.871506947815,298.96727854382044,25.817278543820464,30.0,101325.0,234.10962036215147,29.632369863093572,12.344711435057308,52662.51310068322,28.51650472522219
2370.0,39.5,307.5,False,23062.5,36580.90805104055,20000.0,20.0,43.691078393043654,-0.20317960067155003,75.14638693784971,75.00476731683393,1.1658741958425052,302.7651797321739,101324.66300448874,-0.33699551125755534,448.79437480266256,44.33349977579066,15109.729578118868,298.96800002549975,25.81800002549977,30.0,101325.0,234.11409689728208,29.615179732173942,12.31486104883074,52281.41106455848,28.58938245033694
2375.0,39.583333333333336,306.25,False,22968.75,35578.754947423506,20000.0,20.0,43.606416364484176,-0.19949617166156666,75.019466629899,74.88547950601236,1.1659286731391425,302.7510693940807,101324.67511246933,-0.3248875306744594,448.5618039243467,44.228182419076234,15110.435603883287,298.96871876786236,25.81871876786238,30.0,101325.0,234.00370971236387,29.601069394080696,12.285606227521175,51909.700946027835,28.66173738923318
2380.0,39.666666666666664,305.0,False,22875.0,34604.05635208954,20000.0,20.0,43.522594294165515,-0.20269915784159295,74.9043262425768,74.76989578779502,1.1659823559904747,302.73709904902756,101324.66459633804,-0.3354036619566614,448.33504394013835,44.126095393853326,15111.131333636553,298.96943503433556,25.819435034335584,30.0,101325.0,233.89618336663116,29.587099049027586,12.257248720514813,51551.077715283194,28.733585152192425
2385.0,39.75,303.75,False,22781.25,33656.06013442869,20000.0,20.0,43.43980361183503,-0.20647604995103058,74.79321951928708,74.65762762885748,1.1660353575157874,302.7233006019725,101324.6519807412,-0.3480192588031059,448.112981892545,44.026898625024465,15111.818233404603,298.97014885353263,25.820148853532658,30.0,101325.0,233.79096054538093,29.573300601972505,12.229694062506795,51204.193644215964,28.80494297952541
2390.0,39.833333333333336,302.5,False,22687.5,32734.0347688424,20000.0,20.0,43.3580562870967,-0.2105808306070758,74.68553121029521,74.5483464684112,1.166087678364743,302.7096760478494,101324.63800582678,-0.36199417321768124,447.8954567149335,43.930309745621955,15112.496311607068,298.97086025511356,25.820860255113587,30.0,101325.0,233.6879578801457,29.55967604784945,12.202863818228321,50867.92785160245,28.875826397230842
2395.0,39.916666666666664,301.25,False,22593.75,31837.268770258328,20000.0,20.0,43.27745973837352,-0.20934448308649484,74.57438202461529,74.44178416324283,1.1661394746409979,302.6962432897289,101324.64224397879,-0.35775602121429984,447.6823115460745,43.83608974917869,15113.167591347334,298.97156926872725,25.821569268727274,30.0,101325.0,233.58712531167032,29.54624328972892,12.17669159699408,50541.33074808383,28.94624949348062
2400.0,40.0,300.0,True,22500.0,280965.0701451097,20000.0,20.0,43.19789153696536,-0.21061370125051299,74.46867547554295,74.33769304542224,1.166190516312044,302.68298192282754,101324.6378928069,-0.3621071930974722,447.47340584437245,43.74403839306415,15113.82909140409,298.9722759243928,25.82227592439284,30.0,101325.0,233.48834390511186,29.53298192282756,12.151121775851154,50223.60382481133,29.016225142489578
2405.0,40.083333333333336,298.5,True,22387.5,280116.76585735555,20000.0,20.0,43.614157787301565,0.4830963927467687,74.16505971291369,74.82713168016721,1.1659493650446822,302.7523596312169,101326.90516020151,1.905160201509716,447.2703990629855,43.69390298946881,15110.703770979082,298.97298728565823,25.822987285658257,30.0,101325.0,233.33415635895398,29.602359631216927,12.137195274852447,50051.1166038601,29.085860365009484
2410.0,40.166666666666664,297.0,True,22275.0,279291.7013091288,20000.0,20.0,44.00257144957277,0.47405412208590675,74.18672400409211,74.8222310602522,1.1656992980083407,302.81709524159544,101326.8345086585,1.8345086585031822,447.07013949874664,43.71250856015123,15107.462902188096,298.9737095665243,25.823709566524315,30.0,101325.0,233.17966204802218,29.66709524159546,12.142363488930897,50115.08155866195,29.15542022484457
2415.0,40.25,295.5,True,22162.5,278489.2398356134,20000.0,20.0,44.37498312606772,0.46495203185692474,74.27300986719669,74.88260273889193,1.165459610342961,302.8791638543446,101326.76473789329,1.7647378932888387,446.87188527158156,43.786611964304335,15104.356550044775,298.9744422758199,25.824442275819933,30.0,101325.0,233.02833356347168,29.72916385434462,12.162947767862315,50370.385872042374,29.225201799449227
2420.0,40.333333333333336,294.0,True,22050.0,277708.76221375907,20000.0,20.0,44.73199383232907,0.454753129952951,74.41119997944558,74.99424282950261,1.1652298157120027,302.9386656387215,101326.68816660573,1.6881666057306575,446.67508908908,43.90529140227359,15101.378411627555,298.97518497675884,25.825184976758862,30.0,101325.0,232.87978496201123,29.78866563872151,12.19591427840933,50781.0693706412,29.295445865589976
2425.0,40.416666666666664,292.5,True,21937.5,276949.66618445434,20000.0,20.0,45.07423904892789,0.44451018952140803,74.59063741994422,75.14766759369756,1.165009589253235,302.9957065081546,101326.61297394766,1.6129739476600662,446.47932891314747,44.05939457392935,15098.524276721926,298.97593724945904,25.82593724945906,30.0,101325.0,232.73372828945324,29.84570650815465,12.238720714980376,51317.65773200596,29.366347759411262
2430.0,40.5,291.0,True,21825.0,276211.36598779133,20000.0,0.0,45.40230739193771,0.43564872619578343,51.514440491400386,52.03960474956837,1.1647986597511528,303.05038456532293,101326.54930459295,1.54930459294701,446.28513163590713,44.24126115339327,15095.79063037494,298.97669868989016,25.82669868989018,30.0,101325.0,232.5903811686083,29.900384565322952,12.289239209275909,51955.76528316517,29.438065414282907
2435.0,40.583333333333336,289.5,True,21712.5,275493.29191106104,20000.0,0.0,45.71353461310969,0.42961123310039745,51.75074583154289,52.259991907888235,1.1645988325646537,303.1022557688516,101326.50665968658,1.506659686579951,446.2883062823058,44.44420320547537,15093.200870037912,298.97746885857435,25.827468858574377,30.0,101325.0,232.55213334165978,29.952255768851614,12.345612001520935,52674.03938544054,29.51072500085833
2440.0,40.666666666666664,288.0,True,21600.0,274794.889849132,20000.0,0.0,46.01388289285762,0.4217701770803921,52.00539309239522,52.49685316599842,1.1644059018576118,303.15231381547625,101326.45216393693,1.4521639369340846,446.28950893147095,44.6628975339374,15090.70048807465,298.9782473737354,25.82824737373545,30.0,101325.0,232.5142346766031,30.00231381547627,12.406360426093721,53455.44321047976,29.584426030438827
2445.0,40.75,286.5,True,21487.5,274115.62087687245,20000.0,0.0,46.303780208496846,0.41383639628066066,52.273673229844796,52.7474619262499,1.1642197273621417,303.20063003474945,101326.39804541132,1.3980454113188898,446.28609627647626,44.893299951394624,15088.287666613356,298.9790339395034,25.829033939503404,30.0,101325.0,232.47528075861302,30.050630034749474,12.470361097609617,54286.99977090191,29.65924717139812
2450.0,40.833333333333336,285.0,True,21375.0,273454.96083328663,20000.0,0.0,46.5836052355711,0.40826442424296844,52.551652458708695,53.01073803655878,1.1640402481799643,303.2472675392618,101326.36065175594,1.3606517559383065,446.2780463403414,45.13203207275853,15085.961616412336,298.97982826824534,25.829828268245365,30.0,101325.0,232.43524910367876,30.09726753926185,12.536675575766258,55157.67031611897,29.735250414514105
2455.0,40.916666666666664,283.5,True,21262.5,272812.39991704316,20000.0,0.0,46.85341311299521,0.39833259517770997,52.83605964993641,53.275562248274774,1.1638669092278493,303.2922355188325,101326.29525597046,1.2952559704572195,446.26536994179804,45.37628461051265,15083.715143592926,298.9806300814419,25.83063008144194,30.0,101325.0,232.39403555481056,30.142235518832535,12.60452350292018,56058.05817098261,29.81248355929682
2460.0,41.0,282.0,True,21150.0,272187.4422930848,20000.0,20.0,47.11367646630947,0.39230340402722086,76.41212729526164,76.82284063772921,1.1637000284576207,303.3356127443849,101326.25634253724,1.2563425372354686,446.2461002708117,45.623713403629786,15081.552368810764,298.9814391068126,25.83143910681264,30.0,101325.0,232.35068049286133,30.185612744384912,12.673253723230495,56980.09142902773,29.890982274296825
2465.0,41.083333333333336,280.5,True,21037.5,271579.6057100149,20000.0,20.0,47.35534883043522,0.3874137832146666,76.70082212858854,77.09541146687884,1.1635451684974285,303.3758914717392,101326.22521991367,1.225219913671026,446.0244069553655,45.87164822332334,15079.545383726672,298.9822549516724,25.83225495167244,30.0,101325.0,232.20434476313676,30.225891471739203,12.742124506478705,57914.09654628598,29.970769904835237
2470.0,41.166666666666664,279.0,True,20925.0,270988.421127966,20000.0,20.0,47.58636528233524,0.37992301325799543,76.98741334498139,77.3632225734045,1.1633969779598912,303.4143942137225,101326.17829792656,1.1782979265553877,445.8033931120912,46.11777642985647,15077.62483436019,298.98307720720874,25.83307720720876,30.0,101325.0,232.0597237798774,30.26439421372254,12.810493452737907,58851.33638886293,30.0518570110402
2475.0,41.25,277.5,True,20812.5,270413.4323566631,20000.0,20.0,47.80719265278401,0.3721049727981484,77.27037078790799,77.62738817367504,1.1632553225080429,303.451198775464,101326.13030294515,1.130302945151925,445.58319064561346,46.36078390520508,15075.788979704235,298.9839055841162,25.833905584116224,30.0,101325.0,231.916857300367,30.301198775464,12.877995529223634,59786.55957918693,30.13424443879579
2480.0,41.333333333333336,276.0,True,20700.0,269854.1957034023,20000.0,20.0,48.01830614762571,0.367145571993903,77.54846652675401,77.8903874245677,1.163120113548156,303.4863843579376,101326.10037445743,1.1003744574263692,445.3638571655276,46.59961608683358,15074.036671584101,298.9847398036505,25.834739803650507,30.0,101325.0,231.7757555656894,30.336384357937618,12.944337801898216,60715.31696950676,30.217926297510164
2485.0,41.416666666666664,274.5,True,20587.5,269310.27963067323,20000.0,20.0,48.2200146723585,0.363296266229796,77.82073035535618,78.1492007010337,1.1629910221087711,303.52000244539306,101326.07742185352,1.0774218535225373,445.14545669261656,46.83343974926512,15072.363646529675,298.9855795978794,25.835579597879416,30.0,101325.0,231.6363843119206,30.370002445393084,13.009288819240309,61633.86735859634,30.302891008849123
2490.0,41.5,273.0,False,20475.0,138781.2644231614,20000.0,20.0,48.41256116395209,0.35667366014007096,78.08640807409431,78.39853616520145,1.1628676257038773,303.5520935273253,101326.03849877419,1.0384987741854275,444.9280572435009,47.06160717620813,15070.764429122248,298.986424709283,25.83642470928305,30.0,101325.0,231.49869286674425,30.40209352732535,13.072668660057813,62539.083688910665,30.38912222485434
2495.0,41.583333333333336,271.5,False,20362.5,134979.27911783455,20000.0,20.0,48.33620721156046,-0.0774651999194475,78.41083989583886,78.22013523925878,1.1629038970087804,303.5393678685934,101324.95101341062,-0.048986589375999756,444.7114529107037,47.262768179259254,15071.234505233795,298.98727121568913,25.837271215689157,30.0,101325.0,231.3932095749538,30.38936786859341,13.128546716460903,63344.471106417855,30.476541360128873
2500.0,41.666666666666664,270.0,False,20250.0,131281.45118794314,20000.0,20.0,48.26025208517035,0.07783886608986841,78.5056222801892,78.49874977491014,1.1629535281587011,303.5267086808617,101325.04946031897,0.04946031897270586,444.49625672956586,47.42163370457841,15071.877724936767,298.98811549986465,25.83811549986467,30.0,101325.0,231.2911090073646,30.376708680861725,13.172676029049558,63985.384673077715,30.564964871086854
2505.0,41.75,268.5,False,20137.5,127684.92718772484,20000.0,20.0,48.17886490530748,-0.07954426866080018,78.7407431578515,78.55398185751164,1.1630043420169578,303.51314415088456,101324.94834864754,-0.051651352463522926,444.2829575029744,47.54401425645429,15072.536272539774,298.9889574389474,25.838957438947432,30.0,101325.0,231.19022110100497,30.36314415088458,13.206670626792858,64482.04358546803,30.654178362933067
2510.0,41.833333333333336,267.0,False,20025.0,124186.93184305614,20000.0,20.0,48.09439124278936,0.0577064620289622,78.75391126161223,78.73047068708891,1.1630591972514424,303.49906520713154,101325.02718396539,0.027183965386939235,444.0718166199178,47.6348674612467,15073.247196378692,298.98979691680006,25.839796916800083,30.0,101325.0,231.09124966708217,30.34906520713156,13.231907628124084,64852.41212821431,30.74399395717868
2515.0,41.916666666666664,265.5,False,19912.5,120784.7659098992,20000.0,20.0,48.00539852375391,-0.09024711899268377,78.93302612537477,78.74107613810015,1.1631149639503338,303.4842330872923,101324.93351393889,-0.06648606111411937,443.86309402468044,47.69844648087812,15073.969932796324,298.99063382757294,25.840633827572958,30.0,101325.0,230.99370740081133,30.33423308729232,13.249568466910588,65112.43753547306,30.834247325000685
2520.0,42.0,264.0,False,19800.0,117475.80409141807,20000.0,0.0,47.9136886396725,-0.07693824474926768,55.67610058054133,55.52806551607002,1.163173755687914,303.46894810661206,101324.95167760404,-0.04832239595998544,443.6569095814573,47.73840988462648,15074.731873715367,298.99146807599686,25.841468075996886,30.0,101325.0,230.89807616939123,30.318948106612083,13.260669412396243,65276.235032414996,30.924795014283937
2525.0,42.083333333333336,262.5,False,19687.5,114257.49301215624,20000.0,0.0,47.83318491418015,-0.06044013514384475,55.680906363191355,55.55452279227674,1.1632253978250353,303.45553081903,101324.97017951072,-0.029820489275152795,443.6334147338279,47.75903526191137,15075.401155812457,298.992299774941,25.84229977494101,30.0,101325.0,230.89609922373666,30.305530819030025,13.26639868386427,65360.879373404365,31.01551523262131
2530.0,42.166666666666664,261.0,False,19575.0,111127.34924771305,20000.0,0.0,47.74882544072284,-0.048614161640842146,55.67270551513781,55.562666617174656,1.1632794165565803,303.4414709067871,101324.98070745541,-0.01929254458809737,443.60812747480907,47.763818242091425,15076.101238573281,298.99312902604504,25.843129026045062,30.0,101325.0,230.8936599803952,30.29147090678714,13.267727289469839,65380.518658299414,31.10630787014333
2535.0,42.25,259.5,False,19462.5,108082.9574083978,20000.0,0.0,47.6610104260119,0.02935691113070846,55.60538932324776,55.58881289084691,1.1633358297782175,303.42683507100196,101325.0070353325,0.007035332499071956,443.58093438701394,47.75462039613109,15076.832353925698,298.99395572642624,25.84395572642626,30.0,101325.0,230.89070274504314,30.276835071001983,13.265172332258636,65342.75508544152,31.19708792135426
2540.0,42.333333333333336,258.0,False,19350.0,105121.96827538329,20000.0,0.0,47.569574292918446,-0.06907017878603788,55.66071084014609,55.532344044440116,1.1633937323379873,303.4115957154864,101324.96105559512,-0.03894440487783868,443.5520112262729,47.733061044467576,15077.582771100315,298.9947797811651,25.84477978116513,30.0,101325.0,230.88713913772892,30.261595715486408,13.259183623463215,65254.295904426304,31.287780317875
2545.0,42.416666666666664,256.5,False,19237.5,102242.09698792052,20000.0,0.0,47.475179049729604,-0.09913389278090981,55.65787205295519,55.49738681896245,1.163453585923488,303.3958631749549,101324.91977527594,-0.08022472406446468,443.521475955492,47.700559343681554,15078.358473568405,298.9956011039851,25.845601103985132,30.0,101325.0,230.8831219940846,30.245863174954934,13.250155373244876,65121.09063121609,31.378318780746977
2550.0,42.5,255.0,False,19125.0,99441.12128021542,20000.0,0.0,47.37839450001184,-0.08187715056828432,55.58864403545949,55.4512545262766,1.1635157397812486,303.3797324166686,101324.94527454869,-0.05472545130760409,443.48943720784285,47.65836217798131,15079.163987564982,298.99641961698967,25.846419616989692,30.0,101325.0,230.8787769602822,30.22973241666864,13.238433938328141,64948.41999676566,31.468644829794187
2555.0,42.583333333333336,253.5,False,19012.5,96716.87976660731,20000.0,0.0,47.279049509632614,-0.07228630554884508,55.51831976246258,55.39517253319526,1.1635793828319778,303.3631749182721,101324.95734440841,-0.0426555915910285,443.4560214022729,47.607557636825526,15079.988801502433,298.99723524813226,25.84723524813228,30.0,101325.0,230.8740086968189,30.213174918272102,13.22432156578487,64740.93331830333,31.558706880707426
2560.0,42.666666666666664,252.0,False,18900.0,94067.27027372582,20000.0,0.0,47.177112286787974,-0.10752595782116403,55.49128538020529,55.330223493252014,1.1636439574831503,303.3461853811313,101324.90561770118,-0.09438229881925508,443.4213321583882,47.54910051088647,15080.825688981628,298.9980479315679,25.84804793156792,30.0,101325.0,230.86876034195092,30.19618538113133,13.20808347524624,64502.74064940682,31.64845943207389
2565.0,42.75,250.5,False,18787.5,91490.24821833934,20000.0,0.0,47.07325157142884,-0.12172194213975629,55.43182086221171,55.25741713422039,1.1637100582308963,303.3288752619048,101324.87905117389,-0.12094882610836066,443.38544389151275,47.48383563705225,15081.682354672415,298.9988576081233,25.848857608123296,30.0,101325.0,230.86318842808694,30.178875261904807,13.189954343625626,64237.49981845116,31.737862376843236
2570.0,42.833333333333336,249.0,False,18675.0,88983.82502964285,20000.0,0.0,46.967823922709385,-0.10622522069283533,55.330723607285094,55.1776253471782,1.1637778048858187,303.3113039871182,101324.90788736726,-0.09211263274482917,443.34843160873663,47.41250874138455,15082.56035132021,298.99966422410006,25.84966422410008,30.0,101325.0,230.85735559919942,30.16130398711823,13.170141317051264,63948.45520270391,31.826880401163482
2575.0,42.916666666666664,247.5,False,18562.5,86546.06661476842,20000.0,0.0,46.860302519580614,-0.13455393090188114,55.27437042429199,55.09155850618529,1.1638459276795219,303.2933837532634,101324.8522060382,-0.14779396180529147,443.31039013603123,47.33578319599995,15083.443222726604,299.00046773163683,25.850467731636854,30.0,101325.0,230.85105919039424,30.143383753263436,13.148828665555541,63638.50253974865,31.915482455151295
2580.0,43.0,246.0,False,18450.0,84175.09186633349,20000.0,0.0,46.751558158791795,-0.13689555336127462,55.182158144060224,54.99994851062617,1.1639154207769324,303.27525969313194,101324.84701720384,-0.15298279616399668,443.2713617024366,47.254248486468896,15084.343853269045,299.00126808795306,25.851268087953088,30.0,101325.0,230.8445182573001,30.125259693131966,13.126180135130248,63310.22143099765,32.00364129124209
2585.0,43.083333333333336,244.5,False,18337.5,81869.07121087589,20000.0,0.0,46.64155471123286,-0.13464488659965765,55.079604572305776,54.903378815045194,1.1639858445543796,303.25692578520545,101324.85200615929,-0.14799384071375243,443.23141097427197,47.168424832575525,15085.25654542476,299.0020652539941,25.852065253994112,30.0,101325.0,230.83767913004183,30.106925785205476,13.10234023127098,62965.89352769317,32.09133303774119
2590.0,43.166666666666664,243.0,False,18225.0,79626.22519705501,20000.0,0.0,46.53037053131425,-0.1350454612675343,54.97568527195095,54.80237829953467,1.1640569648237866,303.23839508855235,101324.85112427258,-0.1488757274200907,443.19059271222903,47.078777032042055,15086.178264116274,299.0028591954147,25.852859195414737,30.0,101325.0,230.8305237538853,30.088395088552375,13.077438064456127,62607.55854056907,32.1785368238997
2595.0,43.25,241.5,False,18112.5,77444.8231225303,20000.0,0.0,46.418000162402336,-0.15085251620039924,54.88575324793628,54.69743058105596,1.1641284390765911,303.2196666937337,101324.8142328029,-0.18576719709380995,443.1489587148576,46.9857352032762,15087.10457043262,299.00364988435103,25.853649884351057,30.0,101325.0,230.8230110756834,30.069666693733723,13.051593112021166,62237.09752830764,32.26523450172531
2600.0,43.333333333333336,240.0,False,18000.0,75323.18169845668,20000.0,0.0,46.30500814599577,-0.14691952542165215,54.76932462677149,54.589002928461106,1.1642008537032174,303.2008346909993,101324.82379308612,-0.17620691387855913,443.1065376550496,46.88967780329179,15088.043063993697,299.00443729556486,25.85443729556488,30.0,101325.0,230.81527219133764,30.050834690999295,13.024910500914386,61856.16574131832,32.35141037899589
2605.0,43.416666666666664,238.5,False,17887.5,73259.66375056717,20000.0,0.0,46.1911495131593,-0.1542012216328333,54.66284097726263,54.477459919454994,1.164273516461444,303.1818582521932,101324.80589374079,-0.19410625920863822,443.0633795132004,46.79094658532419,15088.984773340313,299.0052214076176,25.85522140761765,30.0,101325.0,230.8071957762895,30.031858252193217,12.997485162590053,61466.25363250169,32.437050948005485
2610.0,43.5,237.0,False,17775.0,71252.67695583988,20000.0,0.0,46.07677365184327,-0.15495806774629073,54.54600158705623,54.36316892921424,1.1643467031359218,303.1627956086405,101324.80398365094,-0.19601634905848186,443.01951126771263,46.689846574734595,15089.933272641547,299.0060022020593,25.8560022020593,30.0,101325.0,230.7988504656641,30.012795608640545,12.969401826315165,61068.68815876051,32.52214465758275
2615.0,43.583333333333336,235.5,False,17662.5,69300.67261377473,20000.0,0.0,45.96182436933839,-0.16259312025211853,54.43474661982121,54.246446505030676,1.164420060616058,303.1436373948897,101324.784191651,-0.21580834900669288,442.974968980762,46.586664331710836,15090.88398558411,299.0067796655228,25.856779665522822,30.0,101325.0,230.79018496010383,29.99363739488973,12.9407400921419,60664.70594890629,32.606681736824186
2620.0,43.666666666666664,234.0,False,17550.0,67402.14445133162,20000.0,0.0,45.846635861221216,-0.16045456481472706,54.30998008180601,54.127598703904276,1.164493872816292,303.1244393102035,101324.78983128678,-0.21016871322353836,442.92977306045265,46.481651786624155,15091.840591699143,299.0075537862937,25.85755378629375,30.0,101325.0,230.78126608294878,29.974439310203536,12.911569940728933,60255.391010609696,32.690654026379406
2625.0,43.75,232.5,False,17437.5,65555.62746060797,20000.0,0.0,45.731105003743664,-0.16403372312287517,54.19001133678101,54.00687776832923,1.1645677398063872,303.1051841672906,101324.78035051166,-0.21964948833920062,442.883954608817,46.37504193384924,15092.797907890777,299.00832455631763,25.858324556317655,30.0,101325.0,230.77203069746963,29.95518416729061,12.8819560927359,59841.737723123304,32.774054810222275
2630.0,43.833333333333336,231.0,False,17325.0,63759.69676835876,20000.0,0.0,45.61537354786026,-0.16994096564492955,54.0711432124335,53.88453340535335,1.1646416685119223,303.08589559131,101324.76424545466,-0.23575454534147866,442.8375341731086,46.26704922399206,15093.756023914513,299.00909197059786,25.859091970597888,30.0,101325.0,230.76249081797494,29.935895591310043,12.851958117775574,59424.65341700565,32.85687869295847
2635.0,43.916666666666664,229.5,False,17212.5,62012.96653648649,20000.0,0.0,45.49952326928292,-0.17868343547753018,53.95419120281423,53.76078676995319,1.1647155818652373,303.06658721154713,101324.73936514193,-0.2606348580738995,442.7905316467447,46.157866870689425,15094.713940973475,299.00985602626116,25.859856026261184,30.0,101325.0,230.75264147940197,29.916587211547153,12.821629686302618,59004.94923505764,32.93912147257796
2640.0,44.0,228.0,False,17100.0,60314.088892653046,20000.0,0.0,45.38381817506479,-0.17838856963962674,53.825538004802794,53.63585524289666,1.1647897075271556,303.04730302917744,101324.74022463855,-0.25977536145364866,442.742958867838,46.047672722628526,15095.674609551936,299.01061672305883,25.860616723058854,30.0,101325.0,230.7425338937456,29.897303029177465,12.791020200730147,58583.36410956105,33.020780023511726
2645.0,44.083333333333336,226.5,False,16987.5,58661.752890187774,20000.0,0.0,45.26816537139905,-0.18090010294934028,53.69916675426032,53.50991571713581,1.1648637145560499,303.0280275618998,101324.73285838982,-0.2671416101802606,442.69483669536226,45.93663194112745,15096.633740646406,299.0113740633657,25.8613740633657,30.0,101325.0,230.7321133106333,29.87802756189984,12.76017553920207,58160.57606899447,33.101852204191275
2650.0,44.166666666666664,225.0,False,16875.0,57054.683496489524,20000.0,0.0,45.15268800900958,-0.18308682903107665,53.57160650500497,53.38314432397951,1.1649376285731181,303.0087813348349,101324.72636092274,-0.27363907726248726,442.64617725841146,45.82489483953422,15097.59166630761,299.0121280514614,25.86212805146141,30.0,101325.0,230.7213910796236,29.85878133483493,12.729137455426173,57737.19504185844,33.1823367674627
2655.0,44.25,223.5,False,16762.5,55491.64060914194,20000.0,0.0,45.03738403932732,-0.18964417202485265,53.44848735677063,53.255696312663424,1.1650112861649575,302.98956400655453,101324.70640888177,-0.29359111822850537,442.59699477070666,45.712601195455534,15098.54626869785,299.0128786938878,25.862878693887808,30.0,101325.0,230.71034220140496,29.839564006554554,12.697944776515426,57313.78031053087,33.26223327812408
2660.0,44.333333333333336,222.0,False,16650.0,53971.418098982824,20000.0,0.0,44.9225294692086,-0.18727786764122803,53.31447709186277,53.12773259601012,1.165084978209177,302.9704215782014,101324.7136897983,-0.2863102016999619,442.54729317322335,45.59987776829071,15099.501317590935,299.0136259987318,25.863625998731834,30.0,101325.0,230.69902629242634,29.820421578201433,12.666632713414087,56890.832106517664,33.34154203674703
2665.0,44.416666666666664,220.5,False,16537.5,52492.84287938901,20000.0,0.0,44.80800774418856,-0.1873977348339561,53.18300080392033,52.99937783206824,1.165158378269954,302.9513346240314,101324.71332317534,-0.2866768246603897,442.4970870527547,45.486844381415835,15100.452582378604,299.01436997634477,25.86436997634479,30.0,101325.0,230.6873862732099,29.801334624031426,12.635234550393287,56468.81541821853,33.420264014194764
2670.0,44.5,219.0,False,16425.0,51054.77400105878,20000.0,0.0,44.693843714443005,-0.19209664448710215,53.05662347516979,52.87075604947572,1.1652313950803763,302.9323072857405,101324.69876636063,-0.3012336393730948,442.4463851952757,45.37361100352841,15101.398880241677,299.01511063860187,25.86511063860189,30.0,101325.0,230.6754086267284,29.7823072857405,12.603780834313449,56048.14979793555,33.49840079559487
2675.0,44.583333333333336,217.5,False,16312.5,49656.101771593116,20000.0,0.0,44.58017965173099,-0.19578606926011302,52.92895519610393,52.741989535870644,1.165304133563101,302.9133632752885,101324.68708420476,-0.31291579523531254,442.3951914905197,45.26027842585927,15102.34157097779,299.01584799877907,25.86584799877909,30.0,101325.0,230.6631161272132,29.763363275288498,12.572299562738687,55629.21277534858,33.575954519604096
2680.0,44.666666666666664,216.0,False,16200.0,48295.7468991965,20000.0,0.0,44.46707266553756,-0.19814830349638493,52.7997353760555,52.613186771759615,1.1653765709134658,302.8945121109229,101324.67948775364,-0.32051224635506514,442.3435112829034,45.146940555463054,15103.280359038517,299.01658207171437,25.86658207171439,30.0,101325.0,230.65050701901623,29.744512110922926,12.54081682096196,55212.34914193943,33.6529278264911
2685.0,44.75,214.5,False,16087.5,46972.659659836514,20000.0,0.0,44.35456731188128,-0.19939877325864402,52.66931626577659,52.48444778303754,1.1654486721377462,302.87576121864686,101324.67542962631,-0.32457037369022146,442.29134922003783,45.033684483733595,15104.214790905191,299.01731287361974,25.867312873619767,30.0,101325.0,230.63757677415342,29.72576121864688,12.50935680103711,54797.87187234089,33.72932381330657
2690.0,44.833333333333336,213.0,False,15975.0,45685.81908721949,20000.0,0.0,44.242707366852756,-0.1995741442228578,52.53783452600738,52.35586546562414,1.1655204084329331,302.85711789447544,101324.6748584568,-0.325141543202335,442.23870897938707,44.9205909109886,15105.144493290814,299.01804042196835,25.868040421968374,30.0,101325.0,230.6243215879755,29.70711789447546,12.477941919719056,54386.06434018742,33.80514599123194
2695.0,44.916666666666664,211.5,False,15862.5,44434.2321849572,20000.0,0.0,44.131519894395296,-0.1995040335467276,52.406343424476326,52.22752516128955,1.1655917313797743,302.83858664906586,101324.67508686203,-0.3249131379707251,442.1855938348818,44.80773477988299,15106.068838681875,299.0187647354285,25.8687647354285,30.0,101325.0,230.61073356797633,29.688586649065883,12.446592994411942,53977.18324742184,33.880398246501116
2700.0,45.0,210.0,False,15750.0,43216.933160316716,20000.0,0.0,44.0209831191645,-0.20272431583974612,52.279041509898974,52.09950318422893,1.165662521323946,302.82016385319406,101324.66451307565,-0.33548692434851546,442.1320077005957,44.695185983208,15106.98627635834,299.0194858338249,25.86948583382491,30.0,101325.0,230.59679106899517,29.670163853194083,12.41532943978,53571.46175471258,33.95508480553037
2705.0,45.083333333333336,208.5,False,15637.5,42032.98267896201,20000.0,0.0,43.911153744204285,-0.20784566099991783,52.15438571381236,51.97187506043854,1.1657327901602839,302.80185895736736,101324.64734841799,-0.3526515820121858,442.07795133538775,44.583008644110116,15107.89696047728,299.02020373787366,25.87020373787368,30.0,101325.0,230.58249683323186,29.65185895736738,12.384169067808367,53169.10742852096,34.029210200796506
2710.0,45.166666666666664,207.0,False,15525.0,40881.46714011238,20000.0,0.0,43.80214716732087,-0.2100776123775266,52.02686656270828,51.8447146091459,1.1658026493715994,302.78369119455346,101324.63973385125,-0.36026614875299856,442.0234230360542,44.47126161283959,15108.802335855928,299.02091846912947,25.870918469129492,30.0,101325.0,230.5678720143541,29.633691194553478,12.353128225788774,52770.30459582636,34.102779236924526
2715.0,45.25,205.5,False,15412.5,39761.49797155818,20000.0,0.0,43.694034165487096,-0.20717396576076116,51.893932428571965,51.7180880243266,1.165872144894331,302.7656723609145,101324.64962406458,-0.3503759354207432,441.9684218275003,44.35999972279471,15109.70299783053,299.0216300500662,25.871630050066244,30.0,101325.0,230.55292517342914,29.615672360914516,12.322222145220755,52375.219331723005,34.17579696187422
2720.0,45.333333333333336,204.0,False,15300.0,38672.210943990096,20000.0,0.0,43.586670017507004,-0.20896090805761597,51.76708629058155,51.59204405894679,1.1659409843683006,302.74777833625114,101324.64355378697,-0.356446213030722,441.9129526241627,44.249275692885114,15110.595157413176,299.02233850427336,25.872338504273387,30.0,101325.0,230.537601049564,29.597778336251167,12.291465470245866,51984.006587305565,34.248268646540204
2725.0,45.416666666666664,202.5,False,15187.5,37612.765504112605,20000.0,0.0,43.480099046351825,-0.2142589151531223,51.645009551137306,51.46663858419156,1.1660091820273961,302.7300165077253,101324.62524993696,-0.3747500630415743,441.85701410215967,44.13913661872203,15111.478999075052,299.0230438557694,25.873043855769424,30.0,101325.0,230.52190177173972,29.580016507725304,12.260871282978341,51596.798137744496,34.3201997609326
2730.0,45.5,201.0,False,15075.0,36582.34412602727,20000.0,20.0,43.37461434474801,-0.21095256367626097,74.80160574026442,74.6634743347344,1.1660770330116936,302.71243572412465,101324.63672666023,-0.36327333976805676,441.80015156730246,44.029624305262914,15112.358347831549,299.0237461289529,25.873746128952916,30.0,101325.0,230.50564845439928,29.56243572412467,12.230451195906365,51213.704300456586,34.39159594318135
2735.0,45.583333333333336,199.5,False,14962.5,35580.15168038507,20000.0,20.0,43.289954868515906,-0.2143636437536009,74.68068163548361,74.5418640924891,1.1661312519668399,302.6983258114193,101324.62488349581,-0.37511650419037323,441.57882897938373,43.92236205552681,15113.061025490244,299.0244456276921,25.874445627692126,30.0,101325.0,230.40088761444582,29.548325811419318,12.200656126535225,50840.324400228616,34.46246679644572
2740.0,45.666666666666664,198.0,False,14850.0,34605.414820821294,20000.0,20.0,43.20641118092749,-0.2174739490604491,74.5635709300478,74.424367473861,1.1661847696033067,302.6844018634879,101324.61391903249,-0.38608096750976983,441.3602001746668,43.818675576750536,15113.754614058857,299.0251426626345,25.875142662634516,30.0,101325.0,230.2973831305087,29.534401863487915,12.171854326875149,50481.121053730356,34.5328289113443
2745.0,45.75,196.5,False,14737.5,33657.38138719922,20000.0,20.0,43.12394882255455,-0.2145086406934398,74.443079164144,74.31053074320761,1.1662378442987456,302.6706581370924,101324.62437586178,-0.37562413822161034,441.14540197757987,43.71816101362261,15114.442462111743,299.0258372604916,25.875837260491608,30.0,101325.0,230.19577961192348,29.520658137092425,12.14393361489517,50134.525178414115,34.6027008878944
2750.0,45.833333333333336,195.0,False,14625.0,32735.319825202416,20000.0,20.0,43.04229928452253,-0.22083750576203465,74.33671431775495,74.19993648310907,1.1662900225265769,302.65704988075373,101324.60188404938,-0.39811595062201377,440.93430867180746,43.620484656438215,15115.118691944437,299.0265294494345,25.876529449434543,30.0,101325.0,230.0959223801263,29.507049880753755,12.11680129345506,49799.23945953029,34.67209933555964
2755.0,45.916666666666664,193.5,False,14512.5,31838.518621827425,20000.0,20.0,42.9618286393744,-0.21699397832557976,74.22147529084357,74.09228621146625,1.1663418652657354,302.6436381065624,101324.61562133364,-0.38437866636377294,440.72678305060185,43.52535943188948,15115.79057384393,299.02721925680896,25.877219256808985,30.0,101325.0,229.9978509686398,29.4936381065624,12.0903776199693,49474.15085756388,34.74103918994651
2760.0,46.0,192.0,True,14400.0,280966.2857563416,20000.0,20.0,42.88114969273511,-0.2403897932551905,74.1406480317415,73.98725998582712,1.1663926826976798,302.63019161545583,101324.52826732489,-0.47173267511243466,440.5227136978719,43.43254813182334,15116.449167761932,299.02790671101985,25.877906711019875,30.0,101325.0,229.90137160656317,29.48019161545585,12.064596703284261,49158.336626042175,34.809533972921244
2765.0,46.083333333333336,190.5,True,14287.5,280117.94816628203,20000.0,20.0,43.29408336346171,0.47256219462828897,73.80081377928106,74.46317835969161,1.1661538986994953,302.69901389391026,101326.82297981871,1.8229798187094275,440.3235379985885,43.381083917375946,15113.354527145459,299.02859875026746,25.878598750267486,30.0,101325.0,229.75038102342373,29.549013893910285,12.050301088159985,48983.797110838,34.87768823246074
2770.0,46.166666666666664,189.0,True,14175.0,279292.851228084,20000.0,20.0,43.68259405809897,0.46343910163334884,73.8211899423313,74.45696764045385,1.165903692450436,302.7637656763498,101326.75327184427,1.7532718442671467,440.12696495277856,43.39858322712698,15110.11185415765,299.02930171616663,25.87930171616665,30.0,101325.0,229.59854136920887,29.61376567634983,12.055162007535271,49043.09911872141,34.94576246595349
2775.0,46.25,187.5,True,14062.5,278490.35825193767,20000.0,20.0,44.05516144650926,0.45454271179052813,73.90640740511353,74.51659112894002,1.1656638564884199,302.82586024108485,101326.68660470891,1.6866047089133644,439.9324180230693,43.47176907540204,15107.003580089922,299.0300151175156,25.880015117515597,30.0,101325.0,229.44984374601674,29.675860241084877,12.0754914098339,49291.631449706954,35.01405047329268
2780.0,46.333333333333336,186.0,True,13950.0,277709.84999048326,20000.0,20.0,44.41235104548514,0.44380617427412267,74.04372482760654,74.62681397320267,1.1654338416719423,302.88539184091417,101326.60786873734,1.6078687373374123,439.73947974639924,43.58969903623387,15104.022588068372,299.0307385190273,25.880738519027318,30.0,101325.0,229.3039590596664,29.73539184091419,12.108249732287186,49693.87483069999,35.082790408209625
2785.0,46.416666666666664,184.5,True,13837.5,276950.7241609664,20000.0,20.0,44.75485265731447,0.43370708025294646,74.22246298221555,74.77979444084635,1.1652134064696162,302.9424754428857,101326.53552515479,1.535525154788047,439.5478282969338,43.743201652213024,15101.165747846226,299.03147150202443,25.881471502024453,30.0,101325.0,229.16066898270515,29.792475442885745,12.15088934783695,50220.721831832365,35.152175544780825
2790.0,46.5,183.0,True,13725.0,276212.3949804837,20000.0,0.0,45.083249877824414,0.4259800929310722,51.14572302332435,51.66853003532825,1.1650023009440924,302.9972083129707,101326.48129828223,1.4812982822331833,439.3579125662329,43.924601870260936,15098.429820235438,299.03221366396014,25.882213663960158,30.0,101325.0,229.02015552616265,29.847208312970736,12.201278297294705,50848.102582642896,35.22236222840199
2795.0,46.583333333333336,181.5,True,13612.5,275494.2927139605,20000.0,0.0,45.39238464156074,0.41957468351118177,51.38140067868933,51.8880218419957,1.1648037262417201,303.04873077359343,101326.43708502076,1.4370850207633339,439.31439766876883,44.12700485861839,15095.856292092692,299.0329645325757,25.882964532575727,30.0,101325.0,228.95844027505404,29.898730773593456,12.25750134961622,51554.26527502596,35.29347498385871
2800.0,46.666666666666664,180.0,True,13500.0,274795.8632345127,20000.0,0.0,45.69080198393908,0.4121909347773874,51.63515749111548,52.12468595871493,1.1646120143020442,303.09846699732316,101326.38694993235,1.386949932348216,439.2687896675021,44.34493445856953,15093.371705354493,299.03372369544087,25.883723695440892,30.0,101325.0,228.89699090677055,29.94846699732318,12.318037349602648,52321.87542399099,35.36561119267747
2805.0,46.75,178.5,True,13387.5,274116.5675958517,20000.0,0.0,45.97882617222524,0.40287007906846345,51.90234866468857,52.37274430424682,1.1644268822749642,303.1464710287042,101326.3249330662,1.324933066192898,439.2199636735306,44.574401659905085,15090.972394283535,299.03449086039325,25.88449086039327,30.0,101325.0,228.8351658823508,29.996471028704207,12.381778238862523,53138.31964588412,35.43884743925377
2810.0,46.833333333333336,177.0,True,13275.0,273455.88161640445,20000.0,0.0,46.256938794686675,0.39721440252204754,52.17909009040636,52.63483971522051,1.1642484403192885,303.19282313244776,101326.28799413527,1.2879941352730384,439.16790996918223,44.81207074007664,15088.65978653798,299.03526574279704,25.88526574279706,30.0,101325.0,228.77298215409982,30.04282313244778,12.447797427799069,53992.85457522046,35.513244088018425
2815.0,46.916666666666664,175.5,True,13162.5,272813.295474826,20000.0,0.0,46.52518764318427,0.38826406159807225,52.4621539210875,52.89961631662202,1.164076128815723,303.237531273864,101326.23060393085,1.230603930845973,439.1126427942478,45.05516958259119,15086.426629451771,299.0360480673423,25.8860480673423,30.0,101325.0,228.71033749396116,30.087531273864045,12.515324884053108,54876.339767606434,35.58884769520095
2820.0,47.0,174.0,True,13050.0,272188.3133165939,20000.0,20.0,46.78398107113139,0.38201705326791435,76.03681080642978,76.44957871951361,1.1639101239914962,303.2806635118552,101326.19132268561,1.1913226856122492,439.052650470972,45.301386796969716,15084.27520692979,299.0368375651587,25.886837565158714,30.0,101325.0,228.64647956983185,30.130663511855232,12.583718554713808,55780.92885476826,35.66569302063315
2825.0,47.083333333333336,172.5,True,12937.5,271580.4528713795,20000.0,20.0,47.026824006414586,0.3783830717579187,76.32429137777693,76.72245323400658,1.1637545579280386,303.3211373344024,101326.1687652979,1.1687652979017003,438.8463234802975,45.548278792926055,15082.259070747381,299.0376338820119,25.887633882011926,30.0,101325.0,228.5084840765766,30.17113733440243,12.652299664701683,56697.924471364655,35.74380333544296
2830.0,47.166666666666664,171.0,True,12825.0,270989.24508090207,20000.0,20.0,47.25894004884685,0.36945462406159524,76.61005913529405,76.98781197690472,1.1636055240146865,303.35982334147445,101326.11425893258,1.114258932575467,438.640802756399,45.793699802432016,15080.327591230336,299.0384366449477,25.888436644947717,30.0,101325.0,228.37221909210874,30.209823341474475,12.720472167342228,57619.362488531064,35.82319034027623
2835.0,47.25,169.5,True,12712.5,270414.2337369777,20000.0,20.0,47.48097466295235,0.36315064734435204,76.89252361690403,77.25329625183255,1.1634631644008508,303.39682911049204,101326.07655830748,1.0765583074826282,438.4363512075559,46.036283916289385,15078.482610635028,299.0392455646197,25.889245564619728,30.0,101325.0,228.2378474014819,30.246829110492058,12.787856643413718,58539.90721709389,35.903856499794024
2840.0,47.333333333333336,168.0,True,12600.0,269854.9751294841,20000.0,20.0,47.69318995913545,0.3558916169962023,77.17041271659619,77.51344769418593,1.163327057500253,303.43219832652255,101326.03394973917,1.0339497391687473,438.2330051957898,46.27493863356647,15076.718665203278,299.04006036328036,25.890060363280384,30.0,101325.0,228.10530323089395,30.282198326522575,12.854149620435132,59455.05769298576,35.985797447648245
2845.0,47.416666666666664,166.5,True,12487.5,269311.03770397,20000.0,20.0,47.896077003564756,0.35195612297434437,77.44271089767813,77.77223274159446,1.1631971696325119,303.46601283392744,101326.01120908163,1.0112090816255659,438.0308057701868,46.508791798347545,15075.035318437353,299.0408807727731,25.89088077277313,30.0,101325.0,227.97459943480928,30.31601283392746,12.919108832874318,60360.999588817904,36.06900304298283
2850.0,47.5,165.0,False,12375.0,138782.00172864378,20000.0,20.0,48.090247103169986,0.35052252911196946,77.70862860058328,78.02788138909891,1.1630730448889972,303.498374517195,101326.00298810951,1.0029881095106248,437.8297968746636,46.737165326766274,15073.426661761405,299.04170653585544,25.891706535855462,30.0,101325.0,227.84566768136023,30.348374517194998,12.982545924101741,61254.55022072819,36.153458285906126
2855.0,47.583333333333336,163.5,False,12262.5,134979.99622444774,20000.0,20.0,48.01616618229241,0.04036709617877848,77.9434807233649,77.90414120944607,1.1631090019674801,303.4860276970487,101325.01330206085,0.013302060848218389,437.6297587010116,46.938859337169916,15073.892665498543,299.04253376243,25.89253376243005,30.0,101325.0,227.74860901658113,30.336027697048735,13.038572038102755,62051.00860940521,36.23908714620483
2860.0,47.666666666666664,162.0,False,12150.0,131282.14864904567,20000.0,20.0,47.94082748602648,0.033117035730371086,78.12919578437098,78.084445374816,1.1631570765758963,303.47347124767106,101325.00895296372,0.008952963718911633,437.431249931065,47.09835380970446,15074.515712423616,299.04335880257605,25.893358802576074,30.0,101325.0,227.6547115224801,30.32347124767108,13.08287605825124,62685.693364721905,36.32570985590909
2865.0,47.75,160.5,False,12037.5,127685.6055415158,20000.0,20.0,47.86085304447249,-0.06295037937093477,78.34581815969699,78.19249785541469,1.1632076925217414,303.4601421740787,101324.96765101826,-0.032348981738323346,437.23455933764365,47.22144150018437,15075.171695081768,299.0441815328726,25.894181532872608,30.0,101325.0,227.562248941433,30.31014217407875,13.117067083384546,63178.45068243637,36.413115511497395
2870.0,47.833333333333336,159.0,False,11925.0,124187.59161299029,20000.0,20.0,47.77701793304823,-0.06689814641657055,78.45709398630333,78.30266998190852,1.1632612056809486,303.446169655508,101324.9634664327,-0.036533567297738045,437.0398597183469,47.31305883795188,15075.865225625093,299.04500183550005,25.895001835500068,30.0,101325.0,227.4713802542325,30.296169655508038,13.142516343875522,63546.89425414741,36.50111922325891
2875.0,47.916666666666664,157.5,False,11812.5,120785.40760509104,20000.0,20.0,47.68967940504854,-0.025562697449119782,78.4839342109924,78.3813520394972,1.1633173686145633,303.43161323417473,101324.99466570203,-0.0053342979663284495,436.8472594086291,47.37744501558022,15076.593097244739,299.0458196036805,25.895819603680536,30.0,101325.0,227.38211287166735,30.281613234174756,13.160401393216729,63806.68165149956,36.589559206526715
2880.0,48.0,156.0,False,11700.0,117476.42820703458,20000.0,0.0,47.59877463901944,-0.058631052438949,55.28198625735886,55.165212024838794,1.1633751967399861,303.41646243983655,101324.97193795665,-0.028062043347745202,436.65738850298254,47.41824664942396,15077.342549750221,299.046634741124,25.896634741124046,30.0,101325.0,227.2945818892613,30.266462439836573,13.171735180395546,63971.6753258118,36.67829417664985
2885.0,48.083333333333336,154.5,False,11587.5,114258.1000297991,20000.0,0.0,47.51697000671902,0.04584012412928362,55.23852081241674,55.24583107836479,1.163427994858257,303.40282833445315,101325.017153608,0.01715360800153576,436.5962474518019,47.439549021157276,15078.02681336301,299.04744732776385,25.89744732776387,30.0,101325.0,227.27306994917836,30.25282833445317,13.17765250587702,64057.93077406272,36.76720362533032
2890.0,48.166666666666664,153.0,False,11475.0,111127.93963579019,20000.0,0.0,47.43082419560096,-0.07159446499475411,55.327855566240636,55.20104480094926,1.1634823757890553,303.3884706992668,101324.95815700067,-0.04184299932967406,436.53369427608925,47.444676386707435,15078.731590226156,299.04825742875477,25.89825742875479,30.0,101325.0,227.25112915080837,30.238470699266827,13.179076774085399,64078.70356395516,36.856187399176164
2895.0,48.25,151.5,False,11362.5,108083.53162248485,20000.0,0.0,47.34162956584066,-0.03943269819574497,55.279772774470786,55.19313976546317,1.163539722941124,303.3736049276401,101324.98730663113,-0.012693368873442523,436.46991961963545,47.43554403621851,15079.474809316966,299.0490649416706,25.899064941670645,30.0,101325.0,227.2291286760973,30.22360492764011,13.176540010060696,64041.708272263604,36.94515990739576
2900.0,48.333333333333336,150.0,False,11250.0,105122.52675857519,20000.0,0.0,47.248883926919234,-0.07687821961718413,55.298082200433136,55.170658060842996,1.163598602785188,303.3581473211532,101324.95175297427,-0.048247025726595894,436.40503936168125,47.41382288427177,15080.237892096035,299.0498697731907,25.899869773190744,30.0,101325.0,227.20684859361188,30.208147321153206,13.170506356742159,63953.77277009838,37.034045658119624
2905.0,48.416666666666664,148.5,False,11137.5,102242.64017117336,20000.0,0.0,47.15318620407709,-0.10066156919189097,55.28754157783664,55.13533049088092,1.1636593885084459,303.3421977006795,101324.91728366113,-0.0827163388748886,436.3391378519627,47.38098711303505,15081.025675069457,299.0506718407788,25.90067184077884,30.0,101325.0,227.1844054583818,30.192197700679515,13.161385309176403,63820.9939291407,37.12277813499409
2910.0,48.5,147.0,False,11025.0,99441.64958267902,20000.0,0.0,47.054814161154695,-0.11675167149394294,55.256570741464934,55.08861786367513,1.1637219585510046,303.3258023601924,101324.88872691595,-0.11127308405411895,436.2722993105793,47.33829885986521,15081.836582821019,299.0514710644536,25.90147106445363,30.0,101325.0,227.16181914206481,30.17580236019245,13.14952746107367,63648.649298423305,37.21129872056879
2915.0,48.583333333333336,145.5,False,10912.5,96717.39359594867,20000.0,0.0,46.954119777490405,-0.11676193056663768,55.196709309752656,55.03182404143282,1.16378634824869,303.30901996291504,101324.88870735976,-0.11129264024202712,436.20459603183747,47.286878836692665,15082.671073303023,299.0522673737606,25.90226737376065,30.0,101325.0,227.13913394733078,30.159019962915067,13.135244121303518,63441.46433134588,37.299555743922795
2920.0,48.666666666666664,144.0,False,10800.0,94067.77002644372,20000.0,0.0,46.85111189146312,-0.12363449300175466,55.135810887551585,54.966063308259564,1.1638520700195119,303.2918519819105,101324.87522050727,-0.12477949273306876,436.1360990139623,47.22770592944691,15083.522827452874,299.0530607037686,25.90306070376863,30.0,101325.0,227.1162914584863,30.14185198191052,13.118807202624142,63203.59790977678,37.38750370381247
2925.0,48.75,142.5,False,10687.5,91490.7342800702,20000.0,0.0,46.746074535174444,-0.12982051047335041,55.066089928484345,54.89233692697663,1.1639191052622548,303.2743457558624,101324.8624215107,-0.13757848930254113,436.0668651775058,47.161642659528525,15084.391604198821,299.05385099563154,25.903850995631558,30.0,101325.0,227.09331749661206,30.124345755862407,13.10045629431348,62938.73653524835,37.475102547177066
2930.0,48.833333333333336,141.0,False,10575.0,88984.29777545846,20000.0,0.0,46.6392479340235,-0.1318384319848703,54.98437589924469,54.81152332273252,1.1639873903667617,303.2565413223372,101324.85811124777,-0.14188875223044306,435.99694542897623,47.08944768333093,15085.276579153231,299.0546381957863,25.904638195786333,30.0,101325.0,227.07022597676124,30.10654132233725,13.080402134258591,62650.1391829863,37.562317044203624
2935.0,48.916666666666664,139.5,False,10462.5,86546.52640946521,20000.0,0.0,46.53067806513832,-0.14239756827037084,54.906254128129824,54.72439098262783,1.1640565767693318,303.2384463441897,101324.83447291878,-0.16552708121889737,435.9263887474683,47.01179656963697,15086.17323493054,299.0554222566023,25.90542225660232,30.0,101325.0,227.04697424226254,30.08844634418972,13.058832380454714,62340.71729403155,37.649116250090444
2940.0,49.0,138.0,False,10350.0,84175.53906471415,20000.0,0.0,46.42069174129563,-0.1481710833971483,54.816911277547646,54.63164879057955,1.1641267920169376,303.2201152902159,101324.82077820445,-0.1792217955517117,435.85523233263666,46.929294270365595,15087.08322453951,299.05620313651383,25.906203136513852,30.0,101325.0,227.02360639848828,30.070115290215938,13.035915075101554,62013.08260653736,37.735473055576946
2945.0,49.083333333333336,136.5,False,10237.5,81869.50615802307,20000.0,0.0,46.30945259669534,-0.15020844112049678,54.71817972510839,54.53390020841576,1.1641979178242843,303.20157543278253,101324.81581570789,-0.1841842921130592,435.78351218788447,46.84246499111736,15088.005015002725,299.0569807960893,25.90698079608933,30.0,101325.0,227.000117981105,30.051575432782556,13.011795830865934,61669.506493732086,37.82136374245213
2950.0,49.166666666666664,135.0,False,10125.0,79626.64822859767,20000.0,0.0,46.19710273913063,-0.14990228923406757,54.61224185487197,54.43169894186523,1.1642698288550484,303.18285045652175,101324.81656574435,-0.1834342556539923,435.7112602917973,46.75179034347542,15088.936981961426,299.05775520286886,25.907755202868884,30.0,101325.0,226.97650107280188,30.03285045652177,12.986608428743171,61312.07162834354,37.90676761614802
2955.0,49.25,133.5,False,10012.5,77445.23456490265,20000.0,0.0,46.08369345104586,-0.15500140695528336,54.50861693280401,54.325528737914055,1.1643422724543446,303.1639489085076,101324.80387399055,-0.19612600945401937,435.63850664230154,46.657696815730986,15089.875851008306,299.05852632786787,25.90852632786789,30.0,101325.0,226.9527219266909,30.013948908507643,12.960471337703051,60942.62272016786,37.991666709445596
2960.0,49.333333333333336,132.0,False,9900.0,75323.5818691501,20000.0,0.0,45.969438996673375,-0.15953457714014604,54.4008051048763,54.21584310891156,1.1644152782429924,303.14490649944554,101324.79223443834,-0.20776556165947113,435.5652741916939,46.56057346715584,15090.82200602918,299.0592941469601,25.90929414696012,30.0,101325.0,226.92879817277796,29.994906499445563,12.93349262976551,60562.83720362567,38.07604550105934
2965.0,49.416666666666664,130.5,False,9787.5,73260.05295837519,20000.0,0.0,45.85456120699325,-0.15702082248040497,54.2816533552231,54.103037212406505,1.164488900728701,303.1257602011655,101324.79873029639,-0.20126970361161511,435.4915826514741,46.46075817343601,15091.776153443965,299.0600586376975,25.910058637697546,30.0,101325.0,226.90475060020609,29.975760201165542,12.905766159287781,60174.172704047734,38.159890646828565
2970.0,49.5,129.0,False,9675.0,71253.0555010965,20000.0,0.0,45.73895002878055,-0.16501601668845964,54.17197402931452,53.987459594193716,1.1645626859088154,303.1064916714634,101324.77771195295,-0.2222880470508244,435.41745587678537,46.35856896965777,15092.732409378246,299.06081978349084,25.910819783490865,30.0,101325.0,226.8805030837205,29.956491671463425,12.877380269349379,59777.99088998391,38.24319076043553
2975.0,49.583333333333336,127.5,False,9562.5,69301.0407885861,20000.0,0.0,45.622922394067245,-0.16857192179491928,54.05469121579303,53.86945080647492,1.1646368774676432,303.0871537323445,101324.76802863006,-0.23197136993985623,435.3429060962875,46.254289082453994,15093.693931980657,299.0615775701641,25.911577570164127,30.0,101325.0,226.85610940288205,29.93715373234454,12.848413634015,59375.50021431949,38.325936240369074
2980.0,49.666666666666664,126.0,False,9450.0,67402.50253980153,20000.0,0.0,45.50643017295647,-0.17892990882821405,53.94319228176248,53.74929323872876,1.164711149622824,303.0677383621594,101324.7386456141,-0.2613543859042693,435.26795096163164,46.148174383094684,15094.6564991118,299.06233198654166,25.912331986541687,30.0,101325.0,226.83151522648103,29.91773836215941,12.81893732863741,58967.786469928076,38.40811907834425
2985.0,49.75,124.5,False,9337.5,65555.975739057,20000.0,0.0,45.389799317774305,-0.1809087412998461,53.82007380468352,53.62727341896868,1.16478579105676,303.0482998862957,101324.73283287609,-0.26716712390771136,435.1925981444977,46.040459825934995,15095.62385209561,299.06308302477424,25.913083024774267,30.0,101325.0,226.80678071636098,29.898299886295717,12.789016618315278,58555.838968154996,38.489732707120694
2990.0,49.833333333333336,123.0,False,9225.0,63760.03550553757,20000.0,0.0,45.27300052644625,-0.18328058723212676,53.695799186767736,53.50362784119024,1.1648605354190391,303.02883342107435,101324.72578143954,-0.27421856045839377,435.1168609019485,45.93135934675922,15096.592539030748,299.0638306797208,25.91383067972083,30.0,101325.0,226.78186085022148,29.878833421074376,12.75871092965534,58140.5514013468,38.57077186709951
2995.0,49.916666666666664,121.5,False,9112.5,62013.29599378318,20000.0,0.0,45.15617100195516,-0.18311162371195006,53.56717946239819,53.37858404504571,1.1649353959584734,303.00936183365917,101324.72628680214,-0.2737131978647085,435.0407472803266,45.82106804397289,15097.562731621814,299.06457494879675,25.91457494879677,30.0,101325.0,226.7567623519383,29.859361833659193,12.728074456659137,57722.731506800126,38.65123248023016
3000.0,50.0,120.0,False,9000.0,60314.40932429482,20000.0,0.0,45.039219544773005,-0.19176825624431484,53.44766022614139,53.25233692162053,1.1650100338560254,302.9898699241288,101324.69979539508,-0.30020460492232814,434.96426820547146,45.70976676086,15098.53003877409,299.0653158322319,25.915315832231897,30.0,101325.0,226.73142492693648,29.839869924128834,12.697157433572222,57303.11965560824,38.731111543537395
3005.0,50.083333333333336,119.03333333333333,False,8927.5,58662.06454343717,20000.0,0.0,44.922499258362336,-0.19435487251426176,53.32008901071785,53.12509183654253,1.165084744058419,302.97041654306037,101324.69164231453,-0.308357685469673,434.88784163965545,45.59762035119289,15099.49828299711,299.0660533323848,25.91605333238482,30.0,101325.0,226.70612383599274,29.82041654306039,12.666005653109137,56882.38340101026,38.81040703177116
3010.0,50.166666666666664,118.06666666666666,False,8855.0,57054.98661183519,20000.0,0.0,44.80605877097423,-0.19512215760984875,53.189603436825,52.997028808400216,1.1651593502047077,302.95100979516235,101324.68920280498,-0.31079719502304215,434.81188011768796,45.48479038432737,15100.465178653012,299.0667874556183,25.916787455618305,30.0,101325.0,226.68103983337917,29.801009795162372,12.634663995646491,56461.16607168991,38.88911783001609
3015.0,50.25,117.1,False,8782.5,55491.935420484224,20000.0,0.0,44.68992699940179,-0.1965294170073259,53.059241106415186,52.86831693617663,1.165233744309437,302.9316544999003,101324.68470357756,-0.31529642244277056,434.73637388998515,45.37142628624136,15101.429326250302,299.06751821058833,25.917518210588355,30.0,101325.0,226.6561468883328,29.7816544999003,12.603173968400379,56040.05411434678,38.9672436773675
3020.0,50.333333333333336,116.13333333333334,False,8710.0,53971.704833814234,20000.0,0.0,44.57415976581558,-0.1990776083741539,52.929744224399975,52.73911269490735,1.1653078712929519,302.91235996096924,101324.67647433342,-0.3235256665793713,434.6613119900393,45.25766451434964,15102.390011956657,299.0682456077506,25.918245607750634,30.0,101325.0,226.63142863789463,29.762359960969263,12.571573476208233,55619.57508992598,39.04478508653714
3025.0,50.416666666666664,115.16666666666667,False,8637.5,52493.12175896979,20000.0,0.0,44.45882141768686,-0.20247783343676093,52.80092194688309,52.609560314192926,1.1653816991510317,302.8931369029478,101324.6653283834,-0.334671616597916,434.58668263783943,45.14363006774384,15103.34682099737,299.06896965927746,25.91896965927748,30.0,101325.0,226.60687278755213,29.74313690294781,12.539897241039958,55200.20437204967,39.121743266719065
3030.0,50.5,114.2,False,8565.0,51055.04524058762,20000.0,0.0,44.343982754528156,-0.20584252958212845,52.6718742568645,52.479792841588,1.165455215119365,302.87399712575467,101324.65411308584,-0.3458869141613832,434.5124733776266,45.02943756291233,15104.299587946969,299.0696903789357,25.91969037893574,30.0,101325.0,226.58247043333046,29.723997125754693,12.50817710080898,54782.37012430019,39.19812005456376
3035.0,50.583333333333336,113.23333333333333,False,8492.5,49656.36558037323,20000.0,0.0,44.22972929715638,-0.20727679450348574,52.54051715245799,52.34993374876992,1.1655284383917341,302.8549548828594,101324.64927616702,-0.3507238329766551,434.43867099976825,44.91519213465567,15105.248561556875,299.0704077819655,25.920407781965537,30.0,101325.0,226.55821848990962,29.704954882859397,12.476442259626575,54366.45754713395,39.273917851557805
3040.0,50.666666666666664,112.26666666666667,False,8420.0,48296.00348079715,20000.0,0.0,44.116133130758726,-0.2054739185847671,52.40544179794794,52.2200961942954,1.165601374747655,302.83602218845976,101324.65535076556,-0.3446492344373837,434.3652621755635,44.80099056643675,15106.193816729608,299.0711218850218,25.92112188502182,30.0,101325.0,226.53411119821828,29.686022188459788,12.444719601787988,53952.81387075652,39.34913956782023
3045.0,50.75,111.3,False,8347.5,46972.90921225005,20000.0,0.0,44.00313711615945,-0.20634951771151483,52.27364142161206,52.09037688407655,1.1656738314345856,302.8171895193599,101324.65240715543,-0.34759284456958994,434.29223578129074,44.68692311636552,15107.132855392229,299.071832706252,25.92183270625202,30.0,101325.0,226.51010536827937,29.66718951935991,12.413034198990422,53541.75573495316,39.423788574490864
3050.0,50.833333333333336,110.33333333333333,False,8275.0,45686.06180301416,20000.0,0.0,43.89073340218579,-0.2126855949191599,52.1484517420091,51.96086771935235,1.1657457015921904,302.79845556703094,101324.6307333691,-0.36926663090707734,434.21957941738515,44.57307253921977,15108.064292634788,299.07254026493337,25.92254026493339,30.0,101325.0,226.48617385547803,29.648455567030965,12.38140903867216,53133.56634816726,39.4978686592708
3055.0,50.916666666666664,109.36666666666667,False,8202.5,44434.46825142577,20000.0,0.0,43.779176497481444,-0.21225795926276309,52.015724967077645,51.83166924247353,1.1658173036620771,302.7798627495802,101324.63221680596,-0.3677831940440228,434.1472753631573,44.45951272095496,15108.99225546052,299.07324458106217,25.923244581062193,30.0,101325.0,226.462369367076,29.62986274958024,12.349864644709712,52728.491379890525,39.57138397713751
3060.0,51.0,108.4,False,8130.0,43217.162759620944,20000.0,0.0,43.668390685100576,-0.21142186841982577,51.88294390692945,51.70285552389852,1.1658884358369699,302.76139844751674,101324.6351085188,-0.36489148119289894,434.0753121691006,44.34631473703742,15109.91412844713,299.07394567618,25.92394567618004,30.0,101325.0,226.43864679525748,29.611398447516763,12.318420760288172,52326.761281203086,39.644339013707715
3065.0,51.083333333333336,107.43333333333334,False,8057.5,42033.20598827325,20000.0,0.0,43.5582780242986,-0.21748478419537548,51.75869395983098,51.574493285943625,1.1659588670528396,302.7430463373831,101324.61388056036,-0.38611943964497186,434.0036786329142,44.2335443756322,15110.8269170048,299.07464357281236,25.924643572812386,30.0,101325.0,226.41495550403042,29.5930463373831,12.287095659897833,51928.58288677702,39.716738558268815
3070.0,51.166666666666664,106.46666666666667,False,7985.0,40881.68433174826,20000.0,0.0,43.44918063720024,-0.21317327478393472,51.62292788526424,51.44666988056802,1.1660290737577401,302.72486343953335,101324.62903799933,-0.37096200067026075,433.93235501972225,44.12125824167642,15111.736795900311,299.0753382936813,25.925338293681307,30.0,101325.0,226.39137780105833,29.574863439533374,12.255905067132339,51534.12631239579,39.788587661879355
3075.0,51.25,105.5,False,7912.5,39761.70921311564,20000.0,0.0,43.34074101058775,-0.21980495299941885,51.500536243578765,51.319426075020395,1.166098422390758,302.70679016843127,101324.60559822561,-0.39440177439246327,433.8613349196139,44.00951505431617,15112.635554184224,299.07602986343255,25.926029863432575,30.0,101325.0,226.36778740322825,29.55679016843129,12.224865292865601,51143.56523226954,39.859891614340924
3080.0,51.333333333333336,104.53333333333333,False,7840.0,38672.41639847463,20000.0,0.0,43.233370476049686,-0.21619859642817393,51.366910236028744,51.19284315306414,1.1661675103279516,302.6888950793416,101324.61843401553,-0.3815659844694892,433.7905972436927,43.89836168447842,15113.530933850254,299.0767183062159,25.926718306215946,30.0,101325.0,226.3442893629571,29.538895079341614,12.19398935679956,50757.02833159175,39.93065591542695
3085.0,51.416666666666664,103.56666666666666,False,7767.5,37612.965330064115,20000.0,0.0,43.12673139334913,-0.22209927670421747,51.245099600190244,51.06695412492723,1.1662357459636852,302.6711218988915,101324.5973217248,-0.40267827520438004,433.7201351012486,43.78784847031895,15114.415267689361,299.07740364808956,25.92740364808958,30.0,101325.0,226.32076532800065,29.521121898891522,12.163291241755264,50374.653275329714,40.000886249876196
3090.0,51.5,102.6,False,7695.0,36582.538477642345,20000.0,20.0,43.02108049799267,-0.2215207311857289,74.40449760709426,74.26789905978362,1.1663036220653726,302.6535134163321,101324.59941686249,-0.40058313751069363,433.65020066139465,43.67801458788646,15115.29494196723,299.078085914507,25.92808591450705,30.0,101325.0,226.29744260838015,29.50351341633211,12.132781829968462,49996.53623560499,40.07058846481434
3095.0,51.583333333333336,101.63333333333333,False,7622.499999999999,35580.34070763602,20000.0,20.0,42.93902760060223,-0.22145391791434688,74.27940628115572,74.14603143403434,1.1663563269803259,302.6398379334337,101324.59965846727,-0.40034153273154516,433.478115919349,43.570651368606185,15115.977997665024,299.0787654401627,25.92876544016275,30.0,101325.0,226.21786359860002,29.489837933433705,12.10295871350172,49628.75814916366,40.13977269702598
3100.0,51.666666666666664,100.66666666666667,False,7550.0,34605.598669571875,20000.0,20.0,42.8581756607133,-0.22344296044718978,74.1613723107621,74.02876995077932,1.166408179247016,302.62636261011886,101324.59243464022,-0.4075653597828932,433.30776707694815,43.46729324083545,15116.650003041328,299.07944258065845,25.929442580658474,30.0,101325.0,226.13901711369434,29.476362610118883,12.074248122454291,49276.40788197815,40.20845684010317
3105.0,51.75,99.7,False,7477.5,33657.560199317144,20000.0,20.0,42.7782786952165,-0.2237773510043554,74.04552138379115,73.91558053853346,1.1664594917278333,302.6130464492027,101324.59121385451,-0.40878614549001213,433.14056462988304,43.36746459068634,15117.31501279272,299.0801173616202,25.930117361620205,30.0,101325.0,226.06170025854632,29.46304644920275,12.046517941857317,48937.676761464776,40.27666106555001
3110.0,51.833333333333336,98.73333333333333,False,7405.0,32735.493738668873,20000.0,20.0,42.69923384528727,-0.2286554558852259,73.93860753510096,73.80598729556961,1.166510067884135,302.59987230754786,101324.57319740811,-0.4268025918863714,432.9764051451886,43.270767503483285,15117.970479778389,299.0807898095181,25.930789809518103,30.0,101325.0,225.98582131059095,29.449872307547878,12.019657639856469,48611.05490006039,40.34440324031495
3115.0,51.916666666666664,97.76666666666667,False,7332.5,31838.687770843535,20000.0,20.0,42.62128946815926,-0.22569366846933125,73.82581843785125,73.69962052118447,1.166560275235972,302.5868815780265,101324.58418259602,-0.4158174039766891,432.81518421149946,43.17686456987959,15118.621167058198,299.08145995073636,25.931459950736382,30.0,101325.0,225.9113973127812,29.436881578026544,11.99357349163322,48295.26513627019,40.41169929589574
3120.0,52.0,96.8,True,7260.0,280966.45027143194,20000.0,20.0,42.54677086620984,-0.18278066425085898,73.66943807680069,73.59613508754828,1.1666098065177715,302.57446181103495,101324.72727533695,-0.27272466305294074,432.65681035190676,43.085476117525815,15119.263092470319,299.0821278127084,25.932127812708416,30.0,101325.0,225.83832131176425,29.424461811034973,11.968187810423837,47989.24748635113,40.478563540772555
3125.0,52.083333333333336,95.83333333333333,True,7187.5,280118.1081743955,20000.0,20.0,42.96495199398112,0.46497020349704177,73.39973318863824,74.06601935664996,1.1663645990180964,302.6441586656635,101326.76487583788,1.7648758378782077,432.50219482275116,43.03663077016283,15116.08520327453,299.0828005197469,25.932800519746934,30.0,101325.0,225.71016349080782,29.49415866566352,11.954619658378563,47826.21841509811,40.545102058759674
3130.0,52.166666666666664,94.86666666666667,True,7115.000000000001,279293.0068526915,20000.0,20.0,43.35565668121865,0.4560107027160325,73.42304775294345,74.06293849382219,1.1661129207481358,302.7092761135364,101326.69751641626,1.697516416257713,432.34983241190264,43.05665361653882,15112.82345289584,299.08348421224997,25.933484212249994,30.0,101325.0,225.58196342957024,29.55927611353644,11.960181560149671,47893.00310120431,40.611573740368215
3135.0,52.25,93.9,True,7042.5,278490.5096131277,20000.0,20.0,43.73045230120238,0.44669092844324965,73.5111498638092,74.12495604888942,1.1658715455538122,302.7717420502004,101326.62883906574,1.6288390657427954,432.1993693385704,43.13231683752687,15109.695230377405,299.08417840552687,25.934178405526893,30.0,101325.0,225.45678087729829,29.621742050200396,11.981199121535242,48145.933388099824,40.67826744626357
3140.0,52.333333333333336,92.93333333333334,True,6970.0,277709.99720505433,20000.0,20.0,44.089922169205806,0.4353215918282229,73.6513162555442,74.23729476274714,1.16563995001533,302.8316536948676,101326.5469786801,1.5469786800967995,432.0505368455728,43.25269352962571,15106.693752198678,299.08488266579775,25.934882665797772,30.0,101325.0,225.33437178404085,29.681653694867634,12.014637091562697,48550.166587740285,40.74541751569123
3145.0,52.416666666666664,91.96666666666667,True,6897.5,276950.86734251736,20000.0,20.0,44.43487930886681,0.4278556864836915,73.83288034252415,74.39618711851949,1.1654180891787889,302.8891465514778,101326.49437133434,1.4943713343382115,431.90312640416994,43.40862309251202,15103.818435757104,299.08559657553167,25.93559657553169,30.0,101325.0,225.2146162651883,29.739146551477802,12.057950859031116,49077.14401104765,40.81321425916261
3150.0,52.5,91.0,True,6825.0,276212.53423950117,20000.0,0.0,44.765614797775925,0.42002740242765035,50.758963167348924,51.28357397322912,1.1652054110736418,302.94426913296263,101326.44018790849,1.4401879084907705,431.7579953175034,43.59244755336189,15101.062127514399,299.08631973468533,25.936319734685355,30.0,101325.0,225.09785229657277,29.794269132962654,12.109013209267193,49703.275658067454,40.88181177282172
3155.0,52.583333333333336,90.03333333333333,True,6752.5,275494.4281579044,20000.0,0.0,45.074787482231955,0.41119629459592094,50.99724482984406,51.5029400214929,1.1650065622090664,302.9957979137053,101326.38026443012,1.380264430117677,431.70132342234785,43.79708689638789,15098.4850462295,299.08705163831377,25.93705163831379,30.0,101325.0,225.02989712240222,29.845797913705326,12.165857471218857,50406.5443629465,40.95133248116964
3160.0,52.666666666666664,89.06666666666666,True,6680.0,274795.9949678989,20000.0,0.0,45.37343781671143,0.40455075664126533,51.25322797465928,51.742792114819146,1.1648147018455568,303.0455729694519,101326.33601073224,1.3360107322369004,431.64413423513116,44.01692849910369,15095.998535918416,299.08779184309907,25.93779184309909,30.0,101325.0,224.96303213688537,29.895572969451905,12.22692458308436,51169.415133254595,41.02187134193089
3165.0,52.75,88.1,True,6607.5,274116.6957203329,20000.0,0.0,45.661777185460096,0.39433861476447035,51.522355202535984,51.99184140366232,1.1646292508973777,303.09362953091,101326.26941178036,1.2694117803621339,431.5853896019263,44.248058408667,15093.595091630015,299.0885400614723,25.938540061472338,30.0,101325.0,224.89660413582033,29.943629530910016,12.291127335740834,51979.7165123353,41.09350268335144
3170.0,52.833333333333336,87.13333333333333,True,6534.999999999999,273456.0062308485,20000.0,0.0,45.940403566296595,0.3898913384042215,51.80080788707921,52.25714880329297,1.1644505152921607,303.1400672610494,101326.24094086337,1.2409408633684507,431.5250833403669,44.48719713983107,15091.278678186402,299.08929601205665,25.939296012056673,30.0,101325.0,224.83066884803452,29.990067261049433,12.357554761064184,52827.05297326133,41.166285162160875
3175.0,52.916666666666664,86.16666666666666,True,6462.499999999999,272813.4166753922,20000.0,0.0,46.20926754195193,0.38133907151021945,52.08541805826783,52.52402099270744,1.1642777910681137,303.18487792365863,101326.18709785682,1.187097856818582,431.46322363425406,44.73162399937484,15089.040172242752,299.09005942348944,25.94005942348946,30.0,101325.0,224.76509446724407,30.034877923658655,12.425451110937454,53702.591959637946,41.24026408225317
3180.0,53.0,85.2,True,6390.0,272188.4311968072,20000.0,20.0,46.46884961052433,0.3751717790231424,75.6615032257012,76.07960478246474,1.1641112378500007,303.22814160175403,101326.14901113286,1.1490111328603234,431.39982476105286,44.97906784070281,15086.88164253601,299.0908300302357,25.940830030235702,30.0,101325.0,224.69991910225994,30.078141601754055,12.494185511306338,54598.73776443755,41.315473339006
3185.0,53.083333333333336,84.23333333333333,True,6317.5,271580.56752220273,20000.0,20.0,46.71490408746968,0.37040482828003646,75.9505705451918,76.35270369337026,1.1639534895127708,303.2691506812449,101326.11999785154,1.1199978515360272,431.2491822906665,45.22732255628359,15084.83722408551,299.091607517277,25.94160751727702,30.0,101325.0,224.59101673299975,30.119150681244946,12.56314515452322,55507.78348497604,41.39193620098476
3190.0,53.166666666666664,83.26666666666667,True,6245.0,270989.35659080604,20000.0,20.0,46.95024894942571,0.361180527973352,76.23825842133233,76.61959359664138,1.1638023331456249,303.30837482490426,101326.06490917377,1.064909173772321,431.09880471872003,45.47439258825109,15082.878237567298,299.09239154356754,25.942391543567567,30.0,101325.0,224.48354507937998,30.158374824904286,12.631775718958636,56422.45395548125,41.46966553254063
3195.0,53.25,82.30000000000001,True,6172.500000000001,270414.3421920095,20000.0,20.0,47.175576705052435,0.35638306383832846,76.52292690057011,76.88899166004074,1.1636579301519225,303.34592945084205,101326.03680725054,1.0368072505370947,430.9496225495217,45.71886952349413,15081.006774768917,299.0931818200261,25.943181820026098,30.0,101325.0,224.37801835490328,30.195929450842073,12.699685978748368,57337.36095345775,41.54866540400516
3200.0,53.333333333333336,81.33333333333334,True,6100.000000000001,269855.0806133336,20000.0,20.0,47.39107011981912,0.3498566187174332,76.80326351067421,77.15239217273825,1.1635197395609642,303.38184501996983,101325.99918084621,0.9991808462073095,430.8016481476034,45.95962619405417,15079.215824710096,299.0939780693905,25.94397806939054,30.0,101325.0,224.27433713761795,30.231845019969853,12.766562831681714,58247.95917608715,41.62893298742846
3205.0,53.416666666666664,80.36666666666667,True,6027.500000000001,269311.1402980343,20000.0,20.0,47.59717472274326,0.3444574949911219,77.07821760033158,77.41206840952698,1.163387662225649,303.41619578712385,101325.9685793131,0.9685793131066021,430.65489677032787,46.1957602871296,15077.50410244441,299.0947800238172,25.944780023817202,30.0,101325.0,224.17248880699572,30.266195787123877,12.832155635313779,59150.38935183864,41.71045961835063
3210.0,53.5,79.4,False,5955.0,138782.10151209007,20000.0,20.0,47.788663199148345,0.2800216237920455,77.34695616653462,77.59719625040945,1.1632615334005225,303.44811053319137,101325.64009885544,0.6400988554378273,430.5093854501745,46.42655640907063,15075.86947287077,299.09558742439503,25.945587424395057,30.0,101325.0,224.07244907311673,30.29811053319139,12.896265669186285,60041.38010877199,41.793231680476055
3215.0,53.583333333333336,78.43333333333334,False,5882.5,134980.09327427435,20000.0,20.0,47.71798763966626,-0.04034225241661682,77.6307046829786,77.51050983234401,1.163299189258147,303.4363312732777,101324.98671430751,-0.013285692490171641,430.36496943585166,46.629901016069304,15076.357492785586,299.096396219135,25.94639621913501,30.0,101325.0,224.00453411634106,30.28633127327771,12.952750282241473,60833.76994151551,41.87717275689986
3220.0,53.666666666666664,77.46666666666667,False,5810.0,131282.24304014153,20000.0,20.0,47.64615577323366,-0.03607957847588221,77.81372512925749,77.70138403741545,1.1633451191768482,303.4243592955389,101324.98937358381,-0.010626416187733412,430.22198749791784,46.79134399291147,15076.952744531955,299.0972029308371,25.947202930837136,30.0,101325.0,223.93895347398689,30.274359295538943,12.997595553586521,61467.8197920777,41.96210441643707
3225.0,53.75,76.5,False,5737.5,127685.69734671823,20000.0,20.0,47.570233700310496,0.09358770288932793,77.91757050732468,77.95929761975222,1.1633945790280054,303.4117056167184,101325.07149925006,0.07149925005796831,430.0805806667819,46.91660731184572,15077.593744202948,299.0980074313603,25.948007431360338,30.0,101325.0,223.87486613469414,30.261705616718416,13.032390919957145,61962.80198259731,42.04782012600282
3230.0,53.833333333333336,75.53333333333333,False,5665.0,124187.6809031412,20000.0,20.0,47.48926201598533,-0.06099732648267209,78.09802792049135,77.96314542151454,1.1634451575834948,303.39821033599753,101324.96962715234,-0.03037284765741788,429.9408438488118,47.010589122607186,15078.249242282092,299.0988096022693,25.948809602269307,30.0,101325.0,223.81185709021415,30.248210335997555,13.058496978501998,62335.9139561803,42.13413867873808
3235.0,53.916666666666664,74.56666666666666,False,5592.5,120785.49444909157,20000.0,20.0,47.40533596010334,0.04939313935198633,78.10490258915956,78.1020872463347,1.1634993762402701,303.3842226600172,101325.01991577318,0.0199157731840387,429.8028638187083,47.077490502574534,15078.951916073902,299.09960933505045,25.949609335050468,30.0,101325.0,223.7504563031901,30.234222660017224,13.077080695159593,62602.42601974271,42.220901414832475
3240.0,54.0,73.6,False,5520.0,117476.51267189832,20000.0,0.0,47.3175173743432,-0.06583207230590206,54.94417086649576,54.82778255037907,1.1635548757028766,303.3695862290572,101324.96462153678,-0.03537846321705729,429.6669865830541,47.12092544604643,15079.671189109282,299.1004065317687,25.95040653176875,30.0,101325.0,223.69038979492237,30.2195862290572,13.089145957235118,62775.86192225508,42.307969670347745
3245.0,54.083333333333336,72.63333333333333,False,5447.499999999999,114258.18218070372,20000.0,0.0,47.236440173717824,-0.08397377826129888,54.99307047638672,54.857969383172154,1.1636064509808361,303.3560733622863,101324.94243595563,-0.05756404437124729,429.60617116569773,47.144779351241006,15080.339604711637,299.1012012402194,25.951201240219405,30.0,101325.0,223.66864228310516,30.206073362286304,13.09577204201139,62871.246782963906,42.395224606948595
3250.0,54.166666666666664,71.66666666666666,False,5374.999999999999,111128.01953612783,20000.0,0.0,47.15207537037929,0.041882372067476116,54.90396256974447,54.917953538277054,1.1636612131274182,303.34201256172986,101325.0143194538,0.014319453795906156,429.54481792523075,47.15222611822184,15081.049322131339,299.10199349523305,25.95199349523307,30.0,101325.0,223.64722443471237,30.192012561729882,13.097840588394956,62901.04402590053,42.48256647556586
3255.0,54.25,70.7,False,5302.5,108083.60933391096,20000.0,0.0,47.063381367303805,-0.10010904721558575,55.01238447458537,54.86369846716282,1.1637168188779947,303.32723022788394,101324.9181892136,-0.08181078640336636,429.4830597097004,47.14523119126182,15081.769972658813,299.1027831970124,25.952783197012423,30.0,101325.0,223.6257548263223,30.177230227883967,13.095897553128284,62873.05449220188,42.569909599536764
3260.0,54.333333333333336,69.73333333333333,False,5230.0,105122.60234105615,20000.0,0.0,46.97196862548344,-0.10242069926699003,54.99210672865911,54.8434950763766,1.1637752288437924,303.3119947709139,101324.91436734989,-0.08563265010889154,429.42093508662236,47.12550475134573,15082.526965815548,299.1035702542611,25.953570254261138,30.0,101325.0,223.60463014685587,30.161994770913907,13.090417986484926,62794.16575047427,42.65717850248307
3265.0,54.416666666666664,68.76666666666667,False,5157.5,102242.71368303274,20000.0,0.0,46.87793275881563,-0.060401690526517636,54.90711762660888,54.81031447066777,1.1638360076918475,303.29632212646925,101324.97021743495,-0.029782565048662946,429.35849620187633,47.09453403093202,15083.314659686344,299.10435458282615,25.95435458282617,30.0,101325.0,223.58379365661708,30.146322126469272,13.081815008592228,62670.44276406644,42.74430670284038
3270.0,54.5,67.80000000000001,False,5085.000000000001,99441.72108064256,20000.0,0.0,46.780602768023414,-0.10719174532859756,54.91395472955882,54.765586837569664,1.16389752294381,303.2801004613372,101324.90620350803,-0.09379649197217077,429.295798476924,47.0536157676947,15084.111897351779,299.1051361053929,25.95513610539291,30.0,101325.0,223.5629604245405,30.130100461337236,13.070448824359639,62507.230303419776,42.83123564247059
3275.0,54.583333333333336,66.83333333333334,False,5012.500000000001,96717.46313518813,20000.0,0.0,46.68120057228464,-0.10207372609875462,54.8500879164194,54.71069768775256,1.163961206124994,303.2635334287141,101324.91494656686,-0.08505343314027414,429.23286684943105,47.00388414996483,15084.937231379923,299.10591475128604,25.95591475128606,30.0,101325.0,223.54241828362737,30.113533428714106,13.056634486101341,62309.245433453456,42.91791375062119
3280.0,54.666666666666664,65.86666666666667,False,4940.000000000001,94067.83766061933,20000.0,0.0,46.579506403866844,-0.10507023237158968,54.78655719313135,54.64675439254174,1.1640262039194376,303.24658440064445,101324.90987956138,-0.0901204386173049,429.1697394914139,46.94632664500038,15085.77960279591,299.10669045492597,25.95669045492599,30.0,101325.0,223.52202305376127,30.096584400644474,13.040646290277884,62080.627631212774,43.00429560691609
3285.0,54.75,64.9,False,4867.5,91490.80006137223,20000.0,0.0,46.47548718905739,-0.13830756538564914,54.75015584399451,54.574760004300266,1.1640919961764005,303.2292478648429,101324.84384503965,-0.1561549603502499,429.10644737096476,46.88182736721634,15086.632270446149,299.1074631592872,25.957463159287215,30.0,101325.0,223.50169086915676,30.0792478648429,13.02272982422676,61825.102407011706,43.09034125277597
3290.0,54.833333333333336,63.93333333333334,False,4795.0,88984.3617546473,20000.0,0.0,46.37005129556428,-0.13311272594557136,54.66181897506485,54.495657934880576,1.1641595934342013,303.21167521592736,101324.85535511993,-0.1446448800707003,429.0430055442523,46.81115737243692,15087.508330907249,299.1082328115907,25.958232811590733,30.0,101325.0,223.48162348150169,30.06167521592738,13.003099270121364,61545.936869746074,43.17601558560705
3295.0,54.916666666666664,62.96666666666667,False,4722.5,86546.58863591074,20000.0,0.0,46.26283439207202,-0.1413607387502819,54.58275011250897,54.41019995383345,1.164227993744448,303.193805732012,101324.83687462482,-0.16312537518388126,428.9794414242912,46.735004007966396,15088.394798928046,299.10899936521344,25.958999365213458,30.0,101325.0,223.46164268961837,30.043805732012004,12.981945557768443,61246.05262649976,43.261287800534994
3300.0,55.0,62.0,False,4650.0,84175.59958643364,20000.0,0.0,46.154274164925255,-0.14047358480314034,54.48735402446806,54.31909328806047,1.1642974977280056,303.17571236082085,101324.83891568957,-0.161084310428123,428.9157692399906,46.653963779925675,15089.295570554954,299.1097627763284,25.959762776328432,30.0,101325.0,223.4418135187798,30.025712360820876,12.959434383312686,60927.996015043085,43.3461308898694
3305.0,55.083333333333336,61.03333333333333,False,4577.5,81869.56502171842,20000.0,0.0,46.044212566581905,-0.15719974985583776,54.40741210405321,54.22294304419677,1.164367480569113,303.15736876109696,101324.79827133588,-0.20172866412031,428.8520077009406,46.56858246993808,15090.202548175706,299.11052300853663,25.960523008536654,30.0,101325.0,223.42202572048532,30.007368761096984,12.935717352760577,60594.09528324016,43.43052123104876
3310.0,55.166666666666664,60.06666666666667,False,4505.0,79626.70547969131,20000.0,0.0,45.93317366786289,-0.16166076575474514,54.30870167400833,54.122338687427465,1.1644384312050071,303.1388622779771,101324.78665956584,-0.21334043415845372,428.78816464934874,46.47934767269706,15091.122068416893,299.11128003002113,25.961280030021157,30.0,101325.0,223.4023771358652,29.988862277977148,12.910929909082515,60246.430803844174,43.51443826305368
3315.0,55.25,59.1,False,4432.5,77445.29024757266,20000.0,0.0,45.82131342597597,-0.15444503614026103,54.19240371002389,54.01777104653868,1.1645102638499372,303.1202189043293,101324.8052794352,-0.19472056480299216,428.72425031694115,46.38668522160797,15092.053019495186,299.1120338112332,25.962033811233198,30.0,101325.0,223.38285654946634,29.97021890432933,12.885190339335548,59886.82207177047,43.597864133106185
3320.0,55.333333333333336,58.13333333333333,False,4360.0,75323.63602636424,20000.0,0.0,45.70846705727229,-0.1586235443075159,54.0858312437216,53.9096616552586,1.1645824000708738,303.101411176212,101324.79460058115,-0.20539941884635482,428.6602767671161,46.29098091468477,15092.987904918524,299.1127843274204,25.962784327420422,30.0,101325.0,223.36335922296792,29.951411176212048,12.85860580963466,59516.91355736152,43.68078339395975
3325.0,55.416666666666664,57.16666666666667,False,4287.5,73260.10563192413,20000.0,0.0,45.59480249980868,-0.1708062744054109,53.98545042599221,53.79842220903976,1.164654815422715,303.0824670833014,101324.76183850305,-0.23816149694903288,428.59625026190474,46.192589852911446,15093.926407878385,299.11353155887286,25.963531558872887,30.0,101325.0,223.34388369995088,29.932467083301447,12.831274959142068,59138.2116402617,43.7631827864581
3330.0,55.5,56.2,False,4215.0,71253.10673162602,20000.0,0.0,45.480765908692206,-0.16802271381864986,53.86487537430087,53.684433055308546,1.164727943228591,303.063460984782,101324.76953769503,-0.23046230497129727,428.53217229422864,46.09182201510243,15094.874144242542,299.1142754875899,25.96427548758993,30.0,101325.0,223.32451381451682,29.913460984782034,12.803283893084007,58752.030265816014,43.84505101000399
3335.0,55.583333333333336,55.233333333333334,False,4142.5,69301.09061562849,20000.0,0.0,45.36606751533418,-0.17900176928838196,53.75789319088806,53.567995432152394,1.164801058116649,303.044344585889,101324.73843564565,-0.26156435435405,428.4680516265687,45.98896529057568,15095.821713191772,299.1150161002447,25.965016100244725,30.0,101325.0,223.30511500536258,29.89434458588903,12.774712580715466,58359.5810800649,43.92637851788307
3340.0,55.666666666666664,54.266666666666666,False,4070.0,67402.55100180603,20000.0,0.0,45.251133521080305,-0.181835606336096,53.639294946995996,53.449429465700625,1.1648745947750268,303.02518892018,101324.73008826342,-0.26991173658461776,428.4038873882958,45.884277762983885,15096.774748284346,299.11575338607514,25.965753386075164,30.0,101325.0,223.2857701376298,29.87518892018005,12.745632711939969,57961.945041299354,44.007157355467356
3345.0,55.75,53.3,False,3997.5,65556.02287341956,20000.0,0.0,45.13593634943436,-0.18557633630681003,53.51989498848552,53.32899615981245,1.1649482763468766,303.00598939157237,101324.71886876247,-0.2811312375270063,428.3396829189949,45.77799481968857,15097.72966145552,299.11648733740503,25.966487337405056,30.0,101325.0,223.26642785081967,29.855989391572393,12.716109672135714,57560.10100978852,44.08738099855839
3350.0,55.833333333333336,52.33333333333333,False,3924.9999999999995,63760.08134862961,20000.0,0.0,45.0206799211777,-0.18338127915400834,53.39197534843189,53.2069497918671,1.165022210248378,302.9867799868629,101324.7254800527,-0.2745199472992681,428.27543789856793,45.670330851910194,15098.687844818978,299.11721794931367,25.967217949313692,30.0,101325.0,223.24710854520708,29.83677998686295,12.686203014419497,57154.93350001249,44.16704421696797
3355.0,55.916666666666664,51.366666666666674,False,3852.5000000000005,62013.34058097973,20000.0,0.0,44.905209915219984,-0.1910554843747365,53.274170175265134,53.08350030606944,1.1650959446684561,302.96753498587,101324.70202287257,-0.29797712742583826,428.21115520421733,45.561484055439806,15099.643442903192,299.1179452198768,25.96794521987681,30.0,101325.0,223.22772712970604,29.817534985869997,12.655967793177723,56747.25200352527,44.24614295690098
3360.0,56.0,50.400000000000006,False,3780.0000000000005,60314.45269000182,20000.0,0.0,44.7898079162112,-0.19595952298147398,53.151969707108,52.95886688221735,1.1651697364418938,302.9483013193685,101324.68652951308,-0.3134704869153211,428.14683197575056,45.45163268996248,15100.599784286944,299.1186691490775,25.968669149077527,30.0,101325.0,223.2083313278057,29.798301319368534,12.62545352498958,56337.7781662086,44.32467422785219
3365.0,56.083333333333336,49.43333333333334,False,3707.5000000000005,58662.106721117954,20000.0,0.0,44.674545490612104,-0.19885832747546292,53.02645693683657,52.83323869990103,1.165243518836898,302.929090915102,101324.67718665791,-0.32281334209255874,428.08246705257443,45.34094191112702,15101.556004126198,299.1193897394974,25.969389739497444,30.0,101325.0,223.18890774373943,29.779090915102017,12.594706086424171,55927.17259732212,44.40263599921576
3370.0,56.166666666666664,48.46666666666667,False,3635.0,57055.027634036356,20000.0,0.0,44.559473453395185,-0.20132789768464532,52.89964380083261,52.70678855069094,1.165317203183142,302.9099122422325,101324.66911900093,-0.3308809990703594,428.0180588783304,45.22956359583366,15102.51095325352,299.1201069958994,25.970106995899414,30.0,101325.0,223.16943858148036,29.75991224223253,12.563767665509351,55516.035220545185,44.480027115755945
3375.0,56.25,47.5,False,3562.5,55491.975318860736,20000.0,0.0,44.444659717847685,-0.20357017368332608,52.77192809159362,52.57967681996167,1.1653907387702784,302.89077661964126,101324.66170762765,-0.33829237235477194,427.9536051488558,45.11763743329881,15103.46397446281,299.1208209250589,25.970820925058945,30.0,101325.0,223.14991293370062,29.74077661964128,12.532677064805226,55104.910344956945,44.556847216843096
3380.0,56.333333333333336,46.53333333333333,False,3490.0,53971.74363915386,20000.0,0.0,44.330188020088144,-0.204595185355801,52.64230688707953,52.45205268049822,1.1654641102505316,302.871698003348,101324.65829232759,-0.3417076724144863,427.88910289704427,45.00529207134741,15104.41486884689,299.12153153563617,25.97153153563619,30.0,101325.0,223.1303263231627,29.721698003348024,12.501470019818726,54694.291868637796,44.633096662824755
3385.0,56.416666666666664,45.56666666666666,False,3417.4999999999995,52493.15950121684,20000.0,0.0,44.2161351186312,-0.20357590378970153,52.5099554689996,52.32405374361847,1.1655373007033774,302.8526891864385,101324.66168858283,-0.33831141717382707,427.82454880168274,44.89264626026297,15105.36341711577,299.1222388380775,25.972238838077544,30.0,101325.0,223.11067378830455,29.702689186438533,12.470179516739716,54284.628387178935,44.708776468557964
3390.0,56.5,44.60000000000001,False,3345.0000000000005,51055.08194886608,20000.0,0.0,44.10248746417335,-0.204699826756167,52.379878441880805,52.195802025979305,1.1656101582167009,302.83374791069554,101324.65794270144,-0.34205729856330436,427.7599401213768,44.7798105207277,15106.307650488445,299.12294284462934,25.972942844629358,30.0,101325.0,223.09092483490647,29.68374791069556,12.438836255757694,53876.330098680184,44.78388824528425
3395.0,56.583333333333336,43.63333333333334,False,3272.5000000000005,49656.40128300921,20000.0,0.0,43.98924271862643,-0.21115274317682964,52.25590426989932,52.06741106794053,1.1656825574258773,302.8148737864377,101324.6360368902,-0.36396310980489943,427.69527363170033,44.66688699787923,15107.24594423937,299.1236435690762,25.973643569076216,30.0,101325.0,223.07105381433072,29.664873786437738,12.40746861052201,53469.76903513142,44.85843414746051
3400.0,56.666666666666664,42.66666666666667,False,3200.0000000000005,48296.038205340745,20000.0,0.0,43.876631433211855,-0.21262476752850418,52.12613574548312,51.939000064879174,1.1657547526355272,302.7961052388686,101324.63094455701,-0.3690554429922486,427.6305433583614,44.55396810303023,15108.181594156433,299.1243410262983,25.974341026298305,30.0,101325.0,223.05110630224928,29.646105238868643,12.376102250841729,53065.274994904365,44.93241681692581
3405.0,56.75,41.7,False,3127.5,46972.942985496615,20000.0,0.0,43.76468700918451,-0.21000643213862694,51.991711417401106,51.81066849422227,1.1658266913723405,302.77744783486406,101324.63997794662,-0.3600220533844549,427.5657451731184,44.441141104115474,15109.113920185533,299.12503523282675,25.97503523282677,30.0,101325.0,223.03107011826825,29.627447834864086,12.344761417809854,52663.15278222595,45.00583933621549
3410.0,56.833333333333336,40.733333333333334,False,3055.0,45686.094651024985,20000.0,0.0,43.65320659934923,-0.2171209292709428,51.86882369876438,51.68249460132513,1.1658979517815609,302.7588677665582,101324.61517144549,-0.3848285545100225,427.50087714151476,44.328489060600226,15110.03745508903,299.1257262068146,25.975726206814613,30.0,101325.0,223.01086357738603,29.608867766558205,12.313469183500063,52263.68602674371,45.07870519649949
3415.0,56.916666666666664,39.766666666666666,False,2982.5,44434.50019954816,20000.0,0.0,43.54258132389816,-0.21443983749052337,51.73481693411299,51.55458550314641,1.1659690661743467,302.74043022064967,101324.62461678447,-0.37538321553438436,427.43593100476596,44.216083426897264,15110.959097619534,299.1264139666485,25.976413966648522,30.0,101325.0,222.99058422748482,29.590430220649694,12.28224539636035,51867.111589830616,45.15101825039989
3420.0,57.0,38.8,False,2910.0,43217.193832507815,20000.0,0.0,43.43253644663514,-0.219255688299983,51.60991087142976,51.42700271876212,1.1660395117223745,302.7220894077725,101324.60756688284,-0.3924331171583617,427.3709051770138,44.103996649992176,15111.872071921975,299.12709853286424,25.97709853286426,30.0,101325.0,222.97013127119888,29.572089407772523,12.251110180553383,51473.664772760116,45.22278267842947
3425.0,57.083333333333336,37.83333333333333,False,2837.4999999999995,42033.236209902134,20000.0,0.0,43.32335373960791,-0.21802288607660203,51.47840500464401,51.29983491346986,1.1661096591155777,302.70389228993463,101324.61196751957,-0.3880324804340489,427.30579226084643,43.99229052984401,15112.781182137887,299.1277799260878,25.977779926087806,30.0,101325.0,222.949571772273,29.55389228993465,12.220080702734448,51083.53874545115,45.294002958650445
3430.0,57.166666666666664,36.866666666666674,False,2765.0000000000005,40881.713725439826,20000.0,0.0,43.21485357259746,-0.22229094089162965,51.35381948957857,51.173138556495985,1.1661791494502487,302.6858089287662,101324.59662642937,-0.40337357063253876,427.24058939956876,43.88102683933222,15113.681776875223,299.12845816864507,25.97845816864509,30.0,101325.0,222.9288356493203,29.535808928766244,12.189174122036729,50696.922364639875,45.36468383442134
3435.0,57.25,35.900000000000006,False,2692.5000000000005,39761.737801551644,20000.0,0.0,43.10729890642415,-0.21946221807092334,51.22154712658728,51.0469909327493,1.1662483348709571,302.66788315107067,101324.60682722318,-0.39317277682130225,427.1752892252111,43.77025836302484,15114.578419927604,299.12913328296463,25.979133282964654,30.0,101325.0,222.90798641299585,29.51788315107069,12.158405100840234,50313.96934044765,45.43483028699432
3440.0,57.333333333333336,34.93333333333334,False,2620.0000000000005,38672.44420371549,20000.0,0.0,43.00041929245424,-0.22555448573112513,51.10030209153886,50.92143395896587,1.1663167227422084,302.6500698820757,101324.58469529769,-0.4153047023137333,427.10988956314486,43.66003930668244,15115.464726739021,299.12980529317036,25.979805293170386,30.0,101325.0,222.8869288019111,29.500069882075707,12.127788696300678,49934.834804926635,45.504447512095275
3445.0,57.416666666666664,33.96666666666667,False,2547.5,37612.99237356586,20000.0,0.0,42.89458823634516,-0.22194509933685244,50.96845111285736,50.796542455164044,1.1663848516672126,302.63243137272417,101324.59788059494,-0.402119405058329,427.04438187642864,43.55041338418983,15116.347677607077,299.13047422301497,25.980474223014994,30.0,101325.0,222.86576133473625,29.482431372724193,12.097337051163843,49559.634584274034,45.57354089361555
3450.0,57.5,33.0,False,2475.0,36582.56478027322,20000.0,20.0,42.790110835609084,-0.22597720473824937,74.13420770949627,74.00136968985242,1.1664517973896933,302.6150184726015,101324.58313716685,-0.41686283315357286,426.9774430044867,43.44142968912562,15117.215294170424,299.1311400983994,25.981140098399408,30.0,101325.0,222.84361688002178,29.465018472601514,12.067063802534895,49188.50007877874,45.64211598713156
3455.0,57.583333333333336,32.03333333333333,False,2402.5,35580.366289692574,20000.0,20.0,42.71071652314572,-0.22869879991045716,74.01365697431902,73.88065492404377,1.1665026885259275,302.60178608719093,101324.57303558302,-0.4269644169835374,426.85863998140377,43.33517757889132,15117.874843296022,299.1318033062611,25.9818033062611,30.0,101325.0,222.79133218546454,29.451786087190953,12.03754932746981,48828.45603750883,45.71018331776787
3460.0,57.666666666666664,31.066666666666663,False,2329.9999999999995,34605.623550794604,20000.0,20.0,42.63212402042518,-0.22559499478411552,73.89118158023317,73.76478020123992,1.1665533177385754,302.5886873367375,101324.5845461088,-0.4154538911971031,426.7417351962638,43.23309794723896,15118.530997891938,299.13246419324014,25.982464193240162,30.0,101325.0,222.739982864227,29.43868733673753,12.009193874233045,48484.20968932109,45.777761557855946
3465.0,57.75,30.10000000000001,False,2257.5000000000005,33657.58439890577,20000.0,20.0,42.554221635098656,-0.22974975286822005,73.78141846060095,73.65311631576952,1.1666031975303284,302.57570360584975,101324.56910245761,-0.4308975423919037,426.62641686064177,43.13467721646181,15119.177439993056,299.13312278269836,25.983122782698388,30.0,101325.0,222.68931328299092,29.425703605849776,11.981854782350503,48153.83805502344,45.844871313233966
3470.0,57.833333333333336,29.13333333333334,False,2185.0000000000005,32735.517275297116,20000.0,20.0,42.477182637751525,-0.23303315818677767,73.6743957234744,73.54517236600825,1.1666525617435763,302.56286377295856,101324.55669834437,-0.443301655628602,426.5126280006869,43.03948131403757,15119.817200196749,299.1337790981399,25.983779098139905,30.0,101325.0,222.63933854922126,29.412863772958588,11.955411476121547,47835.722395425175,45.91153073021344
3475.0,57.916666666666664,28.16666666666667,False,2112.5000000000005,31838.71066267354,20000.0,20.0,42.401108163912454,-0.23117232221176368,73.56471376606642,73.44053167635792,1.1667015342650415,302.5501846939854,101324.56374985668,-0.43625014332064893,426.4003152744442,42.94714588047702,15120.451884074937,299.13443316365147,25.984433163651488,30.0,101325.0,222.5900546332018,29.40018469398541,11.929762744576948,47528.50705219835,45.97775588955207
3480.0,58.0,27.200000000000003,True,2040.0000000000002,280966.4725361283,20000.0,20.0,42.32679144676763,-0.2225675720739628,73.45015680030663,73.33881275709984,1.166749666887137,302.53779857446125,101324.59562184376,-0.4043781562359072,426.2894308268923,42.857367641480636,15121.075682857298,299.13508500422523,25.985085004225255,30.0,101325.0,222.5413512192424,29.38779857446127,11.904824344855733,47231.06386815165,46.04356114713565
3485.0,58.083333333333336,26.233333333333334,True,1967.5,280118.12982913887,20000.0,20.0,42.747224386993594,0.46037376810554637,73.13583777666281,73.80514131331749,1.1665040666570172,302.6078707311656,101326.73015515396,1.73015515395673,426.18042577332045,42.80999401109066,15117.892703874943,299.13574171264105,25.985741712641072,30.0,101325.0,222.4376130436799,29.4578707311656,11.891665003080739,47074.61226807133,46.10905120000802
3490.0,58.166666666666664,25.266666666666666,True,1895.0,279293.0279141919,20000.0,20.0,43.1396118797702,0.4513443584107484,73.1608997769752,73.80371679417108,1.1662512493266337,302.67326864662834,101326.66295289689,1.662952896891511,426.07254351533896,42.8315175778861,15114.616191273173,299.13640945559365,25.986409455593673,30.0,101325.0,222.33310886421933,29.523268646628367,11.897643771635028,47145.65103483814,46.17448193841282
3495.0,58.25,24.299999999999997,True,1822.4999999999998,278490.5300976372,20000.0,20.0,43.51604929268751,0.4414423549508977,73.25078055467792,73.86682830293941,1.1660087228170608,302.7360082154479,101326.59078655302,1.5907865530170966,425.9656061065224,42.90870834073016,15111.473047709109,299.1370877488458,25.987087748845795,30.0,101325.0,222.2310833665843,29.58600821544792,11.91908565020282,47401.00770764399,46.24013934031733
3500.0,58.333333333333336,23.33333333333333,True,1749.9999999999995,277710.01712838,20000.0,20.0,43.87718290481155,0.4305792111347027,73.39274687817665,73.98155924494984,1.165776057350834,302.7961971508019,101326.51345679234,1.51345679233782,425.85948374261403,43.030630837276405,15108.45770326681,299.13777615781646,25.987776157816484,30.0,101325.0,222.1313851677297,29.646197150801925,11.952953010354557,47806.21819027702,46.3062554694131
3505.0,58.416666666666664,22.366666666666674,True,1677.5000000000005,276950.8867200331,20000.0,20.0,44.223799770894175,0.424058944269391,73.5761262345731,74.14337558269297,1.1655531619824375,302.85396662848234,101326.46796725073,1.4679672507336363,425.7540777394727,43.18811937678273,15105.56897929239,299.13847426456476,25.988474264564786,30.0,101325.0,222.033943819087,29.703966628482362,11.996699826884091,48333.04200506485,46.37301884454875
3510.0,58.5,21.400000000000006,True,1605.0000000000005,276212.5530861597,20000.0,0.0,44.55551737748988,0.41429143195419627,50.50403230072322,51.02766120420728,1.1653396592424272,302.9092528962483,101326.40112155584,1.40112155584211,425.651917397798,43.37350966063002,15102.801983781857,299.13918166828273,25.989181668282754,30.0,101325.0,221.94000464267518,29.759252896248313,12.048197127952784,48958.14415010255,46.44058216826762
3515.0,58.583333333333336,20.433333333333337,True,1532.5000000000002,275494.4464882489,20000.0,0.0,44.864589122024654,0.4067390745541781,50.74387033320913,51.250151039756574,1.165140936263023,302.96076485367075,101326.3505034675,1.3505034675035859,425.5907554213063,43.579485634133924,15100.226533968776,299.1398978220152,25.989897822015223,30.0,101325.0,221.87027252097775,29.810764853670776,12.105412676148312,49658.95204219481,46.50906626284561
3520.0,58.666666666666664,19.46666666666667,True,1460.0000000000002,274796.01279607404,20000.0,0.0,45.163287260902734,0.3993577258594799,51.001181235541765,51.49054008462053,1.1649489513639029,303.0105478768171,101326.30193137309,1.3019313730910653,425.5283843329047,43.80046753200805,15097.73840967618,299.1406222814339,25.9906222814339,30.0,101325.0,221.8012039464717,29.860547876817122,12.166796536668903,50418.217695023326,46.57856429738534
3525.0,58.75,18.5,True,1387.5,274116.7130600959,20000.0,0.0,45.45182302411774,0.3916350798098867,51.27144674332564,51.74369950700496,1.1647635242430305,303.05863717068627,101326.25206559786,1.2520655978587456,425.46506497669213,44.032575010931694,15095.335274189676,299.1413547596315,25.99135475963152,30.0,101325.0,221.73290028303148,29.90863717068629,12.231270836369916,51224.0014604365,46.64914917179885
3530.0,58.833333333333336,17.53333333333333,True,1314.9999999999998,273456.0230955796,20000.0,0.0,45.730481174030956,0.38353269863155753,51.55089129934056,52.00579831747062,1.1645844650365214,303.1050801956718,101326.20079453812,1.2007945381192258,425.40080467729416,44.272565574016895,15093.014666873318,299.14209497735516,25.99209497735518,30.0,101325.0,221.6653288875655,29.955080195671826,12.29793488167136,52066.13258777517,46.72087843155455
3535.0,58.916666666666664,16.566666666666663,True,1242.4999999999998,272813.43307810515,20000.0,0.0,45.99964125721169,0.37831096462362285,51.83636675062851,52.27748440462665,1.164411757076885,303.14994020953526,101326.16831988534,1.1683198853424983,425.335617671693,44.51773554719016,15090.776371716429,299.1428426628651,25.992842662865144,30.0,101325.0,221.59849368239813,29.999940209535282,12.366037651997267,52935.9176699549,46.79379652201131
3540.0,59.0,15.600000000000009,True,1170.0000000000007,272188.4471501593,20000.0,20.0,46.25934574580015,0.3691214130869265,75.41322540590299,75.83304964409943,1.164244880574067,303.19322429096667,101326.11224993959,1.112249939586036,425.26938901275344,44.76584366978085,15088.61365223991,299.14359755299284,25.993597552992867,30.0,101325.0,221.5322355425668,30.04322429096669,12.434956574939124,53825.93363733598,46.867936696530265
3545.0,59.083333333333336,14.63333333333334,True,1097.5000000000005,271580.5830385044,20000.0,20.0,46.507177988857734,0.3624262879652828,75.7031341544893,76.10472735629564,1.1640858325389785,303.2345296648096,101326.07226787109,1.0722678710881155,425.1631295622981,45.0148210154438,15086.55238970516,299.14435935470783,25.994359354707854,30.0,101325.0,221.44662658336944,30.084529664809622,12.504116948734389,54729.04039590843,46.94332209516447
3550.0,59.166666666666664,13.666666666666671,True,1025.0000000000005,270989.3716820305,20000.0,20.0,46.744493045466356,0.35831904549664145,75.99185667671291,76.37861057521054,1.1639337367803,303.27408217424437,101326.048102354,1.0481023540050955,425.0568805587556,45.262779614716436,15084.581228672689,299.1451277487556,25.995127748755635,30.0,101325.0,221.36236040471925,30.124082174244393,12.572994337421232,55638.43588629246,47.019966175916
3555.0,59.25,12.700000000000003,True,952.5000000000002,270414.35686980194,20000.0,20.0,46.97156993339422,0.35242795131063903,76.27772551731144,76.64791766954295,1.16378811282542,303.31192832223235,101326.01392212951,1.0139221295103198,424.9512868342733,45.50828743566712,15082.693942217444,299.14590244636247,25.995902446362493,30.0,101325.0,221.27968043282286,30.16192832223237,12.641190954351979,56548.71334000547,47.09787391843426
3560.0,59.333333333333336,11.733333333333334,True,880.0000000000001,269855.09488902026,20000.0,20.0,47.18883633025314,0.34663848067566466,76.5593930160959,76.91349245281357,1.1636488104867757,303.3481393883755,101325.98088356151,0.9808835615112912,424.8463583634276,45.75018709046831,15080.888583908614,299.1466831687217,25.996683168721745,30.0,101325.0,221.1985622663805,30.198139388375523,12.708385302907864,57455.27049356047,47.17704335165201
3565.0,59.416666666666664,10.766666666666666,True,807.4999999999999,269311.15418263106,20000.0,20.0,47.39662919666034,0.34015699431492735,76.83578450905418,77.17332563851001,1.1635155588652177,303.3827715327767,101325.94454514924,0.9445451492356369,424.7421061870939,45.98755564390498,15079.161642893221,299.14746964735826,25.997469647358287,30.0,101325.0,221.11895915574917,30.232771532776724,12.774321012195829,58354.214757922484,47.25746660529887
3570.0,59.5,9.799999999999997,False,734.9999999999998,138782.11501631106,20000.0,20.0,47.59373744485242,0.31685556429238165,77.10605505610637,77.40780228189547,1.1633881479582322,303.4156229074754,101325.81957100917,0.8195710091677029,424.63854183483386,46.21966745061678,15077.510397538688,299.14826162389454,25.998261623894564,30.0,101325.0,221.0408362348741,30.265622907475404,12.838796514060219,59242.271159498916,47.33913083163042
3575.0,59.583333333333336,8.833333333333329,False,662.4999999999997,134980.1064085401,20000.0,20.0,47.52439333665586,-0.045599875197487275,77.3981784422327,77.28030159295724,1.1634228587699278,303.4040655561093,101324.98302572557,-0.016974274432868697,424.5356046596127,46.424946880160775,15077.960249658263,299.1490551463205,25.99905514632053,30.0,101325.0,220.99384681004364,30.25406555610931,12.895818577822437,60035.13573092227,47.421962364193206
3580.0,59.666666666666664,7.866666666666674,False,590.0000000000006,131282.25581458723,20000.0,20.0,47.45405261931171,-0.037507786244549826,77.57890608433217,77.47329013261407,1.16346787789689,303.3923421032186,101324.98851564058,-0.01148435942013748,424.43345164738986,46.58825018242572,15078.543697543695,299.14984662877924,25.999846628779267,30.0,101325.0,220.94922000761142,30.24234210321862,12.941180606229365,60670.90139841671,47.50578600108859
3585.0,59.75,6.900000000000006,False,517.5000000000005,127685.7097712013,20000.0,20.0,47.37924133914851,0.035150001162175426,77.683184445205,77.66522853732484,1.1635159427140895,303.37987355652473,101325.01008589863,0.010085898626130074,424.33214243843,46.71531356030661,15079.166617574601,299.1506359436929,26.00063594369294,30.0,101325.0,220.90560662524285,30.22987355652475,12.976475988974059,61168.67245762258,47.59039681626639
3590.0,59.833333333333336,5.933333333333337,False,445.0000000000003,124187.69298724906,20000.0,20.0,47.2998627305351,-0.0766921256440648,77.8839375107574,77.73904487813267,1.1635660162602153,303.3666437884225,101324.95198626828,-0.04801373172085732,424.23172240824533,46.811030738068084,15079.81557073239,299.15142297013807,26.001422970138094,30.0,101325.0,220.86283309524805,30.216643788422516,13.0030640939078,61545.437385634374,47.67561494810199
3595.0,59.916666666666664,4.966666666666669,False,372.5000000000001,120785.50620214899,20000.0,20.0,47.21698923283759,-0.07733176125481131,77.96453651223607,77.82238465174049,1.1636189864680255,303.35283153880624,101324.95118203021,-0.04881796978588682,424.1322316044829,46.87961055702396,15080.50206462561,299.1522075992464,26.002207599246447,30.0,101325.0,220.82108856095147,30.202831538806265,13.022114043617766,61816.33260999263,47.761282843932285
3600.0,60.0,4.0,False,300.0,117476.52410297457,20000.0,0.0,47.13084269012052,-0.04744445976016587,54.694228875978666,54.605025806286,1.1636744130416818,303.33847378168673,101324.9816246795,-0.01837532050558366,424.0337240087159,46.92465967654657,15081.220393020196,299.15298973012733,26.002989730127354,30.0,101325.0,220.78031727205556,30.188473781686753,13.034627687929603,61994.71175280104,47.8472627358509
