time_s,time_min,passengers,train_present,passenger_heat_W,train_heat_W,equipment_heat_W,piston_airflow_m3_s,target_ventilation_airflow_m3_s,leakage_airflow_signed_m3_s,total_mass_inflow_kg_s,total_mass_outflow_kg_s,air_density_kg_m3,air_temperature_K,internal_pressure_Pa,pressure_difference_Pa,co2_ppm,ventilation_airflow_m3_s,air_mass_kg,structure_temperature_K,structure_temperature_C,outdoor_temperature_C,outdoor_pressure_Pa,co2_moles,air_temperature_C,air_changes_per_hour,fan_power_proxy_W,cumulative_fan_energy_kWh
0.0,0.0,4.0,False,300.0,0.0,20000.0,0.0,35.0,0.0,29.109952535479017,29.499188069966458,1.1799675227986584,299.15,101325.0,0.0,600.0,25.0,15292.379095470611,298.65,25.5,30.0,101325.0,316.77417926623554,26.0,6.944444444444445,9375.0,0.0
5.0,0.08333333333333333,4.466666666666667,False,335.0,0.0,20000.0,0.0,35.0,-0.09471406716934815,31.00780129617382,31.306558380576234,1.179813181399163,299.1889181234552,101324.92676935086,-0.07323064914089628,598.2458221818986,26.535182751093853,15290.378830933152,298.65018029124417,25.50018029124419,30.0,101325.0,315.8067355027516,26.038918123455232,7.37088409752607,11210.306826949247,0.0142953519631592
10.0,0.16666666666666666,4.933333333333334,False,370.0,0.0,20000.0,0.0,35.0,-0.025027030349393624,32.43979799989862,32.83533177188679,1.1796551510214934,299.229199590281,101324.99488692042,-0.005113079576403834,596.4139033269137,27.83468689426214,15288.330757238555,298.65036715347213,25.500367153472155,30.0,101325.0,314.79751640857154,26.079199590281007,7.7318574706283725,12939.284787050457,0.03106590169510344
15.0,0.25,5.4,False,405.0,0.0,20000.0,0.0,35.0,-0.02730585774299957,33.7232969523652,34.12827542999133,1.1794932455237916,299.27027100901546,101324.99391338884,-0.006086611159844324,594.5216953275602,28.934693402873688,15286.232461988338,298.65056075898866,25.500560758988684,30.0,101325.0,313.7557081764494,26.120271009015482,8.03741483413158,14534.761336627498,0.05014510039210202
20.0,0.3333333333333333,5.866666666666667,False,440.00000000000006,0.0,20000.0,0.0,35.0,-0.10437228664557614,34.897245255705016,35.22162718926135,1.1793286372100436,299.31179784085225,101324.91107286351,-0.08892713648674544,592.5836381983625,29.865828809674046,15284.099138242163,298.65076122023527,25.50076122023529,30.0,101325.0,312.6892641488406,26.161797840852273,8.29606355824279,15983.6133255184,0.07133841612970335
25.0,0.4166666666666667,6.333333333333334,False,475.00000000000006,0.0,20000.0,0.0,35.0,-0.058483165494057826,35.76157794787878,36.146121810309836,1.1791642423718243,299.35370705240007,101324.97207934166,-0.027920658336370252,590.6116482675618,30.654017914929216,15281.968581138843,298.65096860043855,25.50096860043857,30.0,101325.0,311.605259155107,26.20370705240009,8.515004976369227,17282.77480112122,0.09444007455098086
30.0,0.5,6.800000000000001,False,510.00000000000006,0.0,20000.0,0.0,35.0,-0.0817371840985783,36.56552694313864,36.92767072917415,1.1789990211291697,299.3955788959054,101324.94546149172,-0.05453850828052964,588.6160385696002,31.321205588285558,15279.827313834037,298.6511829225115,25.501182922511532,30.0,101325.0,310.5088666225873,26.245578895905396,8.700334885634877,18435.998365539603,0.11924477813893976
35.0,0.5833333333333334,7.266666666666667,False,545.0,0.0,20000.0,0.0,35.0,-0.0841619049457863,37.225958284981665,37.588282010824685,1.1788345987406827,299.43732851591443,101324.94217774495,-0.0578222550539067,586.60517273761,31.885967760854008,15277.69639967925,298.6514041759727,25.50140417597271,30.0,101325.0,309.4049319723879,26.287328515914453,8.85721326690389,19451.36388017545,0.14555544636513076
40.0,0.6666666666666666,7.733333333333333,False,580.0,0.0,20000.0,0.0,35.0,-0.11087813392053888,37.813719766681814,38.14654319093755,1.1786710375335716,299.47875495636646,101324.89964113811,-0.10035886189143639,584.58614471167,32.36402861884272,15275.576646435089,298.6516323230493,25.501632323049307,30.0,101325.0,308.297213897612,26.32875495636648,8.990007949678532,20339.439463918603,0.17318794868741832
45.0,0.75,8.2,False,615.0,0.0,20000.0,0.0,35.0,-0.07954551622029701,38.248432849272085,38.61823477092021,1.1785098785818569,299.5198520743969,101324.94834702734,-0.05165297265921254,582.5646884165664,32.76869839851569,15273.488026420866,298.65186730401257,25.501867304012592,30.0,101325.0,307.1891370729713,26.36985207439693,9.102416221809914,21111.973101521697,0.20197365185786298
50.0,0.8333333333333334,8.666666666666668,False,650.0000000000001,0.0,20000.0,0.0,35.0,-0.11580232109435655,38.68950961900823,39.01663001224799,1.1783498694789125,299.56035318802793,101324.89052916269,-0.10947083731298335,580.5458481095856,33.111243971624354,15271.414308446705,298.65210904132886,25.50210904132888,30.0,101325.0,306.0830296883865,26.410353188027955,9.197567769895654,21780.996347319946,0.23176043619733633
55.0,0.9166666666666666,9.133333333333333,False,685.0,0.0,20000.0,0.0,35.0,-0.11974989365391613,39.03173337058064,39.35304953067274,1.178192596044529,299.60031816652184,101324.88293847322,-0.11706152677652426,578.5334832206662,33.40120253920304,15269.376044737095,298.6523574432735,25.502357443273524,30.0,101325.0,304.98133310897043,26.450318166521868,9.27811181644529,22358.237195280628,0.26241268171303117
60.0,1.0,9.600000000000001,False,720.0000000000001,0.0,20000.0,0.0,35.0,-0.07795567472820232,39.268863520761634,39.637045529852614,1.178038493178041,299.6397092847415,101324.95039112472,-0.049608875284320675,576.5308646823357,33.64664716763388,15267.378871587413,298.65261240684737,25.50261240684739,30.0,101325.0,303.88587485220586,26.489709284741537,9.3462908798983,22854.758278325735,0.2938105952363689
65.0,1.0833333333333333,10.066666666666666,False,755.0,0.0,20000.0,0.0,35.0,-0.09858974774522701,39.534810260305974,39.8766484364187,1.1778863255578784,299.6783308930721,101324.9206535644,-0.07934643559565302,574.5408992217217,33.854411560073125,15265.406779230103,298.6528738204035,25.502873820403522,30.0,101325.0,302.79785873821794,26.52833089307211,9.404003211131423,23280.754917488175,0.3258491460667952
70.0,1.1666666666666667,10.533333333333333,False,790.0,0.0,20000.0,0.0,35.0,-0.07876548330294902,39.716508176164034,40.078737414767915,1.1777375042548854,299.7162837538923,101324.94935509094,-0.050644909060793,572.5656316848168,34.03028032135597,15263.478055143314,298.65314156552165,25.503141565521673,30.0,101325.0,301.71871605756115,26.56628375389232,9.452855644821103,23645.463423484987,0.35843679769247105
75.0,1.25,11.0,False,825.0,0.0,20000.0,0.0,35.0,-0.09164609673298414,39.904849925182376,40.24906848470606,1.1775912645136348,299.7534511569474,101324.93143667717,-0.06856332282768562,570.6069878524942,34.17915001376102,15261.582788096706,298.6534155190837,25.503415519083717,30.0,101325.0,300.6492544355755,26.603451156947415,9.494208337155838,23957.14299581519,0.3914941632614295
80.0,1.3333333333333333,11.466666666666667,False,860.0,0.0,20000.0,0.0,35.0,-0.08508138680448901,40.04393816809309,40.392558090523494,1.1774482797618724,299.78988007434356,101324.94090740914,-0.05909259086183738,568.6663406191623,34.305165487772,15259.729705713866,298.65369555418187,25.50369555418189,30.0,101325.0,299.5903584503414,26.63988007434358,9.529212635492222,24223.104707921655,0.42495266861124675
85.0,1.4166666666666667,11.933333333333334,False,895.0,0.0,20000.0,0.0,35.0,-0.0926843271796831,40.17699712514378,40.51333581294937,1.1773081987372473,299.8255176735857,101324.9298744122,-0.070125587793882,566.7449139210566,34.41183528357571,15257.914255634727,298.65398154186107,25.503981541861094,30.0,101325.0,298.54257182496815,26.675517673585716,9.558843134326587,24449.76879648277,0.45875327521152764
90.0,1.5,12.4,False,930.0,0.0,20000.0,0.0,35.0,-0.09471834141630568,40.28450372775769,40.614915596808764,1.177171276139056,299.8603826499449,101324.92676274122,-0.07323725878086407,564.8436120084207,34.50212931632137,15256.139738762166,298.65427335155937,25.50427335155939,30.0,101325.0,297.50642410021766,26.710382649944904,9.58392481008927,24642.737235319175,0.4928452932891678
95.0,1.5833333333333333,12.866666666666667,False,965.0,0.0,20000.0,0.0,35.0,-0.09138877664515174,40.3696243540002,40.70026425303064,1.1770375172093948,299.8944738537595,101324.93182115513,-0.06817884487099946,562.9631511628428,34.578561564907254,15254.406223033757,298.65457085239603,25.504570852396057,30.0,101325.0,296.48228206389604,26.74447385375953,9.605155990252015,24806.872791860693,0.5271853002524872
100.0,1.6666666666666667,13.333333333333334,False,1000.0,0.0,20000.0,0.0,35.0,0.03146785045500653,40.33854624843481,40.808943790233165,1.176907397454916,299.9278561499997,101325.00808347439,0.008083474385784939,561.1036496080798,34.64326006652747,15252.719871015712,298.65487391613954,25.50487391613956,30.0,101325.0,295.4703156227678,26.777856149999707,9.62312779625763,24946.378799683658,0.5617361694132819
105.0,1.75,13.8,False,1035.0,0.0,20000.0,0.0,35.0,-0.02574484278118418,40.43229303647862,40.83192546186373,1.1767794878815583,299.96041674020927,101324.99458941282,-0.0054105871822685,559.264687112788,34.6980261657768,15251.062162944994,298.6551824195729,25.505182419572918,30.0,101325.0,294.4699331852399,26.81041674020929,9.638340601604668,25064.87603005123,0.5964662074894866
110.0,1.8333333333333333,14.266666666666667,False,1070.0,0.0,20000.0,0.0,35.0,-0.07918186738803629,40.54849475837388,40.882130896922945,1.1766543367409945,299.9921855727211,101324.9488182194,-0.05118178059638012,557.4477402221984,34.74438466793492,15249.44020416329,298.65549622799324,25.505496227993262,30.0,101325.0,293.48203987765885,26.84218557272112,9.651217963315258,25165.474541249198,0.6313483953862231
115.0,1.9166666666666667,14.733333333333334,False,1105.0,0.0,20000.0,0.0,35.0,-0.09206570637153708,40.60918954952065,40.92406333139243,1.1765324002419353,300.0232236064265,101324.93080739355,-0.06919260644644964,555.6529586019514,34.78362629280507,15247.85990713548,298.6558152141059,25.50581521410595,30.0,101325.0,292.506817482631,26.873223606426507,9.662118414668075,25250.839405192433,0.6663597245156965
120.0,2.0,15.200000000000001,False,1140.0,0.0,20000.0,0.0,35.0,-0.09714284149523432,40.65377953839093,40.959004346164704,1.1764134854858475,300.0535274662772,101324.92296545589,-0.07703454411239363,553.8804172472111,34.81684361111266,15246.318771896582,298.6561392527326,25.506139252732623,30.0,101325.0,291.54424629769744,26.90352746627724,9.671345447531294,25323.249890531784,0.7014806198599494
125.0,2.0833333333333335,15.666666666666668,False,1175.0,0.0,20000.0,0.0,35.0,-0.1018042339225154,40.69194762941276,40.98803985683372,1.1762974655365535,300.08309976670137,101324.91539508535,-0.08460491464938968,552.1302067571921,34.844961464009906,15244.815153353733,298.65646821915095,25.506468219150975,30.0,101325.0,290.59433190850996,26.93309976670139,9.679155962224973,25384.65211985138,0.7366944407004932
130.0,2.1666666666666665,16.133333333333333,False,1210.0,0.0,20000.0,0.0,35.0,-0.0732029919685897,40.68635852628867,41.012104552353115,1.1761846811242673,300.11199577532454,101324.95625568953,-0.043744310474721715,550.4022288640174,34.868762712630556,15243.353467370503,298.65680199353704,25.506801993537067,30.0,101325.0,289.6570962328164,26.961995775324567,9.685767420175154,25436.70548836529,0.7719870501506436
135.0,2.25,16.6,False,1245.0,0.0,20000.0,0.0,35.0,-0.09181928673051235,40.73149480803525,41.03194493657345,1.1760741420657923,300.1401289774077,101324.93117729457,-0.06882270543428604,548.6965804406686,34.88891003461755,15241.920881172668,298.65714045437437,25.507140454374394,30.0,101325.0,288.73233628100843,26.99012897740772,9.691363898504875,25480.823285522,0.8073464451325097
140.0,2.3333333333333335,17.066666666666666,False,1280.0,0.0,20000.0,0.0,35.0,-0.10461831878800036,40.76625601762566,41.04824022745122,1.1759663703047822,300.16757460061837,101324.91065312142,-0.08934687857981771,547.0130875893967,34.905964374485045,15240.524159149978,298.65748348583753,25.507483485837554,30.0,101325.0,287.82007984676176,27.01757460061839,9.696101215134734,25518.208036850847,0.8427624391063798
145.0,2.4166666666666665,17.53333333333333,False,1314.9999999999998,0.0,20000.0,0.0,35.0,-0.10552128668303025,40.78411690049527,41.061552029379044,1.175861426819786,300.1943594193574,101324.9091041474,-0.09089585259789601,545.3516190599446,34.92040056151293,15239.164091584427,298.65783097243013,25.507830972430156,30.0,101325.0,286.9202632975342,27.04435941935742,9.700111267086925,25549.882107975674,0.8782263905958426
150.0,2.5,18.0,False,1350.0,0.0,20000.0,0.0,35.0,-0.09229472258664556,40.78294482248953,41.072352957422765,1.1757592855691785,300.22050136427094,101324.93046272802,-0.06953727197833359,543.7120278512604,34.93262053000914,15237.840340976554,298.6581828009178,25.508182800917837,30.0,101325.0,286.0327935545449,27.070501364270967,9.703505702780316,25576.714104686263,0.9137309712990801
155.0,2.5833333333333335,18.46666666666667,False,1385.0000000000002,0.0,20000.0,0.0,35.0,-0.11045506648344275,40.816135203129775,41.08102044351805,1.1756592784718658,300.24595046402027,101324.90040553705,-0.09959446295397356,542.094212983477,34.942964510019934,15236.54424899538,298.65853886191655,25.508538861916577,30.0,101325.0,285.15744628889394,27.09595046402029,9.706379030561093,25599.441575238867,0.9492699682990282
160.0,2.6666666666666665,18.933333333333334,False,1420.0,0.0,20000.0,0.0,35.0,-0.1211101481808956,40.83873741820945,41.08790924849469,1.1755618510517138,300.2707743563268,101324.88026393476,-0.11973606524406932,540.4979391654432,34.95172050006172,15235.28158963021,298.6588990484533,25.508899048453316,30.0,101325.0,284.2941979271797,27.12077435632682,9.708811250017144,25618.69048245218,0.9848381155613136
165.0,2.75,19.4,False,1455.0,0.0,20000.0,0.0,35.0,-0.11675880941426839,40.84230099663774,41.093309763865435,1.175467097642298,300.2950039709861,101324.88871330959,-0.11128669041499961,538.9229958169518,34.959132285615354,15234.053585444182,298.6592632541166,25.509263254116604,30.0,101325.0,283.44295211852693,27.145003970986124,9.710870079337598,25634.99186954321,1.0204309505279772
170.0,2.8333333333333335,19.866666666666667,False,1490.0,0.0,20000.0,0.0,35.0,-0.10785206192760052,40.83923536178653,41.09745702497907,1.1753747906887628,300.31863576049085,101324.90504434888,-0.0949556511186529,537.3691945021172,34.96540622663534,15232.857287326366,298.6596313766998,25.509631376699815,30.0,101325.0,282.6035466855494,27.168635760490872,9.712612840732039,25648.796098828094,1.0560446921726794
175.0,2.9166666666666665,20.333333333333336,False,1525.0000000000002,0.0,20000.0,0.0,35.0,-0.1303049175653431,40.87156328223897,41.10053522342635,1.1752843162992508,300.34162515604055,101324.86139288537,-0.13860711462621111,535.8363754650356,34.970717003051824,15231.68473923829,298.6600033168231,25.510003316823145,30.0,101325.0,281.7757427153806,27.191625156040573,9.714088056403284,25660.48499877963,1.0916761373793513
180.0,3.0,20.8,False,1560.0,0.0,20000.0,0.0,35.0,-0.12138718629236278,40.86641401564206,41.102751444744115,1.175196618757477,300.36409207996087,101324.8797155184,-0.12028448159981053,534.3242179373975,34.975212478233324,15230.5481790969,298.6603789759487,25.510378975948697,30.0,101325.0,280.95959097654446,27.214092079960892,9.715336799509258,25670.382213904322,1.127322572943715
185.0,3.0833333333333335,21.266666666666666,False,1595.0,0.0,20000.0,0.0,35.0,-0.1349419999672315,40.88662814281043,41.10421984008296,1.1751107494360131,300.38595661609725,101324.85135229914,-0.14864770085841883,532.8325830292222,34.979017815819205,15229.43531269073,298.66075825732236,25.51075825732238,30.0,101325.0,280.1547842147629,27.23595661609727,9.716393837727557,25678.76201421821,1.1629817008799115
190.0,3.1666666666666665,21.733333333333334,False,1630.0,0.0,20000.0,0.0,35.0,-0.1229522485125737,40.87641799843809,41.105092006282874,1.1750274774563814,300.4073192378398,101324.87659383335,-0.12340616664732806,531.3611609027205,34.98223896454264,15228.356107834703,298.66114106876694,25.51114106876696,30.0,101325.0,279.3613363656761,27.257319237839795,9.717288601261844,25685.856787080815,1.19865157504748
195.0,3.25,22.2,False,1665.0,0.0,20000.0,0.0,35.0,-0.13807251865294498,40.89719891082925,41.105439715692725,1.1749458374831343,300.4280972215858,101324.84437534361,-0.15562465638504364,529.9098055115218,34.984965608070226,15227.298053781422,298.66152732008874,25.51152732008876,30.0,101325.0,278.57893438144004,27.278097221585824,9.71804600224173,25691.863403831154,1.23433054740228
200.0,3.3333333333333335,22.666666666666668,False,1700.0,0.0,20000.0,0.0,35.0,-0.12667268032520762,40.88661245432214,41.1053832663649,1.1748667147799399,300.4484029394075,101324.8690125066,-0.13098749339405913,528.4781938489317,34.98727366198659,15226.27262354802,298.6619169220611,25.51191692206112,30.0,101325.0,277.80761241572964,27.298402939407538,9.71868712832961,25696.94862690353,1.270017222423624
205.0,3.4166666666666665,23.133333333333333,False,1735.0,0.0,20000.0,0.0,35.0,-0.13990905710585444,40.904299780531844,41.104964744539814,1.1747891512256452,300.46815414212125,101324.84020780196,-0.15979219804285094,527.0661745776937,34.989227387446874,15225.267399884362,298.66230978708234,25.51230978708236,30.0,101325.0,277.04705803445233,27.318154142121273,9.719229829846354,25701.253699668683,1.3057104184837436
210.0,3.5,23.6,False,1770.0,0.0,20000.0,0.0,35.0,-0.1398111564988772,40.906111458561035,41.10427008251646,1.1747137738733513,300.4874348155866,101324.84043135117,-0.15956864882900845,525.6734492097765,34.99088118034445,15224.290509398632,298.6627058321366,25.512705832136646,30.0,101325.0,276.29725684087265,27.33743481558662,9.719689216762347,25704.898240835493,1.3414091351090935
215.0,3.5833333333333335,24.066666666666666,False,1805.0,0.0,20000.0,0.0,35.0,-0.1437832619320068,40.912366617851106,41.10334066338859,1.174640217440923,300.50622418475774,101324.83123570276,-0.16876429723924957,524.2998108592045,34.99228108580901,15223.337218034361,298.6631049751978,25.513104975197848,30.0,101325.0,275.5580083707796,27.356224184757764,9.720078079391392,25707.98354757602,1.3771125252399348
220.0,3.6666666666666665,24.533333333333335,False,1840.0000000000002,0.0,20000.0,0.0,35.0,-0.14562052945881662,40.91588573389173,41.10222471865072,1.174568550153013,300.52454695101846,101324.8268951951,-0.17310480489686597,522.9450138981241,34.99346608020133,15222.408409983049,298.6635071355993,25.513507135599298,30.0,101325.0,274.8291942579891,27.374546951018488,9.720407244500368,25710.59539627936,1.4128198717287233
225.0,3.75,25.0,False,1875.0,0.0,20000.0,0.0,35.0,-0.14533330769769787,40.91671927332154,41.10095946271016,1.1744987266169904,300.542415053051,101324.82757738509,-0.17242261490901,521.6088241458202,34.99446915629852,15221.503496956197,298.6639122365023,25.513912236502335,30.0,101325.0,274.1106755961917,27.392415053051025,9.72068587674959,25712.80641672134,1.448530567432196
230.0,3.8333333333333335,25.46666666666667,False,1910.0000000000002,0.0,20000.0,0.0,35.0,-0.13935358463958472,40.91074516878873,41.09957842291694,1.1744307663911369,300.5598476197044,101324.84147410978,-0.1585258902196074,520.291003255382,34.995318241883474,15220.622732429134,298.6643201997356,25.514320199735607,30.0,101325.0,273.4023266411841,27.409847619704408,9.720921733856521,25714.678104179606,1.4842440983494884
235.0,3.9166666666666665,25.933333333333334,False,1945.0,0.0,20000.0,0.0,35.0,-0.14256386896308693,40.91532011193076,41.09809792444862,1.174364341627889,300.57682606343724,101324.83408606748,-0.1659139325201977,518.9913440656259,34.996036977314006,15219.761867497442,298.6647309523338,25.51473095233382,30.0,101325.0,272.7039574375891,27.42682606343726,9.721121382587224,25716.26252438961,1.5199600293415503
240.0,4.0,26.400000000000002,False,1980.0000000000002,0.0,20000.0,0.0,35.0,-0.15689520612355806,40.932715909332416,41.09653814821889,1.1742993566771491,300.59335585386685,101324.79905219833,-0.20094780166982673,517.7096206676032,34.996645373720995,15218.919662535853,298.66514442338934,25.51514442338936,30.0,101325.0,272.01542283368195,27.443355853866876,9.721290381589165,25717.60375800375,1.5556779920376569
245.0,4.083333333333333,26.866666666666667,False,2015.0,0.0,20000.0,0.0,35.0,-0.15353279516302323,40.929400385270725,41.094937933085745,1.1742363522762784,300.6095096613649,101324.80757290457,-0.19242709543323144,516.4455566474725,34.99716037016097,15218.103125500567,298.66556054145184,25.515560541451862,30.0,101325.0,271.3366985129666,27.459509661364905,9.721433436155824,25718.739124191543,1.5913976745947367
250.0,4.166666666666667,27.333333333333336,False,2050.0,0.0,20000.0,0.0,35.0,-0.13641867244597508,40.909980335245024,41.09330930663601,1.1741751904398146,300.6252883535802,101324.84808119027,-0.1519188097299775,515.1989352072613,34.99759630523581,15217.310468099997,298.6659792364558,25.51597923645585,30.0,101325.0,270.6676339152994,27.475288353580197,9.721554529232169,25719.700217034788,1.6271188130261438
255.0,4.25,27.8,False,2085.0,0.0,20000.0,0.0,35.0,-0.1555414311520389,40.932676514970325,41.09163123702899,1.174114862554004,300.64059972920876,101324.80250500567,-0.19749499432509765,513.9696109974985,34.997965316309894,15216.528618699893,298.6664004445796,25.51640044457963,30.0,101325.0,270.0079162196528,27.490599729208782,9.721657032308304,25720.513783274335,1.662841183859692
260.0,4.333333333333333,28.26666666666667,False,2120.0,0.0,20000.0,0.0,35.0,-0.15956815556992573,40.937728937944776,41.089949221567544,1.174056323578854,300.65555906958366,101324.79214696921,-0.207853030791739,512.75728181181,34.9982776774404,15215.769953581947,298.66682409928114,25.516824099281166,30.0,101325.0,269.3576029881543,27.505559069583683,9.721743799289,25721.2024656359,1.698564597921435
265.0,4.416666666666667,28.733333333333334,False,2155.0,0.0,20000.0,0.0,35.0,-0.1486737193626283,40.92535135326881,41.08827282115359,1.173999554634592,300.67017866502744,101324.81956020548,-0.18043979452340864,511.56172783528564,34.99854208542893,15215.034228064313,298.66725013584556,25.517250135845586,30.0,101325.0,268.716570187038,27.52017866502746,9.721817245952481,25721.785432276367,1.734288895072763
270.0,4.5,29.200000000000003,False,2190.0,0.0,20000.0,0.0,35.0,-0.16509059277729693,40.94472774104692,41.086578600866545,1.173943638926041,300.68437500129045,101324.7775109892,-0.22248901080456562,510.3828008307462,34.99876590195913,15214.30956048149,298.66767849520465,25.517678495204677,30.0,101325.0,268.08452647261345,27.53437500129047,9.72187941721087,25722.278909767636,1.770013939754738
275.0,4.583333333333333,29.666666666666668,False,2225.0,0.0,20000.0,0.0,35.0,-0.15802368066903424,40.93671964491347,41.08490994463461,1.17388960681034,300.6982703027232,101324.79615115386,-0.20384884614031762,509.22020350100536,34.99895535856168,15213.609304262007,298.6681091153931,25.518109115393145,30.0,101325.0,267.461547854014,27.54827030272321,9.72193204404491,25722.696634378186,1.8057396172159503
280.0,4.666666666666667,30.133333333333333,False,2260.0,0.0,20000.0,0.0,35.0,-0.15691641785257576,40.93561708652256,41.08324981180701,1.1738367942953138,300.7118075756249,101324.79899785966,-0.20100214034027886,508.07377232916366,34.9991157301134,15212.924854067269,298.66854193793034,25.518541937930365,30.0,101325.0,266.8473933812316,27.561807575624925,9.721976591698168,25723.050234161426,1.841465830319103
285.0,4.75,30.6,False,2295.0,0.0,20000.0,0.0,35.0,-0.16916101263007402,40.95003273832515,41.08159659757496,1.1737850056323031,300.7249785707186,101324.76640450454,-0.23359549546148628,506.94330913030996,34.99925148170113,15212.253672994648,298.6689769069904,25.518976906990417,30.0,101325.0,266.2419115461871,27.5749785707186,9.722014300472537,25723.349552448362,1.877192496837582
290.0,4.833333333333333,31.066666666666666,False,2330.0,0.0,20000.0,0.0,35.0,-0.1679019175473854,40.94870045282886,41.07997405743544,1.1737347926882151,300.7378540139248,101324.76986894762,-0.23013105237623677,505.8285629279587,34.99936639293926,15211.602913239267,298.6694139656387,25.519413965638705,30.0,101325.0,265.64509278149535,27.58785401392481,9.722046220260905,25723.60292172276,1.9129195471668676
295.0,4.916666666666667,31.533333333333335,False,2365.0,0.0,20000.0,0.0,35.0,-0.17314194514466724,40.95491519232416,41.07836924784411,1.173685678247493,300.7503954890075,101324.75528054556,-0.24471945443656296,504.7293617248712,34.99946366320233,15210.96639008751,298.6698530604803,25.51985306048033,30.0,101325.0,265.0567355753572,27.600395489007497,9.722073239778425,25723.817395483446,1.9486469223871496
300.0,5.0,32.0,False,2400.0,0.0,20000.0,0.0,35.0,-0.17293523584505044,40.95477037403689,41.07679375639619,1.173637902490845,300.7626399914134,101324.75586452411,-0.24413547589210793,503.6454832125578,34.99954600070239,15210.34721628135,298.6702941387211,25.520294138721113,30.0,101325.0,264.4767746666622,27.612639991413403,9.72209611130622,25723.998944533974,1.9843745726232727
305.0,5.083333333333333,32.46666666666667,False,2435.0,0.0,20000.0,0.0,35.0,-0.17085644397975053,40.95243098801031,41.075246308128264,1.1735913520502692,300.77458704397276,101324.76169857592,-0.23830142407678068,502.5767334293559,34.99961569789146,15209.74392257149,298.67073714869565,25.520737148695673,30.0,101325.0,263.905079782048,27.62458704397278,9.722115471636517,25724.152623154976,2.02010245565639
310.0,5.166666666666667,32.93333333333334,False,2470.0000000000005,0.0,20000.0,0.0,35.0,-0.16984804208774032,40.95132550321865,41.07372573000291,1.1735459282863656,300.78623727770014,101324.76450320489,-0.2354967951105209,501.5229195471359,34.999674695288284,15209.155230591297,298.6711820407623,25.521182040762312,30.0,101325.0,263.341524832963,27.63623727770016,9.722131859802301,25724.282709777508,2.0558305357487043
315.0,5.25,33.400000000000006,False,2505.0000000000005,0.0,20000.0,0.0,35.0,-0.16931849921213832,40.95076705479497,41.0722333799143,1.1735016148740596,300.7975998289075,101324.76596935367,-0.2340306463302113,500.4838452956191,34.99972463550652,15208.580928767813,298.67162876601907,25.52162876601909,30.0,101325.0,262.78600060484075,27.647599828907516,9.722145732085144,25724.392826068874,2.0915587826485975
320.0,5.333333333333333,33.86666666666667,False,2540.0,0.0,20000.0,0.0,35.0,-0.17727941292488936,40.960085950769916,41.07076335838217,1.1734581965982878,300.8086625533422,101324.74344497758,-0.2565550224244362,499.4593303525017,34.99976690898858,15208.01822791381,298.6720772771355,25.52207727713551,30.0,101325.0,262.2383618998823,27.658662553342197,9.722157474719051,25724.4860377427,2.127287170748467
325.0,5.416666666666667,34.333333333333336,False,2575.0,0.0,20000.0,0.0,35.0,-0.1790931522705797,40.96223953192779,41.069327895030135,1.1734159833870794,300.8194683699432,101324.73816851273,-0.2618314872670453,498.4491610627778,34.99980269271859,15207.47114469655,298.6725275277561,25.522527527756097,30.0,101325.0,261.69856358528153,27.669468369943218,9.722167414644053,25724.56493989709,2.1630156783718277
330.0,5.5,34.8,False,2610.0,0.0,20000.0,0.0,35.0,-0.17192915707833054,40.95393305946432,41.0679296421754,1.1733750175931426,300.8300317644586,101324.7586968567,-0.24130314329522662,497.45314498874933,34.999832982992096,15206.940228007128,298.67297947272596,25.52297947272598,30.0,101325.0,261.16651160972737,27.680031764458647,9.722175828608915,25724.631729254936,2.1987442871698497
335.0,5.583333333333333,35.266666666666666,False,2645.0,0.0,20000.0,0.0,35.0,-0.18063346191712645,40.964098190849874,41.066548138595394,1.1733346863128968,300.84029787872146,101324.733645326,-0.2663546739931917,496.4711349973741,34.99985862315507,15206.417534615142,298.6734330686198,25.523433068619795,30.0,101325.0,260.6419901348636,27.69029787872148,9.722182950876409,25724.68826531614,2.234472981610524
340.0,5.666666666666667,35.733333333333334,False,2680.0,0.0,20000.0,0.0,35.0,-0.17908866980011856,40.962324709855885,41.06520488956655,1.1732955800362697,300.8503384407557,101324.73818161918,-0.2618183808226604,495.5029069261262,34.99988032708443,15205.910717270055,298.6738882723256,25.52388827232562,30.0,101325.0,260.12501080146,27.70033844075573,9.722188979745676,25724.73612212343,2.2702017485462465
345.0,5.75,36.2,False,2715.0,0.0,20000.0,0.0,35.0,-0.1797724063700548,40.963142243717925,41.06388932765675,1.1732573765636332,300.8601287476853,101324.73617862782,-0.2638213721802458,494.548298964567,34.999898699064005,15205.415600264685,298.6743450424226,25.524345042422624,30.0,101325.0,259.6154150553144,27.710128747685303,9.722194083073335,25724.776632082623,2.305930576847778
350.0,5.833333333333333,36.66666666666667,False,2750.0000000000005,0.0,20000.0,0.0,35.0,-0.18244190807050373,40.966268714619076,41.062601364147284,1.1732200562015045,300.8696757297953,101324.72828530759,-0.2717146924114786,493.6071316667034,34.99991425060896,15204.931928371498,298.6748033384184,25.52480333841845,30.0,101325.0,259.1131024937143,27.719675729795313,9.722198402946933,25724.810923055993,2.3416594570944023
355.0,5.916666666666667,37.13333333333333,False,2785.0,0.0,20000.0,0.0,35.0,-0.1821026323216018,40.96588899083262,41.06134490274029,1.1731837159606686,300.8789983905434,101324.7292949494,-0.2707050505996449,492.6792206632122,34.99992741470756,15204.460958850266,298.6752631207568,25.525263120756847,30.0,101325.0,258.6179959334161,27.72899839054344,9.722202059640987,25724.83994976208,2.377388381311637
360.0,6.0,37.6,False,2820.0,0.0,20000.0,0.0,35.0,-0.18224769668500626,40.96607087858664,41.06011657167413,1.173148247211248,300.88809382987154,101324.72886348615,-0.27113651385298,491.7643968078007,34.99993855787645,15204.001283857775,298.6757243510758,25.525724351075837,30.0,101325.0,258.1299808190983,27.73809382987156,9.72220515496568,25724.8645203554,2.413117342749219
365.0,6.083333333333333,38.06666666666667,False,2855.0000000000005,0.0,20000.0,0.0,35.0,-0.18680732591707305,40.97139108537972,41.05891251797626,1.173113529462355,300.8969576798397,101324.71512671823,-0.2848732817656128,490.8624936441114,34.99994799036527,15203.551341832119,298.6761869920147,25.526186992014743,30.0,101325.0,257.6489416229817,27.74695767983974,9.722207775101463,25724.885318925837,2.448846335693164
370.0,6.166666666666667,38.53333333333333,False,2890.0,0.0,20000.0,0.0,35.0,-0.18035710665375865,40.963889759370225,41.05774558163561,1.173079920763428,300.90563578068713,101324.73445970677,-0.2655402932286961,489.9733180921273,34.99995597479468,15203.115773094027,298.6766510068495,25.526651006849534,30.0,101325.0,257.1748539862192,27.755635780687157,9.722209992998522,25724.90292454438,2.4845753553066854
375.0,6.25,39.0,False,2925.0,0.0,20000.0,0.0,35.0,-0.18813963309585457,40.97295958817033,41.05659348048865,1.17304677702496,300.9140681646359,101324.71104880374,-0.28895119625667576,489.09673943391306,34.99996273346826,15202.68623024348,298.67711636053053,25.527116360530556,30.0,101325.0,256.7075064508076,27.764068164635944,9.722211870407849,25724.917827385005,2.5203043974955253
380.0,6.333333333333333,39.46666666666667,False,2960.0,0.0,20000.0,0.0,35.0,-0.18813366795568123,40.97295930400305,41.055474694058404,1.1730146199233844,300.9223174975274,101324.71106712638,-0.2889328736200696,488.232559460252,34.99996845456193,15202.269474207062,298.6775830180866,25.527583018086602,30.0,101325.0,256.2469078410152,27.77231749752741,9.722213459600537,25724.930442371748,2.5560334587939675
385.0,6.416666666666667,39.93333333333334,False,2995.0000000000005,0.0,20000.0,0.0,35.0,-0.18300513467981963,40.966993288542135,41.054386409271906,1.172983363743448,300.93038224262943,101324.72660506678,-0.2733949332177872,487.380618590789,34.99997329736317,15201.864394115084,298.67805094588925,25.528050945889277,30.0,101325.0,255.792954032325,27.780382242629457,9.722214804823102,25724.94112073071,2.591762536268344
390.0,6.5,40.4,False,3030.0,0.0,20000.0,0.0,35.0,-0.18870138583608162,40.97363076584061,41.05331419058305,1.1729525915192975,300.93822576801426,101324.70932071007,-0.29067928993026726,486.5407779568612,34.99997739670592,15201.465586090095,298.6785201114426,25.528520111442617,30.0,101325.0,255.34547982892323,27.788225768014286,9.722215943529424,25724.95015976875,2.627491627435357
395.0,6.583333333333333,40.86666666666667,False,3065.0,0.0,20000.0,0.0,35.0,-0.19225567637101001,40.97777341547459,41.05226869815697,1.1729226040002323,300.9458868738192,101324.69826738696,-0.30173261303571053,485.71285944761325,34.99998086672464,15201.07694784301,298.6789904825681,25.528990482568133,30.0,101325.0,254.90445607211504,27.7958868738192,9.722216907423512,25724.957811150893,2.6632207301929403
400.0,6.666666666666667,41.333333333333336,False,3100.0,0.0,20000.0,0.0,35.0,-0.1896776437813807,40.97477497941702,41.05125306638591,1.1728934875008918,300.95338158018063,101324.70630523632,-0.2936947636771947,484.8966997923305,34.99998380403208,15200.699598011559,298.6794620280773,25.52946202807732,30.0,101325.0,254.46981445356528,27.803381580180655,9.722217723342244,25724.964287907253,2.698949842761731
405.0,6.75,41.800000000000004,False,3135.0000000000005,0.0,20000.0,0.0,35.0,-0.18626852451956372,40.97080830255377,41.050261949315264,1.1728650865375927,300.96070025143,101324.71676764713,-0.28323235287098214,484.09215126431263,34.99998629040913,15200.331521527201,298.6799347177802,25.529934717780236,30.0,101325.0,254.04144235796215,27.810700251430035,9.722218414002537,25724.969770363983,2.73467896363553
410.0,6.833333333333333,42.266666666666666,False,3170.0,0.0,20000.0,0.0,35.0,-0.18893810761434543,40.973919210717874,41.04928874057744,1.1728372100359208,300.9678293279329,101324.70859095095,-0.291409049052163,483.2990697001432,34.99998839508188,15199.970242065532,298.68040852231024,25.530408522310267,30.0,101325.0,253.61922159902684,27.81782932793294,9.722218998633855,25724.97441116402,2.770408091539369
415.0,6.916666666666667,42.733333333333334,False,3205.0,0.0,20000.0,0.0,35.0,-0.19332804378909987,40.97903291851836,41.04833665511549,1.1728099478868397,300.97478468037735,101324.69489197947,-0.3051080205332255,482.51729749520604,34.99999017664889,15199.616924613443,298.6808834128535,25.53088341285354,30.0,101325.0,253.20308789260469,27.824784680377377,9.722219493513581,25724.978339516885,2.8061372253940084
420.0,7.0,43.2,False,3240.0,0.0,20000.0,0.0,35.0,-0.19552082162040063,40.98158794084871,41.04740866760213,1.1727833834180792,300.98158132078714,101324.68793149643,-0.3120685035682982,481.74667965474396,34.99999168471281,15199.272649098308,298.68135936134803,25.531359361348052,30.0,101325.0,252.79297680907686,27.831581320787166,9.722219912420226,25724.981664796105,2.8418663642858926
425.0,7.083333333333333,43.66666666666667,False,3275.0000000000005,0.0,20000.0,0.0,35.0,-0.1954743882244039,40.98153536030129,41.046504344474016,1.1727575028345019,300.9882238664618,101324.68807970244,-0.31192029756493866,480.9870684470129,34.99999296126136,15198.937236735144,298.6818363405389,25.531836340538916,30.0,101325.0,252.38880674075722,27.838223866461817,9.722220267017045,25724.984479584426,2.8775955074417126
430.0,7.166666666666667,44.13333333333333,False,3310.0,0.0,20000.0,0.0,35.0,-0.19416318573011596,40.980009856825866,41.04562226727494,1.1727322644173044,300.9947138349207,101324.69225026373,-0.30774973626830615,480.23831950542774,34.99999404183638,15198.610146848265,298.6823143239061,25.53231432390612,30.0,101325.0,251.99049189166837,27.844713834920697,9.722220567176773,25724.986862251455,2.913324654206876
435.0,7.25,44.6,False,3345.0,0.0,20000.0,0.0,35.0,-0.1926271310445936,40.97822234272617,41.04476095249136,1.1727076247718526,301.0010524133171,101324.69710031335,-0.3028996866487432,479.5002903845478,34.99999495652338,15198.290817043211,298.6827932856255,25.53279328562553,30.0,101325.0,251.59794719598088,27.85105241331712,9.722220821256494,25724.988879135653,2.949053804027284
440.0,7.333333333333333,45.06666666666667,False,3380.0000000000005,0.0,20000.0,0.0,35.0,-0.19157903045488403,40.977002837943076,41.04391924191042,1.1726835499526769,301.00724163436155,101324.70038755175,-0.2996124482451705,478.77283997555713,34.99999573078921,15197.978807386693,298.6832732005414,25.53327320054143,30.0,101325.0,251.21109039471014,27.85724163436157,9.722221036330335,25724.990586391352,2.9847829564339
445.0,7.416666666666667,45.53333333333334,False,3415.0000000000005,0.0,20000.0,0.0,35.0,-0.19130229332272383,40.97668136890049,41.04309638413175,1.1726600177685993,301.0132846229353,101324.70125251077,-0.29874748922884464,478.05582839957924,34.999996386191086,15197.673830281048,298.68375404414684,25.53375404414686,30.0,101325.0,250.82984245513973,27.86328462293534,9.722221218386412,25724.992031552163,3.0205121110296944
450.0,7.5,46.0,False,3450.0,0.0,20000.0,0.0,35.0,-0.1917190390446465,40.977167272819315,41.04229195761169,1.1726370155638721,301.01918536603455,101324.69994946994,-0.30005053005879745,477.34911712953607,34.9999969409768,15197.375721707782,298.68423579256785,25.53423579256787,30.0,101325.0,250.45412714025989,27.86918536603457,9.722221372493555,25724.99325485444,3.0562412674785877
455.0,7.583333333333333,46.46666666666667,False,3485.0,0.0,20000.0,0.0,35.0,-0.1925428664900416,40.97812708275255,41.041505732692414,1.172614536259114,301.02494829933914,101324.69736526175,-0.3026347382547101,476.6525691869,34.999997410592755,15197.084389918118,298.6847184225501,25.5347184225501,30.0,101325.0,250.08387025135693,27.874948299339167,9.722221502942432,25724.994290357445,3.0919704254960956
460.0,7.666666666666667,46.93333333333334,False,3520.0000000000005,0.0,20000.0,0.0,35.0,-0.19342975736834092,40.9791602396805,41.040737542964195,1.1725925746615238,301.0305779220973,101324.69457084869,-0.30542915131081827,475.9660493107525,34.999997808114095,15196.79976761335,298.6852019114454,25.535201911445427,30.0,101325.0,249.71899892137765,27.880577922097302,9.722221613365026,25724.995166891887,3.127699584841408
465.0,7.75,47.4,False,3555.0,0.0,20000.0,0.0,35.0,-0.19411231297958373,40.979955397951954,41.03998716764975,1.172571124092231,301.0360784453663,101324.6924115098,-0.307588490206399,475.2894240987126,34.99999814460864,15196.521768235312,298.68568623719864,25.53568623719866,30.0,101325.0,249.35944096806205,27.88607844536631,9.722221706835734,25724.99590886227,3.1634287453106817
470.0,7.833333333333333,47.86666666666667,False,3590.0,0.0,20000.0,0.0,35.0,-0.19454817716218864,40.980463249041705,41.03925419428894,1.1725501724526668,301.0414533811179,101324.69102862664,-0.30897137336432934,474.62256216256503,34.999998429445114,15196.250234986563,298.68617137833616,25.536171378336178,30.0,101325.0,249.0051241418255,27.891453381117913,9.722221785956975,25724.99653692663,3.1991579067313682
475.0,7.916666666666667,48.333333333333336,False,3625.0,0.0,20000.0,0.0,35.0,-0.1947583994140345,40.98070831217935,41.03853816256888,1.1725297063252518,301.0467059775152,101324.69036053761,-0.30963946238625795,473.96533390137955,34.99999867055399,15195.984993975262,298.6866573139469,25.536657313946932,30.0,101325.0,248.65597688363408,27.89670597751524,9.722221852931664,25724.99706857167,3.2348870689574087
480.0,8.0,48.800000000000004,False,3660.0000000000005,0.0,20000.0,0.0,35.0,-0.19485655096474205,40.980822837305624,41.03783853721927,1.172509710191575,301.051839139824,101324.69004836364,-0.30995163635816425,473.31761151116956,34.999998874648256,15195.72584408281,298.6871440236689,25.53714402366893,30.0,101325.0,248.31192816551678,27.901839139824006,9.722221909624515,25724.997518599488,3.270616231865166
485.0,8.083333333333334,49.266666666666666,False,3695.0,0.0,20000.0,0.0,35.0,-0.19511235963781662,40.98112090160269,41.03715464991103,1.1724901647660877,301.0568552580968,101324.68923401728,-0.31076598272193223,472.6792690321746,34.99999904741031,15195.472535368497,298.687631487676,25.537631487676038,30.0,101325.0,247.97290716502792,27.90685525809681,9.722221957613977,25724.997899539798,3.3063453953499855
490.0,8.166666666666666,49.733333333333334,False,3730.0,0.0,20000.0,0.0,35.0,-0.19575514896951962,40.981869534561625,41.03648587801924,1.1724710520983141,301.0617567476529,101324.6871830339,-0.3128169661067659,472.0501820908246,34.99999919365024,15195.22483519415,298.68811968666023,25.538119686660252,30.0,101325.0,247.63884421182723,27.91175674765293,9.722221998236177,25724.99822199882,3.342074559323276
495.0,8.25,50.2,False,3765.0,0.0,20000.0,0.0,35.0,-0.19692350664382346,40.983230112159525,41.03583168849774,1.1724523568219205,301.0665461836216,101324.68343781658,-0.31656218341959175,471.430227827591,34.99999931743966,15194.982544412089,298.68860860181655,25.538608601816577,30.0,101325.0,247.30967101033167,27.91654618362162,9.722222032622128,25724.998494954485,3.377803723710049
500.0,8.333333333333334,50.66666666666667,False,3800.0000000000005,0.0,20000.0,0.0,35.0,-0.19860340471919527,40.98518630430109,41.03519169405639,1.1724340677559804,301.0712264724877,101324.6780137766,-0.3219862233963795,470.8192848135737,34.999999422225144,15194.745518117505,298.68909821482856,25.539098214828584,30.0,101325.0,246.9853209287123,27.921226472487717,9.722222061729207,25724.99872600646,3.4135328884468272
505.0,8.416666666666666,51.13333333333333,False,3835.0,0.0,20000.0,0.0,35.0,-0.20059943609233413,40.98751058272329,41.03456568452224,1.1724161787977911,301.07580094893297,101324.67150911216,-0.3284908878413262,470.21723300231923,34.99999951092414,15194.513677219375,298.68958850785504,25.539588507855058,30.0,101325.0,246.66572915491653,27.925800948932988,9.722222086367816,25724.998921587743,3.449262053479879
510.0,8.5,51.6,False,3870.0,0.0,20000.0,0.0,35.0,-0.20255138726035746,40.989783518382836,41.03395362102779,1.1723986887541014,301.08027336079283,101324.66508518791,-0.33491481209057383,469.6239537290704,34.999999586006226,15194.287006253153,298.6900794635169,25.540079463516918,30.0,101325.0,246.35083265335115,27.930273360792853,9.722222107223951,25724.999087143737,3.4849912187637204
515.0,8.583333333333334,52.06666666666667,False,3905.0000000000005,0.0,20000.0,0.0,35.0,-0.2039976710581438,40.99146764249513,41.03335558377938,1.1723815998464753,301.0846477143073,101324.66028530778,-0.3397146922216052,469.0393297646706,34.999999649561836,15194.06553401032,298.69057106488674,25.540571064886763,30.0,101325.0,246.04056987256024,27.934647714307346,9.722222124878288,25724.999227283857,3.5207203842598505
520.0,8.666666666666666,52.53333333333334,False,3940.0000000000005,0.0,20000.0,0.0,35.0,-0.20448309842111026,40.99203293583798,41.03277166615766,1.1723649146836403,301.08892795786426,101324.65866663233,-0.34133336767263245,468.463245428174,34.99999970336049,15193.84929429998,298.69106329547975,25.541063295479773,30.0,101325.0,245.7348801649683,27.93892795786428,9.722222139822357,25724.999345909873,3.5564495499356794
525.0,8.75,53.0,False,3975.0,0.0,20000.0,0.0,35.0,-0.20371476236090277,40.991138339814434,41.03220180988532,1.1723486315503422,301.0931174884063,101324.66122690283,-0.33877309717354365,467.8955867593578,34.99999974890007,15193.638264892435,298.69155613924596,25.541556139245984,30.0,101325.0,245.4337028904091,27.9431174884063,9.722222152472243,25724.999446324666,3.5921787157636205
530.0,8.833333333333334,53.46666666666667,False,4010.0,0.0,20000.0,0.0,35.0,-0.20178518622033847,40.98889158990555,41.031645577881825,1.1723327379160828,301.0972184703385,101324.66761419283,-0.3323858071671566,467.33624174987597,34.99999978744851,15193.432283392434,298.6920495805654,25.542049580565447,30.0,101325.0,245.1369761852795,27.9472184703385,9.722222163180142,25724.999531323967,3.6279078817203207
535.0,8.916666666666666,53.93333333333334,False,4045.0000000000005,0.0,20000.0,0.0,35.0,-0.19949570193659996,40.98622575674727,41.03110186317282,1.1723172021170642,301.10123096204353,101324.67511399926,-0.32488600074429996,466.7851006297564,34.99999982007905,15193.230939437151,298.69254360424475,25.54254360424477,30.0,101325.0,244.84463538854553,27.951230962043553,9.72222217224418,25724.9996032743,3.663637047786014
540.0,9.0,54.400000000000006,False,4080.0000000000005,0.0,20000.0,0.0,35.0,-0.1994653009589824,40.986190390068664,41.03056790181665,1.172301945153086,301.10514994859665,101324.6752130099,-0.32478699009516276,466.24205691656005,34.999999847700195,15193.033209183995,298.69303819553096,25.543038195530983,30.0,101325.0,244.55660773105495,27.95514994859667,9.722222179916722,25724.999664178937,3.699366213943967
545.0,9.083333333333334,54.86666666666667,False,4115.0,0.0,20000.0,0.0,35.0,-0.20221439726840715,40.98939145981653,41.03004289120191,1.172286944066628,301.1089762310989,101324.66619867377,-0.33380132622551173,465.7070032592456,34.999999871080995,15192.838795103498,298.6935333400078,25.543533340007798,30.0,101325.0,244.2728317521874,27.958976231098916,9.722222186411386,25724.999715733597,3.7350953801800175
550.0,9.166666666666666,55.333333333333336,False,4150.0,0.0,20000.0,0.0,35.0,-0.20522263266156768,40.99289426644204,41.02952886124023,1.1722722568333563,301.11271904908165,101324.65619323301,-0.34380676699220203,465.17983059061146,34.99999989087242,15192.6484485603,298.69402902356507,25.544029023565088,30.0,101325.0,243.9932619669119,27.96271904908167,9.722222191909005,25724.999759373684,3.7708245464821757
555.0,9.25,55.800000000000004,False,4185.0,0.0,20000.0,0.0,35.0,-0.20656325684960158,40.994455306208565,41.029027380908836,1.1722579282627308,301.116386173263,101324.65168670139,-0.3483132986148121,464.6604318736478,34.9999999076255,15192.46275028499,298.6945252324723,25.544525232472324,30.0,101325.0,243.71785117215595,27.966386173263004,9.722222196562639,25724.99979631423,3.8065537128402918
560.0,9.333333333333334,56.266666666666666,False,4220.0,0.0,20000.0,0.0,35.0,-0.2053638413071249,40.99305872554063,41.02853903626459,1.172243975083607,301.1199823372121,101324.65571994027,-0.34428005972586107,464.1487026117349,34.999999921806676,15192.281917083545,298.69502195338276,25.545021953382786,30.0,101325.0,243.44654763392097,27.969982337212116,9.722222200501855,25724.999827583717,3.842282879245776
565.0,9.416666666666666,56.733333333333334,False,4255.0,0.0,20000.0,0.0,35.0,-0.20230110099913423,40.98949249051843,41.028062863844625,1.1722303697552467,301.12350753484054,101324.66591236355,-0.3340876364527503,463.6445413694728,34.999999933810784,15192.105592027998,298.69551917333933,25.545519173339358,30.0,101325.0,243.17929203500833,27.973507534840564,9.72222220383633,25724.999854052778,3.8780120456913574
570.0,9.5,57.2,False,4290.0,0.0,20000.0,0.0,35.0,-0.20089511887309894,40.987855379431984,41.027595224140946,1.1722170082805108,301.1269536335616,101324.6705400099,-0.32945999009825755,463.1478508442552,34.999999943972036,15191.93242731542,298.69601687979485,25.546016879794877,30.0,101325.0,242.91601141653726,27.976953633561607,9.722222206658898,25724.999876458343,3.913741212170879
575.0,9.583333333333334,57.66666666666667,False,4325.0,0.0,20000.0,0.0,35.0,-0.20406100067915184,40.99154173621164,41.027133115180035,1.1722038048792491,301.1303143466258,101324.66007435104,-0.33992564896470867,462.6585342450792,34.99999995257336,15191.761311235068,298.69651506051343,25.546515060513457,30.0,101325.0,242.65663695942436,27.980314346625846,9.722222209048155,25724.999895424266,3.9494703786791305
580.0,9.666666666666666,58.13333333333333,False,4360.0,0.0,20000.0,0.0,35.0,-0.2072663612682122,40.995274060473726,41.026680527720295,1.1721908735651085,301.1336043533946,101324.64931147336,-0.35068852663971484,462.1764887851566,34.99999995985423,15191.593721403808,298.6970137034011,25.54701370340115,30.0,101325.0,242.40113809706276,27.98360435339464,9.72222221107062,25724.99991147857,3.985199545211702
585.0,9.75,58.6,False,4395.0,0.0,20000.0,0.0,35.0,-0.20748118613207864,40.995524209313665,41.0262401774461,1.172178291922281,301.1368344265545,101324.64858414205,-0.35141585794917773,461.70161447758665,34.99999996601734,15191.43066331276,298.69751279671175,25.54751279671177,30.0,101325.0,242.14947811428252,27.986834426554537,9.722222212782595,25724.99992506824,4.020928711764859
590.0,9.833333333333334,59.06666666666667,False,4430.0,0.0,20000.0,0.0,35.0,-0.20445055842531354,40.991995358240416,41.02581207272613,1.1721660601841233,301.1400071253434,101324.65877525845,-0.3412247415544698,461.2338154777505,34.999999971234296,15191.272139986238,298.69801232907605,25.548012329076073,30.0,101325.0,241.90160644796873,27.990007125343425,9.72222221423175,25724.99993657162,4.056657878335443
595.0,9.916666666666666,59.53333333333334,False,4465.0,0.0,20000.0,0.0,35.0,-0.20188352775877982,40.98900631774808,41.025392357741474,1.1721540681795144,301.1431133174684,101324.6672901324,-0.3327098675945308,460.77300105925445,34.99999997565036,15191.116723606507,298.6985122895249,25.548512289524922,30.0,101325.0,241.65745246632508,27.993113317468442,9.722222215458434,25724.999946309043,4.092387044920777
600.0,10.0,60.0,False,4500.0,0.0,20000.0,0.0,35.0,-0.20513314637610833,40.99279017184907,41.024975735032996,1.1721421645483612,301.14613947123047,101324.65649299802,-0.3435070019768318,460.31908302624305,34.99999997938847,15190.96245254676,298.6990126674132,25.549012667413194,30.0,101325.0,241.41693847936187,27.996139471230492,9.722222216496798,25724.999954551575,4.128116211518596
605.0,10.083333333333334,60.833333333333336,False,4562.5,0.0,20000.0,0.0,35.0,-0.20837338646443662,40.99656310494051,41.02456688058044,1.172130482886598,301.1491082394698,101324.64555536174,-0.3544446382584283,459.87224881356474,34.999999982552715,15190.811058210309,298.69951345236626,25.549513452366284,30.0,101325.0,241.1801901123121,27.99910823946982,9.722222217375753,25724.999961528738,4.163845378126985
610.0,10.166666666666666,61.666666666666664,False,4625.0,0.0,20000.0,0.0,35.0,-0.20774981113836197,40.99583701813356,41.02416878059153,1.172119108511495,301.1520369198648,101324.64767359977,-0.35232640022877604,459.43268423173026,34.9999999852312,15190.663646308976,298.70001463530525,25.550014635305274,30.0,101325.0,240.94732210670375,28.00203691986485,9.722222218119779,25724.999967434796,4.199574544744321
615.0,10.25,62.5,False,4687.5,0.0,20000.0,0.0,35.0,-0.2038692154830574,40.99131846256015,41.023780638507006,1.1721080186617185,301.1549250123832,101324.6607130039,-0.33928699609532487,459.0002927258722,34.99999998749847,15190.519921855872,298.70051620772847,25.550516207728492,30.0,101325.0,240.71827885842453,28.00492501238324,9.722222218749575,25724.99997243413,4.235303711369229
620.0,10.333333333333334,63.333333333333336,False,4750.0,0.0,20000.0,0.0,35.0,-0.20322080340603704,40.99056345500346,41.02339601304265,1.1720970292984616,301.157754989309,101324.66286779643,-0.33713220356730744,458.574984421486,34.99999998941768,15190.377499708062,298.7010181615059,25.551018161505908,30.0,101325.0,240.49297520076217,28.007754989309035,9.72222221928269,25724.999976665986,4.271032878000549
625.0,10.416666666666666,64.16666666666667,False,4812.5,0.0,20000.0,0.0,35.0,-0.20730003276788914,40.99531330381931,41.0230133109917,1.1720860948997414,301.1605238606935,101324.64919752175,-0.35080247824953403,458.1566659519448,34.99999999104226,15190.23578990065,298.7015204885915,25.551520488591507,30.0,101325.0,240.2713526757898,28.010523860693525,9.722222219733961,25724.999980248176,4.306762044637295
630.0,10.5,65.0,False,4875.0,0.0,20000.0,0.0,35.0,-0.20900771124459822,40.997301722996674,41.02263916664161,1.1720754050151128,301.1632533384764,101324.64339409502,-0.3566059049771866,457.7452375857245,34.999999992417436,15190.097248995862,298.7020231809367,25.552023180936715,30.0,101325.0,240.0533976700272,28.01325333847643,9.722222220115954,25724.999983280446,4.3424912112786345
635.0,10.583333333333334,65.83333333333333,False,4937.5,0.0,20000.0,0.0,35.0,-0.20624858840629987,40.9940890069576,41.02227550821407,1.1720650147353422,301.1659509308547,101324.65274710025,-0.34725289975176565,457.34060539028826,34.9999999935815,15189.962590970035,298.7025262308254,25.552526230825436,30.0,101325.0,239.83907196256433,28.01595093085473,9.722222220439305,25724.999985847207,4.378220377923862
640.0,10.666666666666666,66.66666666666667,False,5000.0,0.0,20000.0,0.0,35.0,-0.20277814390973645,40.99004802912207,41.02191846388771,1.172054813435876,301.16860665358143,101324.66433489267,-0.33566510732634924,456.9426819616042,34.99999999456685,15189.830382128952,298.70302963089716,25.553029630897186,30.0,101325.0,239.62830684241308,28.018606653581458,9.722222220713013,25724.999988019903,4.413949544572381
645.0,10.75,67.5,False,5062.5,0.0,20000.0,0.0,35.0,-0.20596693883872919,40.99376105685442,41.02156085152399,1.1720445959118369,301.1712005230085,101324.653694858,-0.3463051419967087,456.55138390979886,34.99999999540094,15189.697963017406,298.70353337406925,25.553533374069275,30.0,101325.0,239.42101646760423,28.02120052300853,9.722222220944705,25724.99998985908,4.449678711223686
650.0,10.833333333333334,68.33333333333333,False,5125.0,0.0,20000.0,0.0,35.0,-0.20918198349763859,40.99750464957333,41.021208828559466,1.1720345380892065,301.17375263981614,101324.64279916555,-0.3572008344490314,456.16661701454814,34.99999999610697,15189.567613636116,298.7040374530961,25.5540374530961,30.0,101325.0,239.2171872531911,28.023752639816166,9.722222221140825,25724.999991415876,4.485407877877349
655.0,10.916666666666666,69.16666666666667,False,5187.5,0.0,20000.0,0.0,35.0,-0.20785003987971046,40.99595373764932,41.020866751114994,1.1720247644279216,301.17627764343615,101324.64733355855,-0.3526664414530387,455.7882900444941,34.999999996704624,15189.440946985864,298.70454186096816,25.554541860968186,30.0,101325.0,239.01679656824425,28.026277643436174,9.72222222130684,25724.999992733694,4.521137044533009
660.0,11.0,70.0,False,5250.0,0.0,20000.0,0.0,35.0,-0.2035774624426769,40.99097875718254,41.02053286206043,1.1720152247237068,301.17877174358955,101324.66168340233,-0.3383165976702003,455.4163183729951,34.99999999721052,15189.31731241924,298.7050465910206,25.55504659102064,30.0,101325.0,238.81978957580702,28.028771743589573,9.722222221447367,25724.999993849204,4.556866211190358
665.0,11.083333333333334,70.83333333333333,False,5312.5,0.0,20000.0,0.0,35.0,-0.2049114188929611,40.99253201403927,41.02019880303152,1.172005680165683,301.1812112556178,101324.657235187,-0.3427648130018497,455.05062410053847,34.99999999763876,15189.193614947251,298.7055516369371,25.55555163693714,30.0,101325.0,238.62607660453446,28.031211255617848,9.722222221566323,25724.999994793463,4.592595377849137
670.0,11.166666666666666,71.66666666666667,False,5375.0,0.0,20000.0,0.0,35.0,-0.20888716129573182,40.997161361366885,41.01986725582911,1.1719962073763324,301.18360566645566,101324.64380533752,-0.3561946624831762,454.6911208334238,34.99999999800126,15189.070847597268,298.70605699227485,25.556056992274875,30.0,101325.0,238.43562786075307,28.033605666455685,9.722222221667016,25724.999995592774,4.628324544509128
675.0,11.25,72.5,False,5437.5,0.0,20000.0,0.0,35.0,-0.20879341107468216,40.997052199144775,41.01954461487951,1.171986989053211,301.1859755915535,101324.64412499177,-0.355875008230214,454.33772029016916,34.999999998308105,15188.951378129615,298.7065626506636,25.556562650663636,30.0,101325.0,238.24843407736296,28.035975591553495,9.72222222175225,25724.999996269373,4.664053711170143
680.0,11.333333333333334,73.33333333333333,False,5500.0,0.0,20000.0,0.0,35.0,-0.2046595319775651,40.99223871847503,41.01923071653844,1.1719780205204826,301.1883218832662,101324.65807735486,-0.3419226451369468,453.9903409502985,34.999999998567844,15188.835145945455,298.70706860607186,25.55706860607188,30.0,101325.0,238.06445136044817,28.038321883266235,9.722222221824401,25724.999996842096,4.6997828778320265
685.0,11.416666666666666,74.16666666666667,False,5562.5,0.0,20000.0,0.0,35.0,-0.20419425729519294,40.991696953774245,41.01891795801642,1.1719690845553483,301.1906229833645,101324.65963024725,-0.3403697527537588,453.648908480264,34.9999999987877,15188.719335837313,298.70757485282354,25.557574852823564,30.0,101325.0,237.8835964507643,28.04062298336453,9.722222221885472,25724.999997326882,4.7355120444946435
690.0,11.5,75.0,False,5625.0,0.0,20000.0,0.0,35.0,-0.2084259634494576,40.99662434460273,41.01860523728775,1.1719601496711545,301.19287685459415,101324.64537647151,-0.354623528488446,453.3133440937522,34.999999998973806,15188.603539738162,298.7080813852167,25.558081385216724,30.0,101325.0,237.70582156218182,28.04287685459417,9.72222222193717,25724.999997737246,4.771241211157883
695.0,11.583333333333334,75.83333333333333,False,5687.5,0.0,20000.0,0.0,35.0,-0.20931283831884162,40.99765702020028,41.01830019855899,1.171951434273629,301.19510773177166,101324.64235212828,-0.35764787171501666,452.98356300355215,34.99999999913134,15188.490588186232,298.70858819747144,25.558588197471465,30.0,101325.0,237.531126430424,28.04510773177168,9.722222221980928,25724.999998084608,4.806970377821648
700.0,11.666666666666666,76.66666666666666,False,5749.999999999999,0.0,20000.0,0.0,35.0,-0.2055675145050372,40.993295972417556,41.01800401129049,1.1719429717757779,301.19732034148467,101324.65503671004,-0.34496328995737713,452.65948687333383,34.999999999264695,15188.380914214082,298.7090952841282,25.559095284128205,30.0,101325.0,237.35947658103112,28.047320341484692,9.72222222201797,25724.99999837866,4.84269954448586
705.0,11.75,77.5,False,5812.5,0.0,20000.0,0.0,35.0,-0.20372339955121843,40.99114868859797,41.01771017684196,1.17193457650204,301.1994963151142,101324.66119817531,-0.3388018246914726,452.34104448280925,34.99999999937758,15188.272111466438,298.7096026400746,25.559602640074615,30.0,101325.0,237.1907969145682,28.049496315114197,9.722222222049327,25724.99999862756,4.8784287111504465
710.0,11.833333333333334,78.33333333333333,False,5875.0,0.0,20000.0,0.0,35.0,-0.20789318878221158,40.99600398337312,41.017414664215174,1.1719261332809323,301.20162467744484,101324.64718711884,-0.35281288115947973,452.02816350567525,34.999999999473125,15188.162687320882,298.7101102602637,25.56011026026374,30.0,101325.0,237.02502612014004,28.051624677444863,9.722222222075867,25724.99999883824,4.914157877815353
715.0,11.916666666666666,79.16666666666666,False,5937.499999999999,0.0,20000.0,0.0,35.0,-0.2095691782157318,40.99795550238168,41.017125542097745,1.1719178726462975,301.20373081414004,101324.6414755881,-0.3585244119021809,451.72076314811494,34.99999999955401,15188.055629496017,298.7106181394644,25.560618139464395,30.0,101325.0,236.86216838454297,28.053730814140067,9.722222222098335,25724.99999901658,4.94988704448053
720.0,12.0,80.0,False,6000.0,0.0,20000.0,0.0,35.0,-0.20632333497414107,40.99417604875339,41.01684512678462,1.1719098607779157,301.20582277910654,101324.65249535874,-0.34750464126409497,451.4187682603131,34.99999999962247,15187.951795681787,298.71112627273294,25.561126272732963,30.0,101325.0,236.70219753371916,28.055822779106563,9.722222222117352,25724.99999916754,4.985616211145935
725.0,12.083333333333334,80.83333333333333,False,6062.5,0.0,20000.0,0.0,35.0,-0.20341380975995083,40.99078820318543,41.016568140976254,1.1719019468957363,301.20788575891754,101324.66222711836,-0.3377728816412855,451.1221105017283,34.99999999968042,15187.849231768743,298.7116346554578,25.561634655457794,30.0,101325.0,236.54504713993234,28.057885758917564,9.72222222213345,25724.999999295327,5.021345377811534
730.0,12.166666666666666,81.66666666666666,False,6124.999999999999,0.0,20000.0,0.0,35.0,-0.20727932110194944,40.9952891973102,41.01628833808378,1.1718939525257372,301.209901999455,101324.64926761668,-0.3507323833182454,450.8307230761878,34.99999999972948,15187.745624733554,298.7121432831696,25.562143283169632,30.0,101325.0,236.3906460820514,28.059901999455008,9.722222222147078,25724.999999403502,5.057074544477297
735.0,12.25,82.5,False,6187.5,0.0,20000.0,0.0,35.0,-0.20963932351908157,40.99803717969241,41.01601355260034,1.171886101510534,301.211896068736,101324.64123554314,-0.358764456861536,450.54452948391344,34.99999999977101,15187.64387557652,298.71265215114795,25.562652151147972,30.0,101325.0,236.23899934717738,28.06189606873602,9.722222222158615,25724.999999495085,5.092803711143199
740.0,12.333333333333334,83.33333333333333,False,6250.0,0.0,20000.0,0.0,35.0,-0.20699993610044376,40.99496388203416,41.01574715959419,1.1718784902806099,301.2138790951562,101324.65021246085,-0.3497875391476555,450.26345767874494,34.999999999806164,15187.545234036705,298.7131612549121,25.56316125491213,30.0,101325.0,236.0900884761614,28.06387909515621,9.722222222168378,25724.99999957259,5.128532877809218
745.0,12.416666666666666,84.16666666666666,False,6312.499999999999,0.0,20000.0,0.0,35.0,-0.20325478374452902,40.99060303377606,41.01548520626331,1.171871005898731,301.2158401424512,101324.66275504396,-0.33724495604110416,449.98744199301075,34.99999999983592,15187.448236447552,298.7136705902939,25.563670590293896,30.0,101325.0,235.94385615567288,28.065840142451236,9.722222222176645,25724.999999638214,5.164262044475336
750.0,12.5,85.0,False,6375.0,0.0,20000.0,0.0,35.0,-0.20653193647437612,40.9944189442221,41.01521982841408,1.1718634236736238,301.2177564880508,101324.65179232013,-0.3482076798682101,449.7164204037377,34.99999999986112,15187.349970810164,298.7141801533346,25.564180153334632,30.0,101325.0,235.8002245553822,28.067756488050804,9.722222222183644,25724.99999969377,5.19999121114154
755.0,12.583333333333334,85.83333333333333,False,6437.5,0.0,20000.0,0.0,35.0,-0.20952969641173083,40.99790953022648,41.01495791332578,1.171855940384673,301.21964974937896,101324.64161066385,-0.35838933615013957,449.4503209977288,34.999999999882434,15187.25298738536,298.714689939792,25.564689939792004,30.0,101325.0,235.65919552615088,28.069649749378982,9.722222222189565,25724.999999740772,5.235720377807814
760.0,12.666666666666666,86.66666666666666,False,6499.999999999999,0.0,20000.0,0.0,35.0,-0.20765749542251127,40.995729542970174,41.01470390675837,1.1718486830535713,301.2215341759892,101324.64798664975,-0.3520133502461249,449.18907467401243,34.99999999990048,15187.158932374285,298.7151999455987,25.56519994559875,30.0,101325.0,235.52075828098435,28.0715341759892,9.722222222194578,25724.999999780564,5.271449544474148
765.0,12.75,87.5,False,6562.5,0.0,20000.0,0.0,35.0,-0.2033628879709642,40.990728910225045,41.014455277941806,1.1718415793725863,301.2234030126193,101324.66239621058,-0.33760378941951785,448.9326182465622,34.999999999915765,15187.066868668717,298.715710166979,25.565710166979045,30.0,101325.0,235.38486503932532,28.073403012619337,9.722222222198823,25724.999999814263,5.3071787111405335
770.0,12.833333333333334,88.33333333333333,False,6625.0,0.0,20000.0,0.0,35.0,-0.20559516415390441,40.99332816838936,41.01420336061586,1.1718343817342691,301.2252310315319,101324.65494390593,-0.3450560940691503,448.6808936252919,34.99999999992869,15186.973587276127,298.7162206004164,25.566220600416443,30.0,101325.0,235.25143553653206,28.075231031531928,9.722222222202415,25724.999999842756,5.3429078778069625
775.0,12.916666666666666,89.16666666666666,False,6687.499999999999,0.0,20000.0,0.0,35.0,-0.2091809101129634,40.997503404189,41.01395300801594,1.1718272288024765,301.2270336415523,101324.64280283138,-0.35719716861785855,448.43383399643074,34.99999999993963,15186.880885280094,298.71673124213,25.566731242130004,30.0,101325.0,235.1204625493095,28.077033641552305,9.722222222205454,25724.999999866897,5.378637044473427
780.0,13.0,90.0,False,6750.0,0.0,20000.0,0.0,35.0,-0.20830598648297258,40.996484644786136,41.013709833288786,1.171820280952819,301.2288285139193,101324.64578462037,-0.3542153796297498,448.1913729905899,34.9999999999489,15186.790841148535,298.71724208841846,25.56724208841848,30.0,101325.0,234.99194338085974,28.078828513919348,9.722222222208027,25724.999999887325,5.414366211139923
785.0,13.083333333333334,90.83333333333333,False,6812.5,0.0,20000.0,0.0,35.0,-0.20397861779502874,40.9914458649109,41.01347274521855,1.1718135070076923,301.23061313651095,101324.66034876312,-0.33965123687812593,447.9534497753903,34.99999999995675,15186.703050819691,298.71775313585454,25.56775313585456,30.0,101325.0,234.86583977770306,28.080613136510976,9.722222222210208,25724.999999904634,5.450095377806445
790.0,13.166666666666666,91.66666666666666,False,6874.999999999999,0.0,20000.0,0.0,35.0,-0.20446129217933617,40.99200789005532,41.01323370018984,1.171806677149507,301.2323640703023,101324.65873942857,-0.34126057142566424,447.72000901509335,34.999999999963386,15186.614535857612,298.7182643812839,25.56826438128394,30.0,101325.0,234.74207659201102,28.082364070302333,9.722222222212052,25724.99999991927,5.485824544472989
795.0,13.25,92.5,False,6937.5,0.0,20000.0,0.0,35.0,-0.20846784242465627,40.99667310956075,41.01299385585533,1.171799824454047,301.23408552851214,101324.64523394837,-0.3547660516342148,447.49098983901837,34.999999999969006,15186.52572492445,298.71877582139035,25.568775821390375,30.0,101325.0,234.62062850807717,28.084085528512162,9.722222222213613,25724.999999931657,5.5215537111395525
800.0,13.333333333333334,93.33333333333333,False,7000.0,0.0,20000.0,0.0,35.0,-0.20886246619277177,40.99713260873267,41.01276005234576,1.171793144353614,301.23579879203965,101324.64388955278,-0.35611044721736107,447.2663284304515,34.999999999973774,15186.439150822838,298.7192874527972,25.569287452797198,30.0,101325.0,234.50150114347545,28.085798792039668,9.722222222214937,25724.999999942174,5.557282877806132
805.0,13.416666666666666,94.16666666666666,False,7062.499999999999,0.0,20000.0,0.0,35.0,-0.20502816292197598,40.99266795328859,41.01253283681347,1.171786652481128,301.23750619820356,101324.65684450946,-0.34315549054008443,447.0459660644524,34.9999999999778,15186.355016155418,298.71979927238067,25.569799272380692,30.0,101325.0,234.38466674474685,28.087506198203585,9.722222222216057,25724.99999995106,5.593012044472723
810.0,13.5,95.0,False,7125.0,0.0,20000.0,0.0,35.0,-0.20328595498964613,40.990639329683866,41.012305984737246,1.171780170993122,301.23918970297575,101324.66265159595,-0.3373484040494077,446.8298492375882,34.999999999981206,15186.271016070861,298.7203112772789,25.570311277278904,30.0,101325.0,234.27006161159244,28.089189702975773,9.722222222217002,25724.99999995856,5.628741211139327
815.0,13.583333333333334,95.83333333333333,False,7187.5,0.0,20000.0,0.0,35.0,-0.2072222249439186,40.995222714948646,41.012076029346915,1.171773600839016,301.24083953958603,101324.64946081216,-0.35053918784251437,446.61792329726217,34.999999999984084,15186.185866873648,298.72082346462855,25.570823464628575,30.0,101325.0,234.15763725675438,28.090839539586057,9.7222222222178,25724.9999999649,5.664470377805941
820.0,13.666666666666666,96.66666666666666,False,7249.999999999999,0.0,20000.0,0.0,35.0,-0.2091007620753116,40.99741008002073,41.01185031943914,1.1717671519844264,301.2424784464742,101324.6430765004,-0.3569234995957231,446.4101273185814,34.99999999998653,15186.102289718167,298.7213358313601,25.571335831360102,30.0,101325.0,234.0474036646074,28.092478446474217,9.72222222221848,25724.9999999703,5.700199544472563
825.0,13.75,97.5,False,7312.5,0.0,20000.0,0.0,35.0,-0.2064315271420497,40.99430202793461,41.011631273865085,1.1717608935393842,301.24411431957674,101324.65213081308,-0.347869186924072,446.20640442738187,34.999999999988596,15186.021180270418,298.7218483746126,25.571848374612614,30.0,101325.0,233.93934474495356,28.09411431957676,9.722222222219054,25724.999999974854,5.7359287111391914
830.0,13.833333333333334,98.33333333333333,False,7375.0,0.0,20000.0,0.0,35.0,-0.202656766751179,40.9899067041042,41.01141542022005,1.1717547262923245,301.24573732294675,101324.66473661135,-0.3352633886534022,446.0067022725532,34.99999999999035,15185.941252748526,298.7223610917562,25.57236109175625,30.0,101325.0,233.83341316625106,28.095737322946775,9.722222222219543,25724.99999997872,5.771657877805826
835.0,13.916666666666666,99.16666666666666,False,7437.499999999999,0.0,20000.0,0.0,35.0,-0.2053433479966328,40.99303495420745,41.01119549145137,1.1717484426131695,301.24732619590964,101324.65578864844,-0.3442113515629899,445.81097155378245,34.999999999991836,15185.859816266675,298.7228739803274,25.572873980327415,30.0,101325.0,233.72954160749418,28.09732619590966,9.722222222219955,25724.999999982003,5.807387044472466
840.0,14.0,100.0,False,7500.0,0.0,20000.0,0.0,35.0,-0.20862680909651907,40.996858210079694,41.01097700497458,1.1717422001423625,301.24889810524047,101324.64469269001,-0.3553073099901667,445.6191555696409,34.99999999999308,15185.778913845017,298.7233870375927,25.573387037592738,30.0,101325.0,233.62773176967102,28.098898105240494,9.7222222222203,25724.999999984742,5.84311621113911
845.0,14.083333333333334,100.83333333333333,False,7562.5,0.0,20000.0,0.0,35.0,-0.20785756515053064,40.9959625038907,41.01076446123899,1.1717361274641669,301.2504671433858,101324.6473080213,-0.35269197869638447,445.43119906593415,34.99999999999415,15185.700211935604,298.72390026091676,25.573900260916787,30.0,101325.0,233.52798026798663,28.1004671433858,9.722222222220598,25724.999999987107,5.8788453778057566
850.0,14.166666666666666,101.66666666666666,False,7624.999999999999,0.0,20000.0,0.0,35.0,-0.20379955180514905,40.99123736085686,41.01055703509276,1.1717302010028159,301.25203137379833,101324.66094483824,-0.339055161763099,445.2470508506482,34.999999999995055,15185.623404996493,298.72441364787295,25.574413647872973,30.0,101325.0,233.43025549291104,28.102031373798354,9.722222222220848,25724.9999999891,5.914574544472407
855.0,14.25,102.5,False,7687.5,0.0,20000.0,0.0,35.0,-0.2031423750000982,40.99047214543364,41.01034822063989,1.1717242348755657,301.25357176468697,101324.6631279631,-0.3368720369035145,445.0666638804428,34.999999999995815,15185.54608398733,298.72492719624796,25.574927196247984,30.0,101325.0,233.3344956983885,28.10357176468699,9.72222222222106,25724.999999990767,5.950303711139059
860.0,14.333333333333334,103.33333333333333,False,7750.0,0.0,20000.0,0.0,35.0,-0.20698098666832204,40.99494181757296,41.0101369394008,1.1717181982687128,301.25508559161096,101324.65027649925,-0.34972350075258873,444.8899883880873,34.99999999999646,15185.467849562518,298.72544090374134,25.575440903741367,30.0,101325.0,233.2406686389026,28.105085591610987,9.722222222221239,25724.9999999922,5.986032877805714
865.0,14.416666666666666,104.16666666666666,False,7812.499999999999,0.0,20000.0,0.0,35.0,-0.20858088672387512,40.99680473816073,41.00992959251945,1.1717122740720847,301.2565926056335,101324.64484909138,-0.35515090862463694,444.7169707566682,34.999999999997,15185.391071974218,298.72595476791975,25.575954767919768,30.0,101325.0,233.14878258336654,28.106592605633523,9.722222222221388,25724.999999993386,6.0217620444723705
870.0,14.5,105.0,False,7875.0,0.0,20000.0,20.0,35.0,-0.20545259134687077,64.28112418534683,64.44380196624394,1.1717054902953983,301.25836821522586,101324.65542230783,-0.3445776921726065,444.5440869859963,34.99999999999746,15185.30315422836,298.7264687872314,25.57646878723142,30.0,101325.0,233.05679664915195,28.10836821522588,9.722222222221516,25724.9999999944,6.057491211139029
875.0,14.583333333333334,105.83333333333333,False,7937.5,0.0,20000.0,20.0,35.0,-0.20280572724255314,64.2780421818095,64.44042967490476,1.171644175907405,301.274159872452,101324.66424356733,-0.3357564326724969,444.19201942674863,34.999999999997854,15184.508519759967,298.72698420444846,25.57698420444848,30.0,101325.0,232.8600356080693,28.124159872452026,9.722222222221626,25724.999999995267,6.093220377805689
880.0,14.666666666666666,106.66666666666666,False,7999.999999999999,0.0,20000.0,20.0,35.0,-0.20889695176599815,64.28513479208031,64.43716283253298,1.1715847787733655,301.2893730304902,101324.64377194729,-0.3562280527112307,443.84924413601493,34.99999999999819,15183.738732902817,298.7275021049174,25.577502104917414,30.0,101325.0,232.6685456947526,28.13937303049022,9.722222222221719,25724.999999996005,6.1289495444723485
885.0,14.75,107.5,False,8062.5,0.0,20000.0,20.0,35.0,-0.2126119012487233,64.28946047220518,64.43400339800615,1.1715273345092354,301.3041083375155,101324.63098921998,-0.369010780021199,443.5149037051984,34.999999999998465,15182.99425523969,298.7280224051804,25.578022405180434,30.0,101325.0,232.48188291705947,28.154108337515538,9.722222222221795,25724.999999996617,6.16467871113901
890.0,14.833333333333334,108.33333333333333,False,8125.0,0.0,20000.0,20.0,35.0,-0.20898186783577996,64.28523366819134,64.43095580233367,1.1714719236788218,301.3183972271972,101324.64348227686,-0.3565177231357666,443.1888207966571,34.9999999999987,15182.276130877532,298.72854502520727,25.57854502520729,30.0,101325.0,232.29996877124438,28.168397227197204,9.72222222222186,25724.99999999713,6.200407877805673
895.0,14.916666666666666,109.16666666666666,False,8187.499999999999,0.0,20000.0,20.0,35.0,-0.21273475554936397,64.2896035235201,64.42799379403328,1.171418068982447,301.3322115970784,101324.63056264311,-0.3694373568869196,442.87083268634916,34.9999999999989,15181.578174012513,298.72906988832307,25.57906988832309,30.0,101325.0,232.1226218848075,28.182211597078435,9.722222222221918,25724.99999999757,6.236137044472335
900.0,15.0,110.0,True,8250.0,250000.0,20000.0,20.0,35.0,-0.2325187745695557,64.31263999770584,64.42512049845433,1.1713658272446443,301.3454368476295,101324.55865322019,-0.4413467798149213,442.56076615656167,34.99999999999906,15180.901121090592,298.72959691942145,25.579596919421476,30.0,101325.0,231.94976147573152,28.195436847629537,9.722222222221962,25724.999999997923,6.271866211138999
905.0,15.083333333333334,110.83333333333333,True,8312.5,250000.0,20000.0,20.0,35.0,0.4791935919072355,64.04189557805293,64.96748002490837,1.1710242312243362,301.44023092027555,101326.87450202878,1.8745020287751686,442.26022004478125,34.99999999999922,15176.474036667398,298.7301329678604,25.580132967860436,30.0,101325.0,231.72464705786368,28.290230920275576,9.722222222222005,25724.999999998283,6.307595377805662
910.0,15.166666666666666,111.66666666666666,True,8375.0,250000.0,20000.0,20.0,35.0,0.4698136654130789,64.04189557805306,64.9370208006241,1.1706731375071278,301.53041888079554,101326.8018357568,1.8018357568071224,441.9671839594947,34.99999999999933,15171.923862092377,298.7306842374626,25.580684237462606,30.0,101325.0,231.50168010498214,28.38041888079556,9.722222222222037,25724.999999998527,6.343324544472327
915.0,15.25,112.5,True,8437.5,250000.0,20000.0,20.0,35.0,0.4607751297890579,64.04189557805317,64.9076226911243,1.1703338537773489,301.6176291791532,101326.73317322638,1.7331732263846789,441.6814702051677,34.99999999999943,15167.52674495444,298.7312501834869,25.58125018348693,30.0,101325.0,231.28497341940258,28.46762917915322,9.722222222222063,25724.999999998745,6.379053711138992
920.0,15.333333333333334,113.33333333333333,True,8500.0,250000.0,20000.0,20.0,35.0,0.45088832279520896,64.04189557805327,64.87786687548758,1.1700059068092084,301.7019520512981,101326.65959411945,1.6595941194536863,441.4029328112298,34.99999999999952,15163.27655224734,298.73183031531653,25.58183031531655,30.0,101325.0,231.07434926013732,28.551952051298144,9.722222222222088,25724.99999999893,6.414782877805656
925.0,15.416666666666666,114.16666666666666,True,8562.5,250000.0,20000.0,20.0,35.0,0.4402953534935367,64.04189557805337,64.84789932051953,1.169688922236841,301.78348346978134,101326.58253059843,1.5825305984326405,441.1314284139622,34.999999999999595,15159.168432189459,298.7324241582744,25.58242415827442,30.0,101325.0,230.86965130776173,28.633483469781368,9.72222222222211,25724.9999999991,6.450512044472322
930.0,15.5,115.0,True,8625.0,250000.0,20000.0,0.0,35.0,0.43144285900106527,40.753933549670215,41.43292666878452,1.1693829922102432,301.8622473720757,101326.51953420884,1.5195342088409234,440.86816084994086,34.99999999999965,15155.203579044752,298.7330312526573,25.58303125265735,30.0,101325.0,230.67152062474628,28.712247372075694,9.722222222222126,25724.999999999236,6.486241211138988
935.0,15.583333333333334,115.83333333333333,True,8687.5,250000.0,20000.0,0.0,35.0,0.4257386364868818,40.75393354967028,41.4170673926987,1.1691236086194507,301.9291000654907,101326.47961948243,1.4796194824302802,440.76749192181506,34.9999999999997,15151.841967708082,298.73365035334484,25.583650353344865,30.0,101325.0,230.56769440923557,28.779100065490695,9.72222222222214,25724.99999999935,6.521970377805653
940.0,15.666666666666666,116.66666666666666,True,8750.0,250000.0,20000.0,0.0,35.0,0.4175972001815801,40.753933549670336,41.39860517292005,1.1688710823304551,301.99416265342677,101326.42357078857,1.4235707885673037,440.6705140262768,34.99999999999975,15148.5692270027,298.73428032252565,25.58428032252567,30.0,101325.0,230.46717398899088,28.844162653426793,9.722222222222152,25724.999999999458,6.557699544472319
945.0,15.75,117.5,True,8812.5,250000.0,20000.0,0.0,35.0,0.41210320685267154,40.753933549670386,41.38347840966563,1.1686252626095832,302.0575760418533,101326.38635961713,1.386359617128619,440.57610546724584,34.999999999999794,15145.3834034202,298.73492087782773,25.584920877827756,30.0,101325.0,230.3693409915047,28.907576041853304,9.722222222222165,25724.999999999545,6.593428711138984
950.0,15.833333333333334,118.33333333333333,True,8875.0,250000.0,20000.0,0.0,35.0,0.40576584170857083,40.753933549670414,41.3675933002462,1.1683857788923946,302.1193625441808,101326.34404831263,1.344048312632367,440.4842335037334,34.99999999999982,15142.279694445435,298.7355717440398,25.58557174403984,30.0,101325.0,230.27410356935025,28.969362544180797,9.722222222222173,25724.999999999603,6.62915787780565
955.0,15.916666666666666,119.16666666666666,True,8937.5,250000.0,20000.0,0.0,35.0,0.3980722205300262,40.75393354967045,41.350344327633664,1.168152436946881,302.17956123225895,101326.29356320619,1.293563206185354,440.39486575040337,34.99999999999985,15139.255582831578,298.73623265262756,25.586232652627587,30.0,101325.0,230.1814049259856,29.02956123225897,9.72222222222218,25724.999999999676,6.664887044472317
960.0,16.0,120.0,True,9000.0,250000.0,20000.0,20.0,35.0,0.3918282859874289,64.04189557805368,64.69350255070465,1.1679250270760684,302.2382793454422,101326.25330127102,1.2533012710191542,440.30683522570905,34.99999999999987,15136.308350905845,298.7369033415284,25.586903341528398,30.0,101325.0,230.09059240011547,29.08827934544223,9.722222222222186,25724.999999999716,6.700616211138984
965.0,16.083333333333332,120.83333333333333,True,9062.5,250000.0,20000.0,20.0,35.0,0.38609804241638657,64.04189557805371,64.67312980915789,1.1676780292345081,302.30210295978975,101326.21691182333,1.2169118233287008,440.0686435627035,34.99999999999989,15133.107258879227,298.73758412553804,25.587584125538058,30.0,101325.0,229.91748664963072,29.152102959789772,9.722222222222193,25724.99999999976,6.73634537780565
970.0,16.166666666666668,121.66666666666666,True,9125.0,250000.0,20000.0,20.0,35.0,0.377093747597505,64.04189557805373,64.64938083739447,1.167439034125899,302.36382206673034,101326.16081383247,1.1608138324663742,439.8361647578564,34.99999999999991,15130.009882271648,298.7382752448857,25.588275244885722,30.0,101325.0,229.74899256234477,29.21382206673036,9.722222222222197,25724.999999999796,6.772074544472317
975.0,16.25,122.5,True,9187.5,250000.0,20000.0,20.0,35.0,0.3721027720551028,64.04189557805375,64.63077379898318,1.1672082251425855,302.423521739068,101326.13028957527,1.1302895752742188,439.60979918205396,34.99999999999993,15127.018597847908,298.73897635097126,25.58897635097128,30.0,101325.0,229.5853509736896,29.27352173906803,9.722222222222202,25724.999999999847,6.807803711138983
980.0,16.333333333333332,123.33333333333333,True,9250.0,250000.0,20000.0,20.0,35.0,0.3660566192231657,64.04189557805377,64.61136160944643,1.1669850727099347,302.4812428055282,101326.09385672226,1.0938567222619895,439.38942269487274,34.99999999999994,15124.126542320753,298.73968710820145,25.589687108201474,30.0,101325.0,229.42638856954267,29.331242805528234,9.722222222222207,25724.999999999873,6.84353287780565
985.0,16.416666666666668,124.16666666666666,True,9312.5,250000.0,20000.0,20.0,35.0,0.35926427104165604,64.04189557805377,64.59149183053557,1.166769332668378,302.53705264569953,101326.05363931794,1.053639317935449,439.17491349965564,34.99999999999994,15121.330551382178,298.74040719160905,25.590407191609074,30.0,101325.0,229.27198972915667,29.387052645699555,9.722222222222207,25724.999999999873,6.879262044472316
990.0,16.5,125.0,False,9375.0,120000.0,20000.0,20.0,35.0,0.3593433913183453,64.04189557805377,64.58004343290206,1.1665608635638154,302.5911186163167,101326.05410345212,1.054103452115669,438.966152123025,34.99999999999994,15118.628791787049,298.7411362871453,25.591136287145332,30.0,101325.0,229.12206047626597,29.441118616316714,9.722222222222207,25724.999999999873,6.914991211138983
995.0,16.583333333333332,125.83333333333333,False,9437.5,116712.5372539618,20000.0,20.0,35.0,0.048189898810103014,64.04189557805377,64.21447870477111,1.166513900326434,302.6002093829843,101325.0189572763,0.018957276304718107,438.76272826699636,34.99999999999994,15118.020148230584,298.7418704692769,25.5918704692769,30.0,101325.0,229.00666200243987,29.450209382984326,9.722222222222207,25724.999999999873,6.95072037780565
1000.0,16.666666666666668,126.66666666666666,False,9500.0,113515.13626881185,20000.0,20.0,35.0,0.034864223768575356,64.04189557805377,64.19716835950086,1.1664818159354216,302.6085054995254,101325.00992256407,0.00992256407334935,438.5647784143911,34.99999999999994,15117.604334523065,298.7426060011435,25.59260600114351,30.0,101325.0,228.897048704188,29.458505499525415,9.722222222222207,25724.999999999873,6.9864495444723165
1005.0,16.75,127.5,False,9562.5,110405.32975551879,20000.0,20.0,35.0,-0.07564475821029217,64.12997619089614,64.15498305297257,1.1664542373267752,302.6154909647562,101324.95328873923,-0.04671126077300869,438.37225371467747,34.99999999999994,15117.246915755008,298.7433426712783,25.59334267127832,30.0,101325.0,228.79115629861974,29.465490964756214,9.722222222222207,25724.999999999873,7.0221787111389835
1010.0,16.833333333333332,128.33333333333331,False,9624.999999999998,107380.71801772437,20000.0,20.0,35.0,0.023832885698102303,64.04189557805377,64.18156869917283,1.1664321682660366,302.62136985058635,101325.00463678727,0.0046367872710106894,438.1850198897756,34.99999999999994,15116.960900727834,298.74408027386283,25.594080273862858,30.0,101325.0,228.68911013762673,29.47136985058637,9.722222222222207,25724.999999999873,7.05790787780565
1015.0,16.916666666666668,129.16666666666666,False,9687.5,104438.96710000686,20000.0,20.0,35.0,-0.012730345420943326,64.05671876809232,64.1527692975993,1.1664139872290795,302.626069046877,101324.99867704739,-0.0013229526084614918,438.0029584336061,34.99999999999994,15116.725274488872,298.7448186146463,25.59481861464633,30.0,101325.0,228.59052905052243,29.476069046877,9.722222222222207,25724.999999999873,7.093637044472317
1020.0,17.0,130.0,False,9750.0,101577.8069868737,20000.0,0.0,35.0,-0.07115442811417563,40.83678563067427,40.823986738994186,1.1663996211141214,302.62967689013965,101324.95866977437,-0.04133022563473787,437.82582732449293,34.99999999999994,15116.539089639013,298.7455575106568,25.595557510656818,30.0,101325.0,228.49527133264183,29.47967689013967,9.722222222222207,25724.999999999873,7.129366211138984
1025.0,17.083333333333332,130.83333333333331,False,9812.499999999998,98795.02985109364,20000.0,0.0,35.0,-0.0753790908500623,40.841704819943075,40.824158893938055,1.1664045398268035,302.62838561138335,101324.95361626663,-0.04638373336638324,437.788685586144,34.99999999999994,15116.602836155374,298.74629646432413,25.596296464324155,30.0,101325.0,228.4768510546531,29.478385611383374,9.722222222222207,25724.999999999873,7.16509537780565
1030.0,17.166666666666668,131.66666666666666,False,9875.0,96088.48835001697,20000.0,0.0,35.0,-0.08154837520213974,40.848888322929746,40.82444501695351,1.1664127147701022,302.6262409999519,101324.94571316328,-0.054286836719256826,437.75415627156326,34.99999999999994,15116.708783420525,298.74703499065464,25.597034990654663,30.0,101325.0,228.46043179709383,29.476240999951926,9.722222222222207,25724.999999999873,7.200824544472317
1035.0,17.25,132.5,False,9937.5,93456.09396856859,20000.0,0.0,35.0,-0.06622912929971572,40.83105062208579,40.82484387101138,1.166424110600327,302.62333957064357,101324.96419348924,-0.03580651075753849,437.72134807972446,34.99999999999994,15116.85647338024,298.7477729555399,25.597772955539938,30.0,101325.0,228.4455413480904,29.47333957064359,9.722222222222207,25724.999999999873,7.236553711138983
1040.0,17.333333333333332,133.33333333333331,False,9999.999999999998,90895.81540763598,20000.0,0.0,35.0,-0.07208437226482935,40.83786845587772,40.82533466643906,1.1664381333268323,302.6196817379944,101324.95758239408,-0.04241760591685306,437.69024884497327,34.99999999999994,15117.038207915748,298.74851023072193,25.598510230721956,30.0,101325.0,228.43205691732192,29.46968173799445,9.722222222222207,25724.999999999873,7.27228287780565
1045.0,17.416666666666668,134.16666666666666,False,10062.5,88405.67701660791,20000.0,0.0,35.0,-0.09712310957662834,40.86702351406551,40.82591085396129,1.1664545958274672,302.61530748870155,101324.92299674764,-0.07700325235782657,437.66082416775936,34.99999999999994,15117.251561923977,298.749246699792,25.599246699792047,30.0,101325.0,228.41992383076916,29.46530748870157,9.722222222222207,25724.999999999873,7.308012044472317
1050.0,17.5,135.0,False,10125.0,85983.75726885471,20000.0,0.0,35.0,-0.10045214714526221,40.87089983908998,40.82658337174753,1.16647381062136,302.61030660852344,101324.91762747864,-0.08237252135586459,437.63304649289137,34.99999999999994,15117.500585652824,298.74998225018976,25.599982250189782,30.0,101325.0,228.40918884238033,29.460306608523467,9.722222222222207,25724.999999999873,7.343741211138983
1055.0,17.583333333333332,135.83333333333331,False,10187.499999999998,83628.18727897346,20000.0,0.0,35.0,-0.06738868872320485,40.83240081087698,40.8273531321467,1.166495803775622,302.60473647386675,101324.96292869087,-0.03707130912516732,437.6068929056069,34.99999999999994,15117.785616932058,298.75071677675305,25.600716776753075,30.0,101325.0,228.39984503606783,29.454736473866774,9.722222222222207,25724.999999999873,7.37947037780565
1060.0,17.666666666666668,136.66666666666666,False,10250.0,81337.14936065403,20000.0,0.0,35.0,-0.11590612332377792,40.88889441961162,40.82816667607699,1.166519047887916,302.5984899563234,101324.89033282103,-0.10966717897099443,437.582364190212,34.99999999999994,15118.08686062739,298.75145018127535,25.601450181275368,30.0,101325.0,228.39159372303016,29.448489956323442,9.722222222222207,25724.999999999873,7.415199544472316
1065.0,17.75,137.5,False,10312.5,79108.87562405325,20000.0,0.0,35.0,-0.09869711403607256,40.86885628186971,40.829082585956414,1.1665452167416137,302.5917918625881,101324.92048065046,-0.07951934954326134,437.5594131013468,34.99999999999994,15118.426008971313,298.75218237126734,25.60218237126736,30.0,101325.0,228.38473794420977,29.441791862588104,9.722222222222207,25724.999999999873,7.4509287111389835
1070.0,17.833333333333332,138.33333333333331,False,10374.999999999998,76941.64661159455,20000.0,0.0,35.0,-0.11271326652535822,40.88517666321744,40.83005107214782,1.1665728877756538,302.58454216938173,101324.89629158816,-0.10370841184339952,437.53803935554447,34.99999999999994,15118.784625572474,298.75291325837253,25.602913258372553,30.0,101325.0,228.37899902337048,29.434542169381757,9.722222222222207,25724.999999999873,7.48665787780565
1075.0,17.916666666666668,139.16666666666666,False,10437.5,74833.78997114078,20000.0,0.0,35.0,-0.09939572929731824,40.86966974815353,40.83109692904178,1.1666027694011956,302.57686056080587,101324.91935093059,-0.08064906940853689,437.5182108409492,34.99999999999994,15119.171891439493,298.75364276265964,25.60364276265966,30.0,101325.0,228.37449889313305,29.426860560805892,9.722222222222207,25724.999999999873,7.522387044472317
1080.0,18.0,140.0,False,10500.0,72783.679165516,20000.0,0.0,35.0,-0.12697428533722435,40.90178216644628,40.83218105917933,1.1666337445479826,302.56867469875044,101324.86838800705,-0.1316119929542765,437.49992315182436,34.99999999999994,15119.573329341856,298.7543708075772,25.604370807577197,30.0,101325.0,228.37101658802408,29.418674698750465,9.722222222222207,25724.999999999873,7.558116211138984
1085.0,18.083333333333332,140.83333333333331,False,10562.499999999998,70789.73221738076,20000.0,0.0,35.0,-0.12733548918964735,40.90220275152626,40.833335111948394,1.1666667174842418,302.5601211077654,101324.86763814851,-0.1323618514870759,437.4831417940529,34.99999999999994,15120.000658595774,298.75509732259707,25.60509732259709,30.0,101325.0,228.3687111447747,29.410121107765406,9.722222222222207,25724.999999999873,7.59384537780565
1090.0,18.166666666666668,141.66666666666666,False,10625.0,68850.41048849192,20000.0,0.0,35.0,-0.14597507242689645,40.92390664685895,40.83452907324888,1.1667008306642557,302.55115037212875,101324.82605125086,-0.1739487491431646,437.46785897402935,34.99999999999994,15120.442765408752,298.75582224321874,25.605822243218768,30.0,101325.0,228.36741066254396,29.401150372128768,9.722222222222207,25724.999999999873,7.629574544472317
1095.0,18.25,142.5,False,10687.5,66964.21749240565,20000.0,0.0,35.0,-0.15027905481547735,40.92891819578077,40.83577988821242,1.1667365682346424,302.54185203996815,101324.81564249538,-0.18435750462231226,437.4540470479221,34.99999999999994,15120.905924320965,298.7565455065729,25.6065455065729,30.0,101325.0,228.36719551824626,29.39185203996817,9.722222222222207,25724.999999999873,7.665303711138983
1100.0,18.333333333333332,143.33333333333331,False,10749.999999999998,65129.69773970663,20000.0,0.0,35.0,-0.14757750071410736,40.92577251131425,40.83707994915071,1.1667737128328795,302.5322401403592,101324.82221127578,-0.17778872422059067,437.44168914615307,34.99999999999994,15121.387318314117,298.7572670570371,25.60726705703712,30.0,101325.0,228.36801440199085,29.382240140359215,9.722222222222207,25724.999999999873,7.70103287780565
1105.0,18.416666666666668,144.16666666666666,False,10812.5,63345.43561487318,20000.0,0.0,35.0,-0.14765185133676734,40.92585908503811,40.83841904200964,1.1668119726288488,302.5223195650721,101324.82203208814,-0.17796791186265182,437.43076976222477,34.99999999999994,15121.883165269881,298.7579868421016,25.60798684210164,30.0,101325.0,228.36980215011226,29.372319565072132,9.722222222222207,25724.999999999873,7.736762044472317
1110.0,18.5,145.0,False,10875.0,61610.05428391104,20000.0,0.0,35.0,-0.1628437271037946,40.943548476338236,40.83978487005945,1.1668509962874147,302.5120871769259,101324.78352588198,-0.21647411801677663,437.4212745253417,34.99999999999994,15122.388911884895,298.7587048144699,25.608704814469945,30.0,101325.0,228.37248255508632,29.36208717692591,9.722222222222207,25724.999999999873,7.772491211138983
1115.0,18.583333333333332,145.83333333333331,False,10937.499999999998,59922.21463191314,20000.0,0.0,35.0,-0.15843658784114267,40.93841681174812,40.841199716976675,1.1668914204850498,302.50164186781427,101324.79508447048,-0.2049155295244418,437.4131745665133,34.99999999999994,15122.912809486246,298.759420929008,25.609420929008024,30.0,101325.0,228.37616521515363,29.351641867814294,9.722222222222207,25724.999999999873,7.80822037780565
1120.0,18.666666666666668,146.66666666666666,False,11000.0,58280.614229725485,20000.0,0.0,35.0,-0.1609031579368526,40.94128888128457,40.84264108296755,1.1669326023705033,302.4909471728627,101324.78865447972,-0.21134552027797326,437.4064603739144,34.99999999999994,15123.446526721722,298.7601351458121,25.610135145812137,30.0,101325.0,228.38071941182932,29.34094717286274,9.722222222222207,25724.999999999873,7.843949544472316
1125.0,18.75,147.5,False,11062.5,56683.98632892176,20000.0,0.0,35.0,-0.16508961286631227,40.94616358145611,40.84410996402268,1.1669745704006498,302.4800354006255,101324.7775136304,-0.22248636960284784,437.40111265985905,34.99999999999994,15123.990432392422,298.76084742815345,25.610847428153477,30.0,101325.0,228.3861407131837,29.330035400625547,9.722222222222207,25724.999999999873,7.879678711138983
1130.0,18.833333333333332,148.33333333333331,False,11124.999999999998,55131.0988843112,20000.0,0.0,35.0,-0.16782744768859004,40.94935151112517,40.84560607829086,1.1670173165225979,302.4689337921306,101324.77007304328,-0.22992695671564434,437.39711292993894,34.99999999999994,15124.544422132869,298.7615577423315,25.611557742331513,30.0,101325.0,228.39241795746375,29.318933792130622,9.722222222222207,25724.999999999873,7.91540787780565
1135.0,18.916666666666668,149.16666666666666,False,11187.5,53620.75360322519,20000.0,0.0,35.0,-0.17685229838763689,40.95986003014474,40.84712064157417,1.1670605897592639,302.4576427992113,101324.74467971065,-0.25532028934685513,437.3944465553922,34.99999999999994,15125.10524328006,298.76226605848893,25.612266058488956,30.0,101325.0,228.3994944615105,29.30764279921135,9.722222222222207,25724.999999999873,7.951137044472317
1140.0,19.0,150.0,False,11250.0,52151.785020849384,20000.0,0.0,35.0,-0.18014611141130413,40.963695339775924,40.84866089718508,1.1671045970624327,302.44620956038665,101324.73508064117,-0.264919358829502,437.3930923232038,34.99999999999994,15125.675577929127,298.76297234936504,25.612972349365066,30.0,101325.0,228.4073997247726,29.29620956038667,9.722222222222207,25724.999999999873,7.986866211138984
1145.0,19.083333333333332,150.83333333333331,False,11312.499999999998,50723.05960088743,20000.0,0.0,35.0,-0.17762816460648792,40.96076344729692,40.850224842539994,1.1671492812154303,302.43465239805306,101324.74243457256,-0.2575654274405679,437.3930331978901,34.99999999999994,15126.254684551977,298.7636765908287,25.61367659082873,30.0,101325.0,228.41611372957837,29.284652398053083,9.722222222222207,25724.999999999873,8.02259537780565
1150.0,19.166666666666668,151.66666666666666,False,11375.0,49333.474860862494,20000.0,0.0,35.0,-0.18539545100851446,40.96980766083662,40.85179666140765,1.1671941903259346,302.4229471826269,101324.71941654486,-0.28058345514000393,437.39425826156764,34.99999999999994,15126.836706624114,298.7643787619344,25.614378761934404,30.0,101325.0,228.4255424142664,29.272947182626922,9.722222222222207,25724.999999999873,8.058324544472317
1155.0,19.25,152.5,False,11437.5,47981.95852138168,20000.0,0.0,35.0,-0.1859993335094056,40.97051082047414,40.85338904422564,1.1672396869778774,302.41115388098603,101324.71758569742,-0.28241430257912725,437.3967446930886,34.99999999999994,15127.426343233292,298.7650788437831,25.615078843783124,30.0,101325.0,228.4357448978331,29.261153880986058,9.722222222222207,25724.999999999873,8.094053711138983
1160.0,19.333333333333332,153.33333333333331,False,11499.999999999998,46667.46767870675,20000.0,0.0,35.0,-0.18356966165382385,40.96768171517843,40.8549965205585,1.167285614873102,302.3992771202251,101324.72491574955,-0.2750842504465254,437.4004776351977,34.99999999999994,15128.021568755401,298.7657768204253,25.61577682042531,30.0,101325.0,228.44668291084426,29.249277120225145,9.722222222222207,25724.999999999873,8.129782877805651
1165.0,19.416666666666668,154.16666666666666,False,11562.5,45388.98799999267,20000.0,0.0,35.0,-0.19070579514255592,40.97599101546418,40.85660617373394,1.1673316049638287,302.3872982396018,101324.7031126506,-0.29688734939554706,437.40544563254093,34.99999999999994,15128.61760033122,298.7664726785203,25.616472678520324,30.0,101325.0,228.45827832285568,29.23729823960184,9.722222222222207,25724.999999999873,8.165512044472317
1170.0,19.5,155.0,False,11625.0,44145.53294057308,20000.0,0.0,35.0,-0.19479566037155188,40.98075324677188,40.85822711272997,1.1673779175065724,302.37526343753547,101324.69024204653,-0.30975795346603263,437.4116280758971,34.99999999999994,15129.217810885179,298.7671664065519,25.617166406551917,30.0,101325.0,228.4705713813178,29.22526343753549,9.722222222222207,25724.999999999873,8.201241211138983
1175.0,19.583333333333332,155.83333333333331,False,11687.499999999998,42936.142982688616,20000.0,0.0,35.0,-0.19606639754908625,40.98223289072881,40.85985757054646,1.167424502015615,302.3631854589793,101324.68618749185,-0.3138125081459293,437.4190092112546,34.99999999999994,15129.821546122372,298.7678579954404,25.61785799544043,30.0,101325.0,228.48354405451855,29.213185458979297,9.722222222222207,25724.999999999873,8.23697037780565
1180.0,19.666666666666668,156.66666666666666,False,11750.0,41759.88489507063,20000.0,0.0,35.0,-0.1966953218528978,40.9829652089941,40.86149395389693,1.1674712558256286,302.3510706804301,101324.68417102336,-0.31582897664338816,437.427574284908,34.99999999999994,15130.427475500146,298.7685474382377,25.618547438237727,30.0,101325.0,228.4971686196454,29.20107068043012,9.722222222222207,25724.999999999873,8.272699544472317
1185.0,19.75,157.5,False,11812.5,40615.851012809064,20000.0,0.0,35.0,-0.19777152589684296,40.984218338939606,40.86313369820597,1.1675181056630297,302.3389276812531,101324.68070549832,-0.3192945016780868,437.4373083247402,34.99999999999994,15131.034649392865,298.76923472995657,25.619234729956588,30.0,101325.0,228.5114229903054,29.18892768125312,9.722222222222207,25724.999999999873,8.308428711138983
1190.0,19.833333333333332,158.33333333333331,False,11874.999999999998,39503.15853694867,20000.0,0.0,35.0,-0.19950931793174168,40.98624182068571,40.8647751135192,1.1675650032434077,302.3267668184263,101324.67506964946,-0.3249303505435819,437.4481962028355,34.99999999999994,15131.642442034563,298.76991986747186,25.61991986747188,30.0,101325.0,228.52628988766827,29.1767668184263,9.722222222222207,25724.999999999873,8.34415787780565
1195.0,19.916666666666668,159.16666666666666,False,11937.5,38420.94885327318,20000.0,0.0,35.0,-0.201751759925558,40.98885291588585,40.86641692638451,1.1676119121824164,302.31459889105787,101324.66772430504,-0.3322756949637551,437.4602228278279,34.99999999999994,15132.250381884116,298.77060284943013,25.620602849430156,30.0,101325.0,228.54175437923817,29.164598891057892,9.722222222222207,25724.999999999873,8.379887044472317
1200.0,20.0,160.0,False,12000.0,37368.386869751725,20000.0,0.0,35.0,-0.20399353051285976,40.99146322930152,40.868058272836485,1.16765880779533,302.3024351531509,101324.66029909803,-0.3397009019681718,437.47337320283884,34.99999999999994,15132.858149027477,298.771283676156,25.621283676155997,30.0,101325.0,228.5578038699929,29.15243515315092,9.722222222222207,25724.999999999873,8.415616211138984
1205.0,20.083333333333332,161.16666666666666,False,12087.5,36344.66037213629,20000.0,0.0,35.0,-0.2052413998395178,40.992916245976296,40.86969830129851,1.167705665751388,302.2902918559441,101324.65613034932,-0.3438696506782435,437.48789211998934,34.99999999999994,15133.46542813799,298.7719623498012,25.62196234980121,30.0,101325.0,228.5745615644574,29.1402918559441,9.722222222222207,25724.999999999873,8.45134537780565
1210.0,20.166666666666668,162.33333333333334,False,12175.0,35348.97939721288,20000.0,0.0,35.0,-0.20459491571432661,40.992163481088326,40.87133617317213,1.1677524620906343,302.27818437198954,101324.65829322828,-0.34170677172369324,437.50401958783476,34.99999999999994,15134.071908694621,298.77263887491955,25.622638874919573,30.0,101325.0,228.59214826016157,29.128184371989562,9.722222222222207,25724.999999999873,8.487074544472316
1215.0,20.25,163.5,False,12262.5,34380.57562322281,20000.0,0.0,35.0,-0.20229038043411832,40.989480084583406,40.87297054779735,1.1677991585084977,302.26612010385753,101324.6659477713,-0.3340522287035128,437.52173456953926,34.99999999999994,15134.677094270131,298.7733132576988,25.62331325769884,30.0,101325.0,228.61054556622923,29.116120103857554,9.722222222222207,25724.999999999873,8.522803711138984
1220.0,20.333333333333332,164.66666666666666,False,12350.0,33438.7017769837,20000.0,0.0,35.0,-0.2030018851229109,40.99030855929218,40.87459593656949,1.1678455981877016,302.25409339210535,101324.66359375214,-0.336406247864943,437.54101794597364,34.99999999999994,15135.278952512614,298.77398550575026,25.623985505750284,30.0,101325.0,228.62971288921324,29.10409339210537,9.722222222222207,25724.999999999873,8.55853287780565
1225.0,20.416666666666668,165.83333333333334,False,12437.5,32522.631057252736,20000.0,0.0,35.0,-0.20788687005411868,40.995996626471545,40.87621020650104,1.167891720185746,302.2421079967464,101324.64720856538,-0.35279143461957574,437.5618494568861,34.99999999999994,15135.876693607266,298.77465562783414,25.62465562783416,30.0,101325.0,228.64962780185095,29.09210799674645,9.722222222222207,25724.999999999873,8.594262044472316
1230.0,20.5,167.0,False,12525.0,31631.656573887212,20000.0,0.0,35.0,-0.21012452487084096,40.998602147491766,40.87781897914717,1.1679376851184926,302.23019029025556,101324.639572931,-0.36042706899752375,437.5842057978917,34.99999999999994,15136.472399135664,298.7753236336726,25.625323633672622,30.0,101325.0,228.67030965978097,29.080190290255587,9.722222222222207,25724.999999999873,8.629991211138984
1235.0,20.583333333333332,168.16666666666666,False,12612.5,30765.090802369472,20000.0,0.0,35.0,-0.20702180300372103,40.99498934404046,40.879424102742355,1.1679835457926406,302.2183547873383,101324.65013855576,-0.3498614442360122,437.60806556081747,34.99999999999994,15137.066753472622,298.7759895341843,25.625989534184328,30.0,101325.0,228.6917577041456,29.068354787338308,9.722222222222207,25724.999999999873,8.66572037780565
1240.0,20.666666666666668,169.33333333333334,False,12700.0,29922.265053275547,20000.0,0.0,35.0,-0.2067505635427899,40.99467351332712,40.88101676525441,1.1680290504358422,302.20658355039143,101324.6510547304,-0.348945269593969,437.6334122097812,34.99999999999994,15137.656493648516,298.776653341608,25.626653341608005,30.0,101325.0,228.71391408224187,29.05658355039145,9.722222222222207,25724.999999999873,8.701449544472316
1245.0,20.75,170.5,False,12787.5,29102.52895627784,20000.0,0.0,35.0,-0.21210850897208955,41.0009122948125,40.882593449706235,1.1680740985630371,302.1948739654005,101324.63273453405,-0.3672654659458203,437.6602272185485,34.99999999999994,15138.240317376962,298.77731506899977,25.627315068999792,30.0,101325.0,228.73674951293944,29.04487396540054,9.722222222222207,25724.999999999873,8.737178711138982
1250.0,20.833333333333332,171.66666666666666,False,12875.0,28305.249958284003,20000.0,0.0,35.0,-0.21092697723840378,40.999536521505036,40.884165397790454,1.1681190113654434,302.1832670964684,101324.63681477774,-0.363185222260654,437.6884859576745,34.99999999999994,15138.822387296146,298.77797472992455,25.627974729924574,30.0,101325.0,228.7603140968403,29.03326709646842,9.722222222222207,25724.999999999873,8.77290787780565
1255.0,20.916666666666668,172.83333333333334,False,12962.5,27529.812835324352,20000.0,0.0,35.0,-0.2079712510155218,40.9960948795028,40.885727237843774,1.1681636353669669,302.17175379892603,101324.64692211225,-0.35307788774662185,437.71817123501074,34.99999999999994,15139.40071435589,298.7786323392529,25.62863233925293,30.0,101325.0,228.78456887167619,29.021753798926056,9.722222222222207,25724.999999999873,8.808637044472317
1260.0,21.0,174.0,False,13050.0,26775.619217811578,20000.0,0.0,35.0,-0.21370543819630236,41.00277175616928,40.88726804212996,1.1682076583465721,302.1603078335322,101324.62718355661,-0.3728164433850907,437.74926854998256,34.99999999999994,15139.971252171574,298.77928791279095,25.62928791279097,30.0,101325.0,228.8094451792451,29.010307833532238,9.722222222222207,25724.999999999873,8.844366211138983
1265.0,21.083333333333332,175.16666666666666,False,13137.5,26042.087128806084,20000.0,0.0,35.0,-0.2120737956183706,41.00087187464935,40.8888030954385,1.1682515170125305,302.14898099932907,101324.63285473642,-0.3671452635753667,437.78175229793175,34.99999999999994,15140.539660482396,298.77994146636314,25.629941466363164,30.0,101325.0,228.83501523560395,28.998980999329092,9.722222222222207,25724.999999999873,8.88009537780565
1270.0,21.166666666666668,176.33333333333334,False,13225.0,25328.650534930825,20000.0,0.0,35.0,-0.21020403666088053,40.99869473086913,40.89032477998235,1.1682949937137834,302.13775610559094,101324.63930010589,-0.36069989411043935,437.81560706294033,34.99999999999994,15141.103118530633,298.78059301712364,25.63059301712366,30.0,101325.0,228.86122842038264,28.98775610559096,9.722222222222207,25724.999999999873,8.915824544472317
1275.0,21.25,177.5,False,13312.5,24634.758909589113,20000.0,0.0,35.0,-0.21544046815375842,41.00479202175765,40.89182529260329,1.168337865502953,302.1266150034292,101324.62110534434,-0.3788946556596784,437.85081778907727,34.99999999999994,15141.658736918273,298.7812425828553,25.63124258285535,30.0,101325.0,228.8880332482701,28.97661500342923,9.722222222222207,25724.999999999873,8.951553711138983
1280.0,21.333333333333332,178.66666666666666,False,13400.0,23959.876808148223,20000.0,0.0,35.0,-0.21112040648615746,40.99976175015388,40.893320786934154,1.1683805939124063,302.115610897212,101324.6361483589,-0.36385164110106416,437.88735922013683,34.99999999999994,15142.212497104785,298.78189018127335,25.631890181273377,30.0,101325.0,228.91550699140237,28.965610897212002,9.722222222222207,25724.999999999873,8.98728287780565
1285.0,21.416666666666668,179.83333333333334,False,13487.5,23303.483454761124,20000.0,0.0,35.0,-0.2136981994030849,41.002763327332204,40.894794398357156,1.1684226970959206,302.1046977474945,101324.62720881283,-0.3727911871683318,437.9252207633472,34.99999999999994,15142.758154363131,298.78253583156794,25.632535831567964,30.0,101325.0,228.94354976714993,28.95469774749455,9.722222222222207,25724.999999999873,9.023012044472317
1290.0,21.5,181.0,False,13575.0,22665.07234050742,20000.0,0.0,35.0,-0.21538729736618126,41.00473010979355,40.89625348339417,1.1684643852398353,302.09390170136794,101324.62129234395,-0.37870765605475754,437.96438149294505,34.99999999999994,15143.298432708265,298.78317955273764,25.63317955273766,30.0,101325.0,228.972191866245,28.943901701367963,9.722222222222207,25724.999999999873,9.058741211138983
1295.0,21.583333333333332,182.16666666666666,False,13662.5,22044.150832543433,20000.0,0.0,35.0,-0.21094873432654365,40.999561855417156,40.89770294288306,1.1685057983680893,302.0832412161314,101324.63673984887,-0.36326015113445465,438.00482177854053,34.99999999999994,15143.835146850437,298.7838213643323,25.633821364332334,30.0,101325.0,229.00145051785674,28.93324121613142,9.722222222222207,25724.999999999873,9.09447037780565
1300.0,21.666666666666668,183.33333333333334,False,13750.0,21440.239793959816,20000.0,0.0,35.0,-0.2166826680087187,41.006238436910344,40.89912612143666,1.1685464606124778,302.0726698657971,101324.61672343987,-0.38327656012552325,438.046531719879,34.99999999999994,15144.362129537712,298.78446128691945,25.634461286919475,30.0,101325.0,229.0312273332784,28.922669865797104,9.722222222222207,25724.999999999873,9.130199544472317
1305.0,21.75,184.5,False,13837.5,20852.873214053416,20000.0,0.0,35.0,-0.2124108505084466,41.001264340723424,40.90054294246547,1.168586941213301,302.0622504825695,101324.6316867803,-0.36831321970385034,438.0894855417141,34.99999999999994,15144.886758124381,298.78509934042484,25.63509934042486,30.0,101325.0,229.0616204429532,28.912250482569505,9.722222222222207,25724.999999999873,9.165928711138983
1310.0,21.833333333333332,185.66666666666666,False,13925.0,20281.59784872793,20000.0,0.0,35.0,-0.21499086632544726,41.004268506242376,40.90193620040769,1.1686267485830788,302.0519343889864,101324.6226851216,-0.37731487839482725,438.13367407883203,34.99999999999994,15145.402661636701,298.78573554618487,25.63573554618489,30.0,101325.0,229.09252874298156,28.901934388986433,9.722222222222207,25724.999999999873,9.20165787780565
1315.0,21.916666666666668,186.83333333333334,False,14012.5,19725.97287074608,20000.0,0.0,35.0,-0.21569633764869275,41.00508995571176,40.90331439846241,1.1686661256703565,302.04174964434725,101324.62020481571,-0.37979518428619485,438.17907704259875,34.99999999999994,15145.912988687822,298.78636992510627,25.636369925106294,30.0,101325.0,229.1239892819914,28.89174964434727,9.722222222222207,25724.999999999873,9.237387044472317
1320.0,22.0,188.0,False,14100.0,19185.56952956327,20000.0,0.0,35.0,-0.21228492602354493,41.001117714492274,40.90467957312316,1.1687051306606637,302.0317046685409,101324.63212334843,-0.36787665156589355,438.2256772146622,34.99999999999994,15146.418493362202,298.78700249858724,25.637002498587265,30.0,101325.0,229.15600450300133,28.88170466854092,9.722222222222207,25724.999999999873,9.273116211138984
1325.0,22.083333333333332,189.16666666666666,False,14187.5,18659.97082048023,20000.0,0.0,35.0,-0.2172754011388744,41.00692861424175,40.906018939403154,1.1687433982686635,302.02176322651906,101324.61462367396,-0.3853763260412961,438.2734642109176,34.99999999999994,15146.91444156188,298.78763328868155,25.63763328868157,30.0,101325.0,229.1884973834015,28.87176322651908,9.722222222222207,25724.999999999873,9.30884537780565
1330.0,22.166666666666668,190.33333333333334,False,14275.0,18148.77116285949,20000.0,0.0,35.0,-0.2116397861364333,41.00036651483257,40.90735145916575,1.1687814702618806,302.01198395700067,101324.63435592591,-0.3656440740887774,438.32241370754366,34.99999999999994,15147.407854593974,298.7882623167788,25.63826231677882,30.0,101325.0,229.22156146818375,28.86198395700069,9.722222222222207,25724.999999999873,9.344574544472316
1335.0,22.25,191.5,False,14362.5,17651.576087157217,20000.0,0.0,35.0,-0.21642939476820233,41.00594352602995,40.908655810962216,1.1688187374560652,302.0023045722997,101324.61761891494,-0.38238108505902346,438.37251959903165,34.99999999999994,15147.890837430605,298.7888896056102,25.638889605610245,30.0,101325.0,229.25507412396735,28.852304572299715,9.722222222222207,25724.999999999873,9.380303711138982
1340.0,22.333333333333332,192.66666666666666,False,14450.0,17168.001930528986,20000.0,0.0,35.0,-0.2143358361783125,41.003505790382675,40.90994925291775,1.168855692940509,301.9927781655767,101324.62498081086,-0.37501918914495036,438.42375872351073,34.99999999999994,15148.369780508996,298.7895151769704,25.639515176970406,30.0,101325.0,229.28911996825147,28.842778165576703,9.722222222222207,25724.999999999873,9.416032877805648
1345.0,22.416666666666668,193.83333333333334,False,14537.5,16697.675540774602,20000.0,0.0,35.0,-0.2137388114618433,41.00281061593632,40.91122323430827,1.1688920924088095,301.9833802848205,101324.62706710592,-0.37293289408262353,438.4761197003453,34.99999999999994,15148.841517618172,298.790139053553,25.640139053553014,30.0,101325.0,229.32364515351892,28.83338028482052,9.722222222222207,25724.999999999873,9.451762044472316
1350.0,22.5,195.0,False,14625.0,16240.233988393524,20000.0,0.0,35.0,-0.21665386983013268,41.00620490436588,40.912475633251326,1.1689278752357541,301.97410554790594,101324.61682531174,-0.38317468826426193,438.5295884886916,34.99999999999994,15149.305263055374,298.7907612579672,25.6407612579672,30.0,101325.0,229.3586304564527,28.82410554790596,9.722222222222207,25724.999999999873,9.487491211138982
1355.0,22.583333333333332,196.16666666666666,False,14712.5,15795.324286528632,20000.0,0.0,35.0,-0.21124007312030832,40.99990108975549,40.9137182838179,1.1689633795376562,301.9649902057283,101324.63573576741,-0.36426423258672,438.58414492553953,34.99999999999994,15149.765398808024,298.79138181254547,25.64138181254549,30.0,101325.0,229.3941316910894,28.81499020572835,9.722222222222207,25724.999999999873,9.523220377805648
1360.0,22.666666666666668,197.33333333333334,False,14800.0,15362.603118582343,20000.0,0.0,35.0,-0.21676983035539366,41.00633992858133,40.91493177401819,1.168998050686236,301.95597669114926,101324.6164150257,-0.3835849743045401,438.6397832224014,34.99999999999994,15150.214736893618,298.7920007405716,25.642000740571632,30.0,101325.0,229.430037008681,28.805976691149283,9.722222222222207,25724.999999999873,9.558949544472316
1365.0,22.75,198.5,False,14887.5,14941.736573294755,20000.0,0.0,35.0,-0.2126230888614045,41.001511470658656,40.91613676074914,1.1690324788785487,301.94712735497154,101324.63095038435,-0.36904961564869154,438.6964795867539,34.99999999999994,15150.66092626599,298.79261806425086,25.642618064250883,30.0,101325.0,229.4664498006393,28.797127354971565,9.722222222222207,25724.999999999873,9.594678711138982
1370.0,22.833333333333332,199.66666666666666,False,14975.0,14532.399887079568,20000.0,0.0,35.0,-0.21419992450701714,41.003347535090654,40.91731774033488,1.169066221152427,301.93839600817074,101324.62545626401,-0.3745437359903008,438.7542268836032,34.99999999999994,15151.098226135455,298.7932338068619,25.64323380686193,30.0,101325.0,229.5032794058247,28.788396008170764,9.722222222222207,25724.999999999873,9.630407877805649
1375.0,22.916666666666668,200.83333333333334,False,15062.5,14134.277193418704,20000.0,0.0,35.0,-0.21552765019356307,41.004893536359276,40.918480690142225,1.1690994482897799,301.9298006962501,101324.62079862859,-0.37920137141190935,438.81300838312376,34.99999999999994,15151.528849835546,298.7938479910729,25.643847991072903,30.0,101325.0,229.54055059865036,28.779800696250106,9.722222222222207,25724.999999999873,9.666137044472316
1380.0,23.0,202.0,False,15150.0,13747.061279122529,20000.0,0.0,35.0,-0.2107180093277046,40.99929319966656,40.91963151309746,1.1691323289456435,301.9213590953911,101324.63753404527,-0.3624659547349438,438.87280754809865,34.99999999999994,15151.954983135538,298.7944606395777,25.644460639577744,30.0,101325.0,229.57828785201198,28.77135909539112,9.722222222222207,25724.999999999873,9.701866211138983
1385.0,23.083333333333332,203.16666666666666,False,15237.5,13370.453347267361,20000.0,0.0,35.0,-0.21604221470729693,41.00549269430212,40.9207539453955,1.1691643984398732,301.9130223019992,101324.61898580787,-0.38101419212762266,438.9336182522416,34.99999999999994,15152.370603780757,298.7950717756641,25.64507177566412,30.0,101325.0,229.61639671800611,28.76302230199923,9.722222222222207,25724.999999999873,9.737595377805649
1390.0,23.166666666666668,204.33333333333334,False,15325.0,13004.162786627503,20000.0,0.0,35.0,-0.2118149264807765,41.00057044791701,40.921867711328744,1.1691962203236803,301.90484916136546,101324.63375050547,-0.36624949453107547,438.9954179474381,34.99999999999994,15152.783015394898,298.7956814215784,25.645681421578445,30.0,101325.0,229.6549760716351,28.754849161365485,9.722222222222207,25724.999999999873,9.773324544472315
1395.0,23.25,205.5,False,15412.5,12647.90694742372,20000.0,0.0,35.0,-0.21278541810081045,41.00170048651682,40.922958075077496,1.1692273735736447,301.8967950941081,101324.63038665995,-0.3696133400517283,439.05820019970093,34.99999999999994,15153.186761514437,298.7962896005013,25.646289600501348,30.0,101325.0,229.69393985888112,28.74679509410811,9.722222222222207,25724.999999999873,9.809053711138983
1400.0,23.333333333333332,206.66666666666666,False,15500.0,12301.410923215279,20000.0,0.0,35.0,-0.21502669393511095,41.004310223843035,40.92402900861477,1.1692579716747096,301.8888714904522,101324.62255935425,-0.37744064575235825,439.1219501052878,34.99999999999994,15153.583312904235,298.7968963350068,25.64689633500683,30.0,101325.0,229.733302564645,28.738871490452198,9.722222222222207,25724.999999999873,9.844782877805649
1405.0,23.416666666666668,207.83333333333334,False,15587.5,11964.407338767134,20000.0,0.0,35.0,-0.20925875167760286,40.9975940428293,40.92508983730694,1.1692882810659144,301.88110567951054,101324.64253693752,-0.3574630624789279,439.18665040581976,34.99999999999994,15153.976122614251,298.79750164746594,25.64750164746596,30.0,101325.0,229.77310750903584,28.731105679510563,9.722222222222207,25724.999999999873,9.880512044472315
1410.0,23.5,209.0,False,15675.0,11636.636143728607,20000.0,0.0,35.0,-0.21406729321108284,41.00319309946148,40.926122135391324,1.1693177752968968,301.8734416893851,101324.62591995083,-0.3740800491650589,439.2522970151882,34.99999999999994,15154.358367847783,298.79810556093065,25.648105560930674,30.0,101325.0,229.81324910128282,28.72344168938514,9.722222222222207,25724.999999999873,9.916241211138983
1415.0,23.583333333333332,210.16666666666666,False,15762.5,11317.844411964363,20000.0,0.0,35.0,-0.21279342959936812,41.00170981509053,40.92714253637578,1.1693469296107386,301.8659285646971,101324.6303588271,-0.3696411729033571,439.3188695906627,34.99999999999994,15154.736207755173,298.79870809737116,25.648708097371184,30.0,101325.0,229.8538100802235,28.715928564697094,9.722222222222207,25724.999999999873,9.95197037780565
1420.0,23.666666666666668,211.33333333333334,False,15850.0,11007.786146382785,20000.0,0.0,35.0,-0.20902983897770114,40.99732749731614,40.92814752719462,1.1693756436341338,301.85855485437264,101324.643318583,-0.3566814170044381,439.38635739691216,34.99999999999994,15155.108341498375,298.79930927922754,25.649309279227566,30.0,101325.0,229.89476510179557,28.708554854372665,9.722222222222207,25724.999999999873,9.987699544472315
1425.0,23.75,212.5,False,15937.5,10706.222089111214,20000.0,0.0,35.0,-0.2139795738542975,41.00309095920898,40.929126125158,1.1694036035759448,301.85128662666483,101324.62622646509,-0.3737735349131981,439.45475344141704,34.99999999999994,15155.470702344244,298.7999091290103,25.649909129010325,30.0,101325.0,229.9360488029535,28.701286626664853,9.722222222222207,25724.999999999873,10.023428711138981
1430.0,23.833333333333332,213.66666666666666,False,16025.0,10412.919536871506,20000.0,0.0,35.0,-0.2109188810814387,40.99952709435524,40.93009502027902,1.1694312862936882,301.8441728438461,101324.63684265799,-0.3631573420134373,439.5240377725395,34.99999999999994,15155.829470366198,298.8005076683401,25.65050766834014,30.0,101325.0,229.97774448674272,28.694172843846104,9.722222222222207,25724.999999999873,10.05915787780565
1435.0,23.916666666666668,214.83333333333334,False,16112.5,10127.652161413524,20000.0,0.0,35.0,-0.20866193979427008,40.99689911620544,40.93104553651365,1.1694584439003919,301.83718633226124,101324.64457301944,-0.3554269805608783,439.59420263429564,34.99999999999994,15156.181432949079,298.8011049194121,25.65110491941215,30.0,101325.0,230.0197993453512,28.687186332261263,9.722222222222207,25724.999999999873,10.094887044472316
1440.0,24.0,216.0,False,16200.0,9850.199834867855,20000.0,0.0,35.0,-0.21319395583631146,41.002176187080394,40.93197191698244,1.169484911913786,301.8303086026447,101324.62896601792,-0.37103398208273575,439.6652390899813,34.99999999999994,15156.524458402666,298.80170090417624,25.651700904176266,30.0,101325.0,230.06217632803356,28.680308602644743,9.722222222222207,25724.999999999873,10.130616211138982
1445.0,24.083333333333332,217.16666666666666,False,16287.5,9580.348459883193,20000.0,0.0,35.0,-0.2100374427157641,40.99850074919573,40.93288860058506,1.1695111028738607,301.82358166044594,101324.63987161353,-0.36012838647002354,439.7371286658513,34.99999999999994,15156.863893245236,298.80229564388145,25.652295643881473,30.0,101325.0,230.10494690161903,28.67358166044596,9.722222222222207,25724.999999999873,10.16634537780565
1450.0,24.166666666666668,218.33333333333334,False,16375.0,9317.889804417107,20000.0,0.0,35.0,-0.20733953800275068,40.995359314070086,40.93378761040888,1.169536788868827,301.8169802297653,101324.64906380392,-0.3509361960750539,439.8098637936065,34.99999999999994,15157.196783739999,298.80288916023846,25.652889160238487,30.0,101325.0,230.14806225917928,28.66698022976533,9.722222222222207,25724.999999999873,10.202074544472316
1455.0,24.25,219.5,False,16462.5,9062.62134105285,20000.0,0.0,35.0,-0.21192350438340937,41.000696875820694,40.93466242737621,1.1695617836393222,301.81048335048905,101324.63337492482,-0.36662507518485654,439.8834364092489,34.99999999999994,15157.520715965615,298.8034814747329,25.653481474732928,30.0,101325.0,230.19148150136485,28.660483350489073,9.722222222222207,25724.999999999873,10.237803711138982
1460.0,24.333333333333332,220.66666666666666,False,16550.0,8814.346090718169,20000.0,0.0,35.0,-0.21025508768201034,40.99875417458121,40.93552649326329,1.169586471236096,301.8041298704413,101324.63912488248,-0.360875117519754,439.9578289184078,34.99999999999994,15157.840667219803,298.804072608137,25.654072608137028,30.0,101325.0,230.23527098177036,28.654129870441295,9.722222222222207,25724.999999999873,10.27353287780565
1465.0,24.416666666666668,221.83333333333334,False,16637.5,8572.872470685475,20000.0,0.0,35.0,-0.20552253474576568,40.993243598927386,40.936376757354026,1.1696107644958311,301.79790912740606,101324.65518765479,-0.34481234521081205,440.03303185237775,34.99999999999994,15158.155507865971,298.80466258149994,25.654662581499963,30.0,101325.0,230.27940858050636,28.64790912740608,9.722222222222207,25724.999999999873,10.309262044472316
1470.0,24.5,223.0,False,16725.0,8338.014146736185,20000.0,20.0,35.0,-0.20940738124276123,64.28572913519601,64.32984466620965,1.1696335393856312,301.7919933811633,101324.64202896882,-0.3579710311751114,440.105968768028,34.99999999999994,15158.45067043778,298.8052514160505,25.655251416050532,30.0,101325.0,230.3220629353632,28.64199338116333,9.722222222222207,25724.999999999873,10.344991211138982
1475.0,24.583333333333332,224.16666666666669,False,16812.5,8109.589889375061,20000.0,20.0,35.0,-0.21190144495007432,64.28863321824161,64.32892559921683,1.1696168290766709,301.7962795328297,101324.63345124594,-0.3665487540565664,440.0295201678959,34.99999999999994,15158.234104833653,298.8058400275169,25.655840027516945,30.0,101325.0,230.2787648537758,28.646279532829737,9.722222222222207,25724.999999999873,10.380720377805648
1480.0,24.666666666666668,225.33333333333331,False,16900.0,7887.423433983657,20000.0,20.0,35.0,-0.20937817081442733,64.28569512262871,64.32805544646806,1.1696010081176023,301.800387717388,101324.64212882928,-0.3578711707232287,439.9566423446175,34.99999999999994,15158.029065204124,298.8064292272902,25.656429227290232,30.0,101325.0,230.23751163773517,28.650387717388014,9.722222222222207,25724.999999999873,10.416449544472316
1485.0,24.75,226.5,False,16987.5,7671.343344804908,20000.0,20.0,35.0,-0.21009403630491302,64.2865286750467,64.32721711082253,1.16958576565132,301.80431358815423,101324.63967751763,-0.3603224823746132,439.8870918213863,34.99999999999994,15157.831522841107,298.8070189851044,25.6570189851044,30.0,101325.0,230.198114527126,28.654313588154253,9.722222222222207,25724.999999999873,10.452178711138982
1490.0,24.833333333333332,227.66666666666669,False,17075.0,7461.182882653959,20000.0,20.0,35.0,-0.21438456626452318,64.29152455998575,64.32640836073709,1.169571061104312,301.80806376855753,101324.62481026733,-0.3751897326728795,439.820799411695,34.99999999999994,15157.640951911884,298.80760927280164,25.657609272801665,30.0,101325.0,230.16052920971825,28.658063768557554,9.722222222222207,25724.999999999873,10.487907877805648
1495.0,24.916666666666668,228.83333333333331,False,17162.5,7256.779876253103,20000.0,20.0,35.0,-0.2102342725109747,64.28669196581879,64.32564641404848,1.1695572075281553,301.8116815804084,101324.63919633193,-0.3608036680670921,439.75769140513677,34.99999999999994,15157.461409564892,298.80820006315827,25.65820006315829,30.0,101325.0,230.1247785975138,28.661681580408413,9.722222222222207,25724.999999999873,10.523637044472316
1500.0,25.0,230.0,True,17250.0,257057.9765970916,20000.0,20.0,35.0,-0.22801324262946107,64.30739376486994,64.32489734617621,1.169543588112296,301.8150067389497,101324.57559151988,-0.42440848011756316,439.69770887336244,34.99999999999994,15157.284901935356,298.8087913305601,25.65879133056012,30.0,101325.0,230.0907103738895,28.665006738949728,9.722222222222207,25724.999999999873,10.559366211138983
1505.0,25.083333333333332,231.16666666666669,True,17337.5,256864.61963771368,20000.0,20.0,35.0,0.4809975214018538,64.04189557805377,64.87056477659858,1.169239337334819,301.9004344627129,101326.88864175996,1.888641759956954,439.6423474148749,34.99999999999994,15153.341811859256,298.8093900123728,25.659390012372796,30.0,101325.0,230.00189072907406,28.750434462712917,9.722222222222207,25724.999999999873,10.595095377805649
1510.0,25.166666666666668,232.33333333333331,True,17425.0,256676.55979334115,20000.0,20.0,35.0,0.47244867488679554,64.04189557805378,64.84313983518979,1.168925140031637,301.9813844747292,101326.82210408492,1.8221040849166457,439.589961917646,34.99999999999996,15149.269814810013,298.81000234253594,25.66000234253596,30.0,101325.0,229.91268629156636,28.831384474729248,9.722222222222209,25724.99999999991,10.630824544472315
1515.0,25.25,233.5,True,17512.5,256493.6519467386,20000.0,20.0,35.0,0.4638463773600398,64.04189557805378,64.81625335854193,1.1686216804646192,302.05960490311344,101326.75635479012,1.756354790122714,439.5404631263069,34.99999999999996,15145.336978821466,298.8106278189217,25.66062781892174,30.0,101325.0,229.82711770936052,28.90960490311346,9.722222222222209,25724.99999999991,10.666553711138983
1520.0,25.333333333333332,234.66666666666669,True,17600.0,256315.75495623326,20000.0,20.0,35.0,0.4541700338935627,64.04189557805378,64.78868871536307,1.1683285256233085,302.1351809191071,101326.68384016071,1.6838401607092237,439.4937925706208,34.99999999999996,15141.537692078078,298.8112659924111,25.66126599241113,30.0,101325.0,229.7450673788684,28.98518091910711,9.722222222222209,25724.99999999991,10.702282877805649
1525.0,25.416666666666668,235.83333333333331,True,17687.5,256142.7315468022,20000.0,20.0,35.0,0.4442906775649478,64.04189557805378,64.76144721317704,1.1680453735046563,302.2082070125471,101326.61138127487,1.6113812748662895,439.44989286646853,34.99999999999996,15137.868040620346,298.8119164287322,25.66191642873224,30.0,101325.0,229.66644417015416,29.058207012547143,9.722222222222209,25724.99999999991,10.738012044472315
1530.0,25.5,237.0,True,17775.0,255974.44820414367,20000.0,0.0,35.0,0.43578053535658146,40.75393354967057,41.380914711762344,1.1677720678531116,302.2787535021531,101326.55024224486,1.550242244862602,439.40926920168016,34.99999999999996,15134.325999376328,298.81257870797015,25.66257870797017,30.0,101325.0,229.59147968064917,29.12875350215313,9.722222222222209,25724.99999999991,10.773741211138983
1535.0,25.583333333333332,238.16666666666669,True,17862.5,255810.77507164987,20000.0,0.0,35.0,0.43072895071577755,40.75393354967057,41.36652305860762,1.1675323732726075,302.3407047580278,101326.51450962437,1.5145096243650187,439.51683294063264,34.99999999999996,15131.219557612994,298.81325189832955,25.663251898329577,30.0,101325.0,229.6005447395987,29.190704758027834,9.722222222222209,25724.99999999991,10.80947037780565
1540.0,25.666666666666668,239.33333333333331,True,17950.0,255651.58585020274,20000.0,0.0,35.0,0.42356871676975794,40.753933549670585,41.34990734570115,1.1672993107023082,302.4009209714349,101326.46457516593,1.4645751659263624,439.62688772246975,34.999999999999964,15128.199066701914,298.81393513231063,25.663935132310655,30.0,101325.0,229.6121923045632,29.250920971434937,9.722222222222213,25724.999999999924,10.845199544472315
1545.0,25.75,240.5,True,18037.5,255496.75770071457,20000.0,0.0,35.0,0.41665767854409086,40.753933549670585,41.33380631288146,1.1670724744283845,302.45955517114476,101326.41717241706,1.4171724170591915,439.73730543632723,34.999999999999964,15125.259268591863,298.81462814105055,25.66462814105057,30.0,101325.0,229.62523147764972,29.30955517114478,9.722222222222213,25724.999999999924,10.880928711138983
1550.0,25.833333333333332,241.66666666666669,True,18125.0,255346.17114933877,20000.0,0.0,35.0,0.41194181858398987,40.753933549670585,41.32048809148149,1.1668518011005193,302.5166606505917,101326.38527397468,1.3852739746798761,439.84808078953455,34.999999999999964,15122.399342262732,298.81533066231333,25.66533066231335,30.0,101325.0,229.63964784041477,29.36666065059171,9.722222222222213,25724.999999999924,10.91665787780565
1555.0,25.916666666666668,242.83333333333331,True,18212.5,255199.70999527714,20000.0,0.0,35.0,0.4024906583985896,40.753933549670585,41.301846426317965,1.1666367438619718,302.57223878799306,101326.32243861305,1.3224386130459607,439.95920855842235,34.999999999999964,15119.612200451154,298.81604244183904,25.666042441839068,30.0,101325.0,229.65533182649375,29.42223878799308,9.722222222222213,25724.999999999924,10.952387044472315
1560.0,26.0,244.0,True,18300.0,255057.26122111318,20000.0,20.0,35.0,0.3973972527487116,64.0418955780538,64.6170564658264,1.1664276603287578,302.62637588723675,101326.28918021626,1.2891802162630484,440.0708945085696,34.999999999999964,15116.902477860702,298.81676323031627,25.666763230316292,30.0,101325.0,229.672461976129,29.47637588723677,9.722222222222213,25724.999999999924,10.988116211138982
1565.0,26.083333333333332,245.16666666666669,True,18387.5,254918.71490560155,20000.0,20.0,35.0,0.3887554017938409,64.0418955780538,64.59489747341561,1.1662095854084429,302.6827997221062,101326.23372050958,1.2337205095827812,440.03092339151533,34.99999999999997,15114.07622689342,298.81749309977056,25.66749309977058,30.0,101325.0,229.60866551343204,29.532799722106233,9.722222222222214,25724.999999999935,11.02384537780565
1570.0,26.166666666666668,246.33333333333331,True,18475.0,254783.964138847,20000.0,20.0,35.0,0.3829543990143031,64.0418955780538,64.57646455355086,1.1659989116561145,302.73737954227033,101326.19717609571,1.1971760957094375,439.9919633319325,34.99999999999997,15111.345895063243,298.8182320849754,25.668232084975443,30.0,101325.0,229.54686137008602,29.587379542270355,9.722222222222214,25724.999999999935,11.059574544472316
1575.0,26.25,247.5,True,18562.5,254652.90493980664,20000.0,20.0,35.0,0.37897774105870874,64.0418955780538,64.56056258550748,1.1657954917004807,302.79013035299914,101326.172441863,1.172441863003769,439.95562239005034,34.99999999999997,15108.70957243823,298.81897987290614,25.668979872906164,30.0,101325.0,229.487858652886,29.640130352999165,9.722222222222214,25724.999999999935,11.095303711138982
1580.0,26.333333333333332,248.66666666666669,True,18650.0,254525.43617605272,20000.0,20.0,35.0,0.37295174245761503,64.0418955780538,64.54265054786887,1.1655988802630575,302.8410939781721,101326.1354530792,1.1354530792013975,439.9218467586769,34.99999999999997,15106.161488209224,298.8197361612424,25.66973616124244,30.0,101325.0,229.43154058414254,29.691093978172148,9.722222222222214,25724.999999999935,11.13103287780565
1585.0,26.416666666666668,249.83333333333331,True,18737.5,254401.45948573315,20000.0,20.0,35.0,0.36614531828805036,64.0418955780538,64.52419880901975,1.1654089053533356,302.8903377640946,101326.09438689065,1.0943868906470016,439.89058368022563,34.99999999999997,15103.699413379229,298.8205006575329,25.670500657532898,30.0,101325.0,229.37784481660995,29.740337764094647,9.722222222222214,25724.999999999935,11.166762044472316
1590.0,26.5,251.0,False,18825.0,124280.8792016703,20000.0,20.0,35.0,0.3461931420659427,64.0418955780538,64.49079480288273,1.1652254860120896,302.9376691684002,101325.9783648295,0.9783648294978775,439.8617814268726,34.99999999999997,15101.322298716683,298.8212730795184,25.671273079518414,30.0,101325.0,229.3267275287198,29.787669168400214,9.722222222222214,25724.999999999935,11.202491211138982
1595.0,26.583333333333332,252.16666666666669,False,18912.5,120876.13953150058,20000.0,20.0,35.0,0.09242545375493989,64.0418955780538,64.19394249038304,1.165204507909495,302.9404065842585,101325.0697344041,0.06973440409637988,439.8351284087909,34.99999999999997,15101.050422507056,298.8220494410618,25.6720494410618,30.0,101325.0,229.30870326084468,29.790406584258506,9.722222222222214,25724.999999999935,11.238220377805648
1600.0,26.666666666666668,253.33333333333331,False,19000.0,117564.67448487789,20000.0,20.0,35.0,-0.0811778831027488,64.13641895101587,64.08571616237053,1.1651948393158285,302.94255100478415,101324.9462053167,-0.053794683306477964,439.81076090029705,34.99999999999997,15100.925117533136,298.82282612186754,25.67282612186756,30.0,101325.0,229.29409657936614,29.792551004784173,9.722222222222214,25724.999999999935,11.273949544472316
1605.0,26.75,254.5,False,19087.5,114343.92875471838,20000.0,20.0,35.0,-0.06752438805718329,64.12052084730708,64.08547922399934,1.1651905313454431,302.9437206043539,101324.96277924096,-0.03722075904079247,439.788655188286,34.99999999999997,15100.869286236944,298.82360293887683,25.673602938876854,30.0,101325.0,229.2817241230248,29.79372060435395,9.722222222222214,25724.999999999935,11.309678711138982
1610.0,26.833333333333332,255.66666666666669,False,19175.0,111211.41703791186,20000.0,20.0,35.0,0.07396052378320538,64.0418955780538,64.17166755434712,1.1651907170655573,302.94391711014697,101325.04465435982,0.04465435982274357,439.7687951824841,34.99999999999997,15100.871693169624,298.82437971542237,25.67437971542239,30.0,101325.0,229.2714067470787,29.793917110146992,9.722222222222214,25724.999999999935,11.345407877805648
1615.0,26.916666666666668,256.8333333333333,False,19262.5,108164.72211752641,20000.0,20.0,35.0,-0.09607811209072199,64.15376874936018,64.08561282636362,1.1651929604793392,302.9429750281931,101324.92464486838,-0.07535513161565177,439.7511657540982,34.99999999999997,15100.900767812236,298.82515628535697,25.67515628535699,30.0,101325.0,229.26265713968445,29.792975028193098,9.722222222222214,25724.999999999935,11.381137044472316
1620.0,27.0,258.0,False,19350.0,105201.49299755192,20000.0,0.0,35.0,-0.055179330453982274,40.818184257288785,40.7820028426043,1.1652000812172667,302.9412746763271,101324.9751448285,-0.024855171504896134,439.73550315623294,34.99999999999997,15100.993052575775,298.8259324928557,25.675932492855736,30.0,101325.0,229.2558925238972,29.791274676327134,9.722222222222214,25724.999999999935,11.416866211138982
1625.0,27.083333333333332,259.1666666666667,False,19437.5,102319.44308874315,20000.0,0.0,35.0,-0.050916642342812776,40.8132207913452,40.78256681718225,1.1652161947766366,302.9370963952321,101324.97883669822,-0.021163301775231957,439.87227589905694,34.99999999999997,15101.20188430521,298.82670806044285,25.676708060442877,30.0,101325.0,229.33037029471438,29.78709639523214,9.722222222222214,25724.999999999935,11.452595377805649
1630.0,27.166666666666668,260.3333333333333,False,19525.0,99516.34844416301,20000.0,0.0,35.0,0.021808145690305678,40.75393354967059,40.80865417250164,1.1652355013407119,302.9321519678025,101325.00388240995,0.003882409946527332,440.0099090740927,34.99999999999997,15101.452097375624,298.8274827186486,25.677482718648605,30.0,101325.0,229.40592725936693,29.78215196780252,9.722222222222214,25724.999999999935,11.488324544472317
1635.0,27.25,261.5,False,19612.5,96790.0460430635,20000.0,0.0,35.0,-0.07421266721388615,40.84034663847569,40.78399518911037,1.1652570054031544,302.92641553148445,101324.95504065327,-0.04495934673468582,440.1474828511073,34.99999999999997,15101.730790024882,298.8282563426059,25.67825634260595,30.0,101325.0,229.48188840140983,29.776415531484474,9.722222222222214,25724.999999999935,11.524053711138983
1640.0,27.333333333333332,262.6666666666667,False,19700.0,94138.43212178106,20000.0,0.0,35.0,0.03285821878086818,40.75393354967059,40.823158634222494,1.1652819869643842,302.9200820899392,101325.00881357177,0.00881357176695019,440.28496739854154,34.99999999999997,15102.05455105842,298.8290288140235,25.679028814023525,30.0,101325.0,229.55849072900418,29.77008208993925,9.722222222222214,25724.999999999935,11.559782877805649
1645.0,27.416666666666668,263.8333333333333,False,19787.5,91559.46055035772,20000.0,0.0,35.0,-0.08915908472705113,40.85775021865104,40.78579383461355,1.165308395274674,302.9129969451668,101324.93510740907,-0.06489259093359578,440.4223998529296,34.99999999999997,15102.396802759773,298.82980002175395,25.679800021753977,30.0,101325.0,229.63535012368877,29.762996945166833,9.722222222222214,25724.999999999935,11.595512044472315
1650.0,27.5,265.0,False,19875.0,89051.1412536356,20000.0,0.0,35.0,-0.06267131106421366,40.826907905287214,40.78682986973312,1.16533799627809,302.9054007292176,101324.96793719812,-0.032062801881693304,440.5597448468301,34.99999999999997,15102.780431764048,298.83056986128673,25.680569861286756,30.0,101325.0,229.712796510836,29.755400729217627,9.722222222222214,25724.999999999935,11.631241211138983
1655.0,27.583333333333332,266.1666666666667,False,19962.5,86611.53867560634,20000.0,0.0,35.0,-0.09796678402542772,40.868005886991945,40.787919156129384,1.1653691187465547,302.89717294623944,101324.92165313655,-0.07834686344722286,440.69702928498396,34.99999999999997,15103.18377895535,298.83133823740087,25.681338237400894,30.0,101325.0,229.790514967298,29.74717294623946,9.722222222222214,25724.999999999935,11.666970377805649
1660.0,27.666666666666668,267.3333333333333,False,20050.0,84238.77028583048,20000.0,0.0,35.0,-0.06074866472266286,40.8246691795374,40.7891066049708,1.1654030458563094,302.8884991771091,101324.96987428355,-0.03012571645376738,440.83422436886667,34.99999999999997,15103.62347429777,298.83210505906817,25.682105059068192,30.0,101325.0,229.86874385301897,29.738499177109134,9.722222222222214,25724.999999999935,11.702699544472315
1665.0,27.75,268.5,False,20137.5,81931.00512677434,20000.0,0.0,35.0,-0.11208070443118813,40.884440109115985,40.790325659597706,1.165437875988507,302.879230606139,101324.89745237301,-0.10254762698605191,440.9713637618484,34.99999999999997,15104.07487281105,298.8328702423874,25.682870242387423,30.0,101325.0,229.94712603484717,29.729230606139026,9.722222222222214,25724.999999999935,11.738428711138983
1670.0,27.833333333333332,269.6666666666667,False,20225.0,79686.46240094322,20000.0,0.0,35.0,-0.10464354314555536,40.87578029263505,40.79163100691341,1.1654751716260985,302.8695776879322,101324.91061003166,-0.08938996834331192,441.10841927317034,34.99999999999997,15104.558224274237,298.83363370730234,25.683633707302363,30.0,101325.0,230.02595535778013,29.7195776879322,9.722222222222214,25724.999999999935,11.77415787780565
1675.0,27.916666666666668,270.8333333333333,False,20312.5,77503.41009672094,20000.0,0.0,35.0,-0.10897195050872842,40.8808202819509,40.79298778487711,1.1655139367107756,302.8594816615398,101324.90306215512,-0.09693784487899393,441.24540861378887,34.99999999999997,15105.060619771653,298.83439538177345,25.68439538177347,30.0,101325.0,230.10504485752537,29.709481661539826,9.722222222222214,25724.999999999935,11.809887044472315
1680.0,28.0,272.0,False,20400.0,75380.16365185518,20000.0,0.0,35.0,-0.11632539776650971,40.88938262197674,40.794396047832194,1.1655541727952066,302.8489862299812,101324.88953797416,-0.11046202584111597,441.38233165428926,34.99999999999997,15105.582079425876,298.8351551968906,25.685155196890605,30.0,101325.0,230.1843950399873,29.698986229981244,9.722222222222214,25724.999999999935,11.845616211138982
1685.0,28.083333333333332,273.1666666666667,False,20487.5,73315.08465355738,20000.0,0.0,35.0,-0.1164723130438875,40.88955368984679,40.795857362102716,1.165595924631507,302.8381372953981,101324.88925877791,-0.11074122208810877,441.5191874619935,34.99999999999997,15106.123183224332,298.83591309060733,25.685913090607357,30.0,101325.0,230.2640145263278,29.68813729539812,9.722222222222214,25724.999999999935,11.88134537780565
1690.0,28.166666666666668,274.3333333333333,False,20575.0,71306.57957421397,20000.0,0.0,35.0,-0.12989117342635087,40.90517858539934,40.79735645382591,1.1656387558235985,302.8269289054724,101324.8622716985,-0.1377283015026478,441.6559840175004,34.99999999999997,15106.678275473838,298.8366690051536,25.686669005153647,30.0,101325.0,230.34382151651613,29.676928905472437,9.722222222222214,25724.999999999935,11.917074544472316
1695.0,28.25,275.5,False,20662.5,69353.09854173369,20000.0,0.0,35.0,-0.11279336336592437,40.885269927826556,40.798914808455734,1.1656832802415933,302.8154633632433,101324.89614414025,-0.1038558597501833,441.7927098651407,34.99999999999997,15107.255311931049,298.83742288493374,25.687422884933767,30.0,101325.0,230.4239315759104,29.665463363243305,9.722222222222214,25724.999999999935,11.952803711138982
1700.0,28.333333333333332,276.6666666666667,False,20750.0,67453.13414358148,20000.0,0.0,35.0,-0.12060579951686545,40.89436671364817,40.80049749742518,1.1657284999264346,302.8036723887601,101324.88125911121,-0.1187408887926722,441.92938357950385,34.99999999999997,15107.841359046592,298.8381746826847,25.688174682684746,30.0,101325.0,230.50415736885623,29.65367238876013,9.722222222222214,25724.999999999935,11.98853287780565
1705.0,28.416666666666668,277.8333333333333,False,20837.5,65605.22026357698,20000.0,0.0,35.0,-0.1451176576012925,40.922908274663925,40.802104232747624,1.1657744066499331,302.7915894721361,101324.82808869757,-0.17191130243008956,442.0660054615726,34.99999999999997,15108.436310183135,298.83892435426463,25.688924354264657,30.0,101325.0,230.58449754923979,29.641589472136104,9.722222222222214,25724.999999999935,12.024262044472316
1710.0,28.5,279.0,False,20925.0,63807.930950559145,20000.0,0.0,35.0,-0.14988282124261626,40.92845682216084,40.80375480010077,1.1658215657171658,302.77930685012717,101324.81661338691,-0.18338661309098825,442.2025648884806,34.99999999999997,15109.047491694468,298.8396718572222,25.68967185722221,30.0,101325.0,230.66505854781457,29.629306850127193,9.722222222222214,25724.999999999935,12.059991211138982
1715.0,28.583333333333332,280.1666666666667,False,21012.5,62059.879318044645,20000.0,0.0,35.0,-0.14901447042143545,40.92744571611329,40.80543812915621,1.1658696608330354,302.7668227576142,101324.81873214371,-0.18126785628555808,442.3390678616808,34.99999999999997,15109.670804396139,298.8404171555644,25.690417155564433,30.0,101325.0,230.7457811205668,29.616822757614216,9.722222222222214,25724.999999999935,12.095720377805648
1720.0,28.666666666666668,281.3333333333333,False,21100.0,60359.716474030494,20000.0,0.0,35.0,-0.15606413073602118,40.935654327199245,40.80714177438646,1.1659183364110426,302.7541301767639,101324.80117540488,-0.19882459512155037,442.475521282491,34.99999999999997,15110.301639887113,298.84116021559305,25.691160215593072,30.0,101325.0,230.82659863714832,29.60413017676393,9.722222222222214,25724.999999999935,12.131449544472316
1725.0,28.75,282.5,False,21187.5,58706.13048011546,20000.0,0.0,35.0,-0.1592352238579445,40.93934674200984,40.808871362822785,1.165967753223509,302.74127426538536,101324.79301341619,-0.2069865838129772,442.6119221988938,34.99999999999997,15110.942081776679,298.84190100827084,25.69190100827086,30.0,101325.0,230.90754149984565,29.59127426538538,9.722222222222214,25724.999999999935,12.167178711138982
1730.0,28.833333333333332,283.6666666666667,False,21275.0,57097.84533913683,20000.0,0.0,35.0,-0.14843108640056177,40.92676642486699,40.81063170889346,1.1660180488255283,302.72829674484694,101324.8201486742,-0.179851325796335,442.7482680324053,34.99999999999997,15111.593912778846,298.8426395064331,25.692639506433125,30.0,101325.0,230.9886357453728,29.578296744846966,9.722222222222214,25724.999999999935,12.202907877805648
1735.0,28.916666666666668,284.8333333333333,False,21362.5,55533.6200105413,20000.0,0.0,35.0,-0.16551083584541645,40.94665405269329,40.8123898110572,1.166068280315921,302.715125147338,101324.7763768426,-0.22362315740610939,442.8845773404599,34.99999999999997,15112.244912894335,298.8433756870593,25.6933756870593,30.0,101325.0,231.06970436636803,29.565125147337994,9.722222222222214,25724.999999999935,12.238637044472316
1740.0,29.0,286.0,False,21450.0,54012.2474527305,20000.0,0.0,35.0,-0.15913568903324632,40.93923084384893,40.814181109762366,1.1661194602789258,302.70188971890485,101324.79327210184,-0.20672789815580472,443.0208305094101,34.99999999999997,15112.908205214879,298.8441095300129,25.694109530012895,30.0,101325.0,231.1509378318387,29.551889718904874,9.722222222222214,25724.999999999935,12.274366211138982
1745.0,29.083333333333332,287.1666666666667,False,21537.5,52532.55369164177,20000.0,0.0,35.0,-0.15782242762522677,40.93770168475877,40.81598203285664,1.1661709152244764,302.68854375772037,101324.79667005174,-0.20332994825730566,443.15704093220194,34.99999999999997,15113.575061309213,298.8448410176486,25.694841017648628,30.0,101325.0,231.23220975779603,29.53854375772039,9.722222222222214,25724.999999999935,12.310095377805649
1750.0,29.166666666666668,288.33333333333337,False,21625.000000000004,51093.39691484575,20000.0,0.0,35.0,-0.16419815710217206,40.94512557205688,40.81778852532512,1.1662225292950044,302.67509745999325,101324.77990992003,-0.22009007996530272,443.29321117185856,34.99999999999997,15114.243979663255,298.8455701355104,25.695570135510422,30.0,101325.0,231.31349854928862,29.525097459993276,9.722222222222214,25724.999999999935,12.345824544472316
1755.0,29.25,289.5,False,21712.5,49693.666590461595,20000.0,0.0,35.0,-0.1658364775674167,40.94703322929613,40.81960788671646,1.1662745110490427,302.6615938130586,101324.7754960221,-0.22450397789361887,443.4293373233338,34.99999999999997,15114.917663195594,298.84629687148964,25.696296871489665,30.0,101325.0,231.39484357392928,29.511593813058596,9.722222222222214,25724.999999999935,12.381553711138983
1760.0,29.333333333333332,290.66666666666663,False,21799.999999999996,48332.28261021005,20000.0,0.0,35.0,-0.16706742013924203,40.94846653648972,40.8214349348716,1.1663267124249037,302.64803757266094,101324.7721508337,-0.227849166301894,443.5654225859295,34.99999999999997,15115.594193026753,298.8470212158204,25.697021215820428,30.0,101325.0,231.47621718017945,29.498037572660962,9.722222222222214,25724.999999999935,12.417282877805649
1765.0,29.416666666666668,291.83333333333337,False,21887.500000000004,47008.194455942925,20000.0,0.0,35.0,-0.17441053958649863,40.957016850832595,40.82326260634302,1.1663789316098017,302.6344267783723,101324.75168133617,-0.24831866382737644,443.70147131535094,34.99999999999997,15116.270953663028,298.84774316146064,25.697743161460664,30.0,101325.0,231.55758161316993,29.484426778372324,9.722222222222214,25724.999999999935,12.453012044472315
1770.0,29.5,293.0,False,21975.0,45720.38038900599,20000.0,0.0,35.0,-0.17955689963324978,40.963009262700254,40.825095680202516,1.1664313051486443,302.62079387893226,101324.73681077383,-0.26318922617065255,443.83748104155825,34.99999999999997,15116.94971472643,298.84846270319156,25.69846270319158,30.0,101325.0,231.63896270062287,29.470793878932284,9.722222222222214,25724.999999999935,12.488741211138983
1775.0,29.583333333333332,294.16666666666663,False,22062.499999999996,44467.84666180973,20000.0,0.0,35.0,-0.17374592317112664,40.95624297274037,40.82693997585258,1.1664839993100746,302.6071734916834,101324.75357023822,-0.24642976178438403,443.97344861609895,34.99999999999997,15117.632631058568,298.84917983788944,25.69917983788946,30.0,101325.0,231.72039185375354,29.45717349168342,9.722222222222214,25724.999999999935,12.524470377805649
1780.0,29.666666666666668,295.33333333333337,False,22150.000000000004,43249.62675099941,20000.0,0.0,35.0,-0.18114428903502222,40.9648576159059,40.82877386777096,1.1665363962220285,302.5935173813689,101324.73213670653,-0.26786329346941784,444.1093870155849,34.99999999999997,15118.31169503749,298.8498945649981,25.699894564998147,30.0,101325.0,231.80175312421966,29.443517381368906,9.722222222222214,25724.999999999935,12.560199544472315
1785.0,29.75,296.5,False,22237.5,42064.78061163301,20000.0,0.0,35.0,-0.17973062868548048,40.96321155247884,40.83061419069704,1.1665889768770592,302.57989128199085,101324.73630123357,-0.263698766430025,444.24528666029494,34.99999999999997,15118.993140326687,298.8506068850716,25.700606885071636,30.0,101325.0,231.88313706238736,29.429891281990876,9.722222222222214,25724.999999999935,12.595928711138983
1790.0,29.833333333333332,297.66666666666663,False,22324.999999999996,40912.39395179124,20000.0,0.0,35.0,-0.18422707226287682,40.9684472028435,40.83244715069314,1.1666413471626622,302.56626864177895,101324.72294192527,-0.2770580747310305,444.3811560324279,34.99999999999997,15119.671859228103,298.85131680106167,25.701316801061694,30.0,101325.0,231.9644697649163,29.41626864177897,9.722222222222214,25724.999999999935,12.63165787780565
1795.0,29.916666666666668,298.83333333333337,False,22412.500000000004,39791.57752705997,20000.0,0.0,35.0,-0.18018608678048376,40.96374188701993,40.834283739427015,1.166693821126487,302.55269612345575,101324.73496305413,-0.26503694587154314,444.5169889108127,34.99999999999997,15120.351921799273,298.8520243171235,25.702024317123517,30.0,101325.0,232.04581040524604,29.40269612345577,9.722222222222214,25724.999999999935,12.667387044472315
1800.0,30.0,300.0,False,22500.0,38701.4664543408,20000.0,0.0,35.0,-0.18838062562005364,40.97328359248674,40.83610487335442,1.166745853524413,302.53912981585114,101324.71030808074,-0.28969191925716586,444.6527975391126,34.99999999999997,15121.026261676392,298.85272943961024,25.702729439610266,30.0,101325.0,232.12705691370329,29.389129815851163,9.722222222222214,25724.999999999935,12.703116211138981
1805.0,30.083333333333332,299.3333333333333,False,22450.0,37641.21954446003,20000.0,0.0,35.0,-0.18535128801145742,40.96975623752673,40.837932656089116,1.1667980758882615,302.5256166708354,101324.71955020435,-0.28044979565311223,444.7871385581896,34.99999999999997,15121.703063511868,298.8534321742702,25.703432174270233,30.0,101325.0,232.207581364743,29.375616670835427,9.722222222222214,25724.999999999935,12.73884537780565
1810.0,30.166666666666668,298.6666666666667,False,22400.0,36610.01865306122,20000.0,0.0,35.0,-0.18477545466971662,40.969085738276874,40.83975698529743,1.1668501995799274,302.5121079180927,101324.72129005185,-0.2787099481502082,444.91861680757904,34.99999999999997,15122.378586555858,298.8541325240248,25.70413252402483,30.0,101325.0,232.28659783364122,29.362107918092704,9.722222222222214,25724.999999999935,12.774574544472316
1815.0,30.25,298.0,False,22350.0,35607.068049280366,20000.0,0.0,35.0,-0.1913885494332797,40.97678601326407,40.841572473074336,1.1669020706592677,302.49860003791963,101324.70098304609,-0.2990169539116323,445.0472737336088,34.99999999999997,15123.050835744109,298.85483049200684,25.704830492006863,30.0,101325.0,232.3640970883229,29.348600037919653,9.722222222222214,25724.999999999935,12.810303711138982
1820.0,30.333333333333332,297.3333333333333,False,22300.0,34631.59380171657,20000.0,0.0,35.0,-0.19393480640647098,40.97975087004938,40.84338783813079,1.166953938232309,302.4851309800357,101324.69297380297,-0.3070261970278807,445.1731421764609,34.99999999999997,15123.723039490726,298.8555260824904,25.70552608249045,30.0,101325.0,232.44014565397862,29.33513098003573,9.722222222222214,25724.999999999935,12.84603287780565
1825.0,30.416666666666668,296.6666666666667,False,22250.0,33682.843181224314,20000.0,0.0,35.0,-0.19317189546417576,40.97886253799662,40.84520145891793,1.1670057559690845,302.4717071420314,101324.69538464329,-0.30461535671202,445.2962607593375,34.99999999999997,15124.394597359335,298.8562193013435,25.706219301343538,30.0,101325.0,232.51475427246618,29.321707142031414,9.722222222222214,25724.999999999935,12.881762044472316
1830.0,30.5,296.0,False,22200.0,32760.084080066637,20000.0,0.0,35.0,-0.19173224672202854,40.97718621373455,40.84700992813388,1.1670574265181117,302.45832894804,101324.69990812708,-0.30009187292307615,445.41666872927965,34.99999999999997,15125.064247674727,298.85691015577373,25.706910155773755,30.0,101325.0,232.5879238367284,29.308328948040014,9.722222222222214,25724.999999999935,12.917491211138982
1835.0,30.583333333333332,295.3333333333333,False,22150.0,31862.604446980815,20000.0,0.0,35.0,-0.19115066956882806,40.97650902640154,40.84881089899008,1.167108882828289,302.4449993802049,101324.70172588999,-0.2982741100131534,445.5344042092167,34.99999999999997,15125.731121454624,298.85759865418845,25.707598654188473,30.0,101325.0,232.65966067647014,29.2949993802049,9.722222222222214,25724.999999999935,12.95322037780565
1840.0,30.666666666666668,294.6666666666667,False,22100.0,30989.71173772082,20000.0,0.0,35.0,-0.19161100587401392,40.97704504112131,40.85060330645776,1.1671600944702225,302.43172466671825,101324.70028753002,-0.2997124699759297,445.64950404878334,34.99999999999997,15126.394824334084,298.85828480611605,25.70828480611607,30.0,101325.0,232.72997774952591,29.281724666718276,9.722222222222214,25724.999999999935,12.988949544472316
1845.0,30.75,294.0,False,22050.0,30140.732380652316,20000.0,0.0,35.0,-0.19260091762885714,40.978197692489225,40.85238675379466,1.1672110501084199,302.4185124736753,101324.69718274717,-0.30281725282839034,445.7620041988915,34.99999999999997,15127.055209405122,298.8589686221508,25.70896862215085,30.0,101325.0,232.79889135140476,29.268512473675344,9.722222222222214,25724.999999999935,13.024678711138982
1850.0,30.833333333333332,293.3333333333333,False,22000.0,29315.011256988142,20000.0,0.0,35.0,-0.19360457991778246,40.97936635495291,40.854160900610744,1.1672617400174508,302.4053700997923,101324.69401850314,-0.3059814968582941,445.8719400962872,34.99999999999997,15127.712150626163,298.8596501139015,25.709650113901546,30.0,101325.0,232.86641783305015,29.255370099792344,9.722222222222214,25724.999999999935,13.060407877805648
1855.0,30.916666666666668,292.6666666666667,False,21950.0,28511.911195262815,20000.0,0.0,35.0,-0.19446893779919253,40.980372811628975,40.855925133668244,1.1673121466762364,302.39230351465216,101324.69128026311,-0.30871973688772414,445.97934687842877,34.99999999999997,15128.365420924025,298.86032929393724,25.710329293937264,30.0,101325.0,232.93257183661436,29.24230351465218,9.722222222222214,25724.999999999935,13.096137044472316
1860.0,31.0,292.0,False,21900.0,27730.812479656353,20000.0,0.0,35.0,-0.1954120551086467,40.98147097563351,40.85767854948463,1.1673622442709903,302.37931732798984,101324.68827860178,-0.3117213982186513,446.0842594042911,34.99999999999997,15129.014685752034,298.8610061757276,25.71100617572762,30.0,101325.0,232.99736620532022,29.22931732798986,9.722222222222214,25724.999999999935,13.131866211138982
1865.0,31.083333333333332,291.3333333333333,False,21850.0,26971.11237178768,20000.0,0.0,35.0,-0.19680198047539213,40.983089402091665,40.85942014740789,1.167412004211655,302.3664153876117,101324.68382841209,-0.31617158791050315,446.1867121402107,34.99999999999997,15129.65957458305,298.86168077358144,25.711680773581463,30.0,101325.0,233.0608130233477,29.216415387611733,9.722222222222214,25724.999999999935,13.167595377805648
1870.0,31.166666666666668,290.6666666666667,False,21800.0,26232.22464560883,20000.0,0.0,35.0,-0.19885810788783082,40.98548355294699,40.861149097218465,1.1674614027776713,302.3536015996937,101324.67718737083,-0.3228126291651279,446.2867389946457,34.99999999999997,15130.29977999862,298.8623531025848,25.712353102584814,30.0,101325.0,233.12292505582525,29.20360159969374,9.722222222222214,25724.999999999935,13.203324544472316
1875.0,31.25,290.0,False,21750.0,25513.57913504096,20000.0,0.0,35.0,-0.20141640489108947,40.98846242912045,40.862864959009876,1.1675104274002832,302.3408806059732,101324.66882801503,-0.33117198497348,446.3843731798018,34.99999999999997,15130.93513910767,298.863023178543,25.71302317854304,30.0,101325.0,233.18371693255406,29.190880605973234,9.722222222222214,25724.999999999935,13.239053711138983
1880.0,31.333333333333332,289.3333333333333,False,21700.0,24814.62129400309,20000.0,0.0,35.0,-0.2038734685139779,40.991323429338,40.86456775638733,1.1675590787539247,302.32825802176126,101324.66069884764,-0.3393011523585301,446.4796471653458,34.99999999999997,15131.565660650866,298.8636910179277,25.713691017927715,30.0,101325.0,233.243205544124,29.17825802176128,9.722222222222214,25724.999999999935,13.274782877805649
1885.0,31.416666666666668,288.6666666666667,False,21650.0,24134.81176849408,20000.0,0.0,35.0,-0.20535195137189707,40.99304497197075,40.866257841336,1.1676073668953153,302.31574005014204,101324.65575980463,-0.3442401953652734,446.5725927668576,34.99999999999997,15132.191474963287,298.8643566378324,25.714356637832395,30.0,101325.0,233.30140931942105,29.165740050142063,9.722222222222214,25724.999999999935,13.310512044472315
1890.0,31.5,288.0,False,21600.0,23473.625980397675,20000.0,0.0,35.0,-0.2050742277200993,40.992721591077874,40.867935521528146,1.167655300615091,302.30333238462805,101324.6566902949,-0.3433097051020013,446.66324139136645,34.99999999999997,15132.81269597158,298.86502005593564,25.715020055935668,30.0,101325.0,233.35834622757957,29.153332384628072,9.722222222222214,25724.999999999935,13.346241211138983
1895.0,31.583333333333332,287.3333333333333,False,21550.0,22830.553722689416,20000.0,0.0,35.0,-0.20294910958288923,40.990247107553614,40.86960044973482,1.1677028699924243,302.2910383989626,101324.66376864424,-0.33623135575908236,446.7516244435711,34.99999999999997,15133.42919510182,298.8656812904738,25.71568129047381,30.0,101325.0,233.41403050258597,29.14103839896262,9.722222222222214,25724.999999999935,13.381970377805649
1900.0,31.666666666666668,286.6666666666667,False,21500.0,22205.098765733033,20000.0,0.0,35.0,-0.20050432072956526,40.98740040005443,40.871250745934795,1.1677500213124237,302.2788565358145,101324.67182054995,-0.3281794500508113,446.83777391508636,34.99999999999997,15134.04027620901,298.8663403602219,25.71634036022192,30.0,101325.0,233.4684679326396,29.12885653581452,9.722222222222214,25724.999999999935,13.417699544472315
1905.0,31.75,286.0,False,21450.0,21596.778474362654,20000.0,0.0,35.0,-0.20228324697969347,40.98947177840265,40.87288177587822,1.16779662216795,302.2667766667177,101324.66597133054,-0.3340286694583483,446.92172321003966,34.99999999999997,15134.644223296633,298.86699728448275,25.716997284482773,30.0,101325.0,233.52164930491085,29.116776666717726,9.722222222222214,25724.999999999935,13.453428711138983
1910.0,31.833333333333332,285.3333333333333,False,21400.0,21005.1234354551,20000.0,0.0,35.0,-0.20611204657327833,40.99393002538014,40.874495213646576,1.167842720389903,302.2548072217458,101324.65320672863,-0.34679327136836946,447.00350118978656,34.99999999999997,15135.241656253143,298.86765208281565,25.717652082815675,30.0,101325.0,233.57359906711017,29.10480722174583,9.722222222222214,25724.999999999935,13.48915787780565
1915.0,31.916666666666668,284.6666666666667,False,21350.0,20429.67709570516,20000.0,0.0,35.0,-0.20798999481064484,40.996116704742285,40.87609458470236,1.1678884167057826,302.2429618720712,101324.64685846579,-0.35314153421495575,447.0831350684618,34.99999999999997,15135.833880506943,298.8683047751151,25.718304775115143,30.0,101325.0,233.62435140004163,29.092961872071214,9.722222222222214,25724.999999999935,13.524887044472315
1920.0,32.0,284.0,False,21300.0,19869.995409324158,20000.0,0.0,35.0,-0.20620983886090394,40.99404389453418,40.87768132241365,1.1679337520689623,302.2312477439502,101324.65287757026,-0.3471224297391018,447.16065302226065,34.99999999999997,15136.421426813751,298.8689553816785,25.71895538167854,30.0,101325.0,233.67392904706944,29.0812477439502,9.722222222222214,25724.999999999935,13.560616211138983
1925.0,32.083333333333336,283.3333333333333,False,21250.0,19325.646495389967,20000.0,0.0,35.0,-0.2025901111320465,40.989829090439045,40.87925336613412,1.167978667603833,302.2196612339911,101324.66495711732,-0.33504288268159144,447.2360851497617,34.99999999999997,15137.003532145676,298.8696039232116,25.71960392321165,30.0,101325.0,233.72233578966993,29.0696612339911,9.722222222222214,25724.999999999935,13.59634537780565
1930.0,32.166666666666664,282.6666666666667,False,21200.0,18796.210304584147,20000.0,0.0,35.0,-0.20435555015811216,40.99188476428917,40.8808035976446,1.1680229599327039,302.20818333983726,101324.65909231934,-0.3409076806565281,447.30946455341444,34.99999999999997,15137.577560727841,298.87025042083434,25.72025042083436,30.0,101325.0,233.76954805507825,29.058183339837285,9.722222222222214,25724.999999999935,13.632074544472315
1935.0,32.25,282.0,False,21150.0,18281.278295058983,20000.0,0.0,35.0,-0.20841147444851782,40.99660747483241,40.88233472929213,1.1680667065512047,302.1968242313545,101324.64542577403,-0.35457422597391997,447.38081741600934,34.99999999999997,15138.144516903614,298.8708948956582,25.720894895658205,30.0,101325.0,233.81559485638002,29.04682423135455,9.722222222222214,25724.999999999935,13.667803711138982
1940.0,32.333333333333336,281.3333333333333,False,21100.0,17780.453117184294,20000.0,0.0,35.0,-0.20879863212440325,40.99705828049517,40.883852370179376,1.1681100677194116,302.185602514116,101324.64410719366,-0.3558928063430358,447.45016757575115,34.99999999999997,15138.706477643575,298.8715373689453,25.72153736894535,30.0,101325.0,233.8605205661182,29.03560251411602,9.722222222222214,25724.999999999935,13.70353287780565
1945.0,32.416666666666664,280.6666666666667,False,21050.0,17293.348306930773,20000.0,0.0,35.0,-0.20503037252939116,40.99267052617708,40.88535685277987,1.1681530529365687,302.17452077588,101324.65683711298,-0.34316288701666053,447.51754201027296,34.99999999999997,15139.263566057929,298.8721778622951,25.722177862295098,30.0,101325.0,233.90434103434205,29.024520775880035,9.722222222222214,25724.999999999935,13.739262044472316
1950.0,32.5,280.0,False,21000.0,16819.587987653296,20000.0,0.0,35.0,-0.20412666593991735,40.991618251940054,40.886841218327675,1.1681954633807916,302.16355956201824,101324.65985554492,-0.3401444550836459,447.58297224506765,34.99999999999997,15139.81320541506,298.87281639767144,25.722816397671465,30.0,101325.0,233.94703277432217,29.01355956201826,9.722222222222214,25724.999999999935,13.774991211138982
1955.0,32.583333333333336,279.3333333333333,False,20950.0,16358.806580043949,20000.0,0.0,35.0,-0.20853018829770387,40.99674570501301,40.888303013205935,1.168237228948742,302.1527126987554,101324.64502171893,-0.35497828107327223,447.6464864382969,34.99999999999997,15140.354487175695,298.8734529970578,25.723452997057848,30.0,101325.0,233.9885963022697,29.00271269875543,9.722222222222214,25724.999999999935,13.81072037780565
1960.0,32.666666666666664,278.6666666666667,False,20900.0,15910.648520031129,20000.0,0.0,35.0,-0.20969798356988162,40.998105483610786,40.88975038248648,1.1682785823567576,302.1420055488581,101324.6410347403,-0.35896525970019866,447.7081052199429,34.99999999999997,15140.890427343578,298.87408768228187,25.72408768228189,30.0,101325.0,234.02908885727578,28.992005548858117,9.722222222222214,25724.999999999935,13.846449544472316
1965.0,32.75,278.0,False,20850.0,15474.76798440687,20000.0,0.0,35.0,-0.20591634520805796,40.993702151082026,40.89118496169963,1.1683195703342761,302.1314438042813,101324.6538649696,-0.3461350303987274,447.76785323705104,34.99999999999997,15141.42163153222,298.87472047544617,25.72472047544619,30.0,101325.0,234.0685325462358,28.981443804281298,9.722222222222214,25724.999999999935,13.882178711138982
1970.0,32.833333333333336,277.3333333333333,False,20800.0,15050.828623970856,20000.0,0.0,35.0,-0.20455630838316724,40.99211852678526,40.89259948313567,1.1683599852324487,302.1210063229535,101324.65842217715,-0.341577822851832,447.82576083638116,34.99999999999997,15141.945408612533,298.8753513989697,25.725351398969735,30.0,101325.0,234.10690149402927,28.971006322953542,9.722222222222214,25724.999999999935,13.917907877805648
1975.0,32.916666666666664,276.6666666666667,False,20750.0,14638.503303984944,20000.0,0.0,35.0,-0.2090142927747406,40.99730939534697,40.89399064533989,1.1683997327239979,302.1106836708823,101324.64337163605,-0.3566283639520407,447.88185535536627,34.99999999999997,15142.460536103012,298.8759804752159,25.72598047521592,30.0,101325.0,234.14419094483142,28.960683670882304,9.722222222222214,25724.999999999935,13.953637044472316
1980.0,33.0,276.0,False,20700.0,14237.473851738216,20000.0,0.0,35.0,-0.20990321183514318,40.99834445101321,40.89536749769692,1.16843907136277,302.10050324010666,101324.64033176866,-0.3596682313363999,447.9361553701117,34.99999999999997,15142.970364861498,298.8766077262612,25.72660772626125,30.0,101325.0,234.18046228300156,28.950503240106684,9.722222222222214,25724.999999999935,13.989366211138982
1985.0,33.083333333333336,275.3333333333333,False,20650.0,13847.430811027525,20000.0,0.0,35.0,-0.20575676252944236,40.99351633331402,40.89673148802324,1.1684780425149508,302.0904695123248,101324.65440126264,-0.34559873735997826,447.9886842756184,34.99999999999997,15143.475430993762,298.87723317440896,25.72723317440898,30.0,101325.0,234.2157359069176,28.940469512324796,9.722222222222214,25724.999999999935,14.025095377805648
1990.0,33.166666666666664,274.6666666666667,False,20600.0,13468.07320336424,20000.0,0.0,35.0,-0.2051391912118459,40.99279723444433,40.8980742543496,1.1685164072671324,302.08055744823366,101324.65647275289,-0.34352724711061455,448.039471854508,34.99999999999997,15143.972638182036,298.877856842228,25.72785684222805,30.0,101325.0,234.24997937491196,28.930557448233685,9.722222222222214,25724.999999999935,14.060824544472316
1995.0,33.25,274.0,False,20550.0,13099.10829572278,20000.0,0.0,35.0,-0.20953722781504,40.99791829991506,40.899394381870486,1.1685541251963005,302.0707626789193,101324.64158489926,-0.35841510073805694,448.0885428316699,34.99999999999997,15144.461462544055,298.8784787520798,25.72847875207981,30.0,101325.0,234.28319737898394,28.920762678919345,9.722222222222214,25724.999999999935,14.096553711138982
2000.0,33.333333333333336,273.3333333333333,False,20500.0,12740.251374651878,20000.0,0.0,35.0,-0.209644117669863,40.99804276225907,40.90070093399209,1.1685914552569179,302.0611120914091,101324.6412191341,-0.35878086590673774,448.13591440672167,34.99999999999997,15144.945260129656,298.87909892602255,25.729098926022573,30.0,101325.0,234.31545070594882,28.91111209140911,9.722222222222214,25724.999999999935,14.132282877805649
2005.0,33.416666666666664,272.6666666666667,False,20450.0,12391.22552657413,20000.0,0.0,35.0,-0.20514457585305387,40.992803504310324,40.90199425474268,1.1686284072783633,302.0516063390159,101324.65645471835,-0.34354528164840303,448.18160942764007,34.99999999999997,15145.424158327589,298.87971738630796,25.729717386307982,30.0,101325.0,234.34675316391807,28.901606339015927,9.722222222222214,25724.999999999935,14.168012044472317
2010.0,33.5,272.0,False,20400.0,12051.761424104378,20000.0,0.0,35.0,-0.205652471691563,40.99339489726041,40.903265044083696,1.1686647155452494,302.0422170730831,101324.65475151745,-0.3452484825538704,448.2256570828521,34.99999999999997,15145.894713466432,298.8803341553866,25.73033415538663,30.0,101325.0,234.37706661963966,28.892217073083145,9.722222222222214,25724.999999999935,14.203741211138983
2015.0,33.583333333333336,271.3333333333333,False,20350.0,11721.597118222016,20000.0,0.0,35.0,-0.2097846063247971,40.99820634698215,40.90451468646932,1.16870041961341,302.0329478417137,101324.64073811387,-0.3592618861293886,448.26807890604204,34.99999999999997,15146.357438189796,298.8809492553462,25.730949255346218,30.0,101325.0,234.40641014878477,28.8829478417137,9.722222222222214,25724.999999999935,14.239470377805649
2020.0,33.666666666666664,270.6666666666667,False,20300.0,11400.47783613682,20000.0,0.0,35.0,-0.20914393337024056,40.99746034861024,40.9057514359601,1.1687357553131466,302.02382267143656,101324.64292910314,-0.3570708968618419,448.30889136461633,34.99999999999997,15146.81538885838,298.8815627080143,25.731562708014337,30.0,101325.0,234.4348395551769,28.873822671436585,9.722222222222214,25724.999999999935,14.275199544472315
2025.0,33.75,270.0,False,20250.0,11088.155784692373,20000.0,0.0,35.0,-0.20452848235944623,40.992086126216066,40.906974560092365,1.1687707017169258,302.01483857448034,101324.65851510126,-0.3414848987449659,448.3481168203168,34.99999999999997,15147.268294251357,298.88217453536845,25.732174535368472,30.0,101325.0,234.46236223812326,28.86483857448036,9.722222222222214,25724.999999999935,14.310928711138983
2030.0,33.833333333333336,269.3333333333333,False,20200.0,10784.389959155335,20000.0,0.0,35.0,-0.20578904190556063,40.99355391935829,40.90817460630075,1.168804988751451,302.0059663481277,101324.65429281822,-0.34570718178292736,448.3857833920532,34.99999999999997,15147.712654218803,298.8827847595106,25.73278475951065,30.0,101325.0,234.48893862495737,28.85596634812771,9.722222222222214,25724.999999999935,14.346657877805649
2035.0,33.916666666666664,268.6666666666667,False,20150.0,10488.945957243075,20000.0,0.0,35.0,-0.20965010515670773,40.998049734077384,40.90935480630112,1.1688387087514613,301.9972147064522,101324.64119864006,-0.35880135993647855,448.42191012649965,34.99999999999997,15148.149665418938,298.8833934020833,25.733393402083323,30.0,101325.0,234.5145970975259,28.847214706452235,9.722222222222214,25724.999999999935,14.382387044472315
2040.0,34.0,268.0,False,20100.0,10201.595798246039,20000.0,0.0,35.0,-0.20873247827976563,40.996981251084065,40.91052246719912,1.1688720704914044,301.9886044960455,101324.64433267356,-0.35566732643928844,448.45651293434236,34.99999999999997,15148.582033568602,298.8840004845018,25.73400048450185,30.0,101325.0,234.53938777132575,28.838604496045548,9.722222222222214,25724.999999999935,14.418116211138983
2045.0,34.083333333333336,267.3333333333333,False,20050.0,9922.117747105425,20000.0,0.0,35.0,-0.20417126762579973,40.99167018605842,40.911676549624566,1.1689050442749886,301.98013148312964,101324.65970688552,-0.34029311448102817,448.48961322952215,34.99999999999997,15149.009373803854,298.8846060282733,25.734606028273333,30.0,101325.0,234.5633158019864,28.830131483129662,9.722222222222214,25724.999999999935,14.45384537780565
2050.0,34.166666666666664,266.6666666666667,False,20000.0,9650.296143310314,20000.0,0.0,35.0,-0.20526315604660994,40.99294157886257,40.91280818761778,1.1689373767890803,301.9717679123658,101324.65605744302,-0.34394255698134657,448.52123760476985,34.99999999999997,15149.42840318648,298.8852100549679,25.735210054967922,30.0,101325.0,234.58634417860236,28.82176791236583,9.722222222222214,25724.999999999935,14.489574544472315
2055.0,34.25,266.0,False,19950.0,9385.921234482237,20000.0,0.0,35.0,-0.20910205675182253,40.997411587555256,40.913920282084476,1.1689691509167002,301.96352122187943,101324.64307208051,-0.3569279194925912,448.55140419003,34.99999999999997,15149.840195880433,298.88581258568695,25.735812585686972,30.0,101325.0,234.60849892687526,28.813521221879455,9.722222222222214,25724.999999999935,14.525303711138982
2060.0,34.333333333333336,265.3333333333333,False,19900.0,9128.789014518828,20000.0,0.0,35.0,-0.2086604939248478,40.996897432637866,40.91501980055167,1.1690005657300486,301.9554109763123,101324.6445779451,-0.35542205489764456,448.5801279917141,34.99999999999997,15150.24733186143,298.8864136412724,25.736413641272406,30.0,101325.0,234.62982776685558,28.805410976312317,9.722222222222214,25724.999999999935,14.56103287780565
2065.0,34.416666666666664,264.6666666666667,False,19850.0,8878.701066171552,20000.0,0.0,35.0,-0.20434401440227068,40.99187133207697,40.91610645845825,1.169031613098808,301.94743495334785,101324.65913080635,-0.3408691936492687,448.60742879798346,34.99999999999997,15150.649705760552,298.8870132425971,25.73701324259713,30.0,101325.0,234.650339342389,28.797434953347874,9.722222222222214,25724.999999999935,14.596762044472316
2070.0,34.5,264.0,False,19800.0,8635.464407936148,20000.0,20.0,35.0,-0.20719632536200414,64.28315458592635,64.2983949176002,1.1690617257745497,301.9396288407608,101324.64954843067,-0.3504515693348367,448.6317083363973,34.99999999999997,15151.039966038164,298.88761141057586,25.73761141057588,30.0,101325.0,234.66908369480385,28.789628840760827,9.722222222222214,25724.999999999935,14.632491211138982
2075.0,34.583333333333336,263.3333333333333,False,19750.0,8398.891345137572,20000.0,20.0,35.0,-0.20407579915419605,64.27952105113455,64.29809655769628,1.169056301049024,301.94106113888006,101324.66002504653,-0.3399749534728471,448.43849739891243,34.99999999999997,15150.969661595353,298.88820894371935,25.73820894371937,30.0,101325.0,234.56693097863396,28.79106113888008,9.722222222222214,25724.999999999935,14.66822037780565
2080.0,34.666666666666664,262.6666666666667,False,19700.0,8168.799325094553,20000.0,20.0,35.0,-0.20836160073398236,64.28451143035711,64.29781428860744,1.1690511688837724,301.94234366859314,101324.64559545583,-0.35440454416675493,448.24823247338156,34.99999999999997,15150.903148733689,298.8888065917874,25.73880659178741,30.0,101325.0,234.46637885446216,28.792343668593162,9.722222222222214,25724.999999999935,14.703949544472316
2085.0,34.75,262.0,False,19650.0,7945.010796251968,20000.0,20.0,35.0,-0.2108630179958406,64.28742407586768,64.29756126286223,1.1690465684156777,301.94350637158755,101324.63703500116,-0.3629649988433812,448.06091955449443,34.99999999999997,15150.843526667182,298.8894043324775,25.739404332477534,30.0,101325.0,234.36747830447422,28.79350637158757,9.722222222222214,25724.999999999935,14.739678711138982
2090.0,34.833333333333336,261.3333333333333,False,19600.0,7727.35307117239,20000.0,20.0,35.0,-0.20737146008788582,64.28335851246865,64.29734275567557,1.1690425955577384,301.9445680156067,101324.64895573503,-0.3510442649712786,447.87649436322783,34.99999999999997,15150.792038428288,298.89000214547605,25.74000214547607,30.0,101325.0,234.27021477488725,28.79456801560673,9.722222222222214,25724.999999999935,14.775407877805648
2095.0,34.916666666666664,260.6666666666667,False,19550.0,7515.658193281031,20000.0,20.0,35.0,-0.2093303487056283,64.28563943865605,64.297139880447,1.169038906917219,301.94550087713566,101324.64229228662,-0.3577077133813873,447.6949043862699,34.99999999999997,15150.744233647156,298.8906000119438,25.740600011943798,30.0,101325.0,234.1744918406741,28.79550087713568,9.722222222222214,25724.999999999935,14.811137044472316
2100.0,35.0,260.0,True,19500.0,257309.7628072613,20000.0,20.0,35.0,-0.13712061716367288,64.20155856434461,64.29696583421656,1.1690357424403017,301.94692679480494,101324.84651376611,-0.1534862338885432,447.51608732278754,34.99999999999997,15150.703222026312,298.8911979135083,25.7411979135083,30.0,101325.0,234.08032487640222,28.79692679480496,9.722222222222214,25724.999999999935,14.846866211138982
2105.0,35.083333333333336,259.3333333333333,True,19450.0,257109.5080330009,20000.0,20.0,35.0,0.4823315327227747,64.0418955780538,64.84430560486308,1.1687379353663023,302.02998447868447,101326.89913230579,1.8991323057853151,447.34216430533644,34.99999999999997,15146.843642347278,298.8918029518943,25.74180295189433,30.0,101325.0,233.929743877555,28.87998447868449,9.722222222222214,25724.999999999935,14.882595377805648
2110.0,35.166666666666664,258.6666666666667,True,19400.0,256914.73934299132,20000.0,20.0,35.0,0.47346479938119446,64.0418955780538,64.81706959610631,1.1684337697404719,302.1084023843051,101326.82995033676,1.8299503367597936,447.17081985940143,34.99999999999997,15142.901655836517,298.89242120936746,25.74242120936748,30.0,101325.0,233.77928509006335,28.958402384305145,9.722222222222214,25724.999999999935,14.918324544472316
2115.0,35.25,258.0,True,19350.0,256725.30644308592,20000.0,20.0,35.0,0.4647528694411877,64.0418955780538,64.79060726603434,1.1681401956039608,302.18412853985,101326.76322636452,1.7632263645209605,447.0019860440407,34.99999999999997,15139.096935027332,298.8930521932051,25.74305219320513,30.0,101325.0,233.63230348385187,29.03412853985003,9.722222222222214,25724.999999999935,14.954053711138982
2120.0,35.333333333333336,257.3333333333333,True,19300.0,256541.0631565248,20000.0,20.0,35.0,0.45539553545018685,64.0418955780538,64.76396064200866,1.167856797642133,302.2572483839352,101326.69293954047,1.6929395404731622,446.83561305142825,34.99999999999997,15135.424097442043,298.8936954603241,25.743695460324147,30.0,101325.0,233.4886866092371,29.1072483839352,9.722222222222214,25724.999999999935,14.989782877805649
2125.0,35.416666666666664,256.6666666666667,True,19250.0,256361.8673111368,20000.0,20.0,35.0,0.4454842398365662,64.0418955780538,64.73721760958092,1.1675832305756733,302.32785037844,101326.62005067708,1.620050677083782,446.6716519550328,34.99999999999997,15131.878668260726,298.89435058244567,25.74435058244569,30.0,101325.0,233.3483366914484,29.17785037844004,9.722222222222214,25724.999999999935,15.025512044472316
2130.0,35.5,256.0,True,19200.0,256187.5806296318,20000.0,0.0,35.0,0.43622586629121984,40.75393354967059,41.36538778498339,1.1673192269702835,302.3960266678718,101326.55341229732,1.553412297318573,446.51006284216277,34.99999999999997,15128.457181534874,298.8950171454984,25.745017145498423,30.0,101325.0,233.21117640589756,29.24602666787183,9.722222222222214,25724.999999999935,15.061241211138983
2135.0,35.583333333333336,255.33333333333334,True,19150.0,256018.06862289828,20000.0,0.0,35.0,0.43101873358097037,40.75393354967059,41.35101721191674,1.1670851894733956,302.45655659804635,101326.51654815263,1.5165481526346412,446.547456733416,34.99999999999997,15125.424055575206,298.895694310178,25.74569431017801,30.0,101325.0,233.18394639193028,29.30655659804637,9.722222222222214,25724.999999999935,15.096970377805649
2140.0,35.666666666666664,254.66666666666666,True,19100.0,255853.2004862243,20000.0,0.0,35.0,0.4242618130623276,40.75393354967059,41.33508589221733,1.1668580734398106,302.5152855791243,101326.4693721308,1.4693721307994565,446.5887302140429,34.99999999999997,15122.480631779945,298.89638127046595,25.746381270465974,30.0,101325.0,233.1601170726618,29.365285579124304,9.722222222222214,25724.999999999935,15.132699544472315
2145.0,35.75,254.0,True,19050.0,255692.84899836133,20000.0,0.0,35.0,0.41651779475928075,40.75393354967059,41.318224922192556,1.166637136988849,302.5724168739795,101326.41622100695,1.4162210069480352,446.62842214793073,34.99999999999997,15119.617295375485,298.8970777557876,25.747077755787643,30.0,101325.0,233.1366887200543,29.4224168739795,9.722222222222214,25724.999999999935,15.168428711138983
2150.0,35.833333333333336,253.33333333333334,True,19000.0,255536.89042335356,20000.0,0.0,35.0,0.4118899915958369,40.75393354967059,41.30522305501424,1.166422437910461,302.62801679396773,101326.38492543001,1.384925430014846,446.6665529071767,34.99999999999997,15116.834795319575,298.89778350232274,25.74778350232276,30.0,101325.0,233.1136843140272,29.478016793967754,9.722222222222214,25724.999999999935,15.204157877805649
2155.0,35.916666666666664,252.66666666666666,True,18950.0,255385.2044150563,20000.0,0.0,35.0,0.40193584810266936,40.75393354967059,41.286210005365355,1.1662133444484528,302.6820782241905,101326.3187953142,1.3187953142041806,446.70314262698605,34.99999999999997,15114.12494405195,298.8984982547153,25.748498254715344,30.0,101325.0,233.09098886128618,29.532078224190514,9.722222222222214,25724.999999999935,15.239887044472315
2160.0,36.0,252.0,True,18900.0,255237.67392427046,20000.0,20.0,35.0,0.3966746897271332,64.0418955780538,64.59308609776761,1.1660101704578651,302.7347172488623,101326.28449640384,1.284496403837693,446.7370030849163,34.99999999999997,15111.491809133933,298.8992217624075,25.7492217624075,30.0,101325.0,233.06804589489292,29.58471724886232,9.722222222222214,25724.999999999935,15.275616211138983
2165.0,36.083333333333336,251.33333333333334,True,18850.0,255094.18510842102,20000.0,20.0,35.0,0.3891125142225262,64.04189557805381,64.57269308579771,1.1658011864554987,302.7888411635945,101326.23598815285,1.235988152853679,446.56690733037834,34.99999999999998,15108.783376463263,298.8999540379173,25.749954037917348,30.0,101325.0,232.937548021482,29.63884116359452,9.722222222222216,25724.99999999996,15.31134537780565
2170.0,36.166666666666664,250.66666666666666,True,18800.0,254954.62724370972,20000.0,20.0,35.0,0.3836491659718913,64.04189557805381,64.5551580878023,1.1655995778527624,302.84111020426474,101326.20152393919,1.2015239391912473,446.3989955355577,34.99999999999998,15106.1705289718,298.9006950407505,25.750695040750543,30.0,101325.0,232.8096940646657,29.69111020426476,9.722222222222216,25724.99999999996,15.347074544472315
2175.0,36.25,250.0,True,18750.0,254818.8926396747,20000.0,20.0,35.0,0.37867850864905545,64.04189557805381,64.53859025378635,1.1654050257574624,302.8915738715474,101326.17059112582,1.1705911258177366,446.23354353309253,34.99999999999998,15103.649133816712,298.9014444631161,25.751444463116115,30.0,101325.0,232.684561931682,29.741573871547416,9.722222222222216,25724.99999999996,15.382803711138981
2180.0,36.333333333333336,249.33333333333334,True,18700.0,254686.87655609063,20000.0,20.0,35.0,0.3696601816741544,64.04189557805381,64.51767261937887,1.1652170594453546,302.94026993816993,101326.11549918298,1.115499182982603,446.0705015141278,34.99999999999998,15101.213090411797,298.9022020078911,25.75220200789113,30.0,101325.0,232.5620294944175,29.790269938169956,9.722222222222216,25724.99999999996,15.41853287780565
2185.0,36.416666666666664,248.66666666666666,True,18650.0,254558.4771221454,20000.0,20.0,35.0,0.3656154650654996,64.04189557805381,64.50292935230365,1.1650358947604154,302.98730497227683,101326.091221782,1.0912217820005026,445.9098205913829,34.99999999999998,15098.865196094983,298.9029673868303,25.752967386830335,30.0,101325.0,232.4421122838506,29.837304972276854,9.722222222222216,25724.99999999996,15.454262044472316
2190.0,36.5,248.0,False,18600.0,124433.59525783107,20000.0,20.0,35.0,0.3612726386343671,64.04189557805381,64.48818525518321,1.164860961129343,303.0327291886064,101326.06545240348,1.065452403476229,445.7514528292536,34.99999999999998,15096.598056236286,298.9037403232494,25.753740323249417,30.0,101325.0,232.32466947739394,29.882729188606447,9.722222222222216,25724.99999999996,15.489991211138982
2195.0,36.583333333333336,247.33333333333334,False,18550.0,121024.6718514501,20000.0,20.0,35.0,-0.05053266672353428,64.10073571924634,64.06656045561968,1.1648465537385402,303.0332284481831,101324.97915469056,-0.02084530943830032,445.59504280775803,34.99999999999998,15096.411336451481,298.9045168881441,25.75451688814411,30.0,101325.0,232.2402764596696,29.883228448183104,9.722222222222216,25724.99999999996,15.52572037780565
2200.0,36.666666666666664,246.66666666666666,False,18500.0,117709.13768425728,20000.0,20.0,35.0,-0.06014320189015858,64.11192620814798,64.06653865362263,1.1648461573385938,303.03330560313094,101324.9704717981,-0.02952820190694183,445.4407366085425,34.99999999999998,15096.406199108176,298.9052934083528,25.755293408352827,30.0,101325.0,232.1597744007469,29.883305603130964,9.722222222222216,25724.99999999996,15.561449544472316
2205.0,36.75,246.0,False,18450.0,114484.43430921332,20000.0,20.0,35.0,-0.09160055163967994,64.148555086472,64.06672891211703,1.1648496165839464,303.0322891488409,101324.93150480767,-0.06849519233219326,445.288573396063,34.99999999999998,15096.451030927945,298.90606970636844,25.756069706368464,30.0,101325.0,232.08115748917422,29.882289148840925,9.722222222222216,25724.99999999996,15.597178711138982
2210.0,36.833333333333336,245.33333333333334,False,18400.0,111348.07336927335,20000.0,20.0,35.0,-0.07300235669584638,64.12689938358957,64.06716007079616,1.1648574558326579,303.0303245425509,101324.95649515034,-0.043504849658347666,445.13854753044797,34.99999999999998,15096.552627591247,298.9068456097485,25.756845609748495,30.0,101325.0,232.0045264442481,29.88032454255091,9.722222222222216,25724.99999999996,15.63290787780565
2215.0,36.916666666666664,244.66666666666666,False,18350.0,108297.6346772349,20000.0,20.0,35.0,0.05320048817966852,64.04189557805381,64.12978049789884,1.164869252454596,303.0274549616669,101325.02310442402,0.02310442402085755,444.99059051866215,34.99999999999998,15096.705511811564,298.9076209567926,25.757620956792607,30.0,101325.0,231.92976056051296,29.8774549616669,9.722222222222216,25724.99999999996,15.668637044472316
2220.0,37.0,244.0,False,18300.0,105330.76434818938,20000.0,0.0,35.0,-0.011400476789205544,40.76720824319922,40.77092933693876,1.1648836953411081,303.02362558665646,101324.9989390133,-0.0010609867022139952,444.8448648643281,34.99999999999998,15096.892691620762,298.9083955958666,25.758395595866602,30.0,101325.0,231.85668282198293,29.873625586656487,9.722222222222216,25724.99999999996,15.704366211138982
2225.0,37.083333333333336,243.33333333333334,False,18250.0,102445.17298313603,20000.0,0.0,35.0,0.053094891254102675,40.7539335496706,40.833541754152186,1.1649054635783487,303.0180350694766,101325.02301279573,0.023012795732938685,444.8906304628047,34.99999999999998,15097.174807975398,298.90916930328524,25.75916930328526,30.0,101325.0,231.8848693786802,29.868035069476605,9.722222222222216,25724.99999999996,15.740095377805648
2230.0,37.166666666666664,242.66666666666666,False,18200.0,99638.63390235689,20000.0,0.0,35.0,-0.05376419623300567,40.816536477688636,40.772538288347626,1.1649296653813614,303.0116003833706,101324.97640335676,-0.023596643237397075,444.93478037569264,34.99999999999998,15097.488463342444,298.909941864825,25.75994186482501,30.0,101325.0,231.91269915836327,29.861600383370615,9.722222222222216,25724.99999999996,15.775824544472316
2235.0,37.25,242.0,False,18150.0,96908.9814271891,20000.0,0.0,35.0,-0.06247700405717138,40.82668165457713,40.77349559707891,1.1649570170593981,303.0044613406921,101324.96813570583,-0.03186429417110048,444.97723671296694,34.99999999999998,15097.8429410898,298.9107131532041,25.760713153204108,30.0,101325.0,231.94027426886447,29.854461340692126,9.722222222222216,25724.99999999996,15.811553711138982
2240.0,37.333333333333336,241.33333333333334,False,18100.0,94254.10920886917,20000.0,0.0,35.0,-0.019093508256683156,40.77616599443411,40.774556875918414,1.1649873393119554,302.99666113633776,101324.9970239832,-0.0029760167963104323,445.0180220279698,34.99999999999998,15098.235917482943,298.91148304915254,25.76148304915256,30.0,101325.0,231.96757088195173,29.846661136337787,9.722222222222216,25724.99999999996,15.847282877805648
2245.0,37.416666666666664,240.66666666666666,False,18050.0,91671.96860315939,20000.0,0.0,35.0,0.06798879456214792,40.7539335496706,40.85491746508118,1.1650202611966276,302.9882205987087,101325.03773449948,0.03773449947766494,445.05717795181357,34.99999999999998,15098.662585108294,298.91225143930507,25.76225143930509,30.0,101325.0,231.99453692620563,29.838220598708745,9.722222222222216,25724.99999999996,15.883012044472316
2250.0,37.5,240.0,False,18000.0,89160.56708950213,20000.0,0.0,35.0,-0.06738145612677732,40.832392389255475,40.77691036728212,1.165054581922347,302.97907137078715,101324.96293664792,-0.037063352079712786,445.0947270233806,34.99999999999998,15099.107381713618,298.91301821985735,25.763018219857372,30.0,101325.0,232.02094507755973,29.829071370787176,9.722222222222216,25724.99999999996,15.918741211138983
2255.0,37.583333333333336,239.33333333333334,False,17950.0,86717.96673348233,20000.0,0.0,35.0,-0.07825644848556053,40.84505520971099,40.778206331264755,1.165091609464708,302.96940379487614,101324.95000757772,-0.04999242228223011,445.1306687618055,34.99999999999998,15099.587258662616,298.91378329335186,25.763783293351878,30.0,101325.0,232.04705558655652,29.819403794876166,9.722222222222216,25724.99999999996,15.954470377805649
2260.0,37.666666666666664,238.66666666666666,False,17900.0,84342.28269141147,20000.0,0.0,35.0,-0.11906219337292845,40.89256934158483,40.77955907387349,1.165130259253529,302.9591571443824,101324.88427913559,-0.11572086441447027,445.165042056988,34.99999999999998,15100.088159925737,298.91454656726745,25.764546567267473,30.0,101325.0,232.0726727513557,29.809157144382425,9.722222222222216,25724.99999999996,15.990199544472315
2265.0,37.75,238.0,False,17850.0,82031.6817558795,20000.0,0.0,35.0,-0.11212695020188654,40.884493957603596,40.78100165321126,1.1651714758060367,302.948479458438,101324.89736773093,-0.10263226907409262,445.1978470305684,34.99999999999998,15100.622326446237,298.9153079565861,25.765307956586128,30.0,101325.0,232.09798477330034,29.79847945843801,9.722222222222216,25724.99999999996,16.02592871113898
2270.0,37.833333333333336,237.33333333333334,False,17800.0,79784.38094115187,20000.0,0.0,35.0,-0.11217698296431336,40.88455221565717,40.78250305826637,1.1652143730933255,302.937326157029,101324.89727611831,-0.10272388168959878,445.22912307534455,34.99999999999998,15101.1782752895,298.9160673812339,25.76606738123394,30.0,101325.0,232.12283571014834,29.787326157029042,9.722222222222216,25724.99999999996,16.06165787780565
2275.0,37.916666666666664,236.66666666666666,False,17750.0,77598.64610732057,20000.0,0.0,35.0,-0.09725068375314942,40.86717206119449,40.78407008364664,1.1652591452470475,302.9257628421444,101324.92279432253,-0.0772056774731027,445.25888600320184,34.99999999999998,15101.758522401735,298.91682476793017,25.76682476793019,30.0,101325.0,232.14727246398974,29.775762842144445,9.722222222222216,25724.99999999996,16.097387044472317
2280.0,38.0,236.0,False,17700.0,75472.79062214708,20000.0,0.0,35.0,-0.13077797609741523,40.90621117674586,40.78566586006571,1.165304738859021,302.9137240195007,101324.86038466096,-0.13961533903784584,445.2871784215119,34.99999999999998,15102.349415612913,298.91758004487525,25.767580044875274,30.0,101325.0,232.17110735689874,29.763724019500728,9.722222222222216,25724.99999999996,16.133116211138983
2285.0,38.083333333333336,235.33333333333331,False,17650.0,73405.17405956502,20000.0,0.0,35.0,-0.1171633756164607,40.89035836179427,40.78733755267924,1.1653525015051218,302.90139130179176,101324.88794076256,-0.11205923743546009,445.3139906231408,34.99999999999998,15102.96841950638,298.91833315040543,25.768333150405454,30.0,101325.0,232.19460377092702,29.751391301791784,9.722222222222216,25724.99999999996,16.16884537780565
2290.0,38.166666666666664,234.66666666666669,False,17600.0,71394.20093383775,20000.0,0.0,35.0,-0.14216970375035914,40.91947568279684,40.78903234606776,1.1654009241733654,302.8886474332227,101324.83500224764,-0.16499775236297864,445.33937464152484,34.99999999999998,15103.595977286815,298.91908402506135,25.769084025061375,30.0,101325.0,232.21748813621727,29.738647433222695,9.722222222222216,25724.99999999996,16.204574544472315
2295.0,38.25,234.0,False,17550.0,69438.3194683948,20000.0,0.0,35.0,-0.14582539475054782,40.92373236245683,40.79078247205485,1.1654509277729965,302.8756263244591,101324.82640778976,-0.17359221023798455,445.36332950258895,34.99999999999998,15104.244023938034,298.91983261512047,25.769832615120492,30.0,101325.0,232.2399433844967,29.725626324459142,9.722222222222216,25724.99999999996,16.24030371113898
2300.0,38.333333333333336,233.33333333333331,False,17500.0,67536.02039839608,20000.0,0.0,35.0,-0.14149928916055815,40.91869505332131,40.79257705775599,1.165502201650172,302.8623322622941,101324.8365547034,-0.16344529659545515,445.38588073689766,34.99999999999998,15104.90853338623,298.9205788695062,25.77057886950621,30.0,101325.0,232.26192087720807,29.712332262294126,9.722222222222216,25724.99999999996,16.276032877805648
2305.0,38.416666666666664,232.66666666666669,False,17450.0,65685.83580610105,20000.0,0.0,35.0,-0.1435942306358712,40.92113439919775,40.79440309752456,1.165554374214988,302.8487609609356,101324.8316791586,-0.1683208414033288,445.4070549823607,34.99999999999998,15105.584689826244,298.9213227439495,25.771322743949497,30.0,101325.0,232.28336039392596,29.6987609609356,9.722222222222216,25724.99999999996,16.311762044472317
2310.0,38.5,232.0,False,17400.0,63886.33798814323,20000.0,0.0,35.0,-0.1327441210526911,40.9085005521989,40.79627011921728,1.165607717691923,302.8349743854686,101324.85615508838,-0.1438449116249103,445.4268646149567,34.99999999999998,15106.276021287324,298.92206419495,25.77206419495002,30.0,101325.0,232.3043225722631,29.68497438546865,9.722222222222216,25724.99999999996,16.347491211138983
2315.0,38.583333333333336,231.33333333333331,False,17350.0,62136.13835383635,20000.0,0.0,35.0,-0.1555058881201379,40.93500431055719,40.79814428019183,1.1656612651483387,302.8209028621164,101324.80259525518,-0.19740474481659476,445.4453488033653,34.99999999999998,15106.969996322468,298.9228031871764,25.772803187176407,30.0,101325.0,232.32463505771878,29.670902862116407,9.722222222222216,25724.99999999996,16.38322037780565
2320.0,38.666666666666664,230.66666666666669,False,17300.0,60433.88635366209,20000.0,0.0,35.0,-0.159720970938423,40.93991234498812,40.80005735548406,1.1657159244424022,302.80667146761874,101324.79174866484,-0.2082513351633679,445.4625055827887,34.99999999999998,15107.678380773532,298.9235396853932,25.773539685393246,30.0,101325.0,232.34447768488758,29.656671467618764,9.722222222222216,25724.99999999996,16.418949544472316
2325.0,38.75,230.0,False,17250.0,58778.26843711233,20000.0,0.0,35.0,-0.15444105641928943,40.93376442254639,40.80200129730599,1.1657714656373148,302.79228522420226,101324.80528947014,-0.19471052986045834,445.4783575704929,34.99999999999998,15108.3981946596,298.92427365814615,25.77427365814617,30.0,101325.0,232.36381634782288,29.642285224202283,9.722222222222216,25724.99999999996,16.454678711138982
2330.0,38.833333333333336,229.33333333333331,False,17200.0,57168.00703908201,20000.0,0.0,35.0,-0.16863898688643836,40.95029646582641,40.803951854825335,1.165827195852153,302.7776989043749,101324.76784401716,-0.23215598284150474,445.492937287442,34.99999999999998,15109.120458243904,298.92500508012887,25.775005080128892,30.0,101325.0,232.38252982105624,29.627698904374938,9.722222222222216,25724.99999999996,16.490407877805648
2335.0,38.916666666666664,228.66666666666669,False,17150.0,55601.85959403008,20000.0,0.0,35.0,-0.1680482888515699,40.94960865815611,40.80593237238852,1.1658837820682442,302.7630084277579,101324.76946753154,-0.23053246845665853,445.5062473049149,34.99999999999998,15109.853815604445,298.92573392618993,25.775733926189957,30.0,101325.0,232.40075230676075,29.613008427757904,9.722222222222216,25724.99999999996,16.526137044472314
2340.0,39.0,228.0,False,17100.0,54078.617577148245,20000.0,0.0,35.0,-0.16992772058452324,40.951797064897704,40.80792728286863,1.165940779510533,302.7481922538956,101324.76428220226,-0.23571779773919843,445.51831427193133,34.99999999999998,15110.592502456508,298.9264601755744,25.776460175574414,30.0,101325.0,232.41840896470617,29.598192253895604,9.722222222222216,25724.99999999996,16.561866211138984
2345.0,39.083333333333336,227.33333333333331,False,17050.0,52597.105571797234,20000.0,0.0,35.0,-0.17033214753946546,40.95226797887621,40.809937446377404,1.1659982127536408,302.7332765158074,101324.76315885318,-0.23684114681964274,445.529154353301,34.99999999999998,15111.336837287185,298.9271838106727,25.77718381067274,30.0,101325.0,232.4355130385582,29.583276515807427,9.722222222222216,25724.99999999996,16.59759537780565
2350.0,39.166666666666664,226.66666666666669,False,17000.0,51156.18036249123,20000.0,0.0,35.0,-0.17761573939099357,40.96074897939963,40.8119539064652,1.1660558258990064,302.7182570906564,101324.74247060507,-0.2575293949339539,445.53878963358915,34.99999999999998,15112.083503651122,298.9279048159648,25.777904815964803,30.0,101325.0,232.45202494919593,29.568257090656402,9.722222222222216,25724.99999999996,16.633324544472316
2355.0,39.25,226.0,False,16950.0,49754.73005273039,20000.0,0.0,35.0,-0.1813804829538666,40.965132639656574,40.813983003829165,1.1661138001094054,302.70317426825335,101324.73143771758,-0.2685622824210441,445.5472324092121,34.99999999999998,15112.834849417894,298.9286231787895,25.77862317878953,30.0,101325.0,232.46798713682742,29.553174268253372,9.722222222222216,25724.99999999996,16.669053711138982
2360.0,39.333333333333336,225.33333333333331,False,16900.0,48391.67320700091,20000.0,0.0,35.0,-0.1790444293593086,40.962412543286256,40.81602515452349,1.1661721472721003,302.68804963421167,101324.73831095768,-0.26168904232326895,445.5544984642917,34.99999999999998,15113.59102864642,298.92933888891633,25.779338888916357,30.0,101325.0,232.48341011845164,29.53804963421169,9.722222222222216,25724.99999999996,16.70478287780565
2365.0,39.416666666666664,224.66666666666669,False,16850.0,47065.958016280325,20000.0,0.0,35.0,-0.18469258062260052,40.96898923989376,40.81806656706424,1.1662304733446933,302.67286135817534,101324.72154000541,-0.27845999458804727,445.56061226570927,34.99999999999998,15114.346934547226,298.93005193869345,25.780051938693475,30.0,101325.0,232.49822801683428,29.522861358175362,9.722222222222216,25724.99999999996,16.740512044472315
2370.0,39.5,224.0,False,16800.0,45776.56148640433,20000.0,0.0,35.0,-0.18742349583627124,40.972169112383696,40.82011470648506,1.1662889916138595,302.65765004110364,101324.71324435272,-0.2867556472774595,445.5655847614082,34.99999999999998,15115.105331315619,298.9307623223957,25.78076232239573,30.0,101325.0,232.51248897566467,29.50765004110366,9.722222222222216,25724.99999999996,16.77624121113898
2375.0,39.583333333333336,223.33333333333331,False,16750.0,44522.48864866866,20000.0,0.0,35.0,-0.18350934850613165,40.967611486663806,40.822171253716355,1.1663477501061823,302.64243809614015,101324.72509648172,-0.2749035182787338,445.56943030993534,34.99999999999998,15115.866841376122,298.9314700364615,25.781470036461542,30.0,101325.0,232.52620997447974,29.492438096140177,9.722222222222216,25724.99999999996,16.81197037780565
2380.0,39.666666666666664,222.66666666666669,False,16700.0,43302.771792056934,20000.0,0.0,35.0,-0.18914587226503554,40.974174644227276,40.82422050861872,1.16640630024625,302.627195130123,101324.70794970616,-0.29205029383592773,445.5721739506411,34.99999999999998,15116.625651191398,298.9321750797351,25.78217507973511,30.0,101325.0,232.5393145636618,29.47719513012305,9.722222222222216,25724.99999999996,16.847699544472317
2385.0,39.75,222.0,False,16650.0,42116.46971650209,20000.0,0.0,35.0,-0.19411916047860003,40.97996553158096,40.82626975528837,1.166464850151097,302.611958494656,101324.69238980845,-0.30761019155033864,445.5738261226018,34.99999999999998,15117.384457958216,298.9328774524876,25.78287745248764,30.0,101325.0,232.551849595335,29.461958494656017,9.722222222222216,25724.99999999996,16.883428711138983
2390.0,39.833333333333336,221.33333333333331,False,16600.0,40962.66700660504,20000.0,0.0,35.0,-0.19573600758540308,40.98184818528241,40.828320107976424,1.1665234316564699,302.59674629283177,101324.68724420681,-0.31275579318753444,445.5744009269904,34.99999999999998,15118.143674267849,298.9335771569048,25.783577156904812,30.0,101325.0,232.56382869063796,29.44674629283179,9.722222222222216,25724.99999999996,16.91915787780565
2395.0,39.916666666666664,220.66666666666669,False,16550.0,39840.47332525019,20000.0,0.0,35.0,-0.19605722051288213,40.98222220500532,40.83036841428756,1.1665819546939311,302.5815630820824,101324.68621686763,-0.3137831323692808,445.57391493831847,34.99999999999998,15118.902132833347,298.93427419698304,25.784274196983063,30.0,101325.0,232.57524245977407,29.431563082082448,9.722222222222216,25724.99999999996,16.954887044472315
2400.0,40.0,220.0,False,16500.0,38749.02272657279,20000.0,0.0,35.0,-0.19648452309578643,40.982719755321575,40.8324121231304,1.1666403463751551,302.5664144406581,101324.68484760966,-0.31515239033615217,445.57238402602553,34.99999999999998,15119.65888902201,298.93496857832076,25.784968578320786,30.0,101325.0,232.58608457189408,29.416414440658116,9.722222222222216,25724.99999999996,16.99061621113898
2405.0,40.083333333333336,219.0,False,16425.0,37687.472987747824,20000.0,0.0,35.0,-0.19759386822342442,40.98401147468202,40.834450049460045,1.1666985728417163,302.551303591941,101324.6812788836,-0.3187211164040491,445.5695636062704,34.99999999999998,15120.413504028644,298.93566030777663,25.785660307776652,30.0,101325.0,232.59622051760044,29.40130359194103,9.722222222222216,25724.99999999996,17.026345377805647
2410.0,40.166666666666664,218.0,False,16350.0,36655.004959084974,20000.0,0.0,35.0,-0.19935736874116894,40.98606489133673,40.83648160676045,1.1667566173360135,302.5362350294284,101324.67556440432,-0.32443559568491764,445.5652127427003,34.99999999999998,15121.165760674736,298.93634939273954,25.786349392739567,30.0,101325.0,232.60552107607313,29.386235029428406,9.722222222222216,25724.99999999996,17.062074544472317
2415.0,40.25,217.0,False,16275.0,35650.821931928,20000.0,0.0,35.0,-0.20159652853434754,40.988672164748685,40.83850585235652,1.1668144529244726,302.5212173090008,101324.66823542598,-0.3317645740171429,445.55935286499636,34.99999999999998,15121.915309901164,298.9370358417698,25.787035841769807,30.0,101325.0,232.61399194753852,29.371217309000826,9.722222222222216,25724.99999999996,17.097803711138983
2420.0,40.333333333333336,216.0,False,16200.0,34674.14902387088,20000.0,0.0,35.0,-0.20384773499457648,40.991293465276875,40.8405221827964,1.1668720623656121,302.5062593408342,101324.66078449745,-0.3392155025503598,445.5520048775208,34.99999999999998,15122.661928258332,298.93771966472775,25.787719664727774,30.0,101325.0,232.62164049343536,29.356259340834242,9.722222222222216,25724.99999999996,17.13353287780565
2425.0,40.416666666666664,215.0,False,16125.0,33724.23258081628,20000.0,0.0,35.0,-0.20525226481956316,40.99292889713848,40.84253045423427,1.1669294415495512,302.4913707775381,101324.65609394111,-0.34390605888620485,445.54318911860753,34.99999999999998,15123.405562482183,298.93840087269416,25.788400872694183,30.0,101325.0,232.62847640072914,29.341370777538145,9.722222222222216,25724.99999999996,17.169262044472315
2430.0,40.5,214.0,False,16050.0,32800.33959541494,20000.0,0.0,35.0,-0.20484350249115812,40.992452935059355,40.844530700331454,1.1669865914380422,302.4765611978517,101324.65746236316,-0.34253763683955185,445.532925541101,34.99999999999998,15124.146225037028,298.9390794779032,25.789079477903215,30.0,101325.0,232.63451016917358,29.32656119785173,9.722222222222216,25724.99999999996,17.20499121113898
2435.0,40.583333333333336,213.0,False,15975.0,31901.7571414372,20000.0,0.0,35.0,-0.20260104847254123,40.98984182585756,40.8465220719291,1.1670434877694036,302.4618369623892,101324.66492094006,-0.3350790599361062,445.5212343787976,34.99999999999998,15124.88360149147,298.9397554937,25.7897554937,30.0,101325.0,232.63974742008045,29.311836962389236,9.722222222222216,25724.99999999996,17.240720377805648
2440.0,40.666666666666664,212.0,False,15900.0,31027.79182364027,20000.0,0.0,35.0,-0.20235263435550674,40.989552572931316,40.84850010895136,1.1671000031128969,302.44719308117874,101324.66574213363,-0.33425786637235433,445.50813785214723,34.99999999999998,15125.616040343144,298.940428934545,25.790428934545048,30.0,101325.0,232.64417425047446,29.29719308117876,9.722222222222216,25724.99999999996,17.276449544472317
2445.0,40.75,211.0,False,15825.0,30177.76924270655,20000.0,0.0,35.0,-0.20701615995997863,40.994982773291085,40.85046125211177,1.1671560357746227,302.43262672270475,101324.6501576287,-0.34984237130265683,445.4936573490009,34.99999999999998,15126.34222363911,298.94109981582903,25.791099815829057,30.0,101325.0,232.64778145918572,29.282626722704777,9.722222222222216,25724.99999999996,17.312178711138984
2450.0,40.833333333333336,210.0,False,15750.0,29351.033474840428,20000.0,0.0,35.0,-0.21005038246032923,40.998515816209775,40.85241101671873,1.1672117433348217,302.4181616764321,101324.63982723941,-0.3601727605855558,445.47780833094106,34.99999999999998,15127.06419361929,298.94176815359754,25.79176815359756,30.0,101325.0,232.65060843546655,29.2681616764321,9.722222222222216,25724.99999999996,17.34790787780565
2455.0,40.916666666666664,209.0,False,15675.0,28546.94656562161,20000.0,0.0,35.0,-0.20774586489727812,40.99583244033467,40.85435245941322,1.1672672131260928,302.4038138981214,101324.64768698464,-0.35231301536259707,445.46060754367534,34.99999999999998,15127.783082114163,298.94243396479357,25.792433964793588,30.0,101325.0,232.65268123636324,29.25381389812145,9.722222222222216,25724.99999999996,17.383637044472316
2460.0,41.0,208.0,False,15600.0,27764.888037724744,20000.0,0.0,35.0,-0.20574640498017854,40.99350427300333,40.85627942369029,1.1673222692482947,302.3895713278057,101324.65443605582,-0.3455639441817766,445.4420772225467,34.99999999999998,15128.4966094579,298.94309726738624,25.79309726738626,30.0,101325.0,232.6539763223172,29.23957132780572,9.722222222222216,25724.99999999996,17.419366211138982
2465.0,41.083333333333336,207.0,False,15525.0,27004.254412125236,20000.0,0.0,35.0,-0.2112428002564983,40.999904265227734,40.85818434621623,1.1673766956061786,302.37541724857203,101324.63572636196,-0.3642736380425049,445.42224021608604,34.99999999999998,15129.201975056074,298.9437580801,25.79375808010002,30.0,101325.0,232.65446247259158,29.225417248572057,9.722222222222216,25724.99999999996,17.455095377805648
2470.0,41.166666666666664,206.0,False,15450.0,26264.458742421903,20000.0,0.0,35.0,-0.21177721316800102,41.00052653460725,40.86007885143876,1.1674308243268223,302.3613919006368,101324.63388091415,-0.3661190858547343,445.40110718075294,34.99999999999998,15129.903483275617,298.9444164218125,25.794416421812514,30.0,101325.0,232.65421136359805,29.21139190063684,9.722222222222216,25724.99999999996,17.490824544472314
2475.0,41.25,205.0,False,15375.0,25544.93016191716,20000.0,0.0,35.0,-0.20740102084505066,40.99543090457497,40.861962435955114,1.1674846410272897,302.3474988486723,101324.64885564533,-0.3511443546740338,445.3786960869348,34.99999999999998,15130.600947713674,298.9450723123561,25.795072312356126,30.0,101325.0,232.65322943064282,29.197498848672296,9.722222222222216,25724.99999999996,17.526553711138984
2480.0,41.333333333333336,204.0,False,15300.0,24845.113443105078,20000.0,0.0,35.0,-0.2127001442125737,41.00160119376331,40.863820296536026,1.167537722758173,302.3336984916633,101324.63068284614,-0.3693171538616298,445.35503353665547,34.99999999999998,15131.288886945922,298.94572577252274,25.795725772522758,30.0,101325.0,232.6514462078157,29.183698491663336,9.722222222222216,25724.99999999996,17.56228287780565
2485.0,41.416666666666664,203.0,False,15225.0,24164.46856922757,20000.0,0.0,35.0,-0.21326475092928765,41.00225862075229,40.86566618977931,1.1675904625651239,302.3200362865204,101324.62871955927,-0.3712804407259682,445.33012815501513,34.99999999999998,15131.972394844006,298.9463768228448,25.79637682284482,30.0,101325.0,232.64894445175702,29.17003628652043,9.722222222222216,25724.99999999996,17.598012044472316
2490.0,41.5,202.0,False,15150.0,23502.47031756802,20000.0,0.0,35.0,-0.209211129184483,40.997538591288766,40.86749965586404,1.1676428473104017,302.3065148098102,101324.6426996198,-0.35730038020119537,445.3039971701113,34.99999999999998,15132.651301142807,298.94702548474146,25.797025484741482,30.0,101325.0,232.6457304689896,29.156514809810233,9.722222222222216,25724.99999999996,17.633741211138982
2495.0,41.583333333333336,201.0,False,15075.0,22858.607854160746,20000.0,0.0,35.0,-0.2151105916098037,41.0044079141362,40.86930588196863,1.167694453770533,302.2930933550408,101324.62226476226,-0.37773523773648776,445.27666645525727,34.99999999999998,15133.320120866107,298.9476717804627,25.797671780462736,30.0,101325.0,232.6417333841828,29.143093355040833,9.722222222222216,25724.99999999996,17.66947037780565
2500.0,41.666666666666664,200.0,False,15000.0,22232.384339603657,20000.0,0.0,35.0,-0.21264516926322094,41.001537181036646,40.871102772224404,1.1677457934921265,302.27982877968657,101324.63087373052,-0.36912626947741956,445.2481414024554,34.99999999999998,15133.98548365796,298.948315731753,25.798315731753007,30.0,101325.0,232.637057869804,29.12982877968659,9.722222222222216,25724.99999999996,17.705199544472315
2505.0,41.75,199.0,False,14925.0,21623.316545669913,20000.0,0.0,35.0,-0.21253543860821913,41.0014094108703,40.87287933309278,1.1677965523740803,302.26669116654,101324.6312545905,-0.36874540950520895,445.21844506056067,34.99999999999998,15134.643318768081,298.94895736154064,25.79895736154066,30.0,101325.0,232.63165332634085,29.116691166540022,9.722222222222216,25724.99999999996,17.74092871113898
2510.0,41.833333333333336,198.0,False,14850.0,21030.934482422574,20000.0,0.0,35.0,-0.21634129478827097,41.005840942580626,40.87463372971506,1.1678466779918595,302.2536777090137,101324.61793015648,-0.38206984351563733,445.187594579569,34.99999999999998,15135.292946774498,298.9495966928089,25.799596692808905,30.0,101325.0,232.62551821605427,29.10367770901371,9.722222222222216,25724.99999999996,17.77665787780565
2515.0,41.916666666666664,197.0,False,14775.0,20454.781035544784,20000.0,0.0,35.0,-0.21098234614686684,40.999600992956964,40.87637885829264,1.1678965388083618,302.24082940405543,101324.63662407848,-0.36337592151539866,445.15559781833485,34.99999999999998,15135.939142956368,298.95023374843856,25.800233748438586,30.0,101325.0,232.61872998372795,29.090829404055455,9.722222222222216,25724.99999999996,17.812387044472317
2520.0,42.0,196.0,False,14700.0,19894.411613605433,20000.0,0.0,35.0,-0.21674839544792576,41.00631496981581,40.878094164765706,1.1679455475647351,302.2280868703852,101324.61649088221,-0.38350911778979935,445.1224830194715,34.99999999999998,15136.574296438968,298.95086855250975,25.80086855250977,30.0,101325.0,232.61118636293287,29.07808687038522,9.722222222222216,25724.99999999996,17.848116211138983
2525.0,42.083333333333336,195.0,False,14625.0,19349.39380498812,20000.0,0.0,35.0,-0.21377570179705757,41.00285357097264,40.87979939686405,1.1679942684818307,302.21551109502946,101324.6269383618,-0.37306163819448557,445.0882534092312,34.99999999999998,15137.205719524527,298.9515011281912,25.801501128191205,30.0,101325.0,232.603001367137,29.06551109502948,9.722222222222216,25724.99999999996,17.88384537780565
2530.0,42.166666666666664,194.0,False,14550.0,18819.30704421878,20000.0,0.0,35.0,-0.21505024370713632,41.00433764515292,40.881481330246736,1.168042323721336,302.2030641299564,101324.62247667495,-0.3775233250489691,445.05293227772233,34.99999999999998,15137.828515428515,298.95213149980293,25.802131499802954,30.0,101325.0,232.5941118690284,29.053064129956397,9.722222222222216,25724.99999999996,17.919574544472315
2535.0,42.25,193.0,False,14475.0,18303.74228743442,20000.0,0.0,35.0,-0.21671101534917978,41.006271444499795,40.88314370773486,1.1680898202209966,302.19075858676086,101324.6166231496,-0.38337685039732605,445.01653227807486,34.99999999999998,15138.444070064117,298.95275969133553,25.802759691335552,30.0,101325.0,232.58454573576287,29.040758586760887,9.722222222222216,25724.99999999996,17.95530371113898
2540.0,42.333333333333336,192.0,False,14400.0,17802.30169674255,20000.0,0.0,35.0,-0.21311220167702666,41.00208099269258,40.884792118923116,1.1681369176835183,302.17861238407943,101324.6292505265,-0.37074947349901777,444.97906474365215,34.99999999999998,15139.054453178398,298.9533857268975,25.803385726897545,30.0,101325.0,232.5743406459664,29.02861238407945,9.722222222222216,25724.99999999996,17.991032877805647
2545.0,42.416666666666664,191.0,False,14325.0,17314.59833322777,20000.0,0.0,35.0,-0.21819607928735132,41.008000650129894,40.886412392342415,1.168183211209784,302.16658407296075,101324.61135078354,-0.38864921646018047,444.9405528814166,34.99999999999998,15139.654417278802,298.9540096312633,25.80400963126334,30.0,101325.0,232.56342807429644,29.016584072960768,9.722222222222216,25724.99999999996,18.026762044472317
2550.0,42.5,190.0,False,14250.0,16840.255858368593,20000.0,0.0,35.0,-0.21251967222071386,41.00139105251862,40.88802408826185,1.168229259664625,302.15473299626495,101324.6313092973,-0.3686907027004054,444.9009991007603,34.99999999999998,15140.251205253542,298.95463142835496,25.80463142835498,30.0,101325.0,232.55192050646264,29.004732996264977,9.722222222222216,25724.99999999996,18.062491211138983
2555.0,42.583333333333336,189.0,False,14175.0,16378.908243634109,20000.0,0.0,35.0,-0.21824026658941456,41.00805210174052,40.88960476631821,1.1682744218948067,302.142992552816,101324.61119335542,-0.3888066445797449,444.86043122848594,34.99999999999998,15140.836507756696,298.9552511433657,25.805251143365695,30.0,101325.0,232.53970481821793,28.99299255281602,9.722222222222216,25724.99999999996,18.09822037780565
2560.0,42.666666666666664,188.0,False,14100.0,15930.199488036404,20000.0,0.0,35.0,-0.2140593251292397,41.00318382144216,40.89117590568736,1.1683193115910682,302.1314274722988,101324.62594779857,-0.37405220142682083,444.81885014868107,34.99999999999998,15141.418278220242,298.9558688002802,25.805868800280223,30.0,101325.0,232.52690359942795,28.981427472298833,9.722222222222216,25724.99999999996,18.133949544472316
2565.0,42.75,187.0,False,14025.0,15493.78334342076,20000.0,0.0,35.0,-0.21725015856592778,41.00689922183777,40.8927200028423,1.1683634286526379,302.11998557970037,101324.61471321309,-0.38528678691363893,444.77628026281957,34.99999999999998,15141.990035338185,298.9564844242459,25.806484424245923,30.0,101325.0,232.51343003654034,28.969985579700392,9.722222222222216,25724.99999999996,18.16967871113898
2570.0,42.833333333333336,186.0,False,13950.0,15069.32304728174,20000.0,0.0,35.0,-0.21608187549408756,41.00553887524701,40.894248922945415,1.1684071120841555,302.10870249142005,101324.61884590272,-0.38115409728197847,444.7327279467459,34.99999999999998,15142.556172610655,298.9570980395603,25.807098039560344,30.0,101325.0,232.4993549063004,28.95870249142007,9.722222222222216,25724.99999999996,18.205407877805648
2575.0,42.916666666666664,185.0,False,13875.0,14656.491062898795,20000.0,0.0,35.0,-0.21570840487818946,41.00510400677092,40.89575744814926,1.1684502128042653,302.0975625074745,101324.6201623189,-0.37983768110279925,444.6882097545181,34.99999999999998,15143.114757943278,298.9577096710301,25.807709671030125,30.0,101325.0,232.48465716849938,28.947562507474515,9.722222222222216,25724.99999999996,18.241137044472314
2580.0,43.0,184.0,False,13800.0,14254.968826591117,20000.0,0.0,35.0,-0.2177299834001807,41.007457928963795,40.89724397239938,1.1684926849256974,302.08656060462505,101324.61300942309,-0.3869905769097386,444.6427398571345,34.99999999999998,15143.665196637037,298.95831934330903,25.80831934330905,30.0,101325.0,232.4693350818162,28.936560604625072,9.722222222222216,25724.99999999996,18.276866211138984
2585.0,43.083333333333336,183.0,False,13725.0,13864.446501896495,20000.0,0.0,35.0,-0.2141238145038662,41.003258912747526,40.89871666382621,1.1685347618236066,302.0757208953856,101324.62572238418,-0.3742776158178458,444.59632635868275,34.99999999999998,15144.210513233942,298.9589270807547,25.8089270807547,30.0,101325.0,232.45343929219726,28.92572089538561,9.722222222222216,25724.99999999996,18.31259537780565
2590.0,43.166666666666664,182.0,False,13650.0,13484.622740484627,20000.0,0.0,35.0,-0.21869111148775855,41.00857706468419,40.90016157558024,1.168576045016579,302.06500112464056,101324.6095852878,-0.3904147121938877,444.5489904964832,34.99999999999998,15144.745543414863,298.95953290828385,25.80953290828387,30.0,101325.0,232.43690161473737,28.915001124640582,9.722222222222216,25724.99999999996,18.348324544472316
2595.0,43.25,181.0,False,13575.0,13115.204449620274,20000.0,0.0,35.0,-0.21309133837475835,41.002056699503036,40.90159735005269,1.1686170671443632,302.05445653438414,101324.62932311436,-0.37067688563547563,444.5007337438134,34.99999999999998,15145.277190190947,298.9601368498221,25.81013684982213,30.0,101325.0,232.41982875289372,28.904456534384167,9.722222222222216,25724.99999999996,18.384053711138982
2600.0,43.333333333333336,180.0,False,13500.0,12755.906565996933,20000.0,0.0,35.0,-0.2188270120843854,41.00873530708088,40.90300227524589,1.168657207864169,302.0440213656434,101324.60909990843,-0.3909000915737124,444.4515816137308,34.99999999999998,15145.79741391963,298.960738930361,25.810738930361026,30.0,101325.0,232.40211065063366,28.894021365643425,9.722222222222216,25724.99999999996,18.41978287780565
2605.0,43.416666666666664,179.0,False,13425.0,12406.451835766444,20000.0,0.0,35.0,-0.21340113116036102,41.002417421634426,40.904399208787034,1.1686971202510588,302.03376327294666,101324.62824454873,-0.3717554512695642,444.40153275302777,34.99999999999998,15146.31467845372,298.9613391735158,25.81133917351582,30.0,101325.0,232.38387646777912,28.88376327294668,9.722222222222216,25724.99999999996,18.455512044472314
2610.0,43.5,178.0,False,13350.0,12066.57060059478,20000.0,0.0,35.0,-0.21809899441147879,41.007887604684754,40.90576668185539,1.1687361909101548,302.02361700833575,101324.6116965603,-0.38830343970039394,444.35061214037654,34.99999999999998,15146.821034195606,298.961937604072,25.811937604072,30.0,101325.0,232.36501728023796,28.87361700833577,9.722222222222216,25724.99999999996,18.49124121113898
2615.0,43.583333333333336,177.0,False,13275.0,11736.000589578987,20000.0,0.0,35.0,-0.21495019669387402,41.00422115060062,40.90712298861998,1.1687749425320002,302.01363636423827,101324.62282786075,-0.3771721392549807,444.298820859355,34.99999999999998,15147.323255214722,298.96253424553686,25.81253424553688,30.0,101325.0,232.34563757430942,28.86363636423829,9.722222222222216,25724.99999999996,18.52697037780565
2620.0,43.666666666666664,176.0,False,13200.0,11414.486716864629,20000.0,0.0,35.0,-0.21658447646204346,41.006124102859864,40.90845543505208,1.1688130124300602,302.00378219216975,101324.61707073107,-0.382929268933367,444.246178289747,34.99999999999998,15147.81664109358,298.96312912219605,25.813129122196074,30.0,101325.0,232.3256753704326,28.853782192169774,9.722222222222216,25724.99999999996,18.562699544472316
2625.0,43.75,175.0,False,13125.0,11101.780884807627,20000.0,0.0,35.0,-0.21667003066661644,41.00622372201323,40.909770549702884,1.1688505871343688,301.9940728614284,101324.6167681454,-0.38323185460467357,444.19269221498445,34.99999999999998,15148.30360926142,298.96372225761587,25.813722257615893,30.0,101325.0,232.30517181610332,28.8440728614284,9.722222222222216,25724.99999999996,18.598428711138983
2630.0,43.833333333333336,174.0,False,13050.0,10797.64179252859,20000.0,0.0,35.0,-0.21457615302125096,41.003785614858366,40.91106909035379,1.1688876882958232,301.9845093664215,101324.62413938412,-0.37586061588081066,444.13837369779935,34.99999999999998,15148.784440313868,298.96431367540197,25.81431367540199,30.0,101325.0,232.2841369926508,28.834509366421514,9.722222222222216,25724.99999999996,18.63415787780565
2635.0,43.916666666666664,173.0,False,12975.0,10501.834749711903,20000.0,0.0,35.0,-0.21795388120793802,41.00771863514606,40.91234343865214,1.1689240982472047,301.97506753093097,101324.61221310748,-0.38778689251921605,444.08323857793863,34.99999999999998,15149.256313283773,298.9649033992142,25.814903399214245,30.0,101325.0,232.26253592760764,28.825067530930994,9.722222222222216,25724.99999999996,18.669887044472315
2640.0,44.0,172.0,False,12900.0,10214.131495505842,20000.0,0.0,35.0,-0.2127802109272306,41.001694423293834,40.91360791962246,1.1689602262749281,301.9657888669562,101324.6304047497,-0.36959525030397344,444.02728961071745,34.99999999999998,15149.724532523069,298.96549145193484,25.81549145193486,30.0,101325.0,232.2404513873618,28.81578886695621,9.722222222222216,25724.99999999996,18.70561621113898
2645.0,44.083333333333336,171.0,False,12825.0,9934.310022384087,20000.0,0.0,35.0,-0.2182684857343498,41.00808496005931,40.914843254315976,1.1689955215518857,301.95661411542744,101324.6110928011,-0.3889071988960495,443.97054916499684,34.99999999999998,15150.181959312438,298.96607785721653,25.816077857216555,30.0,101325.0,232.2177856332969,28.806614115427465,9.722222222222216,25724.99999999996,18.741345377805647
2650.0,44.166666666666664,170.0,False,12750.0,9662.154404832574,20000.0,0.0,35.0,-0.21263236330925278,41.00152226980816,40.91607159807942,1.169030617087984,301.94760813806045,101324.63091818836,-0.369081811644719,443.91301513338266,34.99999999999998,15150.636797460273,298.96666263734727,25.816662637347292,30.0,101325.0,232.19466331844305,28.79760813806047,9.722222222222216,25724.99999999996,18.777074544472313
2655.0,44.25,169.0,False,12675.0,9397.454632729605,20000.0,0.0,35.0,-0.21725152576271425,41.00690081379912,40.91727151489667,1.1690649004256197,301.9387050889811,101324.6147083637,-0.38529163629573304,443.8547107992851,34.99999999999998,15151.081109516032,298.9672458156746,25.817245815674596,30.0,101325.0,232.17097496860885,28.788705088981146,9.722222222222216,25724.99999999996,18.81280371113898
2660.0,44.333333333333336,168.0,False,12600.0,9140.006449290584,20000.0,0.0,35.0,-0.2146080012986675,41.003822698932126,40.91846084075717,1.1690988811644913,301.9299567835962,101324.62402780227,-0.3759721977257868,443.7956363365115,34.99999999999998,15151.521499891809,298.9678274142121,25.817827414212104,30.0,101325.0,232.14682189354193,28.77995678359622,9.722222222222216,25724.99999999996,18.848532877805646
2665.0,44.416666666666664,167.0,False,12525.0,8889.611193452321,20000.0,0.0,35.0,-0.2149488768508511,41.004219613777906,40.919629386103395,1.1691322681743834,301.92133098235456,101324.62283249258,-0.3771675074240193,443.73580813428,34.99999999999998,15151.95419554001,298.9684074555915,25.81840745559151,30.0,101325.0,232.1221548538087,28.771330982354584,9.722222222222216,25724.99999999996,18.884262044472315
2670.0,44.5,166.0,False,12450.0,8646.075646575333,20000.0,20.0,35.0,-0.21650744167999814,64.29399643208913,64.30401259145626,1.1691638652992051,301.91315508007494,101324.61734308324,-0.3826569167576963,443.6690464477565,34.99999999999998,15152.363694277698,298.9689859631071,25.81898596310714,30.0,101325.0,232.09350364125885,28.763155080074966,9.722222222222216,25724.99999999996,18.91999121113898
2675.0,44.583333333333336,165.0,False,12375.0,8409.211883345795,20000.0,20.0,35.0,-0.21340996022390898,64.29038973056247,64.3037933413692,1.1691598789339859,301.9142168737107,101324.62821378675,-0.3717862132471055,443.4270853733268,34.99999999999998,15152.312030984458,298.9695638019676,25.819563801967604,30.0,101325.0,231.96613731535194,28.764216873710723,9.722222222222216,25724.99999999996,18.955720377805648
2680.0,44.666666666666664,164.0,False,12300.0,8178.83712676212,20000.0,20.0,35.0,-0.21916508308690316,64.29709098469758,64.30359797914925,1.1691563268936231,301.91507357116706,101324.60789115392,-0.39210884607746266,443.1896433009682,34.99999999999998,15152.265996541355,298.97014168885573,25.820141688855756,30.0,101325.0,231.84122195629766,28.76507357116708,9.722222222222216,25724.99999999996,18.991449544472314
2685.0,44.75,163.0,False,12225.0,7954.773607094249,20000.0,20.0,35.0,-0.21414662600208054,64.29124750279595,64.30344515641963,1.1691535482985391,301.91584399247836,101324.62564263324,-0.3743573667597957,442.95562510138853,34.99999999999998,15152.229985949067,298.9707196021995,25.820719602199517,30.0,101325.0,231.71825173332388,28.76584399247838,9.722222222222216,25724.99999999996,19.02717871113898
2690.0,44.833333333333336,162.0,False,12150.0,7736.848424706833,20000.0,20.0,35.0,-0.2212725594793252,64.2995449262077,64.3032969807295,1.1691508541950821,301.9164642328096,101324.60031391364,-0.3996860863553593,442.72497241928187,34.99999999999998,15152.195070368265,298.9712975234399,25.82129752343991,30.0,101325.0,231.5970593892108,28.766464232809597,9.722222222222216,25724.99999999996,19.062907877805646
2695.0,44.916666666666664,161.0,False,12075.0,7524.893416640433,20000.0,20.0,35.0,-0.21636014498798556,64.2938249201006,64.30319101144043,1.1691489274807356,301.9170140727443,101324.61786357274,-0.38213642725895625,442.49760146808427,34.99999999999998,15152.170100150333,298.97187543355295,25.821875433552975,30.0,101325.0,231.47773626120122,28.767014072744303,9.722222222222216,25724.99999999996,19.098637044472312
2700.0,45.0,160.0,True,12000.0,257318.7450268478,20000.0,20.0,35.0,-0.21985753028773444,64.29789726890355,64.30309280110153,1.16914714183821,301.91743808225806,101324.60540952143,-0.39459047856507823,442.2734553888902,34.99999999999998,15152.1469582232,298.972453315684,25.822453315684015,30.0,101325.0,231.3601284221631,28.76743808225808,9.722222222222216,25724.99999999996,19.134366211138982
2705.0,45.083333333333336,159.0,True,11925.0,257118.2441799852,20000.0,20.0,35.0,0.47373723307066035,64.04189557805381,64.84064093831199,1.1688529414538396,302.0000671492921,101326.83205686529,1.8320568652852671,442.0542628885668,34.99999999999998,15148.334121241762,298.9730381667552,25.823038166755225,30.0,101325.0,231.18727555671123,28.8500671492921,9.722222222222216,25724.99999999996,19.170095377805648
2710.0,45.166666666666664,158.0,True,11850.0,256923.236158661,20000.0,20.0,35.0,0.4649437393240169,64.04189557805381,64.81357145099058,1.1685502063357998,302.0781051199044,101326.76467494479,1.7646749447885668,441.83808871363146,34.99999999999998,15144.410674111965,298.973636176465,25.823636176465016,30.0,101325.0,231.01437127808367,28.928105119904444,9.722222222222216,25724.99999999996,19.205824544472314
2715.0,45.25,157.0,True,11775.0,256733.57048404746,20000.0,20.0,35.0,0.456370430291164,64.04189557805381,64.78735115776854,1.1682580496176984,302.15345621250236,101326.70019567056,1.700195670564426,441.62483610391564,34.99999999999998,15140.624323045371,298.9742468532821,25.824246853282148,30.0,101325.0,230.84514297073284,29.003456212502385,9.722222222222216,25724.99999999996,19.24155371113898
2720.0,45.333333333333336,156.0,True,11700.0,256549.10079976308,20000.0,20.0,35.0,0.4460817234996475,64.04189557805381,64.75969214696373,1.1679759891764674,302.2261987044935,101326.62439921666,1.6243992166564567,441.4144472445796,34.99999999999998,15136.968819727017,298.97486975502426,25.82486975502428,30.0,101325.0,230.67946102627423,29.07619870449355,9.722222222222216,25724.99999999996,19.277282877805646
2725.0,45.416666666666664,155.0,True,11625.0,256369.68475893582,20000.0,20.0,35.0,0.4360233535545358,64.04189557805381,64.73285474546664,1.1677037931205796,302.2964326612895,101326.55197032526,1.551970325264847,441.20686533166156,34.99999999999998,15133.44115884271,298.9755044538654,25.82550445386545,30.0,101325.0,230.51724605299253,29.14643266128951,9.722222222222216,25724.99999999996,19.313012044472313
2730.0,45.5,154.0,True,11550.0,256195.18391436074,20000.0,0.0,35.0,0.4290541600312657,40.7539335496706,41.36138662043297,1.1674425863475124,302.3639224240177,101326.50275487543,1.5027548754296731,441.01104563079525,34.99999999999998,15130.05591906376,298.9761505341729,25.82615053417294,30.0,101325.0,230.36339404936655,29.21392242401771,9.722222222222216,25724.99999999996,19.34874121113898
2735.0,45.583333333333336,153.0,True,11475.0,256025.46361166643,20000.0,0.0,35.0,0.42161934694183045,40.7539335496706,41.34451999905051,1.1672114590272131,302.4236414240717,101326.45112549972,1.4511254997196374,440.96999266993566,34.99999999999998,15127.060508992681,298.97680705260814,25.82680705260816,30.0,101325.0,230.29634740199188,29.27364142407174,9.722222222222216,25724.99999999996,19.38447037780565
2740.0,45.666666666666664,152.0,True,11400.0,255860.39288540842,20000.0,0.0,35.0,0.4142973319363429,40.7539335496706,41.32800738800726,1.1669865139675664,302.4817866064293,101326.40116146326,1.4011614632618148,440.9265124266698,34.99999999999998,15124.14522101966,298.9774732725689,25.82747327256891,30.0,101325.0,230.22926151860452,29.33178660642932,9.722222222222216,25724.99999999996,19.420199544472315
2745.0,45.75,151.0,True,11325.0,255699.84435800902,20000.0,0.0,35.0,0.4089812634522954,40.7539335496706,41.31406228908558,1.1667678881156711,302.53835816187984,101326.36543407229,1.365434072286007,440.88205065977144,34.99999999999998,15121.311829979097,298.9781489248904,25.8281489248904,30.0,101325.0,230.16291854594635,29.388358161879864,9.722222222222216,25724.99999999996,19.45592871113898
2750.0,45.833333333333336,150.0,True,11250.0,255543.69414146594,20000.0,0.0,35.0,0.39977469762456386,40.7539335496706,41.29578730784818,1.1665550885729021,302.5933648013798,101326.3046515009,1.3046515009045834,440.83662037710263,34.99999999999998,15118.553947904813,298.97883374806395,25.82883374806397,30.0,101325.0,230.0972279626331,29.4433648013798,9.722222222222216,25724.99999999996,19.491657877805647
2755.0,45.916666666666664,149.0,True,11175.0,255391.82174175343,20000.0,0.0,35.0,0.39560535480231024,40.7539335496706,41.28360882843579,1.1663484326546387,302.6468980337209,101326.27758038162,1.2775803816184634,440.7902344223358,34.99999999999998,15115.875687204118,298.9795274858779,25.829527485877918,30.0,101325.0,230.0322589749627,29.496898033720925,9.722222222222216,25724.99999999996,19.527387044472313
2760.0,46.0,148.0,True,11100.0,255244.10996584268,20000.0,20.0,35.0,0.38712424350147834,64.04189557805381,64.58953790394688,1.1661471648173742,302.69897062110806,101326.22338922373,1.2233892237272812,440.7417661845426,34.99999999999998,15113.26725603317,298.98022989103913,25.830229891039153,30.0,101325.0,229.96727463449503,29.548970621108083,9.722222222222216,25724.99999999996,19.56311621113898
2765.0,46.083333333333336,147.0,True,11025.0,255100.44483126904,20000.0,20.0,35.0,0.3806658852988626,64.04189557805381,64.57049870166261,1.165939370165704,302.7527969279605,101326.18291033657,1.1829103365744231,440.53707946336993,34.99999999999998,15110.574237347522,298.980940994156,25.830940994156038,30.0,101325.0,229.81951595485327,29.602796927960526,9.722222222222216,25724.99999999996,19.598845377805645
2770.0,46.166666666666664,146.0,True,10950.0,254960.7154781772,20000.0,20.0,35.0,0.3761500846355817,64.04189557805381,64.5541281900308,1.1657388260355377,302.8047966578845,101326.15501131568,1.1550113156845327,440.33358747459977,34.99999999999998,15107.975185420568,298.9816607832438,25.83166078324382,30.0,101325.0,229.67384699133686,29.654796657884503,9.722222222222216,25724.99999999996,19.634574544472315
2775.0,46.25,145.0,True,10875.0,254824.8140837755,20000.0,20.0,35.0,0.3677043765749884,64.04189557805381,64.5335573512257,1.1655451147533693,302.8549689278422,101326.10372660043,1.1037266004277626,440.13277845648275,34.99999999999998,15105.464687203666,298.9823889505791,25.832388950579116,30.0,101325.0,229.53095931169935,29.70496892784223,9.722222222222216,25724.99999999996,19.67030371113898
2780.0,46.333333333333336,144.0,True,10800.0,254692.63577913409,20000.0,20.0,35.0,0.3614893667881295,64.04189557805381,64.51597124907202,1.1653583020794918,302.90340747655716,101326.06673112082,1.0667311208235333,439.93459817719855,34.99999999999998,15103.043594950213,298.98312519823963,25.833125198239657,30.0,101325.0,229.3908350433325,29.753407476557186,9.722222222222216,25724.99999999996,19.706032877805647
2785.0,46.416666666666664,143.0,True,10725.0,254564.07856826216,20000.0,20.0,35.0,0.3575181819405409,64.04189557805381,64.50137051150736,1.1651781479710532,302.95017122052684,101326.04342245239,1.0434224523924058,439.738993442978,34.99999999999998,15100.70879770485,298.9838692389747,25.833869238974728,30.0,101325.0,229.25339673049913,29.800171220526863,9.722222222222216,25724.99999999996,19.741762044472313
2790.0,46.5,142.0,False,10650.0,124439.04324940256,20000.0,20.0,35.0,0.3573166087497395,64.04189557805381,64.49150545689295,1.1650041838678917,302.9954056993595,101326.04224619501,1.0422461950074648,439.5459120779361,34.99999999999998,15098.454222927878,298.98462079606844,25.834620796068464,30.0,101325.0,229.11852265421265,29.845405699359503,9.722222222222216,25724.99999999996,19.77749121113898
2795.0,46.583333333333336,141.0,False,10575.0,121029.97059244383,20000.0,20.0,35.0,-0.07579172954195362,64.13014732403573,64.0744505146191,1.1649900093567114,302.9958353707479,101324.95310705088,-0.04689294911804609,439.35499760545406,34.99999999999998,15098.270521262979,298.9853759917837,25.835375991783735,30.0,101325.0,229.0162197642686,29.84583537074792,9.722222222222216,25724.99999999996,19.813220377805646
2800.0,46.666666666666664,140.0,False,10500.0,117714.29126347086,20000.0,20.0,35.0,-0.0407650046821867,64.0893622721101,64.07450552631639,1.1649910095693892,302.9956748911198,101324.98643440321,-0.013565596789703704,439.1664505362787,34.99999999999998,15098.283484019285,298.9861311008206,25.836131100820637,30.0,101325.0,228.9181351023735,29.845674891119813,9.722222222222216,25724.99999999996,19.848949544472312
2805.0,46.75,139.0,False,10425.0,114489.44670342962,20000.0,20.0,35.0,-0.06845042863041831,64.1215991271924,64.07475997211375,1.1649956358566143,302.994397861655,101324.96175133731,-0.03824866269133054,438.9803052177459,34.99999999999998,15098.34344070172,298.9868859461399,25.836885946139944,30.0,101325.0,228.82201441321286,29.84439786165501,9.722222222222216,25724.99999999996,19.88467871113898
2810.0,46.833333333333336,138.0,False,10350.0,111352.9484463292,20000.0,20.0,35.0,0.05506184293506458,64.04189557805381,64.13941316396118,1.165004833650766,302.992194083033,101325.0247494412,0.024749441203312017,438.79648048021767,34.99999999999998,15098.462644113926,298.9876403554044,25.837640355404403,30.0,101325.0,228.7280001139033,29.842194083033007,9.722222222222216,25724.99999999996,19.920407877805648
2815.0,46.916666666666664,137.0,False,10275.0,108302.37619900571,20000.0,20.0,35.0,0.03592951268724858,64.04189557805381,64.11779402003671,1.1650170095747339,302.9889849300582,101325.01053820312,0.010538203117903322,438.61491117169237,34.99999999999998,15098.62044408855,298.9883941674564,25.838394167456443,30.0,101325.0,228.6357444415712,29.838984930058245,9.722222222222216,25724.99999999996,19.956137044472314
2820.0,47.0,136.0,False,10200.0,105335.37597349202,20000.0,0.0,35.0,-0.07261121487652991,40.83848191041457,40.77612862019142,1.1650322462911842,302.9848621188168,101324.95696009367,-0.043039906333433464,438.4355452031111,34.99999999999998,15098.817911933746,298.9891472304451,25.83914723044512,30.0,101325.0,228.54523577055122,29.83486211881683,9.722222222222216,25724.99999999996,19.99186621113898
2825.0,47.083333333333336,135.0,False,10125.0,102449.65827055216,20000.0,0.0,35.0,-0.06022538110161657,40.82405986908257,40.776963299985056,1.1650560942852881,302.97870036262395,101324.97039104874,-0.029608951255795546,438.3986148676658,34.99999999999998,15099.126981937334,298.9898992978597,25.839899297859745,30.0,101325.0,228.530662815804,29.828700362623977,9.722222222222216,25724.99999999996,20.027595377805646
2830.0,47.166666666666664,134.0,False,10050.0,99642.99631297897,20000.0,0.0,35.0,-0.011886142694804272,40.76777375165763,40.77790723131059,1.165083063751732,302.971772064689,101324.99884669071,-0.0011533092911122367,438.3609006596801,34.99999999999998,15099.476506222447,298.9906501288528,25.840650128852815,30.0,101325.0,228.5162926807808,29.821772064689014,9.722222222222216,25724.99999999996,20.063324544472312
2835.0,47.25,133.0,False,9975.0,96913.22432729114,20000.0,0.0,35.0,-0.0943681692522002,40.86381566678226,40.7789207955036,1.165112022728675,302.9640277540722,101324.92730325414,-0.07269674586132169,438.3221126167819,34.99999999999998,15099.85181456363,298.99139959712676,25.84139959712678,30.0,101325.0,228.50175201827977,29.814027754072242,9.722222222222216,25724.99999999996,20.099053711138982
2840.0,47.333333333333336,132.0,False,9900.0,94258.23587250437,20000.0,0.0,35.0,-0.09516248358190532,40.864740564879696,40.780047013240036,1.1651442003782875,302.9556571578385,101324.92607429974,-0.07392570025695022,438.282244166621,34.99999999999998,15100.268836902605,298.99214758415815,25.84214758415817,30.0,101325.0,228.4872782979909,29.80565715783854,9.722222222222216,25724.99999999996,20.134782877805648
2845.0,47.416666666666664,131.0,False,9825.0,91675.98221468655,20000.0,0.0,35.0,-0.0717227597984892,40.8374473950085,40.781269566421756,1.1651791304691936,302.9466705356766,101324.9580069039,-0.041993096107034944,438.24130525346635,34.99999999999998,15100.72153088075,298.99289398069914,25.84289398069916,30.0,101325.0,228.47278506491594,29.79667053567664,9.722222222222216,25724.99999999996,20.170512044472314
2850.0,47.5,130.0,False,9750.0,89164.47074604286,20000.0,0.0,35.0,-0.07603369101948641,40.84246703513758,40.782562825488114,1.1652160807282326,302.9370482239572,101324.95280716596,-0.047192834041197784,438.19932150946124,34.99999999999998,15101.200406237893,298.9936386824653,25.843638682465325,30.0,101325.0,228.45814190793936,29.787048223957242,9.722222222222216,25724.99999999996,20.20624121113898
2855.0,47.583333333333336,129.0,False,9675.0,86721.76344731096,20000.0,0.0,35.0,-0.09784247865023141,40.86786114604907,40.78392488768702,1.1652549967910584,302.92683847866175,101324.9218518316,-0.07814816839527339,438.1563077222916,34.99999999999998,15101.704758412117,298.9943815931611,25.84438159316113,30.0,101325.0,228.44334571340832,29.776838478661773,9.722222222222216,25724.99999999996,20.241970377805647
2860.0,47.666666666666664,128.0,False,9600.0,84345.97539227952,20000.0,0.0,35.0,-0.08052706469472448,40.847699110914,40.78537429851992,1.1652964085291413,302.9161485860708,101324.94706442328,-0.052935576721210964,438.11226941669054,34.99999999999998,15102.241454537672,298.9951226207744,25.84512262077442,30.0,101325.0,228.42850306320415,29.766148586070813,9.722222222222216,25724.99999999996,20.277699544472313
2865.0,47.75,127.0,False,9525.0,82035.27329327642,20000.0,0.0,35.0,-0.08753606638208479,40.8558603791716,40.78688017670415,1.1653394336201193,302.9049359782105,101324.93744846598,-0.0625515340216225,438.06723392310073,34.99999999999998,15102.799059716746,298.9958616816409,25.84586168164094,30.0,101325.0,228.41345506285202,29.75493597821054,9.722222222222216,25724.99999999996,20.31342871113898
2870.0,47.833333333333336,126.0,False,9450.0,79787.87408650386,20000.0,0.0,35.0,-0.11815882262970674,40.891517458406554,40.78843595004884,1.1653838842871105,302.89322871245844,101324.8860285113,-0.11397148869582452,438.0212175233335,34.99999999999998,15103.375140360953,298.9965986960806,25.846598696080605,30.0,101325.0,228.39817324556893,29.74322871245846,9.722222222222216,25724.99999999996,20.34915787780565
2875.0,47.916666666666664,125.0,False,9375.0,77602.04355612912,20000.0,0.0,35.0,-0.1332593020852281,40.90910042801508,40.7900551588555,1.1654301473958721,302.8811123706319,101324.85503639517,-0.14496360483462922,437.97422743656716,34.99999999999998,15103.974710250503,298.99733359129317,25.847333591293193,30.0,101325.0,228.38273704111873,29.731112370631934,9.722222222222216,25724.99999999996,20.384887044472315
2880.0,48.0,124.0,False,9300.0,75476.09499606905,20000.0,0.0,35.0,-0.13345665461151926,40.90933022492201,40.79173652727147,1.1654781864934711,302.8686268240084,101324.85460670482,-0.1453932951844763,437.9262772896903,34.99999999999998,15104.597296955386,298.9980662981206,25.848066298120614,30.0,101325.0,228.3671462380923,29.718626824008425,9.722222222222216,25724.99999999996,20.42061621113898
2885.0,48.083333333333336,123.0,False,9225.0,73408.38790843559,20000.0,0.0,35.0,-0.13813695934755094,40.914779962870696,40.79346446734197,1.1655275562097713,302.85576682132944,101324.84423004459,-0.15576995541050564,437.87738681163444,34.99999999999998,15105.237128478637,298.99879675516115,25.848796755161175,30.0,101325.0,228.35132369147468,29.705766821329462,9.722222222222216,25724.99999999996,20.456345377805647
2890.0,48.166666666666664,122.0,False,9150.0,71397.32673763805,20000.0,0.0,35.0,-0.13035969854261903,40.9057241351552,40.79524587966858,1.1655784537048173,302.8425929199877,101324.86127631833,-0.13872368166630622,437.82756566450706,34.99999999999998,15105.896760014433,298.99952490279617,25.84952490279619,30.0,101325.0,228.33531291399623,29.692592919987703,9.722222222222216,25724.99999999996,20.492074544472313
2895.0,48.25,121.0,False,9075.0,69441.35963916554,20000.0,0.0,35.0,-0.15820843124797201,40.93815114664424,40.79704551098622,1.1656298717424642,302.82903792183424,101324.79567422271,-0.2043257772893412,437.77684175132265,34.99999999999998,15106.563137782336,299.0002506880889,25.85025068808892,30.0,101325.0,228.31893099910587,29.679037921834265,9.722222222222216,25724.99999999996,20.52780371113898
2900.0,48.333333333333336,120.0,False,9000.0,67538.97728209892,20000.0,0.0,35.0,-0.1564624942320903,40.93611818089775,40.79890379896266,1.1656829656846481,302.8152582202101,101324.80015908489,-0.1998409151128726,437.7252097507413,34.99999999999998,15107.25123527304,299.00097406301563,25.850974063015656,30.0,101325.0,228.30240135462682,29.66525822021015,9.722222222222216,25724.99999999996,20.563532877805645
2905.0,48.416666666666664,119.0,False,8925.0,65688.71168442874,20000.0,0.0,35.0,-0.1407942289191493,40.91787408251483,40.80080688675759,1.1657373396216462,302.8012475120664,101324.83817947023,-0.16182052977092098,437.67268790876545,34.99999999999998,15107.955921496536,299.0016949810012,25.85169498100123,30.0,101325.0,228.28565578585813,29.651247512066448,9.722222222222216,25724.99999999996,20.599262044472315
2910.0,48.5,118.0,False,8850.0,63889.13508028038,20000.0,0.0,35.0,-0.16844724429313418,40.95007320111481,40.80271099762409,1.1657917427892603,302.78690829786626,101324.76837163992,-0.23162836008123122,437.6193071635202,34.99999999999998,15108.660986548815,299.0024134016907,25.85241340169074,30.0,101325.0,228.2684653688564,29.636908297866285,9.722222222222216,25724.99999999996,20.63499121113898
2915.0,48.583333333333336,117.0,False,8775.0,62138.85881817185,20000.0,0.0,35.0,-0.1635911094198118,40.94441872688808,40.80466795262134,1.1658476557891817,302.7724262431672,101324.78153427689,-0.2184657231118763,437.5650569111228,34.99999999999998,15109.385619027795,299.0031292888456,25.85312928884565,30.0,101325.0,228.25111438146456,29.62242624316724,9.722222222222216,25724.99999999996,20.670720377805647
2920.0,48.666666666666664,116.0,False,8700.0,60436.53228945463,20000.0,0.0,35.0,-0.16629051434527006,40.94756190885825,40.8066451385114,1.165904146814612,302.7577344274722,101324.77426501909,-0.22573498090787325,437.50996290488257,34.99999999999998,15110.117742717373,299.00384260826013,25.853842608260152,30.0,101325.0,228.2334336757449,29.607734427472224,9.722222222222216,25724.99999999996,20.706449544472314
2925.0,48.75,115.0,False,8625.0,58780.84188611032,20000.0,0.0,35.0,-0.17301406048286128,40.95539079321566,40.80864242807491,1.1659612122307124,302.74286097073593,101324.75564191735,-0.24435808265116066,437.4540366732934,34.99999999999998,15110.857310510033,299.00455333064417,25.854553330644194,30.0,101325.0,228.21542844781877,29.592860970735956,9.722222222222216,25724.99999999996,20.74217871113898
2930.0,48.833333333333336,114.0,False,8550.0,57170.50998709909,20000.0,0.0,35.0,-0.17926732914278015,40.96267208737094,40.81066065211677,1.1660188757747656,302.7278355932928,101324.73765897716,-0.26234102284070104,437.39728918483,34.99999999999998,15111.604630040962,299.0052614296229,25.855261429622942,30.0,101325.0,228.1971089587796,29.577835593292832,9.722222222222216,25724.99999999996,20.777907877805646
2935.0,48.916666666666664,113.0,False,8475.0,55604.29397247748,20000.0,0.0,35.0,-0.17459566774948437,40.95723241371411,40.81270616753261,1.166077319072361,302.7127033201158,101324.75115390043,-0.24884609956643544,437.3397289159942,34.99999999999998,15112.362055177799,299.00596688140143,25.855966881401457,30.0,101325.0,228.1785150626205,29.562703320115816,9.722222222222216,25724.99999999996,20.813637044472312
2940.0,49.0,112.0,False,8400.0,54080.985264525174,20000.0,0.0,35.0,-0.18389038593905824,40.968055165927275,40.81475587448217,1.1661358821280625,302.69741990507504,101324.7239536813,-0.2760463187005371,437.2813767056317,34.99999999999998,15113.121032379691,299.006669666325,25.856669666325047,30.0,101325.0,228.15952837742634,29.54741990507506,9.722222222222216,25724.99999999996,20.84936621113898
2945.0,49.083333333333336,111.0,False,8325.0,52599.408395140454,20000.0,0.0,35.0,-0.18048970206426598,40.964095416079935,40.816829918711775,1.166195140534623,302.6820690200881,101324.73406912203,-0.26593087796936743,437.22223486555623,34.99999999999998,15113.889021328712,299.0073697664773,25.857369766477348,30.0,101325.0,228.1402626398345,29.5320690200881,9.722222222222216,25724.99999999996,20.885095377805648
2950.0,49.166666666666664,110.0,False,8250.0,51158.42009878485,20000.0,0.0,35.0,-0.18979451360488314,40.974929920971896,40.81890444814327,1.1662544128040941,302.6666018667791,101324.70594320494,-0.29405679505725857,437.1623241816285,34.99999999999998,15114.657189941061,299.0080671675901,25.85806716759015,30.0,101325.0,228.1205952785824,29.516601866779126,9.722222222222216,25724.99999999996,20.920824544472314
2955.0,49.25,109.0,False,8175.0,49756.90843027712,20000.0,0.0,35.0,-0.1909871495906448,40.976318624049405,40.82099541720936,1.166314154777411,302.65108733764805,101324.70223598932,-0.2977640106837498,437.10164847854253,34.99999999999998,15115.431445915247,299.00876185724513,25.858761857245156,30.0,101325.0,228.10061737788635,29.501087337648073,9.722222222222216,25724.99999999996,20.95655371113898
2960.0,49.333333333333336,108.0,False,8100.0,48393.791906755716,20000.0,0.0,35.0,-0.18943857965496327,40.97451547215638,40.82309631565928,1.1663741804474086,302.63552622438044,101324.70704509827,-0.2929549017280806,437.0402209140918,34.99999999999998,15116.209378598414,299.0094538258862,25.85945382588625,30.0,101325.0,228.08029933182982,29.485526224380465,9.722222222222216,25724.99999999996,20.992282877805646
2965.0,49.416666666666664,107.0,False,8025.0,47068.01867314752,20000.0,0.0,35.0,-0.18996494508060244,40.97512837105865,40.825201003791975,1.1664343143940572,302.6199193893732,101324.70541485421,-0.2945851457916433,436.9780543139627,34.99999999999998,15116.988714546982,299.01014306633584,25.860143066335866,30.0,101325.0,228.05961345231077,29.469919389373217,9.722222222222216,25724.99999999996,21.028012044472312
2970.0,49.5,106.0,False,7950.0,45778.56569049916,20000.0,0.0,35.0,-0.19229387830716646,40.97784017648599,40.82730796172838,1.1664945131922402,302.6042805048754,101324.69814746421,-0.30185253579111304,436.91515941479247,34.99999999999998,15117.768890971432,299.0108295735424,25.860829573542446,30.0,101325.0,228.0385567852034,29.45428050487544,9.722222222222216,25724.99999999996,21.06374121113898
2975.0,49.583333333333336,105.0,False,7875.0,44524.43794654434,20000.0,0.0,35.0,-0.19441797621216267,40.9803134720538,40.82941730949256,1.1665547802712168,302.588627201541,101324.6914420451,-0.30855795489333104,436.8515461313129,34.99999999999998,15118.54995231497,299.0115133445133,25.8615133445133,30.0,101325.0,228.01713511152283,29.43862720154101,9.722222222222216,25724.99999999996,21.09947037780565
2980.0,49.666666666666664,104.0,False,7800.0,43304.66768789806,20000.0,0.0,35.0,-0.19602930039038738,40.98218969486769,40.83152776274071,1.1666150789354497,302.57297201066854,101324.68630623174,-0.31369376825750805,436.7872248226027,34.99999999999998,15119.331423003427,299.0121943782924,25.86219437829243,30.0,101325.0,227.99534660305608,29.42297201066856,9.722222222222216,25724.99999999996,21.135199544472314
2985.0,49.75,103.0,False,7725.0,42118.313673285316,20000.0,0.0,35.0,-0.19825360317442514,40.984779668806404,40.83363679892379,1.166675337112109,302.5573228958767,101324.67914701084,-0.3208529891562648,436.7222062145306,34.99999999999998,15120.112368972934,299.01287267584775,25.86287267584777,30.0,101325.0,227.97318271544725,29.407322895876746,9.722222222222216,25724.99999999996,21.17092871113898
2990.0,49.833333333333336,102.0,False,7650.0,40964.46044722801,20000.0,0.0,35.0,-0.20208342109923547,40.989239101526834,40.835742049797354,1.1667354871370679,302.5416874471314,101324.66663094626,-0.3333690537401708,436.6565008232312,34.99999999999998,15120.8919132964,299.01354823993495,25.86354823993497,30.0,101325.0,227.9506356657748,29.391687447131403,9.722222222222216,25724.99999999996,21.206657877805647
2995.0,49.916666666666664,101.0,False,7575.0,39842.21763362954,20000.0,0.0,35.0,-0.20654560862504834,40.99443486421007,40.83784303919984,1.1667955154057104,302.5260781072049,101324.6517462168,-0.3482537832023809,436.5901182517549,34.99999999999998,15121.669879658006,299.0142210749566,25.864221074956617,30.0,101325.0,227.92770776393357,29.376078107204933,9.722222222222216,25724.99999999996,21.242387044472313
3000.0,50.0,100.0,False,7500.0,38750.71924871201,20000.0,0.0,35.0,-0.20875640105981091,40.99700910672374,40.8399413088637,1.166855465967535,302.510512581251,101324.64425114299,-0.3557488570077112,436.523067061231,34.99999999999998,15122.446838939253,299.01489118686095,25.864891186860973,30.0,101325.0,227.90441203941904,29.360512581251044,9.722222222222216,25724.99999999996,21.27811621113898
3005.0,50.083333333333336,99.2,False,7440.0,37689.12303277596,20000.0,0.0,35.0,-0.20664328892075617,40.99454860296094,40.84203742667269,1.1669153550477918,302.4950083603269,101324.65141674403,-0.3485832559672417,436.45551227566335,34.99999999999998,15123.223001419381,299.01555858326833,25.865558583268353,30.0,101325.0,227.8808377757996,29.345008360326915,9.722222222222216,25724.99999999996,21.31384537780565
3010.0,50.166666666666664,98.4,False,7380.0,36656.609800266786,20000.0,0.0,35.0,-0.20602034060076094,40.99382324311985,40.84412428687713,1.1669749796250617,302.4795591633103,101324.65351525926,-0.34648474074492697,436.38761867331397,34.99999999999998,15123.9957359408,299.01622327396865,25.86622327396867,30.0,101325.0,227.85703133527684,29.329559163310307,9.722222222222216,25724.99999999996,21.349574544472315
3015.0,50.25,97.6,False,7320.0,35652.382807646485,20000.0,0.0,35.0,-0.21204577778123965,41.00083925073302,40.846195795235175,1.1670341655781487,302.46415757615733,101324.6329517398,-0.3670482602028642,436.3193934130932,34.99999999999998,15124.762785892806,299.0168852701785,25.8668852701785,30.0,101325.0,227.83296246038955,29.314157576157356,9.722222222222216,25724.99999999996,21.38530371113898
3020.0,50.333333333333336,96.8,False,7260.0,34675.6671385829,20000.0,0.0,35.0,-0.21209401932924668,41.000895423099934,40.848263337863116,1.1670932382246613,302.44884779664505,101324.63278470992,-0.3672152900835499,436.25083656213434,34.99999999999998,15125.528367391611,299.0175445838827,25.867544583882705,30.0,101325.0,227.8086946998082,29.298847796645077,9.722222222222216,25724.99999999996,21.421032877805647
3025.0,50.416666666666664,96.0,False,7200.0,33725.709105981965,20000.0,0.0,35.0,-0.20929670594189162,40.99763823670262,40.85032294833337,1.1671520842380971,302.4336275121548,101324.64240725618,-0.3575927438214421,436.18195428317574,34.99999999999998,15126.29101172574,299.0182012286565,25.868201228656517,30.0,101325.0,227.78420913891736,29.28362751215485,9.722222222222216,25724.99999999996,21.456762044472313
3030.0,50.5,95.2,False,7140.0,32801.775670401665,20000.0,0.0,35.0,-0.2156809192419711,41.00507200254829,40.85236182752411,1.167210337929261,302.41846740574056,101324.62025911082,-0.3797408891841769,436.11275613321226,34.99999999999998,15127.045979563225,299.01885521940767,25.868855219407692,30.0,101325.0,227.75943940663782,29.26846740574058,9.722222222222216,25724.99999999996,21.49249121113898
3035.0,50.583333333333336,94.4,False,7080.0,31903.153874398766,20000.0,0.0,35.0,-0.21292464123233654,41.001862597666886,40.854397419556996,1.1672684977016292,302.40342802680675,101324.62990283393,-0.37009716607281007,436.04323964317706,34.99999999999998,15127.799730213115,299.01950657122916,25.86950657122918,30.0,101325.0,227.73448148244466,29.253428026806773,9.722222222222216,25724.99999999996,21.528220377805646
3040.0,50.666666666666664,93.6,False,7020.0,31029.15029237202,20000.0,0.0,35.0,-0.21515567939596358,41.004460414268806,40.856414828668605,1.1673261379619608,302.38847267516786,101324.62210639693,-0.3778936030721525,435.97341504700194,34.99999999999998,15128.546747987011,299.02015530108923,25.870155301089255,30.0,101325.0,227.70925767535223,29.238472675167884,9.722222222222216,25724.99999999996,21.563949544472315
3045.0,50.75,92.8,False,6960.0,30179.090495477074,20000.0,0.0,35.0,-0.21717035878452212,41.00680630312382,40.85841855213331,1.1673833872038095,302.37362212918373,101324.61499620625,-0.3850037937518209,435.9032848671008,34.99999999999998,15129.288698161372,299.020801426287,25.870801426287017,30.0,101325.0,227.68379438882675,29.223622129183752,9.722222222222216,25724.99999999996,21.59967871113898
3050.0,50.833333333333336,92.0,False,6900.0,29352.318531200443,20000.0,0.0,35.0,-0.21484640266463317,41.004100293030035,40.860412128224276,1.1674403465206944,302.35889380227565,101324.62319202663,-0.37680797337088734,435.8328519692394,34.99999999999998,15130.026890908199,299.02144496500443,25.871444965004457,30.0,101325.0,227.65811284699586,29.208893802275668,9.722222222222216,25724.99999999996,21.635407877805648
3055.0,50.916666666666664,91.2,False,6840.0,28548.196417190706,20000.0,0.0,35.0,-0.21956426441919952,41.00959376229981,40.862383388283895,1.1674966682366834,302.34425765249387,101324.60646150033,-0.3935384996730136,435.7621252440885,34.99999999999998,15130.756820347417,299.0220859366328,25.8720859366328,30.0,101325.0,227.6321499104469,29.19425765249389,9.722222222222216,25724.99999999996,21.671137044472314
3060.0,51.0,90.4,False,6780.0,27766.103648956578,20000.0,0.0,35.0,-0.2155711025141042,41.004944132158855,40.8643477971808,1.1675527942051664,302.3297658448196,101324.62064571233,-0.3793542876665015,435.69110282843536,34.99999999999998,15131.484212898957,299.0227243605052,25.87272436050523,30.0,101325.0,227.60599078028136,29.1797658448196,9.722222222222216,25724.99999999996,21.70686621113898
3065.0,51.083333333333336,89.6,False,6720.0,27005.436721051752,20000.0,0.0,35.0,-0.22100979735827864,41.01127693810961,40.86628630780933,1.1676081802231244,302.3153668646563,101324.60126260793,-0.39873739206814207,435.6197961018349,34.99999999999998,15132.202015691691,299.0233602576114,25.87336025761141,30.0,101325.0,227.57953532678488,29.165366864656335,9.722222222222216,25724.99999999996,21.742595377805646
3070.0,51.166666666666664,88.8,False,6660.0,26265.60866137717,20000.0,0.0,35.0,-0.21686999678103486,41.00645656217721,40.86821788576494,1.1676633681647133,302.301122509789,101324.61606044487,-0.38393955513311084,435.5482017912002,34.99999999999998,15132.917251414683,299.0239936484642,25.87399364846425,30.0,101325.0,227.55288748942513,29.151122509789047,9.722222222222216,25724.99999999996,21.778324544472312
3075.0,51.25,88.0,False,6600.0,25546.04857824137,20000.0,0.0,35.0,-0.2218915815732638,41.012303685975404,40.87012284899698,1.1677177956856286,302.28697854571067,101324.59807449818,-0.401925501821097,435.476331336981,34.99999999999998,15133.622632085748,299.02462455526666,25.874624555266678,30.0,101325.0,227.5259436723726,29.13697854571069,9.722222222222216,25724.99999999996,21.814053711138982
3080.0,51.333333333333336,87.2,False,6540.0,24846.201219829283,20000.0,0.0,35.0,-0.21866497307590724,41.00854662916706,40.87201869409968,1.167771962688563,302.2729916075256,101324.60967860857,-0.39032139143091626,435.40418197261357,34.99999999999998,15134.324636443776,299.02525299966646,25.875252999666486,30.0,101325.0,227.49879987152775,29.12299160752565,9.722222222222216,25724.99999999996,21.849782877805648
3085.0,51.416666666666664,86.4,False,6480.0,24165.526545739638,20000.0,0.0,35.0,-0.2220237919127698,41.01245763144371,40.873889740722916,1.1678254211635126,302.25911868841126,101324.59759539449,-0.4024046055128565,435.33176344691117,34.99999999999998,15135.017458279124,299.02587900475464,25.875879004754665,30.0,101325.0,227.47137392154858,29.109118688411286,9.722222222222216,25724.99999999996,21.885512044472314
3090.0,51.5,85.6,False,6420.0,23503.49931026034,20000.0,0.0,35.0,-0.22106082926560475,41.01133635956561,40.87574691399342,1.1678784832569555,302.24539605555884,101324.60107844706,-0.39892155294364784,435.25907541107574,34.99999999999998,15135.705143010144,299.02650259329255,25.87650259329257,30.0,101325.0,227.4437264800954,29.095396055558865,9.722222222222216,25724.99999999996,21.92124121113898
3095.0,51.583333333333336,84.8,False,6360.0,22859.608657060217,20000.0,0.0,35.0,-0.22111983910190441,41.01140507050697,40.87758436634774,1.1679309818956505,302.23180945315147,101324.6008654429,-0.3991345570975682,435.1861237731889,34.99999999999998,15136.38552536763,299.02712378891397,25.87712378891399,30.0,101325.0,227.41582812206863,29.081809453151493,9.722222222222216,25724.99999999996,21.956970377805646
3100.0,51.666666666666664,84.0,False,6300.0,22233.357724984395,20000.0,0.0,35.0,-0.2235955661861039,41.01428780242344,40.87940035408589,1.1679828672595975,302.21835658627816,101324.591877737,-0.4081222630047705,435.112912830057,34.99999999999998,15137.057959684385,299.02774261551735,25.877742615517377,30.0,101325.0,227.38767143039482,29.068356586278185,9.722222222222216,25724.99999999996,21.992699544472313
3105.0,51.75,83.2,False,6240.0,21624.263264649177,20000.0,0.0,35.0,-0.21960363112424164,41.00963960081642,40.88120386831769,1.168034396237649,302.2050670041226,101324.60632036896,-0.3936796310445061,435.0394428653718,34.99999999999998,15137.725775239931,299.02835909697615,25.87835909697617,30.0,101325.0,227.35930659926942,29.055067004122634,9.722222222222216,25724.99999999996,22.02842871113898
3110.0,51.833333333333336,82.4,False,6180.0,21031.855265540376,20000.0,0.0,35.0,-0.22508096363651695,41.01601739639455,40.88297809439865,1.1680850884113907,302.1918927079161,101324.58643722293,-0.41356277707382105,434.9657236240804,34.99999999999998,15138.382745811623,299.02897325824904,25.87897325824906,30.0,101325.0,227.33064524084924,29.041892707916134,9.722222222222216,25724.99999999996,22.06415787780565
3115.0,51.916666666666664,81.6,False,6120.0,20455.67659332761,20000.0,0.0,35.0,-0.22045289314087876,41.0106284798962,40.88474322962436,1.168135520846411,302.17889624161865,101324.60326956658,-0.39673043342190795,434.8917511975612,34.99999999999998,15139.036350169486,299.0295851234242,25.87958512342425,30.0,101325.0,227.30179766646674,29.028896241618668,9.722222222222216,25724.99999999996,22.099887044472315
3120.0,52.0,80.8,False,6060.0,19895.28263711453,20000.0,0.0,35.0,-0.22434689052341714,41.015162643055355,40.886479658420065,1.1681851330977169,302.1660206864026,101324.58913038949,-0.41086961051041726,434.8175362039554,34.99999999999998,15139.679324946412,299.03019471801326,25.880194718013286,30.0,101325.0,227.27266039907067,29.016020686402612,9.722222222222216,25724.99999999996,22.13561621113898
3125.0,52.083333333333336,80.0,False,6000.0,19350.240966352743,20000.0,0.0,35.0,-0.22373506387335423,41.01445023326563,40.888200823311934,1.1682343092374845,302.1533078581771,101324.59136833627,-0.4086316637258278,434.74307714932047,34.99999999999998,15140.316647717798,299.0308020667372,25.880802066737203,30.0,101325.0,227.24330743250246,29.003307858177095,9.722222222222216,25724.99999999996,22.171345377805647
3130.0,52.166666666666664,79.2,False,5940.0,18820.130997154854,20000.0,0.0,35.0,-0.2216719138196345,41.01204790526013,40.889903400728606,1.1682829543065323,302.1407491409815,101324.59886989897,-0.4011301010323223,434.6683786049973,34.99999999999998,15140.94708781266,299.0314071949666,25.88140719496664,30.0,101325.0,227.21372271565826,28.990749140981507,9.722222222222216,25724.99999999996,22.207074544472313
3135.0,52.25,78.4,False,5880.0,18304.543667748974,20000.0,0.0,35.0,-0.22605410697140896,41.01715052264611,40.89157901546751,1.168330829013358,302.12832055796144,101324.58285339364,-0.4171466063562548,434.5934468734722,34.99999999999998,15141.567544013122,299.03201012838866,25.882010128388686,30.0,101325.0,227.18386305014835,28.978320557961467,9.722222222222216,25724.99999999996,22.24280371113898
3140.0,52.333333333333336,77.6,False,5820.0,17803.08112282436,20000.0,0.0,35.0,-0.22116333106303912,41.01145571246394,40.89324405752922,1.1683784016436929,302.11607209710183,101324.60070841627,-0.39929158372979145,434.5182793562079,34.99999999999998,15142.184085302259,299.03261089203187,25.88261089203189,30.0,101325.0,227.15381818321615,28.966072097101858,9.722222222222216,25724.99999999996,22.278532877805645
3145.0,52.416666666666664,76.8,False,5760.0,17315.356406524515,20000.0,0.0,35.0,-0.2251650495599601,41.01611530588417,40.894879415438986,1.1684251261554004,302.1039472128933,101324.586128167,-0.4138718330068514,434.4428860683299,34.99999999999998,15142.78963497399,299.0332095120965,25.883209512096528,30.0,101325.0,227.12348722410658,28.953947212893297,9.722222222222216,25724.99999999996,22.314262044472315
3150.0,52.5,76.0,False,5700.0,16840.993163850995,20000.0,0.0,35.0,-0.22459993253196248,41.01545728468969,40.89649913411817,1.1684714038319486,302.091988477315,101324.58820302291,-0.41179697708867025,434.3672651893477,34.99999999999998,15143.389393662053,299.03380601385,25.883806013850005,30.0,101325.0,227.09294728233743,28.94198847731502,9.722222222222216,25724.99999999996,22.34999121113898
3155.0,52.583333333333336,75.2,False,5640.0,16379.625350247294,20000.0,0.0,35.0,-0.2218691957619296,41.01227761997919,40.8981006580714,1.1685171616591836,302.08018856408233,101324.59815559161,-0.4018444083922077,434.2914207595053,34.99999999999998,15143.982415103019,299.0344004230862,25.88440042308622,30.0,101325.0,227.0621863136472,28.930188564082357,9.722222222222216,25724.99999999996,22.385720377805647
3160.0,52.666666666666664,74.4,False,5580.0,15930.896949138956,20000.0,0.0,35.0,-0.22656898250609728,41.01775004274116,40.899673908716515,1.1685621116776155,302.0685174292612,101324.58095098911,-0.41904901088855695,434.2153593706477,34.99999999999998,15144.564967341896,299.0349927658729,25.884992765872937,30.0,101325.0,227.0311518583156,28.918517429261215,9.722222222222216,25724.99999999996,22.421449544472313
3165.0,52.75,73.6,False,5520.0,15494.461697211716,20000.0,0.0,35.0,-0.22206792766512257,41.012509023029956,40.90123635626155,1.1686067530360449,302.05702740322533,101324.59743539186,-0.4025646081427112,434.13907797210464,34.99999999999998,15145.14351934714,299.0355830674243,25.885583067424307,30.0,101325.0,226.99993934944564,28.907027403225356,9.722222222222216,25724.99999999996,22.45717871113898
3170.0,52.833333333333336,72.8,False,5460.0,15069.982817215894,20000.0,0.0,35.0,-0.2247360936986579,41.01561583049368,40.902770810583625,1.1686505945881043,302.0456668205077,101324.58770357705,-0.41229642294638325,434.0625855179927,34.99999999999998,15145.711705861831,299.0361713539951,25.88617135399511,30.0,101325.0,226.96845809994457,28.8956668205077,9.722222222222216,25724.99999999996,22.492907877805646
3175.0,52.916666666666664,72.0,False,5400.0,14657.13275809062,20000.0,0.0,35.0,-0.22553683230436772,41.0165482090059,40.90428677618747,1.1686939078910712,302.03446384519657,101324.58476030428,-0.41523969572153874,433.98588166314806,34.99999999999998,15146.273046268283,299.0367576510061,25.88675765100612,30.0,101325.0,226.9367607299627,28.884463845196592,9.722222222222216,25724.99999999996,22.528637044472312
3180.0,53.0,71.2,False,5340.0,14255.59294220763,20000.0,0.0,35.0,-0.2212668208612561,41.011576215788494,40.90578766084297,1.1687367903097998,302.0234282451251,101324.60033464478,-0.39966535521671176,433.9089681653704,34.99999999999998,15146.828802415006,299.0373419839901,25.887341983990098,30.0,101325.0,226.90486710374546,28.873428245125126,9.722222222222216,25724.99999999996,22.56436621113898
3185.0,53.083333333333336,70.4,False,5280.0,13865.053519539353,20000.0,0.0,35.0,-0.22646083577952034,41.01762411689807,40.907258275848875,1.1687788078813972,302.01251392606497,101324.58135093762,-0.4186490623833379,433.83185305510307,34.99999999999998,15147.373350142909,299.0379243789988,25.887924378998832,30.0,101325.0,226.87269721631415,28.86251392606499,9.722222222222216,25724.99999999996,22.600095377805648
3190.0,53.166666666666664,69.6,False,5220.0,13485.21312856176,20000.0,0.0,35.0,-0.22291126496294494,41.0134910033784,40.90871779984862,1.168820508567104,302.00177766054225,101324.59437198329,-0.40562801671330817,433.7545326515327,34.99999999999998,15147.913791029669,299.0385048609462,25.888504860946227,30.0,101325.0,226.8403555671558,28.851777660542268,9.722222222222216,25724.99999999996,22.635824544472314
3195.0,53.25,68.8,False,5160.0,13115.77866370733,20000.0,0.0,35.0,-0.22369405779155394,41.01440248586183,40.91015255898538,1.1688615016852972,301.99117765650016,101324.59151811028,-0.4084818897244986,433.67701436290366,34.99999999999998,15148.445061841452,299.03908345564406,25.889083455644084,30.0,101325.0,226.80777024359824,28.84117765650018,9.722222222222216,25724.99999999996,22.67155371113898
3200.0,53.333333333333336,68.0,False,5100.0,12756.465049188826,20000.0,0.0,35.0,-0.22593849481985115,41.01701590407634,40.9115656521273,1.1689018757750664,301.98072227227635,101324.5832799719,-0.41672002809355035,433.599299878222,34.99999999999998,15148.96831004486,299.03966018830306,25.889660188303083,30.0,101325.0,226.77495936892626,28.830722272276375,9.722222222222216,25724.99999999996,22.707282877805646
3205.0,53.416666666666664,67.2,False,5040.0,12406.995019019274,20000.0,0.0,35.0,-0.22085769197109117,41.011099826885555,40.912966408392684,1.1689418973826489,301.97043844527474,101324.60181126447,-0.39818873553304,433.52138881202836,34.99999999999998,15149.48699007913,299.04023508379925,25.89023508379927,30.0,101325.0,226.74197449797893,28.82043844527476,9.722222222222216,25724.99999999996,22.743012044472312
3210.0,53.5,66.4,False,4980.0,12067.098903058377,20000.0,0.0,35.0,-0.22587254900611653,41.01693911689603,40.91433667291057,1.1689810477974456,301.9602706343125,101324.58352319678,-0.4164768032205757,433.4432898424191,34.99999999999998,15149.994379454896,299.0408081677265,25.890808167726505,30.0,101325.0,226.70871959886654,28.81027063431253,9.722222222222216,25724.99999999996,22.778741211138982
3215.0,53.583333333333336,65.6,False,4920.0,11736.514418920353,20000.0,0.0,35.0,-0.22318542269516092,41.01381023212127,40.91569521332685,1.1690198632379107,301.95027387954406,101324.59337360895,-0.40662639104994014,433.3649994093255,34.99999999999998,15150.497427563323,299.04137946440926,25.891379464409283,30.0,101325.0,226.6752968647538,28.80027387954408,9.722222222222216,25724.99999999996,22.814470377805648
3220.0,53.666666666666664,64.8,False,4860.0,11414.986469582514,20000.0,0.0,35.0,-0.222755152407891,41.01330922621568,40.91703169256877,1.1690580483591084,301.9404158992774,101324.59493993531,-0.40506006468785927,433.2865235105678,34.99999999999998,15150.992306734044,299.04194899888955,25.891948998889575,30.0,101325.0,226.641652200577,28.790415899277434,9.722222222222216,25724.99999999996,22.850199544472314
3225.0,53.75,64.0,False,4800.0,11102.266946538495,20000.0,0.0,35.0,-0.2256717721924465,41.016705332755386,40.91834510408429,1.169095574402409,301.93069229429943,101324.58426327539,-0.4157367246079957,433.20786501554187,34.99999999999998,15151.47864425522,299.0425167957829,25.89251679578291,30.0,101325.0,226.60778158985198,28.780692294299456,9.722222222222216,25724.99999999996,22.88592871113898
3230.0,53.833333333333336,63.199999999999996,False,4740.0,10798.114538344185,20000.0,0.0,35.0,-0.2203763890227231,41.01053939864627,40.91964770350711,1.1691327915287753,301.9211383571939,101324.60354487479,-0.3964551252138335,433.1290224941796,34.99999999999998,15151.960978212928,299.0430828791058,25.893082879105805,30.0,101325.0,226.57375220482922,28.771138357193934,9.722222222222216,25724.99999999996,22.921657877805647
3235.0,53.916666666666664,62.4,False,4680.0,10502.29454440869,20000.0,0.0,35.0,-0.22531120345493696,41.01628548720199,40.92092033919317,1.169169152548377,301.9116951490958,101324.58559070692,-0.414409293080098,433.05000459156156,34.99999999999998,15152.432217026964,299.04364727365885,25.89364727365887,30.0,101325.0,226.5394625673861,28.76169514909583,9.722222222222216,25724.99999999996,22.957387044472313
3240.0,54.0,61.6,False,4620.0,10214.578693886491,20000.0,0.0,35.0,-0.22246773591460972,41.012974558996596,40.9221819946552,1.169205199847292,301.9024179991352,101324.59598454267,-0.404015457330388,432.9708076810887,34.99999999999998,15152.899390020904,299.0442100028971,25.894210002897125,30.0,101325.0,226.5050159366283,28.75241799913522,9.722222222222216,25724.99999999996,22.99311621113898
3245.0,54.083333333333336,60.8,False,4560.0,9934.744969531266,20000.0,0.0,35.0,-0.22247225997064438,41.01297982679885,40.92342169572448,1.169240619877843,301.8932723622733,101324.59596811056,-0.4040318894403754,432.8914376860144,34.99999999999998,15153.358433616844,299.0447710909725,25.89477109097254,30.0,101325.0,226.4703547049524,28.74327236227333,9.722222222222216,25724.99999999996,23.02884537780565
3250.0,54.166666666666664,60.0,False,4500.0,9662.57743637523,20000.0,0.0,35.0,-0.22475346336646615,41.0156360557019,40.92464020665513,1.1692754344758616,301.88425882627297,101324.58763984249,-0.41236015751201194,432.8118967347236,34.99999999999998,15153.809630807165,299.04533056149995,25.895330561499975,30.0,101325.0,226.4354842730784,28.734258826272992,9.722222222222216,25724.99999999996,23.064574544472315
3255.0,54.25,59.199999999999996,False,4440.0,9397.866075101952,20000.0,0.0,35.0,-0.2196958295313318,41.00974695646659,40.92584774143694,1.1693099354696275,301.87540627071996,101324.60598973458,-0.39401026541600004,432.7321839876431,34.99999999999998,15154.256763686373,299.0458884375742,25.89588843757423,30.0,101325.0,226.4004607618631,28.725406270719986,9.722222222222216,25724.99999999996,23.10030371113898
3260.0,54.333333333333336,58.4,False,4380.0,9140.406619984005,20000.0,0.0,35.0,-0.224975566135287,41.01589467174423,40.92702603717874,1.1693436010622504,301.86665813132095,101324.58682444606,-0.4131755539419828,432.65230745512713,34.99999999999998,15154.693069766765,299.04644474295236,25.896444742952383,30.0,101325.0,226.36518737688033,28.71665813132097,9.722222222222216,25724.99999999996,23.136032877805647
3265.0,54.416666666666664,57.6,False,4320.0,8890.000401260353,20000.0,0.0,35.0,-0.22054009260721733,41.010730014789246,40.92819617799632,1.1693770336570384,301.8580757931485,101324.60295565349,-0.3970443465077551,432.5722628845416,34.99999999999998,15155.126356195218,299.04699949997564,25.896999499975664,30.0,101325.0,226.32977856878333,28.70807579314851,9.722222222222216,25724.99999999996,23.171762044472313
3270.0,54.5,56.8,False,4260.0,8646.454191831954,20000.0,20.0,35.0,-0.22299234601885404,64.30154744238918,64.31748144826234,1.1694087536047704,301.8498615108625,101324.59407684585,-0.4059231541468762,432.48960239615815,34.99999999999998,15155.537446717823,299.04755273278204,25.89755273278206,30.0,101325.0,226.29266721552335,28.699861510862547,9.722222222222216,25724.99999999996,23.20749121113898
3275.0,54.583333333333336,56.0,False,4200.0,8409.580058157175,20000.0,20.0,35.0,-0.22445516936881635,64.30325075112057,64.3171461367622,1.1694026570320406,301.8514192596806,101324.58873368934,-0.4112663106643595,432.3141650506657,34.99999999999998,15155.458435135246,299.0481053358383,25.898105335838295,30.0,101325.0,226.19969340261974,28.70141925968062,9.722222222222216,25724.99999999996,23.243220377805645
3280.0,54.666666666666664,55.199999999999996,False,4140.0,8179.195215232029,20000.0,20.0,35.0,-0.22269901848266596,64.30120589236294,64.31685599136787,1.1693973816612346,301.8528000649404,101324.5951440585,-0.4048559414950432,432.14162728736704,34.99999999999998,15155.3900663296,299.0486580758713,25.89865807587131,30.0,101325.0,226.10839647019426,28.702800064940448,9.722222222222216,25724.99999999996,23.278949544472315
3285.0,54.75,54.4,False,4080.0,7955.121885543287,20000.0,20.0,35.0,-0.22725004161291307,64.30650509505531,64.31658341813325,1.1693924257842414,301.8540295162606,101324.57842790683,-0.4215720931679243,431.9714716691411,34.99999999999998,15155.325838163768,299.04921093010444,25.89921093010446,30.0,101325.0,226.01840850182157,28.70402951626062,9.722222222222216,25724.99999999996,23.31467871113898
3290.0,54.833333333333336,53.6,False,4020.0,7737.18716188565,20000.0,20.0,35.0,-0.2240389719959974,64.30276613168985,64.31635036204234,1.1693881884007704,301.8551585528534,101324.59025746144,-0.4097425385552924,431.80364422220026,34.99999999999998,15155.270921673986,299.049763876761,25.89976387676103,30.0,101325.0,225.92977825644465,28.705158552853447,9.722222222222216,25724.99999999996,23.350407877805647
3295.0,54.916666666666664,52.8,False,3960.0,7525.222873937117,20000.0,20.0,35.0,-0.22631488484610032,64.3054162002915,64.3161335205361,1.1693842458279295,301.8561513295876,101324.581890391,-0.4181096090032952,431.63810043382995,34.99999999999998,15155.219825929968,299.0503168959623,25.900316895962305,30.0,101325.0,225.8424004433434,28.706151329587613,9.722222222222216,25724.99999999996,23.386137044472314
3300.0,55.0,52.0,True,3900.0,257319.06545848958,20000.0,20.0,35.0,-0.1613355104762636,64.22975434014387,64.31594885450501,1.169380888263728,301.85763061339674,101324.78751716783,-0.21248283216846175,431.4747905988709,34.99999999999998,15155.176311897916,299.05086996835286,25.90086996835288,30.0,101325.0,225.75630500273164,28.70763061339676,9.722222222222216,25724.99999999996,23.42186621113898
3305.0,55.083333333333336,51.199999999999996,True,3839.9999999999995,257118.5558332346,20000.0,20.0,35.0,0.46660691811305816,64.04189557805381,64.84502977774218,1.1690823250370224,301.9406491471436,101326.77732257984,1.777322579844622,431.3146315656461,34.99999999999998,15151.306932479809,299.0514301840144,25.90143018401443,30.0,101325.0,225.6148884634164,28.790649147143597,9.722222222222216,25724.99999999996,23.457595377805646
3310.0,55.166666666666664,50.4,True,3780.0,256923.53927400667,20000.0,20.0,35.0,0.4579615235593116,64.04189557805381,64.81804389324117,1.1687779736675967,302.0190804112447,101326.71207148621,1.7120714862103341,431.15655058764486,34.99999999999998,15147.362538732054,299.0520036271968,25.902003627196848,30.0,101325.0,225.47348482662724,28.869080411244738,9.722222222222216,25724.99999999996,23.493324544472312
3315.0,55.25,49.6,True,3720.0,256733.86529538975,20000.0,20.0,35.0,0.44881577382983145,64.04189557805381,64.79106476680185,1.1684841932617307,302.0948122386237,101326.64437223542,1.6443722354160855,431.0004990989318,34.99999999999998,15143.55514467203,299.0525898069134,25.902589806913397,30.0,101325.0,225.33522383708177,28.94481223862374,9.722222222222216,25724.99999999996,23.52905371113898
3320.0,55.333333333333336,48.8,True,3660.0,256549.38753459448,20000.0,20.0,35.0,0.43771417543264457,64.04189557805381,64.76236728155905,1.1682005336045884,302.167926588223,101326.56403019898,1.5640301989769796,430.84643702185315,34.99999999999998,15139.878915515465,299.05318827957774,25.903188279577762,30.0,101325.0,225.19999474169404,29.01792658822302,9.722222222222216,25724.99999999996,23.564782877805648
3325.0,55.416666666666664,48.0,True,3600.0,256369.96363851658,20000.0,20.0,35.0,0.43044656548046517,64.04189557805381,64.7387141648006,1.167926981939866,302.23854667779744,101326.51252445497,1.512524454970844,430.6943249775138,34.99999999999998,15136.333685940665,299.05379861559146,25.903798615591484,30.0,101325.0,225.06777165359182,29.088546677797467,9.722222222222216,25724.99999999996,23.600512044472314
3330.0,55.5,47.199999999999996,True,3539.9999999999995,256195.45515388958,20000.0,0.0,35.0,0.42269883554282095,40.7539335496706,41.36178070386271,1.1676631669397448,302.30667170549225,101326.45856575975,1.4585657597490354,430.5448646639507,34.99999999999998,15132.914643539094,299.0544204019806,25.904420401980644,30.0,101325.0,224.93884686360383,29.156671705492272,9.722222222222216,25724.99999999996,23.63624121113898
3335.0,55.583333333333336,46.4,True,3480.0,256025.72742044655,20000.0,0.0,35.0,0.4143413875906435,40.7539335496706,41.34382576622623,1.1674317281166022,302.36643242356956,101326.40145947323,1.401459473228897,430.4755243488788,34.99999999999998,15129.915196391164,299.0550527203423,25.905052720342326,30.0,101325.0,224.8580426691532,29.216432423569586,9.722222222222216,25724.99999999996,23.671970377805646
3340.0,55.666666666666664,45.6,True,3420.0,255860.64946700906,20000.0,0.0,35.0,0.4083861238659937,40.7539335496706,41.32891987629141,1.1672071054499396,302.42450182533287,101326.36146307075,1.3614630707452307,430.406885744947,34.99999999999998,15127.004086631217,299.0556947294732,25.905694729473225,30.0,101325.0,224.77893194516275,29.27450182533289,9.722222222222216,25724.99999999996,23.707699544472312
3345.0,55.75,44.8,True,3360.0,255700.09391042255,20000.0,0.0,35.0,0.3991033511593096,40.7539335496706,41.31034602320176,1.1669884859343163,302.4809743024978,101326.30027334618,1.3002733461762546,430.337908718721,34.99999999999998,15124.17077770874,299.0563461628367,25.906346162836712,30.0,101325.0,224.70081420407837,29.33097430249785,9.722222222222216,25724.99999999996,23.74342871113898
3350.0,55.833333333333336,44.0,True,3300.0,255543.93685726062,20000.0,0.0,35.0,0.3947204410807692,40.7539335496706,41.29771542493539,1.1667761437381874,302.5359381701615,101326.27187123761,1.2718712376081385,430.26859802646237,34.99999999999998,15121.418822846908,299.05700675842974,25.90700675842976,30.0,101325.0,224.6237442543914,29.385938170161523,9.722222222222216,25724.99999999996,23.77915787780565
3355.0,55.916666666666664,43.199999999999996,True,3239.9999999999995,255392.05780822202,20000.0,0.0,35.0,0.3858187094572328,40.7539335496706,41.28001372653199,1.1665694120424432,302.5893822019192,101326.21515164545,1.2151516454468947,430.1989583714086,34.99999999999998,15118.739580070063,299.0576762632336,25.90767626323361,30.0,101325.0,224.54759570915198,29.439382201919216,9.722222222222216,25724.99999999996,23.814887044472314
3360.0,56.0,42.4,True,3180.0,255244.3395651469,20000.0,20.0,35.0,0.3809304710031066,64.04189557805381,64.59455632321853,1.1663682024454178,302.6414903600541,101326.18455529583,1.184555295825703,430.1270492222383,34.99999999999998,15116.131903692614,299.0583544290245,25.90835442902454,30.0,101325.0,224.47133841262755,29.491490360054115,9.722222222222216,25724.99999999996,23.85061621113898
3365.0,56.083333333333336,41.6,True,3120.0,255100.66814058027,20000.0,20.0,35.0,0.37542498977978994,64.04189557805381,64.57653802918072,1.1661587796590118,302.6957382074358,101326.15056263634,1.1505626363359625,429.9798349173842,34.99999999999998,15113.417784380792,299.05904134289096,25.909041342890987,30.0,101325.0,224.35422106408762,29.545738207435818,9.722222222222216,25724.99999999996,23.886345377805647
3370.0,56.166666666666664,40.8,True,3060.0,254960.9326698131,20000.0,20.0,35.0,0.3659307243092,64.04189557805381,64.55426576149578,1.1659564811244532,302.74808556119507,101326.09310444893,1.0931044489261694,429.83447049642643,34.99999999999998,15110.795995372913,299.0597370107878,25.909737010787808,30.0,101325.0,224.23946651328617,29.59808556119509,9.722222222222216,25724.99999999996,23.922074544472313
3375.0,56.25,40.0,True,3000.0,254825.02532533297,20000.0,20.0,35.0,0.36181676033947396,64.04189557805381,64.53867517554966,1.1657615113126922,302.7986461552391,101326.06866422908,1.06866422908206,429.6908892923304,34.99999999999998,15108.269186612491,299.06044112217774,25.910441122177758,30.0,101325.0,224.1270774054187,29.648646155239135,9.722222222222216,25724.99999999996,23.95780371113898
3380.0,56.333333333333336,39.199999999999996,True,2939.9999999999995,254692.84123361862,20000.0,20.0,35.0,0.3569941306643177,64.04189557805381,64.52263560088782,1.1655733230129692,302.8474501022741,101326.04036579044,1.0403657904389547,429.54905534904685,34.99999999999998,15105.83026624808,299.06115337905095,25.911153379050972,30.0,101325.0,224.01692793869555,29.697450102274104,9.722222222222216,25724.99999999996,23.99353287780565
3385.0,56.416666666666664,38.4,True,2880.0,254564.27839421367,20000.0,20.0,35.0,0.3503880603954412,64.04189557805381,64.50487901792128,1.1653916309951968,302.89455192568465,101326.00221871729,1.0022187172871782,429.4089333848352,34.99999999999998,15103.47553769775,299.06187349300484,25.91187349300486,30.0,101325.0,223.9089431817057,29.744551925684675,9.722222222222216,25724.99999999996,24.029262044472315
3390.0,56.5,37.6,False,2820.0,124439.23760101764,20000.0,20.0,35.0,0.3376395130761986,64.04189557805381,64.48031787384924,1.1652162694545847,302.93992256866784,101325.93061584319,0.9306158431863878,429.2704887809382,34.99999999999998,15101.202852131419,299.06260118581525,25.912601185815276,30.0,101325.0,223.80307160021516,29.789922568667862,9.722222222222216,25724.99999999996,24.06499121113898
3395.0,56.583333333333336,36.8,False,2760.0,121030.1596196948,20000.0,20.0,35.0,0.06464036802547235,64.04189557805381,64.16149781356526,1.1652032481233112,302.9406276033252,101325.03410920146,0.034109201456885785,429.1335251855446,34.99999999999998,15101.034095678113,299.0633325175581,25.913332517558104,30.0,101325.0,223.72916449482315,29.79062760332522,9.722222222222216,25724.99999999996,24.100720377805647
3400.0,56.666666666666664,36.0,False,2700.0,117714.47511222145,20000.0,20.0,35.0,-0.017045052407282355,64.06174280471544,64.08612789488208,1.165202325361493,302.94075844155907,101324.99762829542,-0.0023717045842204243,428.9981708855076,34.99999999999998,15101.02213668495,299.06406382795984,25.914063827959865,30.0,101325.0,223.65842028155868,29.790758441559092,9.722222222222216,25724.99999999996,24.136449544472313
3405.0,56.75,35.2,False,2640.0,114489.62551554755,20000.0,20.0,35.0,-0.0645633873285494,64.11707306368037,64.0863065158442,1.1652055730153494,302.93981944139995,101324.96597199197,-0.034028008027235046,428.8644086294948,34.99999999999998,15101.06422627893,299.0647949369133,25.914794936913324,30.0,101325.0,223.5893064463264,29.78981944139997,9.722222222222216,25724.99999999996,24.17217871113898
3410.0,56.833333333333336,34.400000000000006,False,2580.0000000000005,111353.12235979566,20000.0,20.0,35.0,0.05921006716181144,64.04189557805381,64.1557334018611,1.1652134733426665,302.9379527625339,101325.02861903717,0.028619037169846706,428.73218640093273,34.99999999999998,15101.166614520957,299.06552567118223,25.91552567118225,30.0,101325.0,223.5218876392478,29.787952762533905,9.722222222222216,25724.99999999996,24.207907877805646
3415.0,56.916666666666664,33.599999999999994,False,2519.9999999999995,108302.54534802181,20000.0,20.0,35.0,-0.04717426298545029,64.09682520030992,64.08732625479529,1.165224113723551,302.9350465722158,101324.98183337887,-0.018166621128330007,428.6014821121657,34.99999999999998,15101.304513857222,299.06625586805114,25.916255868051167,30.0,101325.0,223.4557847508853,29.785046572215833,9.722222222222216,25724.99999999996,24.243637044472315
3420.0,57.0,32.8,False,2460.0,105335.54048858238,20000.0,0.0,35.0,-0.02108025611886199,40.77847935987283,40.783354640672115,1.165238704019204,302.93129690102506,101324.99637243104,-0.0036275689635658637,428.47261575074793,34.99999999999998,15101.493604088884,299.06698537579945,25.91698537579947,30.0,101325.0,223.39139609901378,29.781296901025087,9.722222222222216,25724.99999999996,24.27936621113898
3425.0,57.083333333333336,32.0,False,2400.0,102449.8182786656,20000.0,0.0,35.0,-0.03970320036107854,40.80016388079131,40.78419541317654,1.165262726090759,302.9250242995388,101324.98713188474,-0.012868115256424062,428.40928538338477,34.99999999999998,15101.804930136237,299.06771390882255,25.917713908822577,30.0,101325.0,223.36298241058037,29.775024299538813,9.722222222222216,25724.99999999996,24.315095377805648
3430.0,57.166666666666664,31.200000000000003,False,2340.0,99643.15193758647,20000.0,0.0,35.0,-0.07750128693552749,40.84417590103587,40.785131932926014,1.1652894837978869,302.91796033418666,101324.95096775937,-0.04903224062582012,428.3455122278502,34.99999999999998,15102.151710020613,299.0684411947613,25.91844119476133,30.0,101325.0,223.3348607974909,29.767960334186682,9.722222222222216,25724.99999999996,24.350824544472314
3435.0,57.25,30.39999999999999,False,2279.9999999999995,96913.37568848114,20000.0,0.0,35.0,-0.07832781918733653,40.84513831362064,40.78617600058744,1.165319314302499,302.91020292528185,101324.94991634891,-0.050083651090972126,428.28133248200237,34.99999999999998,15102.538313360386,299.0691671091531,25.919167109153136,30.0,101325.0,223.30711449278715,29.760202925281874,9.722222222222216,25724.99999999996,24.38655371113898
3440.0,57.333333333333336,29.599999999999994,False,2219.9999999999995,94258.38308707545,20000.0,0.0,35.0,-0.09880598335612373,40.86898304909932,40.787303434008216,1.1653515266859498,302.9017414298351,101324.9203051237,-0.07969487630180083,428.216751323221,34.99999999999998,15102.955785849908,299.06989153592104,25.919891535921067,30.0,101325.0,223.27961353606713,29.751741429835135,9.722222222222216,25724.99999999996,24.422282877805646
3445.0,57.416666666666664,28.799999999999997,False,2160.0,91676.12539623746,20000.0,0.0,35.0,-0.09444388437791286,40.86390382933089,40.78852730002119,1.1653864942863204,302.8926733874563,101324.92718655268,-0.07281344731745776,428.15177177184404,34.99999999999998,15103.408965950712,299.07061436586946,25.920614365869483,30.0,101325.0,223.25243079856352,29.742673387456307,9.722222222222216,25724.99999999996,24.458012044472312
3450.0,57.5,28.0,False,2100.0,89164.61000506033,20000.0,0.0,35.0,-0.11234940265081535,40.884752980812785,40.789821035880436,1.1654234581680132,302.88297614892383,101324.8969600957,-0.10303990429383703,428.0864047231269,34.99999999999998,15103.88801785745,299.0713354955216,25.921335495521646,30.0,101325.0,223.2254263359242,29.732976148923854,9.722222222222216,25724.99999999996,24.493741211138982
3455.0,57.583333333333336,27.200000000000003,False,2040.0000000000002,86721.89889125482,20000.0,0.0,35.0,-0.10131028642416558,40.87189905483713,40.79120438347854,1.1654629823851017,302.8727620646641,101324.91621408869,-0.08378591130895074,428.02065173162674,34.99999999999998,15104.400251710918,299.0720548301139,25.92205483011395,30.0,101325.0,223.19870878684264,29.722762064664096,9.722222222222216,25724.99999999996,24.529470377805648
3460.0,57.666666666666664,26.39999999999999,False,1979.9999999999993,84346.10712566573,20000.0,0.0,35.0,-0.12712325960946644,40.90195563180608,40.7926387849757,1.1655039652850208,302.8619681992173,101324.86807899483,-0.13192100517335348,427.95452578415865,34.99999999999998,15104.931390093869,299.07277227857315,25.922772278573177,30.0,101325.0,223.172073731577,29.711968199217324,9.722222222222216,25724.99999999996,24.565199544472314
3465.0,57.75,25.599999999999994,False,1919.9999999999995,82035.40141775763,20000.0,0.0,35.0,-0.1312751622228132,40.90679009932634,40.7941502031475,1.165547148661358,302.8507210244908,101324.85932107578,-0.1406789242173545,427.88802707643447,34.99999999999998,15105.4910466512,299.07348775803666,25.923487758036686,30.0,101325.0,223.14566313964093,29.700721024490804,9.722222222222216,25724.99999999996,24.60092871113898
3470.0,57.833333333333336,24.799999999999997,False,1859.9999999999998,79787.99870094791,20000.0,0.0,35.0,-0.11247330212262983,40.88489724912253,40.7957360563351,1.1655924587524322,302.8390601199885,101324.89673270457,-0.10326729543157853,427.82116138346595,34.99999999999998,15106.07826543152,299.07420119043445,25.924201190434474,30.0,101325.0,223.11946568525147,29.68906011998854,9.722222222222216,25724.99999999996,24.636657877805646
3475.0,57.916666666666664,24.0,False,1800.0,77602.16475669532,20000.0,0.0,35.0,-0.13379677340410454,40.90972625859835,40.79735565678978,1.1656387330511373,302.8269096958097,101324.85386468103,-0.14613531896611676,427.75394164375234,34.99999999999998,15106.67798034274,299.0749125024886,25.92491250248861,30.0,101325.0,223.09326540933557,29.67690969580974,9.722222222222216,25724.99999999996,24.672387044472313
3480.0,58.0,23.200000000000003,False,1740.0000000000002,75476.21287628236,20000.0,0.0,35.0,-0.14383206255291076,40.921411330230406,40.79903372602096,1.1656866778863137,302.8143864178256,101324.83112112475,-0.1688788752508117,427.68636814092054,34.99999999999998,15107.299345406625,299.07562162776713,25.925621627767157,30.0,101325.0,223.06719751476479,29.664386417825597,9.722222222222216,25724.99999999996,24.70811621113898
3485.0,58.083333333333336,22.39999999999999,False,1679.9999999999993,73408.50255925882,20000.0,0.0,35.0,-0.14680348548615682,40.9248712494524,40.80076504112869,1.1657361440322491,302.8015159065962,101324.82407131958,-0.17592868041538168,427.618446852781,34.99999999999998,15107.94042665795,299.07632850477864,25.926328504778667,30.0,101325.0,223.04123639373503,29.651515906596217,9.722222222222216,25724.99999999996,24.74384537780565
3490.0,58.166666666666664,21.599999999999994,False,1619.9999999999995,71397.43824754203,20000.0,0.0,35.0,-0.14879425668895682,40.9271892996613,40.80254193845814,1.165786912527376,302.7883149414463,101324.81926750348,-0.1807324965193402,427.55018411321305,34.99999999999998,15108.598386354794,299.07703307568954,25.927033075689565,30.0,101325.0,223.01534330087782,29.63831494144631,9.722222222222216,25724.99999999996,24.779574544472315
3495.0,58.25,20.799999999999997,False,1559.9999999999998,69441.4680941974,20000.0,0.0,35.0,-0.15683367016013006,40.93655037744366,40.804355748854576,1.16583873568156,302.7747956438282,101324.79920979514,-0.20079020486446097,427.4815863287351,34.99999999999998,15109.270014433017,299.07773528681344,25.92773528681346,30.0,101325.0,222.9894740598724,29.624795643828236,9.722222222222216,25724.99999999996,24.81530371113898
3500.0,58.333333333333336,20.0,False,1500.0,67539.08276594845,20000.0,0.0,35.0,-0.15852657367986892,40.93852159108793,40.80621194533193,1.1658917698666273,302.761009975605,101324.79485163622,-0.20514836377697065,427.41265721847117,34.99999999999998,15109.957337471491,299.07843509150007,25.92843509150009,30.0,101325.0,222.96366039476425,29.611009975605043,9.722222222222216,25724.99999999996,24.851032877805647
3505.0,58.416666666666664,19.200000000000003,False,1440.0000000000002,65688.81427849307,20000.0,0.0,35.0,-0.16114245277377076,40.941567515738406,40.8081019910783,1.1659457711736665,302.7469670660965,101324.78802538705,-0.21197461294650566,427.34340300077463,34.99999999999998,15110.657194410716,299.07913244492096,25.92913244492098,30.0,101325.0,222.93785877665658,29.59696706609651,9.722222222222216,25724.99999999996,24.886762044472313
3510.0,58.5,18.39999999999999,False,1379.9999999999993,63889.23486372668,20000.0,0.0,35.0,-0.1664772280994188,40.947779317999085,40.81002130133068,1.1660006086094488,302.73268613744864,101324.77375781653,-0.22624218347482383,427.2738290729578,34.99999999999998,15111.367887578455,299.07982730673405,25.92982730673407,30.0,101325.0,222.9120468650581,29.58268613744866,9.722222222222216,25724.99999999996,24.92249121113898
3515.0,58.583333333333336,17.599999999999994,False,1319.9999999999995,62138.95586799846,20000.0,0.0,35.0,-0.1715437412193503,40.95367875625675,40.811969108381035,1.1660562602394589,302.71819603829556,101324.75977750897,-0.2402224910329096,427.2039400692316,34.99999999999998,15112.089132703386,299.0805196414699,25.930519641469914,30.0,101325.0,222.88622278348856,29.568196038295582,9.722222222222216,25724.99999999996,24.958220377805645
3520.0,58.666666666666664,16.799999999999997,False,1259.9999999999998,60436.62668055049,20000.0,0.0,35.0,-0.17302389786825312,40.95540224784854,40.81394527369926,1.166112722105694,302.70352632584667,101324.7556141287,-0.24438587129407097,427.1337404513074,34.99999999999998,15112.820878489794,299.0812094160271,25.931209416027116,30.0,101325.0,222.86038800353387,29.55352632584669,9.722222222222216,25724.99999999996,24.993949544472315
3525.0,58.75,16.0,False,1200.0,58780.933691312755,20000.0,0.0,35.0,-0.18294016059070667,40.96694872533573,40.81593716776776,1.1661696333647937,302.68866774832463,101324.72679916443,-0.2732008355669677,427.0632367850133,34.99999999999998,15113.558448407726,299.08189660162145,25.931896601621474,30.0,101325.0,222.83447690043525,29.538667748324656,9.722222222222216,25724.99999999996,25.02967871113898
3530.0,58.833333333333336,15.200000000000003,False,1140.0000000000002,57170.59927725,20000.0,0.0,35.0,-0.17811563615624157,40.96133105824399,40.817961630648796,1.1662274751613948,302.6736976682169,101324.74101894005,-0.2589810599456541,426.99243044398906,34.99999999999998,15114.308078091675,299.0825811721621,25.932581172162145,30.0,101325.0,222.80858204823656,29.523697668216926,9.722222222222216,25724.99999999996,25.065407877805647
3535.0,58.916666666666664,14.399999999999991,False,1079.9999999999993,55604.38081647801,20000.0,0.0,35.0,-0.18774076980355034,40.97253854558882,40.819991478966436,1.1662854708276131,302.6585608025683,101324.71227268044,-0.28772731956269126,426.9213303287124,34.99999999999998,15115.059701925868,299.0832631054026,25.933263105402602,30.0,101325.0,222.78255962134224,29.508560802568297,9.722222222222216,25724.99999999996,25.101137044472313
3540.0,59.0,13.599999999999994,False,1019.9999999999995,54081.06972938891,20000.0,0.0,35.0,-0.18911523359043422,40.97413896861274,40.82204373617952,1.1663441067479872,302.64333254052457,101324.70804431367,-0.29195568633440416,426.84993767655567,34.99999999999998,15115.819623453914,299.08394238135736,25.933942381357383,30.0,101325.0,222.75650312103355,29.49333254052459,9.722222222222216,25724.99999999996,25.13686621113898
3545.0,59.083333333333336,12.799999999999997,False,959.9999999999998,52599.49054604508,20000.0,0.0,35.0,-0.18725099604648315,40.971968253955964,40.82411197307841,1.1664031992308124,302.6280170883035,101324.71377195494,-0.2862280450644903,426.77825768448,34.99999999999998,15116.58546203133,299.0846189833104,25.93461898331043,30.0,101325.0,222.73038009833425,29.478017088303545,9.722222222222216,25724.99999999996,25.172595377805646
3550.0,59.166666666666664,12.0,False,900.0,51158.49999912249,20000.0,0.0,35.0,-0.1896553650128018,40.97476789661547,40.826187423630856,1.1664624978180251,302.6126105188924,101324.70637422467,-0.2936257753317477,426.7062958346544,34.99999999999998,15117.353971721604,299.0852928973263,25.93529289732635,30.0,101325.0,222.70414552962268,29.462610518892404,9.722222222222216,25724.99999999996,25.208324544472312
3555.0,59.25,11.200000000000003,False,840.0000000000002,49756.98614170324,20000.0,0.0,35.0,-0.19375201304816925,40.97953802581003,40.82827026899663,1.1665220076856189,302.59713451058775,101324.69355230563,-0.3064476943691261,426.6340560404555,34.99999999999998,15118.125219605621,299.0859641118766,25.935964111876615,30.0,101325.0,222.6778024031544,29.447134510587773,9.722222222222216,25724.99999999996,25.24405371113898
3560.0,59.333333333333336,10.399999999999991,False,779.9999999999993,48393.86748923667,20000.0,0.0,35.0,-0.19640463703711017,40.98262673614653,40.830361393403614,1.1665817540972467,302.5816117879155,101324.6851038249,-0.31489617509942036,426.5615420512682,34.99999999999998,15118.899533100317,299.08663261784886,25.936632617848886,30.0,101325.0,222.65135745506575,29.43161178791553,9.722222222222216,25724.99999999996,25.279782877805648
3565.0,59.416666666666664,9.599999999999994,False,719.9999999999995,47068.092185006884,20000.0,0.0,35.0,-0.19777420039448199,40.98422145311963,40.83245886921284,1.1666416819775105,302.56605566003446,101324.68069686252,-0.31930313748307526,426.48875801805815,34.99999999999998,15119.676198428535,299.08729840852516,25.93729840852518,30.0,101325.0,222.62480229734234,29.416055660034488,9.722222222222216,25724.99999999996,25.315512044472314
3570.0,59.5,8.799999999999997,False,659.9999999999998,45778.63718846271,20000.0,0.0,35.0,-0.19839128422857896,40.984939984364466,40.83456048957218,1.1667017282734917,302.5504776225891,101324.67870121096,-0.3212987890437944,426.4157080709358,34.99999999999998,15120.454398424452,299.08796147940797,25.93796147940799,30.0,101325.0,222.59812701650458,29.400477622589108,9.722222222222216,25724.99999999996,25.35124121113898
3575.0,59.583333333333336,8.0,False,600.0,44524.50748578379,20000.0,0.0,35.0,-0.20105384083060648,40.988040260216785,40.83666199283849,1.1667617712239577,302.53488209195103,101324.67001920888,-0.3299807911243988,426.34239659296725,34.99999999999998,15121.232555062492,299.0886218281462,25.93862182814621,30.0,101325.0,222.57131064052518,29.384882091951056,9.722222222222216,25724.99999999996,25.386970377805646
3580.0,59.666666666666664,7.200000000000003,False,540.0000000000002,43304.735322073684,20000.0,0.0,35.0,-0.2062124684914535,40.994046956471,40.83876130463294,1.1668217515609418,302.5192791161278,101324.65286871705,-0.34713128294970375,426.2688275509586,34.99999999999998,15122.009900229807,299.0892794543198,25.93927945431983,30.0,101325.0,222.54434391562796,29.369279116127814,9.722222222222216,25724.99999999996,25.422699544472312
3585.0,59.75,6.3999999999999915,False,479.9999999999994,42118.37945458733,20000.0,0.0,35.0,-0.20997551974835627,40.99842864621009,40.840860630977865,1.166881732313654,302.5036906703465,101324.6400839274,-0.359916072600754,426.1950041982203,34.99999999999998,15122.787250784955,299.0899343592745,25.939934359274503,30.0,101325.0,222.51724054510538,29.35369067034651,9.722222222222216,25724.99999999996,25.458428711138982
3590.0,59.833333333333336,5.599999999999994,False,419.99999999999955,40964.524426416865,20000.0,0.0,35.0,-0.20849771174233953,40.99670788937362,40.84296243912227,1.1669417839749225,302.4881386844617,101324.64513227917,-0.35486772083095275,426.12092971642136,34.99999999999998,15123.565520314996,299.0905865461219,25.94058654612195,30.0,101325.0,222.49001560989876,29.33813868446174,9.722222222222216,25724.99999999996,25.494157877805648
3595.0,59.916666666666664,4.799999999999997,False,359.9999999999998,39842.27986007506,20000.0,0.0,35.0,-0.20776483899002607,40.99585453373224,40.845059549034005,1.1670017014009724,302.4726154551436,101324.64762262595,-0.352377374045318,426.0466086855921,34.99999999999998,15124.342050156602,299.0912360199195,25.94123601991953,30.0,101325.0,222.46263236815614,29.322615455143648,9.722222222222216,25724.99999999996,25.529887044472314
3600.0,60.0,4.0,False,300.0,38750.77977043152,20000.0,0.0,35.0,-0.212026484316123,41.000816785458866,40.847146534682715,1.167061329562364,302.45711775852703,101324.63301853019,-0.3669814698077971,425.9720453295711,34.99999999999998,15125.114831128238,299.0918827872399,25.941882787239933,30.0,101325.0,222.43506347134928,29.307117758527056,9.722222222222216,25724.99999999996,25.56561621113898
