time_s,time_min,passengers,train_present,passenger_heat_W,train_heat_W,equipment_heat_W,piston_airflow_m3_s,target_ventilation_airflow_m3_s,leakage_airflow_signed_m3_s,total_mass_inflow_kg_s,total_mass_outflow_kg_s,air_density_kg_m3,air_temperature_K,internal_pressure_Pa,pressure_difference_Pa,co2_ppm,ventilation_airflow_m3_s,air_mass_kg,structure_temperature_K,structure_temperature_C,outdoor_temperature_C,outdoor_pressure_Pa,co2_moles,air_temperature_C,air_changes_per_hour,fan_power_proxy_W,cumulative_fan_energy_kWh
0.0,0.0,4.0,False,300.0,0.0,20000.0,0.0,25.0,0.0,29.109952535479017,29.499188069966458,1.1799675227986584,299.15,101325.0,0.0,600.0,25.0,15292.379095470611,298.65,25.5,30.0,101325.0,316.77417926623554,26.0,6.944444444444445,9375.0,0.0
5.0,0.08333333333333333,4.466666666666667,False,335.0,0.0,20000.0,0.0,25.0,-0.09399852309522462,29.219404237307298,29.4954465217031,1.179817860868124,299.18773471609,101324.92787165433,-0.07212834566598758,598.2993524047591,25.0,15290.439476850886,298.65018022429564,25.50018022429566,30.0,101325.0,315.8362461500024,26.03773471609003,6.944444444444445,9375.0,0.013020833333333334
10.0,0.16666666666666666,4.933333333333334,False,370.0,0.0,20000.0,0.0,25.0,0.028192630483975162,29.109952535479017,29.525075816083227,1.1796727095716097,299.22478004683245,101325.00648836256,0.006488362560048699,596.6149942351116,25.0,15288.558316048062,298.6503666444142,25.500366644414214,30.0,101325.0,314.9083428249134,26.074780046832473,6.944444444444445,9375.0,0.026041666666666668
15.0,0.25,5.4,False,405.0,0.0,20000.0,0.0,25.0,0.0005412325497341838,29.109952535479017,29.488889863090623,1.1795300585211825,299.2609488020182,101325.00000239129,2.391287125647068e-06,594.947063351675,25.0,15286.709558434524,298.65055912425896,25.500559124258984,30.0,101325.0,313.9899935129259,26.110948802018243,6.944444444444445,9375.0,0.0390625
20.0,0.3333333333333333,5.866666666666667,False,440.00000000000006,0.0,20000.0,0.0,25.0,-0.05086137542933192,29.1691754244645,29.48476044631743,1.1793904178526973,299.29631912813113,101324.97888261624,-0.021117383759701625,593.295367352903,25.0,15284.899815370956,298.6507575301932,25.500757530193198,30.0,101325.0,313.0812233615797,26.146319128131154,6.944444444444445,9375.0,0.052083333333333336
25.0,0.4166666666666667,6.333333333333334,False,475.00000000000006,0.0,20000.0,0.0,25.0,-0.07353416363079543,29.195575576000163,29.481345593096712,1.1792538237238686,299.3309188991437,101324.95585899412,-0.04414100588473957,591.6597684240548,25.0,15283.129555461335,298.65096173167177,25.500961731671794,30.0,101325.0,312.1819595093106,26.180918899143705,6.944444444444445,9375.0,0.06510416666666667
30.0,0.5,6.800000000000001,False,510.00000000000006,0.0,20000.0,0.0,25.0,-0.10075206359852615,29.227268047047204,29.478002328751113,1.1791200931500445,299.36475327447414,101324.91713487086,-0.08286512913764454,590.0401296804749,25.0,15281.396407224578,298.6511716007891,25.50117160078912,30.0,101325.0,311.29207179020113,26.214753274474162,6.944444444444445,9375.0,0.078125
35.0,0.5833333333333334,7.266666666666667,False,545.0,0.0,20000.0,0.0,25.0,-0.07737307372177969,29.200045595621624,29.474747207693202,1.178989888307728,299.3979148559934,101324.95112985684,-0.04887014316045679,588.4362444003912,25.0,15279.708952468156,298.65138701258394,25.50138701258396,30.0,101325.0,310.41161640594214,26.24791485599343,6.944444444444445,9375.0,0.09114583333333333
40.0,0.6666666666666666,7.733333333333333,False,580.0,0.0,20000.0,0.0,25.0,-0.06913326526442289,29.190451178297817,29.471558635710267,1.1788623454284106,299.43033628564706,101324.9609844215,-0.039015578498947434,586.8480545589123,25.0,15278.055996752202,298.6516078447683,25.50160784476833,30.0,101325.0,309.5403256023143,26.28033628564708,6.944444444444445,9375.0,0.10416666666666667
45.0,0.75,8.2,False,615.0,0.0,20000.0,0.0,25.0,-0.05357914719026255,29.172339992743016,29.468441183934647,1.1787376473573858,299.4620589217025,101324.9765655101,-0.023434489907231182,585.2754059519195,25.0,15276.43990975172,298.65183397788405,25.501833977884075,30.0,101325.0,308.67815757115585,26.312058921702544,6.944444444444445,9375.0,0.1171875
50.0,0.8333333333333334,8.666666666666668,False,650.0000000000001,0.0,20000.0,0.0,25.0,-0.05583481343665925,29.174966486237754,29.46538848316661,1.1786155393266644,299.493078115337,101324.97455080497,-0.025449195032706484,583.7181817843324,25.0,15274.85738967357,298.65206529486693,25.502065294866952,30.0,101325.0,307.8249755746631,26.34307811533705,6.944444444444445,9375.0,0.13020833333333334
55.0,0.9166666666666666,9.133333333333333,False,685.0,0.0,20000.0,0.0,25.0,-0.08811443027987635,29.212552810804535,29.462395250191918,1.1784958100076768,299.5233929955378,101324.93661916062,-0.06338083937589545,582.1762700788902,25.0,15273.305697699492,298.65230168133075,25.502301681330778,30.0,101325.0,306.98065757741534,26.373392995537813,6.944444444444445,9375.0,0.14322916666666666
60.0,1.0,9.600000000000001,False,720.0000000000001,0.0,20000.0,0.0,25.0,-0.07464183839193854,29.196865350389025,29.45947886088569,1.1783791544354276,299.5530977226791,101324.9545191507,-0.04548084929410834,580.6494504720557,25.0,15271.793841483142,298.65254302546737,25.50254302546739,30.0,101325.0,306.1452605809631,26.40309772267915,6.944444444444445,9375.0,0.15625
65.0,1.0833333333333333,10.066666666666666,False,755.0,0.0,20000.0,0.0,25.0,-0.09565066447608297,29.22132798759445,29.456616696715816,1.1782646678686326,299.58211757184034,101324.9253138807,-0.07468611930380575,579.1376930811311,25.0,15270.310095577479,298.65278921775933,25.502789217759357,30.0,101325.0,305.3185257269499,26.432117571840365,6.944444444444445,9375.0,0.16927083333333334
70.0,1.1666666666666667,10.533333333333333,False,790.0,0.0,20000.0,0.0,25.0,-0.07256081672477235,29.194442212710765,29.45382952325112,1.1781531809300447,299.6105603482953,101324.9570198194,-0.04298018060217146,577.6407567461865,25.0,15268.86522485338,298.6530401511558,25.5030401511558,30.0,101325.0,304.50053385234133,26.460560348295303,6.944444444444445,9375.0,0.18229166666666666
75.0,1.25,11.0,False,825.0,0.0,20000.0,0.0,25.0,-0.11387635830402842,29.242549950884758,29.451084025022983,1.1780433610009193,299.63830479048795,101324.89414020424,-0.10585979575989768,576.15867987216,25.0,15267.441958571913,298.6532957210258,25.503295721025836,30.0,101325.0,303.69095341567186,26.488304790487973,6.944444444444445,9375.0,0.1953125
80.0,1.3333333333333333,11.466666666666667,False,860.0,0.0,20000.0,0.0,25.093284387206495,-0.08142587508402163,29.209794630915198,29.453510107714912,1.177936866477741,299.6655473978677,101324.94587613769,-0.05412386231182609,574.6910528957285,25.004319794987488,15266.061789551524,298.6535558249865,25.503555824986506,30.0,101325.0,302.8899894842299,26.51554739786775,6.945644387496524,9379.860609137584,0.20833670875634555
85.0,1.4166666666666667,11.933333333333334,False,895.0,0.0,20000.0,0.0,25.25297395974269,-0.0916846379733175,29.252343822477723,29.481847193111573,1.1778320882632471,299.69216232662376,101324.93137899722,-0.06862100277794525,573.2371382985028,25.030602822668506,15264.703863891682,298.6538203642851,25.503820364285104,30.0,101325.0,302.0968320574816,26.54216232662378,6.95294522851903,9409.470336672386,0.22138485524649137
90.0,1.5,12.4,False,930.0,0.0,20000.0,0.0,25.40929575247435,-0.12113514130256399,29.340804078002314,29.53405784399703,1.1777291080481462,299.7182159587457,101324.88021451054,-0.11978548945626244,571.7955314402733,25.077123119546485,15263.369240303975,298.6540892466321,25.504089246632134,30.0,101325.0,301.3107565743972,26.568215958745725,6.965867533207358,9462.03144362624,0.2344900648161432
95.0,1.5833333333333333,12.866666666666667,False,965.0,0.0,20000.0,0.0,25.56310693759019,-0.10109060272850162,29.391030037090655,29.605944268267862,1.1776288069361196,299.743851156265,101324.91657706155,-0.08342293844907545,570.3649645560298,25.140302354945565,15262.06933789211,298.6543623858253,25.504362385825345,30.0,101325.0,300.5313147141571,26.593851156265032,6.983417320818212,9533.727620190044,0.24768156416601564
100.0,1.6666666666666667,13.333333333333334,False,1000.0,0.0,20000.0,0.0,25.713928953680238,-0.1017496377489041,29.481270223796248,29.69394322667116,1.1775300446849537,299.7689881589467,101324.91548580586,-0.0845141941390466,568.9446888204593,25.217142747823242,15260.789379116999,298.65463970133777,25.504639701337794,30.0,101325.0,299.75781504896537,26.618988158946706,7.004761874395346,9621.413528178191,0.2609837455190491
105.0,1.75,13.8,False,1035.0,0.0,20000.0,0.0,25.86192401170058,-0.12132213366812455,29.6065131572472,29.79508932713759,1.1774327479768638,299.7936540019501,101324.8798444072,-0.12015559279825538,567.5339963633496,25.305130486928714,15259.528413780155,298.65492111695164,25.504921116951664,30.0,101325.0,298.98986174073497,26.643654001950097,7.029202913035754,9722.478550860935,0.2744170039072707
110.0,1.8333333333333333,14.266666666666667,False,1070.0,0.0,20000.0,0.0,26.007769444474775,-0.10209686587954471,29.697105365830684,29.906917580989692,1.1773376956998651,299.8179615740791,101324.91490799982,-0.08509200018306728,566.1321972899395,25.40215750351186,15258.296536270253,298.65520656007413,25.505206560074157,30.0,101325.0,298.2272846374322,26.66796157407913,7.056154862086628,9834.744095762739,0.2879984085229816
115.0,1.9166666666666667,14.733333333333334,False,1105.0,0.0,20000.0,0.0,26.150989599499326,-0.10511643099491451,29.822069815085918,30.02732353248152,1.177243910003412,299.84183159991653,101324.90980029335,-0.09019970665394794,564.7390091922326,25.506459007627818,15257.081073644218,298.65549596168705,25.505495961687075,30.0,101325.0,297.4696825395785,26.691831599916554,7.085127502118838,9956.386860531637,0.3017422494648527
120.0,2.0,15.200000000000001,False,1140.0,0.0,20000.0,0.0,26.29185320688657,-0.11159723002732924,29.95781191051878,30.154569193049937,1.1771516071892933,299.8653088678144,101324.89833516939,-0.10166483061038889,563.3540620579955,25.616555258375392,15255.884829173241,298.65578925533424,25.505789255334264,30.0,101325.0,296.7169116320169,26.71530886781443,7.115709793993164,10085.871609603259,0.3156604845135575
125.0,2.0833333333333335,15.666666666666668,False,1175.0,0.0,20000.0,0.0,26.43043563520439,-0.12092174013654951,30.10216867298669,30.28719255850621,1.177060738678359,299.8884059392007,101324.88063618582,-0.11936381418490782,561.977143029481,25.731206184409505,15254.70717327153,298.656086376847,25.50608637684701,30.0,101325.0,295.96884381901265,26.73840593920073,7.1475572734470845,10221.90133835501,0.3297631046163063
130.0,2.1666666666666665,16.133333333333333,False,1210.0,0.0,20000.0,0.0,26.5671373459636,-0.09967366568396002,30.215021812848033,30.423983300436056,1.1769717643216797,299.9111895576606,101324.91889926832,-0.08110073168063536,560.6079569541963,25.849373980496644,15253.554065608969,298.6563872642295,25.506387264229545,30.0,101325.0,295.22543538492465,26.7611895576606,7.180381661249068,10363.378016663331,0.3440584375017357
135.0,2.25,16.6,False,1245.0,0.0,20000.0,0.0,26.702200332515986,0.06999699425905993,30.23965701756923,30.64631850456671,1.1768848372709544,299.9337000554193,101325.03999656494,0.039996564941247925,559.2460405178024,25.970204675457076,15252.427491031569,298.6566918597857,25.506691859785747,30.0,101325.0,294.48647627650706,26.78370005541933,7.213945743182521,10509.38658045735,0.35855341291640286
140.0,2.3333333333333335,17.066666666666666,False,1280.0,0.0,20000.0,0.0,26.83430140144435,-0.07218410085736571,30.466693973784622,30.706180355996537,1.1767974950204358,299.9557169002407,101324.95746494354,-0.042535056461929344,557.8907404188221,26.093002819880496,15251.295535464847,298.657000111146,25.507000111146,30.0,101325.0,293.751003225483,26.805716900240725,7.248056338855694,10659.171111635556,0.3732538002025785
145.0,2.4166666666666665,17.53333333333333,False,1314.9999999999998,0.0,20000.0,0.0,26.96494867701233,-0.046881548389126955,30.581762112448473,30.85001781511477,1.176712360114562,299.9774914461687,101324.98205812588,-0.01794187411724124,556.5428845955147,26.217127363318667,15250.192187084722,298.6573119562245,25.5073119562245,30.0,101325.0,293.020105175732,26.82749144616872,7.282535378699629,10812.01307033663,0.3881643447733925
150.0,2.5,18.0,False,1350.0,0.0,20000.0,0.0,27.093314376489502,-0.08207353162714218,30.768236887025086,30.994831965658964,1.17662801321258,299.9988857294149,101324.9450117176,-0.05498828239797149,555.2025521344742,26.34208230435796,15249.099051235034,298.657627341407,25.507627341407044,30.0,101325.0,292.2934663319114,26.848885729414917,7.317245084543877,10967.346316465988,0.4032888999031166
155.0,2.5833333333333335,18.46666666666667,False,1385.0000000000002,0.0,20000.0,0.0,27.21988218512081,-0.08945290729332267,30.92278125527434,31.14012394923002,1.176545163615684,300.0199803641868,101324.934678999,-0.06532100100594107,553.869791954248,26.46742761113578,15248.025320459266,298.6579462094792,25.5079462094792,30.0,101325.0,291.57128595541815,26.8699803641868,7.352063225315494,11124.652458938,0.41863056571936935
160.0,2.6666666666666665,18.933333333333334,False,1420.0,0.0,20000.0,0.0,27.344910992348105,-0.028832353100279928,30.998201460436757,31.285498876428402,1.1764641310151647,300.04081849872466,101324.99321384012,-0.006786159879993647,552.5445548769163,26.592820003302872,15246.975137956535,298.6582685085663,25.508268508566346,30.0,101325.0,290.8536136750861,26.890818498724684,7.386894445361909,11283.515566871121,0.43419179351507015
165.0,2.75,19.4,False,1455.0,0.0,20000.0,0.0,27.46760167696118,-0.06878909561381402,31.190438747253836,31.43056859934072,1.1763835881536462,300.0612669461602,101324.96137192102,-0.03862807898258325,551.2270604987829,26.717959104369626,15245.931302471256,298.6585941849174,25.5085941849174,30.0,101325.0,290.14023367446487,26.911266946160197,7.421655306769341,11443.558462885112,0.44997448381351196
170.0,2.8333333333333335,19.866666666666667,False,1490.0,0.0,20000.0,0.0,27.58863814934432,-0.06494937746832272,31.33110021404234,31.575073470259404,1.1763045553318703,300.08143969155736,101324.96556390503,-0.03443609496753197,549.9172777052007,26.842600691409498,15244.90703710104,298.6589231866141,25.50892318661414,30.0,101325.0,289.43137892061725,26.931439691557387,7.456277969835972,11604.462330327995,0.46598005380879887
175.0,2.9166666666666665,20.333333333333336,False,1525.0000000000002,0.0,20000.0,0.0,27.707844701851286,-0.06424487525588882,31.47459514572706,31.718764606492584,1.1762266884711137,300.1013074503085,101324.96630690615,-0.03369309385016095,548.6152995294636,26.966540478452636,15243.897882585634,298.6592554622791,25.5092554622791,30.0,101325.0,288.72701044188454,26.951307450308548,7.490705688459066,11765.948802973691,0.48220950598470286
180.0,3.0,20.8,False,1560.0,0.0,20000.0,0.0,27.82500349925067,-0.10094543183349886,31.660624449568324,31.861426856011057,1.1761495863224312,300.12083391654176,101324.9168164881,-0.08318351190246176,547.321255002825,27.089604270180413,15242.898638738709,298.6595909603016,25.509590960301637,30.0,101325.0,288.02709502559355,26.97083391654178,7.524890075050115,11927.769360752727,0.4986634769317351
185.0,3.0833333333333335,21.266666666666666,False,1595.0,0.0,20000.0,0.0,27.940780924113824,-0.08505098124931337,31.7842421885476,32.00293643433621,1.1760742508825046,300.14013015401895,101324.94094963746,-0.05905036254262086,546.0351251413089,27.211663217965867,15241.922291437259,298.65992963245725,25.509929632457272,30.0,101325.0,287.3318653349208,26.99013015401897,7.5587953383238515,12089.727508336478,0.5153422942019359
190.0,3.1666666666666665,21.733333333333334,False,1630.0,0.0,20000.0,0.0,28.054620765670848,-0.09440300327879991,31.935944792181182,32.14312531425935,1.1759997512435945,300.1591034609451,101324.92724957528,-0.07275042471883353,544.7571031049437,27.33259533453871,15240.956776116984,298.66027142808366,25.510271428083684,30.0,101325.0,286.6411922550215,27.00910346094514,7.59238759292742,12251.629788239372,0.5322460145467802
195.0,3.25,22.2,False,1665.0,0.0,20000.0,0.0,28.166775314531947,-0.09887869853466742,32.08055457593838,32.28189991500036,1.1759264383986632,300.1777958857553,101324.9201877794,-0.07981222060334403,543.4872445615733,27.45231237334944,15240.006641646674,298.6606162993297,25.51061629932974,30.0,101325.0,285.95518818335887,27.027795885755324,7.625642325930399,12413.3227215857,0.5493744537897144
200.0,3.3333333333333335,22.666666666666668,False,1700.0,0.0,20000.0,0.0,28.277305870611258,-0.0943649237714496,32.21318485869271,32.4191639259555,1.175854359448664,300.19621764510185,101324.92730825438,-0.07269174561952241,542.2256383663045,27.570730733316534,15239.072498454685,298.6609641968063,25.5109641968063,30.0,101325.0,285.27390846895537,27.046217645101876,7.658536314810148,12574.655063453172,0.5667272161404358
205.0,3.4166666666666665,23.133333333333333,False,1735.0,0.0,20000.0,0.0,28.385941096195097,-0.11458233679260801,32.37304317875198,32.5548477481551,1.1757830437240908,300.2143235160325,101324.89282357629,-0.10717642371309921,540.9724260895711,27.68780169260071,15238.148246664217,298.66131507503343,25.51131507503345,30.0,101325.0,284.59731077674195,27.064323516032516,7.69105602572242,12735.519867302375,0.5843037265090161
210.0,3.5,23.6,False,1770.0,0.0,20000.0,0.0,28.493103394164564,-0.11402911850444034,32.50707945201549,32.688900631836866,1.1757131100529736,300.2321838990274,101324.89385600109,-0.10614399891346693,539.7276347775528,27.803466978746215,15237.24190628654,298.6616688854677,25.511668885467714,30.0,101325.0,283.92555668918027,27.082183899027427,7.723185271873948,12895.794757240488,0.6021032505538375
215.0,3.5833333333333335,24.066666666666666,False,1805.0,0.0,20000.0,0.0,28.598656434059308,-0.11035178523076127,32.635804946256115,32.82127951330276,1.1756443010639424,300.2497760723432,101324.90059170201,-0.09940829798870254,538.4913802859968,27.917695414846094,15236.350141788693,298.6620255828765,25.512025582876504,30.0,101325.0,283.25864203846464,27.099776072343218,7.754915393012804,13055.392846764607,0.6201249086121744
220.0,3.6666666666666665,24.533333333333335,False,1840.0000000000002,0.0,20000.0,0.0,28.7024689252828,-0.11916824267735454,32.77737208634363,32.951944695803526,1.1755763660746725,300.2670781542138,101324.88407289745,-0.11592710255354177,537.2637740503965,28.030458630120524,15235.469704327756,298.6623851216084,25.512385121608418,30.0,101325.0,282.59656252253075,27.1170781542138,7.786238508366813,13214.229993279183,0.6383677022510936
225.0,3.75,25.0,False,1875.0,0.0,20000.0,0.0,28.804808689155493,-0.11505816215278357,32.90214707937164,33.0808726586456,1.1755096825965523,300.2841347815259,101324.8919315863,-0.10806841369776521,536.0448613602601,28.14172707244243,15234.605486451319,298.6627474551795,25.51274745517952,30.0,101325.0,281.93943027712766,27.134134781525916,7.8171464090117855,13372.219315495004,0.6568305142710757
230.0,3.8333333333333335,25.46666666666667,False,1910.0000000000002,0.0,20000.0,0.0,28.90575315335377,-0.0887637852379536,32.999343717436034,33.208059901298434,1.175444333309762,300.3009588588923,101324.93568155453,-0.06431844546750654,534.8347147857487,28.251495166761927,15233.758559694515,298.66311254045826,25.51311254045828,30.0,101325.0,281.2873004291071,27.150958858892295,7.8476375463227575,13529.307314421472,0.6755121299862955
235.0,3.9166666666666665,25.933333333333334,False,1945.0,0.0,20000.0,0.0,29.004874690054862,-0.09308868320743453,33.13042696742047,33.33346715075516,1.1753795984559343,300.3174791150091,101324.92926120048,-0.07073879952076823,533.6334810534586,28.359746242443272,15232.91959598891,298.6634803322493,25.513480332249344,30.0,101325.0,280.64007535301005,27.167479115009144,7.877707289567576,13685.424466672286,0.6944112492787217
240.0,4.0,26.400000000000002,False,1980.0000000000002,0.0,20000.0,0.0,29.102533114333482,-0.08681074483413805,33.24739889648316,33.45711096715906,1.1753160064202273,300.33375551905556,101324.93848077209,-0.06151922790741082,532.4411809193438,28.46648117135969,15232.095443206144,298.66385078802693,25.513850788026957,30.0,101325.0,279.9978900769487,27.18375551905558,7.907355880933247,13840.526410150254,0.7135264929431818
245.0,4.083333333333333,26.866666666666667,False,2015.0,0.0,20000.0,0.0,29.198273083640515,-0.12531718916431445,33.414735475999116,33.578953186444025,1.1752527920645222,300.34971218060673,101324.87180083347,-0.12819916653097607,531.2579558830045,28.571685524317832,15231.276185156206,298.6642238626181,25.51422386261811,30.0,101325.0,279.36063454129686,27.199712180606753,7.936579312310509,13994.546663034598,0.7328564047995602
250.0,4.166666666666667,27.333333333333336,False,2050.0,0.0,20000.0,0.0,29.292836093184064,-0.12688966127441365,33.53729518115448,33.6990379644093,1.1751910877291358,300.3654726821973,101324.86856337846,-0.13143662153743207,530.0837628935802,28.675368896412554,15230.4764969696,298.664599514737,25.51459951473703,30.0,101325.0,278.728553304513,27.215472682197344,7.965380249003488,14147.454024019517,0.7523994608322366
255.0,4.25,27.8,False,2085.0,0.0,20000.0,0.0,29.385873405336383,-0.13186585712631108,33.662049119225074,33.81735097274495,1.1751303002985236,300.3809789008894,101324.85805221,-0.14194779000536073,528.9187191632071,28.777532980090953,15229.688691868865,298.6649777019642,25.5149777019642,30.0,101325.0,278.1015645035304,27.230978900889397,7.993759161136376,14299.206279328015,0.7721540860428947
260.0,4.333333333333333,28.26666666666667,False,2120.0,0.0,20000.0,0.0,29.47749796901553,-0.1316658031708572,33.77901462336315,33.93390464468399,1.1750705670820363,300.39624966150257,101324.85848258184,-0.14151741816021968,527.7628685865736,28.878184506781995,15228.914549383191,298.6653583828402,25.515358382840247,30.0,101325.0,277.4797214603138,27.24624966150259,8.021717918550554,14449.769218344522,0.7921186523607229
265.0,4.416666666666667,28.733333333333334,False,2155.0,0.0,20000.0,0.0,29.567783511217385,-0.12092187746413363,33.881955816164094,34.04871609167311,1.1750119647430468,300.41129725186954,101324.8806359147,-0.11936408530164044,526.6162570279346,28.97733564706205,15228.155063069886,298.66574151703855,25.515741517038578,30.0,101325.0,276.86306397866593,27.261297251869564,8.04925990196168,14599.117509262362,0.8122914903660053
270.0,4.5,29.200000000000003,False,2190.0,0.0,20000.0,0.0,29.656521993560204,-0.12076533300117546,33.99548850611971,34.1617858729273,1.1749541233819412,300.4260869989267,101324.88094477016,-0.11905522983579431,525.4789666089814,29.074995519482385,15227.405439029957,298.66612706404413,25.516127064044156,30.0,101325.0,276.2515457941753,27.2760869989267,8.076387644300661,14747.222060390663,0.8326708928449311
275.0,4.583333333333333,29.666666666666668,False,2225.0,0.0,20000.0,0.0,29.743776002699974,-0.12735106367898966,34.11513396981783,34.273114542516566,1.1748970969883898,300.4406293337833,101324.867605768,-0.13239423200138845,524.3510365352879,29.171162845128087,15226.666376969533,298.6665149817992,25.51651498179922,30.0,101325.0,275.6451982979918,27.29062933378333,8.103100790313357,14894.03861242145,0.8532551016454951
280.0,4.666666666666667,30.133333333333333,False,2260.0,0.0,20000.0,0.0,29.82960624326961,-0.1359344188746227,34.23539689915905,34.382733940386046,1.1748409447489205,300.45493437387825,101324.84915782665,-0.15084217334515415,523.2325018778748,29.265862833657113,15225.93864394601,298.6669052329388,25.516905232938825,30.0,101325.0,275.04405183153887,27.304934373878268,8.12940634268253,15039.564087805044,0.8740423257428747
285.0,4.75,30.6,False,2295.0,0.0,20000.0,0.0,29.9142199208203,-0.1301349993802676,34.33720831913385,34.490657266121964,1.1747859505514475,300.46903665347,101324.86175413826,-0.13824586174450815,522.1233743600476,29.3590992043546,15225.22591914676,298.6672977769619,25.517297776961925,30.0,101325.0,274.44817685702026,27.31903665347005,8.155305334542945,15183.763466393011,0.8950307476555122
290.0,4.833333333333333,31.066666666666666,False,2330.0,0.0,20000.0,0.0,29.997308025099187,-0.13883423733470454,34.454223539020354,34.59689563785132,1.1747315880628484,300.48288467084984,101324.84265350648,-0.15734649352089036,521.0237325730453,29.45089413565712,15224.521381294515,298.6676925768369,25.517692576836907,30.0,101325.0,273.8574895640356,27.332884670849865,8.180803926571423,15326.631092344152,0.9162185216546352
295.0,4.916666666666667,31.533333333333335,False,2365.0,0.0,20000.0,0.0,30.079075115554133,-0.14526094884897248,34.56692968632185,34.70147341212774,1.1746781398987387,300.496512519259,101324.82774903461,-0.1722509653918678,519.9335805254386,29.541260906684723,15223.828693087655,298.66808959446286,25.51808959446288,30.0,101325.0,273.2720561813132,27.346512519259022,8.205905807412424,15468.148590177898,0.9376037853230533
300.0,5.0,32.0,False,2400.0,0.0,20000.0,0.0,30.15959782305447,-0.14505742461092522,34.67026564643295,34.80440653134361,1.1746256856247126,300.50993297050906,101324.82823137604,-0.17176862395717762,518.8529367859975,29.63021067671719,15223.148885696275,298.6684887917026,25.518488791702623,30.0,101325.0,272.69190292053906,27.359932970509078,8.230614076865887,15608.295140122402,0.9591846490246507
305.0,5.083333333333333,32.46666666666667,False,2435.0,0.0,20000.0,0.0,30.238886179382916,-0.13887409312684237,34.76500568450659,34.905711807898136,1.174574200642728,300.5231476965638,101324.84256315313,-0.15743684687186033,517.7818252074798,29.717757966076306,15222.481640329754,298.66889013143265,25.51889013143267,30.0,101325.0,272.1170345075225,27.37314769656382,8.25493276835453,15747.056085456088,0.980959198486858
310.0,5.166666666666667,32.93333333333334,False,2470.0000000000005,0.0,20000.0,0.0,30.31696894441984,-0.12470698274274344,34.848842660225124,35.005416451979684,1.1745236926694054,300.5361614907366,101324.8730462731,-0.12695372689631768,516.7202632737033,29.803925344767567,15221.827056995493,298.6692935783508,25.519293578350812,30.0,101325.0,271.54745986209275,27.38616149073664,8.278868151324325,15884.430580240496,1.0029255086713695
315.0,5.25,33.400000000000006,False,2505.0000000000005,0.0,20000.0,0.0,30.39336393930921,-0.14720257863317263,34.9737694174365,35.1035034674597,1.1744733561891043,300.54889398988485,101324.82311347628,-0.17688652372453362,515.6683310995816,29.888718447698544,15221.174696210792,298.6696990949006,25.519699094900602,30.0,101325.0,270.98303319052513,27.39889398988487,8.302421791027374,16020.391771962637,1.025081635304844
320.0,5.333333333333333,33.86666666666667,False,2540.0,0.0,20000.0,0.0,30.468901171952325,-0.13580278544502922,35.057656906037344,35.20004024065655,1.1744244665929071,300.5614835286587,101324.8494498242,-0.15055017579288688,514.6259352778977,29.972161890304015,15220.541087044076,298.67010664685654,25.52010664685656,30.0,101325.0,270.4239981894041,27.41148352865872,8.325600525084448,16154.944097207426,1.0474256185473232
325.0,5.416666666666667,34.333333333333336,False,2575.0,0.0,20000.0,0.0,30.54287406211563,-0.1515176077697988,35.171565089850326,35.29501277425884,1.1743758673253852,300.5738123436859,101324.81259113907,-0.1874088609329192,513.5931771204823,30.05427287486965,15219.911240536992,298.6705161994388,25.520516199438816,30.0,101325.0,269.87013966826174,27.42381234368594,8.348409131908236,16288.08121263386,1.069955497234713
330.0,5.5,34.8,False,2610.0,0.0,20000.0,0.0,30.615806332859393,-0.15259841163162385,35.2668950811563,35.38845831460651,1.1743283457106417,300.5859677221432,101324.80990795729,-0.19009204271424096,512.5699975254275,30.135062688273333,15219.295360409917,298.6709277172872,25.520927717287236,30.0,101325.0,269.32160610746905,27.435967722143232,8.370850746742592,16419.78809749248,1.0926692953667452
335.0,5.583333333333333,35.266666666666666,False,2645.0,0.0,20000.0,0.0,30.687534387119058,-0.1539288857001463,35.36099846418669,35.480389553878354,1.1742816044943134,300.59792239785315,101324.80657876038,-0.19342123961541802,511.55642150131195,30.214549404576125,15218.689594246302,298.67134116668643,25.521341166686454,30.0,101325.0,268.77834051799715,27.447922397853176,8.392930390160034,16550.061659163264,1.1155650243644228
340.0,5.666666666666667,35.733333333333334,False,2680.0,0.0,20000.0,0.0,30.75816356002349,-0.14861589948906406,35.44587401732361,35.570836118609336,1.1742357730472508,300.60969392667056,101324.81970052587,-0.1802994741301518,510.5524371624997,30.292754602680613,15218.09561869237,298.6717565149218,25.521756514921833,30.0,101325.0,268.2403645441892,27.45969392667058,8.41465405630017,16678.90559460684,1.1386406960684299
345.0,5.75,36.2,False,2715.0,0.0,20000.0,0.0,30.827480672435968,-0.15465711808348304,35.54249194505213,35.65980080903055,1.1741904739356277,300.6212467787393,101324.80474429246,-0.19525570754194632,509.55806875942545,30.36969009764383,15217.508542205736,298.67217372812735,25.52217372812737,30.0,101325.0,267.7076030580288,27.471246778739328,8.436025027123286,16806.308495168792,1.1618943169641074
350.0,5.833333333333333,36.66666666666667,False,2750.0000000000005,0.0,20000.0,0.0,30.895655599236648,-0.15995115385058478,35.63678062153953,35.74731030254781,1.1741459375474985,300.6326092665394,101324.79114798679,-0.20885201320925262,508.57329045658673,30.44537238464167,15216.931350615581,298.67259277377383,25.52259277377385,30.0,101325.0,267.18009361698034,27.48260926653944,8.457047884622686,16932.267522934326,1.1853238836433457
355.0,5.916666666666667,37.13333333333333,False,2785.0,0.0,20000.0,0.0,30.962780655086704,-0.15900394129344642,35.722370015116155,35.83339577516175,1.1741022739929452,300.64379677584776,101324.7936142584,-0.2063857416069368,507.59808350546575,30.519824864402793,15216.365470948569,298.67301362086585,25.523013620865868,30.0,101325.0,266.65784979811076,27.493796775847784,8.477729129000775,17056.79232596041,1.2089273974273003
360.0,6.0,37.6,False,2820.0,0.0,20000.0,0.0,31.02902753227545,-0.1392282022197972,35.784613717920045,35.918074937054854,1.1740597145197793,300.6548379220459,101324.84175924658,-0.1582407534151571,506.6324178647801,30.59305629249554,15215.813900176341,298.67343623646235,25.523436236462373,30.0,101325.0,266.1409065370469,27.50483792204591,8.498071192359872,17179.86899755942,1.2327028566797444
365.0,6.083333333333333,38.06666666666667,False,2855.0000000000005,0.0,20000.0,0.0,31.093673039122564,-0.15919561843344884,35.891737081196126,36.00133679351077,1.1740170788755295,300.66561217318707,101324.79311636793,-0.2068836320686387,505.67636455249686,30.665087792413335,15215.261342226862,298.6738605902325,25.523860590232516,30.0,101325.0,265.6290321231486,27.515612173187094,8.518079942337037,17301.505197044364,1.2566482554259972
370.0,6.166666666666667,38.53333333333333,False,2890.0,0.0,20000.0,0.0,31.15745382030252,-0.16170757356844706,35.977161220174494,36.08323945653979,1.1739754963467441,300.67624230338373,101324.78653600531,-0.2134639946889365,504.7298216905664,30.7359391817172,15214.722432653805,298.67428665200174,25.524286652001763,30.0,101325.0,265.12242762020685,27.526242303383754,8.537760883810334,17421.707377915398,1.2807615974919415
375.0,6.25,39.0,False,2925.0,0.0,20000.0,0.0,31.220265223463684,-0.1571215452476539,36.05295720539004,36.16378791790446,1.1739347620564144,300.68671087057726,101324.79847200016,-0.20152799984498415,503.7927837714462,30.805619772733653,15214.194516251131,298.6747143903652,25.524714390365205,30.0,101325.0,264.6210420843781,27.53671087057728,8.557116603537127,17540.46500517491,1.3050408838690877
380.0,6.333333333333333,39.46666666666667,False,2960.0,0.0,20000.0,0.0,31.281882710044442,-0.16316466384273454,36.13979272244239,36.242996922428084,1.1738944860892864,300.69698045167405,101324.78267177529,-0.21732822470949031,502.8652552942597,30.874152108140528,15213.672539717152,298.67514377663167,25.525143776631694,30.0,101325.0,264.12478856172703,27.546980451674074,8.576153363372368,17657.790863984617,1.3294841171115594
385.0,6.416666666666667,39.93333333333334,False,2995.0000000000005,0.0,20000.0,0.0,31.34257654242947,-0.1611149089562339,36.21588688381937,36.320897961441226,1.1738550597178847,300.7070960904049,101324.78809784581,-0.21190215418755542,501.94718282797237,30.941552503228387,15213.161573943788,298.6755747814592,25.525574781459227,30.0,101325.0,263.6337257794818,27.55709609040491,8.594875695341218,17773.68801921786,1.3540893107804501
390.0,6.5,40.4,False,3030.0,0.0,20000.0,0.0,31.402332785821727,-0.15301883013839845,36.28363697820008,36.397503906851874,1.1738164236145192,300.7170554643036,101324.80885908264,-0.19114091736264527,501.0385430006813,31.007833230662648,15212.660850044169,298.67600737536964,25.52600737536966,30.0,101325.0,263.1478266150289,27.56705546430362,8.613287008517402,17888.153346548876,1.378854478395566
395.0,6.583333333333333,40.86666666666667,False,3065.0,0.0,20000.0,0.0,31.460795928660673,-0.16655887882067894,36.37530281130084,36.47282314389209,1.1737779815613236,300.7267993214434,101324.7735358358,-0.22646416419593152,500.1393468239708,31.073016973258486,15212.162641034754,298.6764415310643,25.526441531064336,30.0,101325.0,262.66696197737747,27.576799321443445,8.631393603682913,18001.2024904094,1.4037776421712316
400.0,6.666666666666667,41.333333333333336,False,3100.0,0.0,20000.0,0.0,31.518433525390492,-0.16817666919653165,36.45182351694522,36.54689230988876,1.1737404369747901,300.73640558756506,101324.76911516684,-0.23088483315950725,499.24951374801395,31.137116144762867,15211.676063193281,298.6768772199722,25.52687721997222,30.0,101325.0,262.1912459724618,27.586405587565082,8.649198929100796,18112.83414066302,1.428856834276143
405.0,6.75,41.800000000000004,False,3135.0000000000005,0.0,20000.0,0.0,31.575140724496578,-0.1669844116500358,36.523827959982846,36.61972420446928,1.1737035889477119,300.7458567874161,101324.77237719401,-0.22762280599272344,498.36902373405013,31.200146740030693,15211.198512762347,298.6773144146203,25.52731441462032,30.0,101325.0,261.72062173332847,27.595856787416096,8.666707427786305,18223.053917917136,1.454090089872379
410.0,6.833333333333333,42.266666666666666,False,3170.0,0.0,20000.0,0.0,31.63093155180877,-0.1629985128654269,36.59135658751551,36.6913402263149,1.1736674258285427,300.7551552586348,101324.78311416166,-0.21688583833747543,497.4978418011137,31.26212708886667,15210.729838737912,298.677753088348,25.52775308834805,30.0,101325.0,261.25506701116905,27.605155258634795,8.683924191351853,18331.872296947033,1.479475455299368
415.0,6.916666666666667,42.733333333333334,False,3205.0,0.0,20000.0,0.0,31.68574408316306,-0.1617589643393718,36.660877109900575,36.76175354847726,1.1736318148885367,300.76429068052715,101324.78640030576,-0.2135996942379279,496.63593902805144,31.3230717522502,15210.268320955436,298.67819321432677,25.52819321432679,30.0,101325.0,260.7945358722303,27.614290680527176,8.700853264513945,18439.29389440639,1.5050109873766966
420.0,7.0,43.2,False,3240.0,0.0,20000.0,0.0,31.739604348056332,-0.16252972900121052,36.73155177067248,36.83098405612647,1.173596763696312,300.7732673913427,101324.78435989544,-0.21564010456495453,495.7832753077452,31.38299729127159,15209.814057504203,298.67863476652093,25.528634766520952,30.0,101325.0,260.33900785256856,27.623267391342722,8.717499247575441,18545.327553280364,1.5306947522709238
425.0,7.083333333333333,43.66666666666667,False,3275.0000000000005,0.0,20000.0,0.0,31.792553967868344,-0.1633649210792171,36.80113331549855,36.89905165360412,1.1735623046714687,300.78209232797803,101324.78213798009,-0.2178620199119905,494.9398073338779,31.44191962090481,15209.367468542236,298.67907771921494,25.529077719214968,30.0,101325.0,259.8884663164917,27.632092327978057,8.733866561362447,18649.981689198157,1.5565248281337558
430.0,7.166666666666667,44.13333333333333,False,3310.0,0.0,20000.0,0.0,31.84459445957623,-0.16522211709991003,36.87075419250708,36.965973158987836,1.1735284068627958,300.7907657432627,101324.77715634303,-0.22284365697123576,494.10549429760846,31.499853725577307,15208.928152941835,298.67952204699134,25.52952204699136,30.0,101325.0,259.4428818977994,27.640765743262705,8.749959368215919,18753.263747780515,1.5824993041316577
435.0,7.25,44.6,False,3345.0,0.0,20000.0,0.0,31.895736048908475,-0.16837037763651055,36.940746461998316,37.03176716656988,1.173495053885863,300.7992893414847,101324.76858298722,-0.23141701277927496,493.28029288236866,31.556815722353846,15208.495898360785,298.67996772505376,25.52996772505378,30.0,101325.0,259.0022271913783,27.649289341484746,8.76578214509829,18855.18386004326,1.608616281637091
440.0,7.333333333333333,45.06666666666667,False,3380.0000000000005,0.0,20000.0,0.0,31.94599394485772,-0.17269148477587024,37.01099002210717,37.09645128773585,1.1734622373118755,300.80766565747626,101324.75655225376,-0.2434477462375071,492.4641577889198,31.612820684127897,15208.070595561907,298.68041472886256,25.53041472886258,30.0,101325.0,258.56647554437154,27.657665657476286,8.781339078924416,18955.750950843627,1.6348738752557626
445.0,7.416666666666667,45.53333333333334,False,3415.0000000000005,0.0,20000.0,0.0,31.995410435874078,-0.17623592914352917,37.07923235728134,37.16004443588357,1.1734299920005113,300.8159017393123,101324.74645630432,-0.2535436956823105,491.6570396648485,31.66788363107339,15207.652696326628,298.6808630343024,25.5308630343024,30.0,101325.0,258.13560772675834,27.665901739312346,8.79663434196483,19054.974482950132,1.6612702123625636
450.0,7.5,46.0,False,3450.0,0.0,20000.0,0.0,32.044045958861034,-0.17596987942577882,37.141958246054145,37.22256632649188,1.1733983819388931,300.82400765981015,101324.74722123702,-0.2527787629805971,490.8588861791644,31.722019477294893,15207.243029928055,298.6813126176614,25.5313126176614,30.0,101325.0,257.7096093079401,27.674007659810172,8.811672077026358,19152.864346937862,1.687803433772208
455.0,7.583333333333333,46.46666666666667,False,3485.0,0.0,20000.0,0.0,32.09192995814669,-0.17081123178908433,37.19792471329901,37.28403479083399,1.1733674223755237,300.83198832635776,101324.76182467832,-0.23817532167595346,490.06964682509715,31.775242843670526,15206.841793986789,298.6817634555998,25.531763455599844,30.0,101325.0,257.2884560543077,27.681988326357782,8.826456345464035,19249.430506072677,1.7144716940867986
460.0,7.666666666666667,46.93333333333334,False,3520.0000000000005,0.0,20000.0,0.0,32.13892448414663,-0.17109840768556095,37.25918806356211,37.34446049711233,1.1733368642534634,300.83982074735775,101324.76102314194,-0.23897685806150548,489.2892855469488,31.827569417477374,15206.445760724886,298.6822155253697,25.532215525369736,30.0,101325.0,256.87207345274703,27.68982074735777,8.840991504854825,19344.685455052466,1.7412731635042467
465.0,7.75,47.4,False,3555.0,0.0,20000.0,0.0,32.18501565390568,-0.17863288499843166,37.327863172660265,37.403859288093756,1.173306655101141,300.84750260898426,101324.739512591,-0.2604874090029625,488.51775301376404,31.879014003265393,15206.054250110788,298.6826688044886,25.53266880448865,30.0,101325.0,256.4604233517987,27.69750260898428,8.85528166757372,19438.64067466815,1.7682060288721082
470.0,7.833333333333333,47.86666666666667,False,3590.0,0.0,20000.0,0.0,32.230454676867794,-0.17739527406767397,37.385312165408536,37.46225820800048,1.1732771620948106,300.85507577947794,101324.7431095244,-0.25689047560445033,487.75497444999286,31.929589544821646,15205.672020748745,298.6831232705741,25.533123270574094,30.0,101325.0,256.0535459094111,27.705075779477966,8.869330429117124,19531.304799188405,1.7952684910067307
475.0,7.916666666666667,48.333333333333336,False,3625.0,0.0,20000.0,0.0,32.27518116506042,-0.17231486529657938,37.43729179308394,37.519670661088924,1.1732482599622909,300.8625301941767,101324.75761295672,-0.24238704328308813,487.00090313573213,31.97931072345663,15205.297449111291,298.68357890193107,25.533578901931094,30.0,101325.0,255.6513882232694,27.712530194176736,8.883141867626842,19622.690175620726,1.8224587652947928
480.0,8.0,48.800000000000004,False,3660.0000000000005,0.0,20000.0,0.0,32.31894609028734,-0.1810227293807627,37.504349992952015,37.57610174394837,1.1732195254299855,300.8698243483812,101324.73249609345,-0.2675039065507008,486.2555078891754,32.02819330012149,15204.925049572614,298.6840356774418,25.534035677441807,30.0,101325.0,255.25384089862237,27.719824348381223,8.896720361144856,19712.81168829089,1.8497750860336204
485.0,8.083333333333334,49.266666666666666,False,3695.0,0.0,20000.0,0.0,32.362162776704736,-0.17676825122730108,37.55535170735323,37.63158500206129,1.1731915832702915,300.87702712945077,101324.74492232945,-0.2550776705465978,485.51869701601083,32.076248703696464,15204.562919182978,298.68449357566675,25.534493575666772,30.0,101325.0,254.8609910243904,27.72702712945079,8.91006908436013,19801.676755246484,1.877215703008299
490.0,8.166666666666666,49.733333333333334,False,3730.0,0.0,20000.0,0.0,32.404554700355334,-0.17876461112063505,37.612686858856215,37.68612391698117,1.1731639674550907,300.8840924500592,101324.739128276,-0.26087172399275005,484.7904397755985,32.12349250610939,15204.205018217976,298.6849525762368,25.534952576236833,30.0,101325.0,254.47272027192125,27.734092450059222,8.923192362808164,19889.300940232984,1.9047788819634932
495.0,8.25,50.2,False,3765.0,0.0,20000.0,0.0,32.446217439532234,-0.1814934797601041,37.669945198629286,37.739737955598436,1.1731368009367722,300.891036239922,101324.73110299432,-0.2688970056769904,484.0706712920577,32.16993783287894,15203.852940140569,298.68541265876564,25.535412658765665,30.0,101325.0,254.08902058192484,27.74103623992204,8.936093842466372,19975.695780871418,1.9324629074642603
500.0,8.333333333333334,50.66666666666667,False,3800.0000000000005,0.0,20000.0,0.0,32.48727116372004,-0.17791323725499233,37.71894226957591,37.79244737380609,1.1731102459289364,300.89787852728665,101324.74160718375,-0.2583928162493976,483.35932411690976,32.21559738733664,15203.508787239016,298.6858738031744,25.53587380317441,30.0,101325.0,253.70989088994202,27.747878527286673,8.948777052037956,20060.87249385311,1.9602660798772633
505.0,8.416666666666666,51.13333333333333,False,3835.0,0.0,20000.0,0.0,32.52749217496455,-0.1834899622161452,37.77770404771762,37.84425744841534,1.1730839210956496,300.90458202916074,101324.72515456135,-0.27484543864557054,482.65635951451577,32.26048602990752,15203.16761739962,298.68633599011616,25.536335990116186,30.0,101325.0,253.33522762843256,27.75458202916076,8.961246119418755,20144.846786350638,1.9881867182662938
510.0,8.5,51.6,False,3870.0,0.0,20000.0,0.0,32.56718161959293,-0.17933671111638472,37.8242516233112,37.89519589271851,1.173058275697945,300.9111969365988,101324.73745586976,-0.26254413023707457,481.96169330188116,32.30461493498408,15202.835253045369,298.68679920000466,25.53679920000468,30.0,101325.0,252.96508298051725,27.76119693659882,8.97350414860669,20227.627926238063,2.016223159038925
515.0,8.583333333333334,52.06666666666667,False,3905.0000000000005,0.0,20000.0,0.0,32.606069761586355,-0.18380386892380007,37.87996944193377,37.94526560816718,1.1730328563121937,300.9176782935977,101324.72421336954,-0.27578663046006113,481.27528889539366,32.34799895329474,15202.50581780603,298.6872634142268,25.5372634142268,30.0,101325.0,252.59933918628215,27.767678293597726,8.985555264804095,20309.23250543797,2.044373756560922
520.0,8.666666666666666,52.53333333333334,False,3940.0000000000005,0.0,20000.0,0.0,32.64438550503871,-0.18277951903349848,37.92843877502146,37.99449081361945,1.1730079986832123,300.92406425083976,101324.72727875446,-0.27272124553564936,480.5970673101789,32.390649387106535,15202.18366293443,298.68772861394274,25.53772861394276,30.0,101325.0,252.23802649790096,27.774064250839785,8.997402607529594,20389.670879754216,2.0726368839117497
525.0,8.75,53.0,False,3975.0,0.0,20000.0,0.0,32.68205430358421,-0.18185085830773656,37.976180725184236,38.042882463048066,1.1729835589059006,300.9303423839307,101324.73004298231,-0.2699570176919224,479.92697431225736,32.432579445983485,15201.866923420472,298.6881947809856,25.538194780985634,30.0,101325.0,251.88108476567646,27.7803423839307,9.009049846106524,20468.95740136834,2.101010931329196
530.0,8.833333333333334,53.46666666666667,False,4010.0,0.0,20000.0,0.0,32.71899416326869,-0.18701572256900575,38.03019440141048,38.090450969848234,1.1729593816431936,300.9364990272114,101324.71449077153,-0.2855092284735292,479.26495542914466,32.47380221852823,15201.553586095788,298.688661897517,25.538661897517045,30.0,101325.0,251.52845144842613,27.78649902721145,9.020500616257841,20547.106607128302,2.129494309112874
535.0,8.916666666666666,53.93333333333334,False,4045.0000000000005,0.0,20000.0,0.0,32.75549870797806,-0.18015637342778715,38.0693955647914,38.13722281016969,1.1729359061774376,300.9425831179963,101324.73505045807,-0.2649495419318555,478.6109256761041,32.514328028764794,15201.24934405959,298.689129945592,25.539129945592038,30.0,101325.0,251.1801755207501,27.792583117996344,9.031757785767999,20624.12817605981,2.1580854443789774
540.0,9.0,54.400000000000006,False,4080.0000000000005,0.0,20000.0,0.0,32.79117628733377,-0.18715198242584466,38.12393526046993,38.183194651753055,1.1729124880214201,300.9485293812223,101324.7140745753,-0.2859254247014178,477.9648541996373,32.55417180881422,15200.945844757603,298.6895989083653,25.53959890836535,30.0,101325.0,250.83610209444953,27.798529381222295,9.042825502448393,20700.040920106007,2.1867827840290923
545.0,9.083333333333334,54.86666666666667,False,4115.0,0.0,20000.0,0.0,32.82636529906472,-0.18695147554914116,38.16931289860592,38.228394522571826,1.1728896380298501,300.95439421651076,101324.71468690441,-0.2853130955918459,477.3266518865354,32.59334321239771,15200.649708866857,298.69006876845907,25.540068768459093,30.0,101325.0,250.49629320817584,27.804394216510786,9.053706447888253,20774.853978433384,2.2155847943753004
550.0,9.166666666666666,55.333333333333336,False,4150.0,0.0,20000.0,0.0,32.86104313410715,-0.18171447471771737,38.208057119930274,38.27283466332031,1.1728672962942948,300.9601738556845,101324.73044775247,-0.2695522475260077,476.69625799296045,32.631854246635015,15200.360159974061,298.6905395092169,25.5405395092169,30.0,101325.0,250.16070347882678,27.810173855684525,9.064403957398616,20848.58131605719,2.244489957774252
555.0,9.25,55.800000000000004,False,4185.0,0.0,20000.0,0.0,32.89495020797233,-0.1887212061207366,38.26030478002378,38.31651689006618,1.1728450283297813,300.96582503466203,101324.70925964376,-0.29074035624216776,476.07362925457534,32.66971847476879,15200.071567153967,298.69101111456536,25.54101111456538,30.0,101325.0,249.82921698811919,27.815825034662055,9.074921798546887,20921.240238433118,2.273496778298204
560.0,9.333333333333334,56.266666666666666,False,4220.0,0.0,20000.0,0.0,32.928389672927324,-0.18927583563957925,38.30429738392139,38.35946715300487,1.1728232903379974,300.9713982788212,101324.70754822892,-0.2924517710780492,475.4586791045972,32.706945256817,15199.789842780447,298.69148356806215,25.541483568062176,30.0,101325.0,249.5018850660746,27.82139827882122,9.085262571338056,20992.840327998158,2.3026037786915587
565.0,9.416666666666666,56.733333333333334,False,4255.0,0.0,20000.0,0.0,32.961364885722446,-0.18388427935833776,38.34063720720426,38.40169825461096,1.172802064565236,300.9768941476204,101324.72397201473,-0.2760279852664098,474.851343869851,32.74354591867698,15199.514756765457,298.6919568539084,25.541956853908403,30.0,101325.0,249.1786698665885,27.826894147620408,9.095429421854716,21063.395250332473,2.331809497843177
570.0,9.5,57.2,False,4290.0,0.0,20000.0,0.0,32.99365478773916,-0.18719249920873116,38.38639290993107,38.443213118624776,1.172780978533555,300.9822757979565,101324.71395076114,-0.2860492388572311,474.251576048134,32.77953328224521,15199.241481794874,298.69243095686505,25.542430956865076,30.0,101325.0,248.85946679040345,27.832275797956527,9.10542591173478,21132.92188138436,2.361112495851314
575.0,9.583333333333334,57.66666666666667,False,4325.0,0.0,20000.0,0.0,33.02538457368212,-0.19180098012269686,38.43296032243637,38.48402946144111,1.1727602079574755,300.98756409561366,101324.69969293081,-0.3003070691920584,473.6593021269912,32.81491749150185,15198.972295128882,298.6929058615608,25.542905861560826,30.0,101325.0,248.5442741758462,27.837564095613686,9.115254858750514,21201.43224155787,2.3905113528811346
580.0,9.666666666666666,58.13333333333333,False,4360.0,0.0,20000.0,0.0,33.056687820241336,-0.19008112396735793,38.47146822954255,38.5241651661221,1.1727399421698976,300.99278130337353,101324.70505441887,-0.2949455811321968,473.07444819746803,32.84970843138642,15198.709650521872,298.6933815528879,25.543381552887922,30.0,101325.0,248.23309285743468,27.842781303373556,9.124919008718448,21268.93813117458,2.420004665639977
585.0,9.75,58.6,False,4395.0,0.0,20000.0,0.0,33.08751286715312,-0.18579514220023288,38.506310259659294,38.56362992969253,1.1727200777592397,300.99791881119216,101324.71820542967,-0.2817945703282021,472.49695372254837,32.883917194781475,15198.452207759747,298.69385801623775,25.543858016237778,30.0,101325.0,247.92586861006382,27.847918811192187,9.134421442994853,21335.45397459545,2.4495910490467616
590.0,9.833333333333334,59.06666666666667,False,4430.0,0.0,20000.0,0.0,33.117730213472214,-0.18772029421671654,38.547720067766,38.602429907203366,1.172700388481359,301.0029550355787,101324.71233543787,-0.2876645621290663,471.9267633177854,32.91755531623326,15198.197034718412,298.69433523737047,25.54433523737049,30.0,101325.0,247.62252409307112,27.852955035578702,9.14376536562035,21400.995343925653,2.4792691388512904
595.0,9.916666666666666,59.53333333333334,False,4465.0,0.0,20000.0,0.0,33.14740272897609,-0.19241875554132035,38.591706243147414,38.6405794040548,1.1726809528182347,301.0079004548293,101324.69775528584,-0.3022447141556768,471.3638077600715,32.95063274558368,15197.945148524323,298.69481320207626,25.544813202076284,30.0,101325.0,247.3230392104018,27.85790045482935,9.152953540439912,21465.57500097764,2.5090375904796955
600.0,10.0,60.0,False,4500.0,0.0,20000.0,0.0,33.17663727571539,-0.1938356580882674,38.63122949564421,38.678094438396364,1.1726619191963445,301.0127728792859,101324.69328765431,-0.30671234568580985,470.808014943673,32.98315891838925,15197.698472784627,298.69529189634824,25.54529189634826,30.0,101325.0,247.02740701546062,27.8627728792859,9.161988588441458,21529.204956109275,2.5388950765610057
605.0,10.083333333333334,60.833333333333336,False,4562.5,0.0,20000.0,0.0,33.205474851555664,-0.19171622324072904,38.66600654656551,38.71498807277032,1.172643272834809,301.0175791419259,101324.69995828364,-0.30004171635664534,470.25960455611414,33.01514532989959,15197.456815939126,298.6957713068157,25.54577130681571,30.0,101325.0,246.73573918088448,27.867579141925944,9.170873702749885,21591.901502986057,2.5688402893798217
610.0,10.166666666666666,61.666666666666664,False,4625.0,0.0,20000.0,0.0,33.23391058619336,-0.18843095364317203,38.698817194125304,38.75127729393843,1.1726249287495583,301.0223184310322,101324.7101532711,-0.2898467289051041,469.7187939678582,33.04660880377265,15197.219076594274,298.6962514213906,25.54625142139065,30.0,101325.0,246.44813142402572,27.872318431032227,9.179613556603515,21653.691677313374,2.5988719513105853
615.0,10.25,62.5,False,4687.5,0.0,20000.0,0.0,33.261891757943545,-0.18774808501026294,38.73406877660508,38.7869785915258,1.172606786639555,301.02698195965723,101324.71225025775,-0.2877497422450688,469.18551462974193,33.07756618284731,15196.983954848634,298.6967322284574,25.546732228457415,30.0,101325.0,246.16452631694543,27.876981959657257,9.188212828568698,21714.602892479714,2.6289888225396085
620.0,10.333333333333334,63.333333333333336,False,4750.0,0.0,20000.0,0.0,33.289402319247074,-0.1911532922439315,38.77350891479516,38.822108448046215,1.1725888044582662,301.0315670532078,101324.70171770501,-0.29828229498525616,468.6596952682043,33.108032671335245,15196.75090577913,298.6972137165651,25.547213716565125,30.0,101325.0,245.88487732069015,27.881567053207846,9.196675742037568,21774.659659714405,2.6591896993119657
625.0,10.416666666666666,64.16666666666667,False,4812.5,0.0,20000.0,0.0,33.31651864932826,-0.19428462121988876,38.81207406751231,38.85668598359344,1.1725710866239116,301.0360864415547,101324.69186519149,-0.30813480851065833,468.1412586068183,33.13802158935227,15196.521282645894,298.6976958743529,25.54769587435294,30.0,101325.0,245.60916547108772,27.88608644155471,9.205005997042297,21833.88306460386,2.689473409537187
630.0,10.5,65.0,False,4875.0,0.0,20000.0,0.0,33.343272308537166,-0.19569414442456126,38.848092999898924,38.890727197683184,1.172553666843967,301.0405453847562,101324.68737797419,-0.31262202581274323,467.6301305529937,33.1675455865155,15196.29552229781,298.6981786907204,25.54817869072042,30.0,101325.0,245.33735858941074,27.890545384756194,9.213207107365417,21892.293129143127,2.719838809671733
635.0,10.583333333333334,65.83333333333333,False,4937.5,0.0,20000.0,0.0,33.369673138088274,-0.19525736189347898,38.881434662631484,38.92424614180811,1.1725365446761669,301.0449455230147,101324.68877193981,-0.31122806019266136,467.1262386075594,33.19661661595228,15196.073619003124,298.6986621547969,25.548662154796943,30.0,101325.0,245.06941817244456,27.894945523014712,9.22128239332008,21949.9087418477,2.7502847831932544
640.0,10.666666666666666,66.66666666666667,False,5000.0,0.0,20000.0,0.0,33.395718881144944,-0.1935315747259481,38.912761135372286,38.95725547296166,1.1725197007576587,301.0492864801908,101324.6942492211,-0.30575077890534885,466.62951121783897,33.22524597905542,15195.855321819257,298.69914625592713,25.549146255927155,30.0,101325.0,244.80530227160583,27.899286480190824,9.229234994182061,22006.747728572984,2.780810239075491
645.0,10.75,67.5,False,5062.5,0.0,20000.0,0.0,33.421401486257196,-0.191410635184555,38.94312567711984,38.989766841967345,1.1725031067834575,301.0535669143762,101324.70091403052,-0.2990859694837127,466.1398773750396,33.25344437587757,15195.640263913609,298.69963098366037,25.549630983660393,30.0,101325.0,244.54496738347757,27.9035669143762,9.237067882188214,22062.826936119538,2.8114141103704164
650.0,10.833333333333334,68.33333333333333,False,5125.0,0.0,20000.0,0.0,33.44671144171866,-0.18990241133643598,38.97371366462323,39.02179117934479,1.172486732368467,301.0577852402864,101324.70560876872,-0.294391231276677,465.65726635624264,33.28122195508286,15195.428051495332,298.7001163277417,25.550116327741705,30.0,101325.0,244.28836975309278,27.907785240286444,9.244783876411907,22118.16231655781,2.8420953529069983
655.0,10.916666666666666,69.16666666666667,False,5187.5,0.0,20000.0,0.0,33.471640568369594,-0.18995270582182683,39.00563762002686,39.05333889918718,1.1724705494693175,301.06194009472824,101324.70545281266,-0.29454718733904883,465.18160757523896,33.30858836229487,15195.218321122355,298.70060227810575,25.55060227810577,30.0,101325.0,244.03546621726835,27.911940094728266,9.25238565619302,22172.76900986979,2.872852944105906
660.0,11.0,70.0,False,5250.0,0.0,20000.0,0.0,33.49619197250422,-0.19177883948555832,39.039161215289525,39.084420403046146,1.1724545481380588,301.06603199541735,101324.69976225898,-0.3002377410157351,464.7128300095971,33.33555272152339,15195.010943869242,298.7010888248606,25.551088824860642,30.0,101325.0,243.78621717620715,27.91603199541737,9.25987575597872,22226.661294149937,2.903685881817031
665.0,11.083333333333334,70.83333333333333,False,5312.5,0.0,20000.0,0.0,33.52039624646511,-0.19387133321993436,39.07253673939714,39.11504684431778,1.1724387621641839,301.0700660410775,101324.69317474413,-0.3068252558732638,464.25086128938426,33.362123555277215,15194.806357647823,298.70157595826373,25.551575958263754,30.0,101325.0,243.54059142223818,27.92006604107752,9.26725654313256,22279.852413040888,2.93459318300258
670.0,11.166666666666666,71.66666666666667,False,5375.0,0.0,20000.0,0.0,33.54426876828029,-0.19568287525173284,39.1051365638802,39.14522831780247,1.1724232014942173,301.07404479471336,101324.68741397823,-0.3125860217696754,463.79563032500874,33.38830915996296,15194.604691365057,298.7020636687733,25.552063668773314,30.0,101325.0,243.29855344934583,27.92404479471338,9.274530322211934,22332.355315665725,2.9655738828141818
675.0,11.25,72.5,False,5437.5,0.0,20000.0,0.0,33.567819245112446,-0.19701914297929743,39.13674377678386,39.17497432079263,1.1724078673351708,301.0779698741854,101324.68313026367,-0.3168697363289539,463.3470667174202,33.414117571417826,15194.405960663813,298.70255194703407,25.55255194703409,30.0,101325.0,243.06006629981022,27.927969874185408,9.281699325393841,22384.182580301862,2.996627034130826
680.0,11.333333333333334,73.33333333333333,False,5500.0,0.0,20000.0,0.0,33.59105454318569,-0.1978518281790307,39.1673344797164,39.20429391189627,1.1723927566319257,301.08184242386426,101324.6804461558,-0.3195538441941608,462.9051005919742,33.439556573620585,15194.210125949756,298.70304078387073,25.553040783870756,30.0,101325.0,242.82509241325332,27.931842423864282,9.288765714894607,22435.346424537463,3.0277517070508533
685.0,11.416666666666666,74.16666666666667,False,5562.5,0.0,20000.0,0.0,33.61397991279375,-0.19823952441916312,39.19698568839446,39.23319579458184,1.1723778640043672,301.08566331879894,101324.67919257925,-0.32080742075049784,462.4696625338133,33.46463371508667,15194.017117496598,298.70353017028316,25.55353017028318,30.0,101325.0,242.59359399768113,27.93566331879896,9.295731587524076,22485.85873129844,3.0589469884090725
690.0,11.5,75.0,False,5625.0,0.0,20000.0,0.0,33.63659980518048,-0.19827856124064988,39.22581810228877,39.26168837852974,1.1723631830384318,301.0894333008634,101324.67906622165,-0.3209337783482624,462.0406835499237,33.48935632452617,15193.826852178077,298.7040200974426,25.554020097442617,30.0,101325.0,242.36553327853923,27.939433300863413,9.302598979035047,22535.731073891617,3.0902119813293436
695.0,11.583333333333334,75.83333333333333,False,5687.5,0.0,20000.0,0.0,33.65891839010635,-0.19807365983977163,39.2539619532919,39.2897798241956,1.1723487071032535,301.0931530650177,101324.67972918594,-0.32027081405976787,461.61809505000696,33.51373152555982,15193.639244058166,298.70451055668815,25.55451055668817,30.0,101325.0,242.1408726581953,27.943153065017725,9.30936986821106,22584.97473961469,3.1215458048109452
700.0,11.666666666666666,76.66666666666666,False,5749.999999999999,0.0,20000.0,0.0,33.6809398583988,-0.19772145259902563,39.281537831786196,39.31747807482693,1.1723344298278526,301.0968233097331,101324.68086716067,-0.31913283932954073,461.20182884023933,33.53776625036967,15193.454210568969,298.7050015395233,25.555001539523346,30.0,101325.0,241.91957481097467,27.946823309733134,9.316046180658242,22633.600751645543,3.1529475933465423
705.0,11.75,77.5,False,5812.5,0.0,20000.0,0.0,33.70266857515048,-0.1973023071652688,39.3086471811959,39.34479087928386,1.1723203453412951,301.10044476252506,101324.68221877214,-0.31778122785908636,460.7918171254586,33.56146725222064,15193.271675623184,298.70549303761317,25.55549303761319,30.0,101325.0,241.70160273332024,27.95044476252508,9.32262979228351,22681.619889043162,3.1844164965692427
710.0,11.833333333333334,78.33333333333333,False,5875.0,0.0,20000.0,0.0,33.724109133274624,-0.1968775021930369,39.3353690226676,39.3717258082396,1.1723064483550234,301.1040181888791,101324.68358570719,-0.3164142928144429,460.3879925165093,33.58484111683074,15193.091570681103,298.70598504278144,25.555985042781458,30.0,101325.0,241.48691976390194,27.954018188879104,9.329122532452983,22729.042704777352,3.2159516789260625
715.0,11.916666666666666,79.16666666666666,False,5937.499999999999,0.0,20000.0,0.0,33.7452663447616,-0.19648976025566206,39.36176058750859,39.398290265738694,1.172292734146459,301.1075443907936,101324.6848308091,-0.3151691909006331,459.9902880403933,33.607894272606245,15192.91383453811,298.7064775470075,25.556477547007546,30.0,101325.0,241.27548958481427,27.9575443907936,9.335526186835068,22775.879541783735,3.2475523193750635
720.0,12.0,80.0,False,6000.0,0.0,20000.0,0.0,33.76614519693419,-0.19616573769320936,39.38786022700728,39.424491497602375,1.17227919848713,301.111024199489,101324.68586941515,-0.31413058485486545,459.5986371515725,33.63063299978465,15192.738412393204,298.7069705424241,25.556970542424096,30.0,101325.0,241.0672762120152,27.96102419948903,9.341842499940181,22822.14054709691,3.279217611103453
725.0,12.083333333333334,80.83333333333333,False,6062.5,0.0,20000.0,0.0,33.786750793059355,-0.19591946217466197,39.41369142456928,39.450336597774324,1.1722658375459412,301.11445846550987,101324.68665766809,-0.31334233190864325,459.21297374332477,33.65306343854643,15192.565254595396,298.7074640213143,25.55746402131433,30.0,101325.0,240.86224398078605,27.964458465509892,9.348073177374008,22867.83568415413,3.3109467612640437
730.0,12.166666666666666,81.66666666666666,False,6124.999999999999,0.0,20000.0,0.0,33.80708829056073,-0.1957559854927757,39.43926705735866,39.47583251340132,1.1722526477885997,301.11784804842677,101324.68718036036,-0.3128196396428393,458.83323215844626,33.67519159617225,15192.394315340252,298.70795797610924,25.557957976109265,30.0,101325.0,240.66035753018014,27.967848048426788,9.354219887825623,22912.974743396833,3.3427389907276206
735.0,12.25,82.5,False,6187.5,0.0,20000.0,0.0,33.82716284524258,-0.19567475144743196,39.46459332517455,39.50098604919497,1.1722396258864953,301.1211938075404,101324.6874399318,-0.312560068196035,458.45934719890295,33.69702335332907,15192.22555148898,298.7084523993855,25.558452399385544,30.0,101325.0,240.4615817889789,27.97119380754043,9.36028426481363,22957.567351313704,3.3745935338489472
740.0,12.333333333333334,83.33333333333333,False,6250.0,0.0,20000.0,0.0,33.846979566383766,-0.1956723629743525,39.48967297889906,39.52580387144131,1.1722267686427603,301.12449659439727,101324.68744756219,-0.3125524378119735,458.0912541342417,33.71856446957399,15192.058921610173,298.70894728386247,25.558947283862494,30.0,101325.0,240.26588196462305,27.974496594397294,9.366267908214997,23001.62297808363,3.406509638244362
745.0,12.416666666666666,84.16666666666666,False,6312.499999999999,0.0,20000.0,0.0,33.86654348481886,-0.1957445944611824,39.51450766923575,39.55029251187858,1.1722140729388493,301.1277572474698,101324.68721676522,-0.31278323478181846,457.72888870873095,33.7398205881647,15191.894385287485,298.70944262239976,25.559442622399786,30.0,101325.0,240.07322353576188,27.97775724746981,9.372172385601305,23045.15094397939,3.438486564579128
750.0,12.5,85.0,False,6375.0,0.0,20000.0,0.0,33.8858595342798,-0.19588761163799787,39.5390993720462,39.57445837156757,1.1722015357021038,301.1309765890466,101324.68675953965,-0.31324046035297215,457.37218714729124,33.760797240266356,15191.731902699265,298.709938407995,25.55993840799505,30.0,101325.0,239.8835722485204,27.980976589046634,9.377999233407321,23088.160424697995,3.4705235863629316
755.0,12.583333333333334,85.83333333333333,False,6437.5,0.0,20000.0,0.0,33.90493254481953,-0.1960984594605451,39.56345096073229,39.5983077247918,1.1721891538924334,301.13415542413657,101324.68608485059,-0.3139151494106045,457.02108616034707,33.78149984863754,15191.571434445937,298.71043463378106,25.560434633781085,30.0,101325.0,239.69689411614573,27.98415542413659,9.38374995795487,23130.660455771103,3.502619989752146
760.0,12.666666666666666,86.66666666666666,False,6499.999999999999,0.0,20000.0,0.0,33.92376724646408,-0.1963749280300013,39.587566053894015,39.6218467229873,1.1721769245051772,301.1372945410773,101324.68519908279,-0.3148009172145976,456.6755229477566,33.801933730877074,15191.412941587098,298.71093129302386,25.560931293023884,30.0,101325.0,239.51315542149217,27.987294541077347,9.389426036354743,23172.659936210042,3.5347750733576886
765.0,12.75,87.5,False,6562.5,0.0,20000.0,0.0,33.9423682805143,-0.19671495491804694,39.611448322752004,39.64508139865265,1.1721648445860968,301.140394713419,101324.68410797152,-0.3158920284768101,456.3354352019973,33.82210410230459,15191.256385835813,298.71142837911987,25.56142837911989,30.0,101325.0,239.33232272159373,27.99039471341905,9.395028917306831,23214.167631523324,3.5669881480575034
770.0,12.833333333333334,88.33333333333333,False,6625.0,0.0,20000.0,0.0,33.96074021594745,-0.1971157254233068,39.63510044649486,39.66801766918333,1.17215291125443,301.1434567026579,101324.68281951666,-0.3171804833400529,456.00076111077493,33.84201607854293,15191.101729857413,298.71192588559336,25.561925885593382,30.0,101325.0,239.15436285356876,27.99345670265791,9.400560021817482,23255.192176237022,3.599258536812892
775.0,12.916666666666666,89.16666666666666,False,6687.499999999999,0.0,20000.0,0.0,33.97888756817895,-0.19757264239590053,39.65852291547448,39.690661340556645,1.1721411217297222,301.14648126136314,101324.68134735491,-0.31865264508815017,455.671439359216,33.86167467786247,15190.948937617199,298.7124238060946,25.562423806094614,30.0,101325.0,238.97924294105965,27.996481261363158,9.406020743850686,23295.742076033293,3.63158557448808
780.0,13.0,90.0,False,6750.0,0.0,20000.0,0.0,33.99681481773746,-0.19807832005704715,39.68171286212586,39.71301811079701,1.1721294733585095,301.14946913628955,101324.6797141153,-0.3202858847071184,455.34740913178354,33.88108482334043,15190.797974726282,298.71292213439716,25.562922134397184,30.0,101325.0,238.80693040047905,27.999469136289576,9.411412450927896,23335.82570960944,3.663968607672554
785.0,13.083333333333334,90.83333333333333,False,6812.5,0.0,20000.0,0.0,34.0145264265567,-0.19862174126615012,39.70466308204411,39.73509357315492,1.1721179636372676,301.15242107109276,101324.67795431752,-0.32204568247834686,455.0286101140345,33.90025134488224,15190.648808738988,298.7134208643957,25.56342086439571,30.0,101325.0,238.6373929463948,28.002421071092783,9.416736484689512,23375.451330348722,3.696406994505859
790.0,13.166666666666666,91.66666666666666,False,6874.999999999999,0.0,20000.0,0.0,34.03202684999337,-0.19918768830423772,39.72736137342675,39.756893218941094,1.1721065902286105,301.1553378083322,101324.67611644758,-0.32388355242437683,454.714982494313,33.91917898114267,15190.501409362792,298.7139199901039,25.563919990103898,30.0,101325.0,238.4705985954953,28.00533780833223,9.42199416142852,23414.62706787599,3.728900104504626
795.0,13.25,92.5,False,6937.5,0.0,20000.0,0.0,34.049320543020826,-0.19975652899357946,39.74979029019188,39.77842243997159,1.1720953509682879,301.15822009050345,101324.67426391122,-0.3257360887801042,454.4064669654483,33.937872381380885,15190.355748549011,298.71441950565196,25.564419505651983,30.0,101325.0,238.30651566867982,28.00822009050347,9.4271867726058,23453.36092956462,3.7614473183917374
800.0,13.333333333333334,93.33333333333333,False,7000.0,0.0,20000.0,0.0,34.066411959419725,-0.2003044102283399,39.77192736943682,39.79968653058871,1.172084243861123,301.16106865990326,101324.67247463872,-0.32752536128100473,454.1030047265069,33.95633610727427,15190.211800440153,298.7149194052848,25.564919405284797,30.0,101325.0,238.14511279093244,28.011068659903287,9.432315585353964,23491.660802042545,3.7940480279275755
805.0,13.416666666666666,94.16666666666666,False,7062.499999999999,0.0,20000.0,0.0,34.083305543199685,-0.20080388177489106,39.793745859879664,39.820690689240664,1.172073267064674,301.1638842571999,101324.67083919236,-0.3291608076397097,453.8045374846246,33.974574634712994,15190.069541158176,298.7154196833592,25.56541968335921,30.0,101325.0,237.9863588887551,28.013884257199948,9.437381842975832,23529.534452740114,3.8267016357433965
810.0,13.5,95.0,False,7125.0,0.0,20000.0,0.0,34.10000571179762,-0.20122495374255253,39.81521595525975,39.84144001961067,1.1720624188599007,301.1666676186329,101324.66945728972,-0.33054271027504,453.51100745693003,33.992592355589395,15189.928948424313,298.7159203343428,25.56592033434282,30.0,101325.0,237.8302231850322,28.016667618632937,9.4423867654415,23566.989531506104,3.859407555176901
815.0,13.583333333333334,95.83333333333333,False,7187.5,0.0,20000.0,0.0,34.11651683103912,-0.20153657088354318,39.83630651310016,39.86193953130627,1.1720516976088153,301.16941947183983,101324.66843273956,-0.3315672604367137,453.2223573725482,34.01039357959329,15189.790001010246,298.7164213528114,25.566421352811403,30.0,101325.0,237.676675191327,28.019419471839853,9.447331549887025,23604.033572312987,3.8921652101101083
820.0,13.666666666666666,96.66666666666666,False,7249.999999999999,0.0,20000.0,0.0,34.132843182050806,-0.2017084869467707,39.85698723930647,39.88219414012489,1.1720411016994174,301.1721405303418,101324.66786682689,-0.33213317311310675,452.9385304746684,34.02798253601955,15189.652678024451,298.71692273344706,25.566922733447086,30.0,101325.0,237.52568469767192,28.0221405303418,9.452217371116541,23640.673995062163,3.9249740348096744
825.0,13.75,97.5,False,7312.5,0.0,20000.0,0.0,34.148988920654006,-0.20171352093579775,39.877231317470766,39.90220866792542,1.1720306294787433,301.17483148677564,101324.66785024875,-0.33214975125156343,452.6594705226426,34.04536337559011,15189.516958044513,298.7174244710363,25.567424471036304,30.0,101325.0,237.37722176001304,28.024831486775668,9.457045382108364,23676.918107491823,3.957833473769781
830.0,13.833333333333334,98.33333333333333,False,7375.0,0.0,20000.0,0.0,34.16495802999145,-0.20153018628406832,39.897018472416434,39.921987842145185,1.1720202791752337,301.17749300499855,101324.66845374707,-0.33154625292809214,452.38512179407866,34.06254017229021,15189.382818111028,298.71792656046813,25.567926560468152,30.0,101325.0,237.23125668554138,28.027493004998576,9.46181671452506,23712.77310718528,3.9907429815577515
835.0,13.916666666666666,99.16666666666666,False,7437.499999999999,0.0,20000.0,0.0,34.1807542673331,-0.20114569738240584,39.91633847314399,39.941536295008255,1.1720100488119078,301.18012571122216,101324.66971761979,-0.330282380207791,452.11542908688267,34.07951692521567,15189.250232602326,298.7184289967321,25.56842899673211,30.0,101325.0,237.087760016193,28.030125711222183,9.466532479226576,23748.246083670703,4.023702022662513
840.0,14.0,100.0,False,7500.0,0.0,20000.0,0.0,34.196381106156196,-0.20055936921348802,39.935195093516256,39.96085856247699,1.171999936112074,301.18273018435934,101324.6716403218,-0.328359678198467,451.85033772120374,34.09629756042553,15189.119172012479,298.71893177491677,25.56893177491679,30.0,101325.0,236.94670251064898,28.032730184359366,9.471193766784872,23783.34402059934,4.056710071346034
845.0,14.083333333333334,100.83333333333333,False,7562.5,0.0,20000.0,0.0,34.211841674737,-0.19978642739737093,39.9536105508235,39.97995908300514,1.1719899383995522,301.1853069457895,101324.67416639533,-0.32583360467106104,451.5897935412326,34.112885932793105,15188.989601658197,298.71943489020754,25.56943489020756,30.0,101325.0,236.80805512521076,28.0353069457895,9.475801647998084,23818.073797984944,4.089766611497828
850.0,14.166666666666666,101.66666666666666,False,7624.999999999999,0.0,20000.0,0.0,34.227138692551875,-0.19886223259607738,39.97163042681543,39.99884219615186,1.1719800524954456,301.1878564487586,101324.67717397916,-0.32282602084160317,451.33374291680394,34.129285827846715,15188.861480340975,298.7199383378855,25.569938337885503,30.0,101325.0,236.67178899393613,28.037856448758646,9.480357174401865,23852.44219448472,4.1228711364925985
855.0,14.25,102.5,False,7687.5,0.0,20000.0,0.0,34.242274405815465,-0.19784687567505882,39.98932902041999,40.0175121411186,1.1719702746135754,301.1903790676359,101324.68046215335,-0.3195378466480179,451.08213274475895,34.145500963591644,15188.734758991937,298.7204421133251,25.5704421133251,30.0,101325.0,236.5378754084396,28.04037906763591,9.484861378775458,23886.455889701898,4.1560231490510615
860.0,14.333333333333334,103.33333333333333,False,7750.0,0.0,20000.0,0.0,34.25725052360485,-0.19682999309652618,40.00681495686426,40.0359730552737,1.1719606002568623,301.19287508726745,101324.68373839851,-0.31626160148880444,450.83491045001875,34.161534992301696,15188.609379328936,298.72094621199267,25.57094621199269,30.0,101325.0,236.40628579778758,28.042875087267475,9.48931527563936,23920.12146648333,4.1892221611039675
865.0,14.416666666666666,104.16666666666666,False,7812.499999999999,0.0,20000.0,0.0,34.27206815027159,-0.19593582021901698,40.024237073820686,40.054228972476224,1.1719510241078648,301.1953446917119,101324.68660534167,-0.3133946583257057,450.59202398656265,34.17739150231733,15188.485272437927,298.72145062944514,25.571450629445167,30.0,101325.0,236.27699170721777,28.045344691711932,9.493719861754814,23953.44541328802,4.222467693659365
870.0,14.5,105.0,False,7875.0,0.0,20000.0,20.0,34.28736980088843,-0.20024238779738884,63.335474548629406,63.51108230210933,1.171940939979131,301.1978949668147,101324.67267743779,-0.32732256221061107,450.3515485702088,34.19307418617895,15188.354582129537,298.72195536135297,25.57195536135299,30.0,101325.0,236.14886160963724,28.047894966814738,9.498076162827486,23986.43447666307,4.255759276916275
875.0,14.583333333333334,105.83333333333333,False,7937.5,0.0,20000.0,20.0,34.390093013642854,-0.19840625323764174,63.359665876775495,63.53397456168319,1.1718743980100998,301.2150155022738,101324.67865272389,-0.3213472761126468,449.88786947223986,34.21568614312847,15187.492198210895,298.7224616539514,25.57246165395145,30.0,101325.0,235.89232968111264,28.06501550227381,9.504357261980132,24034.052802274713,4.289106837526648
880.0,14.666666666666666,106.66666666666666,False,7999.999999999999,0.0,20000.0,20.0,34.48962916617779,-0.2021684428030933,63.404406491836774,63.57108474681236,1.1718097185330552,301.2316048610296,101324.66635037334,-0.33364962665655185,449.4345834444577,34.25034776669597,15186.653952188395,298.72297066099475,25.57297066099477,30.0,101325.0,235.6416490449546,28.081604861029632,9.51398549074888,24107.168696181692,4.322538241345021
885.0,14.75,107.5,False,8062.5,0.0,20000.0,20.0,34.586180280162694,-0.20604261800379992,63.4606049789666,63.61969446879172,1.1717469742728497,301.2476967133604,101324.65344032299,-0.3465596770111006,448.99146272220133,34.29473757188249,15185.840786576131,298.72348229653994,25.573482296539964,30.0,101325.0,235.3967128634113,28.09769671336045,9.526315992189582,24201.021760386884,4.356085595828749
890.0,14.833333333333334,108.33333333333333,False,8125.0,0.0,20000.0,20.0,34.67991109610773,-0.20826291557787,63.523944904476025,63.67752567993829,1.1716861273030978,301.26331851601793,101324.64593108567,-0.3540689143264899,448.5582169870259,34.34691441342453,15185.052209848147,298.72399647905064,25.573996479050663,30.0,101325.0,235.15735931753906,28.113318516017955,9.540809559284591,24311.649958209215,4.389774951188885
895.0,14.916666666666666,109.16666666666666,False,8187.499999999999,0.0,20000.0,20.0,34.77098120802225,-0.20666886614079097,63.590020769811964,63.74267473457026,1.171627160417599,301.2784968680037,101324.65133044709,-0.3486695529136341,448.1345844011148,34.405255262135334,15184.287999012084,298.72451313065886,25.574513130658886,30.0,101325.0,234.92344578542924,28.128496868003708,9.557015350593147,24435.74607078088,4.423627309542351
900.0,15.0,110.0,True,8250.0,250000.0,20000.0,20.0,34.85842228813112,-0.22805403241842684,63.68845129195835,63.813526311447426,1.1715696114477046,301.29307038135516,101324.57543965957,-0.42456034042697866,447.7203337184688,34.46840348871227,15183.542164362252,298.7250321766353,25.575032176635318,30.0,101325.0,234.6947566340543,28.143070381355187,9.574556524642297,24570.54303234971,4.457659454752858
905.0,15.083333333333334,110.83333333333333,True,8312.5,250000.0,20000.0,20.0,35.435513659860135,0.48445020306771924,63.546496709112375,64.48634970067518,1.1712227827043598,301.38925227664333,101326.91585305512,1.9158530551212607,447.3172093083087,34.57454510760738,15179.047263848503,298.72556047089364,25.575560470893663,30.0,101325.0,234.4140231044022,28.239252276643356,9.604040307668717,24798.22950236806,4.491943324568634
910.0,15.166666666666666,111.66666666666666,True,8375.0,250000.0,20000.0,20.0,35.98514956124325,0.475029725231169,63.751150911021725,64.6614692483464,1.1708660500608046,301.4808582602072,101326.84206726411,1.8420672641077545,446.92217074358194,34.75030475687159,15174.424008788026,298.7261042190669,25.576104219066906,30.0,101325.0,234.13567031441426,28.330858260207208,9.652862432464332,25178.34055415501,4.526649275996775
915.0,15.25,112.5,True,8437.5,250000.0,20000.0,20.0,36.517446953080366,0.4655251668162738,64.02103148678998,64.90257485910338,1.1705207597518028,301.56957449218004,101326.76909127297,1.7690912729740376,446.5344223271822,34.982081651251036,15169.949046383364,298.72666288860887,25.576662888608894,30.0,101325.0,233.86354778008038,28.41957449218006,9.717244903125287,25685.510264791716,4.561971394621044
920.0,15.333333333333334,113.33333333333333,True,8500.0,250000.0,20000.0,20.0,37.033054801836784,0.45562245177518623,64.34309088262256,65.19611030537325,1.1701864456396933,301.65550913363944,101326.6946270903,1.6946270902990364,446.1533777281548,35.2586703844687,15165.616335490426,298.72723600501126,25.577236005011287,30.0,101325.0,233.59724612322148,28.505509133639464,9.794075106796862,26299.59393556329,4.598072161426846
925.0,15.416666666666666,114.16666666666666,True,8562.5,250000.0,20000.0,20.0,37.53255230517641,0.445249867138176,64.70639494762963,65.53094824029138,1.169862711045968,301.7387587175294,101326.61834648316,1.6183464831556194,445.77858339515467,35.57068056772499,15161.420735155747,298.727823111034,25.577823111034036,30.0,101325.0,233.33644019636165,28.5887587175294,9.88074460214583,27003.979773672505,4.63508853205826
930.0,15.5,115.0,True,8625.0,250000.0,20000.0,0.0,38.01647590860205,0.4370752968433336,41.81382213413433,42.50998819098274,1.1695494139484046,301.81941265143365,101326.55946787845,1.5594678784545977,445.40994886929803,35.910245888559864,15157.360404771325,298.7284237644922,25.578423764492243,30.0,101325.0,233.08104632050595,28.669412651433674,9.97506830237774,27784.743190881447,4.6731362563392
935.0,15.583333333333334,115.83333333333333,True,8687.5,250000.0,20000.0,0.0,38.42698315612506,0.4281365902423307,42.22821977782188,42.90601199570524,1.1692836264052884,301.8878305260208,101326.4963342033,1.4963342033006484,445.2380055685009,36.266135891457054,15153.915798212538,298.7290367187782,25.57903671877824,30.0,101325.0,232.93812045313504,28.737830526020844,10.073926636515848,28619.042792229062,4.712305552160805
940.0,15.666666666666666,116.66666666666666,True,8750.0,250000.0,20000.0,0.0,38.827587134985606,0.42294463351600653,42.651428801101254,43.315330526196405,1.1690246616159683,301.9545978558309,101326.46026255527,1.460262555265217,445.0674266638653,36.62959321998033,15150.559614542948,298.72966081589067,25.57966081589069,30.0,101325.0,232.7973078094442,28.804597855830934,10.174887005550092,29488.150719293335,4.75265776987714
945.0,15.75,117.5,True,8812.5,250000.0,20000.0,0.0,39.21854015418387,0.4133648737136503,43.080394211793006,43.72533766372584,1.1687716976157358,302.01975669236396,101326.39486137812,1.394861378124915,444.89698613170793,36.99799420772578,15147.281201099937,298.7302957891542,25.580295789154206,30.0,101325.0,232.65780158462013,28.86975669236398,10.27722061325716,30386.857594618326,4.7942376367618005
950.0,15.833333333333334,118.33333333333333,True,8875.0,250000.0,20000.0,0.0,39.600326905399584,0.40894722966419483,43.51254211179377,44.14463198969714,1.1685251644756094,302.0833878175666,101326.3652068298,1.3652068297960795,444.7266945713293,37.369128358042644,15144.086131603899,298.7309413738787,25.580941373878716,30.0,101325.0,232.5196914784538,28.933387817566597,10.380313432789624,31310.510910002053,4.837083031556677
955.0,15.916666666666666,119.16666666666666,True,8937.5,250000.0,20000.0,0.0,39.97277188167334,0.4004103451803415,43.945735194841255,44.56020356175995,1.1682844469307652,302.14546198027887,101326.3088036288,1.308803628795431,444.5565821246595,37.74116012494394,15140.966432222716,298.73159731182193,25.58159731182195,30.0,101325.0,232.38286934573662,28.99546198027889,10.483655590262206,32254.995660424214,4.881225744452806
960.0,16.0,120.0,True,9000.0,250000.0,20000.0,0.0,40.33627629119121,0.3954361005086967,44.3781763615869,44.979243462620175,1.1680498652405642,302.20604604853185,101326.27648742519,1.2764874251879519,444.3866944788869,38.11254613649668,15137.926253517713,298.732263346697,25.582263346697005,30.0,101325.0,232.24742135617558,29.05604604853187,10.586818371249079,33216.59717101681,4.926692128363529
965.0,16.083333333333332,120.83333333333333,True,9062.5,250000.0,20000.0,0.0,40.69074380228983,0.38699906950868973,44.80838045014582,45.3920440909852,1.1678209480288335,302.2651239670483,101326.22259820245,1.2225982024538098,444.2170896790942,38.48201091665614,15134.959486453681,298.73293922783813,25.582939227838153,30.0,101325.0,232.11328268002475,29.115123967048305,10.689447476848928,34192.00164866495,4.973503655321641
970.0,16.166666666666668,121.66666666666666,True,9125.0,250000.0,20000.0,0.0,41.036578881451646,0.38331334368438574,45.235103455200125,45.80697176857331,1.16759803069913,302.3227631469086,101326.19942138324,1.1994213832367677,444.0478352936695,38.84848609772541,15132.070477860725,298.7336247067194,25.583624706719434,30.0,101325.0,231.98055387863016,29.172763146908608,10.79124613825706,35178.194695091996,5.021677402782584
975.0,16.25,122.5,True,9187.5,250000.0,20000.0,0.0,41.3736414248026,0.3758539249773959,45.657328425362905,46.21303915519508,1.1673805773743748,302.3789402374671,101326.15319324833,1.1531932483339915,443.8790061932696,39.211098308831026,15129.252282771899,298.7343195404229,25.58431954042294,30.0,101325.0,231.8491661622929,29.2289402374671,10.891971752453063,36172.4788813767,5.071226481655131
980.0,16.333333333333332,123.33333333333333,True,9250.0,250000.0,20000.0,0.0,41.70221722373469,0.36927490235882304,46.074209710967295,46.61484737150791,1.1671687350917013,302.4337028706224,101326.11317513071,1.11317513071117,443.7106825451463,39.56912129521025,15126.506806788448,298.73502348843715,25.585023488437173,30.0,101325.0,231.7191892258263,29.28370287062245,10.99142258200285,37172.38859795034,5.122160417404665
985.0,16.416666666666668,124.16666666666666,True,9312.5,250000.0,20000.0,0.0,42.02249627545007,0.3653860220468975,46.48505775494787,47.01382522170657,1.1669624964284684,302.487082712575,101326.08985261312,1.0898526131204562,443.54294823145136,39.921962856425296,15123.83395371295,298.7357363144184,25.585736314418398,30.0,101325.0,231.59066398273686,29.33708271257501,11.089434126784806,38175.691206662654,5.174485472824534
990.0,16.5,125.0,True,9375.0,250000.0,20000.0,0.0,42.334463429891684,0.35925242042651223,46.88931726729212,47.40365217169362,1.166761523843328,302.53907723831526,101326.05356980884,1.0535698088351637,443.37588950533376,40.269146102302756,15121.22934900953,298.7364577864456,25.586457786445635,30.0,101325.0,231.46356707467095,29.38907723831528,11.185873917306322,39180.36812569317,5.228204958472004
995.0,16.583333333333332,125.83333333333333,True,9437.5,250000.0,20000.0,0.0,42.63830886282426,0.35252723670365155,47.28653880466715,47.78581615489082,1.1665658067147935,302.589718143804,101326.01449349076,1.0144934907584684,443.2095938394823,40.610285045153056,15118.692855023724,298.7371876758281,25.587187675828147,30.0,101325.0,231.33794068948075,29.439718143804043,11.280634734764737,40184.57355386387,5.283319501305029
1000.0,16.666666666666668,126.66666666666666,True,9500.0,250000.0,20000.0,0.0,42.93419330421409,0.34592242978954996,47.67636723618129,48.16079853891321,1.1663752850168798,302.639032217369,101325.97683532597,0.9768353259714786,443.0441489935333,40.94507469401887,15116.223693818763,298.73792575787087,25.58792575787089,30.0,101325.0,231.21381735406004,29.489032217369015,11.373631859449686,41186.62954878915,5.339827281237427
1005.0,16.75,127.5,True,9562.5,250000.0,20000.0,0.0,43.22231680047389,0.3415404769825188,48.0585260362242,48.530782959574694,1.1661899593174394,302.68705280007896,101325.95224406055,0.9522440605505835,442.879642242083,41.27327756516503,15113.821872754015,298.73867181168174,25.588671811681763,30.0,101325.0,231.09124134878638,29.537052800078982,11.464799323656953,42185.00693211895,5.397724251015835
1010.0,16.833333333333332,128.33333333333331,True,9624.999999999998,250000.0,20000.0,0.0,43.502756882949825,0.337217607891502,48.432808570453396,48.893038705706665,1.1660096319813213,302.73379281382495,101325.92829155161,0.9282915516087087,442.71615973481784,41.5947161983722,15111.484830477924,298.73942562066713,25.589425620667157,30.0,101325.0,230.97021708947776,29.58379281382497,11.554087832881166,43178.32060611221,5.457004339584051
1015.0,16.916666666666668,129.16666666666666,True,9687.5,250000.0,20000.0,0.0,43.77564308257013,0.3324977503008825,48.79906436859355,49.24688688335881,1.165834186630932,302.779273847095,101325.90248778739,0.9024877873889636,442.553785963328,41.9092613678411,15109.21105873688,298.7401869720539,25.590186972053914,30.0,101325.0,230.85076426066416,29.62927384709502,11.641461491066972,44165.30869946325,5.5176596377129234
1020.0,17.0,130.0,True,9750.0,250000.0,20000.0,0.0,44.04112795656113,0.3277049270120528,49.157191129310746,49.592607698849186,1.1656635419944612,302.8235213260935,101325.8766572995,0.8766572994936723,442.39260333198604,42.216825215876156,15106.999504248217,298.74095565700657,25.59095565700659,30.0,101325.0,230.73290842871415,29.67352132609352,11.72689589329893,45144.82373760749,5.579680563016445
1025.0,17.083333333333332,130.83333333333331,True,9812.499999999998,250000.0,20000.0,0.0,44.299345078314786,0.3224535188928854,49.507128247853544,49.92969418179172,1.1654975850445177,302.86655751305244,101325.84878589262,0.8487858926237095,442.2326918144351,42.51735569434078,15104.848702176949,298.74173147076425,25.591731470764273,30.0,101325.0,230.61666762230152,29.716557513052464,11.810376581761327,46115.825747701834,5.64305601404791
1030.0,17.166666666666668,131.66666666666666,True,9875.0,250000.0,20000.0,0.0,44.55045025227889,0.31714657561200316,49.848849752713036,50.25859452316583,1.1653362372345504,302.9084083753798,101325.8210771463,0.8210771463054698,442.0741286748824,42.81083049857054,15102.757634559772,298.74251421254326,25.59251421254328,30.0,101325.0,230.50206530201547,29.758408375379815,11.891897360714038,47077.3717704337,5.707773512324393
1035.0,17.25,132.5,True,9937.5,250000.0,20000.0,0.0,44.79461984812781,0.31298336007336214,50.1823591429866,50.58071499522125,1.165179452204592,302.9491033080213,101325.79966190761,0.7996619076147908,441.91698825366126,43.09725263363507,15100.725700571511,298.743303685566,25.593303685566013,30.0,101325.0,230.38912978474931,29.7991033080213,11.971459064898632,48028.60882214343,5.7738193321803495
1040.0,17.333333333333332,133.33333333333331,True,9999.999999999998,250000.0,20000.0,0.0,45.03201373918887,0.31057729153415004,50.50768542786513,50.89680272492172,1.1650271569127932,302.98866895653146,101325.7874143185,0.7874143185035791,441.76134180161836,43.37664701299899,15098.751953589799,298.7440996971493,25.594099697149318,30.0,101325.0,230.27788251238164,29.838668956531478,12.049068614721941,48968.768842085956,5.841178622224953
1045.0,17.416666666666668,134.16666666666666,True,10062.5,250000.0,20000.0,0.0,45.2627253213567,0.3079736223155339,50.8248802831809,51.20463063335588,1.164879172325798,303.02712088689276,101325.77426736361,0.7742673636093969,441.60725736313947,43.64905801652878,15096.834073342343,298.7449020588479,25.594902058847936,30.0,101325.0,230.16832233145655,29.877120886892783,12.12473833792466,49897.165736573006,5.90983552123791
1050.0,17.5,135.0,True,10125.0,250000.0,20000.0,0.0,45.486829880019286,0.30243389164166967,51.13401372666065,51.501076685303524,1.1647352911033602,303.06447164666986,101325.74666333725,0.746663337253267,441.45479968591894,43.91454577634475,15094.969372699548,298.7457105863087,25.595710586308712,30.0,101325.0,230.0604408286551,29.91447164666988,12.198484937873541,50813.18709900017,5.9797732662626135
1055.0,17.583333333333332,135.83333333333331,True,10187.499999999998,250000.0,20000.0,0.0,45.70453823046216,0.29646622759105296,51.43516871180228,51.78915270393584,1.1645955232570557,303.10075637174367,101325.71748754369,0.7174875436903676,441.3040301591547,44.173181533973164,15093.157981411443,298.7465250988986,25.59652509889861,30.0,101325.0,229.95427081551938,29.950756371743694,12.270328203881435,51716.28148003156,6.050974286109163
1060.0,17.666666666666668,136.66666666666666,True,10250.0,250000.0,20000.0,0.0,45.916145531015786,0.29618529195058557,51.72843956028954,52.07608598582201,1.1644600146048834,303.1360242551693,101325.71612838504,0.716128385043703,441.15500679484654,44.425046294083835,15091.401789279287,298.74734541981337,25.597345419813394,30.0,101325.0,229.84987015084525,29.986024255169298,12.340290637245511,52605.95601673882,6.12342028437081
1065.0,17.75,137.5,True,10312.5,250000.0,20000.0,0.0,46.12152905806295,0.2909009076835519,52.013938576456056,52.349522253581824,1.1643282458135689,303.17025484301047,101325.69080275993,0.6908027599274646,441.00778423865995,44.67023650507658,15089.694065743852,298.7481713772841,25.59817137728413,30.0,101325.0,229.7471636575253,30.02025484301049,12.408399029187938,53481.79880609996,6.197092336331115
1070.0,17.833333333333332,138.33333333333331,True,10374.999999999998,250000.0,20000.0,0.0,46.32099523993429,0.28721186188285985,52.29177976114954,52.61727268107794,1.1642003844860778,303.2034992066557,101325.67339309066,0.6733930906630121,440.86241374518573,44.908850072339234,15088.036982939568,298.749002802514,25.599002802514008,30.0,101325.0,229.64621003740237,30.053499206655715,12.474680575649787,54343.43103234975,6.271970968163371
1075.0,17.916666666666668,139.16666666666666,True,10437.5,250000.0,20000.0,0.0,46.514687206050326,0.28524456632613543,52.56208718904882,52.87960900806342,1.1640763399645284,303.23578120100836,101325.66419969485,0.6641996948455926,440.71894324263224,45.14099355279478,15086.429365940288,298.74983953105055,25.599839531050577,30.0,101325.0,229.54701529634931,30.085781201008388,12.53916487577633,55190.53339537518,6.34803622123818
1080.0,18.0,140.0,True,10500.0,250000.0,20000.0,0.0,46.702628735624785,0.2801175902573957,52.82499315617289,53.13097341290159,1.163955834050348,303.2671047892708,101325.64053766834,0.6405376683396753,440.57741736216377,45.36678056395844,15084.867609292509,298.7506814026808,25.600681402680834,30.0,101325.0,229.44954678553063,30.117104789270797,12.601883489988458,56022.84152752792,6.425267731601307
1085.0,18.083333333333332,140.83333333333331,True,10562.499999999998,250000.0,20000.0,0.0,46.88511314690629,0.27833158453589435,53.08063029701715,53.37907705103595,1.1638390213675163,303.2975188578177,101325.63239568123,0.632395681226626,440.43787748785087,45.586325014033285,15083.35371692301,298.75152826045036,25.60152826045038,30.0,101325.0,229.3538555397531,30.147518857817715,12.66286805945369,56840.12155398027,6.503644789296799
1090.0,18.166666666666668,141.66666666666666,True,10625.0,250000.0,20000.0,0.0,47.06217198989748,0.27539637190356925,53.329139629335224,53.6188269983912,1.163725642462356,303.3270286649829,101325.61912785027,0.6191278502665227,440.30036183127567,45.7997480108719,15081.884326312134,298.7523799518984,25.6023799518984,30.0,101325.0,229.25990933853998,30.177028664982913,12.722152225242194,57642.195756780406,6.583146398540383
1095.0,18.25,142.5,True,10687.5,250000.0,20000.0,0.0,47.2339102683801,0.2699022704404096,53.570663787581445,53.84872368499416,1.1636155585642374,303.35565171139666,101325.59467131093,0.5946713109296979,440.1649055002202,46.00717205077016,15080.457638992515,298.7532363281871,25.60323632818711,30.0,101325.0,229.1676981884197,30.205651711396683,12.779770014102823,58428.92116628698,6.663751340848068
1100.0,18.333333333333332,143.33333333333331,True,10749.999999999998,250000.0,20000.0,0.0,47.400662903531156,0.27065549241076214,53.805344355469444,54.0791702739944,1.1635090011747995,303.38344381725517,101325.5979950659,0.5979950658947928,440.0315405617103,46.20871872763434,15079.076655225403,298.7540972437856,25.604097243785645,30.0,101325.0,229.07728345901137,30.233443817255193,12.83575520212065,59200.18040372712,6.745438216938357
1105.0,18.416666666666668,144.16666666666666,True,10812.5,250000.0,20000.0,0.0,47.56230776958387,0.2664441271183845,54.033331522222,54.29725183887118,1.1634054773557765,303.41038462826396,101325.57953039082,0.5795303908234928,439.90029615519467,46.404517025892204,15077.734986530862,298.75496255787795,25.60496255787797,30.0,101325.0,228.98858236519916,30.260384628263978,12.890143618303389,59955.91306107432,6.828185504066691
1110.0,18.5,145.0,True,10875.0,250000.0,20000.0,20.0,47.719070653185895,0.2637800327347796,77.54273287975084,77.77680618533904,1.1633051709116957,303.43651177553096,101325.56799922996,0.5679992299556034,439.77059315493614,46.59469195736602,15076.435015015577,298.75583213252975,25.60583213252977,30.0,101325.0,228.90132880888962,30.286511775530983,12.942969988157229,60696.07184374378,6.911971604695037
1115.0,18.583333333333332,145.83333333333331,True,10937.499999999998,250000.0,20000.0,20.0,47.857683440735855,0.2643888593488608,77.75653388628494,77.98517938534091,1.1632166395791879,303.4596139067893,101325.57062423631,0.5706242363085039,439.4941599156279,46.77830699956983,15075.287648946274,298.7567056465393,25.606705646539297,30.0,101325.0,228.74003565520295,30.30961390678931,12.993974166547176,61416.45565699022,6.996771971014991
1120.0,18.666666666666668,146.66666666666666,True,11000.0,250000.0,20000.0,20.0,47.99089649432358,0.2599566797560507,77.96178529998836,78.17933244028859,1.163131322998224,303.48181608238724,101325.55165286,0.5516528599982848,439.2239568751295,46.95457954197027,15074.181946056984,298.75758277028626,25.607582770286285,30.0,101325.0,228.5826385111371,30.331816082387263,13.042938761658407,62113.3736498837,7.08255657470032
1125.0,18.75,147.5,True,11062.5,250000.0,20000.0,20.0,48.11904749701705,0.25424412584358247,78.158883414515,78.36403801109572,1.1630491944468477,303.50317458283615,101325.52767408593,0.5276740859262645,438.9606585975219,47.12384992663203,15073.117560031147,298.75846336064774,25.60846336064776,30.0,101325.0,228.4294812833726,30.353174582836175,13.089958312953344,62787.55088094621,7.169293327846729
1130.0,18.833333333333332,148.33333333333331,True,11124.999999999998,250000.0,20000.0,20.0,48.24241708651721,0.25191285580595757,78.34819586110612,78.54509105994784,1.1629702954860501,303.5237361810862,101325.51804152588,0.5180415258801077,438.70417405991424,47.286433879972726,15072.09502949921,298.75934727954547,25.60934727954549,30.0,101325.0,228.28052287810857,30.3737361810862,13.135120522214645,63439.67344721813,7.256951122519066
1135.0,18.916666666666668,149.16666666666666,True,11187.5,250000.0,20000.0,20.0,48.361138253147146,0.25102702696607493,78.53006664370206,78.7205739781806,1.1628944440847488,303.54352304219117,101325.51440463892,0.5144046389177674,438.45440898231976,47.4426268369814,15071.111995338346,298.7602343940412,25.610234394041242,30.0,101325.0,228.13567669556656,30.39352304219119,13.178507454717055,64070.399567004104,7.345499784334497
1140.0,19.0,150.0,False,11250.0,120000.0,20000.0,20.0,48.47436188512063,0.2367955913868362,78.70481943826667,78.87360393746015,1.1628215037129799,303.5623936475201,101325.45773185388,0.45773185387952253,438.2112662944625,47.59270677472057,15070.16668812022,298.76112457624646,25.611124576246482,30.0,101325.0,227.99486375615527,30.412393647520105,13.220196326311267,64680.36570058725,7.434910037992547
1145.0,19.083333333333332,150.83333333333331,False,11312.499999999998,116712.5372539618,20000.0,20.0,48.32591161472885,-0.11627470352095982,78.98397618435196,78.74780179757411,1.1629097665852577,303.5376519357881,101324.8896342312,-0.1103657688072417,437.97393256911033,47.71617545943174,15071.31057494494,298.7620140457267,25.61201404572671,30.0,101325.0,227.88867887945034,30.387651935788142,13.254493183175482,65185.069217383716,7.525094367796694
1150.0,19.166666666666668,151.66666666666666,False,11375.0,113515.13626881185,20000.0,20.0,48.17953262680976,-0.11854384712767621,79.08217885696847,78.84957419957884,1.1630031917395036,303.5132554378016,101324.88528454129,-0.11471545870881528,437.74327051130876,47.79824402858564,15072.521364943967,298.762899287607,25.612899287607036,30.0,101325.0,227.78695804420985,30.363255437801627,13.277290007940458,65521.98966058806,7.615863158684174
1155.0,19.25,152.5,False,11437.5,110405.32975551879,20000.0,20.0,48.032793670475144,-0.12499467491369304,79.14437173877575,78.91053871001006,1.1630967645554717,303.48879894507917,101324.87245984688,-0.12754015311656985,437.51941988065664,47.845205244096064,15073.734068638914,298.763780291335,25.613780291335047,30.0,101325.0,227.68879155490686,30.33879894507919,13.290334790026684,65715.30322923596,7.707000167635441
1160.0,19.333333333333332,153.33333333333331,False,11499.999999999998,107380.71801772437,20000.0,20.0,47.88588839437182,-0.13654085525171722,79.17786137119194,78.93691068785961,1.1631903229426293,303.4643147323953,101324.84780893753,-0.15219106247241143,437.30243182306236,47.862420388922835,15074.946585336475,298.7646570524961,25.614657052496113,30.0,101325.0,227.5941751263727,30.314314732395303,13.295116774700789,65786.2636665711,7.798320700201974
1165.0,19.416666666666668,154.16666666666666,False,11562.5,104438.96710000686,20000.0,20.0,47.739132221037494,-0.14189718506904803,79.17481881510292,78.93399348896372,1.163283944395522,303.4398553701729,101324.83563419485,-0.1643658051470993,437.09231177720727,47.85445107297534,15076.159919365966,298.7655295709083,25.615529570908336,30.0,101325.0,227.50312761101407,30.289855370172916,13.292903075826482,65753.40797976508,7.889667694400818
1170.0,19.5,155.0,False,11625.0,101577.8069868737,20000.0,0.0,47.592778047873026,-0.14123275746661748,55.85201586456105,55.638753362919736,1.1633774814646383,303.4154630079788,101324.837169863,-0.1628301369928522,436.8898468360939,47.82519367047841,15077.372159781713,298.76639785274887,25.61639785274889,30.0,101325.0,227.41603073957089,30.265463007978838,13.284776019577336,65632.88013189279,7.980908172256136
1175.0,19.583333333333332,155.83333333333331,False,11687.499999999998,98795.02985109364,20000.0,0.0,47.45814692282852,-0.1524288446014891,55.81115172974682,55.58899602682169,1.1634632150379325,303.39302448713806,101324.81033018231,-0.18966981768608093,436.821703015818,47.77890294108638,15078.483266891604,298.76726207287544,25.617262072875462,30.0,101325.0,227.39731607374037,30.243024487138086,13.271917483635104,65442.483362197614,8.071932730238144
1180.0,19.666666666666668,156.66666666666666,False,11750.0,96088.48835001697,20000.0,0.0,47.322634786294884,-0.1604774596477,55.75076068409638,55.52341124160028,1.1635495965912708,303.3704391310491,101324.78977130567,-0.2102286943263607,436.7565287496053,47.718989722708336,15079.60277182287,298.7681223809807,25.618122380980708,30.0,101325.0,227.38026878959175,30.220439131049147,13.25527492297454,65196.60359317218,8.162654318401595
1185.0,19.75,157.5,False,11812.5,93456.09396856859,20000.0,0.0,47.18654075357131,-0.15596654625391232,55.662167749628345,55.44428335946331,1.1636367329557338,303.34775679226186,101324.80142397102,-0.19857602898264304,436.694237935962,47.647415889519266,15080.73205910631,298.76897875428074,25.61897875428076,30.0,101325.0,227.3648652199143,30.197756792261885,13.23539330264424,64903.677741949534,8.25300173599543
1190.0,19.833333333333332,158.33333333333331,False,11874.999999999998,90895.81540763598,20000.0,0.0,47.049683085902075,-0.16500528998208888,55.57773917413265,55.35354143405046,1.1637239648058877,303.32494718098366,101324.77774085125,-0.22225914875161834,436.63485257734885,47.56586880401967,15081.862583884305,298.76983117486577,25.619831174865794,30.0,101325.0,227.3509882861557,30.17494718098368,13.212741334449907,64571.00581058968,8.342914710684694
1195.0,19.916666666666668,159.16666666666666,False,11937.5,88405.67701660791,20000.0,0.0,46.91240773413779,-0.1726877305413228,55.48181319707745,55.25288682666287,1.163811505668428,303.3020679556896,101324.75656283853,-0.24343716146540828,436.57837141949136,47.4758039060017,15082.997113462827,298.7706796297462,25.620679629746235,30.0,101325.0,227.33867937802918,30.15206795568963,13.187723307222694,64204.90866080752,8.432342429067607
1200.0,20.0,160.0,False,12000.0,85983.75726885471,20000.0,0.0,46.774941257504906,-0.17346213854577894,55.36938379083256,55.143777099575345,1.1638994001181462,303.2791568762508,101324.7543745836,-0.24562541639897972,436.5247867862912,47.37847368421855,15084.136225531174,298.77152410961725,25.62152410961727,30.0,101325.0,227.32794352206673,30.129156876250818,13.160687134505153,63810.83789234918,8.521242253062855
1205.0,20.083333333333332,161.16666666666666,False,12087.5,83628.18727897346,20000.0,0.0,46.637364670268084,-0.1727454816584646,55.2480194655786,55.027460323024414,1.1639874266934973,303.25622744504466,101324.7563999883,-0.24360001170134638,436.47434722569204,47.2749611044676,15085.277049947725,298.77236460932227,25.62236460932229,30.0,101325.0,227.31886723014676,30.10622744504468,13.131933640129889,63393.50888173404,8.609578604989302
1210.0,20.166666666666668,162.33333333333334,False,12175.0,81337.14936065403,20000.0,0.0,46.49961866394506,-0.18436131312427967,55.13491514746996,54.90501338832427,1.164075162683538,303.23326977732415,101324.72253800998,-0.27746199001558125,436.42729181345095,47.166209836272046,15086.414108378653,298.77320112855136,25.623201128551386,30.0,101325.0,227.3114928429955,30.083269777324176,13.101724954520012,62957.023441022095,8.697322030213439
1215.0,20.25,163.5,False,12262.5,79108.87562405325,20000.0,0.0,46.36223474467886,-0.18040874639972293,54.99852967243546,54.77740945996878,1.1641632045375094,303.21037245744645,101324.7343076263,-0.2656923736940371,436.38357696278155,47.05303281057604,15087.555130806122,298.77403366958697,25.624033669586993,30.0,101325.0,227.305914532071,30.060372457446476,13.070286891826678,62504.90708662785,8.784448370857639
1220.0,20.333333333333332,164.66666666666666,False,12350.0,76941.64661159455,20000.0,0.0,46.224897129774945,-0.18860426839510921,54.87196334183771,54.645439652948006,1.1642508111482355,303.18748285496247,101324.70961983627,-0.29038016372942366,436.3431740421252,46.936140503139754,15088.690512481131,298.77486223875076,25.62486223875078,30.0,101325.0,227.301973069591,30.03748285496249,13.037816806427708,62040.22671412123,8.87093804710816
1225.0,20.416666666666668,165.83333333333334,False,12437.5,74833.78997114078,20000.0,0.0,46.08793208187228,-0.19394790371143097,54.73846404731885,54.509831076012325,1.1643382844395047,303.1646553469787,101324.6929323318,-0.30706766819639597,436.3060365374071,46.816145964188195,15089.82416633598,298.7756868444597,25.62568684445972,30.0,101325.0,227.29970357741138,30.014655346978714,13.004484990052276,61565.615529119386,8.956775437554855
1230.0,20.5,167.0,False,12525.0,72783.679165516,20000.0,0.0,45.951447868711966,-0.19564695650664984,54.59773108738022,54.371203811428046,1.1644255927499272,303.14190797811864,101324.68752872171,-0.31247127828828525,436.27212012189665,46.69358364326577,15090.955682039057,298.7765074979615,25.62650749796154,30.0,101325.0,227.29907717083822,29.99190797811866,12.970439900907158,61083.3531977323,9.041948332504056
1235.0,20.583333333333332,168.16666666666666,False,12612.5,70789.73221738076,20000.0,0.0,45.81546968717964,-0.1974464690107118,54.4546685045844,54.23009362923927,1.1645125858926118,303.11924494786325,101324.68175421939,-0.31824578061059583,436.24138015363786,46.56892015269316,15092.083113168248,298.7773242130705,25.627324213070494,30.0,101325.0,227.30004165971332,29.969244947863274,12.935811153525876,60595.41345066067,9.126447476009885
1240.0,20.666666666666668,169.33333333333334,False,12700.0,68850.41048849192,20000.0,0.0,45.68006018015478,-0.2003239974940988,54.310888825327744,54.08697086566171,1.1645991868486214,303.09667669669244,101324.67241057982,-0.32758942017972004,436.21376945681743,46.44256279451801,15093.205461558135,298.7781370058218,25.628137005821827,30.0,101325.0,227.30255781325516,29.946676696692464,12.900711887366114,60103.5025397379,9.210266167669884
1245.0,20.75,170.5,False,12787.5,66964.21749240565,20000.0,0.0,45.545297893046495,-0.20393819219988474,54.166409450832624,53.94224838678712,1.1646853564707844,303.0742163155077,101324.66048337765,-0.3395166223490378,436.1892392155611,46.314867862889834,15094.322219861366,298.7789458943334,25.628945894333413,30.0,101325.0,227.30659293068467,29.92421631550775,12.865241073024954,59609.09638475485,9.293399916923004
1250.0,20.833333333333332,171.66666666666666,False,12875.0,65129.69773970663,20000.0,0.0,45.41127519630288,-0.2068647115697614,54.01993551098324,53.796289511133125,1.1647710893913015,303.0518791993838,101324.65066931516,-0.349330684839515,436.1677393656933,46.186147648330255,15095.433318511268,298.7797508986603,25.629750898660348,30.0,101325.0,227.31212024362426,29.901879199383814,12.829485457869517,59113.472131485505,9.375846145059283
1255.0,20.916666666666668,172.83333333333334,False,12962.5,63345.43561487318,20000.0,0.0,45.27809415740933,-0.20691243538855103,53.86923500140765,53.64941457230392,1.1648564066959182,303.0296823595682,101324.65050811495,-0.3494918850483373,436.1492189769414,46.05667639711829,15096.539030779099,298.78055204065475,25.630552040654777,30.0,101325.0,227.3191176836071,29.87968235956822,12.793521221421747,58617.73514189657,9.45760392788802
1260.0,21.0,174.0,False,13050.0,61610.05428391104,20000.0,0.0,45.14579631028607,-0.2050841506920885,53.715757285933584,53.501902394496135,1.1649412431298123,303.007632718381,101324.65665707049,-0.3433429295109818,436.1336280497214,45.926696054432924,15097.638510962366,298.781349343941,25.631349343940997,30.0,101325.0,227.3275468068306,29.857632718381012,12.75741557067581,58122.84461897273,9.53867377494418
1265.0,21.083333333333332,175.16666666666666,False,13137.5,59922.21463191314,20000.0,0.0,45.014268249834004,-0.21102581439805568,53.570984295856206,53.35398949766643,1.165025295826701,302.9857113749723,101324.6364743319,-0.3635256681009196,436.12091979762715,45.79642149298268,15098.727833914045,298.78214283393606,25.632142833936086,30.0,101325.0,227.33732446869442,29.835711374972334,12.72122819249519,57629.63670064779,9.61905744252725
1270.0,21.166666666666668,176.33333333333334,False,13225.0,58280.614229725485,20000.0,0.0,44.88374040592214,-0.21432255209373166,53.42300661706779,53.205905549373036,1.1651088200476551,302.96395673432033,101324.62502729522,-0.37497270478343125,436.1110397950425,45.6660396298406,15099.81030781761,298.78293253697433,25.63293253697435,30.0,101325.0,227.34847244452786,29.813956734320357,12.685011008289054,57138.824039258936,9.698757762485519
1275.0,21.25,177.5,False,13312.5,56683.98632892176,20000.0,0.0,44.75433517413637,-0.21084317752104484,53.26720758119241,53.05784869757023,1.1651919071286738,302.9423891956894,101324.63710330198,-0.36289669801772106,436.1039361213298,45.535716797345536,15100.887116387614,298.78371848088335,25.633718480883374,30.0,101325.0,227.3609818119853,29.792389195689395,12.648810221484872,56651.026365785685,9.777778491933466
1280.0,21.333333333333332,178.66666666666666,False,13400.0,55131.0988843112,20000.0,0.0,44.625783493571475,-0.21800019579404023,53.12403831762735,52.90997145077927,1.1652740317797372,302.9209639155952,101324.61204828272,-0.38795171727542765,436.0995657190913,45.40560418219329,15101.951451865394,298.7845006953273,25.634500695327347,30.0,101325.0,227.37472793798412,29.770963915595246,12.612667828387025,56166.79297577917,9.856124199809551
1285.0,21.416666666666668,179.83333333333334,False,13487.5,53620.75360322519,20000.0,0.0,44.49849413724246,-0.21526232011972593,52.969741460680275,52.762449127232266,1.1653557581526253,302.8997490228737,101324.62173170234,-0.3782682976598153,436.09787090603066,45.27582994129938,15103.010625658022,298.7852792100234,25.63527921002344,30.0,101325.0,227.3897911328291,29.749749022873743,12.576619428138716,55686.57538215619,9.933800150058119
1290.0,21.5,181.0,False,13575.0,52151.785020849384,20000.0,0.0,44.37218055459107,-0.22041432928242133,52.825165873436326,52.61539809353881,1.165436548065479,302.8786967590985,101324.60340835467,-0.39659164533077274,436.0988097470823,45.14651456647356,15104.057662928606,298.7860540568449,25.6360540568449,30.0,101325.0,227.40604481082343,29.72869675909851,12.5406984906871,55210.786269864,10.01081220676091
1295.0,21.583333333333332,182.16666666666666,False,13662.5,50723.05960088743,20000.0,0.0,44.24715612139801,-0.21812638954909958,52.672579980541855,52.46895656124937,1.1655168273354581,302.8578593535663,101324.61159900557,-0.38840099443041254,436.1023275615399,45.01775978747649,15105.098082267537,298.78682526762367,25.636825267623692,30.0,101325.0,227.42354382922352,29.707859353566334,12.504933274299026,54739.75997692692,10.087166752765626
1300.0,21.666666666666668,183.33333333333334,False,13750.0,49333.474860862494,20000.0,0.0,44.12317239963204,-0.22352399043193197,52.529707891610144,52.32321616770644,1.1655961319681092,302.83719539993865,101324.59213898532,-0.40786101468256675,436.1083825906575,44.88966180709495,15106.125870306696,298.78759287599695,25.637592875996972,30.0,101325.0,227.44217614621485,29.687195399938673,12.46935050197082,54273.802616734494,10.16287061567789
1305.0,21.75,184.5,False,13837.5,47981.95852138168,20000.0,0.0,44.000573875610144,-0.2195058292647985,52.37673022473139,52.178292724000734,1.1656749497738756,302.81676231260167,101324.60667094628,-0.39332905372430105,436.1169205884834,44.762300789017196,15107.147349069428,298.78835691538853,25.638356915388556,30.0,101325.0,227.46200891941467,29.66676231260169,12.433972441393665,53813.154891941,10.237931002836692
1310.0,21.833333333333332,185.66666666666666,False,13925.0,46667.46767870675,20000.0,0.0,43.879016234682695,-0.22589835000054745,52.236824141133766,52.034250978064414,1.1657526757196515,302.7965027057804,101324.58342804463,-0.4165719553711824,436.1279031171818,44.635755132144325,15108.154677326684,298.78911742109864,25.63911742109866,30.0,101325.0,227.48290429178908,29.64650270578045,12.39882087004009,53358.045081325654,10.312355447262574
1315.0,21.916666666666668,186.83333333333334,False,14012.5,45388.98799999267,20000.0,0.0,43.75887806548644,-0.2236609909257289,52.08789236859262,51.8911897707689,1.1658298630324708,302.77647967758105,101324.59163886643,-0.40836113356635906,436.14127644467993,44.5100879778404,15109.155024900823,298.7898744278558,25.63987442785583,30.0,101325.0,227.504942433016,29.626479677581074,12.363913327177888,52908.64124478967,10.386151757211264
1320.0,22.0,188.0,False,14100.0,44145.53294057308,20000.0,0.0,43.63995358359364,-0.22482365801673768,51.94401476458187,51.74916527785496,1.1659061381172462,302.7566589305989,101324.5873822269,-0.4126177730940981,436.15700040381915,44.385361382024854,15110.143549999511,298.79062797194456,25.640627971944582,30.0,101325.0,227.52802971976382,29.60665893059894,12.32926705056246,52465.10314942895,10.459327968596138
1325.0,22.083333333333332,189.16666666666666,False,14187.5,42936.142982688616,20000.0,0.0,43.522270766100974,-0.22881581309718257,51.80458930041386,51.608240624238896,1.1659815050124391,302.7370451276835,101324.57259856063,-0.42740143937407993,436.17503036221456,44.26162885292792,15111.12030496121,298.79137808979436,25.641378089794387,30.0,101325.0,227.55214387691206,29.587045127683496,12.29489690359109,52027.556184535715,10.531892315355837
1330.0,22.166666666666668,190.33333333333334,False,14275.0,41759.88489507063,20000.0,0.0,43.40604154540358,-0.2253747972576504,51.657719485600154,51.4684830950021,1.1660562654292679,302.7176735909006,101324.5853567409,-0.4146432590932818,436.19531831728585,44.138936191089094,15112.089199963313,298.79212481795594,25.64212481795596,30.0,101325.0,227.5773189557543,29.567673590900597,12.260815608635859,51596.095266463955,10.603853184419032
1335.0,22.25,191.5,False,14362.5,40615.851012809064,20000.0,0.0,43.29103203040165,-0.2275073953552485,51.518603308322064,51.32992832559781,1.166130014701902,302.69850533840025,101324.57747253109,-0.422527468908811,436.2178268410082,44.0173288385166,15113.044990536651,298.7928681941622,25.642868194162247,30.0,101325.0,227.60345665565174,29.548505338400275,12.227035788476833,51170.81132244545,10.67521909177244
1340.0,22.333333333333332,192.66666666666666,False,14450.0,39503.15853694867,20000.0,0.0,43.17733211052041,-0.23109889023702695,51.38249330900569,51.19262577268781,1.1662028683430126,302.6795553517534,101324.5640269627,-0.4359730372962076,436.2425120605962,43.89684433328854,15113.989173725444,298.7936082559544,25.643608255954405,30.0,101325.0,227.63055681999924,29.5295553517534,12.19356787035793,50751.765248483294,10.745998658835585
1345.0,22.416666666666668,193.83333333333334,False,14537.5,38420.94885327318,20000.0,0.0,43.065100704034876,-0.22848640362799685,51.24050472726241,51.056623980908796,1.166275055555116,302.6608501173391,101324.5738282723,-0.4261717276967829,436.2693292787866,43.77751520768589,15114.924719994304,298.79434504104,25.644345041040026,30.0,101325.0,227.6586410482671,29.510850117339146,12.160420891023858,50338.99874705311,10.81620057827693
1350.0,22.5,195.0,False,14625.0,37368.386869751725,20000.0,0.0,42.954191389880634,-0.2277196785604444,51.10204797065894,50.92194972279412,1.1663463225385546,302.64236523164675,101324.57668365711,-0.4233163428871194,436.29824129516834,43.659373497198,15115.848340099668,298.7950785879254,25.64507858792541,30.0,101325.0,227.6876405641934,29.492365231646772,12.127603749221667,49932.55034205387,10.8858335984777
1355.0,22.583333333333332,196.16666666666666,False,14712.5,36344.66037213629,20000.0,0.0,42.84454608035719,-0.23220069204904084,50.971116610135674,50.78863117793201,1.1664165597032794,302.62409101339284,101324.55985990704,-0.44014009296370205,436.32920967642417,43.542446954672826,15116.7586137545,298.7958089351935,25.645808935193543,30.0,101325.0,227.7175140792668,29.474091013392865,12.095124154075785,49532.442572402644,10.95490651022385
1360.0,22.666666666666668,197.33333333333334,False,14800.0,35348.97939721288,20000.0,0.0,42.73635482170812,-0.2324054585143683,50.836646436309664,50.656707055036726,1.1664860559117414,302.60605913695133,101324.5590832886,-0.4409167114063166,436.3621911668307,43.42675748099085,15117.659284616167,298.79653612115766,25.64653612115768,30.0,101325.0,227.74829556670394,29.456059136951353,12.062988189164127,49138.67712011872,11.023428121121436
1365.0,22.75,198.5,False,14887.5,34380.57562322281,20000.0,0.0,42.62960769714675,-0.22910961474028627,50.6995652369311,50.5262013926583,1.1665547843837294,302.58826794952444,101324.57150028109,-0.42849971890973393,436.39714766384856,43.312326235368715,15118.550005613133,298.79726018461884,25.647260184618858,30.0,101325.0,227.77996006458898,29.43826794952446,12.031201732046865,48751.252646796434,11.091407239015124
1370.0,22.833333333333332,199.66666666666666,False,14975.0,33438.7017769837,20000.0,0.0,42.524153138291695,-0.23030900264301504,50.569206765467854,50.397127387939015,1.1666224955567568,302.57069218971526,101324.5670021494,-0.4329978505993495,436.4340449444303,43.19917332289018,15119.427542415568,298.797981164739,25.647981164739008,30.0,101325.0,227.81244112178246,29.420692189715282,11.999770367469496,48370.16385293949,11.158852667139943
1375.0,22.916666666666668,200.83333333333334,False,15062.5,32522.631057252736,20000.0,0.0,42.420033087591605,-0.2339281906274866,50.44317262939268,50.26950656149843,1.1666892507865372,302.5533388479319,101324.55328654392,-0.4467134560836712,436.4728451543028,43.087314404935725,15120.292690193523,298.79869910041486,25.648699100414888,30.0,101325.0,227.84573108608168,29.403338847931934,11.96869844581548,47995.39028443883,11.225773190846455
1380.0,23.0,202.0,False,15150.0,31631.656573887212,20000.0,0.0,42.31737171197756,-0.23368314142052726,50.31416024672067,50.14336243042342,1.1667552447977672,302.5362286186629,101324.55422195441,-0.44577804558502976,436.513509261548,42.97676196785791,15121.147972579063,298.7994140304241,25.64941403042411,30.0,101325.0,227.87984773361237,29.386228618662926,11.937989435516085,47626.90097037057,11.292177559773407
1385.0,23.083333333333332,203.16666666666666,False,15237.5,30765.090802369472,20000.0,0.0,42.216150987403466,-0.23050295688553138,50.18326541795268,50.018708229794,1.1668204481711564,302.51935849790055,101324.56627254585,-0.43372745414671954,436.5560020946274,42.86752799729556,15121.993008298186,298.8001259938058,25.65012599380583,30.0,101325.0,227.9147670793077,29.369358497900578,11.907646665915435,47264.66356531992,11.358074479589858
1390.0,23.166666666666668,204.33333333333334,False,15325.0,29922.265053275547,20000.0,0.0,42.11624716995118,-0.23068792713400166,50.05783731745575,49.895549272138005,1.1668846653710283,302.5027078616585,101324.5655761655,-0.4344238344929181,436.60029154354544,42.759623768192185,15122.825263208528,298.80083502977254,25.650835029772566,30.0,101325.0,227.9504342755768,29.35270786165853,11.877673268942274,46908.643720548454,11.423472609649489
1395.0,23.25,205.5,False,15412.5,29102.52895627784,20000.0,0.0,42.01765870724182,-0.23422016532935544,49.93786472793417,49.77389581230612,1.16694789752954,302.48627645120695,101324.55217072778,-0.4478292722196784,436.6463434040191,42.65305753382717,15123.644751982838,298.8015411772803,25.651541177280308,30.0,101325.0,227.98683178071235,29.33627645120697,11.848071537174215,46558.797593789546,11.488380555006668
1400.0,23.333333333333332,206.66666666666666,False,15500.0,28305.249958284003,20000.0,0.0,41.92050442568211,-0.23488656145235898,49.81611926684436,49.65376286676419,1.1670103393210307,302.470084070947,101324.54961880203,-0.4503811979666352,436.6941213729849,42.547834576729514,15124.453997600558,298.80224447499194,25.65224447499196,30.0,101325.0,228.0239787651494,29.32008407094702,11.818842937980419,46215.07227648827,11.552806853527693
1405.0,23.416666666666668,207.83333333333334,False,15587.5,27529.812835324352,20000.0,0.0,41.824792505282744,-0.23212079029873633,49.69194730865755,49.53515761371438,1.1670720110378938,302.45413208421377,101324.56016276499,-0.4398372350115096,436.74359227554277,42.44395988012947,15125.253263051105,298.8029449616733,25.652944961673313,30.0,101325.0,228.06186196478237,29.30413208421379,11.789988855591519,45877.414702544884,11.616759969485356
1410.0,23.5,209.0,False,15675.0,26775.619217811578,20000.0,0.0,41.73043614636617,-0.23010638922638912,49.570225571253246,49.418080500136924,1.167132783490305,302.43840602439434,101324.56776367051,-0.43223632949229795,436.7947257286652,42.341438094432064,15126.040874034352,298.80364267614834,25.653642676148365,30.0,101325.0,228.10044035374912,29.288406024394362,11.761510581786684,45545.77156625496,11.680248293283135
1415.0,23.583333333333332,210.16666666666666,False,15762.5,26042.087128806084,20000.0,0.0,41.63734551295477,-0.2332332814145336,49.456069669569644,49.302530463605706,1.1671925242931596,302.4228909188258,101324.555936624,-0.44406337599502876,436.8474920494021,42.24027265207412,15126.815114839348,298.80433765711706,25.654337657117082,30.0,101325.0,228.13967262827663,29.272890918825794,11.733409070020588,45220.08650718494,11.743280139167469
1420.0,23.666666666666668,211.33333333333334,False,15850.0,25328.650534930825,20000.0,0.0,41.54563743276083,-0.2351988034075574,49.342140774342845,49.1885163854744,1.1672514314774016,302.40760623879345,101324.5484205949,-0.4515794050967088,436.90185741266083,42.14046353596329,15127.578551947126,298.80502994275463,25.655029942754652,30.0,101325.0,228.1795798924789,29.25760623879347,11.705684315545358,44900.293070571504,11.805863736096466
1425.0,23.75,212.5,False,15937.5,24634.758909589113,20000.0,0.0,41.455356909541706,-0.23344394552559006,49.225458732483,49.0760418825495,1.1673095900937012,302.3925594849236,101324.5551340759,-0.44486592410248704,436.9577902051176,42.04201036214404,15128.332287614368,298.80571957118707,25.655719571187092,30.0,101325.0,228.22016232874986,29.242559484923618,11.678336211706679,44586.32477057734,11.868007220708375
1430.0,23.833333333333332,213.66666666666666,False,16025.0,23959.876808148223,20000.0,0.0,41.366453465238465,-0.2301538934970926,49.108567549856524,48.96510423938927,1.167366934536986,302.3777422442064,101324.56758518619,-0.4324148138111923,437.0152615867322,41.94491276970283,15129.075471599339,298.806406580526,25.65640658052604,30.0,101325.0,228.26139211144405,29.22774224420641,11.651364658250788,44278.11634204211,11.929718638147692
1435.0,23.916666666666668,214.83333333333334,False,16112.5,23303.483454761124,20000.0,0.0,41.27879856671552,-0.23156920343251677,48.99873319344828,48.85569550898284,1.1674232762416652,302.36313309445256,101324.56225064507,-0.4377493549254723,437.0742451094991,41.8491703080189,15129.80566009198,298.8070910088226,25.657091008822647,30.0,101325.0,228.3032186050201,29.213133094452587,11.62476953000525,43975.60337268919,11.991005943505145
1440.0,24.0,216.0,False,16200.0,22665.07234050742,20000.0,0.0,41.19244657649551,-0.23447852803606603,48.892212532646916,48.74781668073249,1.167478718822792,302.34874109608256,101324.55118220318,-0.44881779681600165,437.1347106429387,41.75477967588699,15130.524195943384,298.8077728935882,25.65777289358823,30.0,101325.0,228.3456463711521,29.198741096082585,11.598549909968606,43678.713634731306,12.05187699698252
1445.0,24.083333333333332,217.16666666666666,False,16287.5,22044.150832543433,20000.0,0.0,41.10748910207758,-0.2338095023244624,48.7830939704562,48.64146970195895,1.1675334261501207,302.3345815170129,101324.55373972753,-0.44626027246704325,437.1966277043977,41.66173628309007,15131.233202905563,298.8084522720282,25.658452272028228,30.0,101325.0,228.38869157882996,29.18458151701293,11.572704523080576,43387.37215218018,12.112339556556764
1450.0,24.166666666666668,218.33333333333334,False,16375.0,21440.239793959816,20000.0,0.0,41.023904619186624,-0.2301966627593723,48.67211155320715,48.536649548563894,1.1675873830551406,302.3206507698644,101324.56742446085,-0.4325755391473649,437.2599689678957,41.570036001555266,15131.932484394623,298.8091291813079,25.659129181307947,30.0,101325.0,228.4323370303221,29.170650769864437,11.54723222265424,43101.506719340185,12.17240127799532
1455.0,24.25,219.5,False,16462.5,20852.873214053416,20000.0,0.0,40.94155836351047,-0.23008088142634414,48.56676082591053,48.43334437539445,1.1676403951508825,302.3069263939184,101324.5678594939,-0.4321405061054975,437.32471030198593,41.47967522923519,15132.619521155437,298.8098036585424,25.659803658542444,30.0,101325.0,228.47653212128617,29.15692639391841,11.522132008120886,42821.048047647004,12.232069718805727
1460.0,24.333333333333332,220.66666666666666,False,16550.0,20281.59784872793,20000.0,0.0,40.86044239738749,-0.23339043559100817,48.46695175330664,48.33154845324468,1.1676924706888985,302.2934070662312,101324.55533799653,-0.444662003472331,437.39082511994474,41.39064836543026,15133.294420128124,298.8104757403621,25.66047574036213,30.0,101325.0,228.5212645934741,29.143407066231248,11.497402323730627,42545.921926855146,12.291352336843577
1465.0,24.416666666666668,221.83333333333334,False,16637.5,19725.97287074608,20000.0,0.0,40.78068358655139,-0.23312381580099129,48.3645227887223,48.23126244016338,1.1677438330853362,302.2801139310919,101324.55635335924,-0.44364664076420013,437.4582841251036,41.30294767879861,15133.960076785957,298.81114546287444,25.661145462874458,30.0,101325.0,228.5665628826525,29.1301139310919,11.473041021888502,42276.04893319152,12.350256483274164
1470.0,24.5,223.0,False,16725.0,19185.56952956327,20000.0,20.0,40.70223592390926,-0.2316005205387317,71.55012830553537,71.48836348632845,1.167794410639863,302.2670393206515,101324.5621322358,-0.43786776419437956,437.5270323208341,41.21656589121559,15134.615561892624,298.8118128620699,25.66181286206995,30.0,101325.0,228.6123842442515,29.117039320651543,11.449046080893218,42011.35244585691,12.408789400898504
1475.0,24.583333333333332,224.16666666666669,False,16812.5,18659.97082048023,20000.0,20.0,40.665132927753575,-0.22694199271295717,71.44931353378243,71.3941677425571,1.1678185030537398,302.2608554879589,101324.57957005668,-0.4204299433185952,437.464529986001,41.13464340209357,15134.927799576468,298.81247852765506,25.662478527655082,30.0,101325.0,228.5844418893631,29.11085548795893,11.42628983391488,41761.34337942709,12.466964884110507
1480.0,24.666666666666668,225.33333333333331,False,16900.0,18148.77116285949,20000.0,20.0,40.62850001779532,-0.23367623988661165,71.36985283134175,71.30803180577355,1.1678418008994926,302.25475000296586,101324.554248285,-0.4457517150003696,437.4048487523813,41.0596672861434,15135.229739657423,298.8131430496444,25.663143049644418,30.0,101325.0,228.55781679765371,29.104750002965886,11.405463135039833,41533.4041435243,12.524808458779223
1485.0,24.75,226.5,False,16987.5,17651.576087157217,20000.0,20.0,40.59240186209752,-0.23433842440512528,71.29023329075991,71.22881949033997,1.167865018010604,302.2487336436829,101324.55171839059,-0.44828160940960515,437.3488336140874,40.99062682061877,15135.530633417427,298.81380643828953,25.663806438289555,30.0,101325.0,228.53309035171176,29.09873364368292,11.38628522794966,41324.24511714326,12.58234849298802
1490.0,24.833333333333332,227.66666666666669,False,17075.0,17168.001930528986,20000.0,20.0,40.55681636458655,-0.2311822256548952,71.2120961921795,71.15554043979061,1.167888073294362,302.24280272743107,101324.56371247789,-0.4362875221122522,437.29636092891957,40.92667787853684,15135.82942989493,298.81446870597995,25.66446870597997,30.0,101325.0,228.5101821956657,29.092802727431092,11.3685216329269,41131.138447015066,12.639609176018686
1495.0,24.916666666666668,228.83333333333331,False,17162.5,16697.675540774602,20000.0,20.0,40.52162894976914,-0.23096116428194213,71.14247694948251,71.0873506356881,1.1679107444666028,302.23693815829483,101324.56454645382,-0.43545354617526755,437.24731776526806,40.8671090427843,15136.123248287173,298.81512986561313,25.665129865613153,30.0,101325.0,228.4889899492523,29.086938158294856,11.35197473410675,40951.80044202405,12.696611216913851
1500.0,25.0,230.0,True,17250.0,266240.2339883935,20000.0,20.0,40.486293782814755,-0.24155316929957749,71.08984751296407,71.02354719688653,1.1679330311328437,302.23104896380244,101324.52369033797,-0.47630966202996206,437.2015954093294,40.81131820374735,15136.412083481655,298.8157899301092,25.665789930109213,30.0,101325.0,228.46945685412948,29.08104896380246,11.336477278818709,40784.3099310962,12.753372404672962
1505.0,25.083333333333332,231.16666666666669,True,17337.5,265795.32428652863,20000.0,20.0,40.9443283824296,0.4607460059490156,70.79340090173011,71.52993160755523,1.167663561985995,302.30738806373824,101326.73295413876,1.7329541387589416,437.1605014758463,40.7982792272227,15132.919763338496,298.81645586771475,25.666455867714774,30.0,101325.0,228.39527407146514,29.157388063738267,11.332855340895193,40745.23137650431,12.809990141692131
1510.0,25.166666666666668,232.33333333333331,True,17425.0,265362.60311858234,20000.0,20.0,41.3765478113321,0.45095155125195346,70.85945861264729,71.5676326554409,1.1673845468928348,302.379424635222,101326.6600596047,1.6600596047064755,437.12202512693335,40.85501043524912,15129.303727731138,298.8171339499393,25.66713394993934,30.0,101325.0,228.3206014191615,29.229424635222017,11.34861400979142,40915.44016786953,12.866698941375724
1515.0,25.25,233.5,True,17512.5,264941.73657329474,20000.0,20.0,41.79300610701932,0.44417038867070796,70.99117259933624,71.67528046915484,1.1671160702408594,302.44883435116986,101326.61050885038,1.6105088503827574,437.0856752550437,40.96812809365858,15125.824270321536,298.81782368856165,25.66782368856167,30.0,101325.0,228.24910979322144,29.298834351169887,11.380035581571828,41256.23693376542,12.923762606029637
1520.0,25.333333333333332,234.66666666666669,True,17600.0,264532.39988707955,20000.0,20.0,42.194157327460175,0.43568198221359744,71.17569135006822,71.83440021897565,1.1668574255868907,302.51569288791,101326.5495411398,1.5495411398005672,437.05107709484975,41.12659515961059,15122.472235606103,298.8185246504184,25.66852465041842,30.0,101325.0,228.18046410549928,29.36569288791003,11.424054211002941,41736.83559474499,12.981396684174436
1525.0,25.416666666666668,235.83333333333331,True,17687.5,264134.2771934187,20000.0,20.0,42.58058146111921,0.42551579950557966,71.40223944866982,72.03417780113108,1.1666082377058802,302.5800969101865,101326.47807098473,1.4780709847254911,437.0179316402323,41.32115756771266,15119.242760668207,298.8192364184415,25.66923641844153,30.0,101325.0,228.1144338459177,29.430096910186535,11.478099324364628,42331.99033644808,13.039777813293322
1530.0,25.5,237.0,True,17775.0,263747.06127912254,20000.0,0.0,42.952720548348225,0.41855899770713006,48.37382857083321,48.94388526039782,1.1663686023683275,302.64212009139135,101326.43013579234,1.43013579233957,436.9874699783964,41.544063419440064,15116.137086693525,298.8199585904704,25.6699585904704,30.0,101325.0,228.051679303468,29.49212009139137,11.540017616511129,43020.768891161366,13.09905056275694
1535.0,25.583333333333332,238.16666666666669,True,17862.5,263370.45334726735,20000.0,0.0,43.28982705280862,0.41264248155981265,48.65675830076349,49.21123756148523,1.1661516484090075,302.6983045088014,101326.38999034766,1.3899903476558393,437.0858560872453,41.78704709451257,15113.325363380736,298.8206904645819,25.670690464581924,30.0,101325.0,228.06059529291517,29.548304508801436,11.60751308180905,43780.05452004386,13.159328912348053
1540.0,25.666666666666668,239.33333333333331,True,17950.0,263004.1627866275,20000.0,0.0,43.6169703629306,0.4068084485216796,48.955579355062,49.49477089385722,1.1659411827473807,302.75282839382174,101326.3509641942,1.350964194192784,437.18325824657234,42.04367844244616,15110.597728406054,298.8214314233986,25.671431423398644,30.0,101325.0,228.07024805483178,29.602828393821767,11.678799567346154,44591.632070611944,13.220698139147121
1545.0,25.75,240.5,True,18037.5,262647.9069474237,20000.0,0.0,43.93437117604526,0.3980953419478208,49.26611187913133,49.786828561733586,1.165736834263059,302.80572852934085,101326.29371347984,1.2937134798412444,437.2792054494242,42.310367750588156,15107.949372049243,298.82218119469866,25.67218119469868,30.0,101325.0,228.08032043209852,29.655728529340877,11.752879930718931,45445.580027386255,13.283223980881843
1550.0,25.833333333333332,241.66666666666669,True,18125.0,262301.41092321527,20000.0,0.0,44.24249384973564,0.3932477623562792,49.584852318758976,50.0917737562639,1.165538806585937,302.85708230828925,101326.26239838856,1.2623983885569032,437.37364460920105,42.584106121716694,15105.382933353743,298.82293951174495,25.67293951174497,30.0,101325.0,228.09082577639896,29.707082308289273,11.828918367143526,46333.36653394116,13.346959360438321
1555.0,25.916666666666668,242.83333333333331,True,18212.5,261964.40733876714,20000.0,0.0,44.54134248761659,0.3855305165053007,49.908885696085726,50.39881678955326,1.1653465884537089,302.90689041460274,101326.21333697271,1.2133369727089303,437.46654134698133,42.862390135519036,15102.891786360067,298.82370611569354,25.673706115693562,30.0,101325.0,228.1016472911173,29.756890414602765,11.90621948208862,47247.67096867673,13.411946192037359
1560.0,26.0,244.0,True,18300.0,261636.6361437286,20000.0,0.0,44.831264543247244,0.3787557018978682,50.235777851895975,50.709969697781005,1.1651602335209366,302.95521075720785,101326.1710684222,1.1710684222052805,437.55787707388,43.14312930489061,15100.476626431338,298.82448075293195,25.67448075293197,30.0,101325.0,228.1127869120545,29.805210757207874,11.984202584691836,48182.1503280638,13.478216901271207
1565.0,26.083333333333332,245.16666666666669,True,18387.5,261317.84441196435,20000.0,0.0,45.11253374603939,0.3748238482124439,50.56350789483329,51.02542533687351,1.1649796906164536,303.0020889576732,101326.14688095664,1.1468809566431446,437.6476464957254,43.42458806245632,15098.136790389237,298.8252631760908,25.675263176090823,30.0,101325.0,228.12423296867877,29.85208895767323,12.062385572904534,49131.31320180391,13.54579569538917
1570.0,26.166666666666668,246.33333333333331,True,18475.0,261007.78614638277,20000.0,0.0,45.38518010435541,0.36801605657248,50.890408811513524,51.33683871693542,1.164804530872038,303.04753001739255,101326.10559851343,1.105598513429868,437.7358554653734,43.70533475577522,15095.866720101614,298.8260531445782,25.676053144578248,30.0,101325.0,228.1359055941247,29.89753001739257,12.140370765493115,50090.41195228623,13.614699671190621
1575.0,26.25,247.5,True,18562.5,260706.22208911122,20000.0,0.0,45.649498846444885,0.36109168529197466,51.215100850166,51.646049906185304,1.164634757589669,303.0915831410741,101326.06438534847,1.0643853484652936,437.8225191566281,43.984184436358476,15093.66645836211,298.8268504227182,25.676850422718246,30.0,101325.0,228.14781434652616,29.941583141074148,12.217829010099576,51055.30573190705,13.684939752915756
1580.0,26.333333333333332,248.66666666666669,True,18650.0,260412.91953687152,20000.0,0.0,45.90579993854851,0.3576068084434649,51.5364526720833,51.956075408290324,1.164470405508636,303.13429998975806,101326.0439398322,1.0439398322050693,437.90766049151915,44.260165496036976,15091.536455391923,298.82765478061276,25.677654780612784,30.0,101325.0,228.15997895416396,29.984299989758085,12.294490415565827,52022.39602429802,13.756521490246454
1585.0,26.416666666666668,249.83333333333331,True,18737.5,260127.6521614135,20000.0,0.0,46.154158105744045,0.3534449375711736,51.85354678617729,52.26119410275273,1.1643111410451445,303.175693017624,101326.01978223588,1.0197822358750273,437.99130878783785,44.53248998171547,15089.472387945072,298.8284659946321,25.67846599463212,30.0,101325.0,228.17235027253403,30.025693017624008,12.370136106032076,52988.5684893764,13.82944577115873
1590.0,26.5,251.0,True,18825.0,259850.19983486785,20000.0,0.0,46.394764582760104,0.3483564044110685,52.16564018926942,52.56037227231184,1.1641568229247976,303.21579409712666,101325.9906300775,0.990630077503738,438.07349860547265,44.80051979274982,15087.472425105376,298.82928384638825,25.679283846388273,30.0,101325.0,228.18491950269657,30.065794097126684,12.444588831319395,53951.11306250082,13.903709438903087
1595.0,26.583333333333332,252.16666666666669,True,18912.5,259580.3484598832,20000.0,0.0,46.62781417862925,0.3422823786994305,52.47213874572086,52.85294793240493,1.1640073214638766,303.2546356964382,101325.95638552464,0.9563855246378807,438.15426875466363,45.06374467784529,15085.534886171841,298.83010812294515,25.68010812294517,30.0,101325.0,228.19768228162042,30.10463569643821,12.517706854957025,54907.678640257785,13.979305822030003
1600.0,26.666666666666668,253.33333333333331,True,19000.0,259317.8898044171,20000.0,0.0,46.8535621209586,0.3373778622979919,52.77257304770044,53.1409650665781,1.1638626089902064,303.2922603534931,101325.92917405689,0.9291740568878595,438.23366144603045,45.321761503545545,15083.659412513074,298.8309386166318,25.680938616631806,30.0,101325.0,228.2106559716655,30.1422603534931,12.589378195429317,55856.22663537266,14.056225200693635
1605.0,26.75,254.5,True,19087.5,259062.62134105284,20000.0,0.0,47.0721571375542,0.332201966792602,53.06658171332226,53.422382292978035,1.1637224937051929,303.328692856259,101325.90088283054,0.9008828305377392,438.3117215582029,45.57425991045937,15081.843518419299,298.8317751254063,25.68177512540632,30.0,101325.0,228.22382710389667,30.178692856259033,12.65951664179427,56795.0027293959,14.134455221085837
1610.0,26.833333333333332,255.66666666666669,True,19175.0,258814.34609071817,20000.0,0.0,47.28382781454536,0.32821630992541245,53.353891268434175,53.69863017365074,1.163586916705226,303.3639713024242,101325.87939547838,0.8793954783759546,438.38849601451966,45.821005035482976,15080.086440499728,298.83261745230664,25.68261745230666,30.0,101325.0,228.2372092863031,30.213971302424227,12.728056954300826,57722.49338377286,14.213981260053314
1615.0,26.916666666666668,256.8333333333333,True,19262.5,258572.87247068548,20000.0,0.0,47.48872822390058,0.3243093539641773,53.63430468089447,53.96821579512691,1.1634557060268012,303.3981213706501,101325.85858413934,0.858584139336017,438.4640332452393,46.06182766488999,15078.385950107342,298.8334654057624,25.683465405762433,30.0,101325.0,228.25079469544195,30.248121370650097,12.794952129136108,58637.405868100745,14.294786745644892
1620.0,27.0,258.0,True,19350.0,258338.01414673618,20000.0,0.0,47.68706209490392,0.32125031530321135,53.907687301666634,54.231900830312,1.1633287746433991,303.4311770158173,101325.84246338843,0.8424633884278592,438.53838273025286,46.29661216036363,15076.740919378452,298.83431879923256,25.684318799232585,30.0,101325.0,228.26459267076532,30.28117701581732,12.860170044545454,59538.63669619781,14.3768534418701
1625.0,27.083333333333332,259.1666666666667,True,19437.5,258109.58988937506,20000.0,0.0,47.87898181157141,0.3180124118964381,54.17395832248681,54.48840751594342,1.163205959675222,303.4631636352619,101325.82556648261,0.8255664826137945,438.6115946055392,46.525289122732126,15075.149237390877,298.8351774513624,25.68517745136245,30.0,101325.0,228.2785979702709,30.3131636352619,12.923691422981145,60425.2550693089,14.460161700040592
1630.0,27.166666666666668,260.3333333333333,True,19525.0,257887.42343398367,20000.0,0.0,48.0646544373767,0.3141821063849508,54.43308117429803,54.7372171687763,1.1630871277765917,303.4941090728961,101325.8057991508,0.8057991507957922,438.68371932944456,46.747827146021066,15073.609175984628,298.83604118577057,25.68604118577059,30.0,101325.0,228.2928112714354,30.344109072896117,12.985507540561407,61296.48048757697,14.544690683066207
1635.0,27.25,261.5,True,19612.5,257671.34334480492,20000.0,0.0,48.24422930050082,0.30874487433861264,54.685056609405294,54.97714834715425,1.1629721236297934,303.5240382167501,101325.7781501831,0.7781501831050264,438.754807397158,46.96422687631963,15072.118722242123,298.83690983102866,25.686909831028686,30.0,101325.0,228.30722891761292,30.374038216750137,13.045618576755453,62151.66714215999,14.630418563364637
1640.0,27.333333333333332,262.6666666666667,True,19700.0,257461.18288265396,20000.0,0.0,48.41792691878527,0.3035103138696602,54.929915088772255,55.21033918886976,1.162860911667487,303.5529878197975,101325.75198784184,0.7519878418388544,438.82490909837287,47.17451447389345,15070.677415210632,298.83778322038376,25.68778322038378,30.0,101325.0,228.32187061648827,30.402987819797545,13.104031798303739,62990.28415854493,14.717322696212348
1645.0,27.416666666666668,263.8333333333333,True,19787.5,257256.7798762531,20000.0,0.0,48.586023872027795,0.30273009472432894,55.167711680466816,55.44179549989466,1.1627535520269523,303.5810039786713,101325.7481266143,0.7481266143004177,438.89407431055344,47.37873723190443,15069.286034269302,298.8386611917014,25.688661191701442,30.0,101325.0,228.33677463064558,30.4310039786713,13.160760342195674,63811.902761533485,14.805379770462403
1650.0,27.5,265.0,True,19875.0,257057.9765970916,20000.0,0.0,48.748531844510694,0.3003689136931853,55.39852733163785,55.66456705832805,1.162649690221715,303.60808864075176,101325.73650191276,0.736501912761014,438.9623523258855,47.57696466880056,15067.939985273426,298.83954358819125,25.68954358819127,30.0,101325.0,228.35189747147925,30.458088640751782,13.215823519111266,64616.204499110005,14.894565956060074
1655.0,27.583333333333332,266.1666666666667,True,19962.5,256864.61963771368,20000.0,0.0,48.90555302808502,0.29392184352291334,55.62245874617944,55.87583294772537,1.1625491227428764,303.63425883801415,101325.70522489877,0.7052248987747589,439.0297917079424,47.769279835124394,15066.636630747676,298.84043025743165,25.69043025743167,30.0,101325.0,228.36722486764836,30.48425883801417,13.269244398645665,65402.94919028194,14.984857035011041
1660.0,27.666666666666668,267.3333333333333,True,20050.0,256676.55979334115,20000.0,0.0,49.05749551804615,0.2933365695397327,55.83961155281487,56.08728116914565,1.1624521395498637,303.659582586341,101325.70241912677,0.7024191267701099,439.09644016836245,47.95577344617612,15065.379728566235,298.84132105077686,25.691321050776878,30.0,101325.0,228.38283901364548,30.509582586341025,13.321048179493365,66171.9525814463,15.07622849457474
1665.0,27.75,268.5,True,20137.5,256493.6519467386,20000.0,0.0,49.204310234775676,0.29031523812990756,56.0501105393971,56.28937237520423,1.1623583106883415,303.6840517057959,101325.68802397951,0.6880239795136731,439.16234446384124,48.1365526713618,15064.163706520905,298.8422158250955,25.692215825095502,30.0,101325.0,228.39868016595187,30.534051705795946,13.371264630933831,66923.12383542975,15.16865563097535
1670.0,27.833333333333332,269.6666666666667,True,20225.0,256315.75495623326,20000.0,0.0,49.34617350366534,0.2857129359698049,56.25408587534319,56.483231193182746,1.162267571959443,303.7076955839442,101325.66638270841,0.6663827084121294,439.22755031936134,48.31172930184366,15062.987732594383,298.8431144410693,25.693114441069326,30.0,101325.0,228.41475985934923,30.557695583944223,13.419924806067684,67656.41786963152,15.262113646048308
1675.0,27.916666666666668,270.8333333333333,True,20312.5,256142.7315468022,20000.0,0.0,49.48338192691983,0.2855913521167287,56.45167271800211,56.6760473783429,1.1621800575786683,303.7305636544866,101325.66581567677,0.6658156767662149,439.2921023552799,48.48141941248374,15061.853546219541,298.84401676332726,25.694016763327284,30.0,101325.0,228.43112803247035,30.58056365448664,13.467060947912149,68371.83399887563,15.356577709845881
1680.0,28.0,272.0,True,20400.0,255974.44820414367,20000.0,0.0,49.61584446273491,0.28000151815205276,56.643018191881715,56.856384797219555,1.1620952930047654,303.75264074378913,101325.64000694014,0.6400069401424844,439.3560440379717,48.64574935569337,15060.75499734176,298.84492266157315,25.694922661573173,30.0,101325.0,228.44771435575066,30.602640743789152,13.512708154359268,69069.44142011469,15.45202303999796
1685.0,28.083333333333332,273.1666666666667,True,20487.5,255810.77507164987,20000.0,0.0,49.743972727841424,0.2801921912151753,56.82826508368295,57.03747749712673,1.162013610004537,303.7739954546402,101325.64087888994,0.6408788899425417,439.41941763684747,48.804841758519736,15059.696385658799,298.84583200839955,25.695832008399577,30.0,101325.0,228.4646063405026,30.623995454640237,13.556900488477705,69749.31990260496,15.54842495758318
1690.0,28.166666666666668,274.3333333333333,True,20575.0,255651.58585020274,20000.0,0.0,49.867672126158936,0.2761913140719979,57.007567321134765,57.20787062983358,1.1619345433112431,303.79461202102647,101325.62270728138,0.6227072813780978,439.4822641941569,48.958828816067566,15058.67168131371,298.84674468154543,25.696744681545454,30.0,101325.0,228.48173415892802,30.64461202102649,13.59967467112988,70411.61584026336,15.645758940737949
1695.0,28.25,275.5,True,20662.5,255496.75770071457,20000.0,0.0,49.987213216187,0.2736509806633928,57.1810745530735,57.374289877038535,1.1618582153546375,303.81453553603114,101325.61130497321,0.6113049732084619,439.54462350106115,49.1078390486738,15057.682470996102,298.8476605617783,25.69766056177832,30.0,101325.0,228.49914285116313,30.664535536031167,13.64106640240939,71056.48525378041,15.744000677608813
1700.0,28.333333333333332,276.6666666666667,True,20750.0,255346.17114933877,20000.0,0.0,50.102755421451775,0.2737063613755819,57.34893934141215,57.53820597739694,1.1617845794329869,303.83379257024194,101325.61155242659,0.6115524265915155,439.60653408699875,49.252003478462946,15056.72814945151,298.8485795339349,25.698579533934947,30.0,101325.0,228.51684353881654,30.683792570241962,13.681112077350818,71684.11944285207,15.843126097537029
1705.0,28.416666666666668,277.8333333333333,True,20837.5,255199.70999527714,20000.0,0.0,50.214233223909446,0.2677668597942996,57.511317714232945,57.689776750566544,1.1617132388926141,303.8523722039849,101325.5852987037,0.5852987037069397,439.66803320630504,49.39145610434999,15055.80357604828,298.84950148701336,25.69950148701338,30.0,101325.0,228.5347778237886,30.702372203984908,13.719848917874998,72294.74656448232,15.943111421153233
1710.0,28.5,279.0,True,20925.0,255057.26122111318,20000.0,20.0,50.322009680304745,0.2679309235930167,80.95632085843138,81.07611875814412,1.161644574550554,303.87033494671743,101325.58601616177,0.5860161617747508,439.7289743056592,49.526325025575325,15054.91368617518,298.8504263127123,25.700426312712295,30.0,101325.0,228.55294468817902,30.720334946717458,13.757312507104258,72888.5919669159,16.04393318402226
1715.0,28.583333333333332,280.1666666666667,True,21012.5,254918.71490560155,20000.0,20.0,50.393156655628104,0.26746472448531355,81.10515113298673,81.22088443812302,1.1615992224977532,303.882192775938,101325.58397860281,0.5839786028082017,439.63983126512966,49.65414237118416,15054.325923570881,298.85135344944337,25.70135344944339,30.0,101325.0,228.49769063734996,30.732192775938017,13.792817325328933,73454.38142290078,16.1455602488763
1720.0,28.666666666666668,281.3333333333333,True,21100.0,254783.964138847,20000.0,20.0,50.46108107850807,0.2664466569022767,81.24353295263688,81.35471671378417,1.1615558993702724,303.89351351308466,101325.57954139571,0.5795413957093842,439.5530854723365,49.77298644992448,15053.76445583873,298.85228234017814,25.702282340178158,30.0,101325.0,228.4440851275911,30.74351351308468,13.825829569423469,73983.07016882612,16.24794736803722
1725.0,28.75,282.5,True,21187.5,254652.90493980664,20000.0,20.0,50.526041394785466,0.2618155739181539,81.37254626623854,81.47511710697374,1.161514289525554,303.9043402324642,101325.55957056936,0.5595705693558557,439.46960055960733,49.88378473570356,15053.225192251179,298.85321290309645,25.70321290309647,30.0,101325.0,228.3925145475413,30.754340232464244,13.856606871028765,74478.24590779384,16.35104550420154
1730.0,28.833333333333332,283.6666666666667,True,21275.0,254525.43617605272,20000.0,20.0,50.58831582914411,0.26031450464303135,81.49312343423156,81.5908604551661,1.1614745490033471,303.91471930485733,101325.55317258227,0.5531725822656881,439.38935390669303,49.98733795160633,15052.71015508338,298.8541450592289,25.70414505922895,30.0,101325.0,228.3429974447545,30.76471930485735,13.88537165322398,74943.03521048267,16.4548102827559
1735.0,28.916666666666668,284.8333333333333,True,21362.5,254401.45948573315,20000.0,20.0,50.648020534690204,0.26171155839910726,81.6060784085872,81.70248416195186,1.1614365894572678,303.924670089115,101325.55912603918,0.5591260391811375,439.3123168293284,50.084345130008586,15052.21819936619,298.8550787334971,25.705078733497146,30.0,101325.0,228.2955011732749,30.774670089115034,13.912318091669052,75380.19371414857,16.55920141395356
1740.0,29.0,286.0,False,21450.0,124280.8792016703,20000.0,20.0,50.70556315373449,0.2655538604561099,81.71212463902823,81.81015507487534,1.1614001306850137,303.9342605256224,101325.57566410452,0.5756641045154538,439.2384555993105,50.17541899066826,15051.745693677776,298.8560138545896,25.706013854589628,30.0,101325.0,228.24995279040363,30.784260525622415,13.937616386296739,75792.15816079022,16.664182213866713
1745.0,29.083333333333332,287.1666666666667,False,21537.5,120876.13953150058,20000.0,20.0,50.50248352618223,-0.0939486741280739,81.89745497126866,81.58604602183824,1.161522055474664,303.90041392103035,101324.92794813575,-0.0720518642483512,439.1670373589959,50.24063437908421,15053.325838951645,298.85694675123483,25.706946751234852,30.0,101325.0,228.23679833358705,30.750413921030372,13.955731771967837,76088.07450762115,16.76965459766422
1750.0,29.166666666666668,288.33333333333337,False,21625.000000000004,117564.67448487789,20000.0,20.0,50.30294995573058,-0.07926709438281582,81.90878969155825,81.6233544283454,1.1616494118784269,303.8671583259551,101324.94870798162,-0.051292018382810056,439.09894785041894,50.26505036175901,15054.976377944413,298.8578739019801,25.707873901980122,30.0,101325.0,228.22643335686627,30.717158325955097,13.962513989377502,76199.06045254192,16.87540955249767
1755.0,29.25,289.5,False,21712.5,114343.92875471838,20000.0,20.0,50.10487588792921,-0.11026460308333874,81.93341875944978,81.62074582619223,1.161775078117308,303.8341459813215,101324.90074871271,-0.09925128729082644,439.03442670249376,50.25520461194706,15056.605012400312,298.8587953575843,25.708795357584336,30.0,101325.0,228.2175835038275,30.684145981321535,13.959779058874181,76154.2923720111,16.981210491959164
1760.0,29.333333333333332,290.66666666666663,False,21799.999999999996,111211.41703791186,20000.0,20.0,49.90904594125527,-0.10608361008856955,81.88365429568628,81.58472073882601,1.1618999758383939,303.80150765687586,101324.90813279731,-0.0918672026891727,438.9735905924373,50.216647246211366,15058.223686865584,298.8597111715525,25.7097111715525,30.0,101325.0,228.2104912021141,30.65150765687588,13.949068679503158,75979.14295172422,17.08685871093398
1765.0,29.416666666666668,291.83333333333337,False,21887.500000000004,108164.72211752641,20000.0,20.0,49.715062717205456,-0.1270423927012579,81.83521983500655,81.5206815205195,1.1620231808964108,303.7691771195342,101324.86824677924,-0.13175322076131124,438.91654384754014,50.15409232854772,15059.820424417485,298.8606214003546,25.710621400354626,30.0,101325.0,228.2050298858602,30.619177119534243,13.931692313485478,75695.55467388143,17.192188362062872
1770.0,29.5,293.0,False,21975.0,105201.49299755192,20000.0,0.0,49.52362495867021,-0.12046257207451579,58.44348887424134,58.19042616846266,1.1621453989081687,303.737270826445,101324.88154096922,-0.1184590307821054,438.8637644184964,50.07155406124944,15061.404369849866,298.86152610469696,25.711526104696986,30.0,101325.0,228.20158739389004,30.587270826445035,13.908765017013733,75322.45429396715,17.297061979401654
1775.0,29.583333333333332,294.16666666666663,False,22062.499999999996,102319.44308874315,20000.0,0.0,49.36018192394101,-0.13565887877332736,58.34821912610349,58.08287133425444,1.162249270166639,303.7100303206568,101324.84976872335,-0.15023127665335778,438.95841613162986,49.974538874889326,15062.75054135964,298.86242571675,25.712425716750033,30.0,101325.0,228.27120545416835,30.560030320656836,13.881816354135923,74885.48327129883,17.401373047155314
1780.0,29.666666666666668,295.33333333333337,False,22150.000000000004,99516.34844416301,20000.0,0.0,49.19698650513408,-0.13821702242608983,58.22638587562377,57.96347745986282,1.1623533009682077,303.682831084189,101324.84404942622,-0.15595057378232013,439.0539819422924,49.867348775609685,15064.09878054797,298.8633206246887,25.71332062468872,30.0,101325.0,228.34133905416215,30.532831084189013,13.852041326558245,74404.65176099727,17.50504675203885
1785.0,29.75,296.5,False,22237.5,96790.0460430635,20000.0,0.0,49.03401931322867,-0.1400918351779523,58.0937592273995,57.834074734395934,1.1624572215384312,303.6556698855381,101324.83979002218,-0.16020997782470658,439.15030812148086,49.7515724990349,15065.44559113807,298.86421083411255,25.714210834112578,30.0,101325.0,228.41185537595769,30.50566988553811,13.819881249731916,73887.62150654402,17.608027497363533
1790.0,29.833333333333332,297.66666666666663,False,22324.999999999996,94138.43212178106,20000.0,0.0,48.87126875832314,-0.15320228368756567,57.96581218423308,57.696236668145254,1.1625607111741978,303.62854479305383,101324.80840049202,-0.19159950797620695,439.24745123739956,49.62857949144994,15066.786816817605,298.86509635507514,25.71509635507516,30.0,101325.0,228.48272090730896,30.478544793053857,13.785716525402762,73340.99275581287,17.710269590601282
1795.0,29.916666666666668,298.83333333333337,False,22412.500000000004,91559.46055035772,20000.0,0.0,48.709401047269694,-0.1331282237539314,57.792175424130185,57.55135140685449,1.162664554399857,303.6015668412116,101324.85532143706,-0.14467856293777004,439.34544027089385,49.4995320783313,15068.132625022146,298.8659771981974,25.715977198197436,30.0,101325.0,228.55410500188415,30.451566841211616,13.749870021758694,72770.36127438472,17.811735808677806
1800.0,30.0,300.0,False,22500.0,89051.1412536356,20000.0,0.0,48.54771668291505,-0.14791316217847653,57.65325665871341,57.400525142388744,1.1627673713381657,303.5746194471525,101324.82140160371,-0.17859839629090857,439.44433329583484,49.365441925266275,15069.465132542628,298.8668533793958,25.716853379395843,30.0,101325.0,228.6257667233447,30.42461944715251,13.71262275701841,72180.5751110205,17.912396181167672
1805.0,30.083333333333332,299.3333333333333,False,22450.0,86611.53867560634,20000.0,0.0,48.38659113263566,-0.16177649704180339,57.50841522785694,57.244810813405294,1.1628698367922976,303.5477651887726,101324.78635400004,-0.21364599996013567,439.5427131901048,49.227186914841184,15070.793084828178,298.86772491821057,25.717724918210592,30.0,101325.0,228.69710143316968,30.39776518877261,13.674218587455885,71575.81578963652,18.012227008182016
1810.0,30.166666666666668,298.6666666666667,False,22400.0,84238.77028583048,20000.0,0.0,48.22622561171693,-0.15831156965976007,57.339373442340815,57.085051631484724,1.1629723412030988,303.5210376019528,101324.7954077299,-0.20459227010724135,439.6392001436133,49.08547659218623,15072.121541992161,298.86859182813976,25.71859182813978,30.0,101325.0,228.76746782997384,30.37103760195282,13.634854608940621,70959.45752187536,18.111209836870568
1815.0,30.25,298.0,False,22350.0,81931.00512677434,20000.0,0.0,48.066388559480515,-0.1625019200483874,57.17594661248327,56.92194142428329,1.163074296236077,303.49439809324673,101324.78443368147,-0.21556631852581631,439.7338744048806,48.940933187581564,15073.442879219556,298.8694541267529,25.719454126752908,30.0,101325.0,228.8367916637853,30.344398093246753,13.594703663217102,70334.43264639414,18.209330593931867
1820.0,30.333333333333332,297.3333333333333,False,22300.0,79686.46240094322,20000.0,0.0,47.907240985740714,-0.16872912444363217,57.0122259650446,56.75611511093873,1.1631757613980782,303.46787349762343,101324.76759577604,-0.23240422396338545,439.82679925142577,48.79410059466917,15074.757867719094,298.8703118345245,25.720311834524523,30.0,101325.0,228.90511725964734,30.317873497623452,13.553916831852547,69703.27791327494,18.306579004042746
1825.0,30.416666666666668,296.6666666666667,False,22250.0,77503.41009672094,20000.0,0.0,47.74885850672172,-0.1772949947663275,56.84910435172954,56.58810991492773,1.163276670977786,303.44147641778693,101324.74339987617,-0.25660012383013964,439.9180350200117,48.64544379400551,15076.065655872106,298.871164972812,25.721164972812005,30.0,101325.0,228.97246278858566,30.291476417786953,13.512623276112642,69068.13987725772,18.402948044175062
1830.0,30.5,296.0,False,22200.0,75380.16365185518,20000.0,0.0,47.59141834978118,-0.18129483078263842,56.6790203299453,56.418409033956436,1.1633771393040055,303.4152363916302,101324.73169130067,-0.2683086993347388,440.00763443952326,48.495373622098974,15077.367725379912,298.872013566139,25.722013566139026,30.0,101325.0,229.03887790932671,30.265236391630197,13.470937117249715,68430.88855310317,18.49843348058503
1835.0,30.583333333333332,295.3333333333333,False,22150.0,73315.08465355738,20000.0,0.0,47.43501756516082,-0.1792322498206101,56.500647858473215,56.24742818090467,1.1634771648375124,303.38916959419345,101324.73776163775,-0.26223836225108244,440.095648140943,48.344247640442525,15078.664056294161,298.8728576407569,25.7228576407569,30.0,101325.0,229.1043884024388,30.23916959419347,13.428957677900701,67793.12724801913,18.593033491558035
1840.0,30.666666666666668,294.6666666666667,False,22100.0,71306.57957421397,20000.0,0.0,47.27950593469518,-0.18528562736955986,56.33086155457276,56.07551377242758,1.163576362593738,303.36325098911584,101324.71974886768,-0.28025113232433796,440.18212973094586,48.19237961093432,15079.949659214844,298.8736972249308,25.723697224930845,30.0,101325.0,229.1689460880174,30.213250989115863,13.386772114148423,67156.23865106895,18.686748328987957
1845.0,30.75,294.0,False,22050.0,69353.09854173369,20000.0,0.0,47.12508441316527,-0.18998185697806877,56.15895005608761,55.90299396987087,1.1636749219618838,303.33751406886086,101324.70536240016,-0.2946375998435542,440.2671196050815,48.04004358504339,15081.226988626015,298.8745323484456,25.72453234844562,30.0,101325.0,229.23260900642126,30.187514068860878,13.344456551400944,66521.40733584156,18.779580027589976
1850.0,30.833333333333332,293.3333333333333,False,22000.0,67453.13414358148,20000.0,0.0,46.971895058632526,-0.18791560593699336,55.978898965282355,55.73015339549934,1.163772948556253,303.31198250977206,101324.71173653098,-0.28826346901769284,440.3506565592666,47.88747965368739,15082.497413289038,298.87536304256673,25.725363042566755,30.0,101325.0,229.29541789786597,30.161982509772088,13.30207768157983,65889.64866057996,18.871532149809713
1855.0,30.916666666666668,292.6666666666667,False,21950.0,65605.22026357698,20000.0,0.0,46.81983803798494,-0.18856449126165087,55.80199195185737,55.5572271245991,1.1638701713043607,303.28663967299747,101324.70974230723,-0.2902576927735936,440.43278323740054,47.73490075988078,15083.757420104515,298.87618934030814,25.726189340308167,30.0,101325.0,229.3573412997122,30.13663967299749,13.25969465552244,65261.84123830789,18.962609573350612
1860.0,31.0,292.0,False,21900.0,63807.930950559145,20000.0,0.0,46.66894893532981,-0.19250038877685602,55.62911245572767,55.38443085944887,1.1639665454528436,303.2614914892216,101324.69749877813,-0.30250122187135275,440.51353587508805,47.5824937373105,15085.006429068853,298.8770112758531,25.7270112758531,30.0,101325.0,229.41838898980694,30.111491489221635,13.217359371475139,64638.73487351238,19.052818306761594
1865.0,31.083333333333332,291.3333333333333,False,21850.0,62059.879318044645,20000.0,0.0,46.51933627297376,-0.19546413531683623,55.45549212791289,55.211959824849984,1.1640621517454932,303.2365560454956,101324.6881124229,-0.3118875771033345,440.5929462189216,47.430422629977706,15086.245486621592,298.8778288844526,25.727828884452606,30.0,101325.0,229.47859315083326,30.086556045495627,13.175117397216031,64020.96761029292,19.142165322375348
1870.0,31.166666666666668,290.6666666666667,False,21800.0,60359.716474030494,20000.0,0.0,46.371042818124124,-0.19718347348341292,55.2809831521496,55.039982872904865,1.1641569741233582,303.21184046968733,101324.6826014513,-0.3173985486937454,440.67104562364995,47.278832748780694,15087.474384638723,298.87864220252783,25.72864220252785,30.0,101325.0,229.53796669447408,30.061840469687354,13.133009096883526,63409.08523843668,19.23065841463141
1875.0,31.25,290.0,False,21750.0,58706.13048011546,20000.0,0.0,46.224098329584876,-0.19794866291265847,55.10607321837204,54.86864882305984,1.1642509835759818,303.18734972159746,101324.68013328042,-0.319866719582933,440.74786376048684,47.127852668443964,15088.692747144723,298.87945126750213,25.729451267502156,30.0,101325.0,229.59651910714885,30.03734972159748,13.091070185678879,62803.55193160658,19.318306079332828
1880.0,31.333333333333332,289.3333333333333,False,21700.0,57097.84533913683,20000.0,0.0,46.07849802794101,-0.19990241207430562,54.933390093651425,54.6980873997963,1.1643441032379234,303.1630830046568,101324.67378796446,-0.3262120355357183,440.82342939762077,46.97759644050796,15089.899577963488,298.88025611773145,25.73025611773147,30.0,101325.0,229.65424996974215,30.013083004656835,13.049332344585546,62204.7614223887,19.40511740805088
1885.0,31.416666666666668,288.6666666666667,False,21650.0,55533.6200105413,20000.0,0.0,45.93424345917583,-0.20453862555700122,54.76479087919987,54.528414009673064,1.1644362732701452,303.1390405765293,101324.65848122984,-0.34151877016120125,440.89776938692154,46.8281650626858,15091.094101581082,298.8810567923645,25.73105679236454,30.0,101325.0,229.71116122088668,29.989040576529305,13.007823628523832,61613.04488294851,19.49110199576292
1890.0,31.5,288.0,False,21600.0,54012.2474527305,20000.0,0.0,45.791404835173694,-0.2091044551683991,54.59717368901768,54.35973547288176,1.1645275500073862,303.1152341391956,101324.64306389248,-0.3569361075205961,440.9709069951364,46.6796474437526,15092.277048095724,298.88185333116553,25.731853331165553,30.0,101325.0,229.76727585242466,29.965234139195616,12.966568734375723,61028.676579315186,19.576269857889493
1895.0,31.583333333333332,287.3333333333333,False,21550.0,52532.55369164177,20000.0,0.0,45.650079342363824,-0.2093688464204986,54.42570328228289,54.19214875191088,1.164618038882589,303.09167989039395,101324.64216070325,-0.35783929674653336,441.0428631912891,46.53212207146163,15093.449783918353,298.88264577449223,25.732645774492255,30.0,101325.0,229.8226253619272,29.94167989039397,12.925589464294896,60451.88209207855,19.660631356966846
1900.0,31.666666666666668,286.6666666666667,False,21500.0,51093.39691484575,20000.0,0.0,45.51026987638818,-0.20631316671662797,54.25160428440351,54.02573457598938,1.1647077003647068,303.06837831273134,101324.65252961012,-0.3474703898828011,441.11366025173265,46.38565930239168,15094.6117967266,298.88343416340956,25.733434163409584,30.0,101325.0,229.87721333645385,29.918378312731363,12.884905361775468,59882.84866760577,19.74419714221663
1905.0,31.75,286.0,False,21450.0,49693.666590461595,20000.0,0.0,45.37178382427146,-0.211933459546747,54.08891957490473,53.86055231182983,1.1647961880573092,303.0452973040452,101324.63334047938,-0.36665952061594,441.1833248393919,46.24032329781271,15095.758597222728,298.8842185397762,25.734218539776236,30.0,101325.0,229.93098507504033,29.895297304045243,12.844534249392419,59321.73384247638,19.826978102293076
1910.0,31.833333333333332,285.3333333333333,False,21400.0,48332.28261021005,20000.0,0.0,45.23484658413611,-0.21416817118941664,53.923666586526885,53.696679714998666,1.1648838281454248,303.02247443068933,101324.62556730163,-0.37443269837240223,441.2518703022765,46.096167203632206,15096.894412764706,298.88499894524335,25.734998945243376,30.0,101325.0,229.98401168948996,29.87247443068935,12.804490889897835,58768.64792406579,19.908985311853172
1915.0,31.916666666666668,284.6666666666667,False,21350.0,47008.194455942925,20000.0,0.0,45.09951735321624,-0.210514492328788,53.75298736890553,53.53417681141735,1.1649706860302336,302.99991955886935,101324.63823386547,-0.361766134534264,441.3193136402969,45.95323938479601,15098.020090951828,298.8857754220947,25.73577542209472,30.0,101325.0,230.03631474549712,29.849919558869374,12.764788717998892,58223.67915422935,19.990229983435324
1920.0,32.0,284.0,False,21300.0,45720.38038900599,20000.0,0.0,44.965516214660056,-0.21723650150667342,53.59587316167493,53.37307606115262,1.1650562901489712,302.97758603577665,101324.61476165235,-0.38523834764782805,441.38568072020365,45.81158568254931,15099.129520330667,298.886548013454,25.736548013454012,30.0,101325.0,230.08781439843926,29.827586035776676,12.725440467374808,57686.90293074961,20.070723443216558
1925.0,32.083333333333336,283.3333333333333,False,21250.0,44467.84666180973,20000.0,0.0,44.83321435741311,-0.2141521490860298,53.428864194335986,53.21344464264752,1.1651412124816112,302.9555357262355,101324.62562332279,-0.3743766772095114,441.4509773829541,45.67124059521443,15100.230113761681,298.88731676168453,25.737316761684554,30.0,101325.0,230.1386264354332,29.80553572623552,12.686455720892896,57158.34911050938,20.15047709046743
1930.0,32.166666666666664,282.6666666666667,False,21200.0,43249.62675099941,20000.0,0.0,44.70231359366983,-0.2181841148440618,53.27170758995201,53.05530316352995,1.1652249604146319,302.9337189322783,101324.61139340432,-0.38860659567581024,441.51522815093324,45.53224052516935,15101.315486973628,298.88808171043485,25.73808171043487,30.0,101325.0,230.18866614455908,29.783718932278305,12.64784459032482,56638.052856199625,20.229502369610977
1935.0,32.25,282.0,False,21150.0,42064.78061163301,20000.0,0.0,44.57303549624589,-0.21743014066268282,53.11057590046443,52.89869945383719,1.1653078744966225,302.9121725827076,101324.6140745627,-0.38592543729464523,441.57844141942,45.394612541074444,15102.390053476229,298.8888429026709,25.73884290267091,30.0,101325.0,230.2380049687965,29.76217258270765,12.6096145947429,56126.012825095575,20.30781074855632
1940.0,32.333333333333336,281.3333333333333,False,21100.0,40912.39395179124,20000.0,0.0,44.44524287183708,-0.21964222075200443,52.95452693664296,52.74365528592068,1.1653897261863422,302.8908738119728,101324.60618199888,-0.39381800111732446,441.64063533082543,45.25838361259685,15103.450851374993,298.8896003820843,25.739600382084348,30.0,101325.0,230.28660702115465,29.740873811972847,12.571773225721348,55622.22634744567,20.385413692426145
1945.0,32.416666666666664,280.6666666666667,False,21050.0,39791.57752705997,20000.0,0.0,44.31904420916953,-0.21905444639779825,52.79687129515056,52.59020338800684,1.1654706820971685,302.86984070152823,101324.6082869348,-0.39171306519710924,441.7018200098703,45.12357470320497,15104.500039979304,298.890354192025,25.740354192024995,30.0,101325.0,230.334510308854,29.719840701528256,12.534326306445825,55126.66785271504,20.46232264673181
1950.0,32.5,280.0,False,21000.0,38701.4664543408,20000.0,0.0,44.1943258106179,-0.2219072575128888,52.64489890494094,52.43835974832474,1.1655505574149587,302.8490543017696,101324.59801770664,-0.40198229336238,441.7620114487854,44.990206057321345,15105.535224097866,298.8911043762784,25.74110437627843,30.0,101325.0,230.3816864585072,29.69905430176965,12.497279460367041,54639.30884799901,20.538549019440637
1955.0,32.583333333333336,279.3333333333333,False,20950.0,37641.21954446003,20000.0,0.0,44.071252349014,-0.21931174524381802,52.4882763716688,52.288153748042966,1.1656296141123306,302.828542058169,101324.607366191,-0.392633808995015,441.82121668836794,44.858292132413176,15106.559798895803,298.8918509781537,25.741850978153707,30.0,101325.0,230.42819073659876,29.678542058169,12.460636703448104,54160.09968595305,20.61410416425588
1960.0,32.666666666666664,278.6666666666667,False,20900.0,36610.01865306122,20000.0,0.0,43.949580623133784,-0.22431194811390248,52.342210952881544,52.13958762010391,1.165707466276621,302.80826343718894,101324.5892583668,-0.41074163319717627,441.87945429681855,44.7278490774728,15107.568762945006,298.8925940416368,25.742594041636835,30.0,101325.0,230.47395635872707,29.658263437188964,12.424402521520221,53688.99714918508,20.688999370391393
1965.0,32.75,278.0,False,20850.0,35607.068049280366,20000.0,0.0,43.82963047426904,-0.21961382723376682,52.1865747749881,51.992694407178675,1.1657846283663456,302.7882717457115,101324.60628381133,-0.393716188671533,441.9367254207597,44.59888485580552,15108.568783627838,298.89333360970045,25.74333360970047,30.0,101325.0,230.5190854553325,29.638271745711506,12.388579126612646,53225.928939424484,20.763245846841816
1970.0,32.833333333333336,277.3333333333333,False,20800.0,34631.59380171657,20000.0,0.0,43.711023862492425,-0.22531490369441734,52.044784454024764,51.84746332690268,1.1658605042392798,302.76850397708205,101324.58557709529,-0.41442290470877197,441.9930515473503,44.471412436029794,15109.552134941065,298.8940697264105,25.744069726410544,30.0,101325.0,230.5634711873691,29.61850397708207,12.353170121119387,52770.841505218494,20.83685471520615
1975.0,32.916666666666664,276.6666666666667,False,20750.0,33682.843181224314,20000.0,0.0,43.594101124649114,-0.22298952057964994,51.895389463805415,51.703923946967834,1.1659356454033534,302.74901685410816,101324.59408713234,-0.4059128676599357,442.04843208162293,44.34543548849212,15110.525964427461,298.89480243451686,25.744802434516885,30.0,101325.0,230.60722213220734,29.599016854108186,12.318176524581146,52323.648915486825,20.90983700022053
1980.0,33.0,276.0,False,20700.0,32760.084080066637,20000.0,0.0,43.47865243190631,-0.2235606190176228,51.75111706672707,51.562071187706735,1.1660097281013206,302.7297754053177,101324.59200530306,-0.4079946969432058,442.10288246412625,44.2209614079877,15111.486076193116,298.8955317775444,25.745531777544443,30.0,101325.0,230.65028215242725,29.57977540531772,12.283600391107694,51884.2796438305,20.98220361727561
1985.0,33.083333333333336,275.3333333333333,False,20650.0,31862.604446980815,20000.0,0.0,43.36467432338554,-0.22688010485236065,51.6117991951567,51.42191047612859,1.1660827595556722,302.71077905389757,101324.5797993308,-0.42020066920667887,442.1564114740241,44.09799395003709,15112.432563841512,298.8962577985316,25.746257798531644,30.0,101325.0,230.69265708751703,29.56077905389759,12.249442763899193,51452.650424588006,21.05396537426757
1990.0,33.166666666666664,274.6666666666667,False,20600.0,30989.71173772082,20000.0,0.0,43.25236090983276,-0.22233556219476544,51.46507880043518,51.283456797421636,1.1661550635525775,302.69206015163877,101324.5964644717,-0.4035355282976525,442.20902145289716,43.97653313890487,15113.369623641405,298.89698053997455,25.746980539974572,30.0,101325.0,230.73441205744848,29.542060151638793,12.215703649695797,51028.66628963259,21.12513295531911
1995.0,33.25,274.0,False,20550.0,30140.732380652316,20000.0,0.0,43.1413870203113,-0.22675787873218642,51.33055846307467,51.14669345157219,1.166226137860414,302.6735645033852,101324.58025195455,-0.4197480454458855,442.2607300755428,43.85658303406501,15114.290746670966,298.89770004506113,25.74770004506115,30.0,101325.0,230.77545676179423,29.523564503385217,12.182384176129169,50612.24780654154,21.195716923441456
2000.0,33.333333333333336,273.3333333333333,False,20500.0,29315.011256988142,20000.0,0.0,43.03199389420172,-0.22693840087237943,51.19285445834198,51.011635188084846,1.1662963845152186,302.65533231570026,101324.57958336498,-0.42041663502459414,442.3115374416407,43.73814054931525,15115.201143317234,298.89841635579603,25.748416355796053,30.0,101325.0,230.81587064616474,29.505332315700286,12.149483485920902,50203.29218622932,21.265727715103104
2005.0,33.416666666666664,272.6666666666667,False,20450.0,28511.911195262815,20000.0,0.0,42.924166515092224,-0.2232301827613534,51.05237584821775,50.878280361187684,1.1663657984611395,302.6373610858487,101324.59321049391,-0.40678950608707964,442.3614510514493,43.62120393817671,15116.100748056368,298.8991295143623,25.749129514362323,30.0,101325.0,230.8556564826106,29.487361085848704,12.117001093937976,49801.702999846486,21.33517562842677
2010.0,33.5,272.0,False,20400.0,27730.812479656353,20000.0,0.0,42.81765472653899,-0.22835001876774194,50.92392970720471,50.746612779349206,1.1664340013590817,302.6196091210898,101324.57433688921,-0.42566311078553554,442.41048526324823,43.50577291147318,15116.984657613699,298.8998395631077,25.74983956310774,30.0,101325.0,230.89474673373408,29.46960912108983,12.08493691985366,49407.390434704146,21.404070832200762
2015.0,33.583333333333336,271.3333333333333,False,20350.0,26971.11237178768,20000.0,0.0,42.71273803270583,-0.22705899589357467,50.78976385794999,50.6166453933204,1.166501459973871,302.60212300545095,101324.57913642762,-0.42086357237712946,442.45863792371387,43.39184058496951,15117.858921261368,298.9005465431919,25.750546543191945,30.0,101325.0,230.93323252123827,29.45212300545097,12.05328905138042,49020.24385460068,21.47242335601278
2020.0,33.666666666666664,270.6666666666667,False,20300.0,26232.22464560883,20000.0,0.0,42.609313221064895,-0.2242332767379089,50.655551556419326,50.4883680705029,1.1665680323597505,302.5848855368441,101324.58954642942,-0.41045357058465015,442.50591827049135,43.27940306093791,15118.721699382368,298.9012504961357,25.751250496135697,30.0,101325.0,230.97109043476993,29.43488553684415,12.022056405816086,48640.1646684067,21.540243084153758
2025.0,33.75,270.0,False,20250.0,25513.57913504096,20000.0,0.0,42.5071940036903,-0.2291168547166297,50.532052079757996,50.361765197182606,1.1666334453663294,302.5678656672817,101324.57147319906,-0.4285268009407446,442.55233783809854,43.16845655095096,15119.56945194763,298.90195146332115,25.751951463321177,30.0,101325.0,231.00827227379483,29.417865667281717,11.991237930819711,48267.056388091325,21.60753976544299
2030.0,33.833333333333336,269.3333333333333,False,20200.0,24814.62129400309,20000.0,0.0,42.40664130261871,-0.2274371933043356,50.402635624963025,50.236845492994135,1.1666981391160052,302.55110688376976,101324.57773324981,-0.42226675018901005,442.5978941366931,43.058991703765,15120.407882943427,298.9026494850374,25.75264948503741,30.0,101325.0,231.04486374955516,29.401106883769785,11.960831028823613,47900.80566528026,21.674323002980053
2035.0,33.916666666666664,268.6666666666667,False,20150.0,24134.81176849408,20000.0,0.0,42.30753849085602,-0.22467990125100623,50.27368243203176,50.11359538428734,1.1667619531842446,302.534589748476,101324.5879097304,-0.4120902696013218,442.6425960349442,42.951002342440844,15121.23491326781,298.90334460189604,25.75334460189606,30.0,101325.0,231.08083760039972,29.384589748476003,11.930833984011345,47541.311745164894,21.740602251181752
2040.0,34.0,268.0,False,20100.0,23473.625980397675,20000.0,0.0,42.209710690277916,-0.22941490346782456,50.15516414429161,49.99199745322468,1.1668246352771015,302.5182851150463,101324.57035756789,-0.4296424321073573,442.6864539953112,42.844482317047074,15122.047273191234,298.9040368542925,25.754036854292508,30.0,101325.0,231.1161491900105,29.36828511504632,11.901245088068633,47188.475767836644,21.806386825843557
2045.0,34.083333333333336,267.3333333333333,False,20050.0,22830.553722689416,20000.0,0.0,42.113407710295064,-0.2279222278846498,50.03109208072868,49.87205729065356,1.166886610120483,302.5022346183825,101324.57593026968,-0.42406973031756934,442.72946512195034,42.73942031565877,15122.850467161457,298.90472628153606,25.75472628153608,30.0,101325.0,231.15088100360532,29.35223461838251,11.872061198794102,46842.183675426546,21.87168589490138
2050.0,34.166666666666664,266.6666666666667,False,20000.0,22205.098765733033,20000.0,0.0,42.01853056611833,-0.22470179696399356,49.90669631418216,49.75376019465161,1.1669477476241301,302.4864217610197,101324.58782940768,-0.41217059231712483,442.7716370965468,42.635808069340506,15123.642809208726,298.9054129231826,25.755412923182632,30.0,101325.0,231.18501116846303,29.33642176101972,11.843280019261252,46502.33344146093,21.93650847623255
2055.0,34.25,266.0,False,19950.0,21596.778474362654,20000.0,0.0,41.92488350570022,-0.2293666913890027,49.79316133701075,49.63708565398864,1.1670077643232892,302.4708139176167,101324.57053812964,-0.429461870357045,442.8129804401525,42.53363788266791,15124.42062562983,298.90609681861156,25.75609681861158,30.0,101325.0,231.21848889928813,29.320813917616704,11.814899411852197,46168.82674915795,22.000863448587147
2060.0,34.333333333333336,265.3333333333333,False,19900.0,21005.1234354551,20000.0,0.0,41.832712942637045,-0.22833390421751507,49.67465611267639,49.522037095273944,1.1670670812796813,302.45545215710615,101324.57439696477,-0.42560303522623144,442.8534917459133,42.432896865682615,15125.189373384668,298.9067780060644,25.75677800606445,30.0,101325.0,231.25139572043634,29.305452157106174,11.78691579602295,45841.55021980176,22.064759543704483
2065.0,34.416666666666664,264.6666666666667,False,19850.0,20429.67709570516,20000.0,0.0,41.741948661715696,-0.22456360215757443,49.55461573629661,49.40859974276702,1.1671256158941916,302.4403247769526,101324.58833623336,-0.41166376664477866,442.8931772759299,42.33357495535105,15125.947981988724,298.9074565239514,25.75745652395142,30.0,101325.0,231.28371842947485,29.290324776952616,11.759326376486401,45520.40165097561,22.12820534361474
2070.0,34.5,264.0,False,19800.0,19869.995409324158,20000.0,20.0,41.653675348572165,-0.22890427677610628,72.73363025392193,72.64036530997909,1.1671822084237908,302.42561255809534,101324.57226801693,-0.4277319830725901,442.925162310337,42.23566876338487,15126.681421172329,298.9081324114993,25.758132411499332,30.0,101325.0,231.31163685006536,29.27561255809536,11.732130212051354,45205.3021172047,22.191209304564868
2075.0,34.583333333333336,263.3333333333333,False,19750.0,19325.646495389967,20000.0,20.0,41.59881594219178,-0.23019415695810475,72.62606767029588,72.5332294530544,1.167217441226372,302.4164693236986,101324.56743387839,-0.4325661216134904,442.78777836680433,42.14200275901051,15127.13803829378,298.9088062068709,25.75880620687093,30.0,101325.0,231.24687021060035,29.26646932369863,11.70611187750292,44905.21333612075,22.253786051407456
2080.0,34.666666666666664,262.6666666666667,False,19700.0,18796.210304584147,20000.0,20.0,41.54462891280127,-0.2264696872350291,72.51964221380653,72.43306659595632,1.1672524592473132,302.4074381521335,101324.58131821032,-0.4186817896843422,442.65443004098967,42.05432768388751,15127.59187184518,298.90947835797965,25.759478357979674,30.0,101325.0,231.18416437394995,29.257438152133545,11.681757689968752,44625.524491279495,22.31596017489871
2085.0,34.75,262.0,False,19650.0,18281.278295058983,20000.0,20.0,41.4911006512267,-0.22911606003406124,72.42667902474007,72.33891359270156,1.1672867822077129,302.3985167752044,101324.57147617171,-0.42852382829005364,442.52394453418674,41.971843333893936,15128.036697411959,298.9101488867055,25.760148886705508,30.0,101325.0,231.12281193973016,29.24851677520445,11.658845370526095,44363.456875903685,22.37775807862592
2090.0,34.833333333333336,261.3333333333333,False,19600.0,17780.453117184294,20000.0,20.0,41.43835930590001,-0.23162785461700294,72.33881463291539,72.2499926905293,1.167320605449593,302.3897265509833,101324.56202887319,-0.43797112681204453,442.3962005736374,41.89387247447949,15128.475046626725,298.91081781499093,25.760817814990958,30.0,101325.0,231.0627884875901,29.239726550983335,11.637186798466525,44116.67465048187,22.43920261440813
2095.0,34.916666666666664,260.6666666666667,False,19550.0,17293.348306930773,20000.0,20.0,41.38652200981505,-0.22810466378770206,72.24851113086666,72.1656464854578,1.1673541101459404,302.3810870016358,101324.57525112129,-0.42474887870776,442.2710862940819,41.819841861383246,15128.909267491388,298.9114851648,25.761485164800035,30.0,101325.0,231.00407165074014,29.231087001635842,11.616622739273124,43883.21211562451,22.500313646884592
2100.0,35.0,260.0,True,19500.0,266819.58798765327,20000.0,20.0,41.33500159723633,-0.2372809504481553,72.17701958101657,72.08528367687721,1.1673868588715324,302.37250026620603,101324.54038980044,-0.45961019955575466,442.1485072312182,41.74926771623869,15129.33369097506,298.91215095836554,25.762150958365567,30.0,101325.0,230.9465257228536,29.222500266206055,11.597018810066302,43661.41811584351,22.56110852898978
2105.0,35.083333333333336,259.3333333333333,True,19450.0,266358.8065800439,20000.0,20.0,41.77794803563074,0.4638103743326377,71.86828696462956,72.57807087365923,1.167127431667969,302.4463246726051,101326.7560821497,1.7560821497027064,442.03014754228616,41.721405142310836,15125.971514416879,298.9128222059606,25.762822205960617,30.0,101325.0,230.8333938739629,29.296324672605124,11.589279206197453,43574.06033512725,22.621688722358513
2110.0,35.166666666666664,258.6666666666667,True,19400.0,265910.6485200311,20000.0,20.0,42.19437611575927,0.4555059256974606,71.9168835408856,72.60038417851277,1.1668589457374656,302.5157293526265,101326.69376039466,1.6937603946571471,441.9134729570469,41.7631405042947,15122.491936757555,298.9135051542016,25.763505154201596,30.0,101325.0,230.71937813436364,29.365729352626545,11.600872362304083,43704.95709920724,22.682299151132355
2115.0,35.25,258.0,True,19350.0,265474.76798440685,20000.0,20.0,42.594985810501385,0.44682050515690136,72.0309930713858,72.68851121341953,1.1666007284147577,302.58249763508354,101326.62978419452,1.6297841945197433,441.79789138132554,41.861139230298384,15119.14544025526,298.9141993191043,25.764199319104307,30.0,101325.0,230.6079907955877,29.432497635083564,11.628094230638439,44013.34542039948,22.743214638993194
2120.0,35.333333333333336,257.3333333333333,True,19300.0,265050.82862397085,20000.0,20.0,42.98034279266676,0.4360555000794507,72.19779557538466,72.82755663244598,1.1663522652151905,302.64672379877777,101326.55219917673,1.5521991767309373,441.6829663564116,42.00439135669361,15115.92535718887,298.9149042690373,25.764904269037345,30.0,101325.0,230.49890043863948,29.496723798777793,11.667886487970447,44466.74489369579,22.80465914615576
2125.0,35.416666666666664,256.6666666666667,True,19250.0,264638.50330398494,20000.0,20.0,43.35123318118838,0.42900045857461266,72.40653927187337,73.01347321052391,1.1661135150918265,302.7085388635314,101326.5023787221,1.5023787220998202,441.56836099084626,42.18366311626991,15112.831155590071,298.9156195880999,25.765619588099923,30.0,101325.0,230.39192145420384,29.558538863531396,11.717684198963866,45038.52099379524,22.86681558079985
2130.0,35.5,256.0,True,19200.0,264237.4738517382,20000.0,0.0,43.70797224571095,0.42078430004801276,49.36026844329565,49.913837288795335,1.1658838620297063,302.76799537428514,101326.44538307891,1.4453830789134372,441.4541515992601,42.39123061359829,15109.854851904993,298.916344877157,25.766344877156996,30.0,101325.0,230.2869703794789,29.617995374285158,11.775341837110638,45706.64281499096,22.929833055667064
2135.0,35.583333333333336,255.33333333333334,True,19150.0,263847.43081102753,20000.0,0.0,44.03525605544121,0.41485573610421195,49.62586789603053,50.163805987585036,1.1656733865925977,302.82254267590685,101326.40494107574,1.4049410757434089,441.5021224828087,42.61933082469548,15107.127090240067,298.917079521758,25.767079521758035,30.0,101325.0,230.27041674003726,29.67254267590687,11.838703006859856,46448.439711540486,22.99382964075493
2140.0,35.666666666666664,254.66666666666666,True,19100.0,263468.0732033642,20000.0,0.0,44.352225320039565,0.4054250886536685,49.90824243202081,50.42666823301803,1.165469340839506,302.87537088667324,101326.34179185722,1.3417918572231429,441.54726794620603,42.86183769210288,15104.482657279998,298.91782297452363,25.767822974523654,30.0,101325.0,230.253650969537,29.72537088667326,11.906066025584133,47245.84409936852,23.05889511562362
2145.0,35.75,254.0,True,19050.0,263099.1082957228,20000.0,0.0,44.65952462468783,0.40075252400532124,50.20303204976818,50.70769320792647,1.1652719384075618,302.92658743744795,101326.31104151426,1.3110415142582497,441.58860066376826,43.11500679070247,15101.924321762002,298.9185749564263,25.768574956426335,30.0,101325.0,230.236201668796,29.776587437447972,11.976390775195132,48087.990249394294,23.125099167254703
2150.0,35.833333333333336,253.33333333333334,True,19000.0,262740.25137465185,20000.0,0.0,44.9570992755381,0.3918500153196686,50.50660427652566,50.992741779482934,1.1650805265592086,302.97618321258966,101326.25344028168,1.2534402816818329,441.6260991870858,43.37571850638415,15099.443624207343,298.91933519748005,25.769335197480075,30.0,101325.0,230.21793005586022,29.826183212589683,12.04881069621782,48965.62428004682,23.192497510677928
2155.0,35.916666666666664,252.66666666666666,True,18950.0,262391.2255265741,20000.0,0.0,45.24550062382741,0.38806458627256746,50.81591463932849,51.28967383127585,1.1648954398595597,303.0242501039712,101326.22933978056,1.2293397805624409,441.65976685479114,43.6413582067803,15097.044900579895,298.92010343251883,25.77010343251885,30.0,101325.0,230.19890527206545,29.874250103971235,12.122599501883418,49870.764416755424,23.261133891717375
2160.0,36.0,252.0,True,18900.0,262051.7614241044,20000.0,0.0,45.52464226489383,0.37962522428989104,51.128441752573764,51.584556700779544,1.1647160118521813,303.0707737108156,101326.17645151769,1.1764515176910209,441.68962768174015,43.90976049364797,15094.71951360427,298.9208794050329,25.77087940503293,30.0,101325.0,230.17900936034164,29.920773710815638,12.197155692679994,50796.57786630887,23.331041768302835
2165.0,36.083333333333336,251.33333333333334,True,18850.0,261721.597118222,20000.0,0.0,45.795001145633705,0.3742197448642346,51.44208070612585,51.88425437900189,1.164542488188361,303.11583352427226,101326.1431870812,1.1431870811939007,441.7157228236054,44.17911764320861,15092.470646921158,298.9216628631562,25.771662863156223,30.0,101325.0,230.1583134588688,29.965833524272284,12.271977123113505,51737.13359495078,23.402245734595375
2170.0,36.166666666666664,250.66666666666666,True,18800.0,261400.47783613682,20000.0,0.0,46.056726030406594,0.3695921915822415,51.75509635968073,52.18439563582528,1.1643746023554342,303.1594543384011,101326.11508888227,1.1150888822739944,441.73810758014776,44.44793949475009,15090.294846526427,298.92245356233644,25.772453562336466,30.0,101325.0,230.13679478584785,30.0094543384011,12.346649859652803,52687.324942128485,23.474762719690567
2175.0,36.25,250.0,True,18750.0,261088.15578469238,20000.0,0.0,46.30992509128919,0.36215021296722394,52.066060363059634,52.47935995048857,1.1642120330218115,303.2016541818815,101326.07063491226,1.0706349122629035,441.7568488184551,44.71499936284838,15088.187947962679,298.9232512643008,25.773251264300825,30.0,101325.0,230.11442566502512,30.05165418188153,12.420833156346772,53642.73804243151,23.548603041207624
2180.0,36.333333333333336,249.33333333333334,True,18700.0,260784.38995915535,20000.0,0.0,46.55492605370716,0.3555030647826968,52.37379770516282,52.77218208204987,1.1640548172353482,303.24248767561784,101326.03169329853,1.0316932985297171,441.7720227751681,44.97928813292463,15086.150431370112,298.9240557361305,25.77405573613055,30.0,101325.0,230.09125405510233,30.09248767561786,12.494246703590175,54599.53998667572,23.62377128983895
2185.0,36.416666666666664,248.66666666666666,True,18650.0,260488.94595724306,20000.0,0.0,46.791992343933316,0.35144653613910476,52.677353163219166,53.06399977783533,1.1639028973022403,303.28199872398886,101326.00828300216,1.0082830021565314,441.7837131823425,45.239985447431046,15084.181549037034,298.9248667511114,25.774866751111404,30.0,101325.0,230.06731301873143,30.131998723988886,12.566662624286401,55554.42028299072,23.700267095581772
2190.0,36.5,248.0,True,18600.0,260201.59579824604,20000.0,0.0,47.02125487406272,0.34741076599931653,52.97595797757273,53.35104654567189,1.1637560115101557,303.3202091456771,101325.98525910475,0.9852591047529131,441.7920096660843,45.49643108573089,15082.277909171618,298.92568408874394,25.775684088743958,30.0,101325.0,230.0425982846767,30.17020914567712,12.637897523814136,56504.52666256712,23.77808580873841
2195.0,36.583333333333336,247.33333333333334,True,18550.0,259922.11774710543,20000.0,0.0,47.2429093160315,0.3430434929216693,53.26899734717636,53.63229679101218,1.1636140082593562,303.3571515526719,101325.9606435758,0.9606435758032603,441.79700637549047,45.748097048812134,15080.437547041258,298.9265075341389,25.776507534138943,30.0,101325.0,230.01712962849808,30.207151552671917,12.707804735781147,57447.39653081643,23.857219088733817
2200.0,36.666666666666664,246.66666666666666,True,18500.0,259650.29614331032,20000.0,0.0,47.457153028041034,0.3381332343713766,53.55598712996616,53.907019906347855,1.1634767452490034,303.3928588380068,101325.93333946275,0.9333394627465168,441.798800817314,45.99456754927072,15078.658618427084,298.9273368780816,25.7773368780816,30.0,101325.0,229.99093034243649,30.24285883800684,12.776268763686312,58380.911325120054,23.93765541363377
2205.0,36.75,246.0,True,18450.0,259385.92123448223,20000.0,0.0,47.66421074285381,0.3335346101179463,53.83655301579651,54.175837646828,1.1633441303868328,303.4273684571423,101325.90812519303,0.9081251930329017,441.7974928614794,46.2355211247604,15076.939929813352,298.92817191692177,25.778171916921792,30.0,101325.0,229.96403480779242,30.277368457142302,12.843200312433444,59303.253631207044,24.019380528186776
2210.0,36.833333333333336,245.33333333333334,True,18400.0,259128.78901451884,20000.0,0.0,47.86427106268059,0.32894610676100133,54.11041410390621,54.438117343590136,1.1632160206225035,303.4607118437801,101325.88331054003,0.8833105400262866,441.79318389678485,46.47071653411045,15075.279627267646,298.9290124526355,25.779012452635527,30.0,101325.0,229.93646806046252,30.310711843780098,12.908532370586236,60212.87404605691,24.102377839073764
2215.0,36.916666666666664,244.66666666666666,True,18350.0,258878.70106617155,20000.0,0.0,48.05753401776849,0.3245751709729173,54.37736740136803,54.693897281468125,1.163092297818237,303.4929223362947,101325.85999217643,0.859992176425294,441.78597611208465,46.699979444395574,15073.676179724353,298.9298582926425,25.77985829264253,30.0,101325.0,229.90826041791536,30.342922336294748,12.972216512332105,61108.45710691367,24.186628763485547
2220.0,37.0,244.0,True,18300.0,258635.46440793615,20000.0,0.0,48.244172762328276,0.31975100551065244,54.637275866424694,54.942258266952734,1.1629728078472485,303.52402879372136,101325.83461800429,0.8346180042863125,441.7759718889214,46.92319216239974,15072.127589700342,298.93070924980066,25.78070924980068,30.0,101325.0,229.87943512814326,30.37402879372138,13.034220045111038,61988.89549721507,24.2721130361273
2225.0,37.083333333333336,243.33333333333334,True,18250.0,258398.89134513758,20000.0,0.0,48.42437250463627,0.3143319682020621,54.89005720554369,55.18295243745614,1.1628574227398567,303.554062084106,101325.80656805089,0.8065680508880178,441.7632732868266,47.14028401338344,15070.632198708543,298.93156514223875,25.781565142238776,30.0,101325.0,229.85002039010018,30.404062084106044,13.094523337050957,62853.26384498875,24.358808980114944
2230.0,37.166666666666664,242.66666666666666,True,18200.0,258168.79932509456,20000.0,0.0,48.598330794006756,0.30875882837578233,55.1356748045586,55.41645583908506,1.1627460412400097,303.58305513233444,101325.77822052327,0.7782205232651904,441.747981611007,47.3512235526317,15069.188694470526,298.932425793258,25.782425793258028,30.0,101325.0,229.8200492417715,30.43305513233446,13.153117653508806,63700.79717115169,24.44669374470949
2235.0,37.25,242.0,True,18150.0,257945.01079625197,20000.0,0.0,48.76631036565436,0.3061711178085158,55.374129232504025,55.64642421703955,1.1626386730030092,303.61105172760904,101325.76523063984,0.7652306398376822,441.73019704886923,47.55601126883873,15067.797202118998,298.9332910311217,25.783291031121735,30.0,101325.0,229.78957601481866,30.46105172760906,13.210003130232982,64530.869106925784,24.535743512958152
2240.0,37.333333333333336,241.33333333333334,True,18100.0,257727.3530711724,20000.0,0.0,48.92844056971728,0.3047162461711663,55.605455279701594,55.870732681591086,1.1625351229148346,303.6380734282862,101325.75797543413,0.7579754341277294,441.7100183710306,47.75467704037823,15066.455192976257,298.9341606894577,25.784160689457735,30.0,101325.0,229.75861378743636,30.488073428286214,13.265188066771733,65342.98760507174,24.625933691230372
2245.0,37.416666666666664,240.66666666666666,True,18050.0,257515.65819328104,20000.0,0.0,49.08477869177966,0.29975336131574803,55.82971536566152,56.084038091259636,1.1624350889091386,303.66412978196325,101325.73348634792,0.7334863479190972,441.6875426805648,47.947274473924885,15065.158752262436,298.9350346070107,25.785034607010743,30.0,101325.0,229.7271535973996,30.514129781963277,13.318687353868023,66136.77680068272,24.717239083178814
2250.0,37.5,240.0,True,18000.0,257309.7628072613,20000.0,0.0,49.23557187751021,0.29415074258303114,56.04699030434632,56.289760245741626,1.162338578499455,303.689261979585,101325.7063237499,0.7063237498950912,441.66286520250026,48.13387297354455,15063.90797735294,298.9359126269037,25.785912626903723,30.0,101325.0,229.69524665545202,30.539261979585035,13.370520270429042,66911.9478939158,24.809634030883394
2255.0,37.583333333333336,239.33333333333334,True,17950.0,257109.5080330009,20000.0,0.0,49.38114701558459,0.29433183516739747,56.25737728620276,56.49547251287289,1.16224573365209,303.7135245025974,101325.7071937077,0.7071937076980248,441.6360791200011,48.31455600763746,15062.704708131087,298.9367945968151,25.786794596815128,30.0,101325.0,229.66296964085848,30.56352450259743,13.420710002121515,67668.2942388512,24.903092532364482
2260.0,37.666666666666664,238.66666666666666,True,17900.0,256914.73934299132,20000.0,0.0,49.52137573589448,0.2884221875081353,56.46099570135595,56.68746812019901,1.1621559806099033,303.7368959559824,101325.67908047549,0.6790804754855344,441.607275450051,48.489426109971895,15061.541508704346,298.93768037017344,25.78768037017346,30.0,101325.0,229.6302566437234,30.586895955982413,13.469285030547749,68405.71438098139,24.99758837168381
2265.0,37.75,238.0,True,17850.0,256725.30644308592,20000.0,0.0,49.65667575283749,0.2868482333151608,56.65796732281428,56.87800440005198,1.1620696215827393,303.7594459588062,101325.6716890527,0.671689052702277,441.5765429211002,48.6585878607668,15060.4222957123,298.93856980366957,25.78856980366959,30.0,101325.0,229.59721363127122,30.609445958806248,13.516274405768556,69124.14192954748,25.0930952163439
2270.0,37.833333333333336,237.33333333333334,True,17800.0,256541.0631565248,20000.0,0.0,49.78704915530352,0.28319964380111945,56.848429884224736,57.05975494148556,1.1619863062046598,303.78117485921723,101325.65471051632,0.6547105163190281,441.54396791177174,48.822159547441935,15059.342528412391,298.93946275941136,25.78946275941138,30.0,101325.0,229.56381637750476,30.631174859217253,13.561710985400536,69823.59527875751,25.189586700516333
2275.0,37.916666666666664,236.66666666666666,True,17750.0,256361.8673111368,20000.0,0.0,49.91273108208998,0.2808267842866012,57.03252455603997,57.23675818452917,1.161906062611815,303.802121847015,101325.64378516549,0.6437851654918632,441.5096343793596,48.980262408989766,15058.302571449121,298.94035910334657,25.79035910334659,30.0,101325.0,229.53011416093355,30.652121847014996,13.605628446941603,70504.13243485284,25.287036511428564
2280.0,38.0,236.0,True,17700.0,256187.5806296318,20000.0,0.0,50.0338003371063,0.27667584248373744,57.21040019332722,57.405606607001985,1.1618286785791772,303.82230005618436,101325.62489405563,0.624894055625191,441.47362382930305,49.13302428404818,15057.299674386137,298.9412587060084,25.79125870600842,30.0,101325.0,229.49610747845804,30.672300056184383,13.648062301124495,71165.86650273991,25.385418455135227
2285.0,38.083333333333336,235.33333333333331,True,17650.0,256018.06862289828,20000.0,0.0,50.150537746797,0.2764651285323743,57.382206530922005,57.57310159529489,1.1617542710104167,303.8417562911328,101325.62394259016,0.6239425901585491,441.4360152825564,49.28057376681133,15056.335352295002,298.94216144166114,25.792161441661165,30.0,101325.0,229.46186053177576,30.691756291132833,13.689048268558702,71808.94020626774,25.484706515349817
2290.0,38.166666666666664,234.66666666666669,True,17600.0,255853.2004862243,20000.0,0.0,50.26284804705904,0.2698684357998783,57.54810169407162,57.72738325015737,1.1616823674369652,303.8604746745098,101325.59452222564,0.5945222256414127,441.3968852780013,49.423046657266426,15055.403481983069,298.94306718943653,25.793067189436556,30.0,101325.0,229.42731980275997,30.71047467450984,13.728624071462896,72433.55349000948,25.58487491375001
2295.0,38.25,234.0,True,17550.0,255692.84899836133,20000.0,0.0,50.371186020667096,0.2705888396774256,57.70823688182644,57.8845439711859,1.1616133772176702,303.8785310034445,101325.59770057272,0.5977005727181677,441.3563078557719,49.56057280709409,15054.509368741006,298.9439758312212,25.793975831221246,30.0,101325.0,229.39260462788647,30.728531003444516,13.766825779748359,73039.90538408334,25.685898149079243
2300.0,38.333333333333336,233.33333333333331,True,17500.0,255536.89042335356,20000.0,0.0,50.47545753951158,0.26854095997844685,57.862772550993085,58.03300718839294,1.161546845895454,303.8959095899186,101325.58868773213,0.5886877321318025,441.3143545884575,49.69329001865455,15053.647122805085,298.94488725396405,25.794887253964077,30.0,101325.0,229.35766244331532,30.745909589918597,13.803691671848485,73628.25416357348,25.787751037654004
2305.0,38.416666666666664,232.66666666666669,True,17450.0,255385.2044150563,20000.0,0.0,50.57577539653198,0.2627451989941113,58.01186573844356,58.171788336592556,1.1614826556825293,303.9126292327553,101325.56355134363,0.5635513436282054,441.27109458913145,49.821333157224394,15052.815217645579,298.9458013478962,25.7958013478962,30.0,101325.0,229.32250589460457,30.76262923275533,13.83925921034011,74198.86875114875,25.890408761900336
2310.0,38.5,232.0,True,17400.0,255237.67392427046,20000.0,20.0,50.67250883184181,0.26283660622272437,81.44363252084104,81.54066698128089,1.1614210480363576,303.9287514719736,101325.56394352303,0.5639435230259551,441.2267091799762,49.94483452143908,15052.016782551194,298.9467180065828,25.796718006582807,30.0,101325.0,229.28727685245866,30.778751471973635,13.873565144844187,74752.02913644933,25.993846885433392
2315.0,38.583333333333336,231.33333333333331,True,17350.0,255094.18510842102,20000.0,20.0,50.7301400542857,0.2628454472509575,81.57907114797433,81.67318847062643,1.1613843446937877,303.93835667571426,101325.56398146237,0.5639814623718848,441.0207053959018,50.061150948757394,15051.541107231487,298.94763663895804,25.797636638958068,30.0,101325.0,229.17298262765814,30.788356675714283,13.905875263543722,75275.51595607845,26.098032680636535
2320.0,38.666666666666664,230.66666666666669,True,17300.0,254954.62724370972,20000.0,20.0,50.784596643027726,0.25946621491185085,81.70369749987901,81.79111362274297,1.1613494997456189,303.94743277383793,101325.5495731974,0.5495731973933289,440.81677652886276,50.16818165565462,15051.089516703221,298.9485566508602,25.798556650860235,30.0,101325.0,229.06013989202467,30.797432773837954,13.935606015459616,75759.36596090054,26.20291801530111
2325.0,38.75,230.0,True,17250.0,254818.8926396747,20000.0,20.0,50.83641163814082,0.25569079474234196,81.81869001083975,81.8990807093973,1.1613163221525848,303.9560686063568,101325.5336961838,0.5336961838038405,440.6164509893199,50.26693869658468,15050.659535097499,298.9494779671634,25.799477967163398,30.0,101325.0,228.94950455730418,30.806068606356803,13.963038526829077,76207.6486113603,26.308450664309625
2330.0,38.833333333333336,229.33333333333331,True,17200.0,254686.87655609063,20000.0,20.0,50.88577551432377,0.2547251291470622,81.92506729761311,82.0018321711835,1.161284843029135,303.96429591905394,101325.52967258301,0.5296725830121431,440.4197096792245,50.35829687266184,15050.251565657589,298.9504005160578,25.800400516057834,30.0,101325.0,228.8410722227435,30.81429591905396,13.988415797961622,76623.9174235557,26.414583696278314
2335.0,38.916666666666664,228.66666666666669,True,17150.0,254558.4771221454,20000.0,20.0,50.93277473328499,0.255231092783611,82.02371422148407,82.09868892182197,1.1612549414639748,303.97212912221414,101325.53177886305,0.5317788630491123,440.22652549206566,50.443016114088564,15049.864041373114,298.9513242292675,25.80132422926755,30.0,101325.0,228.73480438808167,30.822129122214164,14.011948920580156,77011.28837703603,26.521274811417612
2340.0,39.0,228.0,False,17100.0,124433.59525783107,20000.0,20.0,50.97737709940043,0.2535204164480719,82.11540061115203,82.18612563462257,1.1612264619070063,303.97956284990005,101325.52467429842,0.5246742984163575,440.0368645999365,50.52175755960983,15049.4949463148,298.9522490417451,25.802249041745142,30.0,101325.0,228.63065229962007,30.82956284990007,14.033821544336064,77372.49502696915,26.62848577211484
2345.0,39.083333333333336,227.33333333333331,False,17050.0,121024.6718514501,20000.0,20.0,50.7611191702199,-0.1080658547838246,82.30256036321694,81.9621088624452,1.1613570590179545,303.9435198617033,101324.90466751861,-0.09533248138905037,439.8499197396118,50.574426896541624,15051.18748487269,298.9531712503295,25.803171250329513,30.0,101325.0,228.55922304030702,30.793519861703317,14.048451915706007,77614.73172268628,26.736115790690988
2350.0,39.166666666666664,226.66666666666669,False,17000.0,117709.13768425728,20000.0,20.0,50.549385492254146,-0.12211434766926338,82.33281743902512,81.98546905395334,1.1614916098516703,303.90823091537567,101324.87827009056,-0.12172990944236517,439.6666906997853,50.586363567812064,15052.931263677649,298.9540873786049,25.804087378604947,30.0,101325.0,228.4904807849588,30.75823091537569,14.051767657725572,77669.70101908242,26.843952202317215
2355.0,39.25,226.0,False,16950.0,114484.43430921332,20000.0,20.0,50.339925524658156,-0.11381303374096285,82.29727358150826,81.96908456118122,1.1616252292252662,303.87332092077634,101324.8942579049,-0.10574209509650245,439.48738768157136,50.564139361754094,15054.66297075945,298.9549974853476,25.8049974853476,30.0,101325.0,228.42357385571498,30.72332092077636,14.045594267153914,77567.3776411475,26.951755729164596
2360.0,39.333333333333336,225.33333333333331,False,16900.0,111348.07336927335,20000.0,20.0,50.13244579433467,-0.12748224266772676,82.2540203654489,81.91935628280096,1.161757125339015,303.8387409657224,101324.86733288004,-0.13266711996402591,439.3121484306712,50.513323737003866,15056.372344393636,298.9559016304754,25.805901630475432,30.0,101325.0,228.35841914392822,30.688740965722445,14.031478815834408,77333.75308669543,27.059325958836713
2365.0,39.416666666666664,224.66666666666669,False,16850.0,108297.6346772349,20000.0,20.0,49.92729636478043,-0.13868008569340695,82.18010553273476,81.84179009076543,1.161887595875782,303.80454939413005,101324.84300272516,-0.1569972748402506,439.14104518891185,50.4386468891395,15058.063242550134,298.95679987667756,25.806799876677587,30.0,101325.0,228.29511382121305,30.654549394130072,14.010735246983193,76991.2786398459,27.16649611975792
2370.0,39.5,224.0,False,16800.0,105330.76434818938,20000.0,0.0,49.725204307321974,-0.13582762264668025,58.77878339469355,58.50072622696649,1.1620164988790675,303.77086738455364,101324.84939475042,-0.1506052495824406,438.97661710673566,50.3441442383984,15059.733825472716,298.95769229238124,25.80769229238126,30.0,101325.0,228.2349512253978,30.620867384553662,13.984484510666222,76559.33270119362,27.273128488744753
2375.0,39.583333333333336,223.33333333333331,False,16750.0,102445.17298313603,20000.0,0.0,49.55276424397118,-0.12726679620256043,58.642318799758314,58.380022545811045,1.1621266594909085,303.7421273739952,101324.86778091906,-0.13221908094419632,438.9587066290373,50.235507523238056,15061.161507002174,298.95857934720186,25.808579347201885,30.0,101325.0,228.24727519384354,30.592127373995197,13.954307645343905,76064.78343327079,27.379117458282575
2380.0,39.666666666666664,222.66666666666669,False,16700.0,99638.63390235689,20000.0,0.0,49.380015639795374,-0.15308873832323816,58.53446387102713,58.247856938100924,1.1622361489789985,303.7133359399659,101324.80868439346,-0.19131560654204804,438.9406598339642,50.11705838720514,15062.58049076782,298.9594614430322,25.809461443032205,30.0,101325.0,228.25939470191207,30.563335939965896,13.921405107556984,75527.99694477167,27.484390222433994
2385.0,39.75,222.0,False,16650.0,96908.9814271891,20000.0,0.0,49.20780990800324,-0.1562875763742116,58.3906291726451,58.10605789284632,1.1623458981724983,303.6846349846672,101324.80060566099,-0.19939433901163284,438.92277378846876,49.990332468332994,15064.002840315577,298.960338585899,25.810338585899046,30.0,101325.0,228.27164704641032,30.534634984667207,13.886203463425831,74956.50451846152,27.58889334845013
2390.0,39.833333333333336,221.33333333333331,False,16600.0,94254.10920886917,20000.0,0.0,49.036218860617396,-0.1436882045778105,58.220295824946305,57.956145055061924,1.1624557225716694,303.65603647676954,101324.83145877441,-0.16854122559016105,438.90510176598633,49.85664737995105,15065.426164528835,298.9612107852337,25.811210785233698,30.0,101325.0,228.28402372124071,30.506036476769566,13.84906871665307,74356.76093987492,27.69258311612953
2395.0,39.916666666666664,220.66666666666669,False,16550.0,91671.96860315939,20000.0,0.0,48.86470735374576,-0.1666512000978356,58.084606363403566,57.799396353962116,1.162564495434186,303.62745122562427,101324.77328471433,-0.22671528566570487,438.8877023586786,49.71715253730987,15066.83586082705,298.9620780566396,25.81207805663962,30.0,101325.0,228.29633397227457,30.477451225624293,13.81032014925274,73734.3730826037,27.79542418142292
2400.0,40.0,220.0,False,16500.0,89160.56708950213,20000.0,0.0,48.69416830614375,-0.16456118115165652,57.914122385374796,57.63700935319562,1.1626734004596957,303.59902805102394,101324.77893565435,-0.22106434564921074,438.8705881070816,49.57282873282145,15068.247269957657,298.9629404169877,25.812940416987715,30.0,101325.0,228.30881682533675,30.44902805102396,13.770230203561514,73094.10530501089,27.897388402525426
2405.0,40.083333333333336,219.0,False,16425.0,86717.96673348233,20000.0,0.0,48.52424362487329,-0.1702833722558772,57.748096762668894,57.469928732995534,1.162781689328331,303.5707072708122,101324.76329447456,-0.23670552544353995,438.85353550183623,49.42452161092462,15069.650693695168,298.96379788608675,25.813797886086775,30.0,101325.0,228.32120909594354,30.420707270812215,13.729033780812395,72440.03868246391,27.998453780294508
2410.0,40.166666666666664,218.0,False,16350.0,84342.28269141147,20000.0,0.0,48.35510671472332,-0.17610888968089675,57.57840400517792,57.29900919159913,1.1628894858599292,303.5425177857872,101324.74682170592,-0.25317829407867976,438.8363071830059,49.272961780394695,15071.047736744682,298.9646504863805,25.814650486380515,30.0,101325.0,228.33341161710723,30.39251778578722,13.686933827887415,71775.67004261314,28.098603578020256
2415.0,40.25,217.0,False,16275.0,82031.6817558795,20000.0,0.0,48.18689248472003,-0.17884680691858842,57.402058406172976,57.12497986237844,1.1629968111800217,303.51448208078665,101324.73888832371,-0.261111676285509,438.8189257374125,49.118776004568076,15072.43867289308,298.96549824177526,25.815498241775288,30.0,101325.0,228.34544027598542,30.364482080786672,13.644104445713355,71103.97144454169,28.197825551275226
2420.0,40.333333333333336,216.0,False,16200.0,79784.38094115187,20000.0,0.0,48.019696396284644,-0.17756551064970566,57.21860887643407,56.94847184765712,1.163103639855684,303.4866160660474,101324.74261624023,-0.257383759773802,438.8014097122757,48.96250849556553,15073.823172529665,298.96634117870076,25.81634117870078,30.0,101325.0,228.35729972033974,30.33661606604744,13.600696804323759,70427.4931595742,28.29611129058364
2425.0,40.416666666666664,215.0,False,16125.0,77598.64610732057,20000.0,0.0,47.85338031669585,-0.18622940048067796,57.04486852404574,56.77001839002397,1.163209587773592,303.4588967194493,101324.71688661548,-0.2831133845174918,438.78377938804243,48.80463416630102,15075.196257545751,298.9671793261206,25.817179326120595,30.0,101325.0,228.36892508604802,30.308896719449308,13.556842823972506,69748.42986666002,28.39345568157408
2430.0,40.5,214.0,False,16050.0,75472.79062214708,20000.0,0.0,47.68825767519081,-0.18852909112379454,56.86232253446492,56.59011188716157,1.1633150070985727,303.43137627919845,101324.70985128,-0.2901487199997064,438.76603965107245,48.645561642244374,15076.562491997503,298.96801271420173,25.818012714201757,30.0,101325.0,228.38038805758802,30.28137627919847,13.512656011734547,69068.64185099237,28.48985642582245
2435.0,40.583333333333336,213.0,False,15975.0,73405.17405956502,20000.0,0.0,47.5243603362436,-0.18657171817626203,56.67384097529221,56.40916422695833,1.1634198120646246,303.4040600560406,101324.71584484879,-0.28415515121014323,438.74819947086905,48.48564863860593,15077.920764357536,298.96884137527223,25.818841375272257,30.0,101325.0,228.39167646438824,30.2540600560406,13.468235732946093,68389.72859696136,28.585313627522414
2440.0,40.666666666666664,212.0,False,15900.0,71394.20093383775,20000.0,0.0,47.36159192438981,-0.19002504364585182,56.491045118300704,56.227525826008055,1.163523723551089,303.3769319873983,101324.70522843092,-0.29477156908251345,438.7302683505572,48.32520789039088,15079.267457222111,298.96966534342766,25.819665343427687,30.0,101325.0,228.40274046224025,30.226931987398302,13.42366885844191,67713.06047831291,28.679829453269132
2445.0,40.75,211.0,False,15825.0,69438.3194683948,20000.0,0.0,47.20007219576439,-0.1944079039370437,56.309032961497095,56.04551634027436,1.1636268192765788,303.3500120326274,101324.6914740154,-0.3085259845975088,438.7122478242257,48.16451065911113,15080.603577824462,298.97048465393766,25.820484653937683,30.0,101325.0,228.41359611442113,30.2000120326274,13.37903073864198,67039.79958543302,28.7734078283134
2450.0,40.833333333333336,210.0,False,15750.0,67536.02039839608,20000.0,0.0,47.039886359744514,-0.1973071464504494,56.12527085610579,55.86341371240967,1.1637291318610288,303.32331439329073,101324.68220318334,-0.3177968166564824,438.6941382585688,48.003794167353384,15081.929548918932,298.97129934345463,25.821299343454655,30.0,101325.0,228.424250022076,30.173314393290752,13.334387268709273,66370.93641466972,28.866054172757913
2455.0,40.916666666666664,209.0,False,15675.0,65685.83580610105,20000.0,0.0,46.881077626859565,-0.19870807701990964,55.93998361579147,55.68145891888588,1.1638306362050677,303.29684627114324,101324.67767428675,-0.3223257132485742,438.675939322425,47.84326618213784,15083.245045217678,298.9721094498887,25.82210944988873,30.0,101325.0,228.43469709310406,30.14684627114326,13.289796161704954,65707.31365872303,28.957775179753323
2460.0,41.0,208.0,False,15600.0,63886.33798814323,20000.0,0.0,46.723672574244915,-0.19932315254493257,55.75421283200122,55.49986228627042,1.1639312894618712,303.27061209570746,101324.67567576212,-0.3243242378812283,438.65764957457753,47.683108778637674,15084.54951142585,298.9729150122659,25.822915012265923,30.0,101325.0,228.44492817496186,30.120612095707486,13.24530799406602,65049.64592541716,29.048578623908977
2465.0,41.083333333333336,207.0,False,15525.0,62136.13835383635,20000.0,0.0,46.56764361064563,-0.2028297641265437,55.57242690377149,55.318804970457066,1.164030970470647,303.2446072684409,101324.66416397375,-0.3358360262500355,438.63926763432,47.52348208406369,15085.841377299586,298.9737160706829,25.823716070682906,30.0,101325.0,228.4549187779201,30.09460726844094,13.200967245573246,64398.53876707984,29.1384731966121
2470.0,41.166666666666664,206.0,False,15450.0,60433.88635366209,20000.0,0.0,46.413029296614354,-0.2086360718098012,55.39409970700989,55.13845020851678,1.164129671570113,303.21883821610237,101324.6446611391,-0.35533886089979205,438.62078928093393,47.36452609626307,15087.120543548665,298.9745126660305,25.8245126660305,30.0,101325.0,228.4646652116301,30.068838216102392,13.15681280451752,63754.49931339211,29.22746836194576
2475.0,41.25,205.0,False,15375.0,58778.26843711233,20000.0,0.0,46.259954399222465,-0.21113230493315285,55.212841443887335,54.95894733513245,1.1642275300546239,303.1933257332037,101324.63610734542,-0.36389265458274167,438.60220711236815,47.2063629456983,15088.388789507926,298.975304839864,25.82530483986403,30.0,101325.0,228.47419057516223,30.043325733203744,13.112878596027306,63117.94836483683,29.315574228388975
2480.0,41.333333333333336,204.0,False,15300.0,57168.00703908201,20000.0,0.0,46.108485801043344,-0.20802305095379123,55.02610476454378,54.78042482004353,1.16432459737992,303.16808096684053,101324.6467462063,-0.35325379369896837,438.5835143738989,47.049100348232734,15089.646782043763,298.9760926345326,25.826092634532642,30.0,101325.0,228.48350145448842,30.018080966840557,13.06919454117576,62489.236833086004,29.402801440331977
2485.0,41.416666666666664,203.0,False,15225.0,55601.85959403008,20000.0,0.0,45.958405133719566,-0.2129482548246109,54.84988529276037,54.602977935998744,1.1644204755589014,303.1430675222866,101324.62982074096,-0.37017925904365256,438.5647108632823,46.89283560544594,15090.889363243363,298.97687609345417,25.82687609345419,30.0,101325.0,228.49251965326005,29.993067522286594,13.025787668179426,61868.66375990638,29.489161093521556
2490.0,41.5,202.0,False,15150.0,54078.617577148245,20000.0,0.0,45.809908153483434,-0.21582856550245924,54.67254199918331,54.42671548507596,1.1645154341846067,303.11831802558055,101324.61973902296,-0.38026097703550477,438.545785197871,46.73765060330482,15092.120027032503,298.97765525995584,25.82765525995586,30.0,101325.0,228.50129215594862,29.968318025580572,12.982680723140229,61256.45827641811,29.57466465049123
2495.0,41.583333333333336,201.0,False,15075.0,52597.105571797234,20000.0,0.0,45.66307736461113,-0.21309016946415577,54.489998406864494,54.251727467203274,1.1646095673694097,303.09384622743517,101324.62932718104,-0.3706728189572459,438.5267283746373,46.5836182247289,15093.33999310755,298.9784301780307,25.828430178030715,30.0,101325.0,228.50983274493268,29.943846227435188,12.939893951313584,60652.80689337999,29.6593238624147
2500.0,41.666666666666664,200.0,False,15000.0,51156.18036249123,20000.0,0.0,45.51765587428599,-0.2197514823517128,54.31982011378768,54.07807223421664,1.164702432327839,303.069609312381,101324.60579008983,-0.39420991016959306,438.5075395742588,46.430805614557876,15094.543522968794,298.9792008926163,25.829200892616313,30.0,101325.0,228.5180541219674,29.919609312381,12.897446004043855,60057.867537495185,29.743150719658363
2505.0,41.75,199.0,False,14925.0,49754.73005273039,20000.0,0.0,45.37402388380133,-0.2155354744598027,54.13845839942992,53.905839362007754,1.1647946085695315,303.0456706473002,101324.62077109591,-0.3792289040866308,438.4882014265656,46.27926585976285,15095.73812706113,298.9799674479926,25.8299674479926,30.0,101325.0,228.52606094698007,29.89567064730022,12.855351627711903,59471.73839854581,29.82615739044728
2510.0,41.833333333333336,198.0,False,14850.0,48391.67320700091,20000.0,0.0,45.231790061979154,-0.22242577945617872,53.971573401888456,53.73506208826838,1.1648854481220976,303.02196501032984,101324.59613691946,-0.40386308054439723,438.4687158362761,46.129052581860506,15096.915407662385,298.9807298899794,25.83072988997941,30.0,101325.0,228.53372708928703,29.87196501032986,12.813625717183474,58894.51576168304,29.90835617805855
2515.0,41.916666666666664,197.0,False,14775.0,47065.958016280325,20000.0,0.0,45.091365801498114,-0.21847839996415783,53.79365947761277,53.56581663612249,1.1649755888947109,302.99856096691633,101324.61034439795,-0.3896556020481512,438.44906411228516,45.980205204938166,15098.083632075453,298.98148826333,25.831488263330016,30.0,101325.0,228.54116796612809,29.848560966916352,12.772279223593936,58326.23802376261,29.989759479298442
2520.0,42.0,196.0,False,14700.0,45776.56148640433,20000.0,0.0,44.95237838466346,-0.22421480111548714,53.62866031127163,53.398124291139524,1.1650644209904486,302.9753963974439,101324.58961406499,-0.4103859350143466,438.42924721558694,45.83276540686439,15099.234896036214,298.9822426142763,25.83224261427631,30.0,101325.0,228.54826443457938,29.82539639744391,12.731323724128996,57766.949776871006,30.070379748604438
2525.0,42.083333333333336,195.0,False,14625.0,44522.48864866866,20000.0,0.0,44.81514381785257,-0.222877419396918,53.45709814098627,53.2320432756306,1.165152437607072,302.9525239696421,101324.59449515039,-0.4055048496084055,438.4092485328743,45.68676299983179,15100.375591387656,298.98299298806046,25.832992988060482,30.0,101325.0,228.55510459394097,29.802523969642095,12.690767499953276,57216.648595588995,30.150229469696423
2530.0,42.166666666666664,194.0,False,14550.0,43302.771792056934,20000.0,0.0,44.67949531481531,-0.22358781135469336,53.28962918264014,53.067596967956284,1.1652393647902768,302.92991588580253,101324.59190604583,-0.4080939541745465,438.3890635332626,45.54222812195119,15101.502167681987,298.9837394308129,25.833739430812898,30.0,101325.0,228.5616323462514,29.779915885802552,12.65061892276422,56675.332075475904,30.22932112294022
2535.0,42.25,193.0,False,14475.0,42116.46971650209,20000.0,0.0,44.5454086722483,-0.22768944208295014,53.12784668779285,52.90481321560079,1.1653251594999225,302.90756811204136,101324.57679606501,-0.42320393498812336,438.3686839927025,45.399185612969944,15102.614067118997,298.9844819885081,25.834481988508117,30.0,101325.0,228.56783496929526,29.757568112041383,12.61088489249165,56142.97700665096,30.30766717091392
2540.0,42.333333333333336,192.0,False,14400.0,40962.66700660504,20000.0,0.0,44.41309776422804,-0.22392641726353912,52.95866598030263,52.74372994921221,1.1654101614775123,302.885516294038,101324.59066905838,-0.40933094162028283,438.3480956495742,45.257654079782064,15103.71569274856,298.9852207067095,25.83522070670955,30.0,101325.0,228.5737716690691,29.735516294038007,12.571570577717239,55619.53661913296,30.38528002759849
2545.0,42.416666666666664,191.0,False,14325.0,39840.47332525019,20000.0,0.0,44.28227345866492,-0.22751031657041781,52.79982343396088,52.5843512051121,1.1654939108696116,302.8637122431108,101324.57746168044,-0.42253831955895294,438.32729686205687,45.11765416764577,15104.801084870167,298.9859556318341,25.83595563183411,30.0,101325.0,228.57935139996286,29.71371224311082,12.532681713234934,55104.97166100205,30.462172047237473
2550.0,42.5,190.0,False,14250.0,38749.02272657279,20000.0,0.0,44.15309201470859,-0.23005597224836324,52.64157064037609,52.42670457031398,1.1655766610297955,302.8421820024514,101324.56795305823,-0.43204694177256897,438.306274787586,44.97919898635805,15105.87352694615,298.9866868094922,25.83668680949222,30.0,101325.0,228.5846171615656,29.692182002451432,12.494221940655013,54599.2153471306,30.53835551043756
2555.0,42.583333333333336,189.0,False,14175.0,37687.472987747824,20000.0,0.0,44.02564631630514,-0.2266095981374088,52.478152192706574,52.27081056270116,1.1656585665704373,302.8209410527175,101324.58080073496,-0.41919926504488103,438.2850182083273,44.84229950498338,15106.935022752867,298.98741428529956,25.837414285299587,30.0,101325.0,228.58959342656905,29.670941052717524,12.456194306939826,54102.193767646444,30.613842600100604
2560.0,42.666666666666664,188.0,False,14100.0,36655.004959084974,20000.0,0.0,43.899712162400306,-0.22864731968410612,52.322944793627975,52.11666826196923,1.1657392787878207,302.7999520270667,101324.57322778123,-0.42677221876510885,438.26352387848704,44.70696768162611,15107.981053090156,298.98813810532107,25.838138105321093,30.0,101325.0,228.59421012168767,29.649952027066718,12.418602133785031,53613.837405386854,30.68864539952632
2565.0,42.75,187.0,False,14025.0,35650.821931928,20000.0,0.0,43.775356340215126,-0.23237078701039057,52.17153349062408,51.96429162016618,1.1658189152310743,302.7792260567025,101324.55921483546,-0.44078516453737393,438.2417813145318,44.57321024840848,15109.013141394722,298.9888583149845,25.83885831498452,30.0,101325.0,228.59848483661403,29.62922605670252,12.381447291224578,53134.05882058417,30.762775883016577
2570.0,42.833333333333336,186.0,False,13950.0,34674.14902387088,20000.0,0.0,43.652710970029034,-0.2306808177683077,52.015656567127444,51.81369594686779,1.165897699522636,302.7587851616715,101324.56560294134,-0.4343970586633077,438.2197784829845,44.4410311196963,15110.034185813362,298.9895749594204,25.839574959420418,30.0,101325.0,228.60245514539704,29.608785161671506,12.344730866582305,52662.76178560939,30.836245897326435
2575.0,42.916666666666664,185.0,False,13875.0,33724.23258081628,20000.0,0.0,43.53167784269749,-0.22827089575159962,51.86078441304674,51.66488098648466,1.1659754899348196,302.7386129737829,101324.57463182166,-0.42536817834479734,438.19750918195393,44.31043485259955,15111.042349555262,298.9902880839775,25.840288083977498,30.0,101325.0,228.60609002244544,29.588612973782915,12.308454125722097,52199.8538122438,30.90906715815828
2580.0,43.0,184.0,False,13800.0,32800.33959541494,20000.0,0.0,43.41211446612817,-0.23213802685601573,51.71506830819748,51.51784218332453,1.1660520759817545,302.7186857443547,101324.56009744071,-0.4399025592865655,438.17496839013387,44.18142486470788,15112.034904723538,298.9909977338811,25.840997733881125,30.0,101325.0,228.60934558324595,29.568685744354696,12.27261801797441,51745.23981802918,30.98125125095708
2585.0,43.083333333333336,183.0,False,13725.0,31901.7571414372,20000.0,0.0,43.29416383606326,-0.23442034214560964,51.56935250863173,51.372589812487455,1.1661277038448714,302.6990273060105,101324.55140492399,-0.4485950760135893,438.1521440868595,44.053999954812404,15113.015041829532,298.99170395361745,25.84170395361747,30.0,101325.0,228.61226382674963,29.549027306010544,12.237222209670113,51298.810083821925,31.052809618944476
2590.0,43.166666666666664,182.0,False,13650.0,31027.79182364027,20000.0,0.0,43.177868214362434,-0.23255673410309616,51.420653019955495,51.22912657527354,1.166202460573248,302.6796447023937,101324.5585091055,-0.44149089450365864,438.1290268815818,43.92815853783383,15113.983889029292,298.9924067875902,25.84240678759022,30.0,101325.0,228.6148569181055,29.52964470239374,12.202266260509397,50860.45541686896,31.123753553319954
2595.0,43.25,181.0,False,13575.0,30177.76924270655,20000.0,0.0,43.06314825632728,-0.23007988558237774,51.273081503067786,51.087446750150406,1.1662762408259535,302.66052470938786,101324.5678632347,-0.4321367653028574,438.1056105207487,43.80389907794951,15114.940081104356,298.99310628015405,25.843106280154075,30.0,101325.0,228.61710094239842,29.51052470938788,12.167749743874865,50430.06866340764,31.194094195042368
2600.0,43.333333333333336,180.0,False,13500.0,29351.033474840428,20000.0,0.0,42.94988150705433,-0.23277874688285863,51.13337602035729,50.94754092370949,1.1663488719224464,302.64164691784237,101324.5576657551,-0.4423342449008487,438.08188993399375,43.68121935912253,15115.881380114904,298.9938024754609,25.843802475460905,30.0,101325.0,228.61895940710932,29.491646917842388,12.133672044200702,50007.542176649404,31.26384253590352
2605.0,43.416666666666664,179.0,False,13425.0,28546.94656562161,20000.0,0.0,42.83815339378339,-0.23567385348452988,50.995732026901194,50.80941034459944,1.1664205136102053,302.62302556563054,101324.54659456966,-0.45340543033671565,438.05785504088186,43.56011382836409,15116.809856388261,298.9944954169919,25.844495416991947,30.0,101325.0,228.6204583690188,29.473025565630564,12.100031618990025,49592.75878598435,31.333009411572014
2610.0,43.5,178.0,False,13350.0,27764.888037724744,20000.0,0.0,42.72802085346416,-0.2353390435206677,50.85615277127483,50.67305337498878,1.1664912812791466,302.604670142244,101324.54788191506,-0.4521180849405937,438.0334966170965,43.440576186237685,15117.727005377741,298.9951851479558,25.845185147955817,30.0,101325.0,228.62161563076793,29.454670142244026,12.066826718399357,49185.600885381784,31.40160549467713
2615.0,43.583333333333336,177.0,False,13275.0,27004.254412125236,20000.0,0.0,42.61945525505428,-0.2326302939536548,50.71562764623634,50.53846247946037,1.1665611550099522,302.58657587584236,101324.558229766,-0.44177023399970494,438.00880769803575,43.32260015895113,15118.632568928979,298.9958717113884,25.84587171138844,30.0,101325.0,228.62242365118396,29.43657587584238,12.034055599708648,48785.953077749014,31.469641296040415
2620.0,43.666666666666664,176.0,False,13200.0,26264.458742421903,20000.0,0.0,42.51236423880505,-0.2316222724780159,50.57889372951564,50.40562562493128,1.1666300143354245,302.56872737313415,101324.5620499828,-0.43795001720718574,437.98378303096325,43.206179341824196,15119.5249857871,298.9965551501039,25.84655515010394,30.0,101325.0,228.62285607923317,29.418727373134175,12.001716483840054,48393.701612144825,31.537127167352843
2625.0,43.75,175.0,False,13125.0,25544.93016191716,20000.0,0.0,42.4066885236374,-0.23472047477143568,50.448743228219385,50.27453184024801,1.1666977923755044,302.55111475393954,101324.55025549978,-0.44974450021982193,437.958416692927,43.091306222397506,15120.403389186538,298.99723550651066,25.847235506510685,30.0,101325.0,228.62289672042672,29.401114753939567,11.969807283999307,48008.731096457486,31.604073301178264
2630.0,43.833333333333336,174.0,False,13050.0,24845.113443105078,20000.0,0.0,42.302514540071456,-0.23683593766675942,50.31923910607298,50.14517746424818,1.166764655076018,302.5337524233452,101324.54211215208,-0.4578878479223931,437.93269934292135,42.9779709610599,15121.269929785194,298.9979128223917,25.84791282239172,30.0,101325.0,228.62257322040853,29.383752423345243,11.938325266961083,47630.92050674572,31.67048972590271
2635.0,43.916666666666664,173.0,False,12975.0,24164.46856922757,20000.0,0.0,42.199865941755434,-0.23615132235932498,50.188253806376764,50.017554498577056,1.166830669079642,302.5166443236259,101324.54475553427,-0.45524446573108435,437.90662334851083,42.866163723678326,15122.125471272158,298.9985871392694,25.848587139269398,30.0,101325.0,228.62189465211006,29.366644323625906,11.907267701021757,47260.15106709075,31.73638630338454
2640.0,44.0,172.0,False,12900.0,23502.47031756802,20000.0,0.0,42.098712481816506,-0.2335015647866817,50.056748078851975,49.89165126530911,1.166895815849662,302.49978541363606,101324.5549144428,-0.4450855572067667,437.8801825594517,42.75587467847853,15122.96977341162,298.9992584983876,25.8492584983876,30.0,101325.0,228.6208541706099,29.349785413636084,11.876631855132924,46896.30619656474,31.801772732039854
2645.0,44.083333333333336,171.0,False,12825.0,22858.607854160746,20000.0,0.0,41.9989758519481,-0.2321524166741763,49.92851309746708,49.76745283384021,1.1669600009388155,302.4831626419913,101324.56004290149,-0.4399570985115133,437.8533721567576,42.64709398248651,15123.801612167048,298.9999269406935,25.849926940693535,30.0,101325.0,228.61943075542888,29.33316264199135,11.846414995135142,46539.27142306678,31.866658549831264
2650.0,44.166666666666664,170.0,False,12750.0,22232.384339603657,20000.0,0.0,41.90058976524449,-0.2347929612811785,49.80666784928182,49.64494442521712,1.1670231496077668,302.46676496087406,101324.54997767619,-0.45002232381375507,437.8261871831228,42.53981117846946,15124.620018916658,299.00059250672456,25.85059250672458,30.0,101325.0,228.61760717950543,29.31676496087408,11.816614216241517,46188.93237899732,31.931053135804923
2655.0,44.25,169.0,False,12675.0,21623.316545669913,20000.0,0.0,41.80362532823506,-0.23705694131059454,49.68611379369264,49.52411827424576,1.1670854063108331,302.4506042213725,101324.54125719654,-0.4587428034574259,437.79861950221584,42.434013831765675,15125.426865788399,299.00125523637064,25.851255236370662,30.0,101325.0,228.61540749671633,29.30060422137251,11.787226064379354,45845.17039248045,31.994965707174007
2660.0,44.333333333333336,168.0,False,12600.0,21030.934482422574,20000.0,0.0,41.70811036182613,-0.23685143890343968,49.56439949153327,49.40496367205421,1.1671468469824398,302.43468506030433,101324.54205221134,-0.4579477886582026,437.7706622072675,42.329689532886626,15126.22313689242,299.00191516919244,25.851915169192466,30.0,101325.0,228.61284297475197,29.284685060304355,11.758247092468507,45507.869062441074,32.05840531790659
2665.0,44.416666666666664,167.0,False,12525.0,20454.781035544784,20000.0,0.0,41.61402581807829,-0.23440306976437947,49.44177452818984,49.28746689756684,1.1672074733274407,302.419004303013,101324.55147102763,-0.4485289723670576,437.7423096996147,42.22682601325331,15127.00885432363,299.00257234442853,25.852572344428552,30.0,101325.0,228.60991102212822,29.26900430301305,11.729673892570364,45176.91458245223,32.12138086210443
2670.0,44.5,166.0,False,12450.0,19894.411613605433,20000.0,20.0,41.521180501262165,-0.23547835394487673,72.61290085101595,72.51695129259004,1.1672671527097873,302.40353008354367,101324.54734648835,-0.4526535116456216,437.7138060676386,42.12541072902067,15127.782299118842,299.0032268009144,25.8532268009144,30.0,101325.0,228.60671314232115,29.253530083543694,11.701502980283522,44852.19435578328,32.18390107664487
2675.0,44.583333333333336,165.0,False,12375.0,19349.39380498812,20000.0,20.0,41.46362527951658,-0.23184048881125072,72.49531013458885,72.40562388990968,1.167304340624424,302.3939375465861,101324.56122438978,-0.4387756102223648,437.55168770294995,42.028060181098844,15128.264254492535,299.00387903958773,25.853879039587753,30.0,101325.0,228.52932334558082,29.243937546586096,11.674461161416346,44541.95622573786,32.24598034788204
2680.0,44.666666666666664,164.0,False,12300.0,18819.30704421878,20000.0,20.0,41.40714918699439,-0.23535538275713255,72.39329875714049,72.30149592896774,1.1673405222530524,302.38452486449904,101324.54781913312,-0.4521808668796439,437.39083302072305,41.93693660991102,15128.73316839956,299.0045295783576,25.854529578357642,30.0,101325.0,228.45239125138187,29.234524864499065,11.649149058308618,44252.86163384037,32.307643415840076
2685.0,44.75,163.0,False,12225.0,18303.74228743442,20000.0,20.0,41.351494670055786,-0.2375213906436001,72.29599357087477,72.20362529866591,1.1673762356056754,302.37524911167594,101324.53945786928,-0.4605421307205688,437.2328197023354,41.85120366203459,15129.196013449553,299.0051784391608,25.855178439160795,30.0,101325.0,228.37684644987365,29.225249111675964,11.625334350565165,43982.01370152493,32.36891763482297
2690.0,44.833333333333336,162.0,False,12150.0,17802.30169674255,20000.0,20.0,41.29664363438121,-0.23946404946838035,72.20388396169425,72.11118707563107,1.1674114433025886,302.36610727239685,101324.53189362459,-0.46810637541057076,437.0775377094655,41.770156091351694,15129.65230520155,299.0058256444478,25.855825644447805,30.0,101325.0,228.3026243891923,29.21610727239687,11.602821136486583,43726.986149521945,32.42982666249731
2695.0,44.916666666666664,161.0,False,12075.0,17314.59833322777,20000.0,20.0,41.24264055322408,-0.23908743093145782,72.11383492269118,72.02348963243321,1.1674462115542907,302.35710675887066,101324.53336490098,-0.4666350990155479,436.9248834632567,41.693197442085186,15130.102901743609,299.0064712167614,25.856471216761406,30.0,101325.0,228.229684142744,29.20710675887068,11.581443733912552,43485.739253318694,32.49039105513817
2700.0,45.0,160.0,True,12000.0,266840.2558583686,20000.0,20.0,41.19659606865753,-0.07941369143636139,71.84248072365939,71.93995624208158,1.1674806265397417,302.34943267810957,101324.94851808663,-0.051481913367751986,436.7747630272074,41.61982872067188,15130.548919955054,299.00711517962645,25.857115179626476,30.0,101325.0,228.15799369536333,29.199432678109588,11.561063533519967,43256.57366938129,32.5506287724456
2705.0,45.083333333333336,159.0,True,11925.0,266378.9082436341,20000.0,20.0,41.636772676538385,0.4561214275593877,71.715707148654,72.42175231538108,1.1672175718691769,302.4227954460897,101326.69834087085,1.6983408708474599,436.6284898809773,41.59036764251623,15127.139731424531,299.00776473993625,25.857764739936272,30.0,101325.0,228.0301940656521,29.27279544608973,11.552879900698953,43164.77967638239,32.61064360115793
2710.0,45.166666666666664,158.0,True,11850.0,265930.1994880364,20000.0,20.0,42.05086710610226,0.44758501786226124,71.76227670357086,72.44189382882266,1.1669505373066287,302.49181118435035,101326.63536610788,1.6353661078755977,436.48402729833253,41.63036217261732,15123.678963493907,299.0084259344671,25.858425934467107,30.0,101325.0,227.90259696300706,29.341811184350377,11.563989492393699,43289.425056385226,32.67068124333347
2715.0,45.25,157.0,True,11775.0,265493.7833434208,20000.0,20.0,42.44916207391452,0.43767233245197656,71.87426063998629,72.5265882226384,1.166693678808159,302.55819367898573,101326.56373118852,1.5637311885220697,436.3409395171944,41.72653541120208,15120.350077353742,299.0090982860296,25.85909828602962,30.0,101325.0,227.77773875483044,29.408193678985754,11.590704280889467,43590.13655319519,32.73101427222901
2720.0,45.333333333333336,156.0,True,11700.0,265069.32304728177,20000.0,20.0,42.83237135934951,0.4286828391167334,72.0388603597373,72.6656395787209,1.1664467168949781,302.6220618932249,101326.50015491064,1.50015491063823,436.1988909097052,41.86789575827787,15117.149450958916,299.0097813640113,25.859781364011326,30.0,101325.0,227.655387300089,29.472061893224918,11.629971043966075,44034.66056415063,32.791864825782724
2725.0,45.416666666666664,155.0,True,11625.0,264656.4910628988,20000.0,20.0,43.20113377551809,0.42251764851672796,72.24534924355879,72.85047416510834,1.16620937485461,302.68352229591966,101326.45731561884,1.457315618841676,436.0576233640043,42.04523105586195,15114.073498115747,299.0104747546001,25.860474754600148,30.0,101325.0,227.53535169573266,29.53352229591968,11.679230848850542,44596.57237023451,32.85341429309827
2730.0,45.5,154.0,True,11550.0,264254.9688265911,20000.0,0.0,43.555425209438226,0.4130909272644667,49.19678996509983,49.745332218662014,1.1659811710387187,302.7425708682397,101326.39301317705,1.3930131770466687,435.9191423427477,42.25083320312796,15111.115976661793,299.0111780602589,25.861178060258908,30.0,101325.0,227.41858217406408,29.592570868239704,11.736342556424434,45254.01160318185,32.915810531968695
2735.0,45.583333333333336,153.0,True,11475.0,263864.4465018965,20000.0,0.0,43.87934807500892,0.40586074786508086,49.459902042592596,49.99143309074169,1.1657727261901436,302.79655801250146,101326.34467711557,1.3446771155722672,435.90010141651567,42.476797224515565,15108.414531424261,299.01189064048503,25.861890640485058,30.0,101325.0,227.36799423068354,29.646558012501487,11.799110340143212,45983.978153923694,32.979170247077796
2740.0,45.666666666666664,152.0,True,11400.0,263484.6227404846,20000.0,0.0,44.193314507308514,0.40010714605680436,49.73960087980876,50.25605096307535,1.1655708627231474,302.84888575121806,101326.30682227205,1.306822272046702,435.87829120556836,42.71700616755255,15105.79838089199,299.01261194441787,25.862611944417893,30.0,101325.0,227.31724916655304,29.698885751218086,11.865835046542374,46768.524947037615,33.04358170756457
2745.0,45.75,151.0,True,11325.0,263115.2044496203,20000.0,0.0,44.49742404068513,0.39151561326369283,50.03157841688081,50.52982414918075,1.1653751863618909,302.8995706734475,101326.25130184024,1.2513018402387388,435.8537868595399,42.96776021525856,15103.262415250107,299.0133416965736,25.863341696573627,30.0,101325.0,227.26630983456423,29.749570673447522,11.935488948682933,47596.97997816539,33.10911330820707
2750.0,45.833333333333336,150.0,True,11250.0,262755.90656599693,20000.0,0.0,44.79210544116779,0.38549107635019403,50.33222516868299,50.81544371466691,1.1651858181338584,302.9486842401946,101326.21308873425,1.21308873425005,435.82658217400484,43.225959495586956,15100.808203014803,299.0140796273326,25.864079627332615,30.0,101325.0,227.21519710497833,29.798684240194632,12.007210970996377,48460.19718088313,33.17581968123419
2755.0,45.916666666666664,149.0,True,11175.0,262406.45183576643,20000.0,0.0,45.07750861130353,0.3793326204238798,50.638534743255995,51.10674089054362,1.1650024542479909,302.99625143521723,101326.17463866872,1.1746386687154882,435.7966892651433,43.48902208062525,15098.431807053963,299.014825474738,25.86482547473804,30.0,101325.0,227.16385851330742,29.846251435217255,12.080283911284791,49350.343093221905,33.243743667535654
2760.0,46.0,148.0,True,11100.0,262066.57060059477,20000.0,0.0,45.35378754775536,0.3705107477638497,50.94800461886871,51.3982554715131,1.1648248143781723,303.04229792462587,101326.12063848333,1.1206384833349148,435.76413534165033,43.75479877266514,15096.129594341113,299.0155789834222,25.86557898342221,30.0,101325.0,227.11225400423797,29.892297924625893,12.154110770184761,50260.67570998642,33.312917986148996
2765.0,46.083333333333336,147.0,True,11025.0,261736.000589579,20000.0,0.0,45.62139967691121,0.36640405633851814,51.25855055868008,51.696510297876294,1.1646531157521283,303.08689994615185,101326.09593414287,1.0959341428679181,435.72895996109764,44.02149960241819,15093.904380147582,299.0163399034275,25.8663399034275,30.0,101325.0,227.06044692644835,29.93689994615187,12.228194334005053,51185.35842931561,33.38336662096795
2770.0,46.166666666666664,146.0,True,10950.0,261414.48671686463,20000.0,0.0,45.880403553781775,0.3618370059866362,51.56845659752724,51.99374600907583,1.164486951010559,303.1300672589636,101326.06878382777,1.0687838277663104,435.6912127228031,44.28765087702904,15091.750885096846,299.01710799233933,25.867107992339356,30.0,101325.0,227.00838403457533,29.98006725896363,12.302125243619177,52119.37330467618,33.455106018005445
2775.0,46.25,145.0,True,10875.0,261101.78088480764,20000.0,0.0,46.13095258819385,0.3546451222549182,51.8763072143912,52.28602080763523,1.16432607396936,303.1718254313656,101326.02671969583,1.026719695830252,435.65095128576604,44.55203692892036,15089.665918642906,299.0178830134914,25.86788301349145,30.0,101325.0,226.95604767242017,30.02182543136564,12.375565813588988,53058.37501397675,33.52814612100451
2780.0,46.333333333333336,144.0,True,10800.0,260797.6417925286,20000.0,0.0,46.373350507056784,0.3477597397988053,52.18093993123859,52.57559131644321,1.164170486880882,303.21222508450944,101325.98723948265,0.9872394826525124,435.6082396920011,44.81365940707118,15087.64950997623,299.0186647358326,25.868664735832624,30.0,101325.0,226.9034718949163,30.062225084509464,12.448238724186439,53998.59720475472,33.602491240600855
2785.0,46.416666666666664,143.0,True,10725.0,260501.8347497119,20000.0,0.0,46.60782402053644,0.3417679699823766,52.481409594978565,52.86219616427991,1.1640200769179778,303.2513040034227,101325.9535130229,0.9535130229050992,435.5631469517125,45.07170660190408,15085.700196856993,299.0194529344182,25.869452934418234,30.0,101325.0,226.85067086410936,30.10130400342274,12.519918500528911,54936.78727393985,33.6781408131555
2790.0,46.5,142.0,True,10650.0,260214.13149550583,20000.0,0.0,46.83458504174098,0.33688361781453025,52.77695389735491,53.145321461559895,1.1638747150689548,303.2890975069568,101325.92645364859,0.9264536485861754,435.51574583978845,45.325523833327026,15083.816307293655,299.02024739021414,25.87024739021416,30.0,101325.0,226.79765750560534,30.13909750695683,12.590423287035284,55870.13829615761,33.75509006702362
2795.0,46.583333333333336,141.0,True,10575.0,259934.31002238407,20000.0,0.0,47.05380877313371,0.33211485235377225,53.066964630578006,53.42320195720837,1.1637342206675019,303.32563479552226,101325.90041040942,0.9004104094201466,435.46611187574706,45.574588764701986,15081.995499850824,299.0210478899822,25.871047889982208,30.0,101325.0,226.74443606975106,30.175634795522285,12.659607990194996,56796.232200532584,33.83333060209077
2800.0,46.666666666666664,140.0,True,10500.0,259662.15440483257,20000.0,0.0,47.26568599769462,0.3270832008506991,53.35096306654517,53.69491750731338,1.1635984447123002,303.3609476662824,101325.87333404309,0.8733340430917451,435.4143224624883,45.81849025820411,15080.235843471411,299.0218542261268,25.8718542261268,30.0,101325.0,226.6910179235647,30.210947666282436,12.727358405056698,57712.99001857028,33.912850895298476
2805.0,46.75,139.0,True,10425.0,259397.4546327296,20000.0,0.0,47.47042056086889,0.3219745505027385,53.62857917222368,53.96031459947113,1.1634672655874412,303.3950700934781,101325.84626621364,0.8462662136444123,435.3604561587772,46.05691052472649,15078.535762013238,299.02266619656274,25.87266619656276,30.0,101325.0,226.63742033738825,30.245070093478148,12.793586256868469,58618.62909045949,33.99363674190197
2810.0,46.833333333333336,138.0,True,10350.0,259140.00644929058,20000.0,0.0,47.668217848332006,0.3171533942051159,53.89953495128459,54.219539682759674,1.1633405708347127,303.4280363080553,101325.8211124527,0.8211124527006177,435.304592068148,46.289610817462,15076.893798017876,299.0234836047211,25.873483604721116,30.0,101325.0,226.58366261586187,30.278036308055334,12.858225227072777,59511.62905855276,34.07567164339434
2815.0,46.916666666666664,137.0,True,10275.0,258889.61119345232,20000.0,0.0,47.85930584367463,0.31397351331858075,54.16362909953109,54.473968259904225,1.1632182906094264,303.4598843072791,101325.80472952707,0.8047295270662289,435.24680932441504,46.51641825378865,15075.309046298167,299.0243062593677,25.8743062593677,30.0,101325.0,226.52977234684266,30.309884307279106,12.92122729271907,60390.69822940663,34.15893714845542
2820.0,47.0,136.0,True,10200.0,258646.07564657534,20000.0,0.0,48.04384804214453,0.3114847406121602,54.4207264889293,54.7223569409129,1.1631002592550308,303.4906413403574,101325.79202239701,0.7920223970140796,435.1871866638921,46.73721678402058,15073.7793599452,299.02513397478486,25.875133974784887,30.0,101325.0,226.47575822182466,30.340641340357422,12.982560217783496,61254.75254329631,34.243413155936466
2825.0,47.083333333333336,135.0,True,10125.0,258409.2118833458,20000.0,0.0,48.22197900051174,0.30769380644986366,54.67074675372336,54.96230230051931,1.1629862720086277,303.5203298334186,101325.7728610492,0.7728610492049484,435.12580206783986,46.951937389017566,15072.302085231815,299.02596657055824,25.875966570558262,30.0,101325.0,226.421620905268,30.370329833418623,13.042204830282657,62102.888806829455,34.329078184651834
2830.0,47.166666666666664,134.0,True,10050.0,258178.8371267621,20000.0,0.0,48.393849451576784,0.3012570828309518,54.91365474965377,55.19220369269424,1.1628761569998567,303.5489749085961,101325.740863918,0.740863918006653,435.06273246336286,47.160549886439505,15070.874994718142,299.0268038714015,25.876803871401535,30.0,101325.0,226.3673669028988,30.39897490859613,13.100152746233197,62934.36161359334,34.415909608554905
2835.0,47.25,133.0,True,9975.0,257954.77360709425,20000.0,0.0,48.55977021076717,0.2972654376945721,55.14945041950207,55.41799009966538,1.162770004258851,303.5766283684612,101325.72136114651,0.7213611465122085,434.9980534782998,47.36305422714644,15069.499255194707,299.02764570670377,25.877645706703788,30.0,101325.0,226.31305300506767,30.426628368461195,13.156403951985121,63748.55591839003,34.503883856841
2840.0,47.333333333333336,132.0,True,9900.0,257736.84842470684,20000.0,0.0,48.71993088809029,0.29631590226634047,55.378167337411334,55.64038814971845,1.1626677182658305,303.6033218146817,101325.71676011376,0.7167601137625752,434.93183924921095,47.55947924504239,15068.173628725164,299.02849191113665,25.878491911136678,30.0,101325.0,226.25869907571473,30.453321814681715,13.21096645695622,64544.98769042364,34.59297659545823
2845.0,47.416666666666664,131.0,True,9825.0,257524.89341664044,20000.0,0.0,48.87428498910606,0.2895183128169648,55.59986923381681,55.84910697547294,1.1625688355290964,303.6290474981843,101325.68425186495,0.6842518649500562,434.86416226300884,47.74987967264122,15066.89210845709,299.0293423248372,25.87934232483724,30.0,101325.0,226.20425250477578,30.479047498184343,13.263855464622562,65323.296789227184,34.68316290412466
2850.0,47.5,130.0,True,9750.0,257318.7450268478,20000.0,0.0,49.02328160461661,0.28818037033055743,55.81463292330969,56.057389590669146,1.1624736884343452,303.6538802674361,101325.67794225179,0.6779422517865896,434.7950932136227,47.93432147929749,15065.659002109114,299.03019679156023,25.88019679156025,30.0,101325.0,226.14981461017658,30.503880267436102,13.315089299804859,66083.19056987559,34.77441740923514
2855.0,47.583333333333336,129.0,True,9675.0,257118.2441799852,20000.0,0.0,49.166880453653675,0.2838116349723888,56.02256090817891,56.255450168790595,1.1623818387487743,303.67781340894226,101325.65754321752,0.6575432175159222,434.7247009280482,48.11289269528951,15064.468630184116,299.0310551609093,25.88105516090934,30.0,101325.0,226.09533577868456,30.52781340894228,13.364692415358197,66824.49059649903,34.86671441004513
2860.0,47.666666666666664,128.0,True,9600.0,256923.236158661,20000.0,0.0,49.30536189207055,0.2812483007727703,56.223764785094545,56.449029220665224,1.1622933660329444,303.7008936486784,101325.64571923827,0.6457192382658832,434.65305226928206,48.285689161266575,15063.32202378696,299.03191728637006,25.881917286370083,30.0,101325.0,226.04086610671084,30.550893648678425,13.41269143368516,67547.07590093157,34.96002799789056
2865.0,47.75,127.0,True,9525.0,256733.57048404746,20000.0,0.0,49.4387959851764,0.276691873460216,56.4183708206278,56.63382887739902,1.162208023317458,303.72313266419604,101325.62496647215,0.6249664721544832,434.580212100454,48.45281931657692,15062.215982194257,299.0327830263968,25.88278302639685,30.0,101325.0,225.98639112606952,30.573132664196066,13.459116476826921,68250.90389561187,35.05433215052705
2870.0,47.833333333333336,126.0,True,9450.0,256549.10079976308,20000.0,0.0,49.567480070938245,0.2761691117954364,56.60651089956756,56.816994088454635,1.1621259329683118,303.744580011823,101325.62260716988,0.6226071698765736,434.50624323281795,48.61439642556607,15061.152091269321,299.033652243374,25.883652243374,30.0,101325.0,225.93196711693798,30.59458001182304,13.503999007101685,68935.97853903272,35.149600818884444
2875.0,47.916666666666664,125.0,True,9375.0,256369.68475893582,20000.0,0.0,49.691325690662666,0.2692337044412502,56.788329835385824,56.98650853130877,1.16204661204152,303.76522094844375,101325.59172887843,0.5917288784257835,434.43120642393666,48.77054485589815,15060.124092058099,299.034524804835,25.884524804834996,30.0,101325.0,225.87753159677797,30.615220948443778,13.54737357108282,69602.37721006926,35.24580801037688
2880.0,48.0,124.0,True,9300.0,256195.18391436074,20000.0,0.0,49.8107924699043,0.26941894944062417,56.96396926767315,57.15826238842957,1.1619704568222544,303.78513207831736,101325.59254343116,0.5925434311648132,434.35516034534646,48.9213862494673,15059.137120416417,299.0354005813348,25.885400581334807,30.0,101325.0,225.82319191999474,30.635132078317383,13.58927395818536,70250.1918881826,35.34292785002844
2885.0,48.083333333333336,123.0,True,9225.0,256025.46361166643,20000.0,0.0,49.925816046112914,0.2675166646957745,57.1335828512519,57.321689900399754,1.1618970387922143,303.80430267435213,101325.58420543584,0.5842054358363384,434.2781616087482,49.067052567002534,15058.185622747096,299.03627944869703,25.886279448697053,30.0,101325.0,225.76889403179993,30.654302674352152,13.629736824167372,70879.58451627704,35.440934639198204
2890.0,48.166666666666664,122.0,True,9150.0,255860.39288540842,20000.0,0.0,50.03650006332066,0.26172549852963295,57.29732409352084,57.474846567076,1.161826204507316,303.8227500105534,101325.55918560474,0.5591856047394685,434.2002647661687,49.20767564262364,15057.267610414816,299.03716128637444,25.887161286374464,30.0,101325.0,225.7146362910378,30.672750010553443,13.668798789617679,71490.741959436,35.539802921473004
2895.0,48.25,121.0,True,9075.0,255699.84435800902,20000.0,0.0,50.14313507544932,0.25884293489108845,57.45534532824632,57.625791868316504,1.1617581055178476,303.84052251257486,101325.54693604035,0.5469360403512837,434.12152232512443,49.34338630251984,15056.385047511305,299.0380459773513,25.88804597735134,30.0,101325.0,225.66047524404627,30.690522512574887,13.7064961951444,72083.87124456647,35.63950751397578
2900.0,48.333333333333336,120.0,True,9000.0,255543.69414146594,20000.0,0.0,50.24585327769091,0.2588225168946189,57.607802046878355,57.774623883287575,1.1616926496974374,303.85764221294846,101325.54684975716,0.5468497571564512,434.0419847845045,49.47431808473953,15055.536740078787,299.0389334087789,25.88893340877894,30.0,101325.0,225.60641903594058,30.707642212948485,13.74286613464987,72659.21495354091,35.740023546057806
2905.0,48.416666666666664,119.0,True,8925.0,255391.82174175343,20000.0,0.0,50.344700252047005,0.2577166145576952,57.75485086814389,57.91690352821543,1.161629615221028,303.8741167086745,101325.54218655852,0.5421865585230989,433.96170066347537,49.600605495450964,15054.719813264523,299.03982347169637,25.88982347169639,30.0,101325.0,225.5524496007758,30.7241167086745,13.7779459709586,73217.04294097194,35.84132650292899
2910.0,48.5,118.0,True,8850.0,255244.10996584268,20000.0,20.0,50.43994007082347,0.25419064163695193,81.1846113994347,81.28260358461675,1.1615687700788808,303.8899900118039,101325.52745210037,0.527452100373921,433.88122948890447,49.72238386552455,15053.931260222294,299.04071606100325,25.890716061003275,30.0,101325.0,225.49881250005876,30.73999001180391,13.811773295979043,73757.65092184646,35.943392262555946
2915.0,48.583333333333336,117.0,True,8775.0,255100.44483126904,20000.0,20.0,50.498265406388896,0.25326920837478556,81.31834793402325,81.41233754931527,1.1615315710341416,303.8997109010648,101325.523635036,0.5236350360064534,433.6965159165553,49.837238513969574,15053.449160602477,299.04161062721334,25.891610627213367,30.0,101325.0,225.3955937980849,30.749710901064816,13.84367736499155,74269.95494292506,36.04618921107315
2920.0,48.666666666666664,116.0,True,8700.0,254960.7154781772,20000.0,20.0,50.55291421978666,0.25073268458937126,81.44156865085158,81.52985675001347,1.1614966403494644,303.9088190366311,101325.51319901324,0.5131990132358624,433.51203827993976,49.9430620434636,15052.996458929058,299.04250658296525,25.892506582965268,30.0,101325.0,225.2929438474808,30.75881903663111,13.873072789851,74744.07085861336,36.14967117343533
2925.0,48.75,115.0,True,8625.0,254824.8140837755,20000.0,20.0,50.604898188959965,0.2486936852762547,81.55539783933762,81.63869990912328,1.1614634334388896,303.9174830314933,101325.50488611507,0.504886115071713,433.3304024669789,50.04082000815566,15052.56609736801,299.0434038517764,25.89340385177644,30.0,101325.0,225.19211070986154,30.767483031493327,13.90022778004324,75183.84004208677,36.25378777822748
2930.0,48.833333333333336,114.0,True,8550.0,254692.63577913409,20000.0,20.0,50.65434005073598,0.2471878990783654,81.66081034793649,81.73987664452103,1.1614318729189113,303.9257233417893,101325.49879067307,0.4987906730675604,433.1515856727145,50.13134962038227,15052.15707302909,299.0443023608064,25.89430236080642,30.0,101325.0,225.09306698995053,30.77572334178933,13.92537489455063,75592.62739645308,36.35849365839313
2935.0,48.916666666666664,113.0,True,8475.0,254564.07856826216,20000.0,20.0,50.701345612261775,0.245707689128869,81.75865306744613,81.83363672607238,1.1614018673215303,303.9335576020436,101325.49283484487,0.49283484487386886,432.9755599064297,50.215378200805404,15051.768200487033,299.04520204060117,25.89520204060119,30.0,101325.0,224.99577990787796,30.78355760204363,13.948716166890389,75973.3827974173,36.46374783213888
2940.0,49.0,112.0,False,8400.0,124439.04324940256,20000.0,20.0,50.743775089287055,0.20998475914080195,81.84966321962297,81.88091151283608,1.1613733226473355,303.9406291815478,101325.35994774752,0.3599477475218009,432.8022928942114,50.29353888490985,15051.398261509468,299.04610282487624,25.896102824876266,30.0,101325.0,224.90021401009645,30.790629181547843,13.970427468030515,76328.69501470057,36.56951316395285
2945.0,49.083333333333336,111.0,False,8325.0,121029.97059244383,20000.0,20.0,50.528151881603776,-0.09123088793129445,82.01631843227118,81.7066257750081,1.161505751851142,303.9046919802673,101324.93205653132,-0.0679434686753666,432.6312150099475,50.34543362767573,15053.114543990801,299.0470009585752,25.897000958575234,30.0,101325.0,224.83695036977656,30.754691980267296,13.98484267435437,76565.21525093679,36.67568949052621
2950.0,49.166666666666664,110.0,False,8250.0,117714.29126347086,20000.0,20.0,50.3164489269011,-0.10255164074118958,82.04264956799626,81.72921683593006,1.1616404148944868,303.8694081544835,101324.91414825291,-0.08585174709151033,432.4630092438181,50.356726391405395,15054.859777032549,299.04789301870585,25.897893018705872,30.0,101325.0,224.7755915001178,30.719408154483517,13.987979553168167,76616.74883282937,36.78206585447327
2955.0,49.25,109.0,False,8175.0,114489.44670342962,20000.0,20.0,50.10648713092121,-0.1368104185130578,82.0560127714298,81.71210800749115,1.1617734374006736,303.8344145218202,101324.84720742356,-0.15279257643851452,432.29780242692124,50.33394410386247,15056.58374871273,299.04877905941305,25.898779059413073,30.0,101325.0,224.7154539456109,30.6844145218202,13.981651139961798,76512.80749178682,36.88840582414314
2960.0,49.333333333333336,108.0,False,8100.0,111352.9484463292,20000.0,20.0,49.899036526749114,-0.13357051457206962,81.99249744669413,81.66179842454055,1.1619057394650913,303.79983942112483,101324.85435851132,-0.14564148867793847,432.1356487904343,50.28263623358582,15058.298383467585,299.04965913944847,25.899659139448488,30.0,101325.0,224.65674470121778,30.649839421124852,13.967398953773838,76279.06608952334,36.99451129190794
2965.0,49.416666666666664,107.0,False,8025.0,108302.37619900571,20000.0,20.0,49.69369986647064,-0.1420860541698001,81.91494956122845,81.58369717637801,1.1620364220803547,303.76561664441175,101324.83519635274,-0.1648036472615786,431.97659093890474,50.20752157692395,15059.992030161398,299.0505333212331,25.900533321233127,30.0,101325.0,224.59931285667614,30.615616644411773,13.946533771367763,75937.72832677333,37.10021739914148
2970.0,49.5,106.0,False,7950.0,105335.37597349202,20000.0,0.0,49.49105354200242,-0.1429162342461779,58.5174265120493,58.23913947902491,1.16216561610683,303.7318422570004,101324.83326489787,-0.16673510213149711,431.82150286917647,50.11259898922305,15061.666384744514,299.0514016681413,25.901401668141318,30.0,101325.0,224.54363905564372,30.581842257000403,13.920166385895293,75507.83737597137,37.205387930879496
2975.0,49.583333333333336,105.0,False,7875.0,102449.65827055216,20000.0,0.0,49.316165194916266,-0.15848546252724816,58.40838349475601,58.117766890890344,1.1622767162751155,303.7026941991527,101324.79495802586,-0.20504197414265946,431.75855354789405,50.003382221358756,15063.106242925498,299.05226461879795,25.90226461879797,30.0,101325.0,224.53236861419103,30.55269419915271,13.889828394821876,75015.22102568555,37.30991783254731
2980.0,49.666666666666664,104.0,False,7800.0,99642.99631297897,20000.0,0.0,49.14156521095515,-0.16078436470190158,58.27218397565756,57.984696062879316,1.1623880245251215,303.67359420182584,101324.7889664332,-0.2110335667966865,431.69572487010436,49.884113428102644,15064.548797845573,299.0531225554545,25.9031225554545,30.0,101325.0,224.52119485199495,30.52359420182586,13.856698174472957,74479.71816544808,37.413733762541156
2985.0,49.75,103.0,False,7725.0,96913.22432729114,20000.0,0.0,48.96719166822686,-0.16664817794046508,58.130260786515024,57.84172848578229,1.1624990985413577,303.64453194470445,101324.77329293705,-0.226707062945934,431.6330824424106,49.75636416265529,15065.988317095997,299.05397548409445,25.903975484094474,30.0,101325.0,224.51006647112712,30.494531944704477,13.821212267404247,73908.97231275708,37.51678146426213
2990.0,49.833333333333336,102.0,False,7650.0,94258.23587250437,20000.0,0.0,48.793260286937425,-0.1698831639060134,57.9769790392202,57.690438630062,1.1626099895003015,303.6155433811562,101324.76440580099,-0.23559419900993817,431.57065108305994,49.621488849289676,15067.425463923906,299.05482341514977,25.904823415149792,30.0,101325.0,224.4990063114053,30.465543381156238,13.783746902580466,73309.56164628011,37.61901655728924
2995.0,49.916666666666664,101.0,False,7575.0,91675.98221468655,20000.0,0.0,48.61982878171318,-0.17494815874494818,57.818891159223256,57.53217407206208,1.1627205209250582,303.5866381302855,101324.75014809593,-0.24985190406732727,431.508451322428,49.480655958742,15068.857951188755,299.05566636297334,25.905666362973363,30.0,101325.0,224.4879910276855,30.43663813028553,13.74462665520611,72687.14240939177,37.7204031573279
3000.0,50.0,100.0,False,7500.0,89164.47074604286,20000.0,0.0,48.44705643581949,-0.1784460343812432,57.65320964014199,57.36809989219499,1.1628307003823732,303.5578427393032,101324.74005724746,-0.2599427525419742,431.4464962640478,49.33486867291228,15070.285876955557,299.0565043444781,25.90650434447815,30.0,101325.0,224.47702896268757,30.40784273930325,13.704130186920077,72046.5484471772,37.82091266486719
3005.0,50.083333333333336,99.2,False,7440.0,86721.76344731096,20000.0,0.0,48.27511762271172,-0.17652863157121534,57.476464038940705,57.19922468152247,1.1629405480652923,303.52918627045193,101324.745613406,-0.2543865939951502,431.3849503751418,49.18499469012501,15071.709502926189,299.05733737994933,25.907337379949354,30.0,101325.0,224.46620965808512,30.379186270451953,13.662498525034724,71391.9323221502,37.920522720956995
3010.0,50.166666666666664,98.4,False,7380.0,84345.97539227952,20000.0,0.0,48.103854486171485,-0.1867796763078178,57.31000697398477,57.026400274404715,1.1630495721986458,303.5006424143619,101324.71521104097,-0.28478895903390367,431.3239752822899,49.031788186466706,15073.122455694449,299.0581654931939,25.908165493193906,30.0,101325.0,224.45552240298292,30.350642414361914,13.619941162907418,70726.87132865684,38.019216334603385
3015.0,50.25,97.6,False,7320.0,82035.27329327642,20000.0,0.0,47.93366688886499,-0.18831037925249494,57.13027055930457,56.85040223746494,1.1631582249810914,303.4722778148108,101324.71052409033,-0.2894759096670896,431.263561918004,48.87589754901068,15074.530595754944,299.0589887098499,25.90898870984995,30.0,101325.0,224.44504988631903,30.322277814810832,13.576638208058522,70054.41128559984,38.11698111419662
3020.0,50.333333333333336,96.8,False,7260.0,79787.87408650386,20000.0,0.0,47.764539364991265,-0.18732078425541174,56.94513078846483,56.671876308298906,1.1632663094159676,303.4440898941652,101324.71355856152,-0.286441438482143,431.2037050013764,48.71788673803484,15075.93137003094,299.0598070583054,25.909807058305432,30.0,101325.0,224.43475146395735,30.29408989416521,13.53274631612079,69377.16908488426,38.21380860056501
3025.0,50.416666666666664,96.0,False,7200.0,77602.04355612912,20000.0,0.0,47.596428641917555,-0.19100556538647406,56.763534361559195,56.491379787919435,1.1633735986527924,303.41607144031957,101324.7021785632,-0.2978214368049521,431.1443973255218,48.55824462007516,15077.321838540189,299.06062056899844,25.910620568998468,30.0,101325.0,224.42457974950418,30.266071440319593,13.48840128335421,68697.38191182642,38.30969370542384
3030.0,50.5,95.2,False,7140.0,75476.09499606905,20000.0,0.0,47.429467568305085,-0.19493990509393347,56.5808213914624,56.30940782337796,1.1634801612370151,303.3882445947175,101324.68978312981,-0.3102168701880146,431.0856270361236,48.397394041948814,15078.702889631717,299.0614292739976,25.911429273997612,30.0,101325.0,224.41454193543623,30.238244594717514,13.443720567208004,68016.95468805653,38.404634216951536
3035.0,50.583333333333336,94.4,False,7080.0,73408.38790843559,20000.0,0.0,47.26374443897828,-0.19731922041598818,56.39531861518665,56.12638853679826,1.1635860068361463,303.360624073163,101324.68216428779,-0.31783571220876183,431.02738139293314,48.235702566936986,15080.074648596457,299.0622332071195,25.912233207119527,30.0,101325.0,224.40463338746108,30.210624073163046,13.398806268593606,67337.51355485899,38.498630375453565
3040.0,50.666666666666664,93.6,False,7020.0,71397.32673763805,20000.0,0.0,47.09929650850597,-0.19917210658951476,56.20859636490118,55.94269151374331,1.1636910749845706,303.333216084751,101324.67616711801,-0.32383288198616356,430.969647138484,48.07349022117838,15081.436331800036,299.0630324037853,25.913032403785337,30.0,101325.0,224.39483567375243,30.183216084750995,13.353747283660661,66660.44551362454,38.59168451369557
3045.0,50.75,92.8,False,6960.0,69441.35963916554,20000.0,0.0,46.93611560675697,-0.20386695128436963,56.024901773720124,55.75863592631664,1.1637952433152376,303.3060192677928,101324.6607205402,-0.33927945980394725,430.912410639177,47.91103610930749,15082.78635336548,299.06382690088753,25.913826900887557,30.0,101325.0,224.38511823444688,30.15601926779283,13.308621141474301,65986.93234923364,38.683800748322554
3050.0,50.833333333333336,92.0,False,6900.0,67538.97728209892,20000.0,0.0,46.7742690461248,-0.20990138245523074,55.8427681477728,55.57450507933399,1.163898520159781,303.2790448410208,101324.6403380379,-0.35966196209483314,430.8556562738592,47.748582987892,15084.12482127076,299.06461673648647,25.914616736486494,30.0,101325.0,224.3754746794575,30.1290448410208,13.263495274414444,65317.97522047421,38.77498471191263
3055.0,50.916666666666664,91.2,False,6840.0,65688.71168442874,20000.0,0.0,46.61390199702441,-0.21130641031570913,55.65549103744236,55.39055191268751,1.1640010475381612,303.25231699950405,101324.63550694661,-0.36449305339192506,430.7993666088123,47.58634197953465,15085.453576094571,299.0654019496742,25.91540194967422,30.0,101325.0,224.36592343875353,30.10231699950407,13.218428327648514,64654.4191477398,38.865243319112786
3060.0,51.0,90.4,False,6780.0,63889.13508028038,20000.0,0.0,46.45503557249856,-0.20903839087535586,55.46440002210648,55.206990539256594,1.1641027777403048,303.22583926208307,101324.64328939706,-0.35671060293680057,430.7435255601711,47.42449858802116,15086.77199951435,299.0661825807744,25.916182580774432,30.0,101325.0,224.3564470603788,30.075839262083093,13.173471830005878,63996.982021969634,38.954584569925075
3065.0,51.083333333333336,89.6,False,6720.0,62138.85881817185,20000.0,0.0,46.29746537169933,-0.21645558430816464,55.28524085958419,55.02399395462044,1.1642033107532495,303.19957756194987,101324.61752636752,-0.382473632475012,430.68811996265765,47.26321721162212,15088.074907362112,299.0669586714011,25.91695867140112,30.0,101325.0,224.3469617232934,30.04957756194989,13.128671447672811,63346.27658600799,39.04301738840284
3070.0,51.166666666666664,88.8,False,6660.0,60436.53228945463,20000.0,0.0,46.14155015528422,-0.21506889233530088,55.09664654029503,54.84174845920841,1.1643031540554543,303.17359169254735,101324.62241119632,-0.37758880367618985,430.6331280816669,47.10263668717707,15089.368876558687,299.0677302631296,25.917730263129613,30.0,101325.0,224.33755403348206,30.02359169254737,13.084065746438073,62702.795845172535,39.13055146648005
3075.0,51.25,88.0,False,6600.0,58780.84188611032,20000.0,0.0,45.98706126659533,-0.2190405135585071,54.91525531951858,54.66038250326527,1.1644018835018344,303.14784354443253,101324.60833676261,-0.39166323738754727,430.5785366308502,46.94288396277672,15090.648410183774,299.0684973992279,25.91849739922793,30.0,101325.0,224.32813546143632,29.997843544432556,13.0396899896602,62066.97108664551,39.217197137960476
3080.0,51.333333333333336,87.2,False,6540.0,57170.50998709909,20000.0,0.0,45.83418898970933,-0.21917614874509306,54.730486392526714,54.480033673054784,1.164499750813248,303.1223648316182,101324.60785155772,-0.3921484422753565,430.52432609314155,46.78406640706255,15091.916770539694,299.0692601229414,25.91926012294141,30.0,101325.0,224.31874446198827,29.972364831618222,12.995574001961819,61439.143477700585,39.302965273074605
3085.0,51.416666666666664,86.4,False,6480.0,55604.29397247748,20000.0,0.0,45.6828136040823,-0.22310099583041632,54.55133164557232,54.30080472927269,1.1645965186945266,303.09713560068036,101324.59368118906,-0.40631881094304845,430.47048141980116,46.626281169157245,15093.170882281065,299.07001847863546,25.920018478635484,30.0,101325.0,224.3093276016342,29.947135600680383,12.951744769210345,60819.60359104625,39.38786718076124
3090.0,51.5,85.6,False,6420.0,54080.985264525174,20000.0,0.0,45.53314163871835,-0.2206507479115192,54.366051153653025,54.122805340108165,1.1646924765678548,303.0721902731197,101324.60255712201,-0.397442877991125,430.4169828814326,46.46961015803812,15094.4144963194,299.07077251062657,25.92077251062659,30.0,101325.0,224.2999304637135,29.922190273119725,12.908225043899478,60208.57349925928,39.471914525962845
3095.0,51.583333333333336,84.8,False,6360.0,52599.408395140454,20000.0,0.0,45.384903716219355,-0.22708206885042195,54.19249886258151,53.94610381193361,1.1647871593421746,303.0474839527032,101324.57905088985,-0.4209491101501044,430.3638176385685,46.31412990713275,15095.641585074582,299.0715222644985,25.92152226449855,30.0,101325.0,224.29045690194536,29.897483952703226,12.865036085314653,59606.247093998514,39.555119262485945
3100.0,51.666666666666664,84.0,False,6300.0,51158.42009878485,20000.0,0.0,45.23844442790153,-0.2247478892680648,54.01019759762208,53.77079615822909,1.1648810872029254,303.0230740713169,101324.58766029608,-0.41233970392204355,430.3109642009357,46.159901425940205,15096.858890149913,299.07226778516826,25.922267785168287,30.0,101325.0,224.28099600299248,29.87307407131692,12.822194840538947,59012.752073167816,39.637493567463146
3105.0,51.75,83.2,False,6240.0,49756.90843027712,20000.0,0.0,45.09353203255432,-0.2265198565997507,53.83420364851365,53.596933498920315,1.1649738649074741,302.9989220054257,101324.58113269033,-0.41886730966507457,430.2584094269551,46.00698360145371,15098.061289200865,299.07300911885386,25.923009118853884,30.0,101325.0,224.271464920741,29.84892200542572,12.779717667070475,58428.20317963432,39.7190497863887
3110.0,51.833333333333336,82.4,False,6180.0,48393.791906755716,20000.0,0.0,44.950200247321504,-0.2310361019680593,53.6629884390548,53.42457545479168,1.1650655254778453,302.97503337455356,101324.56426383337,-0.43573616663343273,430.20613656656377,45.85542554173499,15099.249210192875,299.0737463116057,25.923746311605726,30.0,101325.0,224.26186139825776,29.825033374553584,12.737618206037498,57852.6736571284,39.79980039530312
3115.0,51.916666666666664,81.6,False,6120.0,47068.01867314752,20000.0,0.0,44.808630335759176,-0.22927044515148648,53.48608972269919,53.253783213853886,1.1651563414093786,302.9514383892932,101324.5708984733,-0.4291015266935574,430.154127026338,45.70526831569904,15100.426184665546,299.0744794094097,25.92447940940974,30.0,101325.0,224.25222830121882,29.801438389293196,12.695907865471954,57286.20316760411,39.87975794865363
3120.0,52.0,80.8,False,6060.0,45778.56569049916,20000.0,0.0,44.66868948536023,-0.2284081286854213,53.311919141590735,53.08459248680087,1.1652460878448403,302.9281149142267,101324.57412021837,-0.4258797816291917,430.1023668311111,45.556550706797495,15101.58929846913,299.07520845896863,25.925208458968655,30.0,101325.0,224.24251516243467,29.778114914226705,12.65459741855486,56728.8204046162,39.95893504835656
3125.0,52.083333333333336,80.0,False,6000.0,44524.43794654434,20000.0,0.0,44.530290447441985,-0.23316378983698444,53.146005252095286,52.91703627108298,1.1653346163512637,302.905048407907,101324.55620120089,-0.4437987991113914,430.0508415765027,45.40930607276523,15102.736627912376,299.0759335070386,25.92593350703862,30.0,101325.0,224.2326860143203,29.755048407906997,12.613696131323676,56180.531826573344,40.03734432073934
3130.0,52.166666666666664,79.2,False,5940.0,43304.66768789806,20000.0,0.0,44.39359800296438,-0.23512213960195788,52.978579688765734,52.75115753543392,1.1654221839063728,302.8822663338274,101324.54871493444,-0.45128506555920467,429.99953363462606,45.26356050527336,15103.87150342659,299.07665459999725,25.926654599997278,30.0,101325.0,224.2227812185226,29.732266333827397,12.573211251464823,55641.31562185882,40.11499838146741
3135.0,52.25,78.4,False,5880.0,42118.313673285316,20000.0,0.0,44.25862850662247,-0.23357409583387873,52.80884429582791,52.586985668755396,1.1655088137943987,302.8597714177704,101324.55463789188,-0.4453621081192978,429.9484277104416,45.11933762006882,15104.994226775409,299.07737178451384,25.927371784513866,30.0,101325.0,224.21279736985707,29.709771417770412,12.533149338908006,55111.1402037492,40.191909809124084
3140.0,52.333333333333336,77.6,False,5820.0,40964.46044722801,20000.0,0.0,44.125313613513185,-0.2319690159127316,52.6408398835011,52.42454098766573,1.1655943971833238,302.83755226891884,101324.56073776046,-0.43926223953894805,429.8975099340921,44.976658359331864,15106.103387495876,299.07808510741177,25.92808510741179,30.0,101325.0,224.20270638875033,29.687552268918864,12.493516210925518,54589.963843541605,40.268091131379144
3145.0,52.416666666666664,76.8,False,5760.0,39842.21763362954,20000.0,0.0,43.99357164716196,-0.2344120153439384,52.47936723176887,52.2638394441377,1.1656788067980581,302.81559527452697,101324.55143679235,-0.4485632076539332,429.8467668767031,44.83554057888253,15107.197336102834,299.0787946155063,25.92879461550632,30.0,101325.0,224.19247688578517,29.665595274526993,12.45431682746737,54077.73354015292,40.343554810117816
3150.0,52.5,76.0,False,5700.0,38750.71924871201,20000.0,0.0,43.86346303368316,-0.23763847197503188,52.32064057362161,52.10490205636106,1.1657621445450859,302.79391050561384,101324.53900372765,-0.4609962723479839,429.7961834690383,44.69599763568743,15108.277393304314,299.07950035528705,25.929500355287075,30.0,101325.0,224.182120697725,29.64391050561386,12.415554898802064,53574.38033744709,40.41831322253281
3155.0,52.583333333333336,75.2,False,5640.0,37689.12303277596,20000.0,0.0,43.735033751753235,-0.2391549446093653,52.16176912836038,51.947745878803566,1.1658444916421578,302.7725056252922,101324.53310132628,-0.4668986737233354,429.7457451437618,44.55804033146156,15109.344611682363,299.0802023731611,25.930202373161137,30.0,101325.0,224.17164593309624,29.622505625292206,12.37723342540599,53079.82680806385,40.49237864416164
3160.0,52.666666666666664,74.4,False,5580.0,36656.609800266786,20000.0,0.0,43.608282805457065,-0.23880787659755634,52.00258446672217,51.792382478567845,1.1659258566428867,302.75138046757615,101324.53445549449,-0.4655445055104792,429.6954382646138,44.42167757364645,15110.399102091813,299.08090071549196,25.930900715491987,30.0,101325.0,224.161047205839,29.601380467576178,12.339354881568458,52593.98970474516,40.565763238962205
3165.0,52.75,73.6,False,5520.0,35652.382807646485,20000.0,0.0,43.48318790228757,-0.2374239560794883,51.844057284846556,51.6388197281024,1.1660062162499838,302.7305313170479,101324.5398356333,-0.4601643666974269,429.64524977326244,44.28691632037696,15111.44056259979,299.08159542852695,25.931595428526975,30.0,101325.0,224.15031330534558,29.580531317047928,12.301921200104712,52116.779986000336,40.63847905124744
3170.0,52.833333333333336,72.8,False,5460.0,34675.6671385829,20000.0,0.0,43.359717517765716,-0.23624668478750263,51.68764141954313,51.487062742556276,1.1660855344140595,302.7099529196276,101324.54438778716,-0.45561221284151543,429.59516702482415,44.15376164358968,15112.46852600621,299.0822865583506,25.932286558350597,30.0,101325.0,224.13943078546103,29.55995291962762,12.264933789886024,51648.10325410904,40.710537997941955
3175.0,52.916666666666664,72.0,False,5400.0,33725.709105981965,20000.0,0.0,43.237837870672706,-0.2366117864707164,51.53489600827818,51.33711448455313,1.1661637733188912,302.6896396451121,101324.54297846941,-0.4570215305866441,429.54517769411547,44.02221682675683,15113.48250221283,299.0829741508482,25.932974150848224,30.0,101325.0,224.12838602840358,29.539639645112118,12.228393562988009,51187.86029658316,40.78195186151882
3180.0,53.0,71.2,False,5340.0,32801.775670401665,20000.0,0.0,43.11753894054766,-0.23860738127434183,51.38592524696404,51.18897742592546,1.1662409347087774,302.6695898234246,101324.53523687838,-0.4647631216212176,429.4952694370615,43.89228323451696,15114.482513825757,299.08365825163673,25.933658251636757,30.0,101325.0,224.11717301027952,29.51958982342461,12.192300898476933,50735.946815552525,40.85273228312447
3185.0,53.083333333333336,70.4,False,5280.0,31903.153874398766,20000.0,0.0,42.998843772646865,-0.2406237455877713,51.2388541573051,51.04265418955253,1.1663170745679143,302.6498072954411,101324.52734867804,-0.4726513219648041,429.4454297781469,43.76396033511068,15115.46928640017,299.0843389060254,25.934338906025403,30.0,101325.0,224.10579605859792,29.499807295441144,12.156655648641856,50292.25369135627,40.92289075569872
3190.0,53.166666666666664,69.6,False,5220.0,31029.15029237202,20000.0,0.0,42.881754302532386,-0.24210208239367859,51.09303010683082,50.898144600912445,1.1663922166825336,302.6302923837554,101324.52152311592,-0.4784768840763718,429.3956468159326,43.63724643643246,15116.443128205634,299.0850161590964,25.93501615909645,30.0,101325.0,224.09425360750546,29.480292383755398,12.12145734345346,49856.66968051498,40.99243861915141
3195.0,53.25,68.8,False,5160.0,30179.090495477074,20000.0,0.0,42.76626445622651,-0.24285821742290395,50.94823530184804,50.75544659271436,1.1664663734209746,302.61104407603773,101324.51852968351,-0.4814703164884122,429.3459090465142,43.51213866873885,15117.40419953583,299.08569005566625,25.93569005566627,30.0,101325.0,224.0825421013251,29.46104407603775,12.086705185760792,49429.08145102304,41.061387057437194
3200.0,53.333333333333336,68.0,False,5100.0,29352.318531200443,20000.0,0.0,42.652363252962004,-0.2429180417602861,50.8044952599384,50.61455650517745,1.1665395505804133,302.5920605421603,101324.51829244888,-0.4817075511236908,429.296205319055,43.388633055770896,15118.352575522156,299.08636064026393,25.936360640263956,30.0,101325.0,224.07065690370595,29.442060542160334,12.052398071047472,49009.37391415262,41.129747095885236
3205.0,53.416666666666664,67.2,False,5040.0,28548.196417190706,20000.0,0.0,42.54003674871103,-0.24242155739647586,50.66196716746642,50.47546930666446,1.1666117503903488,302.5733394581185,101324.52025949804,-0.47974050196353346,429.24652480692066,43.2667245892006,15119.288285058921,299.08702795711235,25.937027957112377,30.0,101325.0,224.05859286024364,29.423339458118505,12.01853460811128,48597.43055427279,41.19752959898831
3210.0,53.5,66.4,False,4980.0,27766.103648956578,20000.0,0.0,42.429269238799634,-0.24156876961705642,50.52087696329766,50.33817876112127,1.1666829733399142,302.5548782064666,101324.52362881262,-0.47637118738202844,429.1968569886393,43.14640730293335,15120.21133448529,299.0876920501129,25.9376920501129,30.0,101325.0,224.0463446399502,29.404878206466606,11.985113139703708,48193.13374518819,41.264745268640716
3215.0,53.583333333333336,65.6,False,4920.0,27005.436721051752,20000.0,0.0,42.32004396197976,-0.24059090107919343,50.38148590485615,50.20267755800459,1.1667532192154424,302.53667399366327,101324.52747770055,-0.4725222994456999,429.1471916353373,43.02767434553322,15121.121721032134,299.0883529628316,25.93835296283163,30.0,101325.0,224.03390692821174,29.386673993663294,11.952131762648118,47796.36504781225,41.331404642802525
3220.0,53.666666666666664,64.8,False,4860.0,26265.60866137717,20000.0,0.0,42.21234347205905,-0.23973644538030522,50.24407440986754,50.068957415555126,1.1668224876129794,302.5187239120098,101324.53082805515,-0.4691719448455842,429.09751880237985,42.91051804973644,15122.019439464213,299.089010738487,25.939010738487013,30.0,101325.0,224.0212745209924,29.36872391200984,11.91958834714901,47407.00548654593,41.3975180945625
3225.0,53.75,64.0,False,4800.0,25546.04857824137,20000.0,0.0,42.10614978909496,-0.23926559197176125,50.1089356416481,49.93700916486241,1.1668907781041065,302.50102496484914,101324.5326691959,-0.4673308040946722,429.0478288237034,42.79492999850169,15122.90448422922,299.08966541993954,25.93966541993956,30.0,101325.0,224.00844235381751,29.35102496484916,11.887480555139359,47024.9358034481,41.46309583156944
3230.0,53.833333333333336,63.199999999999996,False,4740.0,24846.201219829283,20000.0,0.0,42.0014444040728,-0.2394489541787184,49.97637410063174,49.806822819774325,1.1669580901727115,302.48357406734544,101324.53195263953,-0.4680473604676081,428.99811230785446,42.68090108737568,15123.776848638341,299.0903170496818,25.940317049681823,30.0,101325.0,223.99540548765694,29.333574067345467,11.855805857604356,46650.03669040625,41.52814789580128
3235.0,53.916666666666664,62.4,False,4680.0,24165.526545739638,20000.0,0.0,41.8982128372777,-0.2403379405892291,49.84643825341304,49.67838789101503,1.1670244304043766,302.4663688062129,101324.52847081072,-0.4715291892789537,428.94836007830645,42.56842153150243,15124.636618040722,299.09096566982157,25.940965669821594,30.0,101325.0,223.98216045768268,29.31636880621295,11.824561536528453,46282.18883169371,41.592684163524964
3240.0,54.0,61.6,False,4620.0,23503.49931026034,20000.0,0.0,41.796451730411604,-0.24141701199908105,49.718515587766724,49.55169382483178,1.1670898237077845,302.44940862173524,101324.52422715361,-0.4757728463882813,428.8985630848199,42.45748083674365,15125.484115252888,299.0916113220605,25.94161132206051,30.0,101325.0,223.9687073796912,29.299408621735267,11.793744676873237,45921.272827103254,41.656714345232466
3245.0,54.083333333333336,60.8,False,4560.0,22859.608657060217,20000.0,0.0,41.69615143975011,-0.24247369965316268,49.592345943527796,49.42672910089857,1.1671542855447872,302.432691906625,101324.52005310185,-0.47994689815095626,428.84871261335144,42.34806804297333,15126.31954066044,299.0922540477188,25.942254047718848,30.0,101325.0,223.95504472920646,29.28269190662502,11.76335223415926,45567.169994407486,41.720247986080736
3250.0,54.166666666666664,60.0,False,4500.0,22233.357724984395,20000.0,0.0,41.5973007402298,-0.24336545669586634,49.467750030914935,49.30348154785796,1.1672178293657773,302.4162167900383,101324.51651636316,-0.48348363683908246,428.79880022330224,42.240171720686995,15127.143068580473,299.09289388772095,25.94289388772097,30.0,101325.0,223.9411707363854,29.2662167900383,11.733381033524164,45219.76235337166,41.783294466877805
3255.0,54.25,59.199999999999996,False,4440.0,21624.263264649177,20000.0,0.0,41.49988740096808,-0.24399089727386336,49.34459598333333,49.18193842302645,1.1672804674737167,302.39998123349466,101324.51402809835,-0.48597190165310167,428.7488177359357,42.133780007017776,15127.954858459369,299.0935308825888,25.943530882588846,30.0,101325.0,223.92708354601584,29.24998123349468,11.70382777972716,44878.932734871545,41.84586300513353
3260.0,54.333333333333336,58.4,False,4380.0,21031.855265540376,20000.0,0.0,41.40389833776976,-0.24428188261966818,49.22279018632413,49.062086465311964,1.1673422112176355,302.38398305629494,101324.51286825979,-0.4871317402139539,428.6987572280111,42.02888064343712,15128.755057380557,299.0941650724361,25.944165072436135,30.0,101325.0,223.91278125150293,29.23398305629496,11.674689067621422,44544.564890817346,41.90796265626248
3265.0,54.416666666666664,57.6,False,4320.0,20455.67659332761,20000.0,0.0,41.309319678558154,-0.244200124693986,49.102273364733854,48.943911940287826,1.1674030710503531,302.36821994642634,101324.51319427836,-0.4868057216372108,428.6486110264798,41.92546101172347,15129.543800812577,299.09479649696397,25.94479649696399,30.0,101325.0,223.89826190333915,29.21821994642636,11.64596139214541,44216.543594132934,41.96960231493258
3270.0,54.5,56.8,False,4260.0,19895.28263711453,20000.0,20.0,41.21639489384438,-0.24373371306674516,72.27097653198356,72.17664946881652,1.1674628905366837,302.3527324823074,101324.51505205808,-0.48494794192083646,428.5979087106905,41.823506386260256,15130.319061355422,299.0954251951557,25.945425195155735,30.0,101325.0,223.88324982470104,29.202732482307397,11.61764066285007,43894.749118662614,42.0307907126498
3275.0,54.583333333333336,56.0,False,4200.0,19350.240966352743,20000.0,20.0,41.16082858290338,-0.24340377556077125,72.15693221852705,72.06489844940451,1.1674986660904025,302.3434714304839,101324.51636409831,-0.4836359016917413,428.48281397094274,41.72589360699478,15130.782712531618,299.09605171459026,25.946051714590283,30.0,101325.0,223.82998751082133,29.193471430483896,11.590526001942994,43588.12517824252,42.09154270868931
3280.0,54.666666666666664,55.199999999999996,False,4140.0,18820.130997154854,20000.0,20.0,41.10623615550173,-0.2432823092588111,72.05075674531159,71.96074799606575,1.1675338074652817,302.3343726925836,101324.51684667756,-0.48315332243510056,428.36906617075493,41.6348302172874,15131.23814475005,299.09667659004697,25.94667659004699,30.0,101325.0,223.7773035944473,29.184372692583622,11.565230615913167,43303.36487106987,42.15188402122356
3285.0,54.75,54.4,False,4080.0,18304.543667748974,20000.0,20.0,41.05238852302773,-0.2429641591348073,71.95093707579552,71.86316507317598,1.1675684805516606,302.32539808717127,101324.5181095296,-0.48189047040068544,428.2570395761598,41.549421957007254,15131.68750794952,299.0972998419191,25.94729984191912,30.0,101325.0,223.72542554327333,29.17539808717129,11.541506099168682,43037.41806722773,42.211842898264045
3290.0,54.833333333333336,53.6,False,4020.0,17803.08112282436,20000.0,20.0,40.99928407666414,-0.24286722363303406,71.85708216315464,71.77126921015275,1.16760266718707,302.31654734611067,101324.51849397294,-0.4815060270630056,428.146669864295,41.46891509168997,15132.130566744429,299.0979214912104,25.947921491210423,30.0,101325.0,223.67431642465215,29.16654734611069,11.519143081024993,42787.73239245451,42.271443697194385
3295.0,54.916666666666664,52.8,False,3960.0,17315.356406524515,20000.0,20.0,40.94693045905524,-0.24286292897392545,71.76830033519634,71.68431705687092,1.1676363682554867,302.30782174317585,101324.51851100188,-0.48148899812076706,428.03789705635256,41.39267241561794,15132.567332591108,299.09854155906993,25.94854155906995,30.0,101325.0,223.62394522067711,29.157821743175873,11.497964559893871,42552.163865253555,42.330707514040014
3300.0,55.0,52.0,True,3900.0,266840.993163851,20000.0,20.0,40.89659111283504,-0.2304765578702902,71.66943985790833,71.60166538710325,1.16766932589441,302.29943185213915,101324.56637188794,-0.4336281120631611,427.9306664397025,41.32015614288565,15132.994463591554,299.09916006691805,25.94916006691807,30.0,101325.0,223.5742341165627,29.149431852139173,11.477821150801569,42328.912643477765,42.38965270605997
3305.0,55.083333333333336,51.199999999999996,True,3839.9999999999995,266379.6253502473,20000.0,20.0,41.33997010194457,0.4493186911743942,71.36713681128141,72.07615136493472,1.1674079448023724,302.3733283503241,101326.6480594795,1.6480594794993522,427.82559280190316,41.29101097322266,15129.606964638748,299.09978410345656,25.94978410345658,30.0,101325.0,223.46930345747225,29.223328350324095,11.469725270339628,42239.405718878756,42.44838070492272
3310.0,55.166666666666664,50.4,True,3780.0,265930.89694913896,20000.0,20.0,41.755721527625724,0.4406870389752709,71.41431519545185,72.09680869675059,1.1671397604104166,302.44262025460426,101326.58534748017,1.5853474801697303,427.7216987744809,41.33152837368298,15126.131294918998,299.1004198252493,25.9504198252493,30.0,101325.0,223.363711396731,29.292620254604287,11.480980103800826,42363.87185268816,42.50713298101409
3315.0,55.25,49.6,True,3720.0,265494.4616972117,20000.0,20.0,42.15567961055842,0.4301320338962134,71.52711412605015,72.18159145246655,1.1668817102910922,302.50927993509305,101326.51031482925,1.5103148292546393,427.6187634058346,41.42840153970827,15122.786965372554,299.1010667553867,25.951066755386705,30.0,101325.0,223.2605837826939,29.35927993509307,11.50788931658563,42662.44891051167,42.56617903709964
3320.0,55.333333333333336,48.8,True,3660.0,265069.9828172159,20000.0,20.0,42.540649713983385,0.422466007878409,71.69270591737394,72.32321338102024,1.1666336549097376,302.5734416189972,101326.45695941072,1.456959410716081,427.51662514054703,41.57061389055457,15119.572167630198,299.1017244636678,25.9517244636678,30.0,101325.0,223.15980786164803,29.42344161899723,11.54739274737627,43103.304280894816,42.62573858792701
3325.0,55.416666666666664,48.0,True,3600.0,264657.1327580906,20000.0,20.0,42.91111830729176,0.4153133541965472,71.90034541188,72.50807560066184,1.1663950708390514,302.6351863845486,101326.40804230346,1.4080423034611158,427.41516055985124,41.748937347328486,15116.480118074107,299.1023925375953,25.9523925375953,30.0,101325.0,223.06121748741396,29.485186384548626,11.59692704092458,43660.38162382093,42.68599114758306
3330.0,55.5,47.199999999999996,True,3539.9999999999995,264255.59294220764,20000.0,0.0,43.26748229074519,0.404832970557925,48.85307441484471,49.399324604951936,1.1661653960724887,302.69458038179084,101326.33787538,1.3378753800061531,427.3142812059972,41.95564588717803,15113.503533099454,299.1030705801431,25.953070580143105,30.0,101325.0,222.96465754597563,29.544580381790865,11.654346079771674,44312.115495535014,42.7470831594715
3335.0,55.583333333333336,46.4,True,3480.0,263865.05351953936,20000.0,0.0,43.591789912246895,0.40035808469264056,49.11757378432026,49.65012667745255,1.1659568561084916,302.7486316520411,101326.30846200799,1.308462007989874,427.2676266891014,42.18280133268517,15110.800855166051,299.10375794896504,25.953757948965062,30.0,101325.0,222.90044670012438,29.59863165204115,11.717444814634769,45035.760731010145,42.809130295739934
3340.0,55.666666666666664,45.6,True,3420.0,263485.21312856174,20000.0,0.0,43.90531582680444,0.39060209083275793,49.39838926303702,49.911297301286965,1.1657549223200532,302.80088597113405,101326.24546933357,1.2454693335748743,427.2216261652231,42.42396926174183,15108.183793267888,299.1044540372023,25.95445403720231,30.0,101325.0,222.83784847206218,29.650885971134073,11.784435906039397,45812.62202002957,42.872219450428155
3345.0,55.75,44.8,True,3360.0,263115.7786637073,20000.0,0.0,44.20935640544269,0.38623126098326854,49.69126063241048,50.19100147754909,1.165559548188586,302.8515594009071,101326.21775173029,1.2177517302916385,427.1744393668793,42.67549094407411,15105.651744524075,299.1051585703903,25.955158570390324,30.0,101325.0,222.77589366682756,29.701559400907115,11.854303040020586,46632.29915065132,42.93641731235223
3350.0,55.833333333333336,44.0,True,3300.0,262756.4650491888,20000.0,0.0,44.50387156011118,0.37853087403204966,49.99263986467341,50.47550109853498,1.165370113250583,302.9006452600185,101326.1696785518,1.1696785517997341,427.1260703422249,42.93431928800185,15103.196667727556,299.1058712831292,25.955871283129227,30.0,101325.0,222.71446571376194,29.75064526001853,11.926199802222737,47485.935184510425,43.001777197307206
3355.0,55.916666666666664,43.199999999999996,True,3239.9999999999995,262406.9950190193,20000.0,0.0,44.78920538514467,0.37076098718989425,50.299558364723595,50.765626955163164,1.1651866314380195,302.9482008975241,101326.12215273161,1.1221527316083666,427.0765314897726,43.197904826037444,15100.818743436732,299.1065919154549,25.956591915454908,30.0,101325.0,222.65357365399535,29.79820089752411,11.999418007232624,48365.90296592115,43.06834097380056
3360.0,56.0,42.4,True,3180.0,262067.0989030584,20000.0,0.0,45.06570482837503,0.366759259526039,50.60954446801544,51.06338052551042,1.1650091379647913,302.9942841380625,101326.09806003631,1.098060036310926,427.02584198253965,43.46412486101864,15098.518428023695,299.1073202139129,25.957320213912908,30.0,101325.0,222.59323410215396,29.844284138062505,12.07336801694962,49265.63322927344,43.136140651713895
3365.0,56.083333333333336,41.6,True,3120.0,261736.51441892036,20000.0,0.0,45.33340875480121,0.3606072529963842,50.92055240369903,51.35980303503982,1.1648371902644274,303.0389014591335,101326.0615313544,1.0615313543967204,426.9740264426034,43.73122245874276,15096.289985826981,299.1080559322792,25.95805593227925,30.0,101325.0,222.53337520865378,29.888901459133535,12.147561794095209,50179.47389035401,43.2051997538803
3370.0,56.166666666666664,40.8,True,3060.0,261414.9864695825,20000.0,0.0,45.59256102051347,0.35305961723913787,51.23088572936669,51.6540769598891,1.164670684606767,303.0820935034189,101326.01755994551,1.017559945510584,426.92111380822024,43.9977406927466,15094.132072503699,299.10879882983147,25.958798829831494,30.0,101325.0,222.47399211335184,29.932093503418912,12.221594636874055,51102.527170350404,43.27553447683912
3375.0,56.25,40.0,True,3000.0,261102.2669465385,20000.0,0.0,45.8434385536616,0.3462006806821616,51.53914624918856,51.947234573365996,1.1645095799238336,303.12390642561024,101325.97840743922,0.9784074392227922,426.86713638780196,44.26247877454712,15092.044155812884,299.1095486717956,25.95954867179563,30.0,101325.0,222.41509366516053,29.973906425610267,12.295132992929755,52030.55337612512,43.34715467166306
3380.0,56.333333333333336,39.199999999999996,True,2939.9999999999995,260798.11453834418,20000.0,0.0,46.08628562430761,0.3412653576207127,51.84418863084663,52.23956937732845,1.1643537916860018,303.1643809373846,101325.95071056581,0.9507105658121873,426.81212906702893,44.52445307808324,15090.025140250584,299.1103052294015,25.960305229401513,30.0,101325.0,222.35668173481776,30.0143809373846,12.367903632800902,52959.88467898441,43.42006469809022
3385.0,56.416666666666664,38.4,True,2880.0,260502.29454440868,20000.0,0.0,46.32125725750916,0.33651166556767276,52.14508222729972,52.52811747019642,1.1642031009033664,303.2035428762515,101325.92440898827,0.9244089882704429,426.7561286383368,44.78286435175877,15088.072187707628,299.11106827995144,25.961068279951462,30.0,101325.0,222.29873349543138,30.053542876251527,12.439684542155215,53887.35339873685,43.49426416897753
3390.0,56.5,37.6,True,2820.0,260214.5786938865,20000.0,0.0,46.548545127981015,0.3315175421014618,52.44107514014223,52.81163432081393,1.1640573542668389,303.2414241879968,101325.8971745365,0.8971745364979142,426.6991732370841,45.03706685559466,15086.183311298231,299.1118376063519,25.961837606351935,30.0,101325.0,222.24123935736853,30.091424187996836,12.510296348776293,54810.22000929386,43.56974859495533
3395.0,56.583333333333336,36.8,True,2760.0,259934.74496953125,20000.0,0.0,46.76835017933138,0.3262809906244841,52.73156679424358,53.089516914202896,1.1639164201010594,303.2780583632219,101325.86905538647,0.8690553864726098,426.64130187076404,45.28654480797821,15084.356804509729,299.1126129971273,25.962612997127337,30.0,101325.0,222.18419430762253,30.128058363221896,12.579595779993946,55726.12068372599,43.64650994265882
3400.0,56.666666666666664,36.0,True,2700.0,259662.57743637523,20000.0,0.0,46.980869210676474,0.32075100929599315,53.0160843677433,53.361232912712275,1.1637801667207426,303.3134782017794,101325.83984661195,0.8398466119542718,426.5825540254573,45.530892143441015,15082.590960700823,299.1133942463667,25.963394246366704,30.0,101325.0,222.1275935721843,30.163478201779412,12.647470039844727,56633.021204793156,43.724537124525845
3405.0,56.75,35.2,True,2640.0,259397.86607510195,20000.0,0.0,47.18631002871393,0.3153942836014786,53.29426244326555,53.626960801969844,1.163648486481496,303.34771833811897,101325.8120290133,0.8120290132937953,426.5229693376706,45.76979503686141,15080.884384800187,299.11418115361283,25.964181153612856,30.0,101325.0,222.07143703627406,30.19771833811899,12.713831954683727,57529.17594677819,43.803816428103325
3410.0,56.833333333333336,34.400000000000006,True,2580.0000000000005,259140.40661998402,20000.0,0.0,47.38490921248274,0.3119164509626546,53.565825650294116,53.88841268690479,1.163521324024291,303.38081820208043,101325.79421936638,0.7942193663766375,426.46258732208366,46.00301699651386,15079.236359354813,299.11497352373596,25.964973523735978,30.0,101325.0,222.01573449006708,30.230818202080457,12.778615832364961,58413.091890006246,43.884331891878865
3415.0,56.916666666666664,33.599999999999994,True,2519.9999999999995,258890.00040126036,20000.0,0.0,47.57683360193744,0.30951311960262173,53.83057604439517,54.14445208528729,1.163398519409032,303.4128056003229,101325.78202752005,0.7820275200501783,426.40144714765444,46.23038802518385,15077.644811541053,299.1157711671073,25.965771167107334,30.0,101325.0,221.9604755782604,30.262805600322906,12.841774451439958,59283.50415910024,43.966065639135195
3420.0,57.0,32.8,True,2460.0,258646.45419183196,20000.0,0.0,47.76220159103946,0.30556622299899827,54.08838048422921,54.391894366077246,1.1632798422174615,303.4437002651732,101325.76220993174,0.7622099317377433,426.33958745413855,46.45179377938409,15076.1067551383,299.11657389946055,25.96657389946057,30.0,101325.0,221.905636225547,30.293700265173243,12.903276049828914,60139.34841722112,44.04899817564653
3425.0,57.083333333333336,32.0,True,2400.0,258409.58005815718,20000.0,0.0,47.9411620735566,0.2986348841159684,54.3391588542389,54.62898066400339,1.163165117377587,303.4735270122594,101325.72802280825,0.7280228082527174,426.2770461981344,46.667165454848046,15074.619921213527,299.1173815416085,25.967381541608518,30.0,101325.0,221.85120256633672,30.323527012259433,12.96310151523557,60979.733048347196,44.133108648886505
3430.0,57.166666666666664,31.200000000000003,True,2340.0,258179.19521523203,20000.0,0.0,48.114072265743516,0.29570038132640664,54.58287228674128,54.86380504596754,1.1630545082940589,303.5023453776239,101325.71378543279,0.713785432788427,426.2138605309875,46.87646967151186,15073.186427491002,299.11819391893573,25.968193918935754,30.0,101325.0,221.79722486860868,30.35234537762392,13.021241575419962,61803.90855101886,44.218375066663846
3435.0,57.25,30.39999999999999,True,2279.9999999999995,257955.12188554328,20000.0,0.0,48.2810310484665,0.29370970164798477,54.81952374171511,55.09281179526878,1.1629477740554601,303.53017184141106,101325.70420725585,0.7042072558542714,426.1500667099824,47.07970897144322,15071.803151758762,299.11901086244274,25.969010862442758,30.0,101325.0,221.74367580965156,30.380171841411084,13.077696936512005,62611.27662391493,44.3047745008131
3440.0,57.333333333333336,29.599999999999994,True,2219.9999999999995,257737.18716188564,20000.0,0.0,48.4420559989278,0.2862343712230602,55.049148716981854,55.30854775665947,1.1628445516329626,303.5570093331546,101325.6688172675,0.6688172675058013,426.0857000174589,47.276913840625745,15070.465389163195,299.119832208237,25.96983220823705,30.0,101325.0,221.69050429240903,30.407009333154633,13.132476066840484,63401.36478943594,44.392283279572375
3445.0,57.416666666666664,28.799999999999997,True,2160.0,257525.2228739371,20000.0,0.0,48.59764159881922,0.28657720102513284,55.2718004187616,55.526558652310136,1.1627452441427648,303.58294026646985,101325.67042034406,0.6704203440604033,426.0207946965177,47.46812997324257,15069.178364090232,299.12065779611055,25.970657796110572,30.0,101325.0,221.63780474822516,30.43294026646987,13.185591659234047,64173.77967663995,44.480877129896044
3450.0,57.5,28.0,True,2100.0,257319.06545848958,20000.0,0.0,48.747582498434895,0.2792302276214756,55.48756486928671,55.728868048496345,1.162649148510771,303.6079304164058,101325.6364858777,0.6364858776942128,425.9553839259824,47.65343124628839,15067.932964699592,299.12148747221613,25.971487472216154,30.0,101325.0,221.58546017115646,30.457930416405816,13.237064235080108,64928.26258425464,44.57053132591056
3455.0,57.583333333333336,27.200000000000003,True,2040.0000000000002,257118.5558332346,20000.0,0.0,48.89241464584018,0.2798126574041132,55.69653338702733,55.93375424328125,1.1625567486228678,303.63206910764,101325.63914386321,0.6391438632126665,425.88949976681045,47.83289608523474,15066.735462152368,299.1223210856409,25.972321085640942,30.0,101325.0,221.53357922938338,30.48206910764003,13.286915579231872,65664.59645425162,44.661220811353964
3460.0,57.666666666666664,26.39999999999999,True,1979.9999999999993,256923.53927400667,20000.0,0.0,49.031931394352796,0.2726659069618027,55.898823315253104,56.1230998908175,1.1624673545801123,303.6553218990588,101325.60691181077,0.6069118107698159,425.82317316781763,48.00662526598419,15065.576915358255,299.1231584916952,25.973158491695244,30.0,101325.0,221.48204630735069,30.5053218990588,13.33517368499561,66382.68009571864,44.75292030895811
3465.0,57.75,25.599999999999994,True,1919.9999999999995,256733.86529538975,20000.0,0.0,49.166626768143146,0.2722534185780787,56.09455216523489,56.3138603868232,1.1623813987068539,303.67777112802383,101325.60507693002,0.6050769300200045,425.7564339318678,48.17471970872094,15064.462927240826,299.12399954856534,25.97399954856536,30.0,101325.0,221.430959047439,30.527771128023858,13.381866585755818,67082.43830698576,44.845604418959994
3470.0,57.833333333333336,24.799999999999997,True,1859.9999999999998,256549.38753459448,20000.0,0.0,49.29645207814633,0.2697883075492378,56.283855081299265,56.49593852388077,1.1622984578576165,303.69940867969103,101325.59416923176,0.5941692317574052,425.68931073204874,48.33729547712323,15063.38801383471,299.1248441200106,25.97484412001063,30.0,101325.0,221.38025150520977,30.549408679691055,13.42702652142312,67763.8844026728,44.939247698619475
3475.0,57.916666666666664,24.0,True,1800.0,256369.96363851658,20000.0,0.0,49.42151568316319,0.26329059125582255,56.46687151327143,56.66716757778132,1.1622183664662642,303.7202526138605,101325.56589335056,0.5658933505619643,425.62183110778017,48.494472332486616,15062.350029402784,299.1256920736725,25.97569207367252,30.0,101325.0,221.3299062426891,30.570252613860532,13.470686759024058,68427.07324672455,45.033824752542664
3480.0,58.0,23.200000000000003,True,1740.0000000000002,256195.45515388958,20000.0,0.0,49.54217403424707,0.2621059999300777,56.643742560105146,56.83856456324286,1.1621413612526115,303.74036233904116,101325.5608126955,0.5608126955048647,425.5540214692714,48.64637145239942,15061.352041833845,299.12654328084074,25.976543280840758,30.0,101325.0,221.2799818460364,30.590362339041178,13.51288095899984,69072.09129736322,45.129310283476066
3485.0,58.083333333333336,22.39999999999999,True,1679.9999999999993,256025.72742044655,20000.0,0.0,49.658469369090085,0.2617137390546663,56.81461796590363,57.005014330409,1.1620671871280388,303.7597448948483,101325.55913535682,0.5591353568161139,425.48590712123047,48.79312143901502,15060.390745179382,299.1273976175463,25.97739761754633,30.0,101325.0,221.23044266267223,30.609744894848347,13.553644844170838,69699.08177142957,45.22567915366273
3490.0,58.166666666666664,21.599999999999994,True,1619.9999999999995,255860.64946700906,20000.0,0.0,49.77047322525459,0.25896090600494176,56.97964954105666,57.162997058165516,1.161995643435195,303.7784122042091,101325.54743470073,0.5474347007257165,425.41751227615254,48.93485266904012,15059.463538920128,299.12825496370874,25.978254963708764,30.0,101325.0,221.18126285821694,30.6284122042091,13.593014630288922,70308.22043537088,45.3229064468619
3495.0,58.25,20.799999999999997,True,1559.9999999999998,255700.09391042255,20000.0,0.0,49.87834626869255,0.2548680668021053,57.13898937788535,57.31385049615905,1.1619266790178788,303.79639104478207,101325.53026719572,0.5302671957178973,425.3488600732109,49.071695761307694,15058.569760071709,299.12911520293244,25.979115202932462,30.0,101325.0,221.13244451201533,30.646391044782092,13.63102660036325,70899.70833523056,45.42096750850815
3500.0,58.333333333333336,20.0,True,1500.0,255543.93685726062,20000.0,0.0,49.98225353105397,0.2508567224830367,57.29279026734873,57.4593792003492,1.1618602574110959,303.8137089218423,101325.51370689971,0.5137068997137249,425.2799726019452,49.20378193464989,15057.708936047804,299.12997822259166,25.979978222591683,30.0,101325.0,221.08399195484498,30.66370892184233,13.667717204069413,71473.77253083239,45.519837981331804
3505.0,58.416666666666664,19.200000000000003,True,1440.0000000000002,255392.05780822202,20000.0,0.0,50.08233833570239,0.24755634579874355,57.441205330499926,57.60046604120143,1.1617963153564514,303.83038972261704,101325.50027872935,0.5002787293487927,425.2108709281304,49.33124269138791,15056.880247019611,299.13084391378595,25.980843913785975,30.0,101325.0,221.03590388796806,30.680389722617065,13.703122969829973,72030.66392610781,45.61949383998246
3510.0,58.5,18.39999999999999,True,1379.9999999999993,255244.3395651469,20000.0,20.0,50.178100396838204,0.24757851545471543,80.87234646166192,80.97502369972356,1.1617352899199964,303.8463500661397,101325.50036833726,0.5003683372633532,425.14073748737206,49.454206738309885,15056.089357363155,299.1317121708151,25.981712170815115,30.0,101325.0,220.98783827023965,30.6963500661397,13.737279649530523,72570.64289609405,45.71991141416454
3515.0,58.583333333333336,17.599999999999994,True,1319.9999999999995,255100.66814058027,20000.0,20.0,50.23872683951436,0.24306587292628903,81.00735740764418,81.10177189309063,1.1616964504881984,303.85645447325237,101325.48229402924,0.4822940292360727,425.0321650538432,49.57015586757909,15055.585998327051,299.13258242494175,25.982582424941768,30.0,101325.0,220.92401616502818,30.706454473252393,13.76948774099419,73082.28268979886,45.821059279154746
3520.0,58.666666666666664,16.799999999999997,True,1259.9999999999998,254960.9326698131,20000.0,20.0,50.296659492,0.24180591149876968,81.13224281731533,81.22231890461713,1.1616594800395206,303.8661099153333,101325.47730692927,0.47730692927143537,424.92517349158845,49.67740905660348,15055.106861312188,299.1334541641955,25.983454164195507,30.0,101325.0,220.8613748559473,30.716109915333334,13.799280293500965,73557.68645498437,45.922892591060844
3525.0,58.75,16.0,True,1200.0,254825.02532533297,20000.0,20.0,50.35181315255261,0.2397717277312462,81.24805546757513,81.33302930808003,1.1616242479749477,303.8753021920921,101325.4693100524,0.46931005240185186,424.81958750669935,49.77687044366573,15054.65025375532,299.1343273103277,25.98432731032773,30.0,101325.0,220.7997980631227,30.7253021920921,13.826908456573813,74000.39114305386,46.025363478281704
3530.0,58.833333333333336,15.200000000000003,True,1140.0000000000002,254692.84123361862,20000.0,20.0,50.40436392275285,0.23954439696568608,81.35570511887516,81.43781048074712,1.1615907577674838,303.8840606537921,101325.46842055606,0.46842055606248323,424.71539170782904,49.86932134269145,15054.21622066659,299.1352017879682,25.985201787968208,30.0,101325.0,220.73927813427025,30.73406065379214,13.852589261858736,74413.48162519163,46.1284286677041
3535.0,58.916666666666664,14.399999999999991,True,1079.9999999999993,254564.27839421367,20000.0,20.0,50.454397755082596,0.2395242616477382,81.45598460867727,81.53558730399298,1.1615588821851937,303.8923996258471,101325.46834181157,0.46834181157464627,424.61256876118074,49.95544265264539,15053.80311312011,299.1360775253028,25.986077525302846,30.0,101325.0,220.67978158227768,30.7423996258471,13.876511847957051,74799.67056597519,46.23204891228129
3540.0,59.0,13.599999999999994,False,1019.9999999999995,124439.23760101764,20000.0,20.0,50.50183319287157,0.23647750367616321,81.54958599386136,81.62328846066694,1.161528528747687,303.90030553214524,101325.4565029367,0.45650293669314124,424.51109971186213,50.03582872083806,15053.409732570026,299.13695445377164,25.98695445377166,30.0,101325.0,220.62128070880055,30.750305532145262,13.898841311343906,75161.34480411853,46.3361885062883
3545.0,59.083333333333336,12.799999999999997,False,959.9999999999998,121030.1596196948,20000.0,20.0,50.28852030429573,-0.11682241411546174,81.74906003474163,81.42097181157848,1.1616579165587426,303.86475338404927,101324.88859202906,-0.11140797093685251,424.41076979184476,50.09031716736138,15055.086598601303,299.1378288646276,25.987828864627602,30.0,101325.0,220.5937087468847,30.71475338404929,13.913976990933715,75407.16184233162,46.44074996923723
3550.0,59.166666666666664,12.0,False,900.0,117714.47511222145,20000.0,20.0,50.07979158420551,-0.09398812510601769,81.73866322659374,81.44648112992857,1.1617913753817948,303.82996526403423,101324.92788761093,-0.07211238906893414,424.311822690571,50.10422254439886,15056.81622494806,299.1386972817515,25.988697281751513,30.0,101325.0,220.56761687558424,30.67996526403425,13.917839595666349,75469.9797395437,46.54552576200243
3555.0,59.25,11.200000000000003,False,840.0000000000002,114489.62551554755,20000.0,20.0,49.87239943207419,-0.1313291828924812,81.75865906476187,81.43225867188592,1.1619227745603868,303.7953999053457,101324.85920527119,-0.14079472880985122,424.2142969399668,50.08405416848447,15058.519158302614,299.1395597568931,25.98955975689313,30.0,101325.0,220.5418611884732,30.6453999053457,13.912237269023464,75378.8799737825,46.65028191458113
3560.0,59.333333333333336,10.399999999999991,False,779.9999999999993,111353.12235979566,20000.0,20.0,49.667274749079866,-0.14143434587170697,81.71370948638985,81.38480375348924,1.1620532875630183,303.76121245817995,101324.83670470047,-0.1632952995278174,424.11819952386946,50.0353457320052,15060.210606816716,299.140416345734,25.990416345734047,30.0,101325.0,220.51666851992692,30.611212458179978,13.89870714777922,75159.16825938768,46.75482222585416
3565.0,59.416666666666664,9.599999999999994,False,719.9999999999995,108302.54534802181,20000.0,20.0,49.46441063319696,-0.14181868986869006,81.62968557227413,81.30955200713008,1.1621826361913228,303.72740177219947,101324.8358159935,-0.16418400649854448,424.0235312212773,49.96280057461174,15061.886965039545,299.1412671075997,25.991267107599697,30.0,101325.0,220.49198685912043,30.577401772199494,13.878555715169927,74832.72709661939,46.85898326429584
3570.0,59.5,8.799999999999997,False,659.9999999999998,105335.54048858238,20000.0,0.0,49.2640489296291,-0.15336669269847006,58.2475952933736,57.96488633041125,1.1623101083836238,303.69400815493816,101324.8079890414,-0.19201095860626083,423.9307557815223,49.87041402489444,15063.539004651766,299.1421121043468,25.992112104346802,30.0,101325.0,220.4679227136862,30.544008154938183,13.852892784692898,74418.37313362451,46.962629861677954
3575.0,59.583333333333336,8.0,False,600.0,102449.8182786656,20000.0,0.0,49.0897128468215,-0.1630948183596365,58.13452074246781,57.84622755430144,1.1624210350752187,303.6649521411369,101324.78285779775,-0.21714220225112513,423.8686710967336,49.7635760269585,15064.976614574833,299.1429517518616,25.992951751861597,30.0,101325.0,220.4566727563836,30.514952141136916,13.823215563044029,73941.11485873138,47.065657283894865
3580.0,59.666666666666664,7.200000000000003,False,540.0000000000002,99643.15193758647,20000.0,0.0,48.91553041889608,-0.16754290810089514,58.003247243231115,57.71551716737898,1.1625320355398043,303.63592173648266,101324.7708520322,-0.2291479677951429,423.80665601880224,49.64638857507238,15066.415180595865,299.14378640199084,25.99378640199086,30.0,101325.0,220.44546683189662,30.48592173648268,13.790663493075662,73419.97575184709,47.16799137459665
3585.0,59.75,6.3999999999999915,False,479.9999999999994,96913.37568848114,20000.0,0.0,48.74159580243281,-0.17281629229454154,57.862765797626565,57.57461888976474,1.1626428687071273,303.6069326337388,101324.7562002377,-0.24379976230557077,423.7447544569606,49.52046792648236,15067.85157844437,299.1446160605856,25.9946160605856,30.0,101325.0,220.43428207993855,30.456932633738802,13.75568553513399,72862.73509869786,47.26957659046509
3590.0,59.833333333333336,5.599999999999994,False,419.99999999999955,94258.38308707545,20000.0,0.0,48.568052342221335,-0.1780402994343457,57.713680283209705,57.42514673276569,1.1627534697800952,303.57800872370353,101324.74123797369,-0.2587620263075223,423.6829702972398,49.38720737047224,15069.284968350034,299.1454407380529,25.995440738052935,30.0,101325.0,220.42310826944367,30.428008723703556,13.718668714020067,72276.09143211387,47.3703674422226
3595.0,59.916666666666664,4.799999999999997,False,359.9999999999998,91676.12539623746,20000.0,0.0,48.3951331447289,-0.17573611596455793,57.54867486664036,57.26849405856458,1.16286394143604,303.5491888574548,101324.74789238813,-0.25210761187190656,423.6213044664361,49.247802789243565,15070.716681011078,299.1462604477736,25.996260447773636,30.0,101325.0,220.4119653810086,30.399188857454817,13.679945219234323,71665.77925334463,47.47032707464306
3600.0,60.0,4.0,False,300.0,89164.61000506033,20000.0,0.0,48.2226919553849,-0.18320344566450705,57.38909539867691,57.10583583758342,1.162973801302507,303.5204486592308,101324.72601222446,-0.2739877755375346,423.55975769621165,49.10328656898895,15072.140464880491,299.1470752067721,25.997075206772138,30.0,101325.0,220.4007624068899,30.370448659230817,13.639801824719152,71036.72548275266,47.569426036265355
