time_s,time_min,passengers,train_present,passenger_heat_W,train_heat_W,equipment_heat_W,piston_airflow_m3_s,target_ventilation_airflow_m3_s,leakage_airflow_signed_m3_s,total_mass_inflow_kg_s,total_mass_outflow_kg_s,air_density_kg_m3,air_temperature_K,internal_pressure_Pa,pressure_difference_Pa,co2_ppm,ventilation_airflow_m3_s,air_mass_kg,structure_temperature_K,structure_temperature_C,outdoor_temperature_C,outdoor_pressure_Pa,co2_moles,air_temperature_C,air_changes_per_hour,fan_power_proxy_W,cumulative_fan_energy_kWh
0.0,0.0,4.0,False,300.0,0.0,20000.0,0.0,25.0,0.0,29.109952535479017,29.499188069966458,1.1799675227986584,299.15,101325.0,0.0,600.0,25.0,15292.379095470611,298.65,25.5,30.0,101325.0,316.77417926623554,26.0,6.944444444444445,9375.0,0.0
5.0,0.08333333333333333,4.466666666666667,False,335.0,0.0,20000.0,0.0,25.0,-0.09399852309522462,29.219404237307298,29.4954465217031,1.179817860868124,299.18773471609,101324.92787165433,-0.07212834566598758,598.2993524047591,25.0,15290.439476850886,298.65018022429564,25.50018022429566,30.0,101325.0,315.8362461500024,26.03773471609003,6.944444444444445,9375.0,0.013020833333333334
10.0,0.16666666666666666,4.933333333333334,False,370.0,0.0,20000.0,0.0,25.0,0.028192630483975162,29.109952535479017,29.525075816083227,1.1796727095716097,299.22478004683245,101325.00648836256,0.006488362560048699,596.6149942351116,25.0,15288.558316048062,298.6503666444142,25.500366644414214,30.0,101325.0,314.9083428249134,26.074780046832473,6.944444444444445,9375.0,0.026041666666666668
15.0,0.25,5.4,False,405.0,0.0,20000.0,0.0,25.0,0.0005412325497341838,29.109952535479017,29.488889863090623,1.1795300585211825,299.2609488020182,101325.00000239129,2.391287125647068e-06,594.947063351675,25.0,15286.709558434524,298.65055912425896,25.500559124258984,30.0,101325.0,313.9899935129259,26.110948802018243,6.944444444444445,9375.0,0.0390625
20.0,0.3333333333333333,5.866666666666667,False,440.00000000000006,0.0,20000.0,0.0,25.0,-0.05086137542933192,29.1691754244645,29.48476044631743,1.1793904178526973,299.29631912813113,101324.97888261624,-0.021117383759701625,593.295367352903,25.0,15284.899815370956,298.6507575301932,25.500757530193198,30.0,101325.0,313.0812233615797,26.146319128131154,6.944444444444445,9375.0,0.052083333333333336
25.0,0.4166666666666667,6.333333333333334,False,475.00000000000006,0.0,20000.0,0.0,25.0,-0.07353416363079543,29.195575576000163,29.481345593096712,1.1792538237238686,299.3309188991437,101324.95585899412,-0.04414100588473957,591.6597684240548,25.0,15283.129555461335,298.65096173167177,25.500961731671794,30.0,101325.0,312.1819595093106,26.180918899143705,6.944444444444445,9375.0,0.06510416666666667
30.0,0.5,6.800000000000001,False,510.00000000000006,0.0,20000.0,0.0,25.0,-0.10075206359852615,29.227268047047204,29.478002328751113,1.1791200931500445,299.36475327447414,101324.91713487086,-0.08286512913764454,590.0401296804749,25.0,15281.396407224578,298.6511716007891,25.50117160078912,30.0,101325.0,311.29207179020113,26.214753274474162,6.944444444444445,9375.0,0.078125
35.0,0.5833333333333334,7.266666666666667,False,545.0,0.0,20000.0,0.0,25.0,-0.07737307372177969,29.200045595621624,29.474747207693202,1.178989888307728,299.3979148559934,101324.95112985684,-0.04887014316045679,588.4362444003912,25.0,15279.708952468156,298.65138701258394,25.50138701258396,30.0,101325.0,310.41161640594214,26.24791485599343,6.944444444444445,9375.0,0.09114583333333333
40.0,0.6666666666666666,7.733333333333333,False,580.0,0.0,20000.0,0.0,25.0,-0.06913326526442289,29.190451178297817,29.471558635710267,1.1788623454284106,299.43033628564706,101324.9609844215,-0.039015578498947434,586.8480545589123,25.0,15278.055996752202,298.6516078447683,25.50160784476833,30.0,101325.0,309.5403256023143,26.28033628564708,6.944444444444445,9375.0,0.10416666666666667
45.0,0.75,8.2,False,615.0,0.0,20000.0,0.0,25.0,-0.05357914719026255,29.172339992743016,29.468441183934647,1.1787376473573858,299.4620589217025,101324.9765655101,-0.023434489907231182,585.2754059519195,25.0,15276.43990975172,298.65183397788405,25.501833977884075,30.0,101325.0,308.67815757115585,26.312058921702544,6.944444444444445,9375.0,0.1171875
50.0,0.8333333333333334,8.666666666666668,False,650.0000000000001,0.0,20000.0,0.0,25.0,-0.05583481343665925,29.174966486237754,29.46538848316661,1.1786155393266644,299.493078115337,101324.97455080497,-0.025449195032706484,583.7181817843324,25.0,15274.85738967357,298.65206529486693,25.502065294866952,30.0,101325.0,307.8249755746631,26.34307811533705,6.944444444444445,9375.0,0.13020833333333334
55.0,0.9166666666666666,9.133333333333333,False,685.0,0.0,20000.0,0.0,25.0,-0.08811443027987635,29.212552810804535,29.462395250191918,1.1784958100076768,299.5233929955378,101324.93661916062,-0.06338083937589545,582.1762700788902,25.0,15273.305697699492,298.65230168133075,25.502301681330778,30.0,101325.0,306.98065757741534,26.373392995537813,6.944444444444445,9375.0,0.14322916666666666
60.0,1.0,9.600000000000001,False,720.0000000000001,0.0,20000.0,0.0,25.0,-0.07464183839193854,29.196865350389025,29.45947886088569,1.1783791544354276,299.5530977226791,101324.9545191507,-0.04548084929410834,580.6494504720557,25.0,15271.793841483142,298.65254302546737,25.50254302546739,30.0,101325.0,306.1452605809631,26.40309772267915,6.944444444444445,9375.0,0.15625
65.0,1.0833333333333333,10.066666666666666,False,755.0,0.0,20000.0,0.0,25.0,-0.09565066447608297,29.22132798759445,29.456616696715816,1.1782646678686326,299.58211757184034,101324.9253138807,-0.07468611930380575,579.1376930811311,25.0,15270.310095577479,298.65278921775933,25.502789217759357,30.0,101325.0,305.3185257269499,26.432117571840365,6.944444444444445,9375.0,0.16927083333333334
70.0,1.1666666666666667,10.533333333333333,False,790.0,0.0,20000.0,0.0,25.0,-0.07256081672477235,29.194442212710765,29.45382952325112,1.1781531809300447,299.6105603482953,101324.9570198194,-0.04298018060217146,577.6407567461865,25.0,15268.86522485338,298.6530401511558,25.5030401511558,30.0,101325.0,304.50053385234133,26.460560348295303,6.944444444444445,9375.0,0.18229166666666666
75.0,1.25,11.0,False,825.0,0.0,20000.0,0.0,25.0,-0.11387635830402842,29.242549950884758,29.451084025022983,1.1780433610009193,299.63830479048795,101324.89414020424,-0.10585979575989768,576.15867987216,25.0,15267.441958571913,298.6532957210258,25.503295721025836,30.0,101325.0,303.69095341567186,26.488304790487973,6.944444444444445,9375.0,0.1953125
80.0,1.3333333333333333,11.466666666666667,False,860.0,0.0,20000.0,0.0,25.093284387206495,-0.08142587508402163,29.209794630915198,29.453510107714912,1.177936866477741,299.6655473978677,101324.94587613769,-0.05412386231182609,574.6910528957285,25.004319794987488,15266.061789551524,298.6535558249865,25.503555824986506,30.0,101325.0,302.8899894842299,26.51554739786775,6.945644387496524,9379.860609137584,0.20833670875634555
85.0,1.4166666666666667,11.933333333333334,False,895.0,0.0,20000.0,0.0,25.25297395974269,-0.0916846379733175,29.252343822477723,29.481847193111573,1.1778320882632471,299.69216232662376,101324.93137899722,-0.06862100277794525,573.2371382985028,25.030602822668506,15264.703863891682,298.6538203642851,25.503820364285104,30.0,101325.0,302.0968320574816,26.54216232662378,6.95294522851903,9409.470336672386,0.22138485524649137
90.0,1.5,12.4,False,930.0,0.0,20000.0,0.0,25.40929575247435,-0.12113514130256399,29.340804078002314,29.53405784399703,1.1777291080481462,299.7182159587457,101324.88021451054,-0.11978548945626244,571.7955314402733,25.077123119546485,15263.369240303975,298.6540892466321,25.504089246632134,30.0,101325.0,301.3107565743972,26.568215958745725,6.965867533207358,9462.03144362624,0.2344900648161432
95.0,1.5833333333333333,12.866666666666667,False,965.0,0.0,20000.0,0.0,25.56310693759019,-0.10109060272850162,29.391030037090655,29.605944268267862,1.1776288069361196,299.743851156265,101324.91657706155,-0.08342293844907545,570.3649645560298,25.140302354945565,15262.06933789211,298.6543623858253,25.504362385825345,30.0,101325.0,300.5313147141571,26.593851156265032,6.983417320818212,9533.727620190044,0.24768156416601564
100.0,1.6666666666666667,13.333333333333334,False,1000.0,0.0,20000.0,0.0,25.713928953680238,-0.1017496377489041,29.481270223796248,29.69394322667116,1.1775300446849537,299.7689881589467,101324.91548580586,-0.0845141941390466,568.9446888204593,25.217142747823242,15260.789379116999,298.65463970133777,25.504639701337794,30.0,101325.0,299.75781504896537,26.618988158946706,7.004761874395346,9621.413528178191,0.2609837455190491
105.0,1.75,13.8,False,1035.0,0.0,20000.0,0.0,25.86192401170058,-0.12132213366812455,29.6065131572472,29.79508932713759,1.1774327479768638,299.7936540019501,101324.8798444072,-0.12015559279825538,567.5339963633496,25.305130486928714,15259.528413780155,298.65492111695164,25.504921116951664,30.0,101325.0,298.98986174073497,26.643654001950097,7.029202913035754,9722.478550860935,0.2744170039072707
110.0,1.8333333333333333,14.266666666666667,False,1070.0,0.0,20000.0,0.0,26.007769444474775,-0.10209686587954471,29.697105365830684,29.906917580989692,1.1773376956998651,299.8179615740791,101324.91490799982,-0.08509200018306728,566.1321972899395,25.40215750351186,15258.296536270253,298.65520656007413,25.505206560074157,30.0,101325.0,298.2272846374322,26.66796157407913,7.056154862086628,9834.744095762739,0.2879984085229816
115.0,1.9166666666666667,14.733333333333334,False,1105.0,0.0,20000.0,0.0,26.150989599499326,-0.10511643099491451,29.822069815085918,30.02732353248152,1.177243910003412,299.84183159991653,101324.90980029335,-0.09019970665394794,564.7390091922326,25.506459007627818,15257.081073644218,298.65549596168705,25.505495961687075,30.0,101325.0,297.4696825395785,26.691831599916554,7.085127502118838,9956.386860531637,0.3017422494648527
120.0,2.0,15.200000000000001,False,1140.0,0.0,20000.0,0.0,26.29185320688657,-0.11159723002732924,29.95781191051878,30.154569193049937,1.1771516071892933,299.8653088678144,101324.89833516939,-0.10166483061038889,563.3540620579955,25.616555258375392,15255.884829173241,298.65578925533424,25.505789255334264,30.0,101325.0,296.7169116320169,26.71530886781443,7.115709793993164,10085.871609603259,0.3156604845135575
125.0,2.0833333333333335,15.666666666666668,False,1175.0,0.0,20000.0,0.0,26.43043563520439,-0.12092174013654951,30.10216867298669,30.28719255850621,1.177060738678359,299.8884059392007,101324.88063618582,-0.11936381418490782,561.977143029481,25.731206184409505,15254.70717327153,298.656086376847,25.50608637684701,30.0,101325.0,295.96884381901265,26.73840593920073,7.1475572734470845,10221.90133835501,0.3297631046163063
130.0,2.1666666666666665,16.133333333333333,False,1210.0,0.0,20000.0,0.0,26.5671373459636,-0.09967366568396002,30.215021812848033,30.423983300436056,1.1769717643216797,299.9111895576606,101324.91889926832,-0.08110073168063536,560.6079569541963,25.849373980496644,15253.554065608969,298.6563872642295,25.506387264229545,30.0,101325.0,295.22543538492465,26.7611895576606,7.180381661249068,10363.378016663331,0.3440584375017357
135.0,2.25,16.6,False,1245.0,0.0,20000.0,0.0,26.702200332515986,0.06999699425905993,30.23965701756923,30.64631850456671,1.1768848372709544,299.9337000554193,101325.03999656494,0.039996564941247925,559.2460405178024,25.970204675457076,15252.427491031569,298.6566918597857,25.506691859785747,30.0,101325.0,294.48647627650706,26.78370005541933,7.213945743182521,10509.38658045735,0.35855341291640286
140.0,2.3333333333333335,17.066666666666666,False,1280.0,0.0,20000.0,0.0,26.83430140144435,-0.07218410085736571,30.466693973784622,30.706180355996537,1.1767974950204358,299.9557169002407,101324.95746494354,-0.042535056461929344,557.8907404188221,26.093002819880496,15251.295535464847,298.657000111146,25.507000111146,30.0,101325.0,293.751003225483,26.805716900240725,7.248056338855694,10659.171111635556,0.3732538002025785
145.0,2.4166666666666665,17.53333333333333,False,1314.9999999999998,0.0,20000.0,0.0,26.96494867701233,-0.046881548389126955,30.581762112448473,30.85001781511477,1.176712360114562,299.9774914461687,101324.98205812588,-0.01794187411724124,556.5428845955147,26.217127363318667,15250.192187084722,298.6573119562245,25.5073119562245,30.0,101325.0,293.020105175732,26.82749144616872,7.282535378699629,10812.01307033663,0.3881643447733925
150.0,2.5,18.0,False,1350.0,0.0,20000.0,0.0,27.093314376489502,-0.08207353162714218,30.768236887025086,30.994831965658964,1.17662801321258,299.9988857294149,101324.9450117176,-0.05498828239797149,555.2025521344742,26.34208230435796,15249.099051235034,298.657627341407,25.507627341407044,30.0,101325.0,292.2934663319114,26.848885729414917,7.317245084543877,10967.346316465988,0.4032888999031166
155.0,2.5833333333333335,18.46666666666667,False,1385.0000000000002,0.0,20000.0,0.0,27.21988218512081,-0.08945290729332267,30.92278125527434,31.14012394923002,1.176545163615684,300.0199803641868,101324.934678999,-0.06532100100594107,553.869791954248,26.46742761113578,15248.025320459266,298.6579462094792,25.5079462094792,30.0,101325.0,291.57128595541815,26.8699803641868,7.352063225315494,11124.652458938,0.41863056571936935
160.0,2.6666666666666665,18.933333333333334,False,1420.0,0.0,20000.0,0.0,27.344910992348105,-0.028832353100279928,30.998201460436757,31.285498876428402,1.1764641310151647,300.04081849872466,101324.99321384012,-0.006786159879993647,552.5445548769163,26.592820003302872,15246.975137956535,298.6582685085663,25.508268508566346,30.0,101325.0,290.8536136750861,26.890818498724684,7.386894445361909,11283.515566871121,0.43419179351507015
165.0,2.75,19.4,False,1455.0,0.0,20000.0,0.0,27.46760167696118,-0.06878909561381402,31.190438747253836,31.43056859934072,1.1763835881536462,300.0612669461602,101324.96137192102,-0.03862807898258325,551.2270604987829,26.717959104369626,15245.931302471256,298.6585941849174,25.5085941849174,30.0,101325.0,290.14023367446487,26.911266946160197,7.421655306769341,11443.558462885112,0.44997448381351196
170.0,2.8333333333333335,19.866666666666667,False,1490.0,0.0,20000.0,0.0,27.58863814934432,-0.06494937746832272,31.33110021404234,31.575073470259404,1.1763045553318703,300.08143969155736,101324.96556390503,-0.03443609496753197,549.9172777052007,26.842600691409498,15244.90703710104,298.6589231866141,25.50892318661414,30.0,101325.0,289.43137892061725,26.931439691557387,7.456277969835972,11604.462330327995,0.46598005380879887
175.0,2.9166666666666665,20.333333333333336,False,1525.0000000000002,0.0,20000.0,0.0,27.707844701851286,-0.06424487525588882,31.47459514572706,31.718764606492584,1.1762266884711137,300.1013074503085,101324.96630690615,-0.03369309385016095,548.6152995294636,26.966540478452636,15243.897882585634,298.6592554622791,25.5092554622791,30.0,101325.0,288.72701044188454,26.951307450308548,7.490705688459066,11765.948802973691,0.48220950598470286
180.0,3.0,20.8,False,1560.0,0.0,20000.0,0.0,27.82500349925067,-0.10094543183349886,31.660624449568324,31.861426856011057,1.1761495863224312,300.12083391654176,101324.9168164881,-0.08318351190246176,547.321255002825,27.089604270180413,15242.898638738709,298.6595909603016,25.509590960301637,30.0,101325.0,288.02709502559355,26.97083391654178,7.524890075050115,11927.769360752727,0.4986634769317351
185.0,3.0833333333333335,21.266666666666666,False,1595.0,0.0,20000.0,0.0,27.940780924113824,-0.08505098124931337,31.7842421885476,32.00293643433621,1.1760742508825046,300.14013015401895,101324.94094963746,-0.05905036254262086,546.0351251413089,27.211663217965867,15241.922291437259,298.65992963245725,25.509929632457272,30.0,101325.0,287.3318653349208,26.99013015401897,7.5587953383238515,12089.727508336478,0.5153422942019359
190.0,3.1666666666666665,21.733333333333334,False,1630.0,0.0,20000.0,0.0,28.054620765670848,-0.09440300327879991,31.935944792181182,32.14312531425935,1.1759997512435945,300.1591034609451,101324.92724957528,-0.07275042471883353,544.7571031049437,27.33259533453871,15240.956776116984,298.66027142808366,25.510271428083684,30.0,101325.0,286.6411922550215,27.00910346094514,7.59238759292742,12251.629788239372,0.5322460145467802
195.0,3.25,22.2,False,1665.0,0.0,20000.0,0.0,28.166775314531947,-0.09887869853466742,32.08055457593838,32.28189991500036,1.1759264383986632,300.1777958857553,101324.9201877794,-0.07981222060334403,543.4872445615733,27.45231237334944,15240.006641646674,298.6606162993297,25.51061629932974,30.0,101325.0,285.95518818335887,27.027795885755324,7.625642325930399,12413.3227215857,0.5493744537897144
200.0,3.3333333333333335,22.666666666666668,False,1700.0,0.0,20000.0,0.0,28.277305870611258,-0.0943649237714496,32.21318485869271,32.4191639259555,1.175854359448664,300.19621764510185,101324.92730825438,-0.07269174561952241,542.2256383663045,27.570730733316534,15239.072498454685,298.6609641968063,25.5109641968063,30.0,101325.0,285.27390846895537,27.046217645101876,7.658536314810148,12574.655063453172,0.5667272161404358
205.0,3.4166666666666665,23.133333333333333,False,1735.0,0.0,20000.0,0.0,28.385941096195097,-0.11458233679260801,32.37304317875198,32.5548477481551,1.1757830437240908,300.2143235160325,101324.89282357629,-0.10717642371309921,540.9724260895711,27.68780169260071,15238.148246664217,298.66131507503343,25.51131507503345,30.0,101325.0,284.59731077674195,27.064323516032516,7.69105602572242,12735.519867302375,0.5843037265090161
210.0,3.5,23.6,False,1770.0,0.0,20000.0,0.0,28.493103394164564,-0.11402911850444034,32.50707945201549,32.688900631836866,1.1757131100529736,300.2321838990274,101324.89385600109,-0.10614399891346693,539.7276347775528,27.803466978746215,15237.24190628654,298.6616688854677,25.511668885467714,30.0,101325.0,283.92555668918027,27.082183899027427,7.723185271873948,12895.794757240488,0.6021032505538375
215.0,3.5833333333333335,24.066666666666666,False,1805.0,0.0,20000.0,0.0,28.598656434059308,-0.11035178523076127,32.635804946256115,32.82127951330276,1.1756443010639424,300.2497760723432,101324.90059170201,-0.09940829798870254,538.4913802859968,27.917695414846094,15236.350141788693,298.6620255828765,25.512025582876504,30.0,101325.0,283.25864203846464,27.099776072343218,7.754915393012804,13055.392846764607,0.6201249086121744
220.0,3.6666666666666665,24.533333333333335,False,1840.0000000000002,0.0,20000.0,0.0,28.7024689252828,-0.11916824267735454,32.77737208634363,32.951944695803526,1.1755763660746725,300.2670781542138,101324.88407289745,-0.11592710255354177,537.2637740503965,28.030458630120524,15235.469704327756,298.6623851216084,25.512385121608418,30.0,101325.0,282.59656252253075,27.1170781542138,7.786238508366813,13214.229993279183,0.6383677022510936
225.0,3.75,25.0,False,1875.0,0.0,20000.0,0.0,28.804808689155493,-0.11505816215278357,32.90214707937164,33.0808726586456,1.1755096825965523,300.2841347815259,101324.8919315863,-0.10806841369776521,536.0448613602601,28.14172707244243,15234.605486451319,298.6627474551795,25.51274745517952,30.0,101325.0,281.93943027712766,27.134134781525916,7.8171464090117855,13372.219315495004,0.6568305142710757
230.0,3.8333333333333335,25.46666666666667,False,1910.0000000000002,0.0,20000.0,0.0,28.90575315335377,-0.0887637852379536,32.999343717436034,33.208059901298434,1.175444333309762,300.3009588588923,101324.93568155453,-0.06431844546750654,534.8347147857487,28.251495166761927,15233.758559694515,298.66311254045826,25.51311254045828,30.0,101325.0,281.2873004291071,27.150958858892295,7.8476375463227575,13529.307314421472,0.6755121299862955
235.0,3.9166666666666665,25.933333333333334,False,1945.0,0.0,20000.0,0.0,29.004874690054862,-0.09308868320743453,33.13042696742047,33.33346715075516,1.1753795984559343,300.3174791150091,101324.92926120048,-0.07073879952076823,533.6334810534586,28.359746242443272,15232.91959598891,298.6634803322493,25.513480332249344,30.0,101325.0,280.64007535301005,27.167479115009144,7.877707289567576,13685.424466672286,0.6944112492787217
240.0,4.0,26.400000000000002,False,1980.0000000000002,0.0,20000.0,0.0,29.102533114333482,-0.08681074483413805,33.24739889648316,33.45711096715906,1.1753160064202273,300.33375551905556,101324.93848077209,-0.06151922790741082,532.4411809193438,28.46648117135969,15232.095443206144,298.66385078802693,25.513850788026957,30.0,101325.0,279.9978900769487,27.18375551905558,7.907355880933247,13840.526410150254,0.7135264929431818
245.0,4.083333333333333,26.866666666666667,False,2015.0,0.0,20000.0,0.0,29.198273083640515,-0.12531718916431445,33.414735475999116,33.578953186444025,1.1752527920645222,300.34971218060673,101324.87180083347,-0.12819916653097607,531.2579558830045,28.571685524317832,15231.276185156206,298.6642238626181,25.51422386261811,30.0,101325.0,279.36063454129686,27.199712180606753,7.936579312310509,13994.546663034598,0.7328564047995602
250.0,4.166666666666667,27.333333333333336,False,2050.0,0.0,20000.0,0.0,29.292836093184064,-0.12688966127441365,33.53729518115448,33.6990379644093,1.1751910877291358,300.3654726821973,101324.86856337846,-0.13143662153743207,530.0837628935802,28.675368896412554,15230.4764969696,298.664599514737,25.51459951473703,30.0,101325.0,278.728553304513,27.215472682197344,7.965380249003488,14147.454024019517,0.7523994608322366
255.0,4.25,27.8,False,2085.0,0.0,20000.0,0.0,29.385873405336383,-0.13186585712631108,33.662049119225074,33.81735097274495,1.1751303002985236,300.3809789008894,101324.85805221,-0.14194779000536073,528.9187191632071,28.777532980090953,15229.688691868865,298.6649777019642,25.5149777019642,30.0,101325.0,278.1015645035304,27.230978900889397,7.993759161136376,14299.206279328015,0.7721540860428947
260.0,4.333333333333333,28.26666666666667,False,2120.0,0.0,20000.0,0.0,29.47749796901553,-0.1316658031708572,33.77901462336315,33.93390464468399,1.1750705670820363,300.39624966150257,101324.85848258184,-0.14151741816021968,527.7628685865736,28.878184506781995,15228.914549383191,298.6653583828402,25.515358382840247,30.0,101325.0,277.4797214603138,27.24624966150259,8.021717918550554,14449.769218344522,0.7921186523607229
265.0,4.416666666666667,28.733333333333334,False,2155.0,0.0,20000.0,0.0,29.567783511217385,-0.12092187746413363,33.881955816164094,34.04871609167311,1.1750119647430468,300.41129725186954,101324.8806359147,-0.11936408530164044,526.6162570279346,28.97733564706205,15228.155063069886,298.66574151703855,25.515741517038578,30.0,101325.0,276.86306397866593,27.261297251869564,8.04925990196168,14599.117509262362,0.8122914903660053
270.0,4.5,29.200000000000003,False,2190.0,0.0,20000.0,0.0,29.656521993560204,-0.12076533300117546,33.99548850611971,34.1617858729273,1.1749541233819412,300.4260869989267,101324.88094477016,-0.11905522983579431,525.4789666089814,29.074995519482385,15227.405439029957,298.66612706404413,25.516127064044156,30.0,101325.0,276.2515457941753,27.2760869989267,8.076387644300661,14747.222060390663,0.8326708928449311
275.0,4.583333333333333,29.666666666666668,False,2225.0,0.0,20000.0,0.0,29.743776002699974,-0.12735106367898966,34.11513396981783,34.273114542516566,1.1748970969883898,300.4406293337833,101324.867605768,-0.13239423200138845,524.3510365352879,29.171162845128087,15226.666376969533,298.6665149817992,25.51651498179922,30.0,101325.0,275.6451982979918,27.29062933378333,8.103100790313357,14894.03861242145,0.8532551016454951
280.0,4.666666666666667,30.133333333333333,False,2260.0,0.0,20000.0,0.0,29.82960624326961,-0.1359344188746227,34.23539689915905,34.382733940386046,1.1748409447489205,300.45493437387825,101324.84915782665,-0.15084217334515415,523.2325018778748,29.265862833657113,15225.93864394601,298.6669052329388,25.516905232938825,30.0,101325.0,275.04405183153887,27.304934373878268,8.12940634268253,15039.564087805044,0.8740423257428747
285.0,4.75,30.6,False,2295.0,0.0,20000.0,0.0,29.9142199208203,-0.1301349993802676,34.33720831913385,34.490657266121964,1.1747859505514475,300.46903665347,101324.86175413826,-0.13824586174450815,522.1233743600476,29.3590992043546,15225.22591914676,298.6672977769619,25.517297776961925,30.0,101325.0,274.44817685702026,27.31903665347005,8.155305334542945,15183.763466393011,0.8950307476555122
290.0,4.833333333333333,31.066666666666666,False,2330.0,0.0,20000.0,0.0,29.997308025099187,-0.13883423733470454,34.454223539020354,34.59689563785132,1.1747315880628484,300.48288467084984,101324.84265350648,-0.15734649352089036,521.0237325730453,29.45089413565712,15224.521381294515,298.6676925768369,25.517692576836907,30.0,101325.0,273.8574895640356,27.332884670849865,8.180803926571423,15326.631092344152,0.9162185216546352
295.0,4.916666666666667,31.533333333333335,False,2365.0,0.0,20000.0,0.0,30.079075115554133,-0.14526094884897248,34.56692968632185,34.70147341212774,1.1746781398987387,300.496512519259,101324.82774903461,-0.1722509653918678,519.9335805254386,29.541260906684723,15223.828693087655,298.66808959446286,25.51808959446288,30.0,101325.0,273.2720561813132,27.346512519259022,8.205905807412424,15468.148590177898,0.9376037853230533
300.0,5.0,32.0,False,2400.0,0.0,20000.0,0.0,30.15959782305447,-0.14505742461092522,34.67026564643295,34.80440653134361,1.1746256856247126,300.50993297050906,101324.82823137604,-0.17176862395717762,518.8529367859975,29.63021067671719,15223.148885696275,298.6684887917026,25.518488791702623,30.0,101325.0,272.69190292053906,27.359932970509078,8.230614076865887,15608.295140122402,0.9591846490246507
305.0,5.083333333333333,32.46666666666667,False,2435.0,0.0,20000.0,0.0,30.238886179382916,-0.13887409312684237,34.76500568450659,34.905711807898136,1.174574200642728,300.5231476965638,101324.84256315313,-0.15743684687186033,517.7818252074798,29.717757966076306,15222.481640329754,298.66889013143265,25.51889013143267,30.0,101325.0,272.1170345075225,27.37314769656382,8.25493276835453,15747.056085456088,0.980959198486858
310.0,5.166666666666667,32.93333333333334,False,2470.0000000000005,0.0,20000.0,0.0,30.31696894441984,-0.12470698274274344,34.848842660225124,35.005416451979684,1.1745236926694054,300.5361614907366,101324.8730462731,-0.12695372689631768,516.7202632737033,29.803925344767567,15221.827056995493,298.6692935783508,25.519293578350812,30.0,101325.0,271.54745986209275,27.38616149073664,8.278868151324325,15884.430580240496,1.0029255086713695
315.0,5.25,33.400000000000006,False,2505.0000000000005,0.0,20000.0,0.0,30.39336393930921,-0.14720257863317263,34.9737694174365,35.1035034674597,1.1744733561891043,300.54889398988485,101324.82311347628,-0.17688652372453362,515.6683310995816,29.888718447698544,15221.174696210792,298.6696990949006,25.519699094900602,30.0,101325.0,270.98303319052513,27.39889398988487,8.302421791027374,16020.391771962637,1.025081635304844
320.0,5.333333333333333,33.86666666666667,False,2540.0,0.0,20000.0,0.0,30.468901171952325,-0.13580278544502922,35.057656906037344,35.20004024065655,1.1744244665929071,300.5614835286587,101324.8494498242,-0.15055017579288688,514.6259352778977,29.972161890304015,15220.541087044076,298.67010664685654,25.52010664685656,30.0,101325.0,270.4239981894041,27.41148352865872,8.325600525084448,16154.944097207426,1.0474256185473232
325.0,5.416666666666667,34.333333333333336,False,2575.0,0.0,20000.0,0.0,30.54287406211563,-0.1515176077697988,35.171565089850326,35.29501277425884,1.1743758673253852,300.5738123436859,101324.81259113907,-0.1874088609329192,513.5931771204823,30.05427287486965,15219.911240536992,298.6705161994388,25.520516199438816,30.0,101325.0,269.87013966826174,27.42381234368594,8.348409131908236,16288.08121263386,1.069955497234713
330.0,5.5,34.8,False,2610.0,0.0,20000.0,0.0,30.615806332859393,-0.15259841163162385,35.2668950811563,35.38845831460651,1.1743283457106417,300.5859677221432,101324.80990795729,-0.19009204271424096,512.5699975254275,30.135062688273333,15219.295360409917,298.6709277172872,25.520927717287236,30.0,101325.0,269.32160610746905,27.435967722143232,8.370850746742592,16419.78809749248,1.0926692953667452
335.0,5.583333333333333,35.266666666666666,False,2645.0,0.0,20000.0,0.0,30.687534387119058,-0.1539288857001463,35.36099846418669,35.480389553878354,1.1742816044943134,300.59792239785315,101324.80657876038,-0.19342123961541802,511.55642150131195,30.214549404576125,15218.689594246302,298.67134116668643,25.521341166686454,30.0,101325.0,268.77834051799715,27.447922397853176,8.392930390160034,16550.061659163264,1.1155650243644228
340.0,5.666666666666667,35.733333333333334,False,2680.0,0.0,20000.0,0.0,30.75816356002349,-0.14861589948906406,35.44587401732361,35.570836118609336,1.1742357730472508,300.60969392667056,101324.81970052587,-0.1802994741301518,510.5524371624997,30.292754602680613,15218.09561869237,298.6717565149218,25.521756514921833,30.0,101325.0,268.2403645441892,27.45969392667058,8.41465405630017,16678.90559460684,1.1386406960684299
345.0,5.75,36.2,False,2715.0,0.0,20000.0,0.0,30.827480672435968,-0.15465711808348304,35.54249194505213,35.65980080903055,1.1741904739356277,300.6212467787393,101324.80474429246,-0.19525570754194632,509.55806875942545,30.36969009764383,15217.508542205736,298.67217372812735,25.52217372812737,30.0,101325.0,267.7076030580288,27.471246778739328,8.436025027123286,16806.308495168792,1.1618943169641074
350.0,5.833333333333333,36.66666666666667,False,2750.0000000000005,0.0,20000.0,0.0,30.895655599236648,-0.15995115385058478,35.63678062153953,35.74731030254781,1.1741459375474985,300.6326092665394,101324.79114798679,-0.20885201320925262,508.57329045658673,30.44537238464167,15216.931350615581,298.67259277377383,25.52259277377385,30.0,101325.0,267.18009361698034,27.48260926653944,8.457047884622686,16932.267522934326,1.1853238836433457
355.0,5.916666666666667,37.13333333333333,False,2785.0,0.0,20000.0,0.0,30.962780655086704,-0.15900394129344642,35.722370015116155,35.83339577516175,1.1741022739929452,300.64379677584776,101324.7936142584,-0.2063857416069368,507.59808350546575,30.519824864402793,15216.365470948569,298.67301362086585,25.523013620865868,30.0,101325.0,266.65784979811076,27.493796775847784,8.477729129000775,17056.79232596041,1.2089273974273003
360.0,6.0,37.6,False,2820.0,0.0,20000.0,0.0,31.02902753227545,-0.1392282022197972,35.784613717920045,35.918074937054854,1.1740597145197793,300.6548379220459,101324.84175924658,-0.1582407534151571,506.6324178647801,30.59305629249554,15215.813900176341,298.67343623646235,25.523436236462373,30.0,101325.0,266.1409065370469,27.50483792204591,8.498071192359872,17179.86899755942,1.2327028566797444
365.0,6.083333333333333,38.06666666666667,False,2855.0000000000005,0.0,20000.0,0.0,31.093673039122564,-0.15919561843344884,35.891737081196126,36.00133679351077,1.1740170788755295,300.66561217318707,101324.79311636793,-0.2068836320686387,505.67636455249686,30.665087792413335,15215.261342226862,298.6738605902325,25.523860590232516,30.0,101325.0,265.6290321231486,27.515612173187094,8.518079942337037,17301.505197044364,1.2566482554259972
370.0,6.166666666666667,38.53333333333333,False,2890.0,0.0,20000.0,0.0,31.15745382030252,-0.16170757356844706,35.977161220174494,36.08323945653979,1.1739754963467441,300.67624230338373,101324.78653600531,-0.2134639946889365,504.7298216905664,30.7359391817172,15214.722432653805,298.67428665200174,25.524286652001763,30.0,101325.0,265.12242762020685,27.526242303383754,8.537760883810334,17421.707377915398,1.2807615974919415
375.0,6.25,39.0,False,2925.0,0.0,20000.0,0.0,31.220265223463684,-0.1571215452476539,36.05295720539004,36.16378791790446,1.1739347620564144,300.68671087057726,101324.79847200016,-0.20152799984498415,503.7927837714462,30.805619772733653,15214.194516251131,298.6747143903652,25.524714390365205,30.0,101325.0,264.6210420843781,27.53671087057728,8.557116603537127,17540.46500517491,1.3050408838690877
380.0,6.333333333333333,39.46666666666667,False,2960.0,0.0,20000.0,0.0,31.281882710044442,-0.16316466384273454,36.13979272244239,36.242996922428084,1.1738944860892864,300.69698045167405,101324.78267177529,-0.21732822470949031,502.8652552942597,30.874152108140528,15213.672539717152,298.67514377663167,25.525143776631694,30.0,101325.0,264.12478856172703,27.546980451674074,8.576153363372368,17657.790863984617,1.3294841171115594
385.0,6.416666666666667,39.93333333333334,False,2995.0000000000005,0.0,20000.0,0.0,31.34257654242947,-0.1611149089562339,36.21588688381937,36.320897961441226,1.1738550597178847,300.7070960904049,101324.78809784581,-0.21190215418755542,501.94718282797237,30.941552503228387,15213.161573943788,298.6755747814592,25.525574781459227,30.0,101325.0,263.6337257794818,27.55709609040491,8.594875695341218,17773.68801921786,1.3540893107804501
390.0,6.5,40.4,False,3030.0,0.0,20000.0,0.0,31.402332785821727,-0.15301883013839845,36.28363697820008,36.397503906851874,1.1738164236145192,300.7170554643036,101324.80885908264,-0.19114091736264527,501.0385430006813,31.007833230662648,15212.660850044169,298.67600737536964,25.52600737536966,30.0,101325.0,263.1478266150289,27.56705546430362,8.613287008517402,17888.153346548876,1.378854478395566
395.0,6.583333333333333,40.86666666666667,False,3065.0,0.0,20000.0,0.0,31.460795928660673,-0.16655887882067894,36.37530281130084,36.47282314389209,1.1737779815613236,300.7267993214434,101324.7735358358,-0.22646416419593152,500.1393468239708,31.073016973258486,15212.162641034754,298.6764415310643,25.526441531064336,30.0,101325.0,262.66696197737747,27.576799321443445,8.631393603682913,18001.2024904094,1.4037776421712316
400.0,6.666666666666667,41.333333333333336,False,3100.0,0.0,20000.0,0.0,31.518433525390492,-0.16817666919653165,36.45182351694522,36.54689230988876,1.1737404369747901,300.73640558756506,101324.76911516684,-0.23088483315950725,499.24951374801395,31.137116144762867,15211.676063193281,298.6768772199722,25.52687721997222,30.0,101325.0,262.1912459724618,27.586405587565082,8.649198929100796,18112.83414066302,1.428856834276143
405.0,6.75,41.800000000000004,False,3135.0000000000005,0.0,20000.0,0.0,31.575140724496578,-0.1669844116500358,36.523827959982846,36.61972420446928,1.1737035889477119,300.7458567874161,101324.77237719401,-0.22762280599272344,498.36902373405013,31.200146740030693,15211.198512762347,298.6773144146203,25.52731441462032,30.0,101325.0,261.72062173332847,27.595856787416096,8.666707427786305,18223.053917917136,1.454090089872379
410.0,6.833333333333333,42.266666666666666,False,3170.0,0.0,20000.0,0.0,31.63093155180877,-0.1629985128654269,36.59135658751551,36.6913402263149,1.1736674258285427,300.7551552586348,101324.78311416166,-0.21688583833747543,497.4978418011137,31.26212708886667,15210.729838737912,298.677753088348,25.52775308834805,30.0,101325.0,261.25506701116905,27.605155258634795,8.683924191351853,18331.872296947033,1.479475455299368
415.0,6.916666666666667,42.733333333333334,False,3205.0,0.0,20000.0,0.0,31.68574408316306,-0.1617589643393718,36.660877109900575,36.76175354847726,1.1736318148885367,300.76429068052715,101324.78640030576,-0.2135996942379279,496.63593902805144,31.3230717522502,15210.268320955436,298.67819321432677,25.52819321432679,30.0,101325.0,260.7945358722303,27.614290680527176,8.700853264513945,18439.29389440639,1.5050109873766966
420.0,7.0,43.2,False,3240.0,0.0,20000.0,0.0,31.739604348056332,-0.16252972900121052,36.73155177067248,36.83098405612647,1.173596763696312,300.7732673913427,101324.78435989544,-0.21564010456495453,495.7832753077452,31.38299729127159,15209.814057504203,298.67863476652093,25.528634766520952,30.0,101325.0,260.33900785256856,27.623267391342722,8.717499247575441,18545.327553280364,1.5306947522709238
425.0,7.083333333333333,43.66666666666667,False,3275.0000000000005,0.0,20000.0,0.0,31.792553967868344,-0.1633649210792171,36.80113331549855,36.89905165360412,1.1735623046714687,300.78209232797803,101324.78213798009,-0.2178620199119905,494.9398073338779,31.44191962090481,15209.367468542236,298.67907771921494,25.529077719214968,30.0,101325.0,259.8884663164917,27.632092327978057,8.733866561362447,18649.981689198157,1.5565248281337558
430.0,7.166666666666667,44.13333333333333,False,3310.0,0.0,20000.0,0.0,31.84459445957623,-0.16522211709991003,36.87075419250708,36.965973158987836,1.1735284068627958,300.7907657432627,101324.77715634303,-0.22284365697123576,494.10549429760846,31.499853725577307,15208.928152941835,298.67952204699134,25.52952204699136,30.0,101325.0,259.4428818977994,27.640765743262705,8.749959368215919,18753.263747780515,1.5824993041316577
435.0,7.25,44.6,False,3345.0,0.0,20000.0,0.0,31.895736048908475,-0.16837037763651055,36.940746461998316,37.03176716656988,1.173495053885863,300.7992893414847,101324.76858298722,-0.23141701277927496,493.28029288236866,31.556815722353846,15208.495898360785,298.67996772505376,25.52996772505378,30.0,101325.0,259.0022271913783,27.649289341484746,8.76578214509829,18855.18386004326,1.608616281637091
440.0,7.333333333333333,45.06666666666667,False,3380.0000000000005,0.0,20000.0,0.0,31.94599394485772,-0.17269148477587024,37.01099002210717,37.09645128773585,1.1734622373118755,300.80766565747626,101324.75655225376,-0.2434477462375071,492.4641577889198,31.612820684127897,15208.070595561907,298.68041472886256,25.53041472886258,30.0,101325.0,258.56647554437154,27.657665657476286,8.781339078924416,18955.750950843627,1.6348738752557626
445.0,7.416666666666667,45.53333333333334,False,3415.0000000000005,0.0,20000.0,0.0,31.995410435874078,-0.17623592914352917,37.07923235728134,37.16004443588357,1.1734299920005113,300.8159017393123,101324.74645630432,-0.2535436956823105,491.6570396648485,31.66788363107339,15207.652696326628,298.6808630343024,25.5308630343024,30.0,101325.0,258.13560772675834,27.665901739312346,8.79663434196483,19054.974482950132,1.6612702123625636
450.0,7.5,46.0,False,3450.0,0.0,20000.0,0.0,32.044045958861034,-0.17596987942577882,37.141958246054145,37.22256632649188,1.1733983819388931,300.82400765981015,101324.74722123702,-0.2527787629805971,490.8588861791644,31.722019477294893,15207.243029928055,298.6813126176614,25.5313126176614,30.0,101325.0,257.7096093079401,27.674007659810172,8.811672077026358,19152.864346937862,1.687803433772208
455.0,7.583333333333333,46.46666666666667,False,3485.0,0.0,20000.0,0.0,32.09192995814669,-0.17081123178908433,37.19792471329901,37.28403479083399,1.1733674223755237,300.83198832635776,101324.76182467832,-0.23817532167595346,490.06964682509715,31.775242843670526,15206.841793986789,298.6817634555998,25.531763455599844,30.0,101325.0,257.2884560543077,27.681988326357782,8.826456345464035,19249.430506072677,1.7144716940867986
460.0,7.666666666666667,46.93333333333334,False,3520.0000000000005,0.0,20000.0,0.0,32.13892448414663,-0.17109840768556095,37.25918806356211,37.34446049711233,1.1733368642534634,300.83982074735775,101324.76102314194,-0.23897685806150548,489.2892855469488,31.827569417477374,15206.445760724886,298.6822155253697,25.532215525369736,30.0,101325.0,256.87207345274703,27.68982074735777,8.840991504854825,19344.685455052466,1.7412731635042467
465.0,7.75,47.4,False,3555.0,0.0,20000.0,0.0,32.18501565390568,-0.17863288499843166,37.327863172660265,37.403859288093756,1.173306655101141,300.84750260898426,101324.739512591,-0.2604874090029625,488.51775301376404,31.879014003265393,15206.054250110788,298.6826688044886,25.53266880448865,30.0,101325.0,256.4604233517987,27.69750260898428,8.85528166757372,19438.64067466815,1.7682060288721082
470.0,7.833333333333333,47.86666666666667,False,3590.0,0.0,20000.0,0.0,32.230454676867794,-0.17739527406767397,37.385312165408536,37.46225820800048,1.1732771620948106,300.85507577947794,101324.7431095244,-0.25689047560445033,487.75497444999286,31.929589544821646,15205.672020748745,298.6831232705741,25.533123270574094,30.0,101325.0,256.0535459094111,27.705075779477966,8.869330429117124,19531.304799188405,1.7952684910067307
475.0,7.916666666666667,48.333333333333336,False,3625.0,0.0,20000.0,0.0,32.27518116506042,-0.17231486529657938,37.43729179308394,37.519670661088924,1.1732482599622909,300.8625301941767,101324.75761295672,-0.24238704328308813,487.00090313573213,31.97931072345663,15205.297449111291,298.68357890193107,25.533578901931094,30.0,101325.0,255.6513882232694,27.712530194176736,8.883141867626842,19622.690175620726,1.8224587652947928
480.0,8.0,48.800000000000004,False,3660.0000000000005,0.0,20000.0,0.0,32.31894609028734,-0.1810227293807627,37.504349992952015,37.57610174394837,1.1732195254299855,300.8698243483812,101324.73249609345,-0.2675039065507008,486.2555078891754,32.02819330012149,15204.925049572614,298.6840356774418,25.534035677441807,30.0,101325.0,255.25384089862237,27.719824348381223,8.896720361144856,19712.81168829089,1.8497750860336204
485.0,8.083333333333334,49.266666666666666,False,3695.0,0.0,20000.0,0.0,32.362162776704736,-0.17676825122730108,37.55535170735323,37.63158500206129,1.1731915832702915,300.87702712945077,101324.74492232945,-0.2550776705465978,485.51869701601083,32.076248703696464,15204.562919182978,298.68449357566675,25.534493575666772,30.0,101325.0,254.8609910243904,27.72702712945079,8.91006908436013,19801.676755246484,1.877215703008299
490.0,8.166666666666666,49.733333333333334,False,3730.0,0.0,20000.0,0.0,32.404554700355334,-0.17876461112063505,37.612686858856215,37.68612391698117,1.1731639674550907,300.8840924500592,101324.739128276,-0.26087172399275005,484.7904397755985,32.12349250610939,15204.205018217976,298.6849525762368,25.534952576236833,30.0,101325.0,254.47272027192125,27.734092450059222,8.923192362808164,19889.300940232984,1.9047788819634932
495.0,8.25,50.2,False,3765.0,0.0,20000.0,0.0,32.446217439532234,-0.1814934797601041,37.669945198629286,37.739737955598436,1.1731368009367722,300.891036239922,101324.73110299432,-0.2688970056769904,484.0706712920577,32.16993783287894,15203.852940140569,298.68541265876564,25.535412658765665,30.0,101325.0,254.08902058192484,27.74103623992204,8.936093842466372,19975.695780871418,1.9324629074642603
500.0,8.333333333333334,50.66666666666667,False,3800.0000000000005,0.0,20000.0,0.0,32.48727116372004,-0.17791323725499233,37.71894226957591,37.79244737380609,1.1731102459289364,300.89787852728665,101324.74160718375,-0.2583928162493976,483.35932411690976,32.21559738733664,15203.508787239016,298.6858738031744,25.53587380317441,30.0,101325.0,253.70989088994202,27.747878527286673,8.948777052037956,20060.87249385311,1.9602660798772633
505.0,8.416666666666666,51.13333333333333,False,3835.0,0.0,20000.0,0.0,32.52749217496455,-0.1834899622161452,37.77770404771762,37.84425744841534,1.1730839210956496,300.90458202916074,101324.72515456135,-0.27484543864557054,482.65635951451577,32.26048602990752,15203.16761739962,298.68633599011616,25.536335990116186,30.0,101325.0,253.33522762843256,27.75458202916076,8.961246119418755,20144.846786350638,1.9881867182662938
510.0,8.5,51.6,False,3870.0,0.0,20000.0,0.0,32.56718161959293,-0.17933671111638472,37.8242516233112,37.89519589271851,1.173058275697945,300.9111969365988,101324.73745586976,-0.26254413023707457,481.96169330188116,32.30461493498408,15202.835253045369,298.68679920000466,25.53679920000468,30.0,101325.0,252.96508298051725,27.76119693659882,8.97350414860669,20227.627926238063,2.016223159038925
515.0,8.583333333333334,52.06666666666667,False,3905.0000000000005,0.0,20000.0,0.0,32.606069761586355,-0.18380386892380007,37.87996944193377,37.94526560816718,1.1730328563121937,300.9176782935977,101324.72421336954,-0.27578663046006113,481.27528889539366,32.34799895329474,15202.50581780603,298.6872634142268,25.5372634142268,30.0,101325.0,252.59933918628215,27.767678293597726,8.985555264804095,20309.23250543797,2.044373756560922
520.0,8.666666666666666,52.53333333333334,False,3940.0000000000005,0.0,20000.0,0.0,32.64438550503871,-0.18277951903349848,37.92843877502146,37.99449081361945,1.1730079986832123,300.92406425083976,101324.72727875446,-0.27272124553564936,480.5970673101789,32.390649387106535,15202.18366293443,298.68772861394274,25.53772861394276,30.0,101325.0,252.23802649790096,27.774064250839785,8.997402607529594,20389.670879754216,2.0726368839117497
525.0,8.75,53.0,False,3975.0,0.0,20000.0,0.0,32.68205430358421,-0.18185085830773656,37.976180725184236,38.042882463048066,1.1729835589059006,300.9303423839307,101324.73004298231,-0.2699570176919224,479.92697431225736,32.432579445983485,15201.866923420472,298.6881947809856,25.538194780985634,30.0,101325.0,251.88108476567646,27.7803423839307,9.009049846106524,20468.95740136834,2.101010931329196
530.0,8.833333333333334,53.46666666666667,False,4010.0,0.0,20000.0,0.0,32.71899416326869,-0.18701572256900575,38.03019440141048,38.090450969848234,1.1729593816431936,300.9364990272114,101324.71449077153,-0.2855092284735292,479.26495542914466,32.47380221852823,15201.553586095788,298.688661897517,25.538661897517045,30.0,101325.0,251.52845144842613,27.78649902721145,9.020500616257841,20547.106607128302,2.129494309112874
535.0,8.916666666666666,53.93333333333334,False,4045.0000000000005,0.0,20000.0,0.0,32.75549870797806,-0.18015637342778715,38.0693955647914,38.13722281016969,1.1729359061774376,300.9425831179963,101324.73505045807,-0.2649495419318555,478.6109256761041,32.514328028764794,15201.24934405959,298.689129945592,25.539129945592038,30.0,101325.0,251.1801755207501,27.792583117996344,9.031757785767999,20624.12817605981,2.1580854443789774
540.0,9.0,54.400000000000006,False,4080.0000000000005,0.0,20000.0,0.0,32.79117628733377,-0.18715198242584466,38.12393526046993,38.183194651753055,1.1729124880214201,300.9485293812223,101324.7140745753,-0.2859254247014178,477.9648541996373,32.55417180881422,15200.945844757603,298.6895989083653,25.53959890836535,30.0,101325.0,250.83610209444953,27.798529381222295,9.042825502448393,20700.040920106007,2.1867827840290923
545.0,9.083333333333334,54.86666666666667,False,4115.0,0.0,20000.0,0.0,32.82636529906472,-0.18695147554914116,38.16931289860592,38.228394522571826,1.1728896380298501,300.95439421651076,101324.71468690441,-0.2853130955918459,477.3266518865354,32.59334321239771,15200.649708866857,298.69006876845907,25.540068768459093,30.0,101325.0,250.49629320817584,27.804394216510786,9.053706447888253,20774.853978433384,2.2155847943753004
550.0,9.166666666666666,55.333333333333336,False,4150.0,0.0,20000.0,0.0,32.86104313410715,-0.18171447471771737,38.208057119930274,38.27283466332031,1.1728672962942948,300.9601738556845,101324.73044775247,-0.2695522475260077,476.69625799296045,32.631854246635015,15200.360159974061,298.6905395092169,25.5405395092169,30.0,101325.0,250.16070347882678,27.810173855684525,9.064403957398616,20848.58131605719,2.244489957774252
555.0,9.25,55.800000000000004,False,4185.0,0.0,20000.0,0.0,32.89495020797233,-0.1887212061207366,38.26030478002378,38.31651689006618,1.1728450283297813,300.96582503466203,101324.70925964376,-0.29074035624216776,476.07362925457534,32.66971847476879,15200.071567153967,298.69101111456536,25.54101111456538,30.0,101325.0,249.82921698811919,27.815825034662055,9.074921798546887,20921.240238433118,2.273496778298204
560.0,9.333333333333334,56.266666666666666,False,4220.0,0.0,20000.0,0.0,32.928389672927324,-0.18927583563957925,38.30429738392139,38.35946715300487,1.1728232903379974,300.9713982788212,101324.70754822892,-0.2924517710780492,475.4586791045972,32.706945256817,15199.789842780447,298.69148356806215,25.541483568062176,30.0,101325.0,249.5018850660746,27.82139827882122,9.085262571338056,20992.840327998158,2.3026037786915587
565.0,9.416666666666666,56.733333333333334,False,4255.0,0.0,20000.0,0.0,32.961364885722446,-0.18388427935833776,38.34063720720426,38.40169825461096,1.172802064565236,300.9768941476204,101324.72397201473,-0.2760279852664098,474.851343869851,32.74354591867698,15199.514756765457,298.6919568539084,25.541956853908403,30.0,101325.0,249.1786698665885,27.826894147620408,9.095429421854716,21063.395250332473,2.331809497843177
570.0,9.5,57.2,False,4290.0,0.0,20000.0,0.0,32.99365478773916,-0.18719249920873116,38.38639290993107,38.443213118624776,1.172780978533555,300.9822757979565,101324.71395076114,-0.2860492388572311,474.251576048134,32.77953328224521,15199.241481794874,298.69243095686505,25.542430956865076,30.0,101325.0,248.85946679040345,27.832275797956527,9.10542591173478,21132.92188138436,2.361112495851314
575.0,9.583333333333334,57.66666666666667,False,4325.0,0.0,20000.0,0.0,33.02538457368212,-0.19180098012269686,38.43296032243637,38.48402946144111,1.1727602079574755,300.98756409561366,101324.69969293081,-0.3003070691920584,473.6593021269912,32.81491749150185,15198.972295128882,298.6929058615608,25.542905861560826,30.0,101325.0,248.5442741758462,27.837564095613686,9.115254858750514,21201.43224155787,2.3905113528811346
580.0,9.666666666666666,58.13333333333333,False,4360.0,0.0,20000.0,0.0,33.056687820241336,-0.19008112396735793,38.47146822954255,38.5241651661221,1.1727399421698976,300.99278130337353,101324.70505441887,-0.2949455811321968,473.07444819746803,32.84970843138642,15198.709650521872,298.6933815528879,25.543381552887922,30.0,101325.0,248.23309285743468,27.842781303373556,9.124919008718448,21268.93813117458,2.420004665639977
585.0,9.75,58.6,False,4395.0,0.0,20000.0,0.0,33.08751286715312,-0.18579514220023288,38.506310259659294,38.56362992969253,1.1727200777592397,300.99791881119216,101324.71820542967,-0.2817945703282021,472.49695372254837,32.883917194781475,15198.452207759747,298.69385801623775,25.543858016237778,30.0,101325.0,247.92586861006382,27.847918811192187,9.134421442994853,21335.45397459545,2.4495910490467616
590.0,9.833333333333334,59.06666666666667,False,4430.0,0.0,20000.0,0.0,33.117730213472214,-0.18772029421671654,38.547720067766,38.602429907203366,1.172700388481359,301.0029550355787,101324.71233543787,-0.2876645621290663,471.9267633177854,32.91755531623326,15198.197034718412,298.69433523737047,25.54433523737049,30.0,101325.0,247.62252409307112,27.852955035578702,9.14376536562035,21400.995343925653,2.4792691388512904
595.0,9.916666666666666,59.53333333333334,False,4465.0,0.0,20000.0,0.0,33.14740272897609,-0.19241875554132035,38.591706243147414,38.6405794040548,1.1726809528182347,301.0079004548293,101324.69775528584,-0.3022447141556768,471.3638077600715,32.95063274558368,15197.945148524323,298.69481320207626,25.544813202076284,30.0,101325.0,247.3230392104018,27.85790045482935,9.152953540439912,21465.57500097764,2.5090375904796955
600.0,10.0,60.0,False,4500.0,0.0,20000.0,0.0,33.17663727571539,-0.1938356580882674,38.63122949564421,38.678094438396364,1.1726619191963445,301.0127728792859,101324.69328765431,-0.30671234568580985,470.808014943673,32.98315891838925,15197.698472784627,298.69529189634824,25.54529189634826,30.0,101325.0,247.02740701546062,27.8627728792859,9.161988588441458,21529.204956109275,2.5388950765610057
605.0,10.083333333333334,60.833333333333336,False,4562.5,0.0,20000.0,0.0,33.205474851555664,-0.19171622324072904,38.66600654656551,38.71498807277032,1.172643272834809,301.0175791419259,101324.69995828364,-0.30004171635664534,470.25960455611414,33.01514532989959,15197.456815939126,298.6957713068157,25.54577130681571,30.0,101325.0,246.73573918088448,27.867579141925944,9.170873702749885,21591.901502986057,2.5688402893798217
610.0,10.166666666666666,61.666666666666664,False,4625.0,0.0,20000.0,0.0,33.23391058619336,-0.18843095364317203,38.698817194125304,38.75127729393843,1.1726249287495583,301.0223184310322,101324.7101532711,-0.2898467289051041,469.7187939678582,33.04660880377265,15197.219076594274,298.6962514213906,25.54625142139065,30.0,101325.0,246.44813142402572,27.872318431032227,9.179613556603515,21653.691677313374,2.5988719513105853
615.0,10.25,62.5,False,4687.5,0.0,20000.0,0.0,33.261891757943545,-0.18774808501026294,38.73406877660508,38.7869785915258,1.172606786639555,301.02698195965723,101324.71225025775,-0.2877497422450688,469.18551462974193,33.07756618284731,15196.983954848634,298.6967322284574,25.546732228457415,30.0,101325.0,246.16452631694543,27.876981959657257,9.188212828568698,21714.602892479714,2.6289888225396085
620.0,10.333333333333334,63.333333333333336,False,4750.0,0.0,20000.0,0.0,33.289402319247074,-0.1911532922439315,38.77350891479516,38.822108448046215,1.1725888044582662,301.0315670532078,101324.70171770501,-0.29828229498525616,468.6596952682043,33.108032671335245,15196.75090577913,298.6972137165651,25.547213716565125,30.0,101325.0,245.88487732069015,27.881567053207846,9.196675742037568,21774.659659714405,2.6591896993119657
625.0,10.416666666666666,64.16666666666667,False,4812.5,0.0,20000.0,0.0,33.31651864932826,-0.19428462121988876,38.81207406751231,38.85668598359344,1.1725710866239116,301.0360864415547,101324.69186519149,-0.30813480851065833,468.1412586068183,33.13802158935227,15196.521282645894,298.6976958743529,25.54769587435294,30.0,101325.0,245.60916547108772,27.88608644155471,9.205005997042297,21833.88306460386,2.689473409537187
630.0,10.5,65.0,False,4875.0,0.0,20000.0,0.0,33.343272308537166,-0.19569414442456126,38.848092999898924,38.890727197683184,1.172553666843967,301.0405453847562,101324.68737797419,-0.31262202581274323,467.6301305529937,33.1675455865155,15196.29552229781,298.6981786907204,25.54817869072042,30.0,101325.0,245.33735858941074,27.890545384756194,9.213207107365417,21892.293129143127,2.719838809671733
635.0,10.583333333333334,65.83333333333333,False,4937.5,0.0,20000.0,0.0,33.369673138088274,-0.19525736189347898,38.881434662631484,38.92424614180811,1.1725365446761669,301.0449455230147,101324.68877193981,-0.31122806019266136,467.1262386075594,33.19661661595228,15196.073619003124,298.6986621547969,25.548662154796943,30.0,101325.0,245.06941817244456,27.894945523014712,9.22128239332008,21949.9087418477,2.7502847831932544
640.0,10.666666666666666,66.66666666666667,False,5000.0,0.0,20000.0,0.0,33.395718881144944,-0.1935315747259481,38.912761135372286,38.95725547296166,1.1725197007576587,301.0492864801908,101324.6942492211,-0.30575077890534885,466.62951121783897,33.22524597905542,15195.855321819257,298.69914625592713,25.549146255927155,30.0,101325.0,244.80530227160583,27.899286480190824,9.229234994182061,22006.747728572984,2.780810239075491
645.0,10.75,67.5,False,5062.5,0.0,20000.0,0.0,33.421401486257196,-0.191410635184555,38.94312567711984,38.989766841967345,1.1725031067834575,301.0535669143762,101324.70091403052,-0.2990859694837127,466.1398773750396,33.25344437587757,15195.640263913609,298.69963098366037,25.549630983660393,30.0,101325.0,244.54496738347757,27.9035669143762,9.237067882188214,22062.826936119538,2.8114141103704164
650.0,10.833333333333334,68.33333333333333,False,5125.0,0.0,20000.0,0.0,33.44671144171866,-0.18990241133643598,38.97371366462323,39.02179117934479,1.172486732368467,301.0577852402864,101324.70560876872,-0.294391231276677,465.65726635624264,33.28122195508286,15195.428051495332,298.7001163277417,25.550116327741705,30.0,101325.0,244.28836975309278,27.907785240286444,9.244783876411907,22118.16231655781,2.8420953529069983
655.0,10.916666666666666,69.16666666666667,False,5187.5,0.0,20000.0,0.0,33.471640568369594,-0.18995270582182683,39.00563762002686,39.05333889918718,1.1724705494693175,301.06194009472824,101324.70545281266,-0.29454718733904883,465.18160757523896,33.30858836229487,15195.218321122355,298.70060227810575,25.55060227810577,30.0,101325.0,244.03546621726835,27.911940094728266,9.25238565619302,22172.76900986979,2.872852944105906
660.0,11.0,70.0,False,5250.0,0.0,20000.0,0.0,33.49619197250422,-0.19177883948555832,39.039161215289525,39.084420403046146,1.1724545481380588,301.06603199541735,101324.69976225898,-0.3002377410157351,464.7128300095971,33.33555272152339,15195.010943869242,298.7010888248606,25.551088824860642,30.0,101325.0,243.78621717620715,27.91603199541737,9.25987575597872,22226.661294149937,2.903685881817031
665.0,11.083333333333334,70.83333333333333,False,5312.5,0.0,20000.0,0.0,33.52039624646511,-0.19387133321993436,39.07253673939714,39.11504684431778,1.1724387621641839,301.0700660410775,101324.69317474413,-0.3068252558732638,464.25086128938426,33.362123555277215,15194.806357647823,298.70157595826373,25.551575958263754,30.0,101325.0,243.54059142223818,27.92006604107752,9.26725654313256,22279.852413040888,2.93459318300258
670.0,11.166666666666666,71.66666666666667,False,5375.0,0.0,20000.0,0.0,33.54426876828029,-0.19568287525173284,39.1051365638802,39.14522831780247,1.1724232014942173,301.07404479471336,101324.68741397823,-0.3125860217696754,463.79563032500874,33.38830915996296,15194.604691365057,298.7020636687733,25.552063668773314,30.0,101325.0,243.29855344934583,27.92404479471338,9.274530322211934,22332.355315665725,2.9655738828141818
675.0,11.25,72.5,False,5437.5,0.0,20000.0,0.0,33.567819245112446,-0.19701914297929743,39.13674377678386,39.17497432079263,1.1724078673351708,301.0779698741854,101324.68313026367,-0.3168697363289539,463.3470667174202,33.414117571417826,15194.405960663813,298.70255194703407,25.55255194703409,30.0,101325.0,243.06006629981022,27.927969874185408,9.281699325393841,22384.182580301862,2.996627034130826
680.0,11.333333333333334,73.33333333333333,False,5500.0,0.0,20000.0,0.0,33.59105454318569,-0.1978518281790307,39.1673344797164,39.20429391189627,1.1723927566319257,301.08184242386426,101324.6804461558,-0.3195538441941608,462.9051005919742,33.439556573620585,15194.210125949756,298.70304078387073,25.553040783870756,30.0,101325.0,242.82509241325332,27.931842423864282,9.288765714894607,22435.346424537463,3.0277517070508533
685.0,11.416666666666666,74.16666666666667,False,5562.5,0.0,20000.0,0.0,33.61397991279375,-0.19823952441916312,39.19698568839446,39.23319579458184,1.1723778640043672,301.08566331879894,101324.67919257925,-0.32080742075049784,462.4696625338133,33.46463371508667,15194.017117496598,298.70353017028316,25.55353017028318,30.0,101325.0,242.59359399768113,27.93566331879896,9.295731587524076,22485.85873129844,3.0589469884090725
690.0,11.5,75.0,False,5625.0,0.0,20000.0,0.0,33.63659980518048,-0.19827856124064988,39.22581810228877,39.26168837852974,1.1723631830384318,301.0894333008634,101324.67906622165,-0.3209337783482624,462.0406835499237,33.48935632452617,15193.826852178077,298.7040200974426,25.554020097442617,30.0,101325.0,242.36553327853923,27.939433300863413,9.302598979035047,22535.731073891617,3.0902119813293436
695.0,11.583333333333334,75.83333333333333,False,5687.5,0.0,20000.0,0.0,33.65891839010635,-0.19807365983977163,39.2539619532919,39.2897798241956,1.1723487071032535,301.0931530650177,101324.67972918594,-0.32027081405976787,461.61809505000696,33.51373152555982,15193.639244058166,298.70451055668815,25.55451055668817,30.0,101325.0,242.1408726581953,27.943153065017725,9.30936986821106,22584.97473961469,3.1215458048109452
700.0,11.666666666666666,76.66666666666666,False,5749.999999999999,0.0,20000.0,0.0,33.6809398583988,-0.19772145259902563,39.281537831786196,39.31747807482693,1.1723344298278526,301.0968233097331,101324.68086716067,-0.31913283932954073,461.20182884023933,33.53776625036967,15193.454210568969,298.7050015395233,25.555001539523346,30.0,101325.0,241.91957481097467,27.946823309733134,9.316046180658242,22633.600751645543,3.1529475933465423
705.0,11.75,77.5,False,5812.5,0.0,20000.0,0.0,33.70266857515048,-0.1973023071652688,39.3086471811959,39.34479087928386,1.1723203453412951,301.10044476252506,101324.68221877214,-0.31778122785908636,460.7918171254586,33.56146725222064,15193.271675623184,298.70549303761317,25.55549303761319,30.0,101325.0,241.70160273332024,27.95044476252508,9.32262979228351,22681.619889043162,3.1844164965692427
710.0,11.833333333333334,78.33333333333333,False,5875.0,0.0,20000.0,0.0,33.724109133274624,-0.1968775021930369,39.3353690226676,39.3717258082396,1.1723064483550234,301.1040181888791,101324.68358570719,-0.3164142928144429,460.3879925165093,33.58484111683074,15193.091570681103,298.70598504278144,25.555985042781458,30.0,101325.0,241.48691976390194,27.954018188879104,9.329122532452983,22729.042704777352,3.2159516789260625
715.0,11.916666666666666,79.16666666666666,False,5937.499999999999,0.0,20000.0,0.0,33.7452663447616,-0.19648976025566206,39.36176058750859,39.398290265738694,1.172292734146459,301.1075443907936,101324.6848308091,-0.3151691909006331,459.9902880403933,33.607894272606245,15192.91383453811,298.7064775470075,25.556477547007546,30.0,101325.0,241.27548958481427,27.9575443907936,9.335526186835068,22775.879541783735,3.2475523193750635
720.0,12.0,80.0,False,6000.0,0.0,20000.0,0.0,33.76614519693419,-0.19616573769320936,39.38786022700728,39.424491497602375,1.17227919848713,301.111024199489,101324.68586941515,-0.31413058485486545,459.5986371515725,33.63063299978465,15192.738412393204,298.7069705424241,25.556970542424096,30.0,101325.0,241.0672762120152,27.96102419948903,9.341842499940181,22822.14054709691,3.279217611103453
725.0,12.083333333333334,80.83333333333333,False,6062.5,0.0,20000.0,0.0,33.786750793059355,-0.19591946217466197,39.41369142456928,39.450336597774324,1.1722658375459412,301.11445846550987,101324.68665766809,-0.31334233190864325,459.21297374332477,33.65306343854643,15192.565254595396,298.7074640213143,25.55746402131433,30.0,101325.0,240.86224398078605,27.964458465509892,9.348073177374008,22867.83568415413,3.3109467612640437
730.0,12.166666666666666,81.66666666666666,False,6124.999999999999,0.0,20000.0,0.0,33.80708829056073,-0.1957559854927757,39.43926705735866,39.47583251340132,1.1722526477885997,301.11784804842677,101324.68718036036,-0.3128196396428393,458.83323215844626,33.67519159617225,15192.394315340252,298.70795797610924,25.557957976109265,30.0,101325.0,240.66035753018014,27.967848048426788,9.354219887825623,22912.974743396833,3.3427389907276206
735.0,12.25,82.5,False,6187.5,0.0,20000.0,0.0,33.82716284524258,-0.19567475144743196,39.46459332517455,39.50098604919497,1.1722396258864953,301.1211938075404,101324.6874399318,-0.312560068196035,458.45934719890295,33.69702335332907,15192.22555148898,298.7084523993855,25.558452399385544,30.0,101325.0,240.4615817889789,27.97119380754043,9.36028426481363,22957.567351313704,3.3745935338489472
740.0,12.333333333333334,83.33333333333333,False,6250.0,0.0,20000.0,0.0,33.846979566383766,-0.1956723629743525,39.48967297889906,39.52580387144131,1.1722267686427603,301.12449659439727,101324.68744756219,-0.3125524378119735,458.0912541342417,33.71856446957399,15192.058921610173,298.70894728386247,25.558947283862494,30.0,101325.0,240.26588196462305,27.974496594397294,9.366267908214997,23001.62297808363,3.406509638244362
745.0,12.416666666666666,84.16666666666666,False,6312.499999999999,0.0,20000.0,0.0,33.86654348481886,-0.1957445944611824,39.51450766923575,39.55029251187858,1.1722140729388493,301.1277572474698,101324.68721676522,-0.31278323478181846,457.72888870873095,33.7398205881647,15191.894385287485,298.70944262239976,25.559442622399786,30.0,101325.0,240.07322353576188,27.97775724746981,9.372172385601305,23045.15094397939,3.438486564579128
750.0,12.5,85.0,False,6375.0,0.0,20000.0,0.0,33.8858595342798,-0.19588761163799787,39.5390993720462,39.57445837156757,1.1722015357021038,301.1309765890466,101324.68675953965,-0.31324046035297215,457.37218714729124,33.760797240266356,15191.731902699265,298.709938407995,25.55993840799505,30.0,101325.0,239.8835722485204,27.980976589046634,9.377999233407321,23088.160424697995,3.4705235863629316
755.0,12.583333333333334,85.83333333333333,False,6437.5,0.0,20000.0,0.0,33.90493254481953,-0.1960984594605451,39.56345096073229,39.5983077247918,1.1721891538924334,301.13415542413657,101324.68608485059,-0.3139151494106045,457.02108616034707,33.78149984863754,15191.571434445937,298.71043463378106,25.560434633781085,30.0,101325.0,239.69689411614573,27.98415542413659,9.38374995795487,23130.660455771103,3.502619989752146
760.0,12.666666666666666,86.66666666666666,False,6499.999999999999,0.0,20000.0,0.0,33.92376724646408,-0.1963749280300013,39.587566053894015,39.6218467229873,1.1721769245051772,301.1372945410773,101324.68519908279,-0.3148009172145976,456.6755229477566,33.801933730877074,15191.412941587098,298.71093129302386,25.560931293023884,30.0,101325.0,239.51315542149217,27.987294541077347,9.389426036354743,23172.659936210042,3.5347750733576886
765.0,12.75,87.5,False,6562.5,0.0,20000.0,0.0,33.9423682805143,-0.19671495491804694,39.611448322752004,39.64508139865265,1.1721648445860968,301.140394713419,101324.68410797152,-0.3158920284768101,456.3354352019973,33.82210410230459,15191.256385835813,298.71142837911987,25.56142837911989,30.0,101325.0,239.33232272159373,27.99039471341905,9.395028917306831,23214.167631523324,3.5669881480575034
770.0,12.833333333333334,88.33333333333333,False,6625.0,0.0,20000.0,0.0,33.96074021594745,-0.1971157254233068,39.63510044649486,39.66801766918333,1.17215291125443,301.1434567026579,101324.68281951666,-0.3171804833400529,456.00076111077493,33.84201607854293,15191.101729857413,298.71192588559336,25.561925885593382,30.0,101325.0,239.15436285356876,27.99345670265791,9.400560021817482,23255.192176237022,3.599258536812892
775.0,12.916666666666666,89.16666666666666,False,6687.499999999999,0.0,20000.0,0.0,33.97888756817895,-0.19757264239590053,39.65852291547448,39.690661340556645,1.1721411217297222,301.14648126136314,101324.68134735491,-0.31865264508815017,455.671439359216,33.86167467786247,15190.948937617199,298.7124238060946,25.562423806094614,30.0,101325.0,238.97924294105965,27.996481261363158,9.406020743850686,23295.742076033293,3.63158557448808
780.0,13.0,90.0,False,6750.0,0.0,20000.0,0.0,33.99681481773746,-0.19807832005704715,39.68171286212586,39.71301811079701,1.1721294733585095,301.14946913628955,101324.6797141153,-0.3202858847071184,455.34740913178354,33.88108482334043,15190.797974726282,298.71292213439716,25.562922134397184,30.0,101325.0,238.80693040047905,27.999469136289576,9.411412450927896,23335.82570960944,3.663968607672554
785.0,13.083333333333334,90.83333333333333,False,6812.5,0.0,20000.0,0.0,34.0145264265567,-0.19862174126615012,39.70466308204411,39.73509357315492,1.1721179636372676,301.15242107109276,101324.67795431752,-0.32204568247834686,455.0286101140345,33.90025134488224,15190.648808738988,298.7134208643957,25.56342086439571,30.0,101325.0,238.6373929463948,28.002421071092783,9.416736484689512,23375.451330348722,3.696406994505859
790.0,13.166666666666666,91.66666666666666,False,6874.999999999999,0.0,20000.0,0.0,34.03202684999337,-0.19918768830423772,39.72736137342675,39.756893218941094,1.1721065902286105,301.1553378083322,101324.67611644758,-0.32388355242437683,454.714982494313,33.91917898114267,15190.501409362792,298.7139199901039,25.563919990103898,30.0,101325.0,238.4705985954953,28.00533780833223,9.42199416142852,23414.62706787599,3.728900104504626
795.0,13.25,92.5,False,6937.5,0.0,20000.0,0.0,34.049320543020826,-0.19975652899357946,39.74979029019188,39.77842243997159,1.1720953509682879,301.15822009050345,101324.67426391122,-0.3257360887801042,454.4064669654483,33.937872381380885,15190.355748549011,298.71441950565196,25.564419505651983,30.0,101325.0,238.30651566867982,28.00822009050347,9.4271867726058,23453.36092956462,3.7614473183917374
800.0,13.333333333333334,93.33333333333333,False,7000.0,0.0,20000.0,0.0,34.066411959419725,-0.2003044102283399,39.77192736943682,39.79968653058871,1.172084243861123,301.16106865990326,101324.67247463872,-0.32752536128100473,454.1030047265069,33.95633610727427,15190.211800440153,298.7149194052848,25.564919405284797,30.0,101325.0,238.14511279093244,28.011068659903287,9.432315585353964,23491.660802042545,3.7940480279275755
805.0,13.416666666666666,94.16666666666666,False,7062.499999999999,0.0,20000.0,0.0,34.083305543199685,-0.20080388177489106,39.793745859879664,39.820690689240664,1.172073267064674,301.1638842571999,101324.67083919236,-0.3291608076397097,453.8045374846246,33.974574634712994,15190.069541158176,298.7154196833592,25.56541968335921,30.0,101325.0,237.9863588887551,28.013884257199948,9.437381842975832,23529.534452740114,3.8267016357433965
810.0,13.5,95.0,False,7125.0,0.0,20000.0,0.0,34.10000571179762,-0.20122495374255253,39.81521595525975,39.84144001961067,1.1720624188599007,301.1666676186329,101324.66945728972,-0.33054271027504,453.51100745693003,33.992592355589395,15189.928948424313,298.7159203343428,25.56592033434282,30.0,101325.0,237.8302231850322,28.016667618632937,9.4423867654415,23566.989531506104,3.859407555176901
815.0,13.583333333333334,95.83333333333333,False,7187.5,0.0,20000.0,0.0,34.11651683103912,-0.20153657088354318,39.83630651310016,39.86193953130627,1.1720516976088153,301.16941947183983,101324.66843273956,-0.3315672604367137,453.2223573725482,34.01039357959329,15189.790001010246,298.7164213528114,25.566421352811403,30.0,101325.0,237.676675191327,28.019419471839853,9.447331549887025,23604.033572312987,3.8921652101101083
820.0,13.666666666666666,96.66666666666666,False,7249.999999999999,0.0,20000.0,0.0,34.132843182050806,-0.2017084869467707,39.85698723930647,39.88219414012489,1.1720411016994174,301.1721405303418,101324.66786682689,-0.33213317311310675,452.9385304746684,34.02798253601955,15189.652678024451,298.71692273344706,25.566922733447086,30.0,101325.0,237.52568469767192,28.0221405303418,9.452217371116541,23640.673995062163,3.9249740348096744
825.0,13.75,97.5,False,7312.5,0.0,20000.0,0.0,34.148988920654006,-0.20171352093579775,39.877231317470766,39.90220866792542,1.1720306294787433,301.17483148677564,101324.66785024875,-0.33214975125156343,452.6594705226426,34.04536337559011,15189.516958044513,298.7174244710363,25.567424471036304,30.0,101325.0,237.37722176001304,28.024831486775668,9.457045382108364,23676.918107491823,3.957833473769781
830.0,13.833333333333334,98.33333333333333,False,7375.0,0.0,20000.0,0.0,34.16495802999145,-0.20153018628406832,39.897018472416434,39.921987842145185,1.1720202791752337,301.17749300499855,101324.66845374707,-0.33154625292809214,452.38512179407866,34.06254017229021,15189.382818111028,298.71792656046813,25.567926560468152,30.0,101325.0,237.23125668554138,28.027493004998576,9.46181671452506,23712.77310718528,3.9907429815577515
835.0,13.916666666666666,99.16666666666666,False,7437.499999999999,0.0,20000.0,0.0,34.1807542673331,-0.20114569738240584,39.91633847314399,39.941536295008255,1.1720100488119078,301.18012571122216,101324.66971761979,-0.330282380207791,452.11542908688267,34.07951692521567,15189.250232602326,298.7184289967321,25.56842899673211,30.0,101325.0,237.087760016193,28.030125711222183,9.466532479226576,23748.246083670703,4.023702022662513
840.0,14.0,100.0,False,7500.0,0.0,20000.0,0.0,34.196381106156196,-0.20055936921348802,39.935195093516256,39.96085856247699,1.171999936112074,301.18273018435934,101324.6716403218,-0.328359678198467,451.85033772120374,34.09629756042553,15189.119172012479,298.71893177491677,25.56893177491679,30.0,101325.0,236.94670251064898,28.032730184359366,9.471193766784872,23783.34402059934,4.056710071346034
845.0,14.083333333333334,100.83333333333333,False,7562.5,0.0,20000.0,0.0,34.211841674737,-0.19978642739737093,39.9536105508235,39.97995908300514,1.1719899383995522,301.1853069457895,101324.67416639533,-0.32583360467106104,451.5897935412326,34.112885932793105,15188.989601658197,298.71943489020754,25.56943489020756,30.0,101325.0,236.80805512521076,28.0353069457895,9.475801647998084,23818.073797984944,4.089766611497828
850.0,14.166666666666666,101.66666666666666,False,7624.999999999999,0.0,20000.0,0.0,34.227138692551875,-0.19886223259607738,39.97163042681543,39.99884219615186,1.1719800524954456,301.1878564487586,101324.67717397916,-0.32282602084160317,451.33374291680394,34.129285827846715,15188.861480340975,298.7199383378855,25.569938337885503,30.0,101325.0,236.67178899393613,28.037856448758646,9.480357174401865,23852.44219448472,4.1228711364925985
855.0,14.25,102.5,False,7687.5,0.0,20000.0,0.0,34.242274405815465,-0.19784687567505882,39.98932902041999,40.0175121411186,1.1719702746135754,301.1903790676359,101324.68046215335,-0.3195378466480179,451.08213274475895,34.145500963591644,15188.734758991937,298.7204421133251,25.5704421133251,30.0,101325.0,236.5378754084396,28.04037906763591,9.484861378775458,23886.455889701898,4.1560231490510615
860.0,14.333333333333334,103.33333333333333,False,7750.0,0.0,20000.0,0.0,34.25725052360485,-0.19682999309652618,40.00681495686426,40.0359730552737,1.1719606002568623,301.19287508726745,101324.68373839851,-0.31626160148880444,450.83491045001875,34.161534992301696,15188.609379328936,298.72094621199267,25.57094621199269,30.0,101325.0,236.40628579778758,28.042875087267475,9.48931527563936,23920.12146648333,4.1892221611039675
865.0,14.416666666666666,104.16666666666666,False,7812.499999999999,0.0,20000.0,0.0,34.27206815027159,-0.19593582021901698,40.024237073820686,40.054228972476224,1.1719510241078648,301.1953446917119,101324.68660534167,-0.3133946583257057,450.59202398656265,34.17739150231733,15188.485272437927,298.72145062944514,25.571450629445167,30.0,101325.0,236.27699170721777,28.045344691711932,9.493719861754814,23953.44541328802,4.222467693659365
870.0,14.5,105.0,False,7875.0,0.0,20000.0,20.0,34.28736980088843,-0.20024238779738884,63.335474548629406,63.51108230210933,1.171940939979131,301.1978949668147,101324.67267743779,-0.32732256221061107,450.3515485702088,34.19307418617895,15188.354582129537,298.72195536135297,25.57195536135299,30.0,101325.0,236.14886160963724,28.047894966814738,9.498076162827486,23986.43447666307,4.255759276916275
875.0,14.583333333333334,105.83333333333333,False,7937.5,0.0,20000.0,20.0,34.390093013642854,-0.19840625323764174,63.359665876775495,63.53397456168319,1.1718743980100998,301.2150155022738,101324.67865272389,-0.3213472761126468,449.88786947223986,34.21568614312847,15187.492198210895,298.7224616539514,25.57246165395145,30.0,101325.0,235.89232968111264,28.06501550227381,9.504357261980132,24034.052802274713,4.289106837526648
880.0,14.666666666666666,106.66666666666666,False,7999.999999999999,0.0,20000.0,20.0,34.48962916617779,-0.2021684428030933,63.404406491836774,63.57108474681236,1.1718097185330552,301.2316048610296,101324.66635037334,-0.33364962665655185,449.4345834444577,34.25034776669597,15186.653952188395,298.72297066099475,25.57297066099477,30.0,101325.0,235.6416490449546,28.081604861029632,9.51398549074888,24107.168696181692,4.322538241345021
885.0,14.75,107.5,False,8062.5,0.0,20000.0,20.0,34.586180280162694,-0.20604261800379992,63.4606049789666,63.61969446879172,1.1717469742728497,301.2476967133604,101324.65344032299,-0.3465596770111006,448.99146272220133,34.29473757188249,15185.840786576131,298.72348229653994,25.573482296539964,30.0,101325.0,235.3967128634113,28.09769671336045,9.526315992189582,24201.021760386884,4.356085595828749
890.0,14.833333333333334,108.33333333333333,False,8125.0,0.0,20000.0,20.0,34.67991109610773,-0.20826291557787,63.523944904476025,63.67752567993829,1.1716861273030978,301.26331851601793,101324.64593108567,-0.3540689143264899,448.5582169870259,34.34691441342453,15185.052209848147,298.72399647905064,25.573996479050663,30.0,101325.0,235.15735931753906,28.113318516017955,9.540809559284591,24311.649958209215,4.389774951188885
895.0,14.916666666666666,109.16666666666666,False,8187.499999999999,0.0,20000.0,20.0,34.77098120802225,-0.20666886614079097,63.590020769811964,63.74267473457026,1.171627160417599,301.2784968680037,101324.65133044709,-0.3486695529136341,448.1345844011148,34.405255262135334,15184.287999012084,298.72451313065886,25.574513130658886,30.0,101325.0,234.92344578542924,28.128496868003708,9.557015350593147,24435.74607078088,4.423627309542351
900.0,15.0,110.0,True,8250.0,250000.0,20000.0,20.0,34.85842228813112,-0.22805403241842684,63.68845129195835,63.813526311447426,1.1715696114477046,301.29307038135516,101324.57543965957,-0.42456034042697866,447.7203337184688,34.46840348871227,15183.542164362252,298.7250321766353,25.575032176635318,30.0,101325.0,234.6947566340543,28.143070381355187,9.574556524642297,24570.54303234971,4.457659454752858
905.0,15.083333333333334,110.83333333333333,True,8312.5,250000.0,20000.0,20.0,35.435513659860135,0.48445020306771924,63.546496709112375,64.48634970067518,1.1712227827043598,301.38925227664333,101326.91585305512,1.9158530551212607,447.3172093083087,34.57454510760738,15179.047263848503,298.72556047089364,25.575560470893663,30.0,101325.0,234.4140231044022,28.239252276643356,9.604040307668717,24798.22950236806,4.491943324568634
910.0,15.166666666666666,111.66666666666666,True,8375.0,250000.0,20000.0,20.0,35.98514956124325,0.475029725231169,63.751150911021725,64.6614692483464,1.1708660500608046,301.4808582602072,101326.84206726411,1.8420672641077545,446.92217074358194,34.75030475687159,15174.424008788026,298.7261042190669,25.576104219066906,30.0,101325.0,234.13567031441426,28.330858260207208,9.652862432464332,25178.34055415501,4.526649275996775
915.0,15.25,112.5,True,8437.5,250000.0,20000.0,20.0,36.517446953080366,0.4655251668162738,64.02103148678998,64.90257485910338,1.1705207597518028,301.56957449218004,101326.76909127297,1.7690912729740376,446.5344223271822,34.982081651251036,15169.949046383364,298.72666288860887,25.576662888608894,30.0,101325.0,233.86354778008038,28.41957449218006,9.717244903125287,25685.510264791716,4.561971394621044
920.0,15.333333333333334,113.33333333333333,True,8500.0,250000.0,20000.0,20.0,37.033054801836784,0.45562245177518623,64.34309088262256,65.19611030537325,1.1701864456396933,301.65550913363944,101326.6946270903,1.6946270902990364,446.1533777281548,35.2586703844687,15165.616335490426,298.72723600501126,25.577236005011287,30.0,101325.0,233.59724612322148,28.505509133639464,9.794075106796862,26299.59393556329,4.598072161426846
925.0,15.416666666666666,114.16666666666666,True,8562.5,250000.0,20000.0,20.0,37.53255230517641,0.445249867138176,64.70639494762963,65.53094824029138,1.169862711045968,301.7387587175294,101326.61834648316,1.6183464831556194,445.77858339515467,35.57068056772499,15161.420735155747,298.727823111034,25.577823111034036,30.0,101325.0,233.33644019636165,28.5887587175294,9.88074460214583,27003.979773672505,4.63508853205826
930.0,15.5,115.0,True,8625.0,250000.0,20000.0,0.0,38.01647590860205,0.4370752968433336,41.81382213413433,42.50998819098274,1.1695494139484046,301.81941265143365,101326.55946787845,1.5594678784545977,445.40994886929803,35.910245888559864,15157.360404771325,298.7284237644922,25.578423764492243,30.0,101325.0,233.08104632050595,28.669412651433674,9.97506830237774,27784.743190881447,4.6731362563392
935.0,15.583333333333334,115.83333333333333,True,8687.5,250000.0,20000.0,0.0,38.42698315612506,0.4281365902423307,42.22821977782188,42.90601199570524,1.1692836264052884,301.8878305260208,101326.4963342033,1.4963342033006484,445.2380055685009,36.266135891457054,15153.915798212538,298.7290367187782,25.57903671877824,30.0,101325.0,232.93812045313504,28.737830526020844,10.073926636515848,28619.042792229062,4.712305552160805
940.0,15.666666666666666,116.66666666666666,True,8750.0,250000.0,20000.0,0.0,38.827587134985606,0.42294463351600653,42.651428801101254,43.315330526196405,1.1690246616159683,301.9545978558309,101326.46026255527,1.460262555265217,445.0674266638653,36.62959321998033,15150.559614542948,298.72966081589067,25.57966081589069,30.0,101325.0,232.7973078094442,28.804597855830934,10.174887005550092,29488.150719293335,4.75265776987714
945.0,15.75,117.5,True,8812.5,250000.0,20000.0,0.0,39.21854015418387,0.4133648737136503,43.080394211793006,43.72533766372584,1.1687716976157358,302.01975669236396,101326.39486137812,1.394861378124915,444.89698613170793,36.99799420772578,15147.281201099937,298.7302957891542,25.580295789154206,30.0,101325.0,232.65780158462013,28.86975669236398,10.27722061325716,30386.857594618326,4.7942376367618005
950.0,15.833333333333334,118.33333333333333,True,8875.0,250000.0,20000.0,0.0,39.600326905399584,0.40894722966419483,43.51254211179377,44.14463198969714,1.1685251644756094,302.0833878175666,101326.3652068298,1.3652068297960795,444.7266945713293,37.369128358042644,15144.086131603899,298.7309413738787,25.580941373878716,30.0,101325.0,232.5196914784538,28.933387817566597,10.380313432789624,31310.510910002053,4.837083031556677
955.0,15.916666666666666,119.16666666666666,True,8937.5,250000.0,20000.0,0.0,39.97277188167334,0.4004103451803415,43.945735194841255,44.56020356175995,1.1682844469307652,302.14546198027887,101326.3088036288,1.308803628795431,444.5565821246595,37.74116012494394,15140.966432222716,298.73159731182193,25.58159731182195,30.0,101325.0,232.38286934573662,28.99546198027889,10.483655590262206,32254.995660424214,4.881225744452806
960.0,16.0,120.0,True,9000.0,250000.0,20000.0,20.0,40.337722061798786,0.39429910917648814,67.66614374580118,68.3388586443409,1.168048849408294,302.2062870102998,101326.26915744896,1.2691574489581399,444.3803092519767,38.11255073615298,15137.913088331488,298.73226334746045,25.58226334746047,30.0,101325.0,232.24388230090912,29.056287010299798,10.586819648931383,33216.60919736753,4.926692136715161
965.0,16.083333333333332,120.83333333333333,True,9062.5,250000.0,20000.0,20.0,40.7337512684079,0.38748878556972316,68.10049062503617,68.75156701969442,1.1677932906790027,302.27229187806796,101326.22569435871,1.2256943587126443,444.0255248770853,38.48557339799485,15134.601047199876,298.7329398565043,25.58293985650431,30.0,101325.0,232.00769108406672,29.122291878067983,10.690437054998569,34201.49852590901,4.973510267078548
970.0,16.166666666666668,121.66666666666666,True,9125.0,250000.0,20000.0,20.0,41.11683315660457,0.3812327599688774,68.53774365088253,69.1681525203086,1.1675462251398843,302.3361388594341,101326.18643605938,1.18643605937541,443.6768690527538,38.86109189576073,15131.3990778129,298.73362705601204,25.583627056012062,30.0,101325.0,231.77646856337094,29.186138859434095,10.794747748822425,35212.450325428064,5.021714398225309
975.0,16.25,122.5,True,9187.5,250000.0,20000.0,20.0,41.4873048883685,0.372166535583977,68.97519209645111,69.5819496059511,1.1673071866706786,302.3978841480614,101326.1306769813,1.1306769812945276,443.33385405365584,39.23677822248646,15128.301139251995,298.7343245919372,25.584324591937218,30.0,101325.0,231.5498615355288,29.247884148061416,10.899105061801793,36243.595070003954,5.071336651972137
980.0,16.333333333333332,123.33333333333333,True,9250.0,250000.0,20000.0,20.0,41.84572974190371,0.3678005140039673,69.4105944635183,69.99949693656829,1.1670763316479766,302.4576216236506,101326.10430382124,1.1043038212374086,442.99646311105465,39.61070735079448,15125.309258157778,298.7350321186215,25.58503211862154,30.0,101325.0,231.32788673390087,29.30762162365062,11.002974264109579,37289.7132833998,5.122401449439778
985.0,16.416666666666668,124.16666666666666,True,9312.5,250000.0,20000.0,20.0,42.19223962421802,0.36217350681670757,69.84211937323909,70.41197938986541,1.1668531449957624,302.515373270703,101326.07077264522,1.0707726452237694,442.6646921125146,39.9813064690813,15122.41675914508,298.7357493007131,25.585749300713132,30.0,101325.0,231.1104345450433,29.365373270703003,11.105918463633692,38346.18778729775,5.1749263807388735
990.0,16.5,125.0,False,9375.0,120000.0,20000.0,20.0,42.525583623141415,0.33884621901744916,70.26827312399149,70.79871656775154,1.1666373532801795,302.5709306038569,101325.93727967463,0.9372796746320091,442.3385457047255,40.34729276726661,15119.620098511126,298.73647581163283,25.58647581163285,30.0,101325.0,230.89744817861953,29.420930603856903,11.207581324240724,39408.91238555453,5.228922978081132
995.0,16.583333333333332,125.83333333333333,False,9437.5,116712.5372539618,20000.0,20.0,42.5898753378126,-0.08031780086889298,70.75690526952387,70.79607711755833,1.166584641815283,302.5816458896354,101324.94733919072,-0.052660809276858345,442.0177727754222,40.68661851007651,15118.936957926067,298.737207631062,25.58720763106203,30.0,101325.0,230.71958214942404,29.431645889635433,11.30183847502125,40411.59956917285,5.284353889160804
1000.0,16.666666666666668,126.66666666666666,False,9500.0,113515.13626881185,20000.0,20.0,42.65091672951962,0.04795620380771527,71.00934897602012,71.19629374872962,1.1665462420095212,302.5918194549199,101325.01877385701,0.018773857009364292,441.7029205965564,40.98373819870918,15118.439296443394,298.7379411047838,25.587941104783795,30.0,101325.0,230.54765001107515,29.441819454919937,11.38437172186366,41303.4145552022,5.341100426747176
1005.0,16.75,127.5,False,9562.5,110405.32975551879,20000.0,20.0,42.70376306902449,0.02548273496318358,71.31232535844596,71.47152286819775,1.1665121325226762,302.6006271781707,101325.0053009778,0.005300977805745788,441.39434079701243,41.243938195648866,15117.997237493884,298.7386760168576,25.58867601685762,30.0,101325.0,230.37984977886111,29.45062717817075,11.45664949879135,42095.10843307844,5.39901606771126
1010.0,16.833333333333332,128.33333333333331,False,9624.999999999998,107380.71801772437,20000.0,20.0,42.74919471113219,-0.04605698064913358,71.63118867096489,71.70570285933915,1.166482683378882,302.608199118522,101324.98268371048,-0.017316289522568695,441.0922357184671,41.47172511094074,15117.61557659031,298.7394121567694,25.589412156769413,30.0,101325.0,230.21635802309473,29.45819911852203,11.519923641927981,42796.43113696943,5.457968525746016
1015.0,16.916666666666668,129.16666666666666,False,9687.5,104438.96710000686,20000.0,20.0,42.788108542925215,0.0788214407474089,71.80956567292199,72.02857233353102,1.1664584665203002,302.6146847571542,101325.05071689405,0.05071689405303914,440.79673427119207,41.670974545046896,15117.30172610309,298.74014932505384,25.590149325053858,30.0,101325.0,230.057352680406,29.464684757154203,11.575270706957472,43416.24128960017,5.5178384371533555
1020.0,17.0,130.0,False,9750.0,101577.8069868737,20000.0,0.0,42.81970650831272,-0.03898358169959016,48.769663109457,48.80960690650161,1.1664374406295666,302.61995108471876,101324.98759412537,-0.012405874629621394,440.50816668352803,41.84502760830223,15117.029230559183,298.7408873332326,25.590887333232615,30.0,101325.0,229.9026014684839,29.469951084718787,11.623618780083953,43962.54507177941,5.578518149904314
1025.0,17.083333333333332,130.83333333333331,False,9812.499999999998,98795.02985109364,20000.0,0.0,42.82122906484631,-0.07040455721263933,48.980707907095855,48.9843160883764,1.1664361395271654,302.620204844141,101324.95953631285,-0.0404636871535331,440.3817749955666,41.994854607499576,15117.012368272062,298.7416256659742,25.59162566597422,30.0,101325.0,229.8363808766929,29.47020484414105,11.665237390972104,44436.46435116576,5.63990635089247
1030.0,17.166666666666668,131.66666666666666,False,9875.0,96088.48835001697,20000.0,0.0,42.81779712679838,-0.08079925393600593,49.14031480624716,49.132164240974895,1.166438196538999,302.6196328544664,101324.94670596378,-0.053294036217266694,440.25757173628864,42.12153235958627,15117.039027145425,298.7423638354548,25.59236383545482,30.0,101325.0,229.771964078748,29.469632854466397,11.70042565544063,44839.80724583707,5.701903761723721
1035.0,17.25,132.5,False,9937.5,93456.09396856859,20000.0,0.0,42.80975535756386,-0.06564147991889217,49.24647322321541,49.2564162244522,1.166443571285031,302.61829255959395,101324.96482609073,-0.03517390927299857,440.13571935473436,42.22786034148921,15117.108683854001,298.743101705115,25.593101705115032,30.0,101325.0,229.7094273518492,29.468292559593976,11.729961205969225,45180.23443199063,5.764417679555547
1040.0,17.333333333333332,133.33333333333331,False,9999.999999999998,90895.81540763598,20000.0,0.0,42.79710483679469,-0.06700015135137766,49.35096093703703,49.359845861933806,1.1664516813206227,302.61618413946576,101324.96335493648,-0.036645063519245014,440.01634547553834,42.316237056686326,15117.213789915271,298.7438391436485,25.593839143648495,30.0,101325.0,229.6487221082862,29.46618413946578,11.75451029352398,45464.49532195598,5.827365408551343
1045.0,17.416666666666668,134.16666666666666,False,10062.5,88405.67701660791,20000.0,0.0,42.78002221065208,-0.09356784849328321,49.4663435775682,49.44489026012768,1.1664622548576784,302.61333703510866,101324.9285310835,-0.07146891650336329,439.8995473186268,42.388761448745306,15117.350822955512,298.7445760321527,25.594576032152702,30.0,101325.0,229.58984518232222,29.46333703510868,11.774655957984807,45698.65644652197,5.890673152835008
1050.0,17.5,135.0,False,10125.0,85983.75726885471,20000.0,0.0,42.75902121808019,-0.10319368813211016,49.545629585870884,49.513653784372494,1.1664755688614912,302.60983686968,101324.91306989983,-0.08693010016577318,439.7853933167675,42.44722744832028,15117.523372444924,298.74531225496526,25.59531225496528,30.0,101325.0,229.53288644049124,29.459836869680032,11.7908965134223,45888.011201249334,5.954275005368182
1055.0,17.583333333333332,135.83333333333331,False,10187.499999999998,83628.18727897346,20000.0,0.0,42.734255838413105,-0.10966434979700138,49.6066922416234,49.56794811751845,1.1664913502309073,302.60570930640216,101324.90182637048,-0.09817362952162512,439.6739509525528,42.49319817734307,15117.727898992558,298.74604770438367,25.596047704383693,30.0,101325.0,229.47782700536135,29.455709306402184,11.803666160373075,46037.26411315438,6.018112002114297
1060.0,17.666666666666668,136.66666666666666,False,10250.0,81337.14936065403,20000.0,0.0,42.70609583029841,-0.09720027768795167,49.632724971918144,49.60934661232185,1.1665096848005299,302.6010159717164,101324.92287433484,-0.07712566516420338,439.56526773584335,42.528019491586925,15117.965515014868,298.74678227693073,25.596782276930753,30.0,101325.0,229.42470824398788,29.4510159717164,11.813338747663035,46150.533444751745,6.082131305973954
1065.0,17.75,137.5,False,10312.5,79108.87562405325,20000.0,0.0,42.67421209883071,-0.12579260976181908,49.69497268803412,49.63920019213342,1.1665295709380386,302.59570201647176,101324.87082628024,-0.129173719760729,439.4593974298923,42.55288629521597,15118.22323935698,298.74751587925334,25.597515879253365,30.0,101325.0,229.3733609634462,29.445702016471785,11.820246193115548,46231.5356235304,6.146285520604706
1070.0,17.833333333333332,138.33333333333331,False,10374.999999999998,76941.64661159455,20000.0,0.0,42.63950544373972,-0.12109834038844548,49.70805792257902,49.65873930061485,1.1665519797569375,302.5899175739566,101324.88028728127,-0.11971271873335354,439.35635051680407,42.56881833157725,15118.51365764991,298.74824841938477,25.598248419384788,30.0,101325.0,229.32398139365594,29.43991757395662,11.824671758771457,46283.483097244374,6.210532061383022
1075.0,17.916666666666668,139.16666666666666,False,10437.5,74833.78997114078,20000.0,0.0,42.60179384989408,-0.12253055513737657,49.71893250484247,49.66899355189639,1.1665761785743483,302.58363230831566,101324.8774388821,-0.12256111789611168,439.25615714166725,42.576725347328775,15118.827274323554,298.7489798139237,25.598979813923734,30.0,101325.0,229.27644100534405,29.43363230831568,11.82686815203577,46309.27889508936,6.2748325905443645
1080.0,18.0,140.0,False,10500.0,72783.679165516,20000.0,0.0,42.56137973436569,-0.11914629768327689,49.7157806147052,49.67089273570878,1.16660222468219,302.57689662239426,101324.88411558978,-0.11588441021740437,439.1588266455732,42.57740272117199,15119.164831881184,298.7497099840007,25.599709984000697,30.0,101325.0,229.23075578383563,29.42689662239428,11.827056311436664,46311.48920081591,6.339152568388743
1085.0,18.083333333333332,140.83333333333331,False,10562.499999999998,70789.73221738076,20000.0,0.0,42.518129732169655,-0.14040855775920638,49.73372980329769,49.665232401534674,1.1666294987759525,302.5696882886949,101324.83906479109,-0.16093520891445223,439.06437289549683,42.57155545410456,15119.518304136343,298.75043885653423,25.600438856534254,30.0,101325.0,229.18681116262306,29.419688288694942,11.8254320705846,46292.41158398409,6.403460832822631
1090.0,18.166666666666668,141.66666666666666,False,10625.0,68850.41048849192,20000.0,0.0,42.472680684640295,-0.14336531079337522,49.72348951034269,49.6527627513114,1.1666586272476966,302.56211344744,101324.83221540948,-0.1677845905214781,438.9727836952006,42.559804206350314,15119.895809130148,298.75116636265307,25.60116636265309,30.0,101325.0,229.14472375523934,29.41211344744005,11.82216783509731,46254.08715977879,6.467729234728022
1095.0,18.25,142.5,False,10687.5,66964.21749240565,20000.0,0.0,42.42493551496693,-0.15180704055984906,49.713391430775246,49.63409188736808,1.1666890775218892,302.55415591916113,101324.81187446887,-0.188125531130936,438.8840609213206,42.54269011654208,15120.290444683686,298.7518924365979,25.60189243659795,30.0,101325.0,229.1043898427291,29.404155919161155,11.81741392126169,46198.310705210555,6.531932288800932
1100.0,18.333333333333332,143.33333333333331,False,10749.999999999998,65129.69773970663,20000.0,0.0,42.375127958999315,-0.1592974646642255,49.69652696907671,49.60980709249552,1.1667208701183482,302.5458546598332,101324.79285157348,-0.20714842651796062,438.7981932071888,42.520716276776014,15120.702476733793,298.7526170206529,25.60261702065293,30.0,101325.0,229.06580747981207,29.39585465983322,11.811310076882226,46126.761631257876,6.596046922367924
1105.0,18.416666666666668,144.16666666666666,False,10812.5,63345.43561487318,20000.0,0.0,42.323508956146384,-0.15870051399295843,49.66510195187784,49.58042648560296,1.1667540656770945,302.53725149269104,101324.79440119884,-0.2055988011561567,438.71516488828155,42.494325020269194,15121.132691175146,298.753340060064,25.603340060064,30.0,101325.0,229.02898035941365,29.387251492691064,11.803979172296998,46040.926685753286,6.6600522614769595
1110.0,18.5,145.0,False,10875.0,61610.05428391104,20000.0,0.0,42.27001737217813,-0.1655611682799989,49.637673851847744,49.54638936198619,1.1667882398475422,302.52833622869633,101324.77624081272,-0.22375918728357647,438.6349649457846,42.46390876245046,15121.575588424148,298.75406150332174,25.60406150332176,30.0,101325.0,228.99381941617727,29.378336228696355,11.795530211791792,45942.132982883304,6.723929386246846
1115.0,18.583333333333332,145.83333333333331,False,10937.499999999998,59922.21463191314,20000.0,0.0,42.214978102458076,-0.16617172374740474,49.59869690975954,49.50812039249175,1.1668236010305029,302.5191630170763,101324.7745874141,-0.22541258590354118,438.55756946539975,42.429824310005124,15122.033869355317,298.7547813034946,25.604781303494633,30.0,101325.0,228.9603530829382,29.369163017076346,11.786062308334756,45831.59281455186,6.787661140272843
1120.0,18.666666666666668,146.66666666666666,False,11000.0,58280.614229725485,20000.0,0.0,42.15842826528569,-0.16747558248685085,49.556635429708145,49.465989300466475,1.1668599136109963,302.50973804421426,101324.77103615731,-0.22896384268824477,438.48295930803846,42.39239751358643,15122.504480398513,298.7554994178824,25.605499417882413,30.0,101325.0,228.9285251513613,29.359738044214282,11.775665975996231,45710.417408109686,6.851231980705247
1125.0,18.75,147.5,False,11062.5,56683.98632892176,20000.0,0.0,42.1004205270259,-0.17455955785232743,49.517751745263176,49.42032718497976,1.1668969788758108,302.5000700878376,101324.75125682255,-0.24874317744979635,438.41111268263325,42.35191973210123,15122.984846230509,298.7562158066215,25.60621580662155,30.0,101325.0,228.8982853050736,29.35007008783765,11.764422147805899,45579.60455483165,6.914627829290622
1130.0,18.833333333333332,148.33333333333331,False,11124.999999999998,55131.0988843112,20000.0,0.0,42.04119059332004,-0.17923361544949415,49.4728211149476,49.3714505758262,1.1669349046595068,302.49019843222,101324.73775764157,-0.2622423584252829,438.34200121281657,42.30865867383752,15123.476364387207,298.7569304336956,25.606930433695595,30.0,101325.0,228.86963994242123,29.340198432220006,11.75240518717709,45440.07309012507,6.977835938766286
1135.0,18.916666666666668,149.16666666666666,False,11187.5,53620.75360322519,20000.0,0.0,41.980960447845746,-0.17449548954721283,49.41397338578496,49.319647090954035,1.1669737891043657,302.48016007464093,101324.75143938063,-0.24856061936588958,438.27559523456137,42.262857616370376,15123.980306792579,298.75764326610255,25.60764326610257,30.0,101325.0,228.8425928795693,29.330160074640958,11.739682671213993,45292.65991661183,7.040844781132075
1140.0,19.0,150.0,False,11250.0,52151.785020849384,20000.0,0.0,41.91947800810692,-0.18447401734240332,49.369566883401504,49.265152410742076,1.1670129870515598,302.46991300135113,101324.72219866878,-0.27780133121996187,438.21187545146546,42.21474221568838,15124.488312188214,298.75835427440666,25.60835427440668,30.0,101325.0,228.81700759973234,29.319913001351154,11.726317282135662,45138.14165982695,7.103643948893491
1145.0,19.083333333333332,150.83333333333331,False,11312.499999999998,50723.05960088743,20000.0,0.0,41.85728749581335,-0.17995898090294143,49.305825741310144,49.20823002972313,1.1670531345119832,302.45954791596887,101324.73563073626,-0.26436926373571623,438.1508014405332,42.16451554307347,15125.008623275302,298.75906343137774,25.609063431377763,30.0,101325.0,228.79298779511444,29.309547915968892,11.71236542863152,44977.218565482515,7.166224060161067
1150.0,19.166666666666668,151.66666666666666,False,11375.0,49333.474860862494,20000.0,0.0,41.7940560144948,-0.18913728477934535,49.255794803566715,49.14907252877793,1.167093480958169,302.4490093357491,101324.70797622454,-0.29202377545880154,438.09235351840545,42.11237002920037,15125.531513217871,298.7597707134897,25.609770713489695,30.0,101325.0,228.77037613558426,29.299009335749133,11.69788056366677,44810.552771030176,7.228576679144756
1155.0,19.25,152.5,False,11437.5,47981.95852138168,20000.0,0.0,41.73019640428117,-0.19130955035994077,49.19557304966661,49.08790028417466,1.1671344750517236,302.4383660673802,101324.70122984442,-0.29877015558304265,438.03649257437957,42.05847855021097,15126.062796670338,298.76047609903503,25.610476099035054,30.0,101325.0,228.7492402577329,29.288366067380196,11.682910708391937,44638.73974502588,7.290694243392017
1160.0,19.333333333333332,153.33333333333331,False,11499.999999999998,46667.46767870675,20000.0,0.0,41.66574936409813,-0.18976403591274324,49.1291786842391,49.02489717047411,1.1671759829752026,302.42762489401633,101324.70603763816,-0.2939623618440237,437.98318795005076,42.0030037334273,15126.600739358626,298.7611795692803,25.611179569280296,30.0,101325.0,228.72953802051725,29.277624894016355,11.667501037063138,44462.33813648915,7.352569991920847
1165.0,19.416666666666668,154.16666666666666,False,11562.5,45388.98799999267,20000.0,0.0,41.60071198100411,-0.18995280987704372,49.063136217709754,48.96023135755509,1.1672178114738685,302.41678533016733,101324.70545248996,-0.29454751004232094,437.93240938005533,41.94609684351206,15127.142836701336,298.76188110794345,25.611881107943475,30.0,101325.0,228.71121585602242,29.26678533016735,11.651693567642239,44281.86626314961,7.414197911642819
1170.0,19.5,155.0,False,11625.0,44145.53294057308,20000.0,0.0,41.53516189047991,-0.19202126899270486,48.99777815427654,48.89406390009695,1.167259905244832,302.40586031507996,101324.69900271228,-0.3009972877189284,437.8841240601917,41.887898042588425,15127.688371973023,298.7625807009324,25.612580700932426,30.0,101325.0,228.69424591637394,29.255860315079985,11.63552723405234,44097.80307333922,7.475572682015381
1175.0,19.583333333333332,155.83333333333331,False,11687.499999999998,42936.142982688616,20000.0,0.0,41.469203174410495,-0.19419505094428394,48.93119022356811,48.82654659424536,1.1673022603021022,302.39486719573506,101324.69214924236,-0.30785075764288194,437.83829809422286,41.828537693064064,15128.237293515243,298.76327833628176,25.61327833628178,30.0,101325.0,228.6786098407146,29.244867195735083,11.61903824807335,43910.592447287716,7.53668962334915
1180.0,19.666666666666668,156.66666666666666,False,11750.0,41759.88489507063,20000.0,0.0,41.40291720939638,-0.19590286978205668,48.86284902456986,48.757820098609564,1.1673448452965585,302.3838195348994,101324.68671073968,-0.3132892603171058,437.7948977851682,41.768137577395024,15128.789195043399,298.7639740041024,25.61397400410243,30.0,101325.0,228.6642840117583,29.233819534899396,11.602260438165285,43720.64722660095,7.597544650900462
1185.0,19.75,157.5,False,11812.5,40615.851012809064,20000.0,0.0,41.33635529311027,-0.1981746956839204,48.79408665242751,48.688014426417226,1.1673875894230243,302.372725882185,101324.67940236727,-0.32059763272991404,437.75388988653043,41.70681174577249,15129.343158922396,298.7646676964907,25.6146676964907,30.0,101325.0,228.65123732086943,29.222725882185046,11.585225484936803,43528.35206085606,7.658134233738973
1190.0,19.833333333333332,158.33333333333331,False,11874.999999999998,39503.15853694867,20000.0,0.0,41.26956591037333,-0.20194238386649055,48.72611245149231,48.61725124862645,1.1674304254782288,302.36159431839553,101324.667096111,-0.33290388899331447,437.71524100700316,41.64466694339474,15129.898314197846,298.7653594073879,25.615359407387928,30.0,101325.0,228.63943929303306,29.211594318395555,11.567963039831872,43334.06493525124,7.718455356652936
1195.0,19.916666666666668,159.16666666666666,False,11937.5,38420.94885327318,20000.0,0.0,41.202623705208225,-0.20634836899147807,48.65804403457314,48.54564616832411,1.1674733356279876,302.35043728420135,101324.65241102542,-0.34758897457504645,437.67891697649833,41.58180293018106,15130.45442973872,298.7660491324394,25.6160491324394,30.0,101325.0,228.62886871729884,29.20043728420137,11.550500813939182,43138.1183735873,7.778505483950741
1200.0,20.0,160.0,False,12000.0,37368.386869751725,20000.0,0.0,41.13563407915342,-0.20866085441816187,48.58680906627796,48.47330953284804,1.1675163584031714,302.33927234652555,101324.64457671701,-0.35542328299197834,437.6448826548155,41.518312941795244,15131.0120049051,298.7667368688909,25.61673686889094,30.0,101325.0,228.61951491221524,29.18927234652557,11.532864706054236,42940.82109057588,7.838282525245299
1205.0,20.083333333333332,161.16666666666666,False,12087.5,36344.66037213629,20000.0,0.0,41.06871491261745,-0.20672997441989638,48.51000781649851,48.40034554337723,1.1675595047258471,302.3281191521029,101324.65112422593,-0.34887577407062054,437.6133633280193,41.45428592501762,15131.57118124698,298.7674226158044,25.6174226158044,30.0,101325.0,228.61149783404986,29.17811915210291,11.515079423616006,42742.46513084741,7.89778480734351
1210.0,20.166666666666668,162.33333333333334,False,12175.0,35348.97939721288,20000.0,0.0,41.001852340944765,-0.20563548482719043,48.43365933292893,48.326850727803226,1.1676025848085692,302.31697539015744,101324.65480855004,-0.34519144996011164,437.5845812114859,41.389811359253294,15132.129499119057,298.768106374802,25.61810637480204,30.0,101325.0,228.6048965555213,29.16697539015746,11.497169822014802,42543.34087431778,7.9570110615137635
1215.0,20.25,163.5,False,12262.5,34380.57562322281,20000.0,0.0,40.934986012429476,-0.21153215541075843,48.36502875260187,48.25291550180613,1.1676453966209455,302.30583100207156,101324.63472773247,-0.3652722675324185,437.55849711011615,41.32497386744766,15132.684340207452,298.76878814909793,25.618788149097952,30.0,101325.0,228.59965120706786,29.15583100207158,11.47915940762435,42343.72039150195,8.015960409615028
1220.0,20.333333333333332,164.66666666666666,False,12350.0,33438.7017769837,20000.0,0.0,40.868373752770935,-0.21225713082176903,48.29004204170388,48.17864129840868,1.1676882505351434,302.29472895879513,101324.63221967686,-0.36778032314032316,437.53506435939806,41.25984934448792,15133.239726935457,298.76946794269884,25.61946794269886,30.0,101325.0,228.59579833354871,29.144728958795156,11.461069262357755,42143.84577394952,8.074632330563258
1225.0,20.416666666666668,165.83333333333334,False,12437.5,32522.631057252736,20000.0,0.0,40.80204305202835,-0.20869916158512059,48.20981873978262,48.104110917910255,1.1677310961296081,302.2836738420047,101324.6444462037,-0.35555379629659,437.51424208391484,41.19451051474878,15133.795005839722,298.7701457611654,25.620145761165418,30.0,101325.0,228.59330685903433,29.133673842004725,11.442919587430216,41943.94650535074,8.133026630757216
1230.0,20.5,167.0,False,12525.0,31631.656573887212,20000.0,0.0,40.73578327409405,-0.21493799285533546,48.140834809633716,48.02938867525091,1.1677735096209536,302.2726305456823,101324.62287068757,-0.3771293124300428,437.4959953778079,41.12902740090475,15134.34468468756,298.7708216115503,25.620821611550298,30.0,101325.0,228.59207573979188,29.12263054568234,11.424729833584651,41744.24102607151,8.191143427654037
1235.0,20.583333333333332,168.16666666666666,False,12612.5,30765.090802369472,20000.0,0.0,40.66994304708976,-0.2135088544204831,48.0628244336904,47.9545643244316,1.167815962327133,302.26165717451494,101324.62786913538,-0.3721308646199759,437.48027631388896,41.06346022953092,15134.894871759643,298.77149550109965,25.621495501099673,30.0,101325.0,228.59217234747453,29.11165717451496,11.406516730425254,41544.915323268935,8.2489831195633
1240.0,20.666666666666668,169.33333333333334,False,12700.0,29922.265053275547,20000.0,0.0,40.604394023746295,-0.21353993158691167,47.986487061335474,47.87969708182288,1.1678581717265177,302.250732337291,101324.62776079688,-0.37223920311953407,437.467048694335,40.99786963946087,15135.44190557567,298.77216743881365,25.622167438813676,30.0,101325.0,228.59352261046877,29.10073233729105,11.388297122072466,41346.15429001148,8.306546362350302
1245.0,20.75,170.5,False,12787.5,29102.52895627784,20000.0,0.0,40.53912372488969,-0.2175216340772798,47.91478719271708,47.8048480357649,1.167900044424134,302.23985395414826,101324.61374970374,-0.3862502962583676,437.45627392389616,40.9323111716606,15135.984575736778,298.7728374344301,25.622837434430096,30.0,101325.0,228.5960882255733,29.089853954148282,11.370086436572388,41148.12509230773,8.363834056365802
1250.0,20.833333333333332,171.66666666666666,False,12875.0,28305.249958284003,20000.0,0.0,40.47438639442703,-0.2131404086113367,47.8334445530397,47.730088745540414,1.1679419159111895,302.22906439907115,101324.62915237728,-0.3708476227184292,437.44790745628313,40.86683429655231,15136.527230209016,298.77350549815924,25.62350549815926,30.0,101325.0,228.59991172199685,29.07906439907117,11.351898415708975,40950.9745007608,8.420847319972099
1255.0,20.916666666666668,172.83333333333334,False,12962.5,27529.812835324352,20000.0,0.0,40.40986695833669,-0.2193339902742389,47.76457022659077,47.65545634458823,1.167983220439002,302.21831115972276,101324.60728653641,-0.39271346358873416,437.44191868747964,40.80149056137664,15137.062536889465,298.7741716419306,25.624171641930616,30.0,101325.0,228.60486650978748,29.068311159722782,11.333747378160178,40754.853609731035,8.477587478382164
1260.0,21.0,174.0,False,13050.0,26775.619217811578,20000.0,0.0,40.345989999961375,-0.2142655797602115,47.682785495888034,47.5810241691285,1.168024572911152,302.20766499999354,101324.6252266231,-0.37477337689779233,437.43825985455254,40.73632119788274,15137.598464928531,298.7748358772631,25.624835877263138,30.0,101325.0,228.61104811550697,29.057664999993563,11.31564477718965,40559.88073744198,8.534056043901034
1265.0,21.083333333333332,175.16666666666666,False,13137.5,26042.087128806084,20000.0,0.0,40.28237140605938,-0.22035477112896848,47.61424950450382,47.506819070385006,1.1680653059945083,302.1970619010099,101324.60362265176,-0.39637734823918436,437.43690283893295,40.67137241948727,15138.126365688828,298.77549821769855,25.625498217698578,30.0,101325.0,228.61831135953878,29.047061901009897,11.297603449857574,40366.187483785485,8.590254702387998
1270.0,21.166666666666668,176.33333333333334,False,13225.0,25328.650534930825,20000.0,0.0,40.21943779810431,-0.21558169416473555,47.533363623129375,47.43290800561843,1.1681060455090138,302.1865729663507,101324.6206084338,-0.3793915661954088,437.4378007081218,40.60667966575678,15138.65434979682,298.77615867613144,25.626158676131467,30.0,101325.0,228.62675432779898,29.036572966350718,11.279633240487994,40173.8717497818,8.646185299077974
1275.0,21.25,177.5,False,13312.5,24634.758909589113,20000.0,0.0,40.15681942632773,-0.22128465505471664,47.46502161428799,47.359312811291844,1.1681461544469625,302.1761365710546,101324.60027021581,-0.39972978418518323,437.4409258899941,40.542283712531884,15139.174161632634,298.7768172673849,25.626817267384922,30.0,101325.0,228.63623805374914,29.02613657105462,11.261745475703302,39983.0459312345,8.701849825245347
1280.0,21.333333333333332,178.66666666666666,False,13400.0,23959.876808148223,20000.0,0.0,40.094924593013616,-0.21637973234045346,47.38470897241156,47.28609376839093,1.1681862364712026,302.16582076550225,101324.61779437904,-0.38220562096103095,437.44623279319234,40.47821510997283,15139.693624666786,298.7774740055827,25.627474005582712,30.0,101325.0,228.64685697849825,29.01582076550227,11.24394864165912,39793.790792222564,8.757250406303303
1285.0,21.416666666666668,179.83333333333334,False,13487.5,23303.483454761124,20000.0,0.0,40.0333788921597,-0.22219993186523898,47.317307859562625,47.21326734117059,1.1682256539619447,302.15556314869326,101324.59695665534,-0.4030433446605457,437.45369487464114,40.41450997163993,15140.204475346802,298.7781289066799,25.628128906679933,30.0,101325.0,228.65847254284577,29.005563148693284,11.226252769899979,39606.20238381046,8.812389290453327
1290.0,21.5,181.0,False,13575.0,22665.07234050742,20000.0,0.0,39.97260220050157,-0.21696203103111764,47.23748416214955,47.14088938627301,1.168265035322894,302.1454337000836,101324.61573450686,-0.3842654931358993,437.4632671896875,40.35119425896697,15140.714857784707,298.7787819858178,25.628781985817795,30.0,101325.0,228.67118436171486,28.995433700083595,11.208665071935268,39420.345748400796,8.86726883776736
1295.0,21.583333333333332,182.16666666666666,False,13662.5,22044.150832543433,20000.0,0.0,39.91220014160183,-0.2228567427422051,47.17111408634574,47.068970744465396,1.168303717341383,302.13536669026695,101324.59457038542,-0.40542961457686033,437.4749246085359,40.28830007626489,15141.216176744323,298.7794332599457,25.6294332599457,30.0,101325.0,228.68484959201962,28.98536669026697,11.191194465629136,39236.30301646007,8.921891510520737
1300.0,21.666666666666668,183.33333333333334,False,13750.0,21440.239793959816,20000.0,0.0,39.85259382937363,-0.2179636053356653,47.09269908783501,46.99756287148722,1.1683423361392544,302.1254323048956,101324.61217850407,-0.3878214959258912,437.4886230851487,40.22584940882052,15141.716676364738,298.78008274509097,25.630082745090988,30.0,101325.0,228.6995698247636,28.975432304895605,11.1738470580057,39054.12578226651,8.976259863853185
1305.0,21.75,184.5,False,13837.5,20852.873214053416,20000.0,0.0,39.79341444970203,-0.22289232065755288,47.026269751611615,46.92667384877368,1.168380274721855,302.1155690749503,101324.59444092565,-0.4055590743519133,437.5043378317805,40.16387032890046,15142.20836039524,298.7807304589745,25.63073045897454,30.0,101325.0,228.71521142700792,28.965569074950338,11.156630646916794,38873.88263842491,9.030376536367553
1310.0,21.833333333333332,185.66666666666666,False,13925.0,20281.59784872793,20000.0,0.0,39.73500884779071,-0.21965612698127898,46.95090468901904,46.856347280759024,1.1684180563633395,302.1058348079651,101324.60613212963,-0.393867870370741,437.52202749810874,40.102382041747774,15142.69801046888,298.7813764185002,25.631376418500224,30.0,101325.0,228.73185530677924,28.955834807965118,11.13955056715216,38695.61563407781,9.084244243501237
1315.0,21.916666666666668,186.83333333333334,False,14012.5,19725.97287074608,20000.0,0.0,39.67713179171335,-0.22204515019355814,46.88268838551975,46.78659399888672,1.1684552655615503,302.0961886319522,101324.5975179696,-0.4024820304039167,437.54166530447714,40.04140798355807,15143.180241677694,298.7820206418652,25.63202064186521,30.0,101325.0,228.74940621675364,28.946188631952225,11.12261332876613,38519.378487965994,9.1378657671971
1320.0,22.0,188.0,False,14100.0,19185.56952956327,20000.0,0.0,39.61994921665166,-0.2217099396450688,46.81191956986353,46.71744466494699,1.1684921427625639,302.08665820277525,101324.59873226663,-0.4012677333666943,437.563215139937,39.980966029003,15143.658170202827,298.78266314690296,25.632663146902985,30.0,101325.0,228.76789243416664,28.936658202775277,11.105823896945276,38345.20824441886,9.191243952427923
1325.0,22.083333333333332,189.16666666666666,False,14187.5,18659.97082048023,20000.0,0.0,39.56343750971348,-0.22042458111248056,46.740685128863014,46.64891827437676,1.168528629267021,302.0772395849522,101324.60337146156,-0.39662853843765333,437.58664587794124,39.92107433742387,15144.13103530059,298.7833039520066,25.6333039520066,30.0,101325.0,228.7872862770918,28.927239584952247,11.089187315951074,38173.14230352698,9.244381695863996
1330.0,22.166666666666668,190.33333333333334,False,14275.0,18148.77116285949,20000.0,0.0,39.50750755720412,-0.22341608019545517,46.675091877532765,46.581029127796484,1.168564564450202,302.06791792620066,101324.59253269478,-0.40746730522369035,437.6119284279232,39.86175051415528,15144.596755274619,298.7839430759478,25.633943075947798,30.0,101325.0,228.8075411645352,28.917917926200687,11.072708476154245,38003.21602562058,9.29728194470368
1335.0,22.25,191.5,False,14362.5,17651.576087157217,20000.0,0.0,39.45238978097666,-0.21874922042166203,46.60125747768597,46.513806340499585,1.1686002974463578,302.05873163016275,101324.6093777842,-0.39062221579661127,437.6390265075412,39.80300744586684,15145.059854904799,298.7845805371583,25.634580537158342,30.0,101325.0,228.82870656163186,28.908731630162777,11.056390957185233,37835.45089417246,9.349947685620203
1340.0,22.333333333333332,192.66666666666666,False,14450.0,17168.001930528986,20000.0,0.0,39.39776109882098,-0.2241034881279539,46.53978811732627,46.447249304229324,1.1686352996981137,302.0496268498035,101324.5900214417,-0.4099785582948243,437.6679175600585,39.744862504348234,15145.513484087554,298.7852163552056,25.635216355205614,30.0,101325.0,228.85066724753796,28.899626849803496,11.040239584541176,37669.88089779755,9.402381943809072
1345.0,22.416666666666668,193.83333333333334,False,14537.5,16697.675540774602,20000.0,0.0,39.34401142205081,-0.2189006775113774,46.466732918643245,46.38139265457785,1.168670177479831,302.0406685703418,101324.6088366807,-0.3911633193056332,437.69856237167534,39.68732457483994,15145.965500138609,298.78585054862737,25.63585054862739,30.0,101325.0,228.87352150655485,28.890668570341802,11.024256826344429,37506.515580486324,9.454587774696769
1350.0,22.5,195.0,False,14625.0,16240.233988393524,20000.0,0.0,39.29076628656492,-0.22348167351871032,46.405794836815346,46.316230567737975,1.1687043241109643,302.03179438109413,101324.59229340083,-0.40770659917325247,437.7309405469771,39.6304091738266,15146.408040478098,298.7864831373857,25.63648313738571,30.0,101325.0,228.89713992883784,28.881794381094153,11.00844699272961,37345.38314081074,9.50656825991989
1355.0,22.583333333333332,196.16666666666666,False,14712.5,15795.324286528632,20000.0,0.0,39.23835331916757,-0.22053144695853155,46.33682088708968,46.25179207386165,1.168738250205851,302.0230588865279,101324.60298678288,-0.39701321712345816,437.7650152406513,39.574123689128236,15146.847722667828,298.78711414040896,25.637114140408983,30.0,101325.0,228.92160330885017,28.87305888652793,10.992812135868954,37186.488565331536,9.558326504160267
1360.0,22.666666666666668,197.33333333333334,False,14800.0,15362.603118582343,20000.0,0.0,39.18655720460242,-0.22177768388030808,46.273480467242244,46.18807717240077,1.1687716051493986,302.01442620076705,101324.5984870117,-0.4015129883046029,437.8007631319712,39.518479888546544,15147.280002736206,298.7877435776221,25.637743577622132,30.0,101325.0,228.94683083740344,28.86442620076707,10.977355524596263,37029.8491278717,9.609865627558325
1365.0,22.75,198.5,False,14887.5,14941.736573294755,20000.0,0.0,39.135473857426064,-0.22225085479325926,46.20999615029042,46.125100880116314,1.1688045343700202,302.005912309571,101324.59677189832,-0.4032281016843626,437.83815382909086,39.463485573297774,15147.706765435461,298.78837146854397,25.638371468543994,30.0,101325.0,228.97283515814468,28.85591230957101,10.962079325916047,36875.47082698596,9.661188766415865
1370.0,22.833333333333332,199.66666666666666,False,14975.0,14532.399887079568,20000.0,0.0,39.085148646273296,-0.21965300038630708,46.14370061894446,46.06287440350792,1.1688371042945551,301.99752477437886,101324.60614334221,-0.3938566577853635,437.8771585825634,39.40914797644869,15148.128871657435,298.78899783282384,25.63899783282386,30.0,101325.0,228.99961430143242,28.847524774378883,10.946985549013524,36723.3580503289,9.712299064247333
1375.0,22.916666666666668,200.83333333333334,False,15062.5,14134.277193418704,20000.0,0.0,39.03541048836303,-0.22325823266576894,46.08540279297196,46.00139720047748,1.1688690388442724,301.9892350813938,101324.59310825753,-0.40689174247381743,437.91775433189827,39.35547582470119,15148.54274342177,298.78962269055285,25.63962269055287,30.0,101325.0,229.0271021639773,28.839235081393838,10.932076617972553,36573.519351223775,9.763199673553967
1380.0,23.0,202.0,False,15150.0,13747.061279122529,20000.0,0.0,38.986541754177324,-0.21799041893474294,46.017551747144005,45.94069065607666,1.168900783529224,301.98109029236286,101324.61208307961,-0.3879169203864876,437.95990740543357,39.30247229142018,15148.954154538744,298.79024606108476,25.64024606108478,30.0,101325.0,229.05536847012783,28.831090292362887,10.917353414283385,36425.94780526385,9.813893747968194
1385.0,23.083333333333332,203.16666666666666,False,15237.5,13370.453347267361,20000.0,0.0,38.93818049947913,-0.22333499515524372,45.96284677891406,45.88074275580851,1.1689317614843933,301.9730300832465,101324.59282840767,-0.4071715923346346,438.00360025116663,39.25014638796867,15149.355628837737,298.790867964885,25.640867964885047,30.0,101325.0,229.08429104291378,28.823030083246522,10.902818441102408,36280.65281218096,9.86438444284142
1390.0,23.166666666666668,204.33333333333334,False,15325.0,13004.162786627503,20000.0,0.0,38.89072690526962,-0.21779780860794848,45.89626075097531,45.821579187545474,1.1689626076530568,301.96512115087825,101324.61276828217,-0.38723171783203725,438.0487971162748,39.19849864106614,15149.755395183616,298.7914884211562,25.641488421156225,30.0,101325.0,229.11397564891584,28.81512115087827,10.888471844740595,36137.62027229992,9.914674910261196
1395.0,23.25,205.5,False,15412.5,12647.90694742372,20000.0,0.0,38.8437851386268,-0.22265817232498794,45.84258040263177,45.763184613457675,1.1689926935227408,301.95729752310444,101324.59529255753,-0.40470744247431867,438.09548213330265,39.14753690679712,15150.14530805472,298.7921074504182,25.642107450418223,30.0,101325.0,229.1442908428675,28.807297523104467,10.874315807443644,35996.85652345144,9.964768296924913
1400.0,23.333333333333332,206.66666666666666,False,15500.0,12301.410923215279,20000.0,0.0,38.79771903245637,-0.21830528124039128,45.77897047071846,45.70558137717965,1.1690225983247955,301.9496198387427,101324.6109616668,-0.38903833320364356,438.14362120120904,39.09726077380844,15150.53287428935,298.79272507192417,25.64272507192419,30.0,101325.0,229.17533235293035,28.79961983874273,10.86035021494679,35858.345166565116,10.014667742542978
1405.0,23.416666666666668,207.83333333333334,False,15587.5,11964.407338767134,20000.0,0.0,38.75221479408674,-0.2215750360239117,45.72504127348553,45.64875684468013,1.1690518258244371,301.94203579901443,101324.59922043601,-0.4007795639918186,438.1931972727246,39.04767593386014,15150.911662684704,298.7933413060078,25.643341306007812,30.0,101325.0,229.2069940158681,28.792035799014457,10.846576648294484,35722.08680096838,10.064376375853765
1410.0,23.5,209.0,False,15675.0,11636.636143728607,20000.0,0.0,38.70752490191501,-0.2187917457239799,45.66486831013499,45.5927263847525,1.1690807801847052,301.9345874836525,101324.6092258939,-0.39077410609752405,438.24417973261575,38.99878191270002,15151.28691119378,298.79395617204625,25.643956172046273,30.0,101325.0,229.23933907895113,28.7845874836525,10.832994975750006,35588.06522474735,10.11389731476051
1415.0,23.583333333333332,210.16666666666666,False,15762.5,11317.844411964363,20000.0,0.0,38.663453321962834,-0.22042421346163646,45.61064530383177,45.53748200660968,1.1691091539596568,301.9272422203271,101324.60337278465,-0.39662721534841694,438.2965494301081,38.9505820328057,15151.654635317152,298.79456969008544,25.64456969008546,30.0,101325.0,229.27229726762496,28.77724222032714,10.819606120223805,35456.27485491503,10.163233662038055
1420.0,23.666666666666668,211.33333333333334,False,15850.0,11007.786146382785,20000.0,0.0,38.62013724295298,-0.21895628404413622,45.553620001943045,45.48303205784357,1.1691371698104691,301.9200228738255,101324.6086379239,-0.391362076101359,438.35027933709324,38.903075902733384,15152.017720743681,298.7951818795871,25.645181879587142,30.0,101325.0,229.30589812632329,28.770022873825496,10.806409972981495,35326.70013868446,10.21238850578361
1425.0,23.75,212.5,False,15937.5,10706.222089111214,20000.0,0.0,38.57748053529974,-0.21944454834025823,45.4996817702948,45.4293724142717,1.169164680512933,301.91291342254993,101324.60689053228,-0.393109467724571,438.40534859172897,38.856264794400936,15152.374259447612,298.79579276030216,25.645792760302186,30.0,101325.0,229.34010188797146,28.762913422549957,10.793406887333594,35199.33029100059,10.261364915804224
1430.0,23.833333333333332,213.66666666666666,False,16025.0,10412.919536871506,20000.0,0.0,38.53553917052784,-0.21871236152541906,45.44513108929093,45.37650625232972,1.1691917811752723,301.90592319508795,101324.60950941156,-0.39049058844102547,438.4617329100162,38.81014815783021,15152.725484031529,298.79640235168023,25.64640235168025,30.0,101325.0,229.3749145194312,28.755923195087973,10.780596710508393,35074.14979001002,10.310165943638259
1435.0,23.916666666666668,214.83333333333334,False,16112.5,10127.652161413524,20000.0,0.0,38.49427295603607,-0.21876813748222684,45.3923062993821,45.324431220952256,1.1692184147779057,301.89904549267266,101324.60931022059,-0.390689779407694,438.5194107702231,38.76472577586086,15153.070655521658,298.7970106732153,25.647010673215334,30.0,101325.0,229.41031359075427,28.74904549267268,10.767979382183572,34951.144263165996,10.358794620064074
1440.0,24.0,216.0,False,16200.0,9850.199834867855,20000.0,0.0,38.45370756600653,-0.21803701946848134,45.33937233651058,45.27314799886724,1.1692446295877685,301.8922845943344,101324.61191720932,-0.38808279068325646,438.578359353817,38.71999652872371,15153.41039945748,298.7976177442267,25.64761774422675,30.0,101325.0,229.44629664594513,28.74228459433442,10.755554591312142,34830.29714111356,10.407253954372603
1445.0,24.083333333333332,217.16666666666666,False,16287.5,9580.348459883193,20000.0,0.0,38.41380381466297,-0.21845009353704295,45.288576525954724,45.22265336718377,1.1692703713901316,301.8856339691105,101324.61044536027,-0.3895546397252474,438.6385578246982,38.6759593620927,15153.744013216106,298.79822358401077,25.648223584010793,30.0,101325.0,229.48284215547508,28.735633969110495,10.74332204502575,34711.592290441295,10.455546933144515
1450.0,24.166666666666668,218.33333333333334,False,16375.0,9317.889804417107,20000.0,0.0,38.37461502656288,-0.2168962007597619,45.236293711168095,45.17294850660104,1.1692957334843477,301.8791025044271,101324.61596765793,-0.384032342073624,438.69998335153866,38.63261210403256,15154.072705957147,298.79882821163187,25.648828211631894,30.0,101325.0,229.51995649301256,28.729102504427146,10.731281140009045,34595.01083116199,10.503676518645628
1455.0,24.25,219.5,False,16462.5,9062.62134105285,20000.0,0.0,38.33604363253721,-0.2184652968132087,45.188449216458764,45.12402647373354,1.1693205700066678,301.8726739387562,101324.61039113541,-0.3896088645851705,438.7626172680201,38.589953543258225,15154.394587286413,298.79943164625786,25.64943164625788,30.0,101325.0,229.5576012673865,28.722673938756202,10.719431539793952,34480.53673846129,10.55164564890231
1460.0,24.333333333333332,220.66666666666666,False,16550.0,8814.346090718169,20000.0,0.0,38.29822982470978,-0.21527539382587121,45.13586093559605,45.075891985831355,1.169345113176975,301.8663716374516,101324.62168575358,-0.3783142464235425,438.8264351920834,38.54797995723041,15154.712666773596,298.80003390657583,25.650033906575857,30.0,101325.0,229.59580931326448,28.71637163745163,10.70777221034178,34368.14752504801,10.599457235196414
1465.0,24.416666666666668,221.83333333333334,False,16637.5,8572.872470685475,20000.0,0.0,38.26096226464233,-0.21862497919000062,45.09168394560871,45.02853172935182,1.1693690374153882,301.86016037744037,101324.6098213753,-0.39017862470063847,438.8914220389148,38.50669060716424,15155.022724903432,298.8006350116906,25.65063501169061,30.0,101325.0,229.63450881626702,28.71016037744039,10.69630294643451,34257.828976784986,10.647114163322689
1470.0,24.5,223.0,False,16725.0,8338.014146736185,20000.0,20.0,38.22487957436999,-0.21684796060645525,68.33028988025045,68.36979002154172,1.1693924074341324,301.8541465957283,101324.61613846515,-0.38386153485043906,438.95650476143703,38.46607998042157,15155.325600346356,298.8012349798354,25.651234979835408,30.0,101325.0,229.67315102431758,28.704146595728332,10.68502221678377,34149.55440269096,10.694619290669548
1475.0,24.583333333333332,224.16666666666669,False,16812.5,8109.589889375061,20000.0,20.0,38.247718355698,-0.21901420807074287,68.29180854594752,68.32774361151164,1.1693775723081115,301.857953059283,101324.6084308299,-0.3915691700967727,438.87961125267543,38.43086547029176,15155.133337113124,298.8018346608967,25.651834660896725,30.0,101325.0,229.6300052295399,28.707953059283,10.675240408414377,34055.851644867005,10.741984155980353
1480.0,24.666666666666668,225.33333333333331,False,16900.0,7887.423433983657,20000.0,20.0,38.26961818956295,-0.2145584832277866,68.25590544272482,68.29608221074076,1.169363614732945,301.8616030315938,101324.62420128388,-0.37579871612251736,438.80632423375704,38.40448715033602,15154.952446938965,298.8024348505808,25.652434850580846,30.0,101325.0,229.58891970981279,28.711603031593825,10.667913097315559,33985.77362207117,10.78923528463795
1485.0,24.75,226.5,False,16987.5,7671.343344804908,20000.0,20.0,38.29029224906333,-0.22048121025753295,68.24060620791613,68.27299841931851,1.1693500241432635,301.8650487081772,101324.60316764019,-0.3968323598091956,438.7366321083804,38.38542524454081,15154.776312896696,298.8030355191831,25.653035519183106,30.0,101325.0,229.5497880172122,28.71504870817722,10.66261812348356,33935.19264831665,10.836402622325718
1490.0,24.833333333333332,227.66666666666669,False,17075.0,7461.182882653959,20000.0,20.0,38.310196806059366,-0.2156046798602952,68.21976031584562,68.25702781112389,1.1693373737435455,301.8683661343432,101324.62052752671,-0.3794724732870236,438.6703969647604,38.372399055889375,15154.61236371635,298.80363663810755,25.65363663810757,30.0,101325.0,229.51265040250084,28.718366134343228,10.658999737747049,33900.65639717142,10.883510850829529
1495.0,24.916666666666668,228.83333333333331,False,17162.5,7256.779876253103,20000.0,20.0,38.32898646943943,-0.22201056097458505,68.21783819791283,68.24688349028368,1.1693249789623033,301.87149774490655,101324.5976433536,-0.4023566464020405,438.6075127977174,38.36434243528105,15154.45172735145,298.80423818198796,25.654238181987978,30.0,101325.0,229.4773169163925,28.72149774490657,10.65676178757807,33879.30766270814,10.930580270315557
1500.0,25.0,230.0,True,17250.0,257057.9765970916,20000.0,20.0,38.34732477698503,-0.21863876972965304,68.20926684219701,68.24153582435996,1.1693132798854986,301.8745541294975,101324.60977214997,-0.39022785003180616,438.54786424374595,38.360353036478216,15154.300107316061,298.8048401255163,25.65484012551633,30.0,101325.0,229.44381347866508,28.724554129497506,10.655653621243948,33868.73972331682,10.977627525444742
1505.0,25.083333333333332,231.16666666666669,True,17337.5,256864.61963771368,20000.0,20.0,38.8578728575294,0.47384902473877544,68.00024501075217,68.82347755755883,1.1690094193298997,301.9596454762549,101326.83292161833,1.8329216183337849,438.4927882215875,38.399481180769634,15150.3620745155,298.80544945875806,25.655449458758085,30.0,101325.0,229.35538192799967,28.8096454762549,10.666522550213788,33972.485364453394,11.02473948731125
1510.0,25.166666666666668,232.33333333333331,True,17425.0,256676.55979334115,20000.0,20.0,39.34038376327601,0.46532011827862313,68.12675721308786,68.92212044600045,1.1686974151572007,302.040063960546,101326.76753316306,1.767533163059852,438.4402175233758,38.50813148016594,15146.31850043732,298.80607235156424,25.656072351564262,30.0,101325.0,229.26667787586723,28.890063960546,10.696703188934984,34261.67477816254,11.072124320743622
1515.0,25.25,233.5,True,17512.5,256493.6519467386,20000.0,20.0,39.806343525830926,0.45692121591612345,68.31856423971817,69.08701326371221,1.1683962700505097,302.1177239209718,101326.70430202085,1.7043020208511734,438.3896404498779,38.672857810788216,15142.415659854607,298.80670829726824,25.656708297268267,30.0,101325.0,229.1811607261908,28.96772392097182,10.742460502996726,34703.24205276655,11.120016624098435
1520.0,25.333333333333332,234.66666666666669,True,17600.0,256315.75495623326,20000.0,20.0,40.256324475003,0.44677406590141483,68.56274700195083,69.30292381131125,1.1681054397845738,302.1927207458338,101326.62944543643,1.6294454364251578,438.3406678065365,38.88256509383432,15138.646499608076,298.8073568432932,25.6573568432932,30.0,101325.0,229.0985187854836,29.042720745833833,10.80071252606509,35270.853867370206,11.168609746265195
1525.0,25.416666666666668,235.83333333333331,True,17687.5,256142.7315468022,20000.0,20.0,40.69098715126643,0.437034270637114,68.84847458730904,69.56146000111218,1.1678246704987076,302.26516452521105,101326.55917513234,1.5591751323372591,438.2929920837583,39.1279516029758,15135.007729663252,298.8080175534884,25.658017553488435,30.0,101325.0,229.01854028437285,29.11516452521107,10.868875445271057,35942.856442703414,11.218063711758303
1530.0,25.5,237.0,True,17775.0,255974.44820414367,20000.0,0.0,41.108904695537376,0.43028303349154895,45.87869996906565,46.50546759566448,1.1675550722953951,302.3348174492562,101326.51137541968,1.5113754196790978,438.25399742063036,39.40121502529848,15131.51373694832,298.80869000489355,25.65869000489357,30.0,101325.0,228.94529926404036,29.18481744925623,10.944781951471798,36701.18558670953,11.268510963167618
1535.0,25.583333333333332,238.16666666666669,True,17862.5,255810.77507164987,20000.0,0.0,41.478702848961575,0.42312212970288426,46.21805541774256,46.82781314059922,1.1673165319838728,302.3964504748269,101326.4614884624,1.4614884624024853,438.3485568887055,39.69265783018051,15128.422254510991,298.80937322841277,25.65937322841279,30.0,101325.0,228.9479120899517,29.24645047482693,11.025738286161253,37521.638195214,11.320054590793953
1540.0,25.666666666666668,239.33333333333331,True,17950.0,255651.58585020274,20000.0,0.0,41.83895832824919,0.41592576268603965,46.570565289309926,47.16341858027671,1.1670842327540247,302.4564930547082,101326.41219787809,1.4121978780895006,438.44020198867116,39.99539782188757,15125.41165649216,298.8100664663481,25.6600664663481,30.0,101325.0,228.950207208451,29.3064930547082,11.109832728302104,38386.74725194085,11.372768747354478
1545.0,25.75,240.5,True,18037.5,255496.75770071457,20000.0,0.0,42.18962970462894,0.41105599944377047,46.932465970635526,47.511274433866454,1.1668583760287645,302.5149382841048,101326.37932273207,1.3793227320711594,438.5301145008814,40.30620276126743,15122.484553332788,298.81076944585544,25.660769445855465,30.0,101325.0,228.95284281520023,29.364938284104824,11.196167433685398,39288.63190764936,11.42670998288197
1550.0,25.833333333333332,241.66666666666669,True,18125.0,255346.17114933877,20000.0,0.0,42.530693212392066,0.4019036505768037,47.300613546586455,47.86049848182433,1.1666384599561557,302.5717822020653,101326.31858403549,1.3185840354854008,438.61825143913416,40.62237261374506,15119.634441031778,298.81148190049186,25.66148190049188,30.0,101325.0,228.9556992848062,29.421782202065344,11.283992392706962,40220.46680459944,11.481924634765475
1555.0,25.916666666666668,242.83333333333331,True,18212.5,255199.70999527714,20000.0,0.0,42.86267735374304,0.39826725095339705,47.67236960588503,48.21989827304801,1.1664248847109409,302.6271128922905,101326.29483104638,1.2948310463834787,438.70458809998604,40.941641477929466,15116.866505853794,298.8122035674953,25.66220356749534,30.0,101325.0,228.95884350230838,29.477112892290506,11.37267818831374,41176.27000658926,11.538450146439912
1560.0,26.0,244.0,True,18300.0,255057.26122111318,20000.0,20.0,43.18541799212062,0.3894410355255964,71.3335122197386,71.8991111000267,1.1662169434894472,302.68090299868675,101326.23807608287,1.2380760828673374,438.7890761597946,41.262133743431725,15114.171587623234,298.81293419177024,25.662934191770262,30.0,101325.0,228.96211273714025,29.53090299868677,11.461703817619924,42150.84618878527,11.596316199353366
1565.0,26.083333333333332,245.16666666666669,True,18387.5,254918.71490560155,20000.0,20.0,43.51886603455387,0.38443357106994824,71.70806660877368,72.25512158030284,1.1660024918647167,302.7364776724256,101326.2064422087,1.2064422086987179,438.7325615938616,41.58380584902737,15111.392294566727,298.81367378993593,25.663673789935956,30.0,101325.0,228.89052554945252,29.586477672425644,11.551057180285381,43144.35232493827,11.655548976099007
1570.0,26.166666666666668,246.33333333333331,True,18475.0,254783.964138847,20000.0,20.0,43.841158686361496,0.3788860081385066,72.08374710178677,72.61194270916073,1.1657952435285606,302.79019311439356,101326.17187434419,1.1718743441888364,438.67272127255455,41.90644506713948,15108.706356130146,298.8144223634642,25.66442236346421,30.0,101325.0,228.81862829020872,29.640193114393583,11.640679185316522,44156.40557680108,11.71617450241966
1575.0,26.25,247.5,True,18562.5,254652.90493980664,20000.0,20.0,44.15194293351453,0.37063966617798105,72.45831034111735,72.9648236301419,1.1655952682656168,302.84199048891907,101326.12141846649,1.1214184664859204,438.613796446177,42.228124773482236,15106.114676722393,298.81517958878555,25.665179588785577,30.0,101325.0,228.74864692487958,29.69199048891909,11.730034659300621,45181.08319682167,11.77821442517912
1580.0,26.333333333333332,248.66666666666669,True,18650.0,254525.43617605272,20000.0,20.0,44.45178730954376,0.3669777197002668,72.8299140065002,73.32042593799115,1.1654027034127172,302.8919645515906,101326.09936854495,1.0993685449502664,438.5557932020965,42.54726275982036,15103.619036228816,298.81594515126403,25.665945151264054,30.0,101325.0,228.68061075551395,29.741964551590627,11.8186840999501,46213.20899449803,11.841682683645315
1585.0,26.416666666666668,249.83333333333331,True,18737.5,254401.45948573315,20000.0,20.0,44.740846277872265,0.36222907060009885,73.19706639206166,73.67062276171823,1.1652170446477332,302.940141046312,101326.07110122112,1.0711012211249908,438.4987270814006,42.86257793004778,15101.212898634622,298.81671874684224,25.666718746842264,30.0,101325.0,228.6144281219018,29.790141046312044,11.906271647235492,47248.29199514894,11.906586503777014
1590.0,26.5,251.0,False,18825.0,124280.8792016703,20000.0,20.0,45.01641846747805,0.32476905649703586,73.55856088112519,73.9773533547842,1.1650379975872405,302.98606974457965,101325.86101991884,0.8610199188406114,438.44262081826685,43.17303402631154,15098.892448730638,298.8175000802005,25.66750008020051,30.0,101325.0,228.55005236195848,29.836069744579675,11.992509451753206,48282.41237076154,11.972927270697785
1595.0,26.583333333333332,252.16666666666669,False,18912.5,120876.13953150058,20000.0,20.0,45.02558200085582,0.049705915689787536,73.88866973616257,73.9861976884933,1.1650224570327137,302.9875970001426,101325.02016880045,0.020168800445389934,438.38727498839853,43.45653573817027,15098.691043143968,298.81828511581324,25.668285115813262,30.0,101325.0,228.51815358760254,29.837597000142637,12.07125992726952,49239.831421551746,12.040651051109112
1600.0,26.666666666666668,253.33333333333331,False,19000.0,117564.67448487789,20000.0,20.0,45.03228689578066,0.02403638966024974,74.16985519796566,74.237343224339,1.1650179825286193,302.9887144826301,101325.00471631043,0.004716310431831516,438.3331638827047,43.69802141343921,15098.633053570908,298.81907027907266,25.669070279072685,30.0,101325.0,228.4890695274232,29.83871448263011,12.138339281510891,50065.2708313892,12.109612927673655
1605.0,26.75,254.5,False,19087.5,114343.92875471838,20000.0,20.0,45.03278192242203,0.013154502668769726,74.40849949307963,74.46341426609831,1.1650176273062103,302.9887969870703,101325.0014125791,0.0014125791058177128,438.28058375793074,43.9029721900019,15098.628449888485,298.8198553947995,25.669855394799526,30.0,101325.0,228.46159152918767,29.83879698707034,12.195270052778305,50773.0225598,12.179639520306425
1610.0,26.833333333333332,255.66666666666669,False,19175.0,111211.41703791186,20000.0,20.0,45.02741626001898,0.01533675411712758,74.61004822329596,74.66783335060384,1.1650210717233058,302.98790271000314,101325.00192013083,0.0019201308314222842,438.2297778458301,44.07606482040956,15098.673089534042,298.8206402942232,25.670640294223233,30.0,101325.0,228.43578341573047,29.837902710003164,12.243351339002656,51375.92919009012,12.25057629235496
1615.0,26.916666666666668,256.8333333333333,False,19262.5,108164.72211752641,20000.0,20.0,45.016502699257444,-0.02864450894776495,74.81253383998433,74.81963100273515,1.1650279666434757,302.98608378320955,101324.99330197638,-0.006698023615172133,438.1808800789172,44.221317551968774,15098.762447699444,298.8214248193777,25.671424819377705,30.0,101325.0,228.4116463009214,29.836083783209574,12.283699319991326,51885.53324091243,12.32228564126538
1620.0,27.0,258.0,False,19350.0,105201.49299755192,20000.0,0.0,45.00058477212565,0.04256822578666653,51.631960725386215,51.709947248385596,1.165038414974228,302.98343079535425,101325.0147922763,0.014792276298976503,438.13435360060885,44.3421890352256,15098.897858065995,298.8222088226908,25.672208822690834,30.0,101325.0,228.38944157559285,29.833430795354275,12.317274732007112,52312.158182985164,12.394645149198642
1625.0,27.083333333333332,259.1666666666667,False,19437.5,102319.44308874315,20000.0,0.0,44.97219870922902,0.06265103972228647,51.74707806798971,51.8493435861571,1.165056805383445,302.9786997848715,101325.0320420635,0.032042063496191986,438.2281244717961,44.441053283168976,15099.136197769445,298.8229920593908,25.672992059390822,30.0,101325.0,228.44192814455658,29.828699784871503,12.344737023102493,52662.840577003364,12.467544453893078
1630.0,27.166666666666668,260.3333333333333,False,19525.0,99516.34844416301,20000.0,0.0,44.93905895182343,-0.04499110289635468,51.89141078022031,51.86926945132798,1.1650774862883737,302.97317649197055,101324.98347592376,-0.016524076243513264,438.32148355795243,44.520016961764185,15099.404222297322,298.82377429643066,25.67377429643068,30.0,101325.0,228.49465080712628,29.82317649197057,12.36667137826783,52944.05655854112,12.540882576903872
1635.0,27.25,261.5,False,19612.5,96790.0460430635,20000.0,0.0,44.90195436366821,-0.06244168292885318,51.983292272859075,51.94192563637786,1.1651010916253055,302.9669923939447,101324.96817172435,-0.031828275648877025,438.4145277933928,44.581475384182625,15099.71014746396,298.82455541452003,25.674555414520057,30.0,101325.0,228.54778472503259,29.8169923939447,12.383743162272951,53163.6219805436,12.614568464778237
1640.0,27.333333333333332,262.6666666666667,False,19700.0,94138.43212178106,20000.0,0.0,44.861001853299854,-0.07259975727013658,52.04871192647273,51.996715268951895,1.1651272115331004,302.96016697554995,101324.95697367546,-0.04302632453618571,438.5073829676019,44.62750054608497,15100.04866146898,298.8253353024228,25.67533530242281,30.0,101325.0,228.60131541381395,29.810166975549976,12.396527929468046,53328.44770189075,12.688521290946595
1645.0,27.416666666666668,263.8333333333333,False,19787.5,91559.46055035772,20000.0,0.0,44.816327646383456,-0.09623884208615976,52.11393632648946,52.03570009325942,1.1651554723310726,302.9527212743972,101324.92439253285,-0.07560746715171263,438.6001553517294,44.65987701122324,15100.414921410702,298.82611385445017,25.676113854450193,30.0,101325.0,228.65522524982762,29.802721274397243,12.405521392006456,53444.598473354985,12.762669239679402
1650.0,27.5,265.0,False,19875.0,89051.1412536356,20000.0,0.0,44.7684407036852,-0.09745593563843777,52.13898739920511,52.060719885149965,1.1651861465215747,302.94474011728084,101324.9224680866,-0.07753191339725163,438.6929228521841,44.6801740997064,15100.812458919609,298.82689097564196,25.67689097564198,30.0,101325.0,228.70960860087692,29.794740117280867,12.411159472140668,53517.50034182882,12.836948474967725
1655.0,27.583333333333332,266.1666666666667,False,19962.5,86611.53867560634,20000.0,0.0,44.717355814048005,-0.10576071734199362,52.159802168328625,52.07332854605012,1.1652187361295683,302.936225969008,101324.90869118912,-0.09130881087912712,438.78577087132754,44.68974530826609,15101.234820239204,298.8276665755393,25.67766657553932,30.0,101325.0,228.7644125263279,29.786225969008,12.413818141185025,53551.90062581028,12.911302225639698
1660.0,27.666666666666668,267.3333333333333,False,20050.0,84238.77028583048,20000.0,0.0,44.66337159446425,-0.11170812858743742,52.16676352201808,52.07490599768547,1.16525322336402,302.92722859907735,101324.8981330123,-0.10186698769393843,438.8787668719826,44.68977639671158,15101.681774797698,298.8284405709876,25.67844057098762,30.0,101325.0,228.81966894812768,29.777228599077375,12.413826776864328,53552.01238611392,12.985679943009089
1665.0,27.75,268.5,False,20137.5,81931.00512677434,20000.0,0.0,44.60697006765281,-0.08323039727032362,52.12373437519194,52.06666800635602,1.1652899050953305,302.9178283446088,101324.94345062017,-0.05654937983490527,438.97196731536354,44.681300145732,15102.157170035483,298.82921288401707,25.67921288401709,30.0,101325.0,228.87546585683162,29.7678283446088,12.411472262703334,53521.5467464296,13.060036581295577
1670.0,27.833333333333332,269.6666666666667,False,20225.0,79686.46240094322,20000.0,0.0,44.54758891686163,-0.11285022267655526,52.139511323277766,52.049617553056265,1.1653274331392898,302.9079314861436,101324.89603940606,-0.1039605939440662,439.06544830985166,44.665229765370896,15102.643533485196,298.82998344377387,25.679983443773892,30.0,101325.0,228.93157836623118,29.757931486143605,12.407008268158583,53463.81774384333,13.134331973302713
1675.0,27.916666666666668,270.8333333333333,False,20312.5,77503.41009672094,20000.0,0.0,44.48643122141664,-0.07640829710091027,52.070433970007834,52.024731398917844,1.1653672956422374,302.89773853690275,101324.95234099701,-0.04765900298662018,439.15923347895773,44.64234717540006,15103.160151523398,298.8307521811512,25.680752181151206,30.0,101325.0,228.98831132714272,29.747738536902773,12.400651993166685,53381.68916369857,13.208530241988504
1680.0,28.0,272.0,False,20400.0,75380.16365185518,20000.0,0.0,44.42254914293619,-0.11481937794621987,52.08141434174099,51.99275469838233,1.1654075706922917,302.8870915238227,101324.89237967713,-0.1076203228731174,439.25339680624813,44.613366178406466,15103.682116172102,298.83151903631847,25.68151903631849,30.0,101325.0,229.04532590178482,29.7370915238227,12.392601716224018,53277.79338522431,13.282599327091923
1685.0,28.083333333333332,273.1666666666667,False,20487.5,73315.08465355738,20000.0,0.0,44.35707070187527,-0.10952891775152533,52.03513474799497,51.95447742168583,1.1654496734827677,302.8761784503125,101324.90206870348,-0.09793129652098287,439.3479525268518,44.57891113086663,15104.22776833667,298.8322839531326,25.68228395313264,30.0,101325.0,229.10290778306162,29.726178450312545,12.383030869685173,53154.44885526637,13.356510606425598
1690.0,28.166666666666668,274.3333333333333,False,20575.0,71306.57957421397,20000.0,0.0,44.289411250668536,-0.1420311907337234,52.0271327016108,51.91048690405783,1.1654922989569476,302.8649018751114,101324.83532359885,-0.164676401152974,439.4429554178082,44.53953659798087,15104.78019448204,298.83304688020763,25.683046880207655,30.0,101325.0,229.16082918811412,29.714901875111423,12.372093499439131,53013.72647147437,13.430238505958055
1695.0,28.25,275.5,False,20662.5,69353.09854173369,20000.0,0.0,44.220423912543765,-0.14535341542232494,51.97999492344995,51.86139766721041,1.1655364574504437,302.85340398542394,101324.82752967041,-0.17247032959130593,439.5384180153265,44.49573184579295,15105.35248855775,298.83380776966686,25.683807769666885,30.0,101325.0,229.21929544365477,29.70340398542396,12.359925512720265,52857.46283688297,13.50376016519997
1700.0,28.333333333333332,276.6666666666667,False,20750.0,67453.13414358148,20000.0,0.0,44.15008317620118,-0.13795274212451697,51.91572843270467,51.807708329275236,1.1655817740037457,302.84168052936684,101324.84464523217,-0.1553547678340692,439.63437237756443,44.447939633885134,15105.939791088545,298.83456657891014,25.684566578910164,30.0,101325.0,229.27824973514734,29.691680529366863,12.346649898301425,52687.32543690869,13.577055157056769
1705.0,28.416666666666668,277.8333333333333,False,20837.5,65605.22026357698,20000.0,0.0,44.07827364207196,-0.14142741948147877,51.85994881563765,51.74986308797423,1.1656277482701762,302.82971227367864,101324.83672069403,-0.16327930596889928,439.7308496865835,44.396560707114645,15106.535617581485,298.8353232700072,25.685323270007245,30.0,101325.0,229.33761006102992,29.67971227367866,12.332377974198513,52504.82719336768,13.650105263050017
1710.0,28.5,279.0,False,20925.0,63807.930950559145,20000.0,0.0,44.005299260154175,-0.1415638144750121,51.79651022080573,51.688274283243395,1.1656745610448436,302.81754987669234,101324.83640560352,-0.1635943964793114,439.82786690552064,44.341942434527354,15107.142311141171,298.83607780660986,25.686077806609887,30.0,101325.0,229.39742096541224,29.667549876692362,12.317206231813154,52311.285415315826,13.72289423013938
1715.0,28.583333333333332,280.1666666666667,False,21012.5,62059.879318044645,20000.0,0.0,43.93103877554188,-0.1582514314821191,51.74895912053833,51.62330786310884,1.1657217365142483,302.80517312925696,101324.79556313824,-0.20443686176440679,439.92544966636734,44.2844173237031,15107.753705224657,298.8368301592554,25.686830159255408,30.0,101325.0,229.45760230275243,29.65517312925698,12.301227034361972,52107.95803665001,13.795407593647688
1720.0,28.666666666666668,281.3333333333333,False,21100.0,60359.716474030494,20000.0,0.0,43.856169266992765,-0.14758022024147915,51.666499110940634,51.55533187028845,1.1657700830589974,302.7926948778321,101324.82220472321,-0.17779527678794693,440.02359945327515,44.22427082277366,15108.380276444606,298.83758029909944,25.687580299099466,30.0,101325.0,229.51831408552414,29.642694877832128,12.284519672992685,51895.929285579725,13.867632515399237
1725.0,28.75,282.5,False,21187.5,58706.13048011546,20000.0,0.0,43.78011564556789,-0.1634647695109714,51.612213678654264,51.484599514083506,1.1658184228746757,302.7800192742613,101324.78187158472,-0.21812841527571436,440.12234968693997,44.16176524911379,15109.006760455799,298.8383282012654,25.68832820126545,30.0,101325.0,229.57934199824848,29.630019274261315,12.26715701364272,51676.19458522418,13.93955760142063
1730.0,28.833333333333332,283.6666666666667,False,21275.0,57097.84533913683,20000.0,0.0,43.70358429119119,-0.159964811948417,51.53289830609963,51.41143820856805,1.1658676437482014,302.76726404853184,101324.79111231786,-0.20888768213626463,440.2216965145919,44.09714814906695,15109.64466297669,298.8390738453917,25.689073845391704,30.0,101325.0,229.6408589365255,29.617264048531865,12.249207819185266,51449.68989080432,14.011172798973428
1735.0,28.916666666666668,284.8333333333333,False,21362.5,55533.6200105413,20000.0,0.0,43.626408725520946,-0.15757869047359913,51.4526743514712,51.33607897493464,1.165917247090621,302.75440145425347,101324.79729760252,-0.20270239748060703,440.32165826519537,44.03063691101272,15110.287522294448,298.83981721248506,25.68981721248508,30.0,101325.0,229.7027763896186,29.60440145425349,12.230732475281311,51217.23786348005,14.082469276580568
1740.0,29.0,286.0,False,21450.0,54012.2474527305,20000.0,0.0,43.5486038622098,-0.16254761777837584,51.37904407453332,51.25874820650304,1.165967037991388,302.74143397703494,101324.78431242412,-0.21568757588102017,440.42224656058545,43.962433359013744,15110.932812368388,298.84055828689714,25.690558286897158,30.0,101325.0,229.76506210381257,29.591433977034967,12.211787044170485,50979.59950888066,14.153439302533595
1745.0,29.083333333333332,287.1666666666667,False,21537.5,52532.55369164177,20000.0,0.0,43.470362894231016,-0.16716897559322455,51.30325804512545,51.17966992009039,1.166017119403603,302.72839381570515,101324.77187374367,-0.22812625633378047,440.5234664569486,43.89272598867834,15111.581867470697,298.8412970560928,25.69129705609282,30.0,101325.0,229.8277390767597,29.57839381570517,12.192423885743985,50737.48219556874,14.224076164828352
1750.0,29.166666666666668,288.33333333333337,False,21625.000000000004,51093.39691484575,20000.0,0.0,43.39180271704652,-0.16943885269172604,51.22317902105636,51.0990397847773,1.1660674814321124,302.71530045284106,101324.76563653223,-0.2343634677672526,440.62532368042844,43.82168322027103,15112.234559360175,298.8420335091656,25.69203350916564,30.0,101325.0,229.8908084270999,29.565300452841086,12.172689783408618,50491.51659646625,14.294374080656155
1755.0,29.25,289.5,False,21712.5,49693.666590461595,20000.0,0.0,43.31288118556722,-0.17799137088777317,51.14904614574324,51.017032393030966,1.166117872451388,302.7021468642612,101324.74138017869,-0.25861982131027617,440.72782707778543,43.74946443946018,15112.88762696999,298.84276763827495,25.692767638274972,30.0,101325.0,229.95422523252842,29.552146864261204,12.152629010961162,50242.295474165054,14.364328116816315
1760.0,29.333333333333332,290.66666666666663,False,21799.999999999996,48332.28261021005,20000.0,0.0,43.23388214625788,-0.17876316000463902,51.064652692292654,50.93382861390177,1.1661685709220082,302.6889803577096,101324.73913251123,-0.26086748877423815,440.8309750375485,43.67621447183398,15113.544679149225,298.84349943735685,25.693499437356877,30.0,101325.0,230.01804362417334,29.538980357709647,12.132281797731661,49990.35492041712,14.433934124034776
1765.0,29.416666666666668,291.83333333333337,False,21887.500000000004,47008.194455942925,20000.0,0.0,43.15481176487151,-0.176480857614888,50.975659417291126,50.84957877134601,1.1662194216651611,302.6758019608119,101324.7457510767,-0.2542489233019296,440.9347726386324,43.602068210064225,15114.203704780488,298.8442289025992,25.694228902599207,30.0,101325.0,230.08223572360487,29.52580196081192,12.11168561390673,49736.190787989595,14.503188669665613
1770.0,29.5,293.0,False,21975.0,45720.38038900599,20000.0,0.0,43.07554183737068,-0.18426602171164225,50.89749294836356,50.764415183750764,1.1662700649225055,302.6625903062284,101324.72282476116,-0.2771752388362074,441.03922779071183,43.5271526815051,15114.86004139567,298.8449560324904,25.69495603249044,30.0,101325.0,230.14673473070556,29.512590306228446,12.09087574486253,49480.26613094497,14.572088986970428
1775.0,29.583333333333332,294.16666666666663,False,22062.499999999996,44467.84666180973,20000.0,0.0,42.99645725330572,-0.1810452707852808,50.80574838426406,50.67849121025636,1.166320968013884,302.6494095422176,101324.73242946879,-0.2675705312140053,441.14433269280534,43.45158202596344,15115.519745459937,298.8456808267299,25.695680826729927,30.0,101325.0,230.21162883100573,29.49940954221762,12.069883896100956,49222.994450135455,14.64063291792951
1780.0,29.666666666666668,295.33333333333337,False,22150.000000000004,43249.62675099941,20000.0,0.0,42.91734712681068,-0.18467916149200808,50.72135073328171,50.591914540224614,1.1663716564989257,302.6362245211351,101324.72158046784,-0.2784195321582956,441.2500957568532,43.375466351853355,15116.176668226079,298.8464032874605,25.696403287460498,30.0,101325.0,230.27682882673923,29.486224521135114,12.048740653292597,48964.77033461386,14.7088188656967
1785.0,29.75,296.5,False,22237.5,42064.78061163301,20000.0,0.0,42.838357238909,-0.18934862336768662,50.63764110939632,50.50480661166148,1.1664222329257368,302.62305953981814,101324.70732325574,-0.29267674425500445,441.3565142812847,43.2989059930556,15116.832138717547,298.84712341809984,25.697123418099864,30.0,101325.0,230.3423535732422,29.473059539818166,12.027473886959887,48705.95023645781,14.776645754982164
1790.0,29.833333333333332,297.66666666666663,False,22324.999999999996,40912.39395179124,20000.0,0.0,42.75969533152204,-0.1854005868828432,50.54348758091267,50.41728468953793,1.1664729062156112,302.6099492219203,101324.71940099905,-0.2805990009510424,441.4635829043451,43.221993773611736,15117.48886455432,298.84784122352136,25.69784122352138,30.0,101325.0,230.4082415679053,29.45994922192034,12.006109381558815,48446.860609040465,14.844112984735983
1795.0,29.916666666666668,298.83333333333337,False,22412.500000000004,39791.57752705997,20000.0,0.0,42.681197767464255,-0.186509429989686,50.454916514194785,50.32943661762437,1.1665233005000137,302.59686629457735,101324.71603455122,-0.2839654487761436,441.571306388025,43.14481896422589,15118.141974480177,298.8485567105218,25.698556710521814,30.0,101325.0,230.4744210925817,29.446866294577376,11.984671934507192,48187.81157307658,14.911220395973563
1800.0,30.0,300.0,False,22500.0,38701.4664543408,20000.0,0.0,20.0,-0.18989798445676762,50.36848378260988,50.241053261611405,1.16657345365165,302.58382600200207,101324.70562249387,-0.2943775061285123,441.6796813726735,43.06720087307409,15118.791959325386,298.84926988696515,25.69926988696517,30.0,101325.0,230.54089788209902,29.433826002002093,11.963111353631692,47928.207662949215,14.977967631554137
1805.0,30.083333333333332,299.3333333333333,False,22450.0,37641.21954446003,20000.0,0.0,20.0,-0.193656826641352,46.24942892402731,46.1119545617516,1.1666249749082982,302.5704279523515,101324.69385333465,-0.30614666534529533,441.8021166797962,39.52594497248458,15119.459674811545,298.84998073874834,25.699980738748366,30.0,101325.0,230.61498927632343,29.42042795235153,10.979429159023496,37050.838028820675,15.036980857728976
1810.0,30.166666666666668,298.6666666666667,False,22400.0,36610.01865306122,20000.0,0.0,20.0,-0.19503129072510147,42.76064195042251,42.616872995919415,1.1666792090357119,302.5563496727988,101324.68949220929,-0.31050779070938006,441.94880916682837,36.52835558040267,15120.162549102826,298.8506891667583,25.70068916675831,30.0,101325.0,230.7022852590305,29.406349672798797,10.14676543900074,29244.32593862236,15.0830191660397
1815.0,30.25,298.0,False,22350.0,35607.068049280366,20000.0,0.0,20.0,-0.1944739667428831,39.80544385927186,39.65845700286318,1.1667357312600888,302.5416976963638,101324.691264296,-0.3087357040058123,442.1155510706658,33.990950941419754,15120.895077130752,298.85139506609255,25.701395066092573,30.0,101325.0,230.80050749545592,29.39169769636385,9.441930817061044,23563.575729851862,15.119691319976141
1820.0,30.333333333333332,297.3333333333333,False,22300.0,34631.59380171657,20000.0,0.0,20.0,-0.195113564728855,37.305216750003545,37.154322956898056,1.1667941027154305,302.5265563055752,101324.68923017844,-0.3107698215608252,442.2988227959878,31.84308428576248,15121.651571191978,298.85209834866816,25.702098348668187,30.0,101325.0,230.9077337173336,29.376556305575207,8.845301190489577,19372.988895702383,15.149508378743887
1825.0,30.416666666666668,296.6666666666667,False,22250.0,33682.843181224314,20000.0,0.0,20.0,-0.19545602821306768,35.188588543342824,35.034739747567116,1.1668540529376568,302.5110099413607,101324.68813829416,-0.3118617058353266,442.49566635393484,30.024954414276664,15122.428526072032,298.8527989410647,25.702798941064714,30.0,101325.0,231.02236779079712,29.36100994136075,8.340265115076852,16240.459787482761,15.174239940329432
1830.0,30.5,296.0,False,22200.0,32760.084080066637,20000.0,0.0,20.0,-0.19656692268288894,33.397857425101996,33.24067960576207,1.1669152846492146,302.4951256248255,101324.68458322373,-0.3154167762695579,442.7035910411142,28.485940704559816,15123.222089053821,298.85349678213015,25.703496782130173,30.0,101325.0,231.1430519014689,29.345125624825528,7.912761306822171,13868.929745586607,15.195149238616287
1835.0,30.583333333333332,295.3333333333333,False,22150.0,31862.604446980815,20000.0,0.0,20.0,-0.19804594219898133,31.882663482894653,31.722177443242252,1.1669775731378786,302.47896544962174,101324.67981881452,-0.3201811854814878,442.9204927581163,27.183193724918542,15124.029347866908,298.8541918216374,25.704191821637437,30.0,101325.0,231.26864414005163,29.328965449621762,7.550887145810706,12051.82150774574,15.21314976031999
1840.0,30.666666666666668,294.6666666666667,False,22100.0,30989.71173772082,20000.0,0.0,20.0,-0.19968005264165534,30.60052447291689,30.43693801584845,1.1670407183100844,302.4625833568368,101324.67451327818,-0.325486721820198,443.14459104691383,26.08044221449462,15124.847709298694,298.8548840189364,25.70488401893641,30.0,101325.0,231.39817618328274,29.312583356836797,7.244567281804062,10643.785239373623,15.228910598338823
1845.0,30.75,294.0,False,22050.0,30140.732380652316,20000.0,0.0,20.0,-0.20152980690567454,29.515760435130698,29.34915822990344,1.1671045381608722,302.44602595205475,101324.66845499534,-0.33154500466480386,443.3743770269833,25.14698321381901,15125.674814564903,298.8555733416611,25.705573341661136,30.0,101325.0,231.5308248525971,29.296025952054777,6.985273114949726,9541.330203738844,15.242928039618764
1850.0,30.833333333333332,293.3333333333333,False,22000.0,29315.011256988142,20000.0,0.0,20.0,-0.20310497353075152,28.597538427391964,28.42853094163429,1.1671688875801138,302.42933569233065,101324.66325199777,-0.33674800222797785,443.60857006638736,24.35682722881265,15126.508783038276,298.85625976477047,25.706259764770493,30.0,101325.0,231.66589325605412,29.279335692330676,6.765785341336847,8669.886199789606,15.25557471767677
1855.0,30.916666666666668,292.6666666666667,False,21950.0,28511.911195262815,20000.0,0.0,20.0,-0.20397441856696136,27.819740108674054,27.649400832735076,1.1672336393169398,302.4125499440334,101324.66036274751,-0.33963725248759147,443.8460825845641,23.687974627697834,15127.347965547538,298.8569432696491,25.706943269649116,30.0,101325.0,231.80278867060645,29.262549944033424,6.579992952138287,7975.079811538122,15.267133721851303
1860.0,31.0,292.0,False,21900.0,27730.812479656353,20000.0,0.0,20.0,-0.20378617608797178,27.16027189575851,26.99005028147355,1.1672986806640857,302.39570152546577,101324.66098934233,-0.33901065766985994,444.08599050293714,23.121803124217266,15128.19090140655,298.8576238433256,25.70762384332562,30.0,101325.0,231.94100648256008,29.24570152546579,6.422723090060352,7416.796229566709,15.277822524657626
1865.0,31.083333333333332,291.3333333333333,False,21850.0,26971.11237178768,20000.0,0.0,20.0,-0.2024100531177427,26.600627290054426,26.43209480918302,1.1673639070719142,302.3788187960889,101324.6655524114,-0.33444758859695867,444.3275085987075,22.642549293375318,15129.036235652009,298.85830147781525,25.70830147781527,30.0,101325.0,232.08011607331642,29.228818796088945,6.289597025937588,6965.097753767183,15.28780995103494
1870.0,31.166666666666668,290.6666666666667,False,21800.0,26232.22464560883,20000.0,0.0,20.0,-0.20021603916934236,26.12570001741997,25.959971268915613,1.1674292127372539,302.3619253278513,101324.67276357273,-0.3272364272706909,444.5699698892181,22.236869683985084,15129.882597074811,298.8589761695271,25.708976169527148,30.0,101325.0,232.21974820159895,29.211925327851304,6.176908245551412,6597.390689740123,15.297228345787378
1875.0,31.25,290.0,False,21750.0,25513.57913504096,20000.0,0.0,20.0,-0.19853871266016618,25.72389219633323,25.56050451194549,1.1674944775456138,302.345039104709,101324.67822350674,-0.3217764932633145,444.8128083691885,21.89346930846347,15130.728428991155,298.8596479187553,25.70964791875531,30.0,101325.0,232.3595834025339,29.195039104708997,6.081519252350963,6296.439148151094,15.306182394285914
1880.0,31.333333333333332,289.3333333333333,False,21700.0,24814.62129400309,20000.0,0.0,20.0,-0.1997537033686785,25.38683719470437,25.22254077583398,1.1675595645006571,302.32817274468744,101324.67427312645,-0.3257268735469552,445.055544245851,21.602787166255776,15131.571955928517,298.8603167292237,25.710316729223734,30.0,101325.0,232.49934376910988,29.17817274468746,6.000774212848826,6048.95858656326,15.314755587157244
1885.0,31.416666666666668,288.6666666666667,False,21650.0,24134.81176849408,20000.0,0.0,20.0,-0.2023966482034216,25.10340618996197,24.936640099993564,1.1676244465940862,302.3113472054801,101324.66559670854,-0.33440329146105796,445.29776862956766,21.356730045120884,15132.412827859356,298.8609826075706,25.7109826075706,30.0,101325.0,232.63881023528984,29.161347205480126,5.932425012533578,5844.609836598188,15.323015009673327
1890.0,31.5,288.0,False,21600.0,23473.625980397675,20000.0,0.0,20.0,-0.20463785864260084,24.863491688685187,24.69481157977121,1.1676891149175326,302.2945825454911,101324.65814976988,-0.34185023012105376,445.5391347428987,21.14844718880099,15133.250929331223,298.86164556307506,25.71164556307508,30.0,101325.0,232.7777997355931,29.14458254549112,5.87456866355583,5675.272323495375,15.331014927840059
1895.0,31.583333333333332,287.3333333333333,False,21550.0,22830.553722689416,20000.0,0.0,20.0,-0.20535638842586987,24.659036072040596,24.490290413831723,1.167753549746031,302.2778952253236,101324.65574492843,-0.3442550715699326,445.77934944398703,20.97213955732183,15134.086004708563,298.86230560737005,25.71230560737007,30.0,101325.0,232.91615502769986,29.12789522532364,5.825594321478287,5534.513708148096,15.338799501473144
1900.0,31.666666666666668,286.6666666666667,False,21500.0,22205.098765733033,20000.0,0.0,20.0,-0.20422812333280096,24.48394616634615,24.31734960089712,1.1678177153630578,302.26129785278977,101324.65951733584,-0.34048266416357365,446.01816559920655,20.822898369320598,15134.91759110523,298.86296275416987,25.712962754169894,30.0,101325.0,233.05373967657454,29.11129785278979,5.784138435922388,5417.198989223297,15.346404857512987
1905.0,31.75,286.0,False,21450.0,21596.778474362654,20000.0,0.0,20.0,-0.20171879903033665,24.33392597365153,24.17114059728551,1.1678815586157265,302.24479928292897,101324.66783286627,-0.33216713373258244,446.2553755146361,20.696568431078937,15135.744999659815,298.8636170190273,25.71361701902731,30.0,101325.0,233.19043433212843,29.09479928292899,5.749046786410816,5319.199531396468,15.353860689818971
1910.0,31.833333333333332,285.3333333333333,False,21400.0,21005.1234354551,20000.0,0.0,20.0,-0.19904847325787767,24.206300594613463,24.047558486879204,1.167945010612679,302.2284050163828,101324.6765690228,-0.32343097719422076,446.49080526220615,20.589632447048487,15136.567337540318,298.8642684191155,25.714268419115513,30.0,101325.0,233.3261341003682,29.078405016382817,5.719342346402357,5237.174350331069,15.361191505014615
1915.0,31.916666666666668,284.6666666666667,False,21350.0,20429.67709570516,20000.0,0.0,20.0,-0.1987586076092015,24.100562509079666,23.9431275299594,1.1680079730215427,302.2121159587837,101324.67751033389,-0.32248966611223295,446.72431017603463,20.499113090829727,15137.383330359195,298.8649169730471,25.71491697304714,30.0,101325.0,233.4607434481694,29.06211595878375,5.694198080786035,5168.4041265835585,15.36841760117914
1920.0,32.0,284.0,False,21300.0,19869.995409324158,20000.0,0.0,20.0,-0.20063892767606087,24.013532296839433,23.854906693028752,1.1680704245414635,302.1959397396585,101324.67137976082,-0.32862023917550687,446.9557682900155,20.42249011004042,15138.192702057368,298.8655627006102,25.715562700610235,30.0,101325.0,233.59419405598294,29.045939739658536,5.672913919455673,5110.664051536747,15.3755558429695
1925.0,32.083333333333336,283.3333333333333,False,21250.0,19325.646495389967,20000.0,0.0,20.0,-0.20274671398888905,23.940463793152777,23.780407222902276,1.1681323925915859,302.17988790076004,101324.6644389385,-0.3355610614962643,447.18507738282204,20.357630157095233,15138.995807986952,298.86620562264494,25.716205622644964,30.0,101325.0,233.72643765252317,29.02988790076006,5.654897265859787,5062.1255333564,15.382620280181232
1930.0,32.166666666666664,282.6666666666667,False,21200.0,18796.210304584147,20000.0,0.0,20.0,-0.2040269347492565,23.87802580462748,23.717521985014997,1.1681938848308682,302.16396885869113,101324.66018783589,-0.3398121641075704,447.4121535096426,20.302727392250333,15139.792747408052,298.8668457609702,25.716845760970216,30.0,101325.0,233.85743156641436,29.013968858691157,5.639646497847314,5021.279547751511,15.38962264482089
1935.0,32.25,282.0,False,21150.0,18281.278295058983,20000.0,0.0,20.0,-0.2041089983242728,23.824006904090055,23.664466927846313,1.1682548933488592,302.1481884596293,101324.65991442288,-0.34008557711786125,447.6369283301214,20.25625320516396,15140.583417801216,298.8674831382605,25.717483138260548,30.0,101325.0,233.98713816132832,28.99818845962932,5.626737001434433,4986.876369332148,15.396572753096644
1940.0,32.333333333333336,281.3333333333333,False,21100.0,17780.453117184294,20000.0,0.0,20.0,-0.2030803317257719,23.77700222927025,23.619731556224096,1.1683153996280722,302.1325506011704,101324.66333370503,-0.3366662949702004,447.8593467850352,20.21691365511687,15141.367579179816,298.8681177779362,25.718117777936243,30.0,101325.0,234.11552461034557,28.98255060117043,5.615809348643575,4957.877810572189,15.403478832388243
1945.0,32.416666666666664,280.6666666666667,False,21050.0,17293.348306930773,20000.0,0.0,20.0,-0.20129376056331857,23.736147247690184,23.582037019950803,1.1683753795763683,302.1170578495277,101324.66923119966,-0.33076880034059286,448.0793650840589,20.183613444936867,15142.144919309732,298.8687497040639,25.718749704063896,30.0,101325.0,234.24256284973393,28.967057849527748,5.606559290260241,4933.4190948472415,15.410347788572562
1950.0,32.5,280.0,False,21000.0,16819.587987653296,20000.0,0.0,20.0,-0.19921044119901699,23.70089935836092,23.550300638589526,1.1684348080639302,302.1017119943329,101324.67604244994,-0.3239575500629144,448.29694897261714,20.155425425584365,15142.915112508535,298.86937894126845,25.719378941268474,30.0,101325.0,234.36822958201265,28.951711994332925,5.598729284884547,4912.778213458863,15.417185425592217
1955.0,32.583333333333336,279.3333333333333,False,20950.0,16358.806580043949,20000.0,0.0,20.0,-0.19727157681767937,23.670858460665446,23.523605865262624,1.1684936625441444,302.0865144982447,101324.68231775494,-0.3176822450623149,448.51207224978583,20.131564782341236,15143.677866572112,298.870005514655,25.720005514655043,30.0,101325.0,234.49250622883577,28.93651449824472,5.592101328428122,4895.3511441719165,15.423996626535017
1960.0,32.666666666666664,278.6666666666667,False,20900.0,15910.648520031129,20000.0,0.0,20.0,-0.19587089894952608,23.645709468726814,23.501176809538737,1.1685519236286686,302.07146661932984,101324.6868129873,-0.31318701269628946,448.72471555746165,20.111367183891367,15144.432930227544,298.87062944974025,25.720629449740272,30.0,101325.0,234.6153784160099,28.921466619329863,5.586490884414268,4880.631696538008,15.430785503507732
1965.0,32.75,278.0,False,20850.0,15474.76798440687,20000.0,0.0,20.0,-0.1954032350165144,23.625257326189296,23.482356627341847,1.1686095734364477,302.0565692929921,101324.68830674078,-0.31169325922382995,448.9348653957982,20.09427028591674,15145.180071736362,298.87125077239403,25.721250772394058,30.0,101325.0,234.736835129745,28.906569292992117,5.581741746087983,4868.195036446713,15.437555522072305
1970.0,32.833333333333336,277.3333333333333,False,20800.0,15050.828623970856,20000.0,0.0,20.0,-0.19540730464830058,23.608410649048103,23.46658969679963,1.1686666175651197,302.0418254825879,101324.68829375747,-0.3117062425299082,449.14251269855265,20.079798074228847,15145.919363643952,298.87186950876645,25.721869508766474,30.0,101325.0,234.85687238882204,28.891825482587933,5.577721687285791,4857.684156699874,15.444309604845325
1975.0,32.916666666666664,276.6666666666667,False,20750.0,14638.503303984944,20000.0,0.0,20.0,-0.19551367243644893,23.594270087974646,23.453405653285188,1.1687230601025635,302.02723760446855,101324.68795431747,-0.3120456825272413,449.34765269077513,20.06754761151627,15146.650858929223,298.872485685261,25.722485685261006,30.0,101325.0,234.9754881577396,28.877237604468576,5.574318780976742,4848.798721684165,15.451050217955313
1980.0,33.0,276.0,False,20700.0,14237.473851738216,20000.0,0.0,20.0,-0.19552315543217036,23.582206562899515,23.442406260822096,1.1687789016337016,302.0128073569467,101324.68792404645,-0.3120759535522666,449.55028429971287,20.057177818708613,15147.374565172771,298.87309932849206,25.723099328492083,30.0,101325.0,235.0926816375395,28.862807356946746,5.571438282974614,4841.2858365354505,15.457779443342964
1985.0,33.083333333333336,275.3333333333333,False,20650.0,13847.430811027525,20000.0,0.0,20.0,-0.19533736037393057,23.57176932313643,23.43325436697474,1.168834140977871,301.99853593585834,101324.68851686238,-0.31148313761514146,449.7504095653061,20.048399978606025,15148.09046707321,298.87371046524356,25.723710465243585,30.0,101325.0,235.2084533059839,28.848535935858365,5.568999994057229,4834.932384709636,15.46449903932994
1990.0,33.166666666666664,274.6666666666667,False,20600.0,13468.07320336424,20000.0,0.0,20.0,-0.19491184276966075,23.56262204588769,23.425664545772534,1.168888776317079,301.9844241825838,101324.68987243713,-0.310127562872367,449.9480331437274,20.04096969737518,15148.798541069344,298.87431912243204,25.724319122432064,30.0,101325.0,235.32280488464494,28.834424182583803,5.56693602704866,4829.5586499508145,15.471210491437343
1995.0,33.25,274.0,False,20550.0,13099.10829572278,20000.0,0.0,20.0,-0.19423174317495345,23.55450654408781,23.4193951685702,1.1689428057526317,301.9704726688923,101324.6920328975,-0.30796710250433534,450.1431618924118,20.034680100102474,15149.498762554105,298.87492532707387,25.72492532707389,30.0,101325.0,235.4357392340217,28.820472668892307,5.565188916695132,4825.012994636181,15.477915055079416
2000.0,33.333333333333336,273.3333333333333,False,20500.0,12740.251374651878,20000.0,0.0,20.0,-0.19331102799625494,23.547235175649636,23.414241681467704,1.1689962272637477,301.95668171622054,101324.69494568535,-0.3050543146528071,450.33580452821644,20.0293560709542,15150.19110533817,298.8755291062553,25.72552910625535,30.0,101325.0,235.54726016663767,28.806681716220567,5.5637100197095,4821.167410306558,15.48461379147174
2005.0,33.416666666666664,272.6666666666667,False,20450.0,12391.22552657413,20000.0,0.0,20.0,-0.19222143129156105,23.54071886610374,23.410030899386285,1.1690490379218241,301.9430513343767,101324.69837486818,-0.3016251318185823,450.52597135487423,20.02484937757739,15150.87553146684,298.8761304871066,25.726130487106616,30.0,101325.0,235.6573721462615,28.79305133437674,5.562458160438164,4817.913790758664,15.491307597861367
2010.0,33.5,272.0,False,20400.0,12051.761424104378,20000.0,0.0,20.0,-0.1911650328955757,23.535046812835642,23.40661615195019,1.169101232032565,301.92958104558403,101324.70168106284,-0.29831893715891056,450.7136740620157,20.021034543994222,15151.551967142044,298.87672949677864,25.72672949677866,30.0,101325.0,235.76607980791266,28.779581045584052,5.561398484442839,4815.1608055333845,15.49799723299768
2015.0,33.583333333333336,271.3333333333333,False,20350.0,11721.597118222016,20000.0,0.0,20.0,-0.19061353018726826,23.53064458502009,23.40387313564113,1.169152797629763,301.91626953368086,101324.70339985396,-0.29660014604451135,450.89892560599185,20.01780535708256,15152.22025728173,298.8773261624235,25.727326162423537,30.0,101325.0,235.87338718716518,28.766269533680884,5.560501488078489,4812.8312735930185,15.504683338608185
2020.0,33.666666666666664,270.6666666666667,False,20300.0,11400.47783613682,20000.0,0.0,20.0,-0.19130838988238144,23.528270857009478,23.401696459760462,1.1692037163652917,301.90311464755666,101324.70123346907,-0.2987665309337899,451.08174003484044,20.01507190937556,15152.88016409418,298.8779205111742,25.727920511174204,30.0,101325.0,235.97929760398756,28.753114647556686,5.559742197048767,4810.859954652946,15.51136645751669
2025.0,33.75,270.0,False,20250.0,11088.155784692373,20000.0,0.0,20.0,-0.19282405793665885,23.52734149793293,23.399997451134638,1.16925399982685,301.89011722267236,101324.69648067495,-0.3035193250543671,451.2621313659371,20.012758095845594,15153.531837755976,298.87851257009595,25.728512570095972,30.0,101325.0,236.08382040612,28.74011722267238,5.559099471068221,4809.191689939148,15.518047048936547
2030.0,33.833333333333336,269.3333333333333,False,20200.0,10784.389959155335,20000.0,0.0,20.0,-0.19450582148261628,23.527019149080825,23.398701207483654,1.1693036659208087,301.8772786178581,101324.6911631462,-0.30883685380104,451.44011406492905,20.010799494977668,15154.175510333682,298.8791023661885,25.7291023661885,30.0,101325.0,236.18696646130502,28.727278617858133,5.558555415271575,4807.779835786946,15.524725501384967
2035.0,33.916666666666664,268.6666666666667,False,20150.0,10488.945957243075,20000.0,0.0,20.0,-0.1954602155071638,23.52619996495581,23.39774451909215,1.169352739658067,301.8646008089977,101324.68812493187,-0.311875068131485,451.6157029064929,20.00914157513663,15154.811505968548,298.87968992636957,25.729689926369588,30.0,101325.0,236.2887482455979,28.714600808997716,5.558094881982398,4806.584943018999,15.53140214359247
2040.0,34.0,268.0,False,20100.0,10201.595798246039,20000.0,0.0,20.0,-0.19470711985488665,23.52368894685544,23.397074012018994,1.1694012489500496,301.85208595842755,101324.69052357125,-0.30947642875253223,451.7889129869636,20.007738176289898,15155.440186392641,298.88027527746453,25.730275277464557,30.0,101325.0,236.3891790027093,28.702085958427574,5.557705048969416,4805.573642864144,15.538077253721555
2045.0,34.083333333333336,267.3333333333333,False,20050.0,9922.117747105425,20000.0,0.0,20.0,-0.19172879433732923,23.5188377418336,23.396644333203312,1.1694492088988575,301.83973477658344,101324.69991893406,-0.3000810659432318,451.959760069577,20.00655022481342,15156.061747329193,298.880858446205,25.730858446205048,30.0,101325.0,236.48826974861544,28.689734776583464,5.557375062448172,4804.717706630311,15.544751067158703
2050.0,34.166666666666664,266.6666666666667,False,20000.0,9650.296143310314,20000.0,0.0,20.0,-0.18757585598113966,23.512831173767687,23.39641630591241,1.1694965930887529,301.8275435190087,101324.71277794492,-0.28722205507801846,452.1282613125931,20.00554464559852,15156.675846430237,298.88143945923923,25.731439459239255,30.0,101325.0,236.58602383981736,28.677543519008736,5.557095734888477,4803.993251684623,15.551423783101978
2055.0,34.25,266.0,False,19950.0,9385.921234482237,20000.0,0.0,20.0,-0.18687865142908558,23.511028209290668,23.396354940407978,1.1695432878895158,301.81549919992943,101324.71490913992,-0.2850908600812545,452.29443650085364,20.004693441170158,15157.281011048126,298.88201834315555,25.732018343155573,30.0,101325.0,236.68242835461524,28.665499199929457,5.556859289213933,4803.380070726587,15.55809557013143
2060.0,34.333333333333336,265.3333333333333,False,19900.0,9128.789014518828,20000.0,0.0,20.0,-0.19084402737164816,23.514806502918375,23.39643200709381,1.1695892665827043,301.80359786144965,101324.70268209973,-0.29731790027290117,452.458303222652,20.003972912177368,15157.87689491185,298.8825951243344,25.73259512433441,30.0,101325.0,236.77748678861724,28.65359786144967,5.55665914227149,4802.861065030452,15.56476657092015
2065.0,34.416666666666664,264.6666666666667,False,19850.0,8878.701066171552,20000.0,0.0,20.0,-0.1923965989909375,23.51590413093324,23.39662769438678,1.1696347107858411,301.791857319707,101324.69782488732,-0.30217511267983355,452.61987337828737,20.003362997552728,15158.4658517845,298.8831698288453,25.733169828845348,30.0,101325.0,236.87124185035123,28.641857319707015,5.556489721542424,4802.4217654118775,15.571436906219068
2070.0,34.5,264.0,False,19800.0,8635.464407936148,20000.0,20.0,20.0,-0.18949934735876514,46.79989144772104,46.79051748964181,1.169679693594478,301.7802780987256,101324.70685712123,-0.2931428787705954,452.77926196780146,20.00284671596927,15159.048828984434,298.88374248256383,25.733742482563855,30.0,101325.0,236.96376827784505,28.630278098725626,5.556346309991463,4802.049927248221,15.578106678227861
2075.0,34.583333333333336,263.3333333333333,False,19750.0,8398.891345137572,20000.0,20.0,20.0,-0.19185171400698628,46.80212167031557,46.79017056435326,1.169683799635941,301.7791969228943,101324.69953403945,-0.3004659605503548,452.68730691559097,20.002409693043965,15159.102043281795,298.8843139712584,25.734313971258416,30.0,101325.0,236.9164749158255,28.629196922894323,5.556224914734434,4801.735188038391,15.58477597344681
2080.0,34.666666666666664,262.6666666666667,False,19700.0,8168.799325094553,20000.0,20.0,20.0,-0.18915831405449385,46.79855473249964,46.78990621966996,1.1696880083885715,301.77813601600224,101324.70791128346,-0.29208871653827373,452.594251217642,20.00203976112432,15159.156588715887,298.88488517922934,25.734885179229366,30.0,101325.0,236.86862598431398,28.62813601600226,5.556122155867866,4801.468777797117,15.591444865089752
2085.0,34.75,262.0,False,19650.0,7945.010796251968,20000.0,20.0,20.0,-0.1865974533562129,46.79520825083346,46.7897161863122,1.1696924142848397,301.7770226993826,101324.71576645225,-0.28423354774713516,452.50158491885884,20.00172662051489,15159.213689131524,298.8854560975488,25.73545609754882,30.0,101325.0,236.8210204126219,28.62702269938262,5.556035172365248,4801.243274097671,15.598113415125791
2090.0,34.833333333333336,261.3333333333333,False,19600.0,7727.35307117239,20000.0,20.0,20.0,-0.18911958895029243,46.79783637628392,46.789584776369615,1.1696968800680678,301.77584750659753,101324.70803086592,-0.29196913407940883,452.4093051537197,20.001461552711675,15159.271565682158,298.8860267178543,25.736026717854315,30.0,101325.0,236.77362889490857,28.62584750659755,5.55596154241991,4801.052394855187,15.604781676007008
2095.0,34.916666666666664,260.6666666666667,False,19550.0,7515.658193281031,20000.0,20.0,20.0,-0.19375278879345872,46.80297000350108,46.7895057476344,1.1697014654777995,301.774621370137,101324.69354985171,-0.3064501482876949,452.3174037783924,20.001237177660393,15159.330992592282,298.8865970324343,25.736597032434304,30.0,101325.0,236.72645925409327,28.62462137013705,5.555899216016776,4800.890823018526,15.611449692130531
2100.0,35.0,260.0,True,19500.0,257309.7628072613,20000.0,20.0,20.0,-0.18958838665264785,46.79789982814481,46.789478065063975,1.1697063273031159,301.773405871299,101324.70658158079,-0.29341841921268497,452.22586972473965,20.001047248279978,15159.39400184838,298.88716703392544,25.73716703392546,30.0,101325.0,236.67953740992243,28.623405871299042,5.55584645785555,4800.754058244515,15.618117501075853
2105.0,35.083333333333336,259.3333333333333,True,19450.0,257109.5080330009,20000.0,20.0,20.0,0.5017407212954372,46.57695626835506,47.36450292288194,1.169418040255541,301.85479572163126,101327.05505103189,2.0550510318862507,452.1370238008894,20.00088647653013,15155.657801711812,298.8877437731249,25.73774377312492,30.0,101325.0,236.57471766846797,28.704795721631285,5.555801799036148,4800.638291392375,15.62478513465199
2110.0,35.166666666666664,258.6666666666667,True,19400.0,256914.73934299132,20000.0,20.0,20.0,0.49279041002048235,46.57679780501216,47.34175085021809,1.1691185784044293,301.93189727174877,101326.98238684252,1.9823868425155524,452.0485194976875,20.00075038618207,15151.776776121404,298.88833348005346,25.738333480053484,30.0,101325.0,236.46783931770278,28.78189727174879,5.555763996161685,4800.540298322204,15.631452619783735
2115.0,35.25,258.0,True,19350.0,256725.30644308592,20000.0,20.0,20.0,0.48254807677851497,46.57666366868931,47.3178693114405,1.1688277821864337,302.00677276845863,101326.90083792982,1.9008379298174987,451.9603106452492,20.00063518819034,15148.00805713618,298.88893573976986,25.738935739769886,30.0,101325.0,236.36289157886034,28.856772768458654,5.5557319967195395,4800.457350021904,15.638119979261752
2120.0,35.333333333333336,257.3333333333333,True,19300.0,256541.0631565248,20000.0,20.0,20.0,0.4747103138490088,46.57655012474255,47.29717444067743,1.1685456369156804,302.07950969270314,101326.83959087408,1.8395908740785671,451.87239328157784,20.00053767519491,15144.351454427218,298.88955018531584,25.739550185315863,30.0,101325.0,236.25986826983316,28.929509692703164,5.555704909776363,4800.387136547835,15.644787232377425
2125.0,35.416666666666664,256.6666666666667,True,19250.0,256361.8673111368,20000.0,20.0,20.0,0.46726796208798244,46.5764540118664,47.27729813339137,1.1682717612554303,302.1501549475057,101326.7823620277,1.7823620277049486,451.7847635209046,20.00045513222611,15140.802025870376,298.8901764610685,25.74017646106853,30.0,101325.0,236.15868914334033,29.000154947505735,5.555681981173921,4800.327702660089,15.65145439546021
2130.0,35.5,256.0,True,19200.0,256187.5806296318,20000.0,0.0,20.0,0.4575187449829542,23.288410625691043,23.894962578105655,1.1680063886792236,302.21858433795717,101326.7087624654,1.708762465394102,451.70306506548894,20.0003852611124,15137.362797282736,298.89081422113856,25.740814221138578,30.0,101325.0,236.06234973488586,29.06858433795719,5.555662572531222,4800.277393344302,15.658121482332433
2135.0,35.583333333333336,255.33333333333334,True,19150.0,256018.06862289828,20000.0,0.0,20.0,0.45134897507988736,23.28834175780613,23.882951088073934,1.1677748145880376,302.27837884990606,101326.66298691678,1.6629869167809375,451.859035303144,20.00032611649096,15134.361597060968,298.8914625215178,25.741462521517803,30.0,101325.0,236.0970416629928,29.128378849906085,5.555646143469712,4800.234807702183,15.664788504694272
2140.0,35.666666666666664,254.66666666666666,True,19100.0,255853.2004862243,20000.0,0.0,20.0,0.4427946979514109,23.288283462400273,23.868268352579975,1.167548097100111,302.3368897377953,101326.60054811864,1.6005481186439283,452.0123012323989,20.00027605164992,15131.42333841744,298.89212055940067,25.74212055940069,30.0,101325.0,236.13127077043123,29.186889737795298,5.555632236569422,4800.198759931318,15.671455472449573
2145.0,35.75,254.0,True,19050.0,255692.84899836133,20000.0,0.0,20.0,0.43399187007953494,23.288234116404492,23.853409197319834,1.1673263147364787,302.3941432197687,101326.53754239425,1.5375423942459747,452.1633826925684,20.000233672676853,15128.549038984766,298.8927881213223,25.74278812132235,30.0,101325.0,236.16532627766273,29.244143219768716,5.555620464632459,4800.168246293048,15.678122393981674
2150.0,35.833333333333336,253.33333333333334,True,19000.0,255536.89042335356,20000.0,0.0,20.0,0.4303627520679306,23.28819234592068,23.84470479772378,1.1671096706995745,302.45019851814226,101326.51193549688,1.5119354968774132,452.31229489792537,20.00019779965047,15125.741332266485,298.89346499784847,25.74346499784849,30.0,101325.0,236.19925890481878,29.30019851814228,5.555610499902908,4800.1424171568315,15.684789276386848
2155.0,35.916666666666664,252.66666666666666,True,18950.0,255385.2044150563,20000.0,0.0,20.0,0.4230883210394455,23.28815698796964,23.831847000739064,1.1668975449766066,302.50502844787553,101326.46125491755,1.461254917550832,452.4590529906345,20.000167433789343,15122.992182896822,298.8941509858541,25.744150985854105,30.0,101325.0,236.23295269696962,29.355028447875554,5.555602064941485,4800.120553337556,15.691456125671913
2160.0,36.0,252.0,True,18900.0,255237.67392427046,20000.0,20.0,20.0,0.415339057337448,46.57608908649351,47.15233327064615,1.166689900812366,302.55870906466146,101326.40821659224,1.408216592244571,452.60195800196226,20.00014172964288,15120.301114528262,298.8948458850227,25.7448458850227,30.0,101325.0,236.2655148251952,29.40870906466148,5.5555949249008,4800.102046066019,15.698122946921501
2165.0,36.083333333333336,251.33333333333334,True,18850.0,255094.18510842102,20000.0,20.0,20.0,0.4091010731090286,46.57606375141444,47.136168267311454,1.166470598758017,302.6154661675451,101326.36623418791,1.3662341879098676,452.4968240149111,20.000119971552554,15117.4589599039,298.89554986183407,25.745549861834093,30.0,101325.0,236.16623280806888,29.465466167545117,5.555588880986821,4800.086380035995,15.704789744439626
2170.0,36.166666666666664,250.66666666666666,True,18800.0,254954.62724370972,20000.0,20.0,20.0,0.40159858968118456,46.57604230573308,47.11878567634897,1.1662574968156874,302.6706126283835,101326.31658307946,1.3165830794605426,452.39017353549826,20.00010155372678,15114.69715873131,298.89626303431334,25.74626303431336,30.0,101325.0,236.06743507985306,29.520612628383503,5.555583764924105,4800.073119054555,15.71145652186955
2175.0,36.25,250.0,True,18750.0,254818.8926396747,20000.0,20.0,20.0,0.39711122522636944,46.576024152355664,47.1051835203755,1.1660507856636224,302.72418101956447,101326.28732510368,1.2873251036799047,452.28409850533046,20.000085963373788,15112.018182200545,298.896985130268,25.746985130268,30.0,101325.0,235.97025120257194,29.57418101956449,5.555579434270497,4800.061893895156,15.71812328229521
2180.0,36.333333333333336,249.33333333333334,True,18700.0,254686.87655609063,20000.0,20.0,20.0,0.3891463591442307,46.57600878585348,47.087768569760634,1.1658499369192015,302.77618057420756,101326.23620317416,1.2362031741649844,452.1785908530053,20.000072766424946,15109.415182472852,298.89771588694134,25.747715886941364,30.0,101325.0,235.8745689939506,29.62618057420758,5.555575768451374,4800.05239201658,15.724790028327092
2185.0,36.416666666666664,248.66666666666666,True,18650.0,254558.4771221454,20000.0,20.0,20.0,0.3836638872959778,46.57599577839018,47.073495148932004,1.165655089673327,302.8266883222852,101326.20161615033,1.2016161503270268,452.07364259751273,20.0000615954489,15106.889962166319,298.8984550476916,25.748455047691607,30.0,101325.0,235.78041144257003,29.6766883222852,5.555572665402472,4800.044348859793,15.731456762174926
2190.0,36.5,248.0,False,18600.0,124433.59525783107,20000.0,20.0,20.0,0.37509309702643895,46.575984767810226,47.055854149335914,1.1654658794107988,302.8756927406901,101326.14852923622,1.1485292362194741,451.9692458617566,20.00005213942184,15104.437797163953,298.89920236436245,25.749202364362475,30.0,101325.0,235.68769973450912,29.725692740690135,5.5555700387282885,4800.037540481591,15.738123485709188
2195.0,36.583333333333336,247.33333333333334,False,18550.0,121024.6718514501,20000.0,20.0,20.0,-0.03684591720181363,46.618878763590345,46.617531169235676,1.165436993314876,302.8797334058502,101324.98891737458,-0.011082625424023718,451.8650915857789,20.000044135067732,15104.063433360794,298.89995389364844,25.749953893648467,30.0,101325.0,235.62754638783744,29.729733405850197,5.555567815296592,4800.031777318892,15.744790200513217
2200.0,36.666666666666664,246.66666666666666,False,18500.0,117709.13768425728,20000.0,20.0,20.0,0.08768675784694202,46.57596755813021,46.71917202275416,1.1654234070750025,302.8834850620432,101325.06276708165,0.06276708164659794,451.76139348389876,20.00003735952826,15103.887355692033,298.90070599101637,25.75070599101639,30.0,101325.0,235.5707262104619,29.7334850620432,5.555565933202294,4800.026898910595,15.751456907927265
2205.0,36.75,246.0,False,18450.0,114484.43430921332,20000.0,20.0,20.0,-0.05405856089184798,46.638906565543785,46.616557283083296,1.1654130106969551,302.88592807759886,101324.97614426118,-0.02385573882202152,451.65819718111214,20.00003162415792,15103.752618632538,298.901458462627,25.751458462627,30.0,101325.0,235.51481358323346,29.735928077598885,5.555564340043866,4800.022769429706,15.758123609085834
2210.0,36.833333333333336,245.33333333333334,False,18400.0,111348.07336927335,20000.0,20.0,20.0,0.015445477659864221,46.57595522685562,46.63434369528015,1.1654078054484558,302.8873580383731,101325.00194745127,0.0019474512664601207,451.55542777699344,20.00002676927174,15103.685158611986,298.90221111859813,25.752211118598154,30.0,101325.0,235.46017333925064,29.737358038373145,5.555562991464373,4800.019273901452,15.764790304949258
2215.0,36.916666666666664,244.66666666666666,False,18350.0,108297.6346772349,20000.0,20.0,20.0,0.10643402294410771,46.575950441677286,46.74035218852421,1.1654071701814461,302.88779375458137,101325.09247511216,0.09247511216381099,451.4530847261884,20.00002265969931,15103.676925551541,298.9029637789565,25.75296377895654,30.0,101325.0,235.40667900611757,29.73779375458139,5.555561849916476,4800.01631500199,15.771456996330441
2220.0,37.0,244.0,False,18300.0,105330.76434818938,20000.0,0.0,20.0,-0.051054601236098826,23.347432243476085,23.308196319579757,1.1654086982925316,302.8870565625927,101324.97872185872,-0.021278141284710728,451.3518889077047,20.00001918102135,15103.69672987121,298.9037162738597,25.75371627385971,30.0,101325.0,235.35421984023907,29.737056562592727,5.5555608836170425,4800.013810348617,15.778123683917489
2225.0,37.083333333333336,243.33333333333334,False,18250.0,102445.17298313603,20000.0,0.0,20.0,0.024314964402463245,23.287980933997954,23.336810275484712,1.1654227070798806,302.8834937865598,101325.00482626526,0.004826265256269835,451.4910143728678,20.00001623638403,15103.878283755252,298.9044682731476,25.75446827314761,30.0,101325.0,235.42959576654013,29.733493786559848,5.555560065662231,4800.011690205992,15.784790368292875
2230.0,37.166666666666664,242.66666666666666,False,18200.0,99638.63390235689,20000.0,0.0,20.0,-0.08972492583680879,23.392453564934947,23.308800536316124,1.1654392259374868,302.87898986369595,101324.93428112395,-0.065718876052415,451.6278810970711,20.000013743802363,15104.09236814983,298.9052194614207,25.755219461420722,30.0,101325.0,235.50430282276494,29.728989863695972,5.555559373278434,4800.009895544503,15.791457049949646
2235.0,37.25,242.0,False,18150.0,96908.9814271891,20000.0,0.0,20.0,-0.07447542338500518,23.374694616440014,23.3092061765151,1.1654596308850245,302.87374813713944,101324.954721725,-0.045278275007149205,451.7625178907333,20.00001163387753,15104.356816269916,298.9059696990548,25.755969699054845,30.0,101325.0,235.57863458350565,29.723748137139467,5.555558787188203,4800.008376396695,15.798123729305159
2240.0,37.333333333333336,241.33333333333334,False,18100.0,94254.10920886917,20000.0,0.0,20.0,0.05459103445408477,23.287973495218196,23.373304877637654,1.165483422721456,302.86777341954155,101325.02432800851,0.024328008512384258,451.8950612190259,20.00000984786472,15104.66515847007,298.9067188545442,25.756718854544204,30.0,101325.0,235.6525619184304,29.717773419541572,5.555558291073534,4800.0070904660915,15.804790406712703
2245.0,37.416666666666664,240.66666666666666,False,18050.0,91671.96860315939,20000.0,0.0,20.0,-0.08025885584191232,23.381424994213862,23.310186477402205,1.1655088380838403,302.8609391238464,101324.94741645762,-0.05258354237594176,452.02549582878447,20.000008336037514,15104.99454156657,298.9074668018464,25.75746680184642,30.0,101325.0,235.7257207663925,29.7109391238464,5.555557871121532,4800.006001949511,15.811457082471327
2250.0,37.5,240.0,False,18000.0,89160.56708950213,20000.0,0.0,20.0,-0.06289110076231308,23.361200523053324,23.310762822035766,1.1655377298823946,302.85349235188613,101324.96771191384,-0.032288086164044216,452.1537968637731,20.000007056303424,15105.368979275832,298.9082134215525,25.75821342155251,30.0,101325.0,235.79847323711985,29.703492351886155,5.55555751563984,4800.005080540257,15.818123756834165
2255.0,37.583333333333336,239.33333333333334,False,17950.0,86717.96673348233,20000.0,0.0,20.0,-0.07969149214455737,23.38076160552259,23.31138355870276,1.1655688298361486,302.84535310508346,101324.94815727412,-0.05184272587939631,452.2800261089778,20.00000597303189,15105.772034676485,298.90895859938945,25.758958599389473,30.0,101325.0,235.87059541241723,29.695353105083484,5.555557214731081,4800.004300584245,15.8247904300155
2260.0,37.666666666666664,238.66666666666666,False,17900.0,84342.28269141147,20000.0,0.0,20.0,-0.10064852263129406,23.405162864315113,23.31205059165381,1.165602234914813,302.8365816282683,101324.91730510116,-0.08269489883969072,452.40417110518297,20.00000505606233,15106.204964495975,298.90970223042774,25.759702230427763,30.0,101325.0,235.94210071077714,29.6865816282683,5.555556960017315,4800.003640365799,15.831457102196717
2265.0,37.75,238.0,False,17850.0,82031.6817558795,20000.0,0.0,20.0,-0.07468380533594647,23.374928692989098,23.31277426404722,1.1656384637636346,302.8272803258532,101324.95446799364,-0.045532006362918764,452.52623174339004,20.00000427986437,15106.674490376705,298.9104442133381,25.760444213338133,30.0,101325.0,236.01309437891564,29.677280325853246,5.555556744406769,4800.003081503006,15.838123773531349
2270.0,37.833333333333336,237.33333333333334,False,17800.0,79784.38094115187,20000.0,0.0,20.0,-0.10141467686233772,23.406053303990614,23.31352843215267,1.165676210455472,302.817359392915,101324.9160413332,-0.08395866680075414,452.6462554874348,20.00000362282698,15107.163687502918,298.91118445389566,25.76118445389568,30.0,101325.0,236.08333704528,29.667359392915046,5.555556561896384,4800.002608435899,15.844790444149362
2275.0,37.916666666666664,236.66666666666666,False,17750.0,77598.64610732057,20000.0,0.0,20.0,-0.11426464346283063,23.42101513310006,23.31432563160309,1.1657161028375922,302.8069289611546,101324.89341707146,-0.10658292853622697,452.7642396891202,20.000003066656827,15107.680692775195,298.9119228622148,25.761922862214817,30.0,101325.0,236.15295466043258,29.65692896115462,5.555556407404675,4800.002207993254,15.851457114160771
2280.0,38.0,236.0,False,17700.0,75472.79062214708,20000.0,0.0,20.0,-0.11841743564896891,23.42585008825269,23.31516331736472,1.1657580145604836,302.79601877269386,101324.88552906885,-0.11447093114838935,452.88020262169806,20.000002595868963,15108.223868703868,298.91265935406255,25.762659354062578,30.0,101325.0,236.22193138361146,29.64601877269388,5.555556276630268,4800.001869025896,15.858123783658701
2285.0,38.083333333333336,235.33333333333331,False,17650.0,73405.17405956502,20000.0,0.0,20.0,-0.10499205311218124,23.410217134287866,23.31604211656175,1.1658019777440103,302.78467329548357,101324.91001362272,-0.08998637727927417,452.99415802633615,20.000002197355634,15108.793631562372,298.9133938510609,25.763393851060925,30.0,101325.0,236.29028109328664,29.634673295483594,5.555556165932121,4800.001582096231,15.86479045272198
2290.0,38.166666666666664,234.66666666666669,False,17600.0,71394.20093383775,20000.0,0.0,20.0,-0.11993690983502836,23.427618504290574,23.316945995136827,1.1658471913318058,302.7728487799356,101324.88257255232,-0.11742744767980184,453.10614319467555,20.00000186002139,15109.379599660204,298.9141262782796,25.764126278279605,30.0,101325.0,236.35786103553045,29.622848779935623,5.555556072228164,4800.001339215524,15.871457121417336
2295.0,38.25,234.0,False,17550.0,69438.3194683948,20000.0,0.0,20.0,-0.13411774967876564,23.444130314790446,23.31788105135111,1.1658939607840626,302.76061526958006,101324.85316268752,-0.14683731248078402,453.21616409677284,20.000001574474112,15109.985731761451,298.9148565655501,25.764856565550133,30.0,101325.0,236.42473633553,29.61061526958008,5.555555992909476,4800.001133621451,15.87812378980125
2300.0,38.333333333333336,233.33333333333331,False,17500.0,67536.02039839608,20000.0,0.0,20.0,-0.13712814047982513,23.447635326676426,23.318849330873906,1.1659423888474185,302.7480200230116,101324.84649692317,-0.1535030768282013,453.32423228129284,20.000001332763567,15110.613359462544,298.9155846481119,25.76558464811194,30.0,101325.0,236.49093396482004,29.5980200230116,5.555555925767658,4800.000959589833,15.884790457921536
2305.0,38.416666666666664,232.66666666666669,False,17450.0,65685.83580610105,20000.0,0.0,20.0,-0.14131834206028415,23.45251415120127,23.31984468542454,1.1659921684999408,302.7350663581816,101324.83697245875,-0.16302754124626517,453.430370908972,20.000001128159997,15111.258503759233,298.91631046419604,25.766310464196067,30.0,101325.0,236.55640383152564,29.58506635818162,5.555555868933332,4800.000812275244,15.891457125818663
2310.0,38.5,232.0,False,17400.0,63886.33798814323,20000.0,0.0,20.0,-0.14012898281670955,23.45112906189034,23.320867751515856,1.166043331899158,302.7217911778508,101324.83970504632,-0.16029495367547497,453.5345933963551,20.000000954966822,15111.92158141309,298.9170339583665,25.76703395836654,30.0,101325.0,236.62115952466368,29.5717911778508,5.555555820824117,4800.000687576146,15.898123793526894
2315.0,38.583333333333336,231.33333333333331,False,17350.0,62136.13835383635,20000.0,0.0,20.0,-0.1297394200924224,23.439031304073183,23.32191802253947,1.1660958539955972,302.7082246714339,101324.86259332958,-0.13740667041565757,453.63691469878023,20.000000808361957,15112.602267782939,298.91775507573516,25.76775507573518,30.0,101325.0,236.68520382482572,29.558224671433948,5.555555780100543,4800.000582020632,15.904790461075224
2320.0,38.666666666666664,230.66666666666669,False,17300.0,60433.88635366209,20000.0,0.0,20.0,-0.12511170995490475,23.433642662675275,23.322988308714983,1.1661493755380692,302.69436034860325,101324.87222089822,-0.12777910177828744,453.7373593494803,20.000000684263625,15113.295906973377,298.9184737681903,25.768473768190347,30.0,101325.0,236.74847665120242,29.544360348603277,5.555555745628785,4800.000492669827,15.911457128488204
2325.0,38.75,230.0,False,17250.0,58778.26843711233,20000.0,0.0,20.0,-0.15533112845481556,23.46882997388607,23.324066213450095,1.1662032768982866,302.6801632964644,101324.80303869823,-0.19696130177180748,453.8359594569279,20.000000579216657,15113.994468601795,298.91918999124783,25.769189991247856,30.0,101325.0,236.81086893529468,29.530163296464423,5.555555716449072,4800.000417036004,15.918123795786611
2330.0,38.833333333333336,229.33333333333331,False,17200.0,57168.00703908201,20000.0,0.0,20.0,-0.15248923669330794,23.46552077697585,23.325175630364548,1.1662587529276094,302.6657868848712,101324.81017985872,-0.18982014128414448,453.93269443727104,20.00000049029631,15114.713437941818,298.9199037025818,25.769903702581814,30.0,101325.0,236.87261253269986,29.515786884871204,5.555555691748975,4800.00035301335,15.924790462988035
2335.0,38.916666666666664,228.66666666666669,False,17150.0,55601.85959403008,20000.0,0.0,20.0,-0.13568568308460957,23.445954663413193,23.326307817326008,1.1663153666636896,302.6512133552443,101324.84970935025,-0.15029064974805806,454.02759082627995,20.000000415026868,15115.447151961416,298.9206148618212,25.77061486182123,30.0,101325.0,236.93363258900325,29.501213355244317,5.555555670840796,4800.000298819351,15.931457130107365
2340.0,39.0,228.0,False,17100.0,54078.617577148245,20000.0,0.0,20.0,-0.15373185859349453,23.466967521724914,23.32744253217972,1.1663721061209216,302.63636320901736,101324.80707359717,-0.19292640282947104,454.12069202362767,20.00000035131266,15116.182495327144,298.92132343525105,25.771323435251077,30.0,101325.0,236.99374613444442,29.486363209017384,5.555555653142406,4800.00025294512,15.9381237971572
2345.0,39.083333333333336,227.33333333333331,False,17050.0,52597.105571797234,20000.0,0.0,20.0,-0.16412874416521558,23.47907357274591,23.32859445071925,1.166429705192334,302.62133825228466,101324.78009596195,-0.21990403805102687,454.21199043430937,20.000000297379746,15116.92897929265,298.9220293907235,25.772029390723503,30.0,101325.0,237.053098233004,29.47133825228468,5.5555556381610405,4800.000214113421,15.944790464148213
2350.0,39.166666666666664,226.66666666666669,False,17000.0,51156.18036249123,20000.0,0.0,20.0,-0.16689707864291983,23.482296962997317,23.329762856543276,1.1664881281453638,302.6061592782802,101324.77261522564,-0.22738477436359972,454.301500766925,20.000000251726522,15117.686140763915,298.9227326971706,25.772732697170625,30.0,101325.0,237.11168926409584,29.45615927828021,5.55555562547959,4800.000181243097,15.951457131089434
2355.0,39.25,226.0,False,16950.0,49754.73005273039,20000.0,0.0,20.0,-0.16269368948701052,23.477402499646924,23.330946372811646,1.1665473062120766,302.59084206931027,101324.78392459919,-0.2160754008073127,454.3892386152144,20.000000213081897,15118.453088508513,298.92343332945785,25.773433329457873,30.0,101325.0,237.16951334453827,29.440842069310293,5.555555614744971,4800.000153418969,15.958123797988504
2360.0,39.333333333333336,225.33333333333331,False,16900.0,48391.67320700091,20000.0,0.0,20.0,-0.16278944505396478,23.47751395915754,23.33213879332515,1.1666069291452166,302.57537650037557,101324.78367017616,-0.21632982384471688,454.47522663003065,20.000000180369938,15119.225801722007,298.9241312635609,25.774131263560946,30.0,101325.0,237.22651915775535,29.42537650037559,5.555555605658316,4800.000129866356,15.964790464851898
2365.0,39.416666666666664,224.66666666666669,False,16850.0,47065.958016280325,20000.0,0.0,20.0,-0.16685797515741574,23.482251315643285,23.333339088378526,1.1666669455125995,302.559778547456,101324.7727217643,-0.22727823570312466,454.5594797844493,20.000000152679853,15120.00361384329,298.92482647777655,25.77482647777657,30.0,101325.0,237.28270397054393,29.40977854745603,5.5555555979666265,4800.000109929495,15.971457131685089
2370.0,39.5,224.0,False,16800.0,45776.56148640433,20000.0,0.0,20.0,-0.1725196792932555,23.488843765897354,23.33454712420708,1.1667273486709209,302.5440677564919,101324.75703641026,-0.24296358974243049,454.642011635086,20.000000129240703,15120.786438775134,298.92551895395053,25.775518953950552,30.0,101325.0,237.33807341324263,29.39406775649195,5.555555591455751,4800.000093053307,15.978123798492716
2375.0,39.583333333333336,223.33333333333331,False,16750.0,44522.48864866866,20000.0,0.0,20.0,-0.17850477818350424,23.495812780579367,23.335762365441493,1.1667881118897498,302.52826086056626,101324.73988607482,-0.26011392517830245,454.7228362375924,20.000000109399895,15121.573930091157,298.9262086753392,25.776208675339205,30.0,101325.0,237.39262928850786,29.378260860566286,5.555555585944416,4800.0000787679255,15.984790465278705
2380.0,39.666666666666664,222.66666666666669,False,16700.0,43302.771792056934,20000.0,0.0,20.0,-0.17535927707001128,23.49215014549887,23.336988337278527,1.1668494114611212,302.51239488999533,101324.74897244037,-0.25102755962871015,454.8019614995976,20.00000009260501,15122.368372536132,298.9268956277142,25.776895627714225,30.0,101325.0,237.44641149893357,29.362394889995358,5.555555581279169,4800.000066675608,15.991457132046374
2385.0,39.75,222.0,False,16650.0,42116.46971650209,20000.0,0.0,20.0,-0.17659081668118495,23.493584131330202,23.338217684129305,1.1669108796328487,302.49644919049814,101324.74543415073,-0.2545658492745133,454.879411445404,20.000000078388446,15123.16500004172,298.92757979940006,25.777579799400087,30.0,101325.0,237.49935765714412,29.346449190498163,5.555555577330124,4800.000056439682,15.998123798798538
2390.0,39.833333333333336,221.33333333333331,False,16600.0,40962.66700660504,20000.0,0.0,20.0,-0.1825782232001043,23.500555842100816,23.339449242729437,1.166972458264785,302.4804346958387,101324.72787912174,-0.27212087826046627,454.95520082142843,20.000000066354385,15123.963059111613,298.92826118040944,25.77826118040946,30.0,101325.0,237.55146350703566,29.330434695838733,5.555555573987329,4800.000047775156,16.004790465537578
2395.0,39.916666666666664,220.66666666666669,False,16550.0,39840.47332525019,20000.0,0.0,20.0,-0.17833157676720382,23.49561104319568,23.340689357770277,1.1670344646110273,302.46440079048386,101324.74039060186,-0.2596093981410377,455.0293330213,20.000000056167774,15124.766661358915,298.92893976261826,25.77893976261828,30.0,101325.0,237.6027952860999,29.314400790483887,5.555555571157715,4800.000040440797,16.011457132265505
2400.0,40.0,220.0,False,16500.0,38749.02272657279,20000.0,0.0,20.0,-0.18488274655174786,23.503239202814527,23.34192700031431,1.1670963472412361,302.44830532290393,101324.72096628594,-0.2790337140613701,455.1018374632987,20.000000047544994,15125.56866024642,298.9296155403317,25.779615540331747,30.0,101325.0,237.65325597459818,29.298305322903957,5.5555555687624985,4800.0000342323965,16.018123798984025
2405.0,40.083333333333336,219.0,False,16425.0,37687.472987747824,20000.0,0.0,20.0,-0.1843099589038514,23.502572241465828,23.343170385909072,1.1671585169467826,302.43220030550066,101324.72269256366,-0.2773074363358319,455.1724542701127,20.000000040245965,15126.374379630304,298.93028850873816,25.78028850873818,30.0,101325.0,237.70279337221493,29.28220030550068,5.5555555667349905,4800.000028977096,16.02479046569459
2410.0,40.166666666666664,218.0,False,16350.0,36655.004959084974,20000.0,0.0,20.0,-0.18246411223443365,23.500422933914223,23.344416197735452,1.1672208078985595,302.41607693245913,101324.72821916528,-0.27178083472244907,455.2409433789953,20.000000034067472,15127.181670365331,298.9309586642819,25.78095866428191,30.0,101325.0,237.7512481972353,29.266076932459157,5.555555565018742,4800.00002452858,16.031457132398415
2415.0,40.25,217.0,False,16275.0,35650.821931928,20000.0,0.0,20.0,-0.18983830977590285,23.50900942944122,23.345658474650058,1.1672829220494272,302.3999177020196,101324.7058074787,-0.2941925212944625,455.3073305074357,20.000000028837494,15127.986669760578,298.9316260049268,25.781626004926807,30.0,101325.0,237.79857299658767,29.249917702019616,5.555555563565971,4800.000020762996,16.03812379909653
2420.0,40.333333333333336,216.0,False,16200.0,34674.14902387088,20000.0,0.0,20.0,-0.1882759274691004,23.5071901892946,23.34690555664084,1.1673452764072731,302.3837792442945,101324.71063000111,-0.2893699988926528,455.37161952604083,20.00000002441041,15128.79478223826,298.93229052969787,25.78229052969789,30.0,101325.0,237.84485456564954,29.23377924429451,5.555555562336226,4800.000017575497,16.044790465789823
2425.0,40.416666666666664,215.0,False,16125.0,33724.23258081628,20000.0,0.0,20.0,-0.18459748429335826,23.502907012681067,23.348153337536484,1.167407665670719,302.36765249116297,101324.72182668402,-0.2781733159790747,455.4338329784495,20.000000020662963,15129.60334709252,298.93295223959035,25.782952239590372,30.0,101325.0,237.89006268936257,29.217652491162994,5.555555561295268,4800.000014877334,16.051457132479026
2430.0,40.5,214.0,False,16050.0,32800.33959541494,20000.0,0.0,20.0,-0.18911247347679844,23.508164253820564,23.34939602297013,1.167469800127506,302.3515189398039,101324.70805283572,-0.29194716428173706,455.4939958915612,20.000000017490827,15130.408609652475,298.93361113710574,25.783611137105765,30.0,101325.0,237.93415122570144,29.20151893980392,5.555555560414119,4800.000012593395,16.05812379916477
2435.0,40.583333333333336,213.0,False,15975.0,31901.7571414372,20000.0,0.0,20.0,-0.19348063823139772,23.51325053344091,23.35063711518987,1.1675318548951892,302.3354081327033,101324.69441014391,-0.30558985608513467,455.552119068474,20.000000014805664,15131.21283944165,298.9342672257578,25.784267225757844,30.0,101325.0,237.97716132061046,29.185408132703344,5.55555555966824,4800.000010660078,16.064790465847587
2440.0,40.666666666666664,212.0,False,15900.0,31027.79182364027,20000.0,0.0,20.0,-0.19424457704412063,23.514140059697436,23.35187784746107,1.1675938916413968,302.3193371952408,101324.69199219828,-0.3080078017228516,455.60821661236315,20.000000012532723,15132.016835672503,298.93492051044035,25.784920510440372,30.0,101325.0,238.01911273697414,29.169337195240814,5.5555555590368675,4800.000009023561,16.07145713252792
2445.0,40.75,211.0,False,15825.0,30177.76924270655,20000.0,0.0,20.0,-0.1926204635386419,23.512248942774864,23.353117057750026,1.1676558522681344,302.30331018924176,101324.69712128185,-0.3028787181538064,455.6623061487501,20.000000010608723,15132.819845395023,298.9355709973738,25.78557099737384,30.0,101325.0,238.06000266824563,29.15331018924178,5.555555558502423,4800.00000763828,16.07812379920616
2450.0,40.833333333333336,210.0,False,15750.0,29351.033474840428,20000.0,0.0,20.0,-0.19056680714579083,23.509857667273682,23.354353189646062,1.1677176589579927,302.2873285968089,101324.70354524093,-0.2964547590672737,455.7144057933796,20.000000008980088,15133.620860095585,298.9362186939676,25.786218693967612,30.0,101325.0,238.09982453981863,29.137328596808914,5.555555558050024,4800.000006465662,16.08479046588262
2455.0,40.916666666666664,209.0,False,15675.0,28546.94656562161,20000.0,0.0,20.0,-0.18960977660023587,23.50874330111819,23.35558496064035,1.1677792475881748,302.2713948358221,101324.7065153683,-0.29348463169299066,455.7645331329196,20.000000007601482,15134.419048742744,298.93686360873187,25.786863608731892,30.0,101325.0,238.13857428873965,29.121394835822116,5.555555557667079,4800.000005473067,16.091457132557576
2460.0,41.0,208.0,False,15600.0,27764.888037724744,20000.0,0.0,20.0,-0.19048152703305066,23.509758364308258,23.356811529206347,1.167840576084593,302.25551315344507,101324.70381051314,-0.2961894868640229,455.8127049657101,20.000000006434515,15135.213866056323,298.93750575121237,25.787505751212393,30.0,101325.0,238.17625193410214,29.105513153445088,5.55555555734292,4800.0000046328505,16.09812379923126
2465.0,41.083333333333336,207.0,False,15525.0,27004.254412125236,20000.0,0.0,20.0,-0.19251321146828243,23.512124052657104,23.358032776361814,1.1679016385000305,302.2396911186274,101324.69745847682,-0.302541523182299,455.85893686521615,20.000000005446694,15136.005234960396,298.9381451319223,25.788145131922306,30.0,101325.0,238.21286422311576,29.0896911186274,5.5555555570685256,4800.000003921619,16.104790465903868
2470.0,41.166666666666664,206.0,False,15450.0,26264.458742421903,20000.0,0.0,20.0,-0.19439831167915317,23.514319058789994,23.359248938438686,1.1679624466526883,302.22393771883503,101324.69150446054,-0.3084955394588178,455.9032437381608,20.000000004610524,15136.79330861884,298.9387817623023,25.788781762302335,30.0,101325.0,238.24842118105232,29.073937718835055,5.555555556836256,4800.000003319577,16.111457132575563
2475.0,41.25,205.0,False,15375.0,25544.93016191716,20000.0,0.0,20.0,-0.19592136524652726,23.516092498648042,23.360459726493346,1.1680229860967437,302.20825876779446,101324.68665158073,-0.3133484192658216,455.9456411772957,20.000000003902723,15137.5778998138,298.93941565470533,25.78941565470535,30.0,101325.0,238.28292783760736,29.058258767794484,5.5555555566396455,4800.00000280996,16.118123799246487
2480.0,41.333333333333336,204.0,False,15300.0,24845.113443105078,20000.0,0.0,20.0,-0.19707711498955774,23.517438250756907,23.36166476578944,1.168083238096529,302.1926592211787,101324.6829437612,-0.3170562387967948,455.9861447899085,20.000000003303583,15138.358765731015,298.9400468223294,25.79004682232943,30.0,101325.0,238.31638835679377,29.042659221178724,5.555555556473218,4800.00000237858,16.124790465916757
2485.0,41.416666666666664,203.0,False,15225.0,24164.46856922757,20000.0,0.0,20.0,-0.1979281994160433,23.518429251256716,23.362863666128234,1.1681431831430806,302.17714356024294,101324.68019941123,-0.31980058876797557,456.0247700907569,20.000000002796423,15139.135653534324,298.9406752791666,25.790675279166635,30.0,101325.0,238.34880669823687,29.027143560242962,5.555555556332339,4800.000002013424,16.131457132586476
2490.0,41.5,202.0,False,15150.0,23502.47031756802,20000.0,0.0,20.0,-0.1985464710767767,23.519149165104757,23.364056051707806,1.1682028024471265,302.16171596320476,101324.67819835774,-0.32180164226156194,456.0615324567326,20.00000000236712,15139.90831971476,298.9413010399562,25.791301039956238,30.0,101325.0,238.38018689819333,29.01171596320478,5.555555556213089,4800.000001704326,16.138123799255723
2495.0,41.583333333333336,201.0,False,15075.0,22858.607854160746,20000.0,0.0,20.0,-0.19899207063340107,23.51966801995935,23.36524157189011,1.1682620784774616,302.14638037622564,101324.67675229245,-0.32324770755076315,456.09644711074577,20.000000002003727,15140.676537067902,298.9419241201397,25.791924120139697,30.0,101325.0,238.41053317117436,28.99638037622566,5.555555556112146,4800.000001442682,16.144790465924576
2500.0,41.666666666666664,200.0,False,15000.0,22232.384339603657,20000.0,0.0,20.0,-0.19930932482482583,23.520037429779325,23.366419903056187,1.168320995053729,302.13114053725656,101324.6757207595,-0.32427924050716683,456.1295291193173,20.000000001696115,15141.440095896329,298.94254453581823,25.79254453581825,30.0,101325.0,238.43984992782865,28.98114053725658,5.5555555560266985,4800.000001221203,16.15145713259309
2505.0,41.75,199.0,False,14925.0,21623.316545669913,20000.0,0.0,20.0,-0.19952869793049832,23.520292867103887,23.367590747102415,1.1683795372712469,302.11599998182083,101324.67500652002,-0.3249934799823677,456.16079339538265,20.00000000143573,15142.19880303536,298.9431623037117,25.79316230371171,30.0,101325.0,238.46814176125915,28.965999981820858,5.555555555954369,4800.000001033726,16.158123799261325
2510.0,41.833333333333336,198.0,False,14850.0,21030.934482422574,20000.0,0.0,20.0,-0.19967061840089398,23.52045811877352,23.368753828831906,1.168437691370594,302.1009620425482,101324.67454403386,-0.32545596614363603,456.19025470284447,20.00000000121532,15142.9524801629,298.94377744111966,25.793777441119687,30.0,101325.0,238.49541342295524,28.950962042548213,5.555555555893144,4800.00000087503,16.164790465929315
2515.0,41.916666666666664,197.0,False,14775.0,20454.781035544784,20000.0,0.0,20.0,-0.19974924428059734,23.52054967038132,23.36990889332559,1.1684954446061753,302.0860298481493,101324.67428766865,-0.3257123313524062,456.2179276612017,20.000000001028745,15143.700962096033,298.944389965884,25.794389965884022,30.0,101325.0,238.5216697985306,28.936029848149303,5.555555555841318,4800.000000740696,16.171457132597105
2520.0,42.0,196.0,False,14700.0,19894.411613605433,20000.0,0.0,20.0,-0.1997754536478477,23.5205801883349,23.371055703710873,1.1685527851346638,302.0712063240361,101324.67420218873,-0.32579781126696616,456.2438267496004,20.00000000087082,15144.444095345241,298.9449998963524,25.794999896352408,30.0,101325.0,238.5469158871923,28.92120632403612,5.55555555579745,4800.000000626991,16.17812379926472
2525.0,42.083333333333336,195.0,False,14625.0,19349.39380498812,20000.0,0.0,20.0,-0.199758946564778,23.520560967363046,23.37219403940972,1.168609701927415,302.0564941950317,101324.67425602667,-0.32574397332791705,456.26796631017146,20.00000000073713,15145.1817369793,298.9456072513439,25.795607251343938,30.0,101325.0,238.57115678571168,28.906494195031712,5.555555555760314,4800.000000530734,16.184790465932192
2530.0,42.166666666666664,194.0,False,14550.0,18819.30704421878,20000.0,0.0,20.0,-0.1997094749518897,23.52050336257916,23.373323694868002,1.1686661847069395,302.0418959901913,101324.67441735195,-0.3255826480453834,456.29036055064824,20.00000000062397,15145.913753801935,298.9462120501153,25.796212050115344,30.0,101325.0,238.59439767691254,28.8918959901913,5.555555555728881,4800.0000004492595,16.19145713259954
2535.0,42.25,193.0,False,14475.0,18303.74228743442,20000.0,0.0,20.0,-0.19963731931701104,23.52041934458336,23.374444478706007,1.1687222239044357,302.0274140494382,101324.67465257744,-0.32534742256393656,456.3110235463487,20.00000000052818,15146.640021801486,298.9468143123298,25.796814312329843,30.0,101325.0,238.61664382211498,28.877414049438244,5.555555555702272,4800.000000380289,16.19812379926678
2540.0,42.333333333333336,192.0,False,14400.0,17802.30169674255,20000.0,0.0,20.0,-0.1995531573665619,23.520321346473633,23.37555621321318,1.1687778106345312,302.01305053161997,101324.6749268358,-0.3250731642037863,456.3299692416391,20.000000000447095,15147.360425823525,298.94741405802563,25.79741405802565,30.0,101325.0,238.63790055680852,28.86305053161999,5.5555555556797485,4800.0000003219075,16.204790465933936
2545.0,42.416666666666664,191.0,False,14325.0,17314.59833322777,20000.0,0.0,20.0,-0.19946744146103415,23.520221538956054,23.376658734122433,1.168832936684004,301.9988074236633,101324.67520603916,-0.32479396084090695,456.3472114509755,20.000000000378456,15148.074859424692,298.94801130758697,25.79801130758699,30.0,101325.0,238.6581732889497,28.848807423663345,5.555555555660682,4800.000000272488,16.211457132601012
2550.0,42.5,190.0,False,14250.0,16840.255858368593,20000.0,0.0,20.0,-0.19938937322689362,23.520130636384785,23.37775189061553,1.1688875945120536,301.98468655058184,101324.6754602273,-0.32453977270051837,456.3627638595968,20.000000000320355,15148.783224876213,298.9486060817157,25.798606081715718,30.0,101325.0,238.67746749942705,28.834686550581864,5.555555555644544,4800.000000230656,16.21812379926803
2555.0,42.583333333333336,189.0,False,14175.0,16378.908243634109,20000.0,0.0,20.0,-0.19932550092471876,23.520056263540134,23.378835545544614,1.1689417772613813,301.9706895862742,101324.67566811985,-0.32433188015420455,456.3766400238905,20.000000000271175,15149.485433307502,298.94919840140426,25.799198401404283,30.0,101325.0,238.69578874455385,28.820689586274227,5.555555555630882,4800.000000195247,16.224790465934994
2560.0,42.666666666666664,188.0,False,14100.0,15930.199488036404,20000.0,0.0,20.0,-0.19927789794833706,23.52000083467634,23.379909575893016,1.1689954787812342,301.9568180652424,101324.67582301542,-0.3241769845772069,456.3888533713958,20.00000000022954,15150.181405004794,298.94978828790966,25.799788287909678,30.0,101325.0,238.71314266080608,28.806818065242396,5.555555555619317,4800.000000165269,16.23145713260191
2565.0,42.75,187.0,False,14025.0,15493.78334342076,20000.0,0.0,20.0,-0.19924184399692216,23.519958853482727,23.380973873518933,1.1690486936645892,301.94307339547066,101324.67594030694,-0.32405969305546023,456.39941720037336,20.0000000001943,15150.871069893075,298.95037576272887,25.80037576272889,30.0,101325.0,238.72953497221485,28.793073395470685,5.555555555609528,4800.000000139897,16.238123799268788
2570.0,42.833333333333336,186.0,False,13950.0,15069.32304728174,20000.0,0.0,20.0,-0.19920295586846443,23.51991357218505,23.382028346211072,1.1691014173009393,301.92945687262943,101324.67606679488,-0.32393320511619095,456.40834467889823,20.000000000164473,15151.554368220173,298.95096084757455,25.800960847574572,30.0,101325.0,238.744971500687,28.779456872629453,5.555555555601242,4800.00000011842,16.244790465935633
2575.0,42.916666666666664,185.0,False,13875.0,14656.491062898795,20000.0,0.0,20.0,-0.19913386121730836,23.519833118475027,23.383072919002363,1.1691536459419793,301.9159696953311,101324.67629147197,-0.32370852802705485,456.41564884355864,20.000000000139224,15152.231251408053,298.95154356435273,25.801543564352755,30.0,101325.0,238.75945817874737,28.765969695331137,5.555555555594229,4800.000000100241,16.251457132602454
2580.0,43.0,184.0,False,13800.0,14254.968826591117,20000.0,0.0,20.0,-0.19899084268514064,23.51966658794282,23.384107535495303,1.1692053767678754,301.90261298015577,101324.67675628186,-0.3232437181432033,456.4213425981467,20.000000000117854,15152.901682911664,298.9521239351408,25.8021239351408,30.0,101325.0,238.7730010623872,28.75261298015579,5.555555555588293,4800.000000084855,16.258123799269246
2585.0,43.083333333333336,183.0,False,13725.0,13864.446501896495,20000.0,0.0,20.0,-0.1987114602726466,23.51934127557108,23.38513215861718,1.1692566079250264,301.88938777340775,101324.67766331066,-0.3223366893362254,456.4254387132479,20.000000000099764,15153.565638708342,298.9527019821661,25.802701982166127,30.0,101325.0,238.78560633855295,28.73938777340777,5.555555555583268,4800.000000071829,16.264790465936024
2590.0,43.166666666666664,182.0,False,13650.0,13484.622740484627,20000.0,0.0,20.0,-0.1982150986761606,23.51876331305268,23.386146769691706,1.169307338479648,301.87629505377043,101324.67927162985,-0.32072837014857214,456.42794982846567,20.000000000084448,15154.223106696238,298.95327772778694,25.803277727786963,30.0,101325.0,238.7972803168121,28.726295053770457,5.555555555579014,4800.000000060802,16.271457132602784
2595.0,43.25,181.0,False,13575.0,13115.204449620274,20000.0,0.0,20.0,-0.19740982154266074,23.517825649872215,23.387151363948036,1.1693575681932225,301.86333571601256,101324.68187234578,-0.3181276542163687,456.4288884602086,20.00000000007148,15154.874083784163,298.95385119447354,25.803851194473566,30.0,101325.0,238.80802938754186,28.71333571601258,5.5555555555754115,4800.000000051466,16.27812379926953
2600.0,43.333333333333336,180.0,False,13500.0,12755.906565996933,20000.0,0.0,20.0,-0.19621113454998057,23.51642990100096,23.38814593953679,1.1694072969733018,301.8505105203813,101324.68572400554,-0.3142759944603313,456.4282670196002,20.000000000060506,15155.518568773992,298.95442240478974,25.80442240478976,30.0,101325.0,238.8178599191058,28.70051052038133,5.555555555572363,4800.000000043564,16.28479046593626
2605.0,43.416666666666664,179.0,False,13425.0,12406.451835766444,20000.0,0.0,20.0,-0.19458170300514832,23.51453259399295,23.389130475747425,1.1694565237843766,301.8378199850966,101324.69092212943,-0.3090778705663979,456.426097847204,20.000000000051216,15156.15654824552,298.954991381377,25.80499138137702,30.0,101325.0,238.8267780535626,28.68781998509661,5.555555555569782,4800.0000000368755,16.291457132602982
2610.0,43.5,178.0,False,13350.0,12066.57060059478,20000.0,0.0,20.0,-0.19260624650976532,23.512232376191136,23.39010489437306,1.1695052447161178,301.82526419018444,101324.69716599025,-0.3028340097516775,456.4223932739574,20.000000000043354,15156.787971520887,298.95555814693915,25.805558146939177,30.0,101325.0,238.83478934402297,28.675264190184464,5.555555555567598,4800.000000031214,16.2981237992697
2615.0,43.583333333333336,177.0,False,13275.0,11736.000589578987,20000.0,0.0,20.0,-0.19062227398740475,23.509922242345084,23.391068996015907,1.1695534497986493,301.8128424495833,101324.70337264212,-0.29662735787860584,456.4171657210294,20.0000000000367,15157.412709390495,298.9561227242298,25.806122724229795,30.0,101325.0,238.84189815654366,28.66284244958331,5.55555555556575,4800.000000026424,16.304790465936403
2620.0,43.666666666666664,176.0,False,13200.0,11414.486716864629,20000.0,0.0,20.0,-0.18942976066964004,23.508533682095397,23.392022360528273,1.169601118024597,301.80055279481024,101324.70707237365,-0.2929276263457723,456.4104278553063,20.00000000003106,15158.03048959878,298.95668513603994,25.80668513603996,30.0,101325.0,238.84810673503227,28.650552794810267,5.555555555564183,4800.0000000223645,16.311457132603103
2625.0,43.75,175.0,False,13125.0,11101.780884807627,20000.0,0.0,20.0,-0.19037278516475484,23.509631738021547,23.39296430399876,1.1696482151984002,301.7883917548345,101324.70414859321,-0.29585140678682365,456.40219265651916,20.000000000026294,15158.640868971266,298.9572454051865,25.807245405186507,30.0,101325.0,238.8534147974538,28.638391754834515,5.55555555556286,4800.000000018932,16.3181237992698
2630.0,43.833333333333336,174.0,False,13050.0,10797.64179252859,20000.0,0.0,20.0,-0.1925870308598515,23.512210001500293,23.39389525531786,1.1696947627645913,301.7763615821057,101324.69722641261,-0.3027735873911297,456.39247127568115,20.000000000022258,15159.244125429104,298.9578035544425,25.8078035544425,30.0,101325.0,238.85783247054883,28.626361582105744,5.555555555561738,4800.000000016026,16.32479046593649
2635.0,43.916666666666664,173.0,False,12975.0,10501.834749711903,20000.0,0.0,20.0,-0.1946097954028033,23.514565304689743,23.394815961497372,1.1697407980737669,301.76446609092125,101324.69083287782,-0.309167122177314,456.38127427423973,20.000000000018836,15159.840743036018,298.95835960655575,25.80835960655577,30.0,101325.0,238.86137282329537,28.61446609092127,5.555555555560788,4800.000000013562,16.331457132603177
2640.0,44.0,172.0,False,12900.0,10214.131495505842,20000.0,0.0,20.0,-0.19527598145736133,23.515341010463494,23.39572704678439,1.169786352338287,301.7527083500368,101324.68871258013,-0.3112874198704958,456.3686123114201,20.000000000015945,15160.431126304198,298.9589135842551,25.808913584255095,30.0,101325.0,238.86404772465949,28.602708350036835,5.555555555559985,4800.00000001148,16.338123799269862
2645.0,44.083333333333336,171.0,False,12825.0,9934.310022384087,20000.0,0.0,20.0,-0.19377356844031496,23.51359160359605,23.396628955999695,1.1698314477991951,301.74109039018,101324.6934841157,-0.3065158842946403,456.3544962330755,20.0000000000135,15161.015563477567,298.9594655102409,25.809465510240898,30.0,101325.0,238.86586731155396,28.59109039018,5.555555555559306,4800.000000009722,16.344790465936544
2650.0,44.166666666666664,170.0,False,12750.0,9662.154404832574,20000.0,0.0,20.0,-0.19023966433143547,23.509476732358664,23.397521613214114,1.1698760806600372,301.72961141780934,101324.70456220502,-0.2954377949790796,456.3389376022776,20.00000000001143,15161.594005354082,298.9600154071872,25.810015407187223,30.0,101325.0,238.86683678208135,28.57961141780936,5.55555555555873,4800.000000008228,16.351457132603223
2655.0,44.25,169.0,False,12675.0,9397.454632729605,20000.0,0.0,20.0,-0.18683119727437608,23.505507919786627,23.39840391204132,1.1699201956015004,301.7182651446989,101324.71505390796,-0.28494609204062726,456.3219494895114,20.00000000000967,15162.165734995444,298.9605632977507,25.81056329775072,30.0,101325.0,238.86695160662418,28.5682651446989,5.555555555558241,4800.000000006963,16.358123799269897
2660.0,44.333333333333336,168.0,False,12600.0,9140.006449290584,20000.0,0.0,20.0,-0.18845912038782564,23.507403470367453,23.39927343766132,1.1699636718825872,301.70703833250644,101324.71006661178,-0.2899333882232895,456.30354690028344,20.000000000008185,15162.72918759833,298.9611092045712,25.81110920457121,30.0,101325.0,238.86619491629858,28.557038332506465,5.555555555557829,4800.000000005894,16.364790465936572
2665.0,44.416666666666664,167.0,False,12525.0,8889.611193452321,20000.0,0.0,20.0,-0.19216971087227883,23.511724074881233,23.40013169095561,1.170006584547375,301.69593820839043,101324.698537161,-0.30146283899375703,456.2837386688489,20.00000000000693,15163.28533573398,298.9616531500563,25.811653150056316,30.0,101325.0,238.86458658981235,28.545938208390453,5.555555555557481,4800.000000004991,16.37145713260325
2670.0,44.5,166.0,False,12450.0,8646.075646575333,20000.0,20.0,20.0,-0.19011717892687988,46.79729613896289,46.80196327254049,1.1700490818133407,301.6849994039409,101324.70494251655,-0.29505748345400207,456.2621814944986,20.000000000005866,15163.836100300896,298.9621951563659,25.81219515636593,30.0,101325.0,238.8619770948696,28.5349994039409,5.555555555557185,4800.000000004224,16.378123799269922
2675.0,44.583333333333336,165.0,False,12375.0,8409.211883345795,20000.0,20.0,20.0,-0.17979618290711788,46.78527839079166,46.80192980899933,1.1700482452248382,301.6853079046726,101324.73610883765,-0.2638911623507738,455.96391645475154,20.000000000004963,15163.825258113902,298.96273617497525,25.81273617497527,30.0,101325.0,238.70565896748852,28.535307904672607,5.555555555556935,4800.000000003574,16.384790465936593
2680.0,44.666666666666664,164.0,False,12300.0,8178.83712676212,20000.0,20.0,20.0,-0.1948725348351826,46.80283326635215,46.80188301469819,1.1700470753673318,301.68547224862976,101324.68999751157,-0.3100024884333834,455.668108761232,20.000000000004203,15163.810096760619,298.963277134661,25.813277134661007,30.0,101325.0,238.55055958202897,28.535472248629787,5.555555555556723,4800.000000003027,16.391457132603264
2685.0,44.75,163.0,False,12225.0,7954.773607094249,20000.0,20.0,20.0,-0.1945785085783329,46.80249090273615,46.801866553535405,1.170046663838281,301.68558114069106,101324.69093227755,-0.30906772245361935,455.37525846650055,20.00000000000356,15163.80476334412,298.9638180182463,25.81381801824631,30.0,101325.0,238.39716326638106,28.53558114069108,5.555555555556545,4800.000000002563,16.398123799269936
2690.0,44.833333333333336,162.0,False,12150.0,7736.848424706833,20000.0,20.0,20.0,-0.19479898367558207,46.80274762352016,46.80186371132236,1.1700465927829709,301.6855973750658,101324.69023147722,-0.30976852278399747,455.0853330243428,20.000000000003016,15163.803842467301,298.9643588102121,25.814358810212127,30.0,101325.0,238.24536759853342,28.535597375065834,5.555555555556393,4800.000000002171,16.404790465936607
2695.0,44.916666666666664,161.0,False,12075.0,7524.893416640433,20000.0,20.0,20.0,-0.19265992328032752,46.800256905656575,46.8018767836639,1.1700469195915226,301.68553325483475,101324.6969971752,-0.3030028248031158,454.79828603195483,20.000000000002554,15163.808077906133,298.9648994959842,25.814899495984207,30.0,101325.0,238.09515983142597,28.535533254834775,5.555555555556265,4800.000000001839,16.411457132603275
2700.0,45.0,160.0,True,12000.0,257318.7450268478,20000.0,20.0,20.0,-0.1830501443707674,46.78906729733877,46.801890543588534,1.1700472635896502,301.68553231265383,101324.72647056854,-0.27352943146252073,454.51408290949115,20.000000000002164,15163.812536121866,298.96544006155324,25.81544006155326,30.0,101325.0,237.94644429407964,28.535532312653856,5.555555555556157,4800.000000001557,16.418123799269946
2705.0,45.083333333333336,159.0,True,11925.0,257118.2441799852,20000.0,20.0,20.0,0.4991748763769331,46.575924056768564,47.37407904934424,1.1697541787937826,301.7679928128049,101327.03408618127,2.034086181272869,454.2351583364077,20.000000000001833,15160.014157167423,298.96598757655715,25.815987576557177,30.0,101325.0,237.74085561512186,28.617992812804914,5.555555555556065,4800.00000000132,16.424790465936614
2710.0,45.166666666666664,158.0,True,11850.0,256923.236158661,20000.0,20.0,20.0,0.4898139784028,46.57592405676823,47.35084031598965,1.1694506756994414,301.84608438439966,101326.9585121097,1.9585121097043157,453.95890814768273,20.00000000000155,15156.08075706476,298.96654823152875,25.81654823152877,30.0,101325.0,237.53462335061462,28.696084384399683,5.555555555555985,4800.000000001116,16.43145713260328
2715.0,45.25,157.0,True,11775.0,256733.57048404746,20000.0,20.0,20.0,0.47977019166183055,46.57592405676796,47.32716718123129,1.1691560242844061,301.92191894514605,101326.87901581067,1.8790158106712624,453.68525007967486,20.000000000001315,15152.262074725902,298.96712160693596,25.817121606935984,30.0,101325.0,237.3316189304681,28.77191894514607,5.55555555555592,4800.000000000946,16.43812379926995
2720.0,45.333333333333336,156.0,True,11700.0,256549.10079976308,20000.0,20.0,20.0,0.47163551185923824,46.57592405676772,47.30608595344788,1.168870132258052,301.99557723328013,101326.81583719222,1.8158371922181686,453.4141479213945,20.000000000001112,15148.556914064353,298.9677073302036,25.817707330203632,30.0,101325.0,237.13180041668065,28.845577233280153,5.5555555555558644,4800.0000000008,16.44479046593662
2725.0,45.416666666666664,155.0,True,11625.0,256369.68475893582,20000.0,20.0,20.0,0.4639214726170798,46.57592405676752,47.28584118745824,1.168592649119701,302.06711066478215,101326.7569235327,1.7569235326955095,453.14556588509856,20.00000000000094,15144.960732591326,298.9683050399466,25.81830503994661,30.0,101325.0,236.93507386372934,28.91711066478217,5.555555555555817,4800.0000000006785,16.451457132603284
2730.0,45.5,154.0,True,11550.0,256195.18391436074,20000.0,0.0,20.0,0.454069908681184,23.287962028384143,23.89696430205142,1.168323194784235,302.136557291591,101326.683097812,1.6830978119978681,452.8796506432351,20.0000000000008,15141.468604403686,298.9689143850251,25.818914385025096,30.0,101325.0,236.74143495601115,28.986557291590998,5.555555555555778,4800.000000000577,16.458123799269952
2735.0,45.583333333333336,153.0,True,11475.0,256025.46361166643,20000.0,0.0,20.0,0.4473230027177475,23.287962028383998,23.88431745200161,1.1680901919936535,302.19667740015734,101326.63345198988,1.6334519898809958,452.863188113684,20.000000000000675,15138.448888237748,298.96953441158564,25.819534411585664,30.0,101325.0,236.68561676161056,29.046677400157364,5.555555555555743,4800.000000000487,16.46479046593662
2740.0,45.666666666666664,152.0,True,11400.0,255860.39288540842,20000.0,0.0,20.0,0.441494752932813,23.287962028383877,23.872861231599828,1.1678627967347663,302.255392151069,101326.59116421932,1.5911642193241278,452.8489976336477,20.00000000000057,15135.501845682571,298.97016421251544,25.820164212515465,30.0,101325.0,236.6321254298115,29.105392151068997,5.5555555555557135,4800.000000000408,16.471457132603287
2745.0,45.75,151.0,True,11325.0,255699.84435800902,20000.0,0.0,20.0,0.4323106305515803,23.28796202838377,23.857587265703682,1.1676401997349173,302.31281816367897,101326.52565290847,1.5256529084726935,452.8333546122207,20.00000000000048,15132.616988564527,298.97080357325217,25.820803573252192,30.0,101325.0,236.57885030980472,29.162818163678992,5.5555555555556895,4800.000000000345,16.47812379926995
2750.0,45.833333333333336,150.0,True,11250.0,255543.69414146594,20000.0,0.0,20.0,0.42557436201871285,23.287962028383685,23.845277800788896,1.1674226329286799,302.36901793924886,101326.47847785802,1.478477858021506,452.8162696973079,20.000000000000405,15129.797322755692,298.97145228235405,25.821452282354073,30.0,101325.0,236.52584428785403,29.219017939248886,5.555555555555668,4800.000000000293,16.48479046593662
2755.0,45.916666666666664,149.0,True,11175.0,255391.82174175343,20000.0,0.0,20.0,0.42022830386129073,23.28796202838361,23.834693094422477,1.1672099224235972,302.4240110255256,101326.44156593768,1.4415659376827534,452.79775347976334,20.00000000000034,15127.04059460982,298.9721101337,25.82211013370005,30.0,101325.0,236.47307797068586,29.274011025525624,5.5555555555556495,4800.000000000245,16.491457132603287
2760.0,46.0,148.0,True,11100.0,255244.10996584268,20000.0,20.0,20.0,0.41239357192709525,46.57592405676676,47.16132933297725,1.1670016340169973,302.47782920267923,101326.38831394422,1.3883139442186803,452.7764189054224,20.000000000000288,15124.341176860285,298.97277692589677,25.82277692589679,30.0,101325.0,236.4197394239509,29.327829202679254,5.555555555555635,4800.0000000002065,16.49812379926995
2765.0,46.083333333333336,147.0,True,11025.0,255100.44483126904,20000.0,20.0,20.0,0.40554402256233374,46.57592405676671,47.14434834876354,1.1667792004591746,302.5353567048811,101326.34257921825,1.342579218253377,452.50497561573525,20.000000000000245,15121.458437950901,298.9734528802981,25.823452880298134,30.0,101325.0,236.23296858779938,29.385356704881133,5.555555555555624,4800.000000000177,16.50479046593662
2770.0,46.166666666666664,146.0,True,10950.0,254960.7154781772,20000.0,20.0,20.0,0.39898864749667273,46.575924056766674,47.12797733471677,1.1665632955798464,302.5912206901539,101326.2995260476,1.2995260476018302,452.2358325052289,20.00000000000021,15118.66031071481,298.97413815595803,25.824138155958053,30.0,101325.0,236.0487734239665,29.441220690153898,5.555555555555614,4800.000000000151,16.511457132603287
2775.0,46.25,145.0,True,10875.0,254824.8140837755,20000.0,20.0,20.0,0.3919661299280454,46.575924056766624,47.111319469495506,1.1663537080109756,302.64545929420467,101326.2541832409,1.25418324090424,451.9692007099282,20.000000000000174,15115.944055822243,298.97483247695675,25.82483247695677,30.0,101325.0,235.86721834774036,29.495459294204693,5.555555555555604,4800.000000000125,16.518123799269954
2780.0,46.333333333333336,144.0,True,10800.0,254692.63577913409,20000.0,20.0,20.0,0.38451064173061006,46.5759240567666,47.094407432395386,1.1661502562254908,302.6981189990755,101326.2069259886,1.2069259886047803,451.7050441525227,20.00000000000015,15113.307320682361,298.975535575188,25.82553557518804,30.0,101325.0,235.6882448793542,29.54811899907554,5.555555555555597,4800.000000000106,16.52479046593662
2785.0,46.416666666666664,143.0,True,10725.0,254564.07856826216,20000.0,20.0,20.0,0.378580283670608,46.575924056766574,47.079521220336304,1.1659528613831789,302.7492551589345,101326.16998392803,1.1699839280336164,451.44332719518576,20.000000000000124,15110.749083526,298.9762471899793,25.826247189979313,30.0,101325.0,235.51181565045576,29.59925515893451,5.55555555555559,4800.000000000088,16.531457132603286
2790.0,46.5,142.0,False,10650.0,124439.04324940256,20000.0,20.0,20.0,0.3633193523607278,46.57592405676655,47.05399460991427,1.1657612744666923,302.79873425453894,101326.0775587902,1.0775587902026018,451.1840146621957,20.000000000000107,15108.266117088331,298.9769670689821,25.82696706898213,30.0,101325.0,235.3378592688031,29.648734254538965,5.555555555555585,4800.000000000077,16.538123799269954
2795.0,46.583333333333336,141.0,False,10575.0,121029.97059244383,20000.0,20.0,20.0,0.07906290399831693,46.575924056766546,46.72140808236626,1.16573105000679,302.80351733829673,101325.0510281044,0.05102810439711902,450.92674534775244,20.000000000000103,15107.874408087997,298.97769125882655,25.827691258826576,30.0,101325.0,235.19756935777147,29.65351733829675,5.555555555555584,4800.0000000000755,16.544790465936618
2800.0,46.666666666666664,140.0,False,10500.0,117714.29126347086,20000.0,20.0,20.0,0.07938284025599404,46.575924056766546,46.72112444339521,1.1657146675539147,302.80777404545677,101325.05144192104,0.051441921037621796,450.6717739646468,20.000000000000103,15107.662091498734,298.97841611859815,25.82841611859817,30.0,101325.0,235.06127612563287,29.65777404545679,5.555555555555584,4800.0000000000755,16.551457132603286
2805.0,46.75,139.0,False,10425.0,114489.44670342962,20000.0,20.0,20.0,0.022710111003199272,46.575924056766546,46.65457306887315,1.1657024958948639,302.81079465422704,101325.00421019708,0.004210197075735778,450.4190700012709,20.000000000000103,15107.504346797436,298.97914145045564,25.829141450455666,30.0,101325.0,234.9270178671184,29.66079465422706,5.555555555555584,4800.0000000000755,16.558123799269953
2810.0,46.833333333333336,138.0,False,10350.0,111352.9484463292,20000.0,20.0,20.0,-0.01577325955353799,46.59429041024388,46.62780077910333,1.1656950194775804,302.81271813964014,101324.99796901456,-0.0020309854444349185,450.168547366829,20.000000000000103,15107.407452429441,298.9798670604764,25.82986706047643,30.0,101325.0,234.79484579215637,29.662718139640162,5.555555555555584,4800.0000000000755,16.564790465936618
2815.0,46.916666666666664,137.0,False,10275.0,108302.37619900571,20000.0,20.0,20.0,0.018906773355403743,46.575924056766546,46.64971009680789,1.1656917656697998,302.813578174489,101325.00291809044,0.0029180904384702444,449.9202727853565,20.000000000000103,15107.365283080606,298.9805927648542,25.830592764854202,30.0,101325.0,234.66469795587983,29.663578174489032,5.555555555555584,4800.0000000000755,16.571457132603285
2820.0,47.0,136.0,False,10200.0,105335.37597349202,20000.0,0.0,20.0,-0.042493808707725345,23.337441738564678,23.31384540123913,1.1656922700619505,302.8133943741619,101324.98525939773,-0.01474060227337759,449.6750318886828,20.000000000000103,15107.37182000288,298.98131838968675,25.83131838968677,30.0,101325.0,234.53688926415086,29.663394374161896,5.555555555555584,4800.0000000000755,16.578123799269953
2825.0,47.083333333333336,135.0,False,10125.0,102449.65827055216,20000.0,0.0,20.0,-0.06738375969942127,23.366423550243823,23.314125961027262,1.165706298051357,302.8096836298757,101324.9629341137,-0.037065886295749806,449.65817831864547,20.000000000000103,15107.553622745587,298.98204355393796,25.83204355393798,30.0,101325.0,234.5309212729425,29.6596836298757,5.555555555555584,4800.0000000000755,16.58479046593662
2830.0,47.166666666666664,134.0,False,10050.0,99642.99631297897,20000.0,0.0,20.0,-0.07825708044292422,23.37908442427368,23.31447449731436,1.165723724865712,302.8051181885189,101324.95000677029,-0.04999322970979847,449.6396107224472,20.000000000000103,15107.779474259627,298.9827678938223,25.832767893822336,30.0,101325.0,234.52474285303316,29.65511818851894,5.555555555555584,4800.0000000000755,16.591457132603285
2835.0,47.25,133.0,False,9975.0,96913.22432729114,20000.0,0.0,20.0,-0.0672259404332662,23.366239785789947,23.31489067370923,1.1657445336854555,302.7997521948287,101324.96310753415,-0.036892465854180045,449.6196284854457,20.000000000000103,15108.049156563504,298.9834912698303,25.833491269830347,30.0,101325.0,234.518506653292,29.64975219482875,5.555555555555584,4800.0000000000755,16.598123799269953
2840.0,47.333333333333336,132.0,False,9900.0,94258.23587250437,20000.0,0.0,20.0,0.04417707837322446,23.287962028383333,23.366873713818087,1.1657686729893135,302.7936400461112,101325.01593154493,0.01593154492729809,449.59816724741376,20.000000000000103,15108.362001941503,298.9842135481672,25.834213548167213,30.0,101325.0,234.5121686086534,29.643640046111216,5.555555555555584,4800.0000000000755,16.60479046593662
2845.0,47.416666666666664,131.0,False,9825.0,91675.98221468655,20000.0,0.0,20.0,0.040804546183882004,23.287962028383333,23.363473920718295,1.165795208813959,302.786740867391,101325.01359192644,0.013591926443041302,449.5752553926539,20.000000000000103,15108.705906228906,298.9849346018602,25.834934601860198,30.0,101325.0,234.50555550955485,29.63674086739104,5.555555555555584,4800.0000000000755,16.611457132603284
2850.0,47.5,130.0,False,9750.0,89164.47074604286,20000.0,0.0,20.0,-0.09085618379617738,23.39375479629779,23.31647599464078,1.1658237997320329,302.77907327941637,101324.93261350095,-0.06738649905310012,449.5509280023921,20.000000000000103,15109.076444527147,298.9856543094616,25.83565430946163,30.0,101325.0,234.49861685388888,29.62907327941639,5.555555555555584,4800.0000000000755,16.618123799269952
2855.0,47.583333333333336,129.0,False,9675.0,86721.76344731096,20000.0,0.0,20.0,-0.07250505621067997,23.372386778178335,23.31711626761675,1.1658558133808317,302.77083228756857,101324.95708585162,-0.0429141483764397,449.52513778591384,20.0000000000001,15109.491341415578,298.9863725585072,25.836372558507207,30.0,101325.0,234.49160292782062,29.62083228756859,5.555555555555584,4800.000000000071,16.62479046593662
2860.0,47.666666666666664,128.0,False,9600.0,84345.97539227952,20000.0,0.0,20.0,-0.09130130751799449,23.39427309751437,23.31779678761405,1.1658898393806967,302.7619209475124,101324.931951602,-0.0680483979958808,449.4979360689332,20.0000000000001,15109.932318373829,298.98708924199195,25.837089241991976,30.0,101325.0,234.48425666835743,29.61192094751243,5.555555555555584,4800.000000000071,16.631457132603288
2865.0,47.75,127.0,False,9525.0,82035.27329327642,20000.0,0.0,20.0,-0.10336709873556267,23.40832248190023,23.31852401516722,1.1659262007583553,302.75242151466153,101324.91277749305,-0.08722250694700051,449.46931835905735,20.0000000000001,15110.403561828285,298.98780425792734,25.83780425792736,30.0,101325.0,234.47664055712482,29.602421514661557,5.555555555555584,4800.000000000071,16.63812379926995
2870.0,47.833333333333336,126.0,False,9450.0,79787.87408650386,20000.0,0.0,20.0,-0.1129940970114646,23.419532140415043,23.319294777949594,1.1659647388974743,302.74236396377097,101324.89577415543,-0.10422584456682671,449.43929940756027,20.000000000000092,15110.903016111268,298.9885175106379,25.838517510637928,30.0,101325.0,234.468730234096,29.592363963770993,5.555555555555581,4800.000000000066,16.64479046593662
2875.0,47.916666666666664,125.0,False,9375.0,77602.04355612912,20000.0,0.0,20.0,-0.10024100939502215,23.404682469407227,23.32011270748847,1.1660056353744181,302.73181190470274,101324.91797338804,-0.08202661195537075,449.40788530328956,20.000000000000092,15111.43303445246,298.9892289103202,25.83922891032023,30.0,101325.0,234.46056522708466,29.58181190470276,5.555555555555581,4800.000000000066,16.651457132603287
2880.0,48.0,124.0,False,9300.0,75476.09499606905,20000.0,0.0,20.0,-0.12558308239390817,23.434190731093146,23.320957686885002,1.1660478843442452,302.7207035647057,101324.87125624013,-0.12874375986575615,449.37511200420823,20.000000000000085,15111.980581101418,298.9899383715393,25.839938371539347,30.0,101325.0,234.45196187969938,29.570703564705695,5.555555555555579,4800.00000000006,16.65812379926995
2885.0,48.083333333333336,123.0,False,9225.0,73408.38790843559,20000.0,0.0,20.0,-0.10784905832450872,23.413541267136214,23.321851985620775,1.1660925992810338,302.7091964077159,101324.9050496377,-0.09495036229782272,449.34096195698584,20.000000000000085,15112.560086682197,298.99064581459925,25.84064581459927,30.0,101325.0,234.44313476111083,29.559196407715945,5.555555555555579,4800.00000000006,16.66479046593662
2890.0,48.166666666666664,122.0,False,9150.0,71397.32673763805,20000.0,0.0,20.0,-0.13401915140022633,23.44401367382754,23.32276617073355,1.1661383085366728,302.6971767190011,101324.8533785066,-0.1466214934043819,449.30548264272454,20.00000000000008,15113.152478635278,298.9913511645445,25.841351164544506,30.0,101325.0,234.433812598094,29.54717671900113,5.5555555555555785,4800.000000000058,16.671457132603287
2895.0,48.25,121.0,False,9075.0,69441.35963916554,20000.0,0.0,20.0,-0.13742623611560895,23.447980876801495,23.32371941164452,1.1661859705822217,302.6847829259368,101324.84582881328,-0.15417118671757635,449.26866029785623,20.000000000000075,15113.770178745594,298.99205434968445,25.842054349684474,30.0,101325.0,234.4241807498213,29.534782925936838,5.555555555555576,4800.000000000053,16.678123799269954
2900.0,48.333333333333336,120.0,False,9000.0,67538.97728209892,20000.0,0.0,20.0,-0.13264208816337342,23.442410224009002,23.324705426186384,1.166235271309315,302.6720189181945,101324.85637613427,-0.1436238657333888,449.23051311205705,20.000000000000075,15114.409116168721,298.9927553046557,25.842755304655725,30.0,101325.0,234.41418538943375,29.522018918194533,5.555555555555576,4800.000000000053,16.68479046593662
2905.0,48.416666666666664,119.0,False,8925.0,65688.71168442874,20000.0,0.0,20.0,-0.12670081860213472,23.43549222101187,23.325719634323036,1.166285981716148,302.65889623413113,101324.86895430666,-0.13104569334245753,449.1910570360279,20.000000000000068,15115.066323041277,298.99345396713977,25.843453967139794,30.0,101325.0,234.4037886434956,29.508896234131157,5.555555555555575,4800.000000000049,16.691457132603286
2910.0,48.5,118.0,False,8850.0,63889.13508028038,20000.0,0.0,20.0,-0.14835071852526022,23.460701323378274,23.32674981360875,1.1663374906804336,302.64538471371486,101324.82034338215,-0.17965661785274278,449.1503174710913,20.000000000000068,15115.73387921842,298.9941502814248,25.844150281424845,30.0,101325.0,234.3928807900337,29.495384713714884,5.555555555555575,4800.000000000049,16.698123799269954
2915.0,48.583333333333336,117.0,False,8775.0,62138.85881817185,20000.0,0.0,20.0,-0.15233977330673124,23.465346171192273,23.327810577007384,1.1663905288503655,302.6315935622337,101324.81055178342,-0.1894482165807858,449.1082861748685,20.000000000000064,15116.421253900737,298.99484419155567,25.844844191555694,30.0,101325.0,234.38160421598045,29.48159356223374,5.555555555555573,4800.000000000047,16.704790465936618
2920.0,48.666666666666664,116.0,False,8700.0,60436.53228945463,20000.0,0.0,20.0,-0.15639058578437345,23.47006292955044,23.328893778264337,1.1664446889132132,302.6175113586842,101324.80034273207,-0.19965726793452632,449.06498330068683,20.000000000000064,15117.123168315244,298.99553564886764,25.845535648867667,30.0,101325.0,234.36988742124726,29.46751135868425,5.555555555555573,4800.000000000047,16.711457132603286
2925.0,48.75,115.0,False,8625.0,58780.84188611032,20000.0,0.0,20.0,-0.15113847169597389,23.46394737787747,23.330001678424853,1.166500083921239,302.60317996985333,101324.81352785611,-0.186472143890569,449.020415925914,20.000000000000064,15117.841087619257,298.9962246068799,25.8462246068799,30.0,101325.0,234.35775665504366,29.453179969853352,5.555555555555573,4800.000000000047,16.718123799269954
2930.0,48.833333333333336,114.0,False,8550.0,57170.50998709909,20000.0,0.0,20.0,-0.16233416113024038,23.476983617398812,23.331121995567184,1.1665560997783555,302.58856397107047,101324.78487853167,-0.21512146832537837,448.9746091386637,20.000000000000064,15118.567053127486,298.9969110237494,25.846911023749442,30.0,101325.0,234.34510148090095,29.438563971070494,5.555555555555573,4800.000000000047,16.724790465936618
2935.0,48.916666666666664,113.0,False,8475.0,55604.29397247748,20000.0,0.0,20.0,-0.15772660935717175,23.47161859286206,23.33226675519102,1.1666133377595473,302.5737539051753,101324.79691687103,-0.20308312897395808,448.92755772138037,20.000000000000064,15119.308857363732,298.99759485917383,25.847594859173853,30.0,101325.0,234.33203981921528,29.423753905175317,5.555555555555573,4800.000000000047,16.731457132603285
2940.0,49.0,112.0,False,8400.0,54080.985264525174,20000.0,0.0,20.0,-0.16204544839955426,23.47664744084334,23.33342400224464,1.1666712001122286,302.55871376014505,101324.78564304207,-0.2143569579347968,448.87928616869823,20.00000000000006,15120.058753454481,298.9982760777669,25.84827607776691,30.0,101325.0,234.31846422877885,29.408713760145076,5.555555555555572,4800.000000000043,16.738123799269953
2945.0,49.083333333333336,111.0,False,8325.0,52599.408395140454,20000.0,0.0,20.0,-0.1652155509283326,23.480338702209156,23.334596631900887,1.1667298315950407,302.5434840393732,101324.77717405495,-0.2228259450494079,448.8298004572884,20.00000000000006,15120.818617471727,298.9989546465154,25.848954646515438,30.0,101325.0,234.30440676503827,29.39348403937322,5.555555555555572,4800.000000000043,16.74479046593662
2950.0,49.166666666666664,110.0,False,8250.0,51158.42009878485,20000.0,0.0,20.0,-0.16564918061483647,23.480843619792836,23.335784044432398,1.1667892022216164,302.52808599118515,101324.77600284867,-0.22399715133360587,448.7791108303701,20.00000000000006,15121.588060792148,298.99963053514904,25.84963053514906,30.0,101325.0,234.28986660770303,29.378085991185173,5.555555555555572,4800.000000000043,16.751457132603285
2955.0,49.25,109.0,False,8175.0,49756.90843027712,20000.0,0.0,20.0,-0.1725017843856069,23.4888227786133,23.336980852454168,1.166849042622705,302.5125147395494,101324.7570868113,-0.24291318870382383,448.7272333511178,20.00000000000006,15122.363592390255,299.0003037168793,25.850303716879296,30.0,101325.0,234.2747979141504,29.362514739549397,5.555555555555572,4800.000000000043,16.758123799269953
2960.0,49.333333333333336,108.0,False,8100.0,48393.791906755716,20000.0,0.0,20.0,-0.18008097768572423,23.497647976902247,23.33818826719672,1.1669094133598326,302.4967989528395,101324.73527217531,-0.26472782468772493,448.674175857301,20.00000000000006,15123.14599714343,299.0009741671072,25.85097416710721,30.0,101325.0,234.25921680630444,29.34679895283955,5.555555555555572,4800.000000000043,16.76479046593662
2965.0,49.416666666666664,107.0,False,8025.0,47068.01867314752,20000.0,0.0,20.0,-0.17559816799677044,23.492428201811403,23.339411308844742,1.1669705654422338,302.48098624408783,101324.74828802772,-0.2517119722760981,448.61994145866134,20.000000000000057,15123.93852813135,299.00164186378504,25.851641863785062,30.0,101325.0,234.2431751589728,29.330986244087853,5.555555555555571,4800.000000000041,16.771457132603285
2970.0,49.5,106.0,False,7950.0,45778.56569049916,20000.0,0.0,20.0,-0.18240101618189017,23.5003494253224,23.34063773786737,1.1670318868933653,302.46503309602286,101324.72840709629,-0.2715929037076421,448.56455436855265,20.000000000000057,15124.733254138015,299.0023067879745,25.8523067879745,30.0,101325.0,234.22656263673815,29.315033096022887,5.555555555555571,4800.000000000041,16.778123799269952
2975.0,49.583333333333336,105.0,False,7875.0,44524.43794654434,20000.0,0.0,20.0,-0.18009632151232816,23.49766584322481,23.34187626255942,1.1670938131279678,302.4490045972133,101324.73522706104,-0.26477293895732146,448.5080130284746,20.000000000000057,15125.535818138464,299.00296892234593,25.85296892234595,30.0,101325.0,234.20946569622532,29.299004597213298,5.555555555555571,4800.000000000041,16.78479046593662
2980.0,49.666666666666664,104.0,False,7800.0,43304.66768789806,20000.0,0.0,20.0,-0.1877289203323077,23.50655322679969,23.343116591530286,1.167155829576511,302.43286566133537,101324.71230899976,-0.2876910002378281,448.4503390557656,20.000000000000057,15126.339551311581,299.00362825254643,25.853628252546457,30.0,101325.0,234.19179223545206,29.282865661335393,5.555555555555571,4800.000000000041,16.791457132603288
2985.0,49.75,103.0,False,7725.0,42118.313673285316,20000.0,0.0,20.0,-0.18299295596376705,23.50103867888057,23.34436873829039,1.1672184369145162,302.41668652478114,101324.72664145361,-0.2733585463865893,448.3915292004198,20.000000000000057,15127.15094241213,299.0042847656676,25.854284765667614,30.0,101325.0,234.17364090404166,29.266686524781164,5.555555555555571,4800.000000000041,16.798123799269952
2990.0,49.833333333333336,102.0,False,7650.0,40964.46044722801,20000.0,0.0,20.0,-0.18673438735800119,23.505395194492603,23.345621443628776,1.1672810721814357,302.4004254120542,101324.71534913125,-0.2846508687507594,448.3316060653387,20.000000000000053,15127.962695471408,299.00493845164584,25.854938451645864,30.0,101325.0,234.1549104358757,29.2504254120542,5.5555555555555705,4800.000000000038,16.80479046593662
2995.0,49.916666666666664,101.0,False,7575.0,39842.21763362954,20000.0,0.0,20.0,-0.19242425322592116,23.51202046350654,23.346876979885177,1.1673438489942558,302.38411052162405,101324.69773801445,-0.30226198554737493,448.2705756823484,20.000000000000053,15128.776282965555,299.0055893019223,25.85558930192235,30.0,101325.0,234.13562667388553,29.234110521624075,5.5555555555555705,4800.000000000038,16.811457132603287
3000.0,50.0,100.0,False,7500.0,38750.71924871201,20000.0,0.0,20.0,-0.19277557988735414,23.51242954760409,23.34813823728457,1.1674069118642254,302.3677725521844,101324.69663327183,-0.30336672817065846,448.2084433773517,20.000000000000053,15129.593577760363,299.0062373097939,25.856237309793926,30.0,101325.0,234.11582127587414,29.217772552184442,5.5555555555555705,4800.000000000038,16.81812379926995
3005.0,50.083333333333336,99.2,False,7440.0,37689.12303277596,20000.0,0.0,20.0,-0.19086631483339597,23.510206403000154,23.34940266376812,1.167470133188403,302.351416450235,101324.70261265193,-0.29738734806596767,448.14537688563956,20.000000000000053,15130.412926121704,299.0068824707143,25.85688247071431,30.0,101325.0,234.09555615746356,29.201416450235,5.5555555555555705,4800.000000000038,16.82479046593662
3010.0,50.166666666666664,98.4,False,7380.0,36656.609800266786,20000.0,0.0,20.0,-0.18974120996616164,23.508896333028847,23.350667726145726,1.1675333863072832,302.33504647547363,101324.70610835298,-0.29389164701569825,448.0815423196446,20.000000000000053,15131.23268654239,299.0075247824055,25.857524782405505,30.0,101325.0,234.0748926084865,29.185046475473655,5.5555555555555705,4800.000000000038,16.831457132603287
3015.0,50.25,97.6,False,7320.0,35652.382807646485,20000.0,0.0,20.0,-0.1904230772526133,23.509690298002614,23.351932175515074,1.1675966087757506,302.3186694667822,101324.70399225836,-0.2960077416355489,448.0169472989283,20.000000000000053,15132.052049733727,299.0081642443022,25.858164244302202,30.0,101325.0,234.05382202402177,29.168669466782205,5.5555555555555705,4800.000000000038,16.83812379926995
3020.0,50.333333333333336,96.8,False,7260.0,34675.6671385829,20000.0,0.0,20.0,-0.192286949992751,23.511860587882516,23.35319562396502,1.1676597811982479,302.30229612855544,101324.6981692152,-0.30183078479603864,447.9515983098424,20.000000000000053,15132.870764329293,299.00880085735395,25.85880085735397,30.0,101325.0,234.03234384356375,29.152296128555463,5.5555555555555705,4800.000000000038,16.84479046593662
3025.0,50.416666666666664,96.0,False,7200.0,33725.709105981965,20000.0,0.0,20.0,-0.19396958202905984,23.51381984143098,23.354458097889854,1.1677229048944895,302.28593871945907,101324.69286368365,-0.30713631634716876,447.8855012927638,20.000000000000053,15133.688847432584,299.0094346239676,25.859434623967616,30.0,101325.0,234.01046137575614,29.13593871945909,5.5555555555555705,4800.000000000038,16.851457132603286
3030.0,50.5,95.2,False,7140.0,32801.775670401665,20000.0,0.0,20.0,-0.19509824809886822,23.515134058059804,23.355719160156966,1.1677859580078451,302.2696064819016,101324.68927896807,-0.3107210319285514,447.8186626939707,20.000000000000053,15134.506015781672,299.01006554797044,25.860065547970464,30.0,101325.0,233.98817355037085,29.1196064819016,5.5555555555555705,4800.000000000038,16.858123799269954
3035.0,50.583333333333336,94.4,False,7080.0,31903.153874398766,20000.0,0.0,20.0,-0.19569080618890894,23.515824031574827,23.356978202973195,1.1678489101486567,302.2533071952153,101324.68738863978,-0.31261136021930724,447.75108911119514,20.000000000000053,15135.321875526592,299.0106936345306,25.860693634530605,30.0,101325.0,233.9654776702915,29.103307195215336,5.5555555555555705,4800.000000000038,16.86479046593662
3040.0,50.666666666666664,93.6,False,7020.0,31029.15029237202,20000.0,0.0,20.0,-0.19584166788848512,23.515999694651388,23.358234605939284,1.167911730296961,302.2370480235042,101324.68690645811,-0.3130935418885201,447.68278710398073,20.000000000000053,15136.136024648617,299.0113188900834,25.861318890083396,30.0,101325.0,233.94237089678856,29.087048023504224,5.5555555555555705,4800.000000000038,16.871457132603286
3045.0,50.75,92.8,False,6960.0,30179.090495477074,20000.0,0.0,20.0,-0.1958341730386758,23.515990967662496,23.359487676521148,1.1679743838260546,302.2208352242673,101324.6869304218,-0.3130695782019757,447.6137632640327,20.00000000000005,15136.948014385667,299.01194132226965,25.861941322269672,30.0,101325.0,233.9188496903593,29.07083522426734,5.555555555555569,4800.000000000036,16.878123799269954
3050.0,50.833333333333336,92.0,False,6900.0,29352.318531200443,20000.0,0.0,20.0,-0.19646734983551897,23.516728237522603,23.360736478270347,1.1680368239135144,302.2046732685757,101324.68490269754,-0.3150973024603445,447.5440244168277,20.00000000000005,15137.757237919146,299.01256093988115,25.862560939881178,30.0,101325.0,233.89490819684642,29.054673268575698,5.555555555555569,4800.000000000036,16.884790465936618
3055.0,50.916666666666664,91.2,False,6840.0,28548.196417190706,20000.0,0.0,20.0,-0.1980680728315975,23.518592116340134,23.36198034477624,1.168099017238809,302.18856755034113,101324.67974725326,-0.3202527467365144,447.47357701360136,20.00000000000005,15138.563263414966,299.0131777527788,25.863177752778824,30.0,101325.0,233.87054307676084,29.038567550341156,5.555555555555569,4800.000000000036,16.891457132603286
3060.0,51.0,90.4,False,6780.0,27766.103648956578,20000.0,0.0,20.0,-0.20043551244106111,23.52134875852662,23.363218907532417,1.168160945376618,302.17252455118603,101324.67204575798,-0.32795424202049617,447.40242710293677,20.00000000000005,15139.36585208097,299.0137917718334,25.863791771833405,30.0,101325.0,233.8457537672913,29.022524551186052,5.555555555555569,4800.000000000036,16.898123799269953
3065.0,51.083333333333336,89.6,False,6720.0,27005.436721051752,20000.0,0.0,20.0,-0.20294049996850558,23.524265561247656,23.364452055507858,1.16822260277539,302.156551647123,101324.6637971712,-0.3362028287956491,447.3305803828859,20.00000000000005,15140.164931969053,299.01440300887225,25.864403008872273,30.0,101325.0,233.82054210260358,29.006551647123047,5.555555555555569,4800.000000000036,16.90479046593662
3070.0,51.166666666666664,88.8,False,6660.0,26265.60866137717,20000.0,0.0,20.0,-0.20473781535934574,23.5263583518764,23.36567983540219,1.1682839917701067,302.1406566038708,101324.6578157303,-0.3421842696989188,447.25804232165115,20.00000000000005,15140.960533340583,299.01501147663,25.865011476630002,30.0,101325.0,233.79491137680017,28.990656603870832,5.555555555555569,4800.000000000036,16.911457132603285
3075.0,51.25,88.0,False,6600.0,25546.04857824137,20000.0,0.0,20.0,-0.205074454881317,23.526750334296647,23.366902279815022,1.1683451139907481,302.12484669376744,101324.65668953433,-0.34331046567240264,447.18481836032754,20.00000000000005,15141.752677320095,299.01561718870556,25.865617188705585,30.0,101325.0,233.76886472955098,28.97484669376746,5.555555555555569,4800.000000000036,16.918123799269953
3080.0,51.333333333333336,87.2,False,6540.0,24846.201219829283,20000.0,0.0,20.0,-0.20364995729225457,23.525091652008463,23.368119186746252,1.1684059593373097,302.10912755676134,101324.6614424073,-0.33855759269499686,447.11091416885324,20.00000000000005,15142.541233011534,299.01622015952296,25.86622015952298,30.0,101325.0,233.74240307442523,28.95912755676136,5.555555555555569,4800.000000000036,16.92479046593662
3085.0,51.416666666666664,86.4,False,6480.0,24165.526545739638,20000.0,0.0,20.0,-0.20103914025565336,23.522051621607893,23.369329878069344,1.1684664939034644,302.0935019501711,101324.67006746192,-0.3299325380794471,447.03633592197394,20.00000000000005,15143.325760988899,299.0168204042951,25.86682040429514,30.0,101325.0,233.7155228296478,28.94350195017114,5.555555555555569,4800.000000000036,16.931457132603285
3090.0,51.5,85.6,False,6420.0,23503.49931026034,20000.0,0.0,20.0,-0.19957027294711097,23.520341275302588,23.370532762781796,1.1685266381390869,302.0779674747286,101324.67487107066,-0.3251289293402806,446.9610907955713,20.00000000000005,15144.105230282566,299.01741793899794,25.86741793899796,30.0,101325.0,233.68821181452267,28.927967474728632,5.555555555555569,4800.000000000036,16.938123799269952
3095.0,51.583333333333336,84.8,False,6360.0,22859.608657060217,20000.0,0.0,20.0,-0.20183478410141006,23.5229780677913,23.371726153211245,1.1685863076605594,302.0625208638675,101324.66745077491,-0.33254922508785967,446.88518601281476,20.00000000000005,15144.878547280849,299.0180127802877,25.8680127802877,30.0,101325.0,233.66045691875385,28.91252086386754,5.555555555555569,4800.000000000036,16.94479046593662
3100.0,51.666666666666664,84.0,False,6300.0,22233.357724984395,20000.0,0.0,20.0,-0.2049543547715127,23.52661048995681,23.372911283640256,1.16864556418201,302.04717381302635,101324.65709153029,-0.34290846971271094,446.8086253801043,20.00000000000005,15145.64651179885,299.01860494532605,25.86860494532607,30.0,101325.0,233.63227246591828,28.89717381302637,5.555555555555569,4800.000000000036,16.951457132603284
3105.0,51.75,83.2,False,6240.0,21624.263264649177,20000.0,0.0,20.0,-0.20648618879473685,23.528394154585143,23.374089220794275,1.1687044610397108,302.0319368103408,101324.65194656193,-0.3480534380651079,446.7314128693293,20.00000000000005,15146.409815074652,299.0191944518785,25.869194451878514,30.0,101325.0,233.60367118425478,28.881936810340846,5.555555555555569,4800.000000000036,16.958123799269952
3110.0,51.833333333333336,82.4,False,6180.0,21031.855265540376,20000.0,0.0,20.0,-0.20542201248302067,23.5271550297082,23.3752602866287,1.168763014331432,302.01681612455434,101324.65552487173,-0.34447512826591264,446.6535532738667,20.00000000000005,15147.16866573536,299.01978131830117,25.869781318301193,30.0,101325.0,233.5746587832735,28.86681612455436,5.555555555555569,4800.000000000036,16.96479046593662
3115.0,51.916666666666664,81.6,False,6120.0,20455.67659332761,20000.0,0.0,20.0,-0.20237292460257275,23.523604677569153,23.376423890865393,1.1688211945432667,302.0018129384869,101324.66567509704,-0.33432490295672324,446.5750523868622,20.00000000000005,15147.922681280736,299.02036556351203,25.870365563512053,30.0,101325.0,233.54523238041108,28.851812938486944,5.555555555555569,4800.000000000036,16.971457132603287
3120.0,52.0,80.8,False,6060.0,19895.28263711453,20000.0,0.0,20.0,-0.20010159324077756,23.52095994364378,23.377578292676326,1.1688789146338134,301.98692211048945,101324.67313757047,-0.32686242953059264,446.49591725605336,20.00000000000005,15148.670733654222,299.02094720696556,25.87094720696558,30.0,101325.0,233.51537826194445,28.836922110489468,5.555555555555569,4800.000000000036,16.97812379926995
3125.0,52.083333333333336,80.0,False,6000.0,19350.240966352743,20000.0,0.0,20.0,-0.20216035129731172,23.523357157616093,23.3787213932011,1.1689360696600521,301.97213633860963,101324.66637708052,-0.3336229194828775,446.41615526851115,20.00000000000005,15149.411462794276,299.02152626857895,25.871526268578975,30.0,101325.0,233.48507932972436,28.822136338609653,5.555555555555569,4800.000000000036,16.98479046593662
3130.0,52.166666666666664,79.2,False,5940.0,18820.130997154854,20000.0,0.0,20.0,-0.20517495668716276,23.526867358408563,23.379854800447465,1.1689927400223703,301.95746747800223,101324.65635295631,-0.3436470436863601,446.33576956543527,20.00000000000005,15150.145910689918,299.0221027685196,25.872102768519596,30.0,101325.0,233.45435329555525,28.807467478002252,5.555555555555569,4800.000000000036,16.991457132603287
3135.0,52.25,78.4,False,5880.0,18304.543667748974,20000.0,0.0,20.0,-0.20644789755526888,23.5283495683386,23.380979816826066,1.1690489908413004,301.9429255247439,101324.65207563751,-0.3479243624897208,446.25476361280096,20.00000000000005,15150.874921303253,299.0226767273554,25.87267672735544,30.0,101325.0,233.42321497981362,28.792925524743907,5.555555555555569,4800.000000000036,16.99812379926995
3140.0,52.333333333333336,77.6,False,5820.0,17803.08112282436,20000.0,0.0,20.0,-0.2051498223624492,23.526838092048585,23.382096754226893,1.1691048377113418,301.9285150351696,101324.656437146,-0.34356285400281195,446.17314196336196,20.00000000000005,15151.598696738989,299.02324816605494,25.873248166054964,30.0,101325.0,233.39166987598966,28.77851503516962,5.555555555555569,4800.000000000036,17.00479046593662
3145.0,52.416666666666664,76.8,False,5760.0,17315.356406524515,20000.0,0.0,20.0,-0.20204877374887512,23.52322723693053,23.38320502112962,1.169160251056478,301.91423559099985,101324.6667452492,-0.33325475080346223,446.0909101424258,20.00000000000005,15152.316853691955,299.023817105954,25.873817105954004,30.0,101325.0,233.35971496933774,28.764235590999874,5.555555555555569,4800.000000000036,17.011457132603287
3150.0,52.5,76.0,False,5700.0,16840.993163850995,20000.0,0.0,20.0,-0.19952938825838362,23.52029366924866,23.384303168147294,1.1692151584073618,301.90008204647575,101324.6750042712,-0.3249957288062433,446.00807458135546,20.00000000000005,15153.028452959408,299.0243835687256,25.874383568725648,30.0,101325.0,233.32733916496073,28.750082046475768,5.555555555555569,4800.000000000036,17.018123799269954
3155.0,52.583333333333336,75.2,False,5640.0,16379.625350247294,20000.0,0.0,20.0,-0.20086704878882056,23.521851238630642,23.38538933340983,1.1692694666704886,301.88604687233095,101324.67063207111,-0.32936792889086064,445.92464210846657,20.00000000000005,15153.732288049532,299.02494757633013,25.874947576330158,30.0,101325.0,233.29452747282954,28.736046872330974,5.555555555555569,4800.000000000036,17.02479046593662
3160.0,52.666666666666664,74.4,False,5580.0,15930.896949138956,20000.0,0.0,20.0,-0.20350380012100944,23.52492146687576,23.3864647656427,1.1693232382821321,301.8721386384327,101324.6619281905,-0.33807180949952453,445.8406160486817,20.00000000000005,15154.429168136434,299.0255091508346,25.875509150834603,30.0,101325.0,233.26129411114226,28.72213863843274,5.555555555555569,4800.000000000036,17.031457132603286
3165.0,52.75,73.6,False,5520.0,15494.461697211716,20000.0,0.0,20.0,-0.20518808501705862,23.526882645010968,23.387530579697643,1.1693765289848792,301.85836501314026,101324.65630897769,-0.3436910223099403,445.7559998534801,20.00000000000005,15155.119815644033,299.0260683145354,25.876068314535416,30.0,101325.0,233.22765202110446,28.70836501314028,5.555555555555569,4800.000000000036,17.038123799269954
3170.0,52.833333333333336,72.8,False,5460.0,15069.982817215894,20000.0,0.0,20.0,-0.20506930873964085,23.52674434213905,23.388587165075585,1.1694293582537763,301.84472966967354,101324.65670676419,-0.34329323581187055,445.67079774823475,20.00000000000005,15155.80448296894,299.02662508996053,25.876625089960555,30.0,101325.0,233.19360730949694,28.694729669673563,5.555555555555569,4800.000000000036,17.044790465936618
3175.0,52.916666666666664,72.0,False,5400.0,14657.13275809062,20000.0,0.0,20.0,-0.20327376776924377,23.524653617642098,23.389634369652853,1.1694817184826398,301.83123325679435,101324.66269204357,-0.33730795643350575,445.5850145183384,20.00000000000005,15156.483071535013,299.02717949983855,25.877179499838576,30.0,101325.0,233.1591609751315,28.68123325679437,5.555555555555569,4800.000000000036,17.051457132603286
3180.0,53.0,71.2,False,5340.0,14255.59294220763,20000.0,0.0,20.0,-0.20056971112822963,23.52150501922317,23.39067168519736,1.169533584259865,301.81787437899,101324.67160645696,-0.32839354303723667,445.49865529723513,20.00000000000005,15157.155252007851,299.02773156706866,25.87773156706868,30.0,101325.0,233.1243106521247,28.667874378990007,5.555555555555569,4800.000000000036,17.058123799269953
3185.0,53.083333333333336,70.4,False,5280.0,13865.053519539353,20000.0,0.0,20.0,-0.19811312985140817,23.51864458064846,23.391698417432327,1.1695849208716134,301.80465049570915,101324.6796015329,-0.3203984670981299,445.411725375233,20.00000000000005,15157.820574496109,299.0282813146922,25.87828131469223,30.0,101325.0,233.08905220797774,28.654650495709177,5.555555555555569,4800.000000000036,17.064790465936618
3190.0,53.166666666666664,69.6,False,5220.0,13485.21312856176,20000.0,0.0,20.0,-0.19780126858021135,23.51828144997637,23.39271351668932,1.169635675834463,301.7915570403446,101324.68060945427,-0.3193905457301298,445.32423037949025,20.00000000000005,15158.47835881464,299.0288287658796,25.878828765879632,30.0,101325.0,233.0533781525171,28.64155704034465,5.555555555555569,4800.000000000036,17.071457132603285
3195.0,53.25,68.8,False,5160.0,13115.77866370733,20000.0,0.0,20.0,-0.19905031209180174,23.51973583386986,23.39371725493589,1.1696858627467916,301.77859622460613,101324.67656304699,-0.32343695301096886,445.23617445827267,20.00000000000005,15159.12878119842,299.0293739438385,25.879373943838516,30.0,101325.0,233.01729339556024,28.628596224606156,5.555555555555569,4800.000000000036,17.078123799269953
3200.0,53.333333333333336,68.0,False,5100.0,12756.465049188826,20000.0,0.0,20.0,-0.20058846274168773,23.521526853566282,23.39471026512791,1.1697355132563925,301.76577200735017,101324.67154504992,-0.32845495008223224,445.14756133896486,20.00000000000005,15159.772251802846,299.02991687183965,25.87991687183967,30.0,101325.0,232.9808062207112,28.615772007350188,5.555555555555569,4800.000000000036,17.08479046593662
3205.0,53.416666666666664,67.2,False,5040.0,12406.995019019274,20000.0,0.0,20.0,-0.20177731743205735,23.52291115371061,23.395692860025765,1.1697846430012853,301.75308652788385,101324.66764011567,-0.3323598843271611,445.05839506498364,20.00000000000005,15160.408973296657,299.0304575732294,25.88045757322942,30.0,101325.0,232.9439218850271,28.603086527883875,5.555555555555569,4800.000000000036,17.091457132603285
3210.0,53.5,66.4,False,4980.0,12067.098903058377,20000.0,0.0,20.0,-0.20239299540723313,23.52362804797599,23.396665142459085,1.1698332571229513,301.7405406904597,101324.66560877886,-0.33439122114214115,444.96867987233054,20.00000000000005,15161.039012313448,299.03099607140854,25.88099607140856,30.0,101325.0,232.90664365521442,28.590540690459704,5.555555555555569,4800.000000000036,17.098123799269953
3215.0,53.583333333333336,65.6,False,4920.0,11736.514418920353,20000.0,0.0,20.0,-0.20244952539557903,23.523693871387096,23.397627092713776,1.1698813546356859,301.7281346287025,101324.66542195647,-0.33457804353383835,444.87842009293746,20.00000000000005,15161.662356078488,299.03153238981264,25.881532389812662,30.0,101325.0,232.86897362886364,28.578134628702514,5.555555555555569,4800.000000000036,17.10479046593662
3220.0,53.666666666666664,64.8,False,4860.0,11414.986469582514,20000.0,0.0,20.0,-0.20207555056400797,23.523258415803234,23.39857863319409,1.1699289316597017,301.71586805072195,101324.66665691318,-0.3333430868224241,444.78762008407193,20.00000000000005,15162.278954309733,299.0320665518944,25.88206655189441,30.0,101325.0,232.83091334215666,28.565868050721974,5.555555555555569,4800.000000000036,17.111457132603284
3225.0,53.75,64.0,False,4800.0,11102.266946538495,20000.0,0.0,20.0,-0.20143538957459092,23.522513013562556,23.39951967214653,1.1699759836073236,301.7037404742419,101324.66876558226,-0.33123441773932427,444.69628418132703,20.00000000000005,15162.888747550915,299.03259858110755,25.882598581107572,30.0,101325.0,232.79246418083588,28.55374047424192,5.555555555555569,4800.000000000036,17.118123799269952
3230.0,53.833333333333336,63.199999999999996,False,4740.0,10798.114538344185,20000.0,0.0,20.0,-0.20068341558587297,23.521637416477773,23.400450129526167,1.1700225064763055,301.6917513678763,101324.67123401395,-0.32876598605071194,444.60441667140867,20.00000000000005,15163.49168393292,299.03312850089264,25.883128500892667,30.0,101325.0,232.7536276233809,28.541751367876316,5.555555555555569,4800.000000000036,17.12479046593662
3235.0,53.916666666666664,62.4,False,4680.0,10502.29454440869,20000.0,0.0,20.0,-0.19994242418558109,23.520774607498108,23.401369949011617,1.170068497450578,301.67990021954597,101324.67365736335,-0.32634263664658647,444.5120217800425,20.00000000000005,15164.08772695949,299.0336563346633,25.88365633466333,30.0,101325.0,232.7144053540349,28.529900219545993,5.555555555555569,4800.000000000036,17.131457132603288
3240.0,54.0,61.6,False,4620.0,10214.578693886491,20000.0,0.0,20.0,-0.19929794348140537,23.52002417538976,23.40227910066126,1.1701139550330601,301.6681865555983,101324.67575779367,-0.32424220633402,444.4191036699386,20.00000000000005,15164.676857228458,299.03418210579474,25.884182105794764,30.0,101325.0,232.67479928789484,28.518186555598334,5.555555555555569,4800.000000000036,17.13812379926995
3245.0,54.083333333333336,60.8,False,4560.0,9934.744969531266,20000.0,0.0,20.0,-0.1988009769292027,23.519445508479908,23.403177578729775,1.1701588789364858,301.65660993433585,101324.67737282916,-0.32262717084086034,444.32566644385565,20.00000000000005,15165.259071016857,299.0347058376115,25.884705837611534,30.0,101325.0,232.63481155052588,28.50660993433587,5.555555555555569,4800.000000000036,17.14479046593662
3250.0,54.166666666666664,60.0,False,4500.0,9662.57743637523,20000.0,0.0,20.0,-0.1984722907130569,23.519062786873864,23.4040653986847,1.1702032699342322,301.64516993515883,101324.67843877403,-0.321561225966434,444.23171414844825,20.00000000000005,15165.83437834765,299.0352275533776,25.885227553377604,30.0,101325.0,232.59444445005877,28.495169935158856,5.555555555555569,4800.000000000036,17.151457132603287
3255.0,54.25,59.199999999999996,False,4440.0,9397.866075101952,20000.0,0.0,20.0,-0.19830280863918504,23.518865442268826,23.404942596463435,1.170247129823169,301.63386615928704,101324.67898772315,-0.32101227685052436,444.13725077573383,20.00000000000005,15166.402802508268,299.0357472762851,25.885747276285144,30.0,101325.0,232.55370047033705,28.48386615928706,5.555555555555569,4800.000000000036,17.15812379926995
3260.0,54.333333333333336,58.4,False,4380.0,9140.406619984005,20000.0,0.0,20.0,-0.19824733473807726,23.518800848563696,23.405809231469963,1.1702904615734953,301.62269824994087,101324.67916730016,-0.32083269984286744,444.04228026070604,20.00000000000005,15166.964381992499,299.03626502944536,25.886265029445383,30.0,101325.0,232.51258229920245,28.47269824994089,5.555555555555569,4800.000000000036,17.16479046593662
3265.0,54.416666666666664,57.6,False,4320.0,8890.000401260353,20000.0,0.0,20.0,-0.19821266419946512,23.518760478254364,23.406665392717535,1.170333269635874,301.6116659288782,101324.67927950817,-0.320720491828979,443.94680647580793,20.00000000000005,15167.519174480925,299.03678083587846,25.886780835878483,30.0,101325.0,232.4710928863391,28.461665928878233,5.555555555555569,4800.000000000036,17.171457132603287
3270.0,54.5,56.8,False,4260.0,8646.454191831954,20000.0,20.0,20.0,-0.19671369080728004,46.804977104865635,46.815027404454035,1.1703756851113494,301.6007496331497,101324.68411203142,-0.31588796857977286,443.8511886246546,20.00000000000005,15168.068879043089,299.03729471801995,25.887294718019973,30.0,101325.0,232.4294464082384,28.450749633149712,5.555555555555569,4800.000000000036,17.178123799269954
3275.0,54.583333333333336,56.0,False,4200.0,8409.580058157175,20000.0,20.0,20.0,-0.19878717129568074,46.80739146160965,46.81489485398793,1.170372371349697,301.6015836511675,101324.67741763697,-0.32258236303459853,443.5759433643631,20.000000000000046,15168.025932692071,299.0378076516712,25.88780765167121,30.0,101325.0,232.2846523438129,28.45158365116754,5.555555555555568,4800.000000000033,17.18479046593662
3280.0,54.666666666666664,55.199999999999996,False,4140.0,8179.195215232029,20000.0,20.0,20.0,-0.1996267876698685,46.80836910932168,46.8147554656287,1.1703688866407163,301.6024735250052,101324.67468690322,-0.32531309677870013,443.30110751910865,20.000000000000046,15167.980770863682,299.03832064724577,25.88832064724579,30.0,101325.0,232.14003958379067,28.452473525005246,5.555555555555568,4800.000000000033,17.191457132603286
3285.0,54.75,54.4,False,4080.0,7955.121885543287,20000.0,20.0,20.0,-0.20022205296801926,46.80906223510468,46.81463353208418,1.1703658383021032,301.6032532962691,101324.67274391433,-0.32725608567125164,443.0292319896229,20.000000000000046,15167.941264395258,299.0388336856214,25.88883368562142,30.0,101325.0,231.99706438169738,28.45325329626911,5.555555555555568,4800.000000000033,17.198123799269954
3290.0,54.833333333333336,53.6,False,4020.0,7737.18716188565,20000.0,20.0,20.0,-0.2012855831505111,46.810300607629976,46.814527494097305,1.1703631873524314,301.60392607150925,101324.6692580736,-0.33074192640197,442.7602723713938,20.000000000000046,15167.90690808751,299.0393467487541,25.88934674875412,30.0,101325.0,231.85569559087358,28.453926071509272,5.555555555555568,4800.000000000033,17.204790465936618
3295.0,54.916666666666664,52.8,False,3960.0,7525.222873937117,20000.0,20.0,20.0,-0.2020542612735147,46.81119565497701,46.814437410279744,1.1703609352569924,301.6044989065916,101324.66672714695,-0.33327285305131227,442.49418413674107,20.000000000000046,15167.87772093062,299.0398598194917,25.889859819491733,30.0,101325.0,231.7159100302793,28.454498906591596,5.555555555555568,4800.000000000033,17.211457132603286
3300.0,55.0,52.0,True,3900.0,257319.06545848958,20000.0,20.0,20.0,-0.2203923779881863,46.83254852326317,46.814359008907275,1.1703589752226806,301.60481577159845,101324.60348734469,-0.39651265530847013,442.2309221072685,20.000000000000046,15167.852318885942,299.0403728811044,25.89037288110444,30.0,101325.0,231.5776627597186,28.454815771598476,5.555555555555568,4800.000000000033,17.218123799269954
3305.0,55.083333333333336,51.199999999999996,True,3839.9999999999995,257118.5558332346,20000.0,20.0,20.0,0.4939216656408028,46.575924056766475,47.38057431279533,1.1700663300536243,301.68736010104817,101326.99149887175,1.991498871750082,441.97207728825504,20.00000000000004,15164.05963749497,299.0408928556683,25.890892855668312,30.0,101325.0,231.38424516684282,28.537360101048193,5.555555555555567,4800.000000000029,17.224790465936618
3310.0,55.166666666666664,50.4,True,3780.0,256923.53927400667,20000.0,20.0,20.0,0.484671931889135,46.57592405676646,47.357364126753,1.169760352916441,301.76605315736646,101326.91760719642,1.9176071964175208,441.71590502593136,20.000000000000032,15160.094173797075,299.04142607987814,25.89142607987816,30.0,101325.0,231.18965925514493,28.61605315736648,5.555555555555564,4800.000000000023,17.231457132603285
3315.0,55.25,49.6,True,3720.0,256733.86529538975,20000.0,20.0,20.0,0.4748714371412246,46.57592405676646,47.33387621777075,1.1694632876421052,301.84247862609595,101326.84083985153,1.8408398515312,441.46233269031865,20.000000000000025,15156.244207841684,299.04197212876613,25.891972128766156,30.0,101325.0,230.9982642211316,28.692478626095976,5.5555555555555625,4800.000000000019,17.238123799269953
3320.0,55.333333333333336,48.8,True,3660.0,256549.38753459448,20000.0,20.0,20.0,0.46663691044073,46.57592405676645,47.31258055735927,1.1691750085896613,301.9167142051152,101326.7775510709,1.777551070903428,441.2113238402386,20.00000000000002,15152.50811132201,299.04253062793094,25.892530627930967,30.0,101325.0,230.81001212822065,28.76671420511525,5.555555555555562,4800.000000000015,17.24479046593662
3325.0,55.416666666666664,48.0,True,3600.0,256369.96363851658,20000.0,20.0,20.0,0.4584033602738283,46.57592405676645,47.291631921985974,1.1688951613058878,301.98881132497564,101326.71537665886,1.7153766588598955,440.96284245947476,20.00000000000002,15148.881290524305,299.0431012141277,25.89310121412774,30.0,101325.0,230.62481025336453,28.838811324975666,5.555555555555562,4800.000000000015,17.251457132603285
3330.0,55.5,47.199999999999996,True,3539.9999999999995,256195.45515388958,20000.0,0.0,20.0,0.44889347209378977,23.287962028383237,23.897077520758877,1.168624480995548,302.0585489104979,101326.64494162684,1.6449416268442292,440.72204309953503,20.00000000000002,15145.3732737023,299.04368353354204,25.89368353354206,30.0,101325.0,230.44549503166456,28.908548910497927,5.555555555555562,4800.000000000015,17.258123799269953
3335.0,55.583333333333336,46.4,True,3480.0,256025.72742044655,20000.0,0.0,20.0,0.4419877055457833,23.287962028383234,23.884255383938378,1.168392023710038,302.1184951864217,101326.5947194437,1.5947194437030703,440.6366737049787,20.000000000000018,15142.360627282093,299.044276515877,25.89427651587704,30.0,101325.0,230.3550266819085,28.968495186421706,5.55555555555556,4800.000000000013,17.26479046593662
3340.0,55.666666666666664,45.6,True,3420.0,255860.64946700906,20000.0,0.0,20.0,0.435455551130483,23.287962028383234,23.87197542342407,1.168164583544283,302.17717774173167,101326.54793091437,1.5479309143702267,440.5502392840929,20.000000000000018,15139.413002733909,299.0448792725837,25.89487927258375,30.0,101325.0,230.26500838851902,29.02717774173169,5.55555555555556,4800.000000000013,17.271457132603285
3345.0,55.75,44.8,True,3360.0,255700.09391042255,20000.0,0.0,20.0,0.4262575585054879,23.287962028383234,23.856683428934126,1.1679419668827289,302.23458151019713,101326.4832286219,1.4832286219025264,440.46320403320385,20.000000000000018,15136.527890800166,299.0454915899437,25.89549158994373,30.0,101325.0,230.17564431524013,29.084581510197154,5.55555555555556,4800.000000000013,17.278123799269952
3350.0,55.833333333333336,44.0,True,3300.0,255543.93685726062,20000.0,0.0,20.0,0.420911094877022,23.287962028383234,23.8459969664368,1.1677244397003916,302.2907723602682,101326.446254284,1.4462542840046808,440.37557268881505,20.000000000000018,15133.708738517076,299.04611325730133,25.89611325730135,30.0,101325.0,230.0869889602068,29.140772360268215,5.55555555555556,4800.000000000013,17.28479046593662
3355.0,55.916666666666664,43.199999999999996,True,3239.9999999999995,255392.05780822202,20000.0,0.0,20.0,0.41462144905368525,23.287962028383234,23.83430772133313,1.167511618122017,302.34574787255,101326.40335466135,1.403354661350022,440.2873499655774,20.000000000000018,15130.950570861341,299.0467440698908,25.896744069890815,30.0,101325.0,229.9989687385097,29.195747872550044,5.55555555555556,4800.000000000013,17.291457132603288
3360.0,56.0,42.4,True,3180.0,255244.3395651469,20000.0,20.0,20.0,0.4061645254587695,46.575924056766446,47.166247860322414,1.1673032670696644,302.3995442216333,101326.34669078972,1.3466907897236524,440.19807863411864,20.000000000000018,15128.250341222849,299.04738382688214,25.897383826882162,30.0,101325.0,229.9112981544145,29.2495442216333,5.55555555555556,4800.000000000013,17.298123799269952
3365.0,56.083333333333336,41.6,True,3120.0,255100.66814058027,20000.0,20.0,20.0,0.40045454564468175,46.575924056766446,47.15051747364577,1.1670788857183476,302.4575710078786,101326.30909259696,1.3090925969590899,439.9575597801299,20.000000000000018,15125.342358909786,299.0480327807299,25.89803278072992,30.0,101325.0,229.7415075699454,29.307571007878607,5.55555555555556,4800.000000000013,17.30479046593662
3370.0,56.166666666666664,40.8,True,3060.0,254960.9326698131,20000.0,20.0,20.0,0.3917385634338016,46.575924056766446,47.13152489816328,1.1668605158984395,302.51400555518103,101326.25272736393,1.2527273639279883,439.71661354920013,20.000000000000018,15122.512286043777,299.04869115977993,25.898691159779958,30.0,101325.0,229.57272488280222,29.364005555181052,5.55555555555556,4800.000000000013,17.311457132603287
3375.0,56.25,40.0,True,3000.0,254825.02532533297,20000.0,20.0,20.0,0.3864308554095587,46.575924056766446,47.11677772438547,1.1666487165719523,302.56882480144117,101326.21901066133,1.2190106613270473,439.4780624741199,20.000000000000018,15119.767366772503,299.0493586848689,25.8993586848689,30.0,101325.0,229.40653154159492,29.41882480144119,5.55555555555556,4800.000000000013,17.31812379926995
3380.0,56.333333333333336,39.199999999999996,True,2939.9999999999995,254692.84123361862,20000.0,20.0,20.0,0.3807683062569438,46.575924056766446,47.10186861808848,1.1664431013510481,302.6220543248626,101326.18354696367,1.183546963671688,439.2418720878139,20.000000000000018,15117.102593509582,299.05003508648406,25.90003508648408,30.0,101325.0,229.24283083550938,29.472054324862597,5.55555555555556,4800.000000000013,17.32479046593662
3385.0,56.416666666666664,38.4,True,2880.0,254564.27839421367,20000.0,20.0,20.0,0.3719429875371368,46.575924056766446,47.083510032628624,1.1662433499215863,302.67372473609066,101326.12931906921,1.1293190692085773,439.0080083690204,20.000000000000018,15114.513814983758,299.0507201025471,25.900720102547098,30.0,101325.0,229.08153948124178,29.523724736090685,5.55555555555556,4800.000000000013,17.331457132603287
3390.0,56.5,37.6,False,2820.0,124439.23760101764,20000.0,20.0,20.0,0.36534014226036854,46.575924056766446,47.06799079020513,1.166049651119561,302.72388477394367,101326.08957893508,1.0895789350761333,438.7764376961756,20.000000000000018,15112.003478509512,299.0514134780473,25.901413478047346,30.0,101325.0,228.92267454575207,29.57388477394369,5.55555555555556,4800.000000000013,17.33812379926995
3395.0,56.583333333333336,36.8,False,2760.0,121030.1596196948,20000.0,20.0,20.0,0.016287207389007522,46.575924056766446,46.65965684580966,1.1660166422734475,302.72920573495736,101325.0021654949,0.002165494894143194,438.5469277170581,20.000000000000018,15111.575683863879,299.0521112881729,25.902111288172932,30.0,101325.0,228.79645537135272,29.579205734957384,5.55555555555556,4800.000000000013,17.34479046593662
3400.0,56.666666666666664,36.0,False,2700.0,117714.47511222145,20000.0,20.0,20.0,-0.030680229556013842,46.611648057812566,46.6399257912072,1.1659981447801795,302.73397882918107,101324.99231611032,-0.007683889678446576,438.31962021041056,20.000000000000018,15111.335956351128,299.05280986168026,25.902809861680282,30.0,101325.0,228.67423795657365,29.583978829181092,5.55555555555556,4800.000000000013,17.351457132603286
3405.0,56.75,35.2,False,2640.0,114489.62551554755,20000.0,20.0,20.0,0.04885723534915765,46.575924056766446,46.696350390248185,1.1659845901678212,302.73757930016797,101325.01948595466,0.01948595466092229,438.0944514759028,20.000000000000018,15111.160288574963,299.0535089992597,25.903508999259714,30.0,101325.0,228.55410899243554,29.587579300167988,5.55555555555556,4800.000000000013,17.358123799269954
3410.0,56.833333333333336,34.400000000000006,False,2580.0000000000005,111353.12235979566,20000.0,20.0,20.0,-0.08557996139412036,46.67557320133328,46.638982500807145,1.1659745625201783,302.7399460592336,101324.94021281802,-0.05978718197729904,437.8714674777789,20.000000000000018,15111.03033026151,299.0542085048236,25.9042085048236,30.0,101325.0,228.4358135214959,29.589946059233625,5.55555555555556,4800.000000000013,17.36479046593662
3415.0,56.916666666666664,33.599999999999994,False,2519.9999999999995,108302.54534802181,20000.0,20.0,20.0,0.08904759897127307,46.575924056766446,46.742641984428346,1.1659703780447954,302.74140457954206,101325.0647304072,0.06473040720447898,437.6506211946513,20.000000000000018,15110.97609946055,299.0549081931944,25.904908193194444,30.0,101325.0,228.31977948664047,29.591404579542086,5.55555555555556,4800.000000000013,17.371457132603286
3420.0,57.0,32.8,False,2460.0,105335.54048858238,20000.0,0.0,20.0,-0.034551376186605386,23.328193585216336,23.319370419511916,1.1659685209755948,302.74166424328325,101324.9902547135,-0.009745286501129158,437.4320924914925,20.000000000000018,15110.952031843708,299.0556078888892,25.90560788888922,30.0,101325.0,228.2054108664177,29.591664243283276,5.55555555555556,4800.000000000013,17.378123799269954
3425.0,57.083333333333336,32.0,False,2400.0,102449.8182786656,20000.0,0.0,20.0,0.052757421188504044,23.287962028383234,23.38117923852022,1.1659832484591253,302.73793732955534,101325.02272118768,0.02272118767723441,437.3483451019959,20.000000000000018,15111.142900030263,299.0563071646597,25.906307164659722,30.0,101325.0,228.16460234792135,29.58793732955536,5.55555555555556,4800.000000000013,17.384790465936618
3430.0,57.166666666666664,31.200000000000003,False,2340.0,99643.15193758647,20000.0,0.0,20.0,-0.0595702608692862,23.357325527040476,23.320011976409404,1.1660005988204691,302.73327808327195,101324.97103170629,-0.02896829371456988,437.2640207598575,20.000000000000018,15111.36776071328,299.05700561114065,25.907005611140676,30.0,101325.0,228.1240048827687,29.583278083271978,5.55555555555556,4800.000000000013,17.391457132603286
3435.0,57.25,30.39999999999999,False,2279.9999999999995,96913.37568848114,20000.0,0.0,20.0,0.040324167882595116,23.287962028383234,23.367456137434292,1.1660218638021769,302.72788328021164,101325.0132737838,0.01327378379937727,437.179056888967,20.000000000000018,15111.643354876212,299.0577030889164,25.907703088916435,30.0,101325.0,228.08383818952424,29.577883280211665,5.55555555555556,4800.000000000013,17.398123799269953
3440.0,57.333333333333336,29.599999999999994,False,2219.9999999999995,94258.38308707545,20000.0,0.0,20.0,-0.06682088530078842,23.36576814036262,23.320907114340923,1.1660453557170452,302.72163577159716,101324.9635507697,-0.036449230305152014,437.0934698866065,20.000000000000018,15111.947810092906,299.0583994649704,25.908399464970444,30.0,101325.0,228.04378029700513,29.571635771597187,5.55555555555556,4800.000000000013,17.40479046593662
3445.0,57.416666666666664,28.799999999999997,False,2160.0,91676.12539623746,20000.0,0.0,20.0,-0.04975885434441366,23.345901143910663,23.321444352949932,1.1660722176474956,302.7147107108746,101324.97978821563,-0.020211784372804686,437.007260351151,20.000000000000018,15112.295940711543,299.05909461230783,25.909094612307854,30.0,101325.0,228.0040547507413,29.564710710874635,5.55555555555556,4800.000000000013,17.411457132603285
3450.0,57.5,28.0,False,2100.0,89164.61000506033,20000.0,0.0,20.0,-0.09641129127861567,23.400223152903425,23.32202338356119,1.1661011691780585,302.7070287173009,101324.92412132991,-0.07587867008987814,436.92044249056363,20.000000000000018,15112.671152547638,299.05978841324827,25.909788413248293,30.0,101325.0,227.9644182393179,29.55702871730091,5.55555555555556,4800.000000000013,17.418123799269953
3455.0,57.583333333333336,27.200000000000003,False,2040.0000000000002,86721.89889125482,20000.0,0.0,20.0,-0.11164158837514712,23.417957281926675,23.322658025311167,1.1661329012655572,302.69871436554683,101324.89825433261,-0.1017456673871493,436.8330021352105,20.000000000000018,15113.082400401623,299.06048075433586,25.91048075433588,30.0,101325.0,227.92499815241234,29.548714365546857,5.55555555555556,4800.000000000013,17.42479046593662
3460.0,57.666666666666664,26.39999999999999,False,1979.9999999999993,84346.10712566573,20000.0,0.0,20.0,-0.09994206583121218,23.404334380089004,23.323348224698172,1.1661674112349076,302.6898170787111,101324.91846190594,-0.08153809406212531,436.74494878041736,20.000000000000018,15113.529649604403,299.0611715303945,25.91117153039454,30.0,101325.0,227.8857985688963,29.53981707871111,5.55555555555556,4800.000000000013,17.431457132603285
3465.0,57.75,25.599999999999994,False,1919.9999999999995,82035.40141775763,20000.0,0.0,20.0,-0.1076493782444188,23.413308760029988,23.3240782901108,1.166203914505539,302.6803035888788,101324.90540090909,-0.09459909090946894,436.65629662150417,20.000000000000018,15114.002731991784,299.06186063919597,25.911860639195993,30.0,101325.0,227.84667325199993,29.530303588878837,5.55555555555556,4800.000000000013,17.438123799269952
3470.0,57.833333333333336,24.799999999999997,False,1859.9999999999998,79787.99870094791,20000.0,0.0,20.0,-0.10004942376751057,23.404459387466208,23.324855417436627,1.1662427708718304,302.670257510259,101324.91828663513,-0.08171336486702785,436.56704548190487,20.000000000000018,15114.506310498922,299.06254798745374,25.912547987453763,30.0,101325.0,227.8076921233798,29.520257510259,5.55555555555556,4800.000000000013,17.44479046593662
3475.0,57.916666666666664,24.0,False,1800.0,77602.16475669532,20000.0,0.0,20.0,-0.12543838099202098,23.434022241055434,23.3256631101345,1.166283155506724,302.65963741749914,101324.8715527557,-0.12844724429305643,436.4772120043701,20.000000000000018,15115.02969536714,299.06323348564337,25.91323348564339,30.0,101325.0,227.76870247045116,29.509637417499164,5.55555555555556,4800.000000000013,17.451457132603284
3480.0,58.0,23.200000000000003,False,1740.0000000000002,75476.21287628236,20000.0,0.0,20.0,-0.10618658554908064,23.41160548699277,23.326522453514453,1.1663261226757216,302.6485962388996,101324.90795435959,-0.09204564041283447,436.3867861458153,20.000000000000018,15115.586549877351,299.06391704924533,25.913917049245356,30.0,101325.0,227.72990468596416,29.49859623889961,5.55555555555556,4800.000000000013,17.458123799269952
3485.0,58.083333333333336,22.39999999999999,False,1679.9999999999993,73408.50255925882,20000.0,0.0,20.0,-0.12673302217400956,23.435529718789763,23.32740514193682,1.16637025709684,302.63702759881176,101324.86888768237,-0.13111231762741227,436.2957926677622,20.000000000000018,15116.158531975045,299.06459859894284,25.91459859894286,30.0,101325.0,227.69103506275147,29.48702759881178,5.55555555555556,4800.000000000013,17.46479046593662
3490.0,58.166666666666664,21.599999999999994,False,1619.9999999999995,71397.43824754203,20000.0,0.0,20.0,-0.12243356109642758,23.4305234344739,23.328329239595877,1.1664164619797928,302.625065453848,101324.87763284177,-0.12236715822655242,436.2042236487508,20.000000000000018,15116.757347258113,299.0652780599417,25.915278059941727,30.0,101325.0,227.65226557204076,29.475065453848003,5.55555555555556,4800.000000000013,17.471457132603287
3495.0,58.25,20.799999999999997,False,1559.9999999999998,69441.4680941974,20000.0,0.0,20.0,-0.13261946942902278,23.442383886797607,23.329279892868975,1.1664639946434476,302.61267033735015,101324.85642511288,-0.1435748871153919,436.11209415872105,20.000000000000018,15117.37337057908,299.06595536304957,25.91595536304959,30.0,101325.0,227.61345886866053,29.462670337350175,5.55555555555556,4800.000000000013,17.47812379926995
3500.0,58.333333333333336,20.0,False,1500.0,67539.08276594845,20000.0,0.0,20.0,-0.14431755559189066,23.456005116115886,23.330259157528435,1.1665129578764206,302.5998894892534,101324.82997912774,-0.1700208722613752,436.019407391804,20.000000000000018,15118.00793407841,299.066630443597,25.916630443597,30.0,101325.0,227.5746364727832,29.44988948925345,5.55555555555556,4800.000000000013,17.48479046593662
3505.0,58.416666666666664,19.200000000000003,False,1440.0000000000002,65688.81427849307,20000.0,0.0,20.0,-0.13598407335007584,23.44630162521531,23.331273426974164,1.166563671348707,302.58679165124823,101324.84904760649,-0.15095239350921474,435.92616358490767,20.000000000000018,15118.665180679245,299.0673032394582,25.91730323945825,30.0,101325.0,227.53586064443635,29.436791651248257,5.55555555555556,4800.000000000013,17.491457132603287
3510.0,58.5,18.39999999999999,False,1379.9999999999993,63889.23486372668,20000.0,0.0,20.0,-0.146040350389749,23.458011135107647,23.332306441361172,1.1666153220680575,302.57332578981607,101324.82589564129,-0.17410435870988294,435.8323784211838,20.000000000000018,15119.334574002027,299.0679736936785,25.917973693678505,30.0,101325.0,227.4969807746171,29.42332578981609,5.55555555555556,4800.000000000013,17.49812379926995
3515.0,58.583333333333336,17.599999999999994,False,1319.9999999999995,62138.95586799846,20000.0,0.0,20.0,-0.15358801363152674,23.466799619856523,23.333364140549374,1.1666682070274677,302.55955504385355,101324.80743446587,-0.19256553413288202,435.7380523176184,20.000000000000018,15120.01996307598,299.0686417550322,25.91864175503224,30.0,101325.0,227.45805482835385,29.409555043853572,5.55555555555556,4800.000000000013,17.50479046593662
3520.0,58.666666666666664,16.799999999999997,False,1259.9999999999998,60436.62668055049,20000.0,0.0,20.0,-0.15926110051775033,23.473405351456027,23.33444468467799,1.1667222342338985,302.54550120975017,101324.79294613765,-0.2070538623520406,435.6431909740658,20.000000000000018,15120.720155671324,299.0693073729494,25.919307372949447,30.0,101325.0,227.41906765506639,29.395501209750194,5.55555555555556,4800.000000000013,17.511457132603287
3525.0,58.75,16.0,False,1200.0,58780.933691312755,20000.0,0.0,20.0,-0.15959062460773923,23.473789048680782,23.335548016204335,1.1667774008102156,302.53119394987175,101324.79208842888,-0.2079115711239865,435.5477988436786,20.000000000000018,15121.435114500395,299.06997050152376,25.91997050152378,30.0,101325.0,227.3800208345931,29.381193949871772,5.55555555555556,4800.000000000013,17.518123799269954
3530.0,58.833333333333336,15.200000000000003,False,1140.0000000000002,57170.59927725,20000.0,0.0,20.0,-0.16655041053733474,23.481893010203486,23.336667438202916,1.1668333719101447,302.5166266981991,101324.77355886326,-0.22644113673595712,435.4518847458545,20.000000000000018,15122.160499955475,299.07063110040497,25.92063110040499,30.0,101325.0,227.34085354614933,29.366626698199127,5.55555555555556,4800.000000000013,17.52479046593662
3535.0,58.916666666666664,14.399999999999991,False,1079.9999999999993,55604.38081647801,20000.0,0.0,20.0,-0.16317049778876713,23.47795744621609,23.33780886743615,1.1668904433718064,302.5018580680108,101324.78265623389,-0.21734376611129846,435.35544906034215,20.000000000000018,15122.90014609861,299.07128912964134,25.921289129641366,30.0,101325.0,227.30162347228654,29.351858068010813,5.55555555555556,4800.000000000013,17.531457132603286
3540.0,59.0,13.599999999999994,False,1019.9999999999995,54081.06972938891,20000.0,0.0,20.0,-0.1688328153646886,23.48455063805113,23.33896231250148,1.166948115625073,302.4868621780762,101324.76731004454,-0.2326899554609554,435.25850263695844,20.000000000000018,15123.647578500944,299.07194455435405,25.92194455435407,30.0,101325.0,227.26223880475135,29.336862178076217,5.55555555555556,4800.000000000013,17.538123799269954
3545.0,59.083333333333336,12.799999999999997,False,959.9999999999998,52599.49054604508,20000.0,0.0,20.0,-0.16930149511551684,23.485096367863164,23.34013270929728,1.167006635464863,302.4716900367948,101324.76601635716,-0.23398364284366835,435.16104643257694,20.000000000000018,15124.405995624624,299.0725973423729,25.92259734237291,30.0,101325.0,227.22274797782,29.32169003679485,5.55555555555556,4800.000000000013,17.544790465936618
3550.0,59.166666666666664,12.0,False,900.0,51158.49999912249,20000.0,0.0,20.0,-0.1777429369916805,23.49492556675701,23.341312705130665,1.1670656352565323,302.4563275085399,101324.74210161918,-0.2578983808198245,435.0630893883749,20.000000000000018,15125.170632924657,299.0732474641128,25.92324746411282,30.0,101325.0,227.183083945097,29.306327508539937,5.55555555555556,4800.000000000013,17.551457132603286
3555.0,59.25,11.200000000000003,False,840.0000000000002,49756.98614170324,20000.0,0.0,20.0,-0.18086757491688282,23.498563889224737,23.342507166493505,1.1671253583246741,302.44082318773974,101324.73295445179,-0.26704554821480997,434.96463245824015,20.000000000000018,15125.944643887777,299.0738948930639,25.923894893063903,30.0,101325.0,227.14329445722223,29.29082318773976,5.55555555555556,4800.000000000013,17.558123799269953
3560.0,59.333333333333336,10.399999999999991,False,779.9999999999993,48393.86748923667,20000.0,0.0,20.0,-0.17833935303714732,23.49562003246801,23.343715167692334,1.1671857583846157,302.425194469537,101324.74036796048,-0.25963203952414915,434.865680338382,20.000000000000018,15126.727428664619,299.07453960529324,25.924539605293262,30.0,101325.0,227.10337282530426,29.27519446953704,5.55555555555556,4800.000000000013,17.564790465936618
3565.0,59.416666666666664,9.599999999999994,False,719.9999999999995,47068.092185006884,20000.0,0.0,20.0,-0.1846100819430254,23.502921657300526,23.34492855595656,1.167246427797827,302.40942000801846,101324.72178871547,-0.2782112845306983,434.76624225184673,20.000000000000018,15127.513704259838,299.0751815797342,25.925181579734215,30.0,101325.0,227.06324443864926,29.25942000801848,5.55555555555556,4800.000000000013,17.571457132603285
3570.0,59.5,8.799999999999997,False,659.9999999999998,45778.63718846271,20000.0,0.0,20.0,-0.18609788791864004,23.50465405575381,23.346152791691406,1.1673076395845692,302.39354869415035,101324.71728633561,-0.2827136643900303,434.66631870059047,20.000000000000018,15128.307009016016,299.0758207974155,25.925820797415497,30.0,101325.0,227.02296258204095,29.243548694150377,5.55555555555556,4800.000000000013,17.578123799269953
3575.0,59.583333333333336,8.0,False,600.0,44524.50748578379,20000.0,0.0,20.0,-0.18276460593187774,23.500772788536935,23.347386881517156,1.1673693440758568,302.3775948108056,101324.72732325566,-0.2726767443382414,434.5659142783295,20.000000000000018,15129.106699223104,299.0764572418729,25.926457241872924,30.0,101325.0,226.9825198846301,29.227594810805613,5.55555555555556,4800.000000000013,17.58479046593662
3580.0,59.666666666666664,7.200000000000003,False,540.0000000000002,43304.735322073684,20000.0,0.0,20.0,-0.18993833123479634,23.509125860659754,23.348622186723652,1.1674311093361815,302.3615317936612,101324.70549739043,-0.29450260956946295,434.46503826956456,20.000000000000018,15129.907176996912,299.07709089923395,25.927090899233974,30.0,101325.0,226.94183712416705,29.21153179366121,5.55555555555556,4800.000000000013,17.591457132603285
3585.0,59.75,6.3999999999999915,False,479.9999999999994,42118.37945458733,20000.0,0.0,20.0,-0.19362944516911856,23.513423786717002,23.349864645574893,1.1674932322787437,302.34540848730427,101324.69393990174,-0.30606009825714864,434.36369081234454,20.000000000000018,15130.712290332518,299.077721757247,25.927721757247014,30.0,101325.0,226.90097203017882,29.19540848730429,5.55555555555556,4800.000000000013,17.598123799269953
3590.0,59.833333333333336,5.599999999999994,False,419.99999999999955,40964.524426416865,20000.0,0.0,20.0,-0.1935558113851495,23.513338047678747,23.351113573932135,1.1675556786966057,302.329238314624,101324.69417263575,-0.3058273642527638,434.2618761646499,20.000000000000018,15131.52159590801,299.07834980595663,25.928349805956657,30.0,101325.0,226.85992009255696,29.179238314624,5.55555555555556,4800.000000000013,17.60479046593662
3595.0,59.916666666666664,4.799999999999997,False,359.9999999999998,39842.27986007506,20000.0,0.0,20.0,-0.1926297347187467,23.51225972576662,23.352366585663045,1.1676183292831512,302.3130250255968,101324.69709212492,-0.3029078750842018,434.159599576201,20.000000000000018,15132.333547509641,299.0789750374627,25.92897503746275,30.0,101325.0,226.81866079434283,29.163025025596824,5.55555555555556,4800.000000000013,17.611457132603284
3600.0,60.0,4.0,False,300.0,38750.77977043152,20000.0,0.0,20.0,-0.19446987223983364,23.514402378402522,23.35362095435703,1.1676810477178505,302.29676985304445,101324.69127729625,-0.3087227037467528,434.0568664311891,20.000000000000018,15133.146378423344,299.07959744573424,25.92959744573426,30.0,101325.0,226.77717040665814,29.146769853044475,5.55555555555556,4800.000000000013,17.618123799269952
