base_airflow_m3_s,maximum_airflow_m3_s,temperature_gain_m3_s_per_K,co2_gain_m3_s_per_ppm,scenario,maximum_air_temperature_C,mean_air_temperature_C,maximum_structure_temperature_C,maximum_co2_ppm,mean_co2_ppm,maximum_absolute_pressure_difference_Pa,mean_ventilation_airflow_m3_s,maximum_ventilation_airflow_m3_s,total_fan_energy_proxy_kWh,total_passenger_heat_kWh,total_train_heat_kWh,time_above_27_C_s,time_above_29_C_s,time_above_1000_ppm_s,time_above_1200_ppm_s,minimum_air_mass_kg,maximum_air_mass_kg,minimum_air_changes_per_hour,mean_air_changes_per_hour,maximum_air_changes_per_hour,solver_function_evaluations,solver_success,analysis_threshold_note,feasible
10,50,0,0.0,baseline,29.491432779496677,28.262233735475363,25.876581143453052,600.0,503.04518704604635,2.8903363239078317,10.125289217981205,25.0,0.6453247227552598,10.55,59.730932082731805,2727.5,990.0,0.0,0.0,15115.960763785932,15292.379095470611,2.7777777777777795,2.812580338328113,6.944444444444445,56108,True,"27/29 °C and 1000/1200 ppm are illustrative experiment targets, not universal regulatory limits.",False
10,50,0,0.02,baseline,29.491432779496677,28.262233735475363,25.876581143453052,600.0,503.04518704604635,2.8903363239078317,10.125289217981205,25.0,0.6453247227552598,10.55,59.730932082731805,2727.5,990.0,0.0,0.0,15115.960763785932,15292.379095470611,2.7777777777777795,2.812580338328113,6.944444444444445,56108,True,"27/29 °C and 1000/1200 ppm are illustrative experiment targets, not universal regulatory limits.",False
10,50,0,0.04,baseline,29.491432779496677,28.262233735475363,25.876581143453052,600.0,503.04518704604635,2.8903363239078317,10.125289217981205,25.0,0.6453247227552598,10.55,59.730932082731805,2727.5,990.0,0.0,0.0,15115.960763785932,15292.379095470611,2.7777777777777795,2.812580338328113,6.944444444444445,56108,True,"27/29 °C and 1000/1200 ppm are illustrative experiment targets, not universal regulatory limits.",False
10,50,0,0.06,baseline,29.491432779496677,28.262233735475363,25.876581143453052,600.0,503.04518704604635,2.8903363239078317,10.125289217981205,25.0,0.6453247227552598,10.55,59.730932082731805,2727.5,990.0,0.0,0.0,15115.960763785932,15292.379095470611,2.7777777777777795,2.812580338328113,6.944444444444445,56108,True,"27/29 °C and 1000/1200 ppm are illustrative experiment targets, not universal regulatory limits.",False
10,50,0,0.08,baseline,29.491432779496677,28.262233735475363,25.876581143453052,600.0,503.04518704604635,2.8903363239078317,10.125289217981205,25.0,0.6453247227552598,10.55,59.730932082731805,2727.5,990.0,0.0,0.0,15115.960763785932,15292.379095470611,2.7777777777777795,2.812580338328113,6.944444444444445,56108,True,"27/29 °C and 1000/1200 ppm are illustrative experiment targets, not universal regulatory limits.",False
10,50,2,0.0,baseline,29.586098008210058,28.34148102307705,25.88560861330535,600.0,492.49496958147813,2.8360570521617774,13.782613269216059,25.0,1.6682130704161724,10.55,59.730932082731805,2817.5,1132.5,0.0,0.0,15111.230642671671,15292.379095470611,2.786947852322067,3.82850368589335,6.944444444444445,53954,True,"27/29 °C and 1000/1200 ppm are illustrative experiment targets, not universal regulatory limits.",False
10,50,2,0.02,baseline,29.586098008210058,28.34148102307705,25.88560861330535,600.0,492.49496958147813,2.8360570521617774,13.782613269216059,25.0,1.6682130704161724,10.55,59.730932082731805,2817.5,1132.5,0.0,0.0,15111.230642671671,15292.379095470611,2.786947852322067,3.82850368589335,6.944444444444445,53954,True,"27/29 °C and 1000/1200 ppm are illustrative experiment targets, not universal regulatory limits.",False
10,50,2,0.04,baseline,29.586098008210058,28.34148102307705,25.88560861330535,600.0,492.49496958147813,2.8360570521617774,13.782613269216059,25.0,1.6682130704161724,10.55,59.730932082731805,2817.5,1132.5,0.0,0.0,15111.230642671671,15292.379095470611,2.786947852322067,3.82850368589335,6.944444444444445,53954,True,"27/29 °C and 1000/1200 ppm are illustrative experiment targets, not universal regulatory limits.",False
10,50,2,0.06,baseline,29.586098008210058,28.34148102307705,25.88560861330535,600.0,492.49496958147813,2.8360570521617774,13.782613269216059,25.0,1.6682130704161724,10.55,59.730932082731805,2817.5,1132.5,0.0,0.0,15111.230642671671,15292.379095470611,2.786947852322067,3.82850368589335,6.944444444444445,53954,True,"27/29 °C and 1000/1200 ppm are illustrative experiment targets, not universal regulatory limits.",False
10,50,2,0.08,baseline,29.586098008210058,28.34148102307705,25.88560861330535,600.0,492.49496958147813,2.8360570521617774,13.782613269216059,25.0,1.6682130704161724,10.55,59.730932082731805,2817.5,1132.5,0.0,0.0,15111.230642671671,15292.379095470611,2.786947852322067,3.82850368589335,6.944444444444445,53954,True,"27/29 °C and 1000/1200 ppm are illustrative experiment targets, not universal regulatory limits.",False
10,50,4,0.0,baseline,29.67050426403415,28.414627148909275,25.89392647454605,600.0,484.6300277661977,2.7770407226198586,17.729729287531057,25.0,3.8216792096108723,10.55,59.730932082731805,2897.5,1262.5,0.0,0.0,15107.02356897728,15292.379095470611,2.787807715408517,4.924924802091961,6.944444444444445,51524,True,"27/29 °C and 1000/1200 ppm are illustrative experiment targets, not universal regulatory limits.",False
10,50,4,0.02,baseline,29.67050426403415,28.414627148909275,25.89392647454605,600.0,484.6300277661977,2.7770407226198586,17.729729287531057,25.0,3.8216792096108723,10.55,59.730932082731805,2897.5,1262.5,0.0,0.0,15107.02356897728,15292.379095470611,2.787807715408517,4.924924802091961,6.944444444444445,51524,True,"27/29 °C and 1000/1200 ppm are illustrative experiment targets, not universal regulatory limits.",False
10,50,4,0.04,baseline,29.67050426403415,28.414627148909275,25.89392647454605,600.0,484.6300277661977,2.7770407226198586,17.729729287531057,25.0,3.8216792096108723,10.55,59.730932082731805,2897.5,1262.5,0.0,0.0,15107.02356897728,15292.379095470611,2.787807715408517,4.924924802091961,6.944444444444445,51524,True,"27/29 °C and 1000/1200 ppm are illustrative experiment targets, not universal regulatory limits.",False
10,50,4,0.06,baseline,29.67050426403415,28.414627148909275,25.89392647454605,600.0,484.6300277661977,2.7770407226198586,17.729729287531057,25.0,3.8216792096108723,10.55,59.730932082731805,2897.5,1262.5,0.0,0.0,15107.02356897728,15292.379095470611,2.787807715408517,4.924924802091961,6.944444444444445,51524,True,"27/29 °C and 1000/1200 ppm are illustrative experiment targets, not universal regulatory limits.",False
10,50,4,0.08,baseline,29.67050426403415,28.414627148909275,25.89392647454605,600.0,484.6300277661977,2.7770407226198586,17.729729287531057,25.0,3.8216792096108723,10.55,59.730932082731805,2897.5,1262.5,0.0,0.0,15107.02356897728,15292.379095470611,2.787807715408517,4.924924802091961,6.944444444444445,51524,True,"27/29 °C and 1000/1200 ppm are illustrative experiment targets, not universal regulatory limits.",False
10,50,6,0.0,baseline,29.745351798541037,28.482648787095705,25.901646038499337,600.0,478.6404840654942,2.709365134665859,21.93648024149467,29.164108328755614,7.713373955450059,10.55,59.730932082731805,2957.5,1367.5,0.0,0.0,15103.29391337976,15292.379095470611,2.7882818184119293,6.09346673374852,8.101141202432116,49172,True,"27/29 °C and 1000/1200 ppm are illustrative experiment targets, not universal regulatory limits.",False
10,50,6,0.02,baseline,29.745351798541037,28.482648787095705,25.901646038499337,600.0,478.6404840654942,2.709365134665859,21.93648024149467,29.164108328755614,7.713373955450059,10.55,59.730932082731805,2957.5,1367.5,0.0,0.0,15103.29391337976,15292.379095470611,2.7882818184119293,6.09346673374852,8.101141202432116,49172,True,"27/29 °C and 1000/1200 ppm are illustrative experiment targets, not universal regulatory limits.",False
10,50,6,0.04,baseline,29.745351798541037,28.482648787095705,25.901646038499337,600.0,478.6404840654942,2.709365134665859,21.93648024149467,29.164108328755614,7.713373955450059,10.55,59.730932082731805,2957.5,1367.5,0.0,0.0,15103.29391337976,15292.379095470611,2.7882818184119293,6.09346673374852,8.101141202432116,49172,True,"27/29 °C and 1000/1200 ppm are illustrative experiment targets, not universal regulatory limits.",False
10,50,6,0.06,baseline,29.745351798541037,28.482648787095705,25.901646038499337,600.0,478.6404840654942,2.709365134665859,21.93648024149467,29.164108328755614,7.713373955450059,10.55,59.730932082731805,2957.5,1367.5,0.0,0.0,15103.29391337976,15292.379095470611,2.7882818184119293,6.09346673374852,8.101141202432116,49172,True,"27/29 °C and 1000/1200 ppm are illustrative experiment targets, not universal regulatory limits.",False
10,50,6,0.08,baseline,29.745351798541037,28.482648787095705,25.901646038499337,600.0,478.6404840654942,2.709365134665859,21.93648024149467,29.164108328755614,7.713373955450059,10.55,59.730932082731805,2957.5,1367.5,0.0,0.0,15103.29391337976,15292.379095470611,2.7882818184119293,6.09346673374852,8.101141202432116,49172,True,"27/29 °C and 1000/1200 ppm are illustrative experiment targets, not universal regulatory limits.",False
10,50,8,0.0,baseline,29.811413304456664,28.544844162416823,25.908689802372464,600.0,473.96541195587014,2.635893910221057,26.367076789774107,36.054516001197754,14.04442924515158,10.55,59.730932082731805,2997.5,1537.5,0.0,0.0,15099.986153083852,15292.379095470611,2.788340457016823,7.3241879971594726,10.015143333666042,47054,True,"27/29 °C and 1000/1200 ppm are illustrative experiment targets, not universal regulatory limits.",False
10,50,8,0.02,baseline,29.811413304456664,28.544844162416823,25.908689802372464,600.0,473.96541195587014,2.635893910221057,26.367076789774107,36.054516001197754,14.04442924515158,10.55,59.730932082731805,2997.5,1537.5,0.0,0.0,15099.986153083852,15292.379095470611,2.788340457016823,7.3241879971594726,10.015143333666042,47054,True,"27/29 °C and 1000/1200 ppm are illustrative experiment targets, not universal regulatory limits.",False
10,50,8,0.04,baseline,29.811413304456664,28.544844162416823,25.908689802372464,600.0,473.96541195587014,2.635893910221057,26.367076789774107,36.054516001197754,14.04442924515158,10.55,59.730932082731805,2997.5,1537.5,0.0,0.0,15099.986153083852,15292.379095470611,2.788340457016823,7.3241879971594726,10.015143333666042,47054,True,"27/29 °C and 1000/1200 ppm are illustrative experiment targets, not universal regulatory limits.",False
10,50,8,0.06,baseline,29.811413304456664,28.544844162416823,25.908689802372464,600.0,473.96541195587014,2.635893910221057,26.367076789774107,36.054516001197754,14.04442924515158,10.55,59.730932082731805,2997.5,1537.5,0.0,0.0,15099.986153083852,15292.379095470611,2.788340457016823,7.3241879971594726,10.015143333666042,47054,True,"27/29 °C and 1000/1200 ppm are illustrative experiment targets, not universal regulatory limits.",False
10,50,8,0.08,baseline,29.811413304456664,28.544844162416823,25.908689802372464,600.0,473.96541195587014,2.635893910221057,26.367076789774107,36.054516001197754,14.04442924515158,10.55,59.730932082731805,2997.5,1537.5,0.0,0.0,15099.986153083852,15292.379095470611,2.788340457016823,7.3241879971594726,10.015143333666042,47054,True,"27/29 °C and 1000/1200 ppm are illustrative experiment targets, not universal regulatory limits.",False
10,60,0,0.0,baseline,29.491432779496677,28.262233735475363,25.876581143453052,600.0,503.04518704604635,2.8903363239078317,10.125289217981205,25.0,0.6453247227552598,10.55,59.730932082731805,2727.5,990.0,0.0,0.0,15115.960763785932,15292.379095470611,2.7777777777777795,2.812580338328113,6.944444444444445,56108,True,"27/29 °C and 1000/1200 ppm are illustrative experiment targets, not universal regulatory limits.",False
10,60,0,0.02,baseline,29.491432779496677,28.262233735475363,25.876581143453052,600.0,503.04518704604635,2.8903363239078317,10.125289217981205,25.0,0.6453247227552598,10.55,59.730932082731805,2727.5,990.0,0.0,0.0,15115.960763785932,15292.379095470611,2.7777777777777795,2.812580338328113,6.944444444444445,56108,True,"27/29 °C and 1000/1200 ppm are illustrative experiment targets, not universal regulatory limits.",False
10,60,0,0.04,baseline,29.491432779496677,28.262233735475363,25.876581143453052,600.0,503.04518704604635,2.8903363239078317,10.125289217981205,25.0,0.6453247227552598,10.55,59.730932082731805,2727.5,990.0,0.0,0.0,15115.960763785932,15292.379095470611,2.7777777777777795,2.812580338328113,6.944444444444445,56108,True,"27/29 °C and 1000/1200 ppm are illustrative experiment targets, not universal regulatory limits.",False
10,60,0,0.06,baseline,29.491432779496677,28.262233735475363,25.876581143453052,600.0,503.04518704604635,2.8903363239078317,10.125289217981205,25.0,0.6453247227552598,10.55,59.730932082731805,2727.5,990.0,0.0,0.0,15115.960763785932,15292.379095470611,2.7777777777777795,2.812580338328113,6.944444444444445,56108,True,"27/29 °C and 1000/1200 ppm are illustrative experiment targets, not universal regulatory limits.",False
10,60,0,0.08,baseline,29.491432779496677,28.262233735475363,25.876581143453052,600.0,503.04518704604635,2.8903363239078317,10.125289217981205,25.0,0.6453247227552598,10.55,59.730932082731805,2727.5,990.0,0.0,0.0,15115.960763785932,15292.379095470611,2.7777777777777795,2.812580338328113,6.944444444444445,56108,True,"27/29 °C and 1000/1200 ppm are illustrative experiment targets, not universal regulatory limits.",False
10,60,2,0.0,baseline,29.586098008210058,28.34148102307705,25.88560861330535,600.0,492.49496958147813,2.8360570521617774,13.782613269216059,25.0,1.6682130704161724,10.55,59.730932082731805,2817.5,1132.5,0.0,0.0,15111.230642671671,15292.379095470611,2.786947852322067,3.82850368589335,6.944444444444445,53954,True,"27/29 °C and 1000/1200 ppm are illustrative experiment targets, not universal regulatory limits.",False
10,60,2,0.02,baseline,29.586098008210058,28.34148102307705,25.88560861330535,600.0,492.49496958147813,2.8360570521617774,13.782613269216059,25.0,1.6682130704161724,10.55,59.730932082731805,2817.5,1132.5,0.0,0.0,15111.230642671671,15292.379095470611,2.786947852322067,3.82850368589335,6.944444444444445,53954,True,"27/29 °C and 1000/1200 ppm are illustrative experiment targets, not universal regulatory limits.",False
10,60,2,0.04,baseline,29.586098008210058,28.34148102307705,25.88560861330535,600.0,492.49496958147813,2.8360570521617774,13.782613269216059,25.0,1.6682130704161724,10.55,59.730932082731805,2817.5,1132.5,0.0,0.0,15111.230642671671,15292.379095470611,2.786947852322067,3.82850368589335,6.944444444444445,53954,True,"27/29 °C and 1000/1200 ppm are illustrative experiment targets, not universal regulatory limits.",False
10,60,2,0.06,baseline,29.586098008210058,28.34148102307705,25.88560861330535,600.0,492.49496958147813,2.8360570521617774,13.782613269216059,25.0,1.6682130704161724,10.55,59.730932082731805,2817.5,1132.5,0.0,0.0,15111.230642671671,15292.379095470611,2.786947852322067,3.82850368589335,6.944444444444445,53954,True,"27/29 °C and 1000/1200 ppm are illustrative experiment targets, not universal regulatory limits.",False
10,60,2,0.08,baseline,29.586098008210058,28.34148102307705,25.88560861330535,600.0,492.49496958147813,2.8360570521617774,13.782613269216059,25.0,1.6682130704161724,10.55,59.730932082731805,2817.5,1132.5,0.0,0.0,15111.230642671671,15292.379095470611,2.786947852322067,3.82850368589335,6.944444444444445,53954,True,"27/29 °C and 1000/1200 ppm are illustrative experiment targets, not universal regulatory limits.",False
10,60,4,0.0,baseline,29.67050426403415,28.414627148909275,25.89392647454605,600.0,484.6300277661977,2.7770407226198586,17.729729287531057,25.0,3.8216792096108723,10.55,59.730932082731805,2897.5,1262.5,0.0,0.0,15107.02356897728,15292.379095470611,2.787807715408517,4.924924802091961,6.944444444444445,51524,True,"27/29 °C and 1000/1200 ppm are illustrative experiment targets, not universal regulatory limits.",False
10,60,4,0.02,baseline,29.67050426403415,28.414627148909275,25.89392647454605,600.0,484.6300277661977,2.7770407226198586,17.729729287531057,25.0,3.8216792096108723,10.55,59.730932082731805,2897.5,1262.5,0.0,0.0,15107.02356897728,15292.379095470611,2.787807715408517,4.924924802091961,6.944444444444445,51524,True,"27/29 °C and 1000/1200 ppm are illustrative experiment targets, not universal regulatory limits.",False
10,60,4,0.04,baseline,29.67050426403415,28.414627148909275,25.89392647454605,600.0,484.6300277661977,2.7770407226198586,17.729729287531057,25.0,3.8216792096108723,10.55,59.730932082731805,2897.5,1262.5,0.0,0.0,15107.02356897728,15292.379095470611,2.787807715408517,4.924924802091961,6.944444444444445,51524,True,"27/29 °C and 1000/1200 ppm are illustrative experiment targets, not universal regulatory limits.",False
10,60,4,0.06,baseline,29.67050426403415,28.414627148909275,25.89392647454605,600.0,484.6300277661977,2.7770407226198586,17.729729287531057,25.0,3.8216792096108723,10.55,59.730932082731805,2897.5,1262.5,0.0,0.0,15107.02356897728,15292.379095470611,2.787807715408517,4.924924802091961,6.944444444444445,51524,True,"27/29 °C and 1000/1200 ppm are illustrative experiment targets, not universal regulatory limits.",False
10,60,4,0.08,baseline,29.67050426403415,28.414627148909275,25.89392647454605,600.0,484.6300277661977,2.7770407226198586,17.729729287531057,25.0,3.8216792096108723,10.55,59.730932082731805,2897.5,1262.5,0.0,0.0,15107.02356897728,15292.379095470611,2.787807715408517,4.924924802091961,6.944444444444445,51524,True,"27/29 °C and 1000/1200 ppm are illustrative experiment targets, not universal regulatory limits.",False
10,60,6,0.0,baseline,29.745351798541037,28.482648787095705,25.901646038499337,600.0,478.6404840654942,2.709365134665859,21.93648024149467,29.164108328755614,7.713373955450059,10.55,59.730932082731805,2957.5,1367.5,0.0,0.0,15103.29391337976,15292.379095470611,2.7882818184119293,6.09346673374852,8.101141202432116,49172,True,"27/29 °C and 1000/1200 ppm are illustrative experiment targets, not universal regulatory limits.",False
10,60,6,0.02,baseline,29.745351798541037,28.482648787095705,25.901646038499337,600.0,478.6404840654942,2.709365134665859,21.93648024149467,29.164108328755614,7.713373955450059,10.55,59.730932082731805,2957.5,1367.5,0.0,0.0,15103.29391337976,15292.379095470611,2.7882818184119293,6.09346673374852,8.101141202432116,49172,True,"27/29 °C and 1000/1200 ppm are illustrative experiment targets, not universal regulatory limits.",False
10,60,6,0.04,baseline,29.745351798541037,28.482648787095705,25.901646038499337,600.0,478.6404840654942,2.709365134665859,21.93648024149467,29.164108328755614,7.713373955450059,10.55,59.730932082731805,2957.5,1367.5,0.0,0.0,15103.29391337976,15292.379095470611,2.7882818184119293,6.09346673374852,8.101141202432116,49172,True,"27/29 °C and 1000/1200 ppm are illustrative experiment targets, not universal regulatory limits.",False
10,60,6,0.06,baseline,29.745351798541037,28.482648787095705,25.901646038499337,600.0,478.6404840654942,2.709365134665859,21.93648024149467,29.164108328755614,7.713373955450059,10.55,59.730932082731805,2957.5,1367.5,0.0,0.0,15103.29391337976,15292.379095470611,2.7882818184119293,6.09346673374852,8.101141202432116,49172,True,"27/29 °C and 1000/1200 ppm are illustrative experiment targets, not universal regulatory limits.",False
10,60,6,0.08,baseline,29.745351798541037,28.482648787095705,25.901646038499337,600.0,478.6404840654942,2.709365134665859,21.93648024149467,29.164108328755614,7.713373955450059,10.55,59.730932082731805,2957.5,1367.5,0.0,0.0,15103.29391337976,15292.379095470611,2.7882818184119293,6.09346673374852,8.101141202432116,49172,True,"27/29 °C and 1000/1200 ppm are illustrative experiment targets, not universal regulatory limits.",False
10,60,8,0.0,baseline,29.811413304456664,28.544844162416823,25.908689802372464,600.0,473.96541195587014,2.635893910221057,26.367076789774107,36.054516001197754,14.04442924515158,10.55,59.730932082731805,2997.5,1537.5,0.0,0.0,15099.986153083852,15292.379095470611,2.788340457016823,7.3241879971594726,10.015143333666042,47054,True,"27/29 °C and 1000/1200 ppm are illustrative experiment targets, not universal regulatory limits.",False
10,60,8,0.02,baseline,29.811413304456664,28.544844162416823,25.908689802372464,600.0,473.96541195587014,2.635893910221057,26.367076789774107,36.054516001197754,14.04442924515158,10.55,59.730932082731805,2997.5,1537.5,0.0,0.0,15099.986153083852,15292.379095470611,2.788340457016823,7.3241879971594726,10.015143333666042,47054,True,"27/29 °C and 1000/1200 ppm are illustrative experiment targets, not universal regulatory limits.",False
10,60,8,0.04,baseline,29.811413304456664,28.544844162416823,25.908689802372464,600.0,473.96541195587014,2.635893910221057,26.367076789774107,36.054516001197754,14.04442924515158,10.55,59.730932082731805,2997.5,1537.5,0.0,0.0,15099.986153083852,15292.379095470611,2.788340457016823,7.3241879971594726,10.015143333666042,47054,True,"27/29 °C and 1000/1200 ppm are illustrative experiment targets, not universal regulatory limits.",False
10,60,8,0.06,baseline,29.811413304456664,28.544844162416823,25.908689802372464,600.0,473.96541195587014,2.635893910221057,26.367076789774107,36.054516001197754,14.04442924515158,10.55,59.730932082731805,2997.5,1537.5,0.0,0.0,15099.986153083852,15292.379095470611,2.788340457016823,7.3241879971594726,10.015143333666042,47054,True,"27/29 °C and 1000/1200 ppm are illustrative experiment targets, not universal regulatory limits.",False
10,60,8,0.08,baseline,29.811413304456664,28.544844162416823,25.908689802372464,600.0,473.96541195587014,2.635893910221057,26.367076789774107,36.054516001197754,14.04442924515158,10.55,59.730932082731805,2997.5,1537.5,0.0,0.0,15099.986153083852,15292.379095470611,2.788340457016823,7.3241879971594726,10.015143333666042,47054,True,"27/29 °C and 1000/1200 ppm are illustrative experiment targets, not universal regulatory limits.",False
10,70,0,0.0,baseline,29.491432779496677,28.262233735475363,25.876581143453052,600.0,503.04518704604635,2.8903363239078317,10.125289217981205,25.0,0.6453247227552598,10.55,59.730932082731805,2727.5,990.0,0.0,0.0,15115.960763785932,15292.379095470611,2.7777777777777795,2.812580338328113,6.944444444444445,56108,True,"27/29 °C and 1000/1200 ppm are illustrative experiment targets, not universal regulatory limits.",False
10,70,0,0.02,baseline,29.491432779496677,28.262233735475363,25.876581143453052,600.0,503.04518704604635,2.8903363239078317,10.125289217981205,25.0,0.6453247227552598,10.55,59.730932082731805,2727.5,990.0,0.0,0.0,15115.960763785932,15292.379095470611,2.7777777777777795,2.812580338328113,6.944444444444445,56108,True,"27/29 °C and 1000/1200 ppm are illustrative experiment targets, not universal regulatory limits.",False
10,70,0,0.04,baseline,29.491432779496677,28.262233735475363,25.876581143453052,600.0,503.04518704604635,2.8903363239078317,10.125289217981205,25.0,0.6453247227552598,10.55,59.730932082731805,2727.5,990.0,0.0,0.0,15115.960763785932,15292.379095470611,2.7777777777777795,2.812580338328113,6.944444444444445,56108,True,"27/29 °C and 1000/1200 ppm are illustrative experiment targets, not universal regulatory limits.",False
10,70,0,0.06,baseline,29.491432779496677,28.262233735475363,25.876581143453052,600.0,503.04518704604635,2.8903363239078317,10.125289217981205,25.0,0.6453247227552598,10.55,59.730932082731805,2727.5,990.0,0.0,0.0,15115.960763785932,15292.379095470611,2.7777777777777795,2.812580338328113,6.944444444444445,56108,True,"27/29 °C and 1000/1200 ppm are illustrative experiment targets, not universal regulatory limits.",False
10,70,0,0.08,baseline,29.491432779496677,28.262233735475363,25.876581143453052,600.0,503.04518704604635,2.8903363239078317,10.125289217981205,25.0,0.6453247227552598,10.55,59.730932082731805,2727.5,990.0,0.0,0.0,15115.960763785932,15292.379095470611,2.7777777777777795,2.812580338328113,6.944444444444445,56108,True,"27/29 °C and 1000/1200 ppm are illustrative experiment targets, not universal regulatory limits.",False
10,70,2,0.0,baseline,29.586098008210058,28.34148102307705,25.88560861330535,600.0,492.49496958147813,2.8360570521617774,13.782613269216059,25.0,1.6682130704161724,10.55,59.730932082731805,2817.5,1132.5,0.0,0.0,15111.230642671671,15292.379095470611,2.786947852322067,3.82850368589335,6.944444444444445,53954,True,"27/29 °C and 1000/1200 ppm are illustrative experiment targets, not universal regulatory limits.",False
10,70,2,0.02,baseline,29.586098008210058,28.34148102307705,25.88560861330535,600.0,492.49496958147813,2.8360570521617774,13.782613269216059,25.0,1.6682130704161724,10.55,59.730932082731805,2817.5,1132.5,0.0,0.0,15111.230642671671,15292.379095470611,2.786947852322067,3.82850368589335,6.944444444444445,53954,True,"27/29 °C and 1000/1200 ppm are illustrative experiment targets, not universal regulatory limits.",False
10,70,2,0.04,baseline,29.586098008210058,28.34148102307705,25.88560861330535,600.0,492.49496958147813,2.8360570521617774,13.782613269216059,25.0,1.6682130704161724,10.55,59.730932082731805,2817.5,1132.5,0.0,0.0,15111.230642671671,15292.379095470611,2.786947852322067,3.82850368589335,6.944444444444445,53954,True,"27/29 °C and 1000/1200 ppm are illustrative experiment targets, not universal regulatory limits.",False
10,70,2,0.06,baseline,29.586098008210058,28.34148102307705,25.88560861330535,600.0,492.49496958147813,2.8360570521617774,13.782613269216059,25.0,1.6682130704161724,10.55,59.730932082731805,2817.5,1132.5,0.0,0.0,15111.230642671671,15292.379095470611,2.786947852322067,3.82850368589335,6.944444444444445,53954,True,"27/29 °C and 1000/1200 ppm are illustrative experiment targets, not universal regulatory limits.",False
10,70,2,0.08,baseline,29.586098008210058,28.34148102307705,25.88560861330535,600.0,492.49496958147813,2.8360570521617774,13.782613269216059,25.0,1.6682130704161724,10.55,59.730932082731805,2817.5,1132.5,0.0,0.0,15111.230642671671,15292.379095470611,2.786947852322067,3.82850368589335,6.944444444444445,53954,True,"27/29 °C and 1000/1200 ppm are illustrative experiment targets, not universal regulatory limits.",False
10,70,4,0.0,baseline,29.67050426403415,28.414627148909275,25.89392647454605,600.0,484.6300277661977,2.7770407226198586,17.729729287531057,25.0,3.8216792096108723,10.55,59.730932082731805,2897.5,1262.5,0.0,0.0,15107.02356897728,15292.379095470611,2.787807715408517,4.924924802091961,6.944444444444445,51524,True,"27/29 °C and 1000/1200 ppm are illustrative experiment targets, not universal regulatory limits.",False
10,70,4,0.02,baseline,29.67050426403415,28.414627148909275,25.89392647454605,600.0,484.6300277661977,2.7770407226198586,17.729729287531057,25.0,3.8216792096108723,10.55,59.730932082731805,2897.5,1262.5,0.0,0.0,15107.02356897728,15292.379095470611,2.787807715408517,4.924924802091961,6.944444444444445,51524,True,"27/29 °C and 1000/1200 ppm are illustrative experiment targets, not universal regulatory limits.",False
10,70,4,0.04,baseline,29.67050426403415,28.414627148909275,25.89392647454605,600.0,484.6300277661977,2.7770407226198586,17.729729287531057,25.0,3.8216792096108723,10.55,59.730932082731805,2897.5,1262.5,0.0,0.0,15107.02356897728,15292.379095470611,2.787807715408517,4.924924802091961,6.944444444444445,51524,True,"27/29 °C and 1000/1200 ppm are illustrative experiment targets, not universal regulatory limits.",False
10,70,4,0.06,baseline,29.67050426403415,28.414627148909275,25.89392647454605,600.0,484.6300277661977,2.7770407226198586,17.729729287531057,25.0,3.8216792096108723,10.55,59.730932082731805,2897.5,1262.5,0.0,0.0,15107.02356897728,15292.379095470611,2.787807715408517,4.924924802091961,6.944444444444445,51524,True,"27/29 °C and 1000/1200 ppm are illustrative experiment targets, not universal regulatory limits.",False
10,70,4,0.08,baseline,29.67050426403415,28.414627148909275,25.89392647454605,600.0,484.6300277661977,2.7770407226198586,17.729729287531057,25.0,3.8216792096108723,10.55,59.730932082731805,2897.5,1262.5,0.0,0.0,15107.02356897728,15292.379095470611,2.787807715408517,4.924924802091961,6.944444444444445,51524,True,"27/29 °C and 1000/1200 ppm are illustrative experiment targets, not universal regulatory limits.",False
10,70,6,0.0,baseline,29.745351798541037,28.482648787095705,25.901646038499337,600.0,478.6404840654942,2.709365134665859,21.93648024149467,29.164108328755614,7.713373955450059,10.55,59.730932082731805,2957.5,1367.5,0.0,0.0,15103.29391337976,15292.379095470611,2.7882818184119293,6.09346673374852,8.101141202432116,49172,True,"27/29 °C and 1000/1200 ppm are illustrative experiment targets, not universal regulatory limits.",False
10,70,6,0.02,baseline,29.745351798541037,28.482648787095705,25.901646038499337,600.0,478.6404840654942,2.709365134665859,21.93648024149467,29.164108328755614,7.713373955450059,10.55,59.730932082731805,2957.5,1367.5,0.0,0.0,15103.29391337976,15292.379095470611,2.7882818184119293,6.09346673374852,8.101141202432116,49172,True,"27/29 °C and 1000/1200 ppm are illustrative experiment targets, not universal regulatory limits.",False
10,70,6,0.04,baseline,29.745351798541037,28.482648787095705,25.901646038499337,600.0,478.6404840654942,2.709365134665859,21.93648024149467,29.164108328755614,7.713373955450059,10.55,59.730932082731805,2957.5,1367.5,0.0,0.0,15103.29391337976,15292.379095470611,2.7882818184119293,6.09346673374852,8.101141202432116,49172,True,"27/29 °C and 1000/1200 ppm are illustrative experiment targets, not universal regulatory limits.",False
10,70,6,0.06,baseline,29.745351798541037,28.482648787095705,25.901646038499337,600.0,478.6404840654942,2.709365134665859,21.93648024149467,29.164108328755614,7.713373955450059,10.55,59.730932082731805,2957.5,1367.5,0.0,0.0,15103.29391337976,15292.379095470611,2.7882818184119293,6.09346673374852,8.101141202432116,49172,True,"27/29 °C and 1000/1200 ppm are illustrative experiment targets, not universal regulatory limits.",False
10,70,6,0.08,baseline,29.745351798541037,28.482648787095705,25.901646038499337,600.0,478.6404840654942,2.709365134665859,21.93648024149467,29.164108328755614,7.713373955450059,10.55,59.730932082731805,2957.5,1367.5,0.0,0.0,15103.29391337976,15292.379095470611,2.7882818184119293,6.09346673374852,8.101141202432116,49172,True,"27/29 °C and 1000/1200 ppm are illustrative experiment targets, not universal regulatory limits.",False
10,70,8,0.0,baseline,29.811413304456664,28.544844162416823,25.908689802372464,600.0,473.96541195587014,2.635893910221057,26.367076789774107,36.054516001197754,14.04442924515158,10.55,59.730932082731805,2997.5,1537.5,0.0,0.0,15099.986153083852,15292.379095470611,2.788340457016823,7.3241879971594726,10.015143333666042,47054,True,"27/29 °C and 1000/1200 ppm are illustrative experiment targets, not universal regulatory limits.",False
10,70,8,0.02,baseline,29.811413304456664,28.544844162416823,25.908689802372464,600.0,473.96541195587014,2.635893910221057,26.367076789774107,36.054516001197754,14.04442924515158,10.55,59.730932082731805,2997.5,1537.5,0.0,0.0,15099.986153083852,15292.379095470611,2.788340457016823,7.3241879971594726,10.015143333666042,47054,True,"27/29 °C and 1000/1200 ppm are illustrative experiment targets, not universal regulatory limits.",False
10,70,8,0.04,baseline,29.811413304456664,28.544844162416823,25.908689802372464,600.0,473.96541195587014,2.635893910221057,26.367076789774107,36.054516001197754,14.04442924515158,10.55,59.730932082731805,2997.5,1537.5,0.0,0.0,15099.986153083852,15292.379095470611,2.788340457016823,7.3241879971594726,10.015143333666042,47054,True,"27/29 °C and 1000/1200 ppm are illustrative experiment targets, not universal regulatory limits.",False
10,70,8,0.06,baseline,29.811413304456664,28.544844162416823,25.908689802372464,600.0,473.96541195587014,2.635893910221057,26.367076789774107,36.054516001197754,14.04442924515158,10.55,59.730932082731805,2997.5,1537.5,0.0,0.0,15099.986153083852,15292.379095470611,2.788340457016823,7.3241879971594726,10.015143333666042,47054,True,"27/29 °C and 1000/1200 ppm are illustrative experiment targets, not universal regulatory limits.",False
10,70,8,0.08,baseline,29.811413304456664,28.544844162416823,25.908689802372464,600.0,473.96541195587014,2.635893910221057,26.367076789774107,36.054516001197754,14.04442924515158,10.55,59.730932082731805,2997.5,1537.5,0.0,0.0,15099.986153083852,15292.379095470611,2.788340457016823,7.3241879971594726,10.015143333666042,47054,True,"27/29 °C and 1000/1200 ppm are illustrative experiment targets, not universal regulatory limits.",False
10,80,0,0.0,baseline,29.491432779496677,28.262233735475363,25.876581143453052,600.0,503.04518704604635,2.8903363239078317,10.125289217981205,25.0,0.6453247227552598,10.55,59.730932082731805,2727.5,990.0,0.0,0.0,15115.960763785932,15292.379095470611,2.7777777777777795,2.812580338328113,6.944444444444445,56108,True,"27/29 °C and 1000/1200 ppm are illustrative experiment targets, not universal regulatory limits.",False
10,80,0,0.02,baseline,29.491432779496677,28.262233735475363,25.876581143453052,600.0,503.04518704604635,2.8903363239078317,10.125289217981205,25.0,0.6453247227552598,10.55,59.730932082731805,2727.5,990.0,0.0,0.0,15115.960763785932,15292.379095470611,2.7777777777777795,2.812580338328113,6.944444444444445,56108,True,"27/29 °C and 1000/1200 ppm are illustrative experiment targets, not universal regulatory limits.",False
10,80,0,0.04,baseline,29.491432779496677,28.262233735475363,25.876581143453052,600.0,503.04518704604635,2.8903363239078317,10.125289217981205,25.0,0.6453247227552598,10.55,59.730932082731805,2727.5,990.0,0.0,0.0,15115.960763785932,15292.379095470611,2.7777777777777795,2.812580338328113,6.944444444444445,56108,True,"27/29 °C and 1000/1200 ppm are illustrative experiment targets, not universal regulatory limits.",False
10,80,0,0.06,baseline,29.491432779496677,28.262233735475363,25.876581143453052,600.0,503.04518704604635,2.8903363239078317,10.125289217981205,25.0,0.6453247227552598,10.55,59.730932082731805,2727.5,990.0,0.0,0.0,15115.960763785932,15292.379095470611,2.7777777777777795,2.812580338328113,6.944444444444445,56108,True,"27/29 °C and 1000/1200 ppm are illustrative experiment targets, not universal regulatory limits.",False
10,80,0,0.08,baseline,29.491432779496677,28.262233735475363,25.876581143453052,600.0,503.04518704604635,2.8903363239078317,10.125289217981205,25.0,0.6453247227552598,10.55,59.730932082731805,2727.5,990.0,0.0,0.0,15115.960763785932,15292.379095470611,2.7777777777777795,2.812580338328113,6.944444444444445,56108,True,"27/29 °C and 1000/1200 ppm are illustrative experiment targets, not universal regulatory limits.",False
10,80,2,0.0,baseline,29.586098008210058,28.34148102307705,25.88560861330535,600.0,492.49496958147813,2.8360570521617774,13.782613269216059,25.0,1.6682130704161724,10.55,59.730932082731805,2817.5,1132.5,0.0,0.0,15111.230642671671,15292.379095470611,2.786947852322067,3.82850368589335,6.944444444444445,53954,True,"27/29 °C and 1000/1200 ppm are illustrative experiment targets, not universal regulatory limits.",False
10,80,2,0.02,baseline,29.586098008210058,28.34148102307705,25.88560861330535,600.0,492.49496958147813,2.8360570521617774,13.782613269216059,25.0,1.6682130704161724,10.55,59.730932082731805,2817.5,1132.5,0.0,0.0,15111.230642671671,15292.379095470611,2.786947852322067,3.82850368589335,6.944444444444445,53954,True,"27/29 °C and 1000/1200 ppm are illustrative experiment targets, not universal regulatory limits.",False
10,80,2,0.04,baseline,29.586098008210058,28.34148102307705,25.88560861330535,600.0,492.49496958147813,2.8360570521617774,13.782613269216059,25.0,1.6682130704161724,10.55,59.730932082731805,2817.5,1132.5,0.0,0.0,15111.230642671671,15292.379095470611,2.786947852322067,3.82850368589335,6.944444444444445,53954,True,"27/29 °C and 1000/1200 ppm are illustrative experiment targets, not universal regulatory limits.",False
10,80,2,0.06,baseline,29.586098008210058,28.34148102307705,25.88560861330535,600.0,492.49496958147813,2.8360570521617774,13.782613269216059,25.0,1.6682130704161724,10.55,59.730932082731805,2817.5,1132.5,0.0,0.0,15111.230642671671,15292.379095470611,2.786947852322067,3.82850368589335,6.944444444444445,53954,True,"27/29 °C and 1000/1200 ppm are illustrative experiment targets, not universal regulatory limits.",False
10,80,2,0.08,baseline,29.586098008210058,28.34148102307705,25.88560861330535,600.0,492.49496958147813,2.8360570521617774,13.782613269216059,25.0,1.6682130704161724,10.55,59.730932082731805,2817.5,1132.5,0.0,0.0,15111.230642671671,15292.379095470611,2.786947852322067,3.82850368589335,6.944444444444445,53954,True,"27/29 °C and 1000/1200 ppm are illustrative experiment targets, not universal regulatory limits.",False
10,80,4,0.0,baseline,29.67050426403415,28.414627148909275,25.89392647454605,600.0,484.6300277661977,2.7770407226198586,17.729729287531057,25.0,3.8216792096108723,10.55,59.730932082731805,2897.5,1262.5,0.0,0.0,15107.02356897728,15292.379095470611,2.787807715408517,4.924924802091961,6.944444444444445,51524,True,"27/29 °C and 1000/1200 ppm are illustrative experiment targets, not universal regulatory limits.",False
10,80,4,0.02,baseline,29.67050426403415,28.414627148909275,25.89392647454605,600.0,484.6300277661977,2.7770407226198586,17.729729287531057,25.0,3.8216792096108723,10.55,59.730932082731805,2897.5,1262.5,0.0,0.0,15107.02356897728,15292.379095470611,2.787807715408517,4.924924802091961,6.944444444444445,51524,True,"27/29 °C and 1000/1200 ppm are illustrative experiment targets, not universal regulatory limits.",False
10,80,4,0.04,baseline,29.67050426403415,28.414627148909275,25.89392647454605,600.0,484.6300277661977,2.7770407226198586,17.729729287531057,25.0,3.8216792096108723,10.55,59.730932082731805,2897.5,1262.5,0.0,0.0,15107.02356897728,15292.379095470611,2.787807715408517,4.924924802091961,6.944444444444445,51524,True,"27/29 °C and 1000/1200 ppm are illustrative experiment targets, not universal regulatory limits.",False
10,80,4,0.06,baseline,29.67050426403415,28.414627148909275,25.89392647454605,600.0,484.6300277661977,2.7770407226198586,17.729729287531057,25.0,3.8216792096108723,10.55,59.730932082731805,2897.5,1262.5,0.0,0.0,15107.02356897728,15292.379095470611,2.787807715408517,4.924924802091961,6.944444444444445,51524,True,"27/29 °C and 1000/1200 ppm are illustrative experiment targets, not universal regulatory limits.",False
10,80,4,0.08,baseline,29.67050426403415,28.414627148909275,25.89392647454605,600.0,484.6300277661977,2.7770407226198586,17.729729287531057,25.0,3.8216792096108723,10.55,59.730932082731805,2897.5,1262.5,0.0,0.0,15107.02356897728,15292.379095470611,2.787807715408517,4.924924802091961,6.944444444444445,51524,True,"27/29 °C and 1000/1200 ppm are illustrative experiment targets, not universal regulatory limits.",False
10,80,6,0.0,baseline,29.745351798541037,28.482648787095705,25.901646038499337,600.0,478.6404840654942,2.709365134665859,21.93648024149467,29.164108328755614,7.713373955450059,10.55,59.730932082731805,2957.5,1367.5,0.0,0.0,15103.29391337976,15292.379095470611,2.7882818184119293,6.09346673374852,8.101141202432116,49172,True,"27/29 °C and 1000/1200 ppm are illustrative experiment targets, not universal regulatory limits.",False
10,80,6,0.02,baseline,29.745351798541037,28.482648787095705,25.901646038499337,600.0,478.6404840654942,2.709365134665859,21.93648024149467,29.164108328755614,7.713373955450059,10.55,59.730932082731805,2957.5,1367.5,0.0,0.0,15103.29391337976,15292.379095470611,2.7882818184119293,6.09346673374852,8.101141202432116,49172,True,"27/29 °C and 1000/1200 ppm are illustrative experiment targets, not universal regulatory limits.",False
10,80,6,0.04,baseline,29.745351798541037,28.482648787095705,25.901646038499337,600.0,478.6404840654942,2.709365134665859,21.93648024149467,29.164108328755614,7.713373955450059,10.55,59.730932082731805,2957.5,1367.5,0.0,0.0,15103.29391337976,15292.379095470611,2.7882818184119293,6.09346673374852,8.101141202432116,49172,True,"27/29 °C and 1000/1200 ppm are illustrative experiment targets, not universal regulatory limits.",False
10,80,6,0.06,baseline,29.745351798541037,28.482648787095705,25.901646038499337,600.0,478.6404840654942,2.709365134665859,21.93648024149467,29.164108328755614,7.713373955450059,10.55,59.730932082731805,2957.5,1367.5,0.0,0.0,15103.29391337976,15292.379095470611,2.7882818184119293,6.09346673374852,8.101141202432116,49172,True,"27/29 °C and 1000/1200 ppm are illustrative experiment targets, not universal regulatory limits.",False
10,80,6,0.08,baseline,29.745351798541037,28.482648787095705,25.901646038499337,600.0,478.6404840654942,2.709365134665859,21.93648024149467,29.164108328755614,7.713373955450059,10.55,59.730932082731805,2957.5,1367.5,0.0,0.0,15103.29391337976,15292.379095470611,2.7882818184119293,6.09346673374852,8.101141202432116,49172,True,"27/29 °C and 1000/1200 ppm are illustrative experiment targets, not universal regulatory limits.",False
10,80,8,0.0,baseline,29.811413304456664,28.544844162416823,25.908689802372464,600.0,473.96541195587014,2.635893910221057,26.367076789774107,36.054516001197754,14.04442924515158,10.55,59.730932082731805,2997.5,1537.5,0.0,0.0,15099.986153083852,15292.379095470611,2.788340457016823,7.3241879971594726,10.015143333666042,47054,True,"27/29 °C and 1000/1200 ppm are illustrative experiment targets, not universal regulatory limits.",False
10,80,8,0.02,baseline,29.811413304456664,28.544844162416823,25.908689802372464,600.0,473.96541195587014,2.635893910221057,26.367076789774107,36.054516001197754,14.04442924515158,10.55,59.730932082731805,2997.5,1537.5,0.0,0.0,15099.986153083852,15292.379095470611,2.788340457016823,7.3241879971594726,10.015143333666042,47054,True,"27/29 °C and 1000/1200 ppm are illustrative experiment targets, not universal regulatory limits.",False
10,80,8,0.04,baseline,29.811413304456664,28.544844162416823,25.908689802372464,600.0,473.96541195587014,2.635893910221057,26.367076789774107,36.054516001197754,14.04442924515158,10.55,59.730932082731805,2997.5,1537.5,0.0,0.0,15099.986153083852,15292.379095470611,2.788340457016823,7.3241879971594726,10.015143333666042,47054,True,"27/29 °C and 1000/1200 ppm are illustrative experiment targets, not universal regulatory limits.",False
10,80,8,0.06,baseline,29.811413304456664,28.544844162416823,25.908689802372464,600.0,473.96541195587014,2.635893910221057,26.367076789774107,36.054516001197754,14.04442924515158,10.55,59.730932082731805,2997.5,1537.5,0.0,0.0,15099.986153083852,15292.379095470611,2.788340457016823,7.3241879971594726,10.015143333666042,47054,True,"27/29 °C and 1000/1200 ppm are illustrative experiment targets, not universal regulatory limits.",False
10,80,8,0.08,baseline,29.811413304456664,28.544844162416823,25.908689802372464,600.0,473.96541195587014,2.635893910221057,26.367076789774107,36.054516001197754,14.04442924515158,10.55,59.730932082731805,2997.5,1537.5,0.0,0.0,15099.986153083852,15292.379095470611,2.788340457016823,7.3241879971594726,10.015143333666042,47054,True,"27/29 °C and 1000/1200 ppm are illustrative experiment targets, not universal regulatory limits.",False
10,90,0,0.0,baseline,29.491432779496677,28.262233735475363,25.876581143453052,600.0,503.04518704604635,2.8903363239078317,10.125289217981205,25.0,0.6453247227552598,10.55,59.730932082731805,2727.5,990.0,0.0,0.0,15115.960763785932,15292.379095470611,2.7777777777777795,2.812580338328113,6.944444444444445,56108,True,"27/29 °C and 1000/1200 ppm are illustrative experiment targets, not universal regulatory limits.",False
10,90,0,0.02,baseline,29.491432779496677,28.262233735475363,25.876581143453052,600.0,503.04518704604635,2.8903363239078317,10.125289217981205,25.0,0.6453247227552598,10.55,59.730932082731805,2727.5,990.0,0.0,0.0,15115.960763785932,15292.379095470611,2.7777777777777795,2.812580338328113,6.944444444444445,56108,True,"27/29 °C and 1000/1200 ppm are illustrative experiment targets, not universal regulatory limits.",False
10,90,0,0.04,baseline,29.491432779496677,28.262233735475363,25.876581143453052,600.0,503.04518704604635,2.8903363239078317,10.125289217981205,25.0,0.6453247227552598,10.55,59.730932082731805,2727.5,990.0,0.0,0.0,15115.960763785932,15292.379095470611,2.7777777777777795,2.812580338328113,6.944444444444445,56108,True,"27/29 °C and 1000/1200 ppm are illustrative experiment targets, not universal regulatory limits.",False
10,90,0,0.06,baseline,29.491432779496677,28.262233735475363,25.876581143453052,600.0,503.04518704604635,2.8903363239078317,10.125289217981205,25.0,0.6453247227552598,10.55,59.730932082731805,2727.5,990.0,0.0,0.0,15115.960763785932,15292.379095470611,2.7777777777777795,2.812580338328113,6.944444444444445,56108,True,"27/29 °C and 1000/1200 ppm are illustrative experiment targets, not universal regulatory limits.",False
10,90,0,0.08,baseline,29.491432779496677,28.262233735475363,25.876581143453052,600.0,503.04518704604635,2.8903363239078317,10.125289217981205,25.0,0.6453247227552598,10.55,59.730932082731805,2727.5,990.0,0.0,0.0,15115.960763785932,15292.379095470611,2.7777777777777795,2.812580338328113,6.944444444444445,56108,True,"27/29 °C and 1000/1200 ppm are illustrative experiment targets, not universal regulatory limits.",False
10,90,2,0.0,baseline,29.586098008210058,28.34148102307705,25.88560861330535,600.0,492.49496958147813,2.8360570521617774,13.782613269216059,25.0,1.6682130704161724,10.55,59.730932082731805,2817.5,1132.5,0.0,0.0,15111.230642671671,15292.379095470611,2.786947852322067,3.82850368589335,6.944444444444445,53954,True,"27/29 °C and 1000/1200 ppm are illustrative experiment targets, not universal regulatory limits.",False
10,90,2,0.02,baseline,29.586098008210058,28.34148102307705,25.88560861330535,600.0,492.49496958147813,2.8360570521617774,13.782613269216059,25.0,1.6682130704161724,10.55,59.730932082731805,2817.5,1132.5,0.0,0.0,15111.230642671671,15292.379095470611,2.786947852322067,3.82850368589335,6.944444444444445,53954,True,"27/29 °C and 1000/1200 ppm are illustrative experiment targets, not universal regulatory limits.",False
10,90,2,0.04,baseline,29.586098008210058,28.34148102307705,25.88560861330535,600.0,492.49496958147813,2.8360570521617774,13.782613269216059,25.0,1.6682130704161724,10.55,59.730932082731805,2817.5,1132.5,0.0,0.0,15111.230642671671,15292.379095470611,2.786947852322067,3.82850368589335,6.944444444444445,53954,True,"27/29 °C and 1000/1200 ppm are illustrative experiment targets, not universal regulatory limits.",False
10,90,2,0.06,baseline,29.586098008210058,28.34148102307705,25.88560861330535,600.0,492.49496958147813,2.8360570521617774,13.782613269216059,25.0,1.6682130704161724,10.55,59.730932082731805,2817.5,1132.5,0.0,0.0,15111.230642671671,15292.379095470611,2.786947852322067,3.82850368589335,6.944444444444445,53954,True,"27/29 °C and 1000/1200 ppm are illustrative experiment targets, not universal regulatory limits.",False
10,90,2,0.08,baseline,29.586098008210058,28.34148102307705,25.88560861330535,600.0,492.49496958147813,2.8360570521617774,13.782613269216059,25.0,1.6682130704161724,10.55,59.730932082731805,2817.5,1132.5,0.0,0.0,15111.230642671671,15292.379095470611,2.786947852322067,3.82850368589335,6.944444444444445,53954,True,"27/29 °C and 1000/1200 ppm are illustrative experiment targets, not universal regulatory limits.",False
10,90,4,0.0,baseline,29.67050426403415,28.414627148909275,25.89392647454605,600.0,484.6300277661977,2.7770407226198586,17.729729287531057,25.0,3.8216792096108723,10.55,59.730932082731805,2897.5,1262.5,0.0,0.0,15107.02356897728,15292.379095470611,2.787807715408517,4.924924802091961,6.944444444444445,51524,True,"27/29 °C and 1000/1200 ppm are illustrative experiment targets, not universal regulatory limits.",False
10,90,4,0.02,baseline,29.67050426403415,28.414627148909275,25.89392647454605,600.0,484.6300277661977,2.7770407226198586,17.729729287531057,25.0,3.8216792096108723,10.55,59.730932082731805,2897.5,1262.5,0.0,0.0,15107.02356897728,15292.379095470611,2.787807715408517,4.924924802091961,6.944444444444445,51524,True,"27/29 °C and 1000/1200 ppm are illustrative experiment targets, not universal regulatory limits.",False
10,90,4,0.04,baseline,29.67050426403415,28.414627148909275,25.89392647454605,600.0,484.6300277661977,2.7770407226198586,17.729729287531057,25.0,3.8216792096108723,10.55,59.730932082731805,2897.5,1262.5,0.0,0.0,15107.02356897728,15292.379095470611,2.787807715408517,4.924924802091961,6.944444444444445,51524,True,"27/29 °C and 1000/1200 ppm are illustrative experiment targets, not universal regulatory limits.",False
10,90,4,0.06,baseline,29.67050426403415,28.414627148909275,25.89392647454605,600.0,484.6300277661977,2.7770407226198586,17.729729287531057,25.0,3.8216792096108723,10.55,59.730932082731805,2897.5,1262.5,0.0,0.0,15107.02356897728,15292.379095470611,2.787807715408517,4.924924802091961,6.944444444444445,51524,True,"27/29 °C and 1000/1200 ppm are illustrative experiment targets, not universal regulatory limits.",False
10,90,4,0.08,baseline,29.67050426403415,28.414627148909275,25.89392647454605,600.0,484.6300277661977,2.7770407226198586,17.729729287531057,25.0,3.8216792096108723,10.55,59.730932082731805,2897.5,1262.5,0.0,0.0,15107.02356897728,15292.379095470611,2.787807715408517,4.924924802091961,6.944444444444445,51524,True,"27/29 °C and 1000/1200 ppm are illustrative experiment targets, not universal regulatory limits.",False
10,90,6,0.0,baseline,29.745351798541037,28.482648787095705,25.901646038499337,600.0,478.6404840654942,2.709365134665859,21.93648024149467,29.164108328755614,7.713373955450059,10.55,59.730932082731805,2957.5,1367.5,0.0,0.0,15103.29391337976,15292.379095470611,2.7882818184119293,6.09346673374852,8.101141202432116,49172,True,"27/29 °C and 1000/1200 ppm are illustrative experiment targets, not universal regulatory limits.",False
10,90,6,0.02,baseline,29.745351798541037,28.482648787095705,25.901646038499337,600.0,478.6404840654942,2.709365134665859,21.93648024149467,29.164108328755614,7.713373955450059,10.55,59.730932082731805,2957.5,1367.5,0.0,0.0,15103.29391337976,15292.379095470611,2.7882818184119293,6.09346673374852,8.101141202432116,49172,True,"27/29 °C and 1000/1200 ppm are illustrative experiment targets, not universal regulatory limits.",False
10,90,6,0.04,baseline,29.745351798541037,28.482648787095705,25.901646038499337,600.0,478.6404840654942,2.709365134665859,21.93648024149467,29.164108328755614,7.713373955450059,10.55,59.730932082731805,2957.5,1367.5,0.0,0.0,15103.29391337976,15292.379095470611,2.7882818184119293,6.09346673374852,8.101141202432116,49172,True,"27/29 °C and 1000/1200 ppm are illustrative experiment targets, not universal regulatory limits.",False
10,90,6,0.06,baseline,29.745351798541037,28.482648787095705,25.901646038499337,600.0,478.6404840654942,2.709365134665859,21.93648024149467,29.164108328755614,7.713373955450059,10.55,59.730932082731805,2957.5,1367.5,0.0,0.0,15103.29391337976,15292.379095470611,2.7882818184119293,6.09346673374852,8.101141202432116,49172,True,"27/29 °C and 1000/1200 ppm are illustrative experiment targets, not universal regulatory limits.",False
10,90,6,0.08,baseline,29.745351798541037,28.482648787095705,25.901646038499337,600.0,478.6404840654942,2.709365134665859,21.93648024149467,29.164108328755614,7.713373955450059,10.55,59.730932082731805,2957.5,1367.5,0.0,0.0,15103.29391337976,15292.379095470611,2.7882818184119293,6.09346673374852,8.101141202432116,49172,True,"27/29 °C and 1000/1200 ppm are illustrative experiment targets, not universal regulatory limits.",False
10,90,8,0.0,baseline,29.811413304456664,28.544844162416823,25.908689802372464,600.0,473.96541195587014,2.635893910221057,26.367076789774107,36.054516001197754,14.04442924515158,10.55,59.730932082731805,2997.5,1537.5,0.0,0.0,15099.986153083852,15292.379095470611,2.788340457016823,7.3241879971594726,10.015143333666042,47054,True,"27/29 °C and 1000/1200 ppm are illustrative experiment targets, not universal regulatory limits.",False
10,90,8,0.02,baseline,29.811413304456664,28.544844162416823,25.908689802372464,600.0,473.96541195587014,2.635893910221057,26.367076789774107,36.054516001197754,14.04442924515158,10.55,59.730932082731805,2997.5,1537.5,0.0,0.0,15099.986153083852,15292.379095470611,2.788340457016823,7.3241879971594726,10.015143333666042,47054,True,"27/29 °C and 1000/1200 ppm are illustrative experiment targets, not universal regulatory limits.",False
10,90,8,0.04,baseline,29.811413304456664,28.544844162416823,25.908689802372464,600.0,473.96541195587014,2.635893910221057,26.367076789774107,36.054516001197754,14.04442924515158,10.55,59.730932082731805,2997.5,1537.5,0.0,0.0,15099.986153083852,15292.379095470611,2.788340457016823,7.3241879971594726,10.015143333666042,47054,True,"27/29 °C and 1000/1200 ppm are illustrative experiment targets, not universal regulatory limits.",False
10,90,8,0.06,baseline,29.811413304456664,28.544844162416823,25.908689802372464,600.0,473.96541195587014,2.635893910221057,26.367076789774107,36.054516001197754,14.04442924515158,10.55,59.730932082731805,2997.5,1537.5,0.0,0.0,15099.986153083852,15292.379095470611,2.788340457016823,7.3241879971594726,10.015143333666042,47054,True,"27/29 °C and 1000/1200 ppm are illustrative experiment targets, not universal regulatory limits.",False
10,90,8,0.08,baseline,29.811413304456664,28.544844162416823,25.908689802372464,600.0,473.96541195587014,2.635893910221057,26.367076789774107,36.054516001197754,14.04442924515158,10.55,59.730932082731805,2997.5,1537.5,0.0,0.0,15099.986153083852,15292.379095470611,2.788340457016823,7.3241879971594726,10.015143333666042,47054,True,"27/29 °C and 1000/1200 ppm are illustrative experiment targets, not universal regulatory limits.",False
10,100,0,0.0,baseline,29.491432779496677,28.262233735475363,25.876581143453052,600.0,503.04518704604635,2.8903363239078317,10.125289217981205,25.0,0.6453247227552598,10.55,59.730932082731805,2727.5,990.0,0.0,0.0,15115.960763785932,15292.379095470611,2.7777777777777795,2.812580338328113,6.944444444444445,56108,True,"27/29 °C and 1000/1200 ppm are illustrative experiment targets, not universal regulatory limits.",False
10,100,0,0.02,baseline,29.491432779496677,28.262233735475363,25.876581143453052,600.0,503.04518704604635,2.8903363239078317,10.125289217981205,25.0,0.6453247227552598,10.55,59.730932082731805,2727.5,990.0,0.0,0.0,15115.960763785932,15292.379095470611,2.7777777777777795,2.812580338328113,6.944444444444445,56108,True,"27/29 °C and 1000/1200 ppm are illustrative experiment targets, not universal regulatory limits.",False
10,100,0,0.04,baseline,29.491432779496677,28.262233735475363,25.876581143453052,600.0,503.04518704604635,2.8903363239078317,10.125289217981205,25.0,0.6453247227552598,10.55,59.730932082731805,2727.5,990.0,0.0,0.0,15115.960763785932,15292.379095470611,2.7777777777777795,2.812580338328113,6.944444444444445,56108,True,"27/29 °C and 1000/1200 ppm are illustrative experiment targets, not universal regulatory limits.",False
10,100,0,0.06,baseline,29.491432779496677,28.262233735475363,25.876581143453052,600.0,503.04518704604635,2.8903363239078317,10.125289217981205,25.0,0.6453247227552598,10.55,59.730932082731805,2727.5,990.0,0.0,0.0,15115.960763785932,15292.379095470611,2.7777777777777795,2.812580338328113,6.944444444444445,56108,True,"27/29 °C and 1000/1200 ppm are illustrative experiment targets, not universal regulatory limits.",False
10,100,0,0.08,baseline,29.491432779496677,28.262233735475363,25.876581143453052,600.0,503.04518704604635,2.8903363239078317,10.125289217981205,25.0,0.6453247227552598,10.55,59.730932082731805,2727.5,990.0,0.0,0.0,15115.960763785932,15292.379095470611,2.7777777777777795,2.812580338328113,6.944444444444445,56108,True,"27/29 °C and 1000/1200 ppm are illustrative experiment targets, not universal regulatory limits.",False
10,100,2,0.0,baseline,29.586098008210058,28.34148102307705,25.88560861330535,600.0,492.49496958147813,2.8360570521617774,13.782613269216059,25.0,1.6682130704161724,10.55,59.730932082731805,2817.5,1132.5,0.0,0.0,15111.230642671671,15292.379095470611,2.786947852322067,3.82850368589335,6.944444444444445,53954,True,"27/29 °C and 1000/1200 ppm are illustrative experiment targets, not universal regulatory limits.",False
10,100,2,0.02,baseline,29.586098008210058,28.34148102307705,25.88560861330535,600.0,492.49496958147813,2.8360570521617774,13.782613269216059,25.0,1.6682130704161724,10.55,59.730932082731805,2817.5,1132.5,0.0,0.0,15111.230642671671,15292.379095470611,2.786947852322067,3.82850368589335,6.944444444444445,53954,True,"27/29 °C and 1000/1200 ppm are illustrative experiment targets, not universal regulatory limits.",False
10,100,2,0.04,baseline,29.586098008210058,28.34148102307705,25.88560861330535,600.0,492.49496958147813,2.8360570521617774,13.782613269216059,25.0,1.6682130704161724,10.55,59.730932082731805,2817.5,1132.5,0.0,0.0,15111.230642671671,15292.379095470611,2.786947852322067,3.82850368589335,6.944444444444445,53954,True,"27/29 °C and 1000/1200 ppm are illustrative experiment targets, not universal regulatory limits.",False
10,100,2,0.06,baseline,29.586098008210058,28.34148102307705,25.88560861330535,600.0,492.49496958147813,2.8360570521617774,13.782613269216059,25.0,1.6682130704161724,10.55,59.730932082731805,2817.5,1132.5,0.0,0.0,15111.230642671671,15292.379095470611,2.786947852322067,3.82850368589335,6.944444444444445,53954,True,"27/29 °C and 1000/1200 ppm are illustrative experiment targets, not universal regulatory limits.",False
10,100,2,0.08,baseline,29.586098008210058,28.34148102307705,25.88560861330535,600.0,492.49496958147813,2.8360570521617774,13.782613269216059,25.0,1.6682130704161724,10.55,59.730932082731805,2817.5,1132.5,0.0,0.0,15111.230642671671,15292.379095470611,2.786947852322067,3.82850368589335,6.944444444444445,53954,True,"27/29 °C and 1000/1200 ppm are illustrative experiment targets, not universal regulatory limits.",False
10,100,4,0.0,baseline,29.67050426403415,28.414627148909275,25.89392647454605,600.0,484.6300277661977,2.7770407226198586,17.729729287531057,25.0,3.8216792096108723,10.55,59.730932082731805,2897.5,1262.5,0.0,0.0,15107.02356897728,15292.379095470611,2.787807715408517,4.924924802091961,6.944444444444445,51524,True,"27/29 °C and 1000/1200 ppm are illustrative experiment targets, not universal regulatory limits.",False
10,100,4,0.02,baseline,29.67050426403415,28.414627148909275,25.89392647454605,600.0,484.6300277661977,2.7770407226198586,17.729729287531057,25.0,3.8216792096108723,10.55,59.730932082731805,2897.5,1262.5,0.0,0.0,15107.02356897728,15292.379095470611,2.787807715408517,4.924924802091961,6.944444444444445,51524,True,"27/29 °C and 1000/1200 ppm are illustrative experiment targets, not universal regulatory limits.",False
10,100,4,0.04,baseline,29.67050426403415,28.414627148909275,25.89392647454605,600.0,484.6300277661977,2.7770407226198586,17.729729287531057,25.0,3.8216792096108723,10.55,59.730932082731805,2897.5,1262.5,0.0,0.0,15107.02356897728,15292.379095470611,2.787807715408517,4.924924802091961,6.944444444444445,51524,True,"27/29 °C and 1000/1200 ppm are illustrative experiment targets, not universal regulatory limits.",False
10,100,4,0.06,baseline,29.67050426403415,28.414627148909275,25.89392647454605,600.0,484.6300277661977,2.7770407226198586,17.729729287531057,25.0,3.8216792096108723,10.55,59.730932082731805,2897.5,1262.5,0.0,0.0,15107.02356897728,15292.379095470611,2.787807715408517,4.924924802091961,6.944444444444445,51524,True,"27/29 °C and 1000/1200 ppm are illustrative experiment targets, not universal regulatory limits.",False
10,100,4,0.08,baseline,29.67050426403415,28.414627148909275,25.89392647454605,600.0,484.6300277661977,2.7770407226198586,17.729729287531057,25.0,3.8216792096108723,10.55,59.730932082731805,2897.5,1262.5,0.0,0.0,15107.02356897728,15292.379095470611,2.787807715408517,4.924924802091961,6.944444444444445,51524,True,"27/29 °C and 1000/1200 ppm are illustrative experiment targets, not universal regulatory limits.",False
10,100,6,0.0,baseline,29.745351798541037,28.482648787095705,25.901646038499337,600.0,478.6404840654942,2.709365134665859,21.93648024149467,29.164108328755614,7.713373955450059,10.55,59.730932082731805,2957.5,1367.5,0.0,0.0,15103.29391337976,15292.379095470611,2.7882818184119293,6.09346673374852,8.101141202432116,49172,True,"27/29 °C and 1000/1200 ppm are illustrative experiment targets, not universal regulatory limits.",False
10,100,6,0.02,baseline,29.745351798541037,28.482648787095705,25.901646038499337,600.0,478.6404840654942,2.709365134665859,21.93648024149467,29.164108328755614,7.713373955450059,10.55,59.730932082731805,2957.5,1367.5,0.0,0.0,15103.29391337976,15292.379095470611,2.7882818184119293,6.09346673374852,8.101141202432116,49172,True,"27/29 °C and 1000/1200 ppm are illustrative experiment targets, not universal regulatory limits.",False
10,100,6,0.04,baseline,29.745351798541037,28.482648787095705,25.901646038499337,600.0,478.6404840654942,2.709365134665859,21.93648024149467,29.164108328755614,7.713373955450059,10.55,59.730932082731805,2957.5,1367.5,0.0,0.0,15103.29391337976,15292.379095470611,2.7882818184119293,6.09346673374852,8.101141202432116,49172,True,"27/29 °C and 1000/1200 ppm are illustrative experiment targets, not universal regulatory limits.",False
10,100,6,0.06,baseline,29.745351798541037,28.482648787095705,25.901646038499337,600.0,478.6404840654942,2.709365134665859,21.93648024149467,29.164108328755614,7.713373955450059,10.55,59.730932082731805,2957.5,1367.5,0.0,0.0,15103.29391337976,15292.379095470611,2.7882818184119293,6.09346673374852,8.101141202432116,49172,True,"27/29 °C and 1000/1200 ppm are illustrative experiment targets, not universal regulatory limits.",False
10,100,6,0.08,baseline,29.745351798541037,28.482648787095705,25.901646038499337,600.0,478.6404840654942,2.709365134665859,21.93648024149467,29.164108328755614,7.713373955450059,10.55,59.730932082731805,2957.5,1367.5,0.0,0.0,15103.29391337976,15292.379095470611,2.7882818184119293,6.09346673374852,8.101141202432116,49172,True,"27/29 °C and 1000/1200 ppm are illustrative experiment targets, not universal regulatory limits.",False
10,100,8,0.0,baseline,29.811413304456664,28.544844162416823,25.908689802372464,600.0,473.96541195587014,2.635893910221057,26.367076789774107,36.054516001197754,14.04442924515158,10.55,59.730932082731805,2997.5,1537.5,0.0,0.0,15099.986153083852,15292.379095470611,2.788340457016823,7.3241879971594726,10.015143333666042,47054,True,"27/29 °C and 1000/1200 ppm are illustrative experiment targets, not universal regulatory limits.",False
10,100,8,0.02,baseline,29.811413304456664,28.544844162416823,25.908689802372464,600.0,473.96541195587014,2.635893910221057,26.367076789774107,36.054516001197754,14.04442924515158,10.55,59.730932082731805,2997.5,1537.5,0.0,0.0,15099.986153083852,15292.379095470611,2.788340457016823,7.3241879971594726,10.015143333666042,47054,True,"27/29 °C and 1000/1200 ppm are illustrative experiment targets, not universal regulatory limits.",False
10,100,8,0.04,baseline,29.811413304456664,28.544844162416823,25.908689802372464,600.0,473.96541195587014,2.635893910221057,26.367076789774107,36.054516001197754,14.04442924515158,10.55,59.730932082731805,2997.5,1537.5,0.0,0.0,15099.986153083852,15292.379095470611,2.788340457016823,7.3241879971594726,10.015143333666042,47054,True,"27/29 °C and 1000/1200 ppm are illustrative experiment targets, not universal regulatory limits.",False
10,100,8,0.06,baseline,29.811413304456664,28.544844162416823,25.908689802372464,600.0,473.96541195587014,2.635893910221057,26.367076789774107,36.054516001197754,14.04442924515158,10.55,59.730932082731805,2997.5,1537.5,0.0,0.0,15099.986153083852,15292.379095470611,2.788340457016823,7.3241879971594726,10.015143333666042,47054,True,"27/29 °C and 1000/1200 ppm are illustrative experiment targets, not universal regulatory limits.",False
10,100,8,0.08,baseline,29.811413304456664,28.544844162416823,25.908689802372464,600.0,473.96541195587014,2.635893910221057,26.367076789774107,36.054516001197754,14.04442924515158,10.55,59.730932082731805,2997.5,1537.5,0.0,0.0,15099.986153083852,15292.379095470611,2.788340457016823,7.3241879971594726,10.015143333666042,47054,True,"27/29 °C and 1000/1200 ppm are illustrative experiment targets, not universal regulatory limits.",False
10,110,0,0.0,baseline,29.491432779496677,28.262233735475363,25.876581143453052,600.0,503.04518704604635,2.8903363239078317,10.125289217981205,25.0,0.6453247227552598,10.55,59.730932082731805,2727.5,990.0,0.0,0.0,15115.960763785932,15292.379095470611,2.7777777777777795,2.812580338328113,6.944444444444445,56108,True,"27/29 °C and 1000/1200 ppm are illustrative experiment targets, not universal regulatory limits.",False
10,110,0,0.02,baseline,29.491432779496677,28.262233735475363,25.876581143453052,600.0,503.04518704604635,2.8903363239078317,10.125289217981205,25.0,0.6453247227552598,10.55,59.730932082731805,2727.5,990.0,0.0,0.0,15115.960763785932,15292.379095470611,2.7777777777777795,2.812580338328113,6.944444444444445,56108,True,"27/29 °C and 1000/1200 ppm are illustrative experiment targets, not universal regulatory limits.",False
10,110,0,0.04,baseline,29.491432779496677,28.262233735475363,25.876581143453052,600.0,503.04518704604635,2.8903363239078317,10.125289217981205,25.0,0.6453247227552598,10.55,59.730932082731805,2727.5,990.0,0.0,0.0,15115.960763785932,15292.379095470611,2.7777777777777795,2.812580338328113,6.944444444444445,56108,True,"27/29 °C and 1000/1200 ppm are illustrative experiment targets, not universal regulatory limits.",False
10,110,0,0.06,baseline,29.491432779496677,28.262233735475363,25.876581143453052,600.0,503.04518704604635,2.8903363239078317,10.125289217981205,25.0,0.6453247227552598,10.55,59.730932082731805,2727.5,990.0,0.0,0.0,15115.960763785932,15292.379095470611,2.7777777777777795,2.812580338328113,6.944444444444445,56108,True,"27/29 °C and 1000/1200 ppm are illustrative experiment targets, not universal regulatory limits.",False
10,110,0,0.08,baseline,29.491432779496677,28.262233735475363,25.876581143453052,600.0,503.04518704604635,2.8903363239078317,10.125289217981205,25.0,0.6453247227552598,10.55,59.730932082731805,2727.5,990.0,0.0,0.0,15115.960763785932,15292.379095470611,2.7777777777777795,2.812580338328113,6.944444444444445,56108,True,"27/29 °C and 1000/1200 ppm are illustrative experiment targets, not universal regulatory limits.",False
10,110,2,0.0,baseline,29.586098008210058,28.34148102307705,25.88560861330535,600.0,492.49496958147813,2.8360570521617774,13.782613269216059,25.0,1.6682130704161724,10.55,59.730932082731805,2817.5,1132.5,0.0,0.0,15111.230642671671,15292.379095470611,2.786947852322067,3.82850368589335,6.944444444444445,53954,True,"27/29 °C and 1000/1200 ppm are illustrative experiment targets, not universal regulatory limits.",False
10,110,2,0.02,baseline,29.586098008210058,28.34148102307705,25.88560861330535,600.0,492.49496958147813,2.8360570521617774,13.782613269216059,25.0,1.6682130704161724,10.55,59.730932082731805,2817.5,1132.5,0.0,0.0,15111.230642671671,15292.379095470611,2.786947852322067,3.82850368589335,6.944444444444445,53954,True,"27/29 °C and 1000/1200 ppm are illustrative experiment targets, not universal regulatory limits.",False
10,110,2,0.04,baseline,29.586098008210058,28.34148102307705,25.88560861330535,600.0,492.49496958147813,2.8360570521617774,13.782613269216059,25.0,1.6682130704161724,10.55,59.730932082731805,2817.5,1132.5,0.0,0.0,15111.230642671671,15292.379095470611,2.786947852322067,3.82850368589335,6.944444444444445,53954,True,"27/29 °C and 1000/1200 ppm are illustrative experiment targets, not universal regulatory limits.",False
10,110,2,0.06,baseline,29.586098008210058,28.34148102307705,25.88560861330535,600.0,492.49496958147813,2.8360570521617774,13.782613269216059,25.0,1.6682130704161724,10.55,59.730932082731805,2817.5,1132.5,0.0,0.0,15111.230642671671,15292.379095470611,2.786947852322067,3.82850368589335,6.944444444444445,53954,True,"27/29 °C and 1000/1200 ppm are illustrative experiment targets, not universal regulatory limits.",False
10,110,2,0.08,baseline,29.586098008210058,28.34148102307705,25.88560861330535,600.0,492.49496958147813,2.8360570521617774,13.782613269216059,25.0,1.6682130704161724,10.55,59.730932082731805,2817.5,1132.5,0.0,0.0,15111.230642671671,15292.379095470611,2.786947852322067,3.82850368589335,6.944444444444445,53954,True,"27/29 °C and 1000/1200 ppm are illustrative experiment targets, not universal regulatory limits.",False
10,110,4,0.0,baseline,29.67050426403415,28.414627148909275,25.89392647454605,600.0,484.6300277661977,2.7770407226198586,17.729729287531057,25.0,3.8216792096108723,10.55,59.730932082731805,2897.5,1262.5,0.0,0.0,15107.02356897728,15292.379095470611,2.787807715408517,4.924924802091961,6.944444444444445,51524,True,"27/29 °C and 1000/1200 ppm are illustrative experiment targets, not universal regulatory limits.",False
10,110,4,0.02,baseline,29.67050426403415,28.414627148909275,25.89392647454605,600.0,484.6300277661977,2.7770407226198586,17.729729287531057,25.0,3.8216792096108723,10.55,59.730932082731805,2897.5,1262.5,0.0,0.0,15107.02356897728,15292.379095470611,2.787807715408517,4.924924802091961,6.944444444444445,51524,True,"27/29 °C and 1000/1200 ppm are illustrative experiment targets, not universal regulatory limits.",False
10,110,4,0.04,baseline,29.67050426403415,28.414627148909275,25.89392647454605,600.0,484.6300277661977,2.7770407226198586,17.729729287531057,25.0,3.8216792096108723,10.55,59.730932082731805,2897.5,1262.5,0.0,0.0,15107.02356897728,15292.379095470611,2.787807715408517,4.924924802091961,6.944444444444445,51524,True,"27/29 °C and 1000/1200 ppm are illustrative experiment targets, not universal regulatory limits.",False
10,110,4,0.06,baseline,29.67050426403415,28.414627148909275,25.89392647454605,600.0,484.6300277661977,2.7770407226198586,17.729729287531057,25.0,3.8216792096108723,10.55,59.730932082731805,2897.5,1262.5,0.0,0.0,15107.02356897728,15292.379095470611,2.787807715408517,4.924924802091961,6.944444444444445,51524,True,"27/29 °C and 1000/1200 ppm are illustrative experiment targets, not universal regulatory limits.",False
10,110,4,0.08,baseline,29.67050426403415,28.414627148909275,25.89392647454605,600.0,484.6300277661977,2.7770407226198586,17.729729287531057,25.0,3.8216792096108723,10.55,59.730932082731805,2897.5,1262.5,0.0,0.0,15107.02356897728,15292.379095470611,2.787807715408517,4.924924802091961,6.944444444444445,51524,True,"27/29 °C and 1000/1200 ppm are illustrative experiment targets, not universal regulatory limits.",False
10,110,6,0.0,baseline,29.745351798541037,28.482648787095705,25.901646038499337,600.0,478.6404840654942,2.709365134665859,21.93648024149467,29.164108328755614,7.713373955450059,10.55,59.730932082731805,2957.5,1367.5,0.0,0.0,15103.29391337976,15292.379095470611,2.7882818184119293,6.09346673374852,8.101141202432116,49172,True,"27/29 °C and 1000/1200 ppm are illustrative experiment targets, not universal regulatory limits.",False
10,110,6,0.02,baseline,29.745351798541037,28.482648787095705,25.901646038499337,600.0,478.6404840654942,2.709365134665859,21.93648024149467,29.164108328755614,7.713373955450059,10.55,59.730932082731805,2957.5,1367.5,0.0,0.0,15103.29391337976,15292.379095470611,2.7882818184119293,6.09346673374852,8.101141202432116,49172,True,"27/29 °C and 1000/1200 ppm are illustrative experiment targets, not universal regulatory limits.",False
10,110,6,0.04,baseline,29.745351798541037,28.482648787095705,25.901646038499337,600.0,478.6404840654942,2.709365134665859,21.93648024149467,29.164108328755614,7.713373955450059,10.55,59.730932082731805,2957.5,1367.5,0.0,0.0,15103.29391337976,15292.379095470611,2.7882818184119293,6.09346673374852,8.101141202432116,49172,True,"27/29 °C and 1000/1200 ppm are illustrative experiment targets, not universal regulatory limits.",False
10,110,6,0.06,baseline,29.745351798541037,28.482648787095705,25.901646038499337,600.0,478.6404840654942,2.709365134665859,21.93648024149467,29.164108328755614,7.713373955450059,10.55,59.730932082731805,2957.5,1367.5,0.0,0.0,15103.29391337976,15292.379095470611,2.7882818184119293,6.09346673374852,8.101141202432116,49172,True,"27/29 °C and 1000/1200 ppm are illustrative experiment targets, not universal regulatory limits.",False
10,110,6,0.08,baseline,29.745351798541037,28.482648787095705,25.901646038499337,600.0,478.6404840654942,2.709365134665859,21.93648024149467,29.164108328755614,7.713373955450059,10.55,59.730932082731805,2957.5,1367.5,0.0,0.0,15103.29391337976,15292.379095470611,2.7882818184119293,6.09346673374852,8.101141202432116,49172,True,"27/29 °C and 1000/1200 ppm are illustrative experiment targets, not universal regulatory limits.",False
10,110,8,0.0,baseline,29.811413304456664,28.544844162416823,25.908689802372464,600.0,473.96541195587014,2.635893910221057,26.367076789774107,36.054516001197754,14.04442924515158,10.55,59.730932082731805,2997.5,1537.5,0.0,0.0,15099.986153083852,15292.379095470611,2.788340457016823,7.3241879971594726,10.015143333666042,47054,True,"27/29 °C and 1000/1200 ppm are illustrative experiment targets, not universal regulatory limits.",False
10,110,8,0.02,baseline,29.811413304456664,28.544844162416823,25.908689802372464,600.0,473.96541195587014,2.635893910221057,26.367076789774107,36.054516001197754,14.04442924515158,10.55,59.730932082731805,2997.5,1537.5,0.0,0.0,15099.986153083852,15292.379095470611,2.788340457016823,7.3241879971594726,10.015143333666042,47054,True,"27/29 °C and 1000/1200 ppm are illustrative experiment targets, not universal regulatory limits.",False
10,110,8,0.04,baseline,29.811413304456664,28.544844162416823,25.908689802372464,600.0,473.96541195587014,2.635893910221057,26.367076789774107,36.054516001197754,14.04442924515158,10.55,59.730932082731805,2997.5,1537.5,0.0,0.0,15099.986153083852,15292.379095470611,2.788340457016823,7.3241879971594726,10.015143333666042,47054,True,"27/29 °C and 1000/1200 ppm are illustrative experiment targets, not universal regulatory limits.",False
10,110,8,0.06,baseline,29.811413304456664,28.544844162416823,25.908689802372464,600.0,473.96541195587014,2.635893910221057,26.367076789774107,36.054516001197754,14.04442924515158,10.55,59.730932082731805,2997.5,1537.5,0.0,0.0,15099.986153083852,15292.379095470611,2.788340457016823,7.3241879971594726,10.015143333666042,47054,True,"27/29 °C and 1000/1200 ppm are illustrative experiment targets, not universal regulatory limits.",False
10,110,8,0.08,baseline,29.811413304456664,28.544844162416823,25.908689802372464,600.0,473.96541195587014,2.635893910221057,26.367076789774107,36.054516001197754,14.04442924515158,10.55,59.730932082731805,2997.5,1537.5,0.0,0.0,15099.986153083852,15292.379095470611,2.788340457016823,7.3241879971594726,10.015143333666042,47054,True,"27/29 °C and 1000/1200 ppm are illustrative experiment targets, not universal regulatory limits.",False
10,120,0,0.0,baseline,29.491432779496677,28.262233735475363,25.876581143453052,600.0,503.04518704604635,2.8903363239078317,10.125289217981205,25.0,0.6453247227552598,10.55,59.730932082731805,2727.5,990.0,0.0,0.0,15115.960763785932,15292.379095470611,2.7777777777777795,2.812580338328113,6.944444444444445,56108,True,"27/29 °C and 1000/1200 ppm are illustrative experiment targets, not universal regulatory limits.",False
10,120,0,0.02,baseline,29.491432779496677,28.262233735475363,25.876581143453052,600.0,503.04518704604635,2.8903363239078317,10.125289217981205,25.0,0.6453247227552598,10.55,59.730932082731805,2727.5,990.0,0.0,0.0,15115.960763785932,15292.379095470611,2.7777777777777795,2.812580338328113,6.944444444444445,56108,True,"27/29 °C and 1000/1200 ppm are illustrative experiment targets, not universal regulatory limits.",False
10,120,0,0.04,baseline,29.491432779496677,28.262233735475363,25.876581143453052,600.0,503.04518704604635,2.8903363239078317,10.125289217981205,25.0,0.6453247227552598,10.55,59.730932082731805,2727.5,990.0,0.0,0.0,15115.960763785932,15292.379095470611,2.7777777777777795,2.812580338328113,6.944444444444445,56108,True,"27/29 °C and 1000/1200 ppm are illustrative experiment targets, not universal regulatory limits.",False
10,120,0,0.06,baseline,29.491432779496677,28.262233735475363,25.876581143453052,600.0,503.04518704604635,2.8903363239078317,10.125289217981205,25.0,0.6453247227552598,10.55,59.730932082731805,2727.5,990.0,0.0,0.0,15115.960763785932,15292.379095470611,2.7777777777777795,2.812580338328113,6.944444444444445,56108,True,"27/29 °C and 1000/1200 ppm are illustrative experiment targets, not universal regulatory limits.",False
10,120,0,0.08,baseline,29.491432779496677,28.262233735475363,25.876581143453052,600.0,503.04518704604635,2.8903363239078317,10.125289217981205,25.0,0.6453247227552598,10.55,59.730932082731805,2727.5,990.0,0.0,0.0,15115.960763785932,15292.379095470611,2.7777777777777795,2.812580338328113,6.944444444444445,56108,True,"27/29 °C and 1000/1200 ppm are illustrative experiment targets, not universal regulatory limits.",False
10,120,2,0.0,baseline,29.586098008210058,28.34148102307705,25.88560861330535,600.0,492.49496958147813,2.8360570521617774,13.782613269216059,25.0,1.6682130704161724,10.55,59.730932082731805,2817.5,1132.5,0.0,0.0,15111.230642671671,15292.379095470611,2.786947852322067,3.82850368589335,6.944444444444445,53954,True,"27/29 °C and 1000/1200 ppm are illustrative experiment targets, not universal regulatory limits.",False
10,120,2,0.02,baseline,29.586098008210058,28.34148102307705,25.88560861330535,600.0,492.49496958147813,2.8360570521617774,13.782613269216059,25.0,1.6682130704161724,10.55,59.730932082731805,2817.5,1132.5,0.0,0.0,15111.230642671671,15292.379095470611,2.786947852322067,3.82850368589335,6.944444444444445,53954,True,"27/29 °C and 1000/1200 ppm are illustrative experiment targets, not universal regulatory limits.",False
10,120,2,0.04,baseline,29.586098008210058,28.34148102307705,25.88560861330535,600.0,492.49496958147813,2.8360570521617774,13.782613269216059,25.0,1.6682130704161724,10.55,59.730932082731805,2817.5,1132.5,0.0,0.0,15111.230642671671,15292.379095470611,2.786947852322067,3.82850368589335,6.944444444444445,53954,True,"27/29 °C and 1000/1200 ppm are illustrative experiment targets, not universal regulatory limits.",False
10,120,2,0.06,baseline,29.586098008210058,28.34148102307705,25.88560861330535,600.0,492.49496958147813,2.8360570521617774,13.782613269216059,25.0,1.6682130704161724,10.55,59.730932082731805,2817.5,1132.5,0.0,0.0,15111.230642671671,15292.379095470611,2.786947852322067,3.82850368589335,6.944444444444445,53954,True,"27/29 °C and 1000/1200 ppm are illustrative experiment targets, not universal regulatory limits.",False
10,120,2,0.08,baseline,29.586098008210058,28.34148102307705,25.88560861330535,600.0,492.49496958147813,2.8360570521617774,13.782613269216059,25.0,1.6682130704161724,10.55,59.730932082731805,2817.5,1132.5,0.0,0.0,15111.230642671671,15292.379095470611,2.786947852322067,3.82850368589335,6.944444444444445,53954,True,"27/29 °C and 1000/1200 ppm are illustrative experiment targets, not universal regulatory limits.",False
10,120,4,0.0,baseline,29.67050426403415,28.414627148909275,25.89392647454605,600.0,484.6300277661977,2.7770407226198586,17.729729287531057,25.0,3.8216792096108723,10.55,59.730932082731805,2897.5,1262.5,0.0,0.0,15107.02356897728,15292.379095470611,2.787807715408517,4.924924802091961,6.944444444444445,51524,True,"27/29 °C and 1000/1200 ppm are illustrative experiment targets, not universal regulatory limits.",False
10,120,4,0.02,baseline,29.67050426403415,28.414627148909275,25.89392647454605,600.0,484.6300277661977,2.7770407226198586,17.729729287531057,25.0,3.8216792096108723,10.55,59.730932082731805,2897.5,1262.5,0.0,0.0,15107.02356897728,15292.379095470611,2.787807715408517,4.924924802091961,6.944444444444445,51524,True,"27/29 °C and 1000/1200 ppm are illustrative experiment targets, not universal regulatory limits.",False
10,120,4,0.04,baseline,29.67050426403415,28.414627148909275,25.89392647454605,600.0,484.6300277661977,2.7770407226198586,17.729729287531057,25.0,3.8216792096108723,10.55,59.730932082731805,2897.5,1262.5,0.0,0.0,15107.02356897728,15292.379095470611,2.787807715408517,4.924924802091961,6.944444444444445,51524,True,"27/29 °C and 1000/1200 ppm are illustrative experiment targets, not universal regulatory limits.",False
10,120,4,0.06,baseline,29.67050426403415,28.414627148909275,25.89392647454605,600.0,484.6300277661977,2.7770407226198586,17.729729287531057,25.0,3.8216792096108723,10.55,59.730932082731805,2897.5,1262.5,0.0,0.0,15107.02356897728,15292.379095470611,2.787807715408517,4.924924802091961,6.944444444444445,51524,True,"27/29 °C and 1000/1200 ppm are illustrative experiment targets, not universal regulatory limits.",False
10,120,4,0.08,baseline,29.67050426403415,28.414627148909275,25.89392647454605,600.0,484.6300277661977,2.7770407226198586,17.729729287531057,25.0,3.8216792096108723,10.55,59.730932082731805,2897.5,1262.5,0.0,0.0,15107.02356897728,15292.379095470611,2.787807715408517,4.924924802091961,6.944444444444445,51524,True,"27/29 °C and 1000/1200 ppm are illustrative experiment targets, not universal regulatory limits.",False
10,120,6,0.0,baseline,29.745351798541037,28.482648787095705,25.901646038499337,600.0,478.6404840654942,2.709365134665859,21.93648024149467,29.164108328755614,7.713373955450059,10.55,59.730932082731805,2957.5,1367.5,0.0,0.0,15103.29391337976,15292.379095470611,2.7882818184119293,6.09346673374852,8.101141202432116,49172,True,"27/29 °C and 1000/1200 ppm are illustrative experiment targets, not universal regulatory limits.",False
10,120,6,0.02,baseline,29.745351798541037,28.482648787095705,25.901646038499337,600.0,478.6404840654942,2.709365134665859,21.93648024149467,29.164108328755614,7.713373955450059,10.55,59.730932082731805,2957.5,1367.5,0.0,0.0,15103.29391337976,15292.379095470611,2.7882818184119293,6.09346673374852,8.101141202432116,49172,True,"27/29 °C and 1000/1200 ppm are illustrative experiment targets, not universal regulatory limits.",False
10,120,6,0.04,baseline,29.745351798541037,28.482648787095705,25.901646038499337,600.0,478.6404840654942,2.709365134665859,21.93648024149467,29.164108328755614,7.713373955450059,10.55,59.730932082731805,2957.5,1367.5,0.0,0.0,15103.29391337976,15292.379095470611,2.7882818184119293,6.09346673374852,8.101141202432116,49172,True,"27/29 °C and 1000/1200 ppm are illustrative experiment targets, not universal regulatory limits.",False
10,120,6,0.06,baseline,29.745351798541037,28.482648787095705,25.901646038499337,600.0,478.6404840654942,2.709365134665859,21.93648024149467,29.164108328755614,7.713373955450059,10.55,59.730932082731805,2957.5,1367.5,0.0,0.0,15103.29391337976,15292.379095470611,2.7882818184119293,6.09346673374852,8.101141202432116,49172,True,"27/29 °C and 1000/1200 ppm are illustrative experiment targets, not universal regulatory limits.",False
10,120,6,0.08,baseline,29.745351798541037,28.482648787095705,25.901646038499337,600.0,478.6404840654942,2.709365134665859,21.93648024149467,29.164108328755614,7.713373955450059,10.55,59.730932082731805,2957.5,1367.5,0.0,0.0,15103.29391337976,15292.379095470611,2.7882818184119293,6.09346673374852,8.101141202432116,49172,True,"27/29 °C and 1000/1200 ppm are illustrative experiment targets, not universal regulatory limits.",False
10,120,8,0.0,baseline,29.811413304456664,28.544844162416823,25.908689802372464,600.0,473.96541195587014,2.635893910221057,26.367076789774107,36.054516001197754,14.04442924515158,10.55,59.730932082731805,2997.5,1537.5,0.0,0.0,15099.986153083852,15292.379095470611,2.788340457016823,7.3241879971594726,10.015143333666042,47054,True,"27/29 °C and 1000/1200 ppm are illustrative experiment targets, not universal regulatory limits.",False
10,120,8,0.02,baseline,29.811413304456664,28.544844162416823,25.908689802372464,600.0,473.96541195587014,2.635893910221057,26.367076789774107,36.054516001197754,14.04442924515158,10.55,59.730932082731805,2997.5,1537.5,0.0,0.0,15099.986153083852,15292.379095470611,2.788340457016823,7.3241879971594726,10.015143333666042,47054,True,"27/29 °C and 1000/1200 ppm are illustrative experiment targets, not universal regulatory limits.",False
10,120,8,0.04,baseline,29.811413304456664,28.544844162416823,25.908689802372464,600.0,473.96541195587014,2.635893910221057,26.367076789774107,36.054516001197754,14.04442924515158,10.55,59.730932082731805,2997.5,1537.5,0.0,0.0,15099.986153083852,15292.379095470611,2.788340457016823,7.3241879971594726,10.015143333666042,47054,True,"27/29 °C and 1000/1200 ppm are illustrative experiment targets, not universal regulatory limits.",False
10,120,8,0.06,baseline,29.811413304456664,28.544844162416823,25.908689802372464,600.0,473.96541195587014,2.635893910221057,26.367076789774107,36.054516001197754,14.04442924515158,10.55,59.730932082731805,2997.5,1537.5,0.0,0.0,15099.986153083852,15292.379095470611,2.788340457016823,7.3241879971594726,10.015143333666042,47054,True,"27/29 °C and 1000/1200 ppm are illustrative experiment targets, not universal regulatory limits.",False
10,120,8,0.08,baseline,29.811413304456664,28.544844162416823,25.908689802372464,600.0,473.96541195587014,2.635893910221057,26.367076789774107,36.054516001197754,14.04442924515158,10.55,59.730932082731805,2997.5,1537.5,0.0,0.0,15099.986153083852,15292.379095470611,2.788340457016823,7.3241879971594726,10.015143333666042,47054,True,"27/29 °C and 1000/1200 ppm are illustrative experiment targets, not universal regulatory limits.",False
15,50,0,0.0,baseline,29.601390544131732,28.42406490717144,25.89455662107241,600.0,483.98326459393627,2.5876371799240587,15.083526145320805,25.0,2.071883308198043,10.55,59.730932082731805,3207.5,1162.5,0.0,0.0,15110.479264493528,15292.379095470611,4.166666666666669,4.189868373700224,6.944444444444445,48542,True,"27/29 °C and 1000/1200 ppm are illustrative experiment targets, not universal regulatory limits.",False
15,50,0,0.02,baseline,29.601390544131732,28.42406490717144,25.89455662107241,600.0,483.98326459393627,2.5876371799240587,15.083526145320805,25.0,2.071883308198043,10.55,59.730932082731805,3207.5,1162.5,0.0,0.0,15110.479264493528,15292.379095470611,4.166666666666669,4.189868373700224,6.944444444444445,48542,True,"27/29 °C and 1000/1200 ppm are illustrative experiment targets, not universal regulatory limits.",False
15,50,0,0.04,baseline,29.601390544131732,28.42406490717144,25.89455662107241,600.0,483.98326459393627,2.5876371799240587,15.083526145320805,25.0,2.071883308198043,10.55,59.730932082731805,3207.5,1162.5,0.0,0.0,15110.479264493528,15292.379095470611,4.166666666666669,4.189868373700224,6.944444444444445,48542,True,"27/29 °C and 1000/1200 ppm are illustrative experiment targets, not universal regulatory limits.",False
15,50,0,0.06,baseline,29.601390544131732,28.42406490717144,25.89455662107241,600.0,483.98326459393627,2.5876371799240587,15.083526145320805,25.0,2.071883308198043,10.55,59.730932082731805,3207.5,1162.5,0.0,0.0,15110.479264493528,15292.379095470611,4.166666666666669,4.189868373700224,6.944444444444445,48542,True,"27/29 °C and 1000/1200 ppm are illustrative experiment targets, not universal regulatory limits.",False
15,50,0,0.08,baseline,29.601390544131732,28.42406490717144,25.89455662107241,600.0,483.98326459393627,2.5876371799240587,15.083526145320805,25.0,2.071883308198043,10.55,59.730932082731805,3207.5,1162.5,0.0,0.0,15110.479264493528,15292.379095470611,4.166666666666669,4.189868373700224,6.944444444444445,48542,True,"27/29 °C and 1000/1200 ppm are illustrative experiment targets, not universal regulatory limits.",False
15,50,2,0.0,baseline,29.681503061787396,28.498234315883575,25.902966095383306,600.0,476.81936688535484,2.512624636059627,19.048246988157025,25.0,4.260508784939145,10.55,59.730932082731805,3227.5,1332.5,0.0,0.0,15106.468462151463,15292.379095470611,4.203777380259376,5.291179718932507,6.944444444444445,45728,True,"27/29 °C and 1000/1200 ppm are illustrative experiment targets, not universal regulatory limits.",False
15,50,2,0.02,baseline,29.681503061787396,28.498234315883575,25.902966095383306,600.0,476.81936688535484,2.512624636059627,19.048246988157025,25.0,4.260508784939145,10.55,59.730932082731805,3227.5,1332.5,0.0,0.0,15106.468462151463,15292.379095470611,4.203777380259376,5.291179718932507,6.944444444444445,45728,True,"27/29 °C and 1000/1200 ppm are illustrative experiment targets, not universal regulatory limits.",False
15,50,2,0.04,baseline,29.681503061787396,28.498234315883575,25.902966095383306,600.0,476.81936688535484,2.512624636059627,19.048246988157025,25.0,4.260508784939145,10.55,59.730932082731805,3227.5,1332.5,0.0,0.0,15106.468462151463,15292.379095470611,4.203777380259376,5.291179718932507,6.944444444444445,45728,True,"27/29 °C and 1000/1200 ppm are illustrative experiment targets, not universal regulatory limits.",False
15,50,2,0.06,baseline,29.681503061787396,28.498234315883575,25.902966095383306,600.0,476.81936688535484,2.512624636059627,19.048246988157025,25.0,4.260508784939145,10.55,59.730932082731805,3227.5,1332.5,0.0,0.0,15106.468462151463,15292.379095470611,4.203777380259376,5.291179718932507,6.944444444444445,45728,True,"27/29 °C and 1000/1200 ppm are illustrative experiment targets, not universal regulatory limits.",False
15,50,2,0.08,baseline,29.681503061787396,28.498234315883575,25.902966095383306,600.0,476.81936688535484,2.512624636059627,19.048246988157025,25.0,4.260508784939145,10.55,59.730932082731805,3227.5,1332.5,0.0,0.0,15106.468462151463,15292.379095470611,4.203777380259376,5.291179718932507,6.944444444444445,45728,True,"27/29 °C and 1000/1200 ppm are illustrative experiment targets, not universal regulatory limits.",False
15,50,4,0.0,baseline,29.753673196705904,28.567741843464223,25.91083126858723,600.0,471.2758159508308,2.4333676504611503,23.288627793993292,27.807257387198707,8.14804657719048,10.55,59.730932082731805,3242.5,1532.5,0.0,0.0,15102.872489164285,15292.379095470611,4.21120842967417,6.469063276109248,7.724238163110751,43562,True,"27/29 °C and 1000/1200 ppm are illustrative experiment targets, not universal regulatory limits.",False
15,50,4,0.02,baseline,29.753673196705904,28.567741843464223,25.91083126858723,600.0,471.2758159508308,2.4333676504611503,23.288627793993292,27.807257387198707,8.14804657719048,10.55,59.730932082731805,3242.5,1532.5,0.0,0.0,15102.872489164285,15292.379095470611,4.21120842967417,6.469063276109248,7.724238163110751,43562,True,"27/29 °C and 1000/1200 ppm are illustrative experiment targets, not universal regulatory limits.",False
15,50,4,0.04,baseline,29.753673196705904,28.567741843464223,25.91083126858723,600.0,471.2758159508308,2.4333676504611503,23.288627793993292,27.807257387198707,8.14804657719048,10.55,59.730932082731805,3242.5,1532.5,0.0,0.0,15102.872489164285,15292.379095470611,4.21120842967417,6.469063276109248,7.724238163110751,43562,True,"27/29 °C and 1000/1200 ppm are illustrative experiment targets, not universal regulatory limits.",False
15,50,4,0.06,baseline,29.753673196705904,28.567741843464223,25.91083126858723,600.0,471.2758159508308,2.4333676504611503,23.288627793993292,27.807257387198707,8.14804657719048,10.55,59.730932082731805,3242.5,1532.5,0.0,0.0,15102.872489164285,15292.379095470611,4.21120842967417,6.469063276109248,7.724238163110751,43562,True,"27/29 °C and 1000/1200 ppm are illustrative experiment targets, not universal regulatory limits.",False
15,50,4,0.08,baseline,29.753673196705904,28.567741843464223,25.91083126858723,600.0,471.2758159508308,2.4333676504611503,23.288627793993292,27.807257387198707,8.14804657719048,10.55,59.730932082731805,3242.5,1532.5,0.0,0.0,15102.872489164285,15292.379095470611,4.21120842967417,6.469063276109248,7.724238163110751,43562,True,"27/29 °C and 1000/1200 ppm are illustrative experiment targets, not universal regulatory limits.",False
15,50,6,0.0,baseline,29.818339922654843,28.631955798321236,25.918081264692944,600.0,466.89037953152274,2.3459249526786152,27.773498753665677,34.57677428213509,14.428884120784783,10.55,59.730932082731805,3252.5,1677.5,0.0,0.0,15099.662421979989,15292.379095470611,4.214794751523982,7.714860764907132,9.604659522815304,41960,True,"27/29 °C and 1000/1200 ppm are illustrative experiment targets, not universal regulatory limits.",False
15,50,6,0.02,baseline,29.818339922654843,28.631955798321236,25.918081264692944,600.0,466.89037953152274,2.3459249526786152,27.773498753665677,34.57677428213509,14.428884120784783,10.55,59.730932082731805,3252.5,1677.5,0.0,0.0,15099.662421979989,15292.379095470611,4.214794751523982,7.714860764907132,9.604659522815304,41960,True,"27/29 °C and 1000/1200 ppm are illustrative experiment targets, not universal regulatory limits.",False
15,50,6,0.04,baseline,29.818339922654843,28.631955798321236,25.918081264692944,600.0,466.89037953152274,2.3459249526786152,27.773498753665677,34.57677428213509,14.428884120784783,10.55,59.730932082731805,3252.5,1677.5,0.0,0.0,15099.662421979989,15292.379095470611,4.214794751523982,7.714860764907132,9.604659522815304,41960,True,"27/29 °C and 1000/1200 ppm are illustrative experiment targets, not universal regulatory limits.",False
15,50,6,0.06,baseline,29.818339922654843,28.631955798321236,25.918081264692944,600.0,466.89037953152274,2.3459249526786152,27.773498753665677,34.57677428213509,14.428884120784783,10.55,59.730932082731805,3252.5,1677.5,0.0,0.0,15099.662421979989,15292.379095470611,4.214794751523982,7.714860764907132,9.604659522815304,41960,True,"27/29 °C and 1000/1200 ppm are illustrative experiment targets, not universal regulatory limits.",False
15,50,6,0.08,baseline,29.818339922654843,28.631955798321236,25.918081264692944,600.0,466.89037953152274,2.3459249526786152,27.773498753665677,34.57677428213509,14.428884120784783,10.55,59.730932082731805,3252.5,1677.5,0.0,0.0,15099.662421979989,15292.379095470611,4.214794751523982,7.714860764907132,9.604659522815304,41960,True,"27/29 °C and 1000/1200 ppm are illustrative experiment targets, not universal regulatory limits.",False
15,50,8,0.0,baseline,29.87765970633427,28.691525507004233,25.924793167852613,600.0,463.336936965783,2.255400622190791,32.47666326025701,41.53313559250973,23.889085073593705,10.55,59.730932082731805,3262.5,1832.5,0.0,0.0,15096.693864794675,15292.379095470611,4.216482719978907,9.02129535007139,11.53698210903048,40442,True,"27/29 °C and 1000/1200 ppm are illustrative experiment targets, not universal regulatory limits.",False
15,50,8,0.02,baseline,29.87765970633427,28.691525507004233,25.924793167852613,600.0,463.336936965783,2.255400622190791,32.47666326025701,41.53313559250973,23.889085073593705,10.55,59.730932082731805,3262.5,1832.5,0.0,0.0,15096.693864794675,15292.379095470611,4.216482719978907,9.02129535007139,11.53698210903048,40442,True,"27/29 °C and 1000/1200 ppm are illustrative experiment targets, not universal regulatory limits.",False
15,50,8,0.04,baseline,29.87765970633427,28.691525507004233,25.924793167852613,600.0,463.336936965783,2.255400622190791,32.47666326025701,41.53313559250973,23.889085073593705,10.55,59.730932082731805,3262.5,1832.5,0.0,0.0,15096.693864794675,15292.379095470611,4.216482719978907,9.02129535007139,11.53698210903048,40442,True,"27/29 °C and 1000/1200 ppm are illustrative experiment targets, not universal regulatory limits.",False
15,50,8,0.06,baseline,29.87765970633427,28.691525507004233,25.924793167852613,600.0,463.336936965783,2.255400622190791,32.47666326025701,41.53313559250973,23.889085073593705,10.55,59.730932082731805,3262.5,1832.5,0.0,0.0,15096.693864794675,15292.379095470611,4.216482719978907,9.02129535007139,11.53698210903048,40442,True,"27/29 °C and 1000/1200 ppm are illustrative experiment targets, not universal regulatory limits.",False
15,50,8,0.08,baseline,29.87765970633427,28.691525507004233,25.924793167852613,600.0,463.336936965783,2.255400622190791,32.47666326025701,41.53313559250973,23.889085073593705,10.55,59.730932082731805,3262.5,1832.5,0.0,0.0,15096.693864794675,15292.379095470611,4.216482719978907,9.02129535007139,11.53698210903048,40442,True,"27/29 °C and 1000/1200 ppm are illustrative experiment targets, not universal regulatory limits.",False
15,60,0,0.0,baseline,29.601390544131732,28.42406490717144,25.89455662107241,600.0,483.98326459393627,2.5876371799240587,15.083526145320805,25.0,2.071883308198043,10.55,59.730932082731805,3207.5,1162.5,0.0,0.0,15110.479264493528,15292.379095470611,4.166666666666669,4.189868373700224,6.944444444444445,48542,True,"27/29 °C and 1000/1200 ppm are illustrative experiment targets, not universal regulatory limits.",False
15,60,0,0.02,baseline,29.601390544131732,28.42406490717144,25.89455662107241,600.0,483.98326459393627,2.5876371799240587,15.083526145320805,25.0,2.071883308198043,10.55,59.730932082731805,3207.5,1162.5,0.0,0.0,15110.479264493528,15292.379095470611,4.166666666666669,4.189868373700224,6.944444444444445,48542,True,"27/29 °C and 1000/1200 ppm are illustrative experiment targets, not universal regulatory limits.",False
15,60,0,0.04,baseline,29.601390544131732,28.42406490717144,25.89455662107241,600.0,483.98326459393627,2.5876371799240587,15.083526145320805,25.0,2.071883308198043,10.55,59.730932082731805,3207.5,1162.5,0.0,0.0,15110.479264493528,15292.379095470611,4.166666666666669,4.189868373700224,6.944444444444445,48542,True,"27/29 °C and 1000/1200 ppm are illustrative experiment targets, not universal regulatory limits.",False
15,60,0,0.06,baseline,29.601390544131732,28.42406490717144,25.89455662107241,600.0,483.98326459393627,2.5876371799240587,15.083526145320805,25.0,2.071883308198043,10.55,59.730932082731805,3207.5,1162.5,0.0,0.0,15110.479264493528,15292.379095470611,4.166666666666669,4.189868373700224,6.944444444444445,48542,True,"27/29 °C and 1000/1200 ppm are illustrative experiment targets, not universal regulatory limits.",False
15,60,0,0.08,baseline,29.601390544131732,28.42406490717144,25.89455662107241,600.0,483.98326459393627,2.5876371799240587,15.083526145320805,25.0,2.071883308198043,10.55,59.730932082731805,3207.5,1162.5,0.0,0.0,15110.479264493528,15292.379095470611,4.166666666666669,4.189868373700224,6.944444444444445,48542,True,"27/29 °C and 1000/1200 ppm are illustrative experiment targets, not universal regulatory limits.",False
15,60,2,0.0,baseline,29.681503061787396,28.498234315883575,25.902966095383306,600.0,476.81936688535484,2.512624636059627,19.048246988157025,25.0,4.260508784939145,10.55,59.730932082731805,3227.5,1332.5,0.0,0.0,15106.468462151463,15292.379095470611,4.203777380259376,5.291179718932507,6.944444444444445,45728,True,"27/29 °C and 1000/1200 ppm are illustrative experiment targets, not universal regulatory limits.",False
15,60,2,0.02,baseline,29.681503061787396,28.498234315883575,25.902966095383306,600.0,476.81936688535484,2.512624636059627,19.048246988157025,25.0,4.260508784939145,10.55,59.730932082731805,3227.5,1332.5,0.0,0.0,15106.468462151463,15292.379095470611,4.203777380259376,5.291179718932507,6.944444444444445,45728,True,"27/29 °C and 1000/1200 ppm are illustrative experiment targets, not universal regulatory limits.",False
15,60,2,0.04,baseline,29.681503061787396,28.498234315883575,25.902966095383306,600.0,476.81936688535484,2.512624636059627,19.048246988157025,25.0,4.260508784939145,10.55,59.730932082731805,3227.5,1332.5,0.0,0.0,15106.468462151463,15292.379095470611,4.203777380259376,5.291179718932507,6.944444444444445,45728,True,"27/29 °C and 1000/1200 ppm are illustrative experiment targets, not universal regulatory limits.",False
15,60,2,0.06,baseline,29.681503061787396,28.498234315883575,25.902966095383306,600.0,476.81936688535484,2.512624636059627,19.048246988157025,25.0,4.260508784939145,10.55,59.730932082731805,3227.5,1332.5,0.0,0.0,15106.468462151463,15292.379095470611,4.203777380259376,5.291179718932507,6.944444444444445,45728,True,"27/29 °C and 1000/1200 ppm are illustrative experiment targets, not universal regulatory limits.",False
15,60,2,0.08,baseline,29.681503061787396,28.498234315883575,25.902966095383306,600.0,476.81936688535484,2.512624636059627,19.048246988157025,25.0,4.260508784939145,10.55,59.730932082731805,3227.5,1332.5,0.0,0.0,15106.468462151463,15292.379095470611,4.203777380259376,5.291179718932507,6.944444444444445,45728,True,"27/29 °C and 1000/1200 ppm are illustrative experiment targets, not universal regulatory limits.",False
15,60,4,0.0,baseline,29.753673196705904,28.567741843464223,25.91083126858723,600.0,471.2758159508308,2.4333676504611503,23.288627793993292,27.807257387198707,8.14804657719048,10.55,59.730932082731805,3242.5,1532.5,0.0,0.0,15102.872489164285,15292.379095470611,4.21120842967417,6.469063276109248,7.724238163110751,43562,True,"27/29 °C and 1000/1200 ppm are illustrative experiment targets, not universal regulatory limits.",False
15,60,4,0.02,baseline,29.753673196705904,28.567741843464223,25.91083126858723,600.0,471.2758159508308,2.4333676504611503,23.288627793993292,27.807257387198707,8.14804657719048,10.55,59.730932082731805,3242.5,1532.5,0.0,0.0,15102.872489164285,15292.379095470611,4.21120842967417,6.469063276109248,7.724238163110751,43562,True,"27/29 °C and 1000/1200 ppm are illustrative experiment targets, not universal regulatory limits.",False
15,60,4,0.04,baseline,29.753673196705904,28.567741843464223,25.91083126858723,600.0,471.2758159508308,2.4333676504611503,23.288627793993292,27.807257387198707,8.14804657719048,10.55,59.730932082731805,3242.5,1532.5,0.0,0.0,15102.872489164285,15292.379095470611,4.21120842967417,6.469063276109248,7.724238163110751,43562,True,"27/29 °C and 1000/1200 ppm are illustrative experiment targets, not universal regulatory limits.",False
15,60,4,0.06,baseline,29.753673196705904,28.567741843464223,25.91083126858723,600.0,471.2758159508308,2.4333676504611503,23.288627793993292,27.807257387198707,8.14804657719048,10.55,59.730932082731805,3242.5,1532.5,0.0,0.0,15102.872489164285,15292.379095470611,4.21120842967417,6.469063276109248,7.724238163110751,43562,True,"27/29 °C and 1000/1200 ppm are illustrative experiment targets, not universal regulatory limits.",False
15,60,4,0.08,baseline,29.753673196705904,28.567741843464223,25.91083126858723,600.0,471.2758159508308,2.4333676504611503,23.288627793993292,27.807257387198707,8.14804657719048,10.55,59.730932082731805,3242.5,1532.5,0.0,0.0,15102.872489164285,15292.379095470611,4.21120842967417,6.469063276109248,7.724238163110751,43562,True,"27/29 °C and 1000/1200 ppm are illustrative experiment targets, not universal regulatory limits.",False
15,60,6,0.0,baseline,29.818339922654843,28.631955798321236,25.918081264692944,600.0,466.89037953152274,2.3459249526786152,27.773498753665677,34.57677428213509,14.428884120784783,10.55,59.730932082731805,3252.5,1677.5,0.0,0.0,15099.662421979989,15292.379095470611,4.214794751523982,7.714860764907132,9.604659522815304,41960,True,"27/29 °C and 1000/1200 ppm are illustrative experiment targets, not universal regulatory limits.",False
15,60,6,0.02,baseline,29.818339922654843,28.631955798321236,25.918081264692944,600.0,466.89037953152274,2.3459249526786152,27.773498753665677,34.57677428213509,14.428884120784783,10.55,59.730932082731805,3252.5,1677.5,0.0,0.0,15099.662421979989,15292.379095470611,4.214794751523982,7.714860764907132,9.604659522815304,41960,True,"27/29 °C and 1000/1200 ppm are illustrative experiment targets, not universal regulatory limits.",False
15,60,6,0.04,baseline,29.818339922654843,28.631955798321236,25.918081264692944,600.0,466.89037953152274,2.3459249526786152,27.773498753665677,34.57677428213509,14.428884120784783,10.55,59.730932082731805,3252.5,1677.5,0.0,0.0,15099.662421979989,15292.379095470611,4.214794751523982,7.714860764907132,9.604659522815304,41960,True,"27/29 °C and 1000/1200 ppm are illustrative experiment targets, not universal regulatory limits.",False
15,60,6,0.06,baseline,29.818339922654843,28.631955798321236,25.918081264692944,600.0,466.89037953152274,2.3459249526786152,27.773498753665677,34.57677428213509,14.428884120784783,10.55,59.730932082731805,3252.5,1677.5,0.0,0.0,15099.662421979989,15292.379095470611,4.214794751523982,7.714860764907132,9.604659522815304,41960,True,"27/29 °C and 1000/1200 ppm are illustrative experiment targets, not universal regulatory limits.",False
15,60,6,0.08,baseline,29.818339922654843,28.631955798321236,25.918081264692944,600.0,466.89037953152274,2.3459249526786152,27.773498753665677,34.57677428213509,14.428884120784783,10.55,59.730932082731805,3252.5,1677.5,0.0,0.0,15099.662421979989,15292.379095470611,4.214794751523982,7.714860764907132,9.604659522815304,41960,True,"27/29 °C and 1000/1200 ppm are illustrative experiment targets, not universal regulatory limits.",False
15,60,8,0.0,baseline,29.87765970633427,28.691525507004233,25.924793167852613,600.0,463.336936965783,2.255400622190791,32.47666326025701,41.53313559250973,23.889085073593705,10.55,59.730932082731805,3262.5,1832.5,0.0,0.0,15096.693864794675,15292.379095470611,4.216482719978907,9.02129535007139,11.53698210903048,40442,True,"27/29 °C and 1000/1200 ppm are illustrative experiment targets, not universal regulatory limits.",False
15,60,8,0.02,baseline,29.87765970633427,28.691525507004233,25.924793167852613,600.0,463.336936965783,2.255400622190791,32.47666326025701,41.53313559250973,23.889085073593705,10.55,59.730932082731805,3262.5,1832.5,0.0,0.0,15096.693864794675,15292.379095470611,4.216482719978907,9.02129535007139,11.53698210903048,40442,True,"27/29 °C and 1000/1200 ppm are illustrative experiment targets, not universal regulatory limits.",False
15,60,8,0.04,baseline,29.87765970633427,28.691525507004233,25.924793167852613,600.0,463.336936965783,2.255400622190791,32.47666326025701,41.53313559250973,23.889085073593705,10.55,59.730932082731805,3262.5,1832.5,0.0,0.0,15096.693864794675,15292.379095470611,4.216482719978907,9.02129535007139,11.53698210903048,40442,True,"27/29 °C and 1000/1200 ppm are illustrative experiment targets, not universal regulatory limits.",False
15,60,8,0.06,baseline,29.87765970633427,28.691525507004233,25.924793167852613,600.0,463.336936965783,2.255400622190791,32.47666326025701,41.53313559250973,23.889085073593705,10.55,59.730932082731805,3262.5,1832.5,0.0,0.0,15096.693864794675,15292.379095470611,4.216482719978907,9.02129535007139,11.53698210903048,40442,True,"27/29 °C and 1000/1200 ppm are illustrative experiment targets, not universal regulatory limits.",False
15,60,8,0.08,baseline,29.87765970633427,28.691525507004233,25.924793167852613,600.0,463.336936965783,2.255400622190791,32.47666326025701,41.53313559250973,23.889085073593705,10.55,59.730932082731805,3262.5,1832.5,0.0,0.0,15096.693864794675,15292.379095470611,4.216482719978907,9.02129535007139,11.53698210903048,40442,True,"27/29 °C and 1000/1200 ppm are illustrative experiment targets, not universal regulatory limits.",False
15,70,0,0.0,baseline,29.601390544131732,28.42406490717144,25.89455662107241,600.0,483.98326459393627,2.5876371799240587,15.083526145320805,25.0,2.071883308198043,10.55,59.730932082731805,3207.5,1162.5,0.0,0.0,15110.479264493528,15292.379095470611,4.166666666666669,4.189868373700224,6.944444444444445,48542,True,"27/29 °C and 1000/1200 ppm are illustrative experiment targets, not universal regulatory limits.",False
15,70,0,0.02,baseline,29.601390544131732,28.42406490717144,25.89455662107241,600.0,483.98326459393627,2.5876371799240587,15.083526145320805,25.0,2.071883308198043,10.55,59.730932082731805,3207.5,1162.5,0.0,0.0,15110.479264493528,15292.379095470611,4.166666666666669,4.189868373700224,6.944444444444445,48542,True,"27/29 °C and 1000/1200 ppm are illustrative experiment targets, not universal regulatory limits.",False
15,70,0,0.04,baseline,29.601390544131732,28.42406490717144,25.89455662107241,600.0,483.98326459393627,2.5876371799240587,15.083526145320805,25.0,2.071883308198043,10.55,59.730932082731805,3207.5,1162.5,0.0,0.0,15110.479264493528,15292.379095470611,4.166666666666669,4.189868373700224,6.944444444444445,48542,True,"27/29 °C and 1000/1200 ppm are illustrative experiment targets, not universal regulatory limits.",False
15,70,0,0.06,baseline,29.601390544131732,28.42406490717144,25.89455662107241,600.0,483.98326459393627,2.5876371799240587,15.083526145320805,25.0,2.071883308198043,10.55,59.730932082731805,3207.5,1162.5,0.0,0.0,15110.479264493528,15292.379095470611,4.166666666666669,4.189868373700224,6.944444444444445,48542,True,"27/29 °C and 1000/1200 ppm are illustrative experiment targets, not universal regulatory limits.",False
15,70,0,0.08,baseline,29.601390544131732,28.42406490717144,25.89455662107241,600.0,483.98326459393627,2.5876371799240587,15.083526145320805,25.0,2.071883308198043,10.55,59.730932082731805,3207.5,1162.5,0.0,0.0,15110.479264493528,15292.379095470611,4.166666666666669,4.189868373700224,6.944444444444445,48542,True,"27/29 °C and 1000/1200 ppm are illustrative experiment targets, not universal regulatory limits.",False
15,70,2,0.0,baseline,29.681503061787396,28.498234315883575,25.902966095383306,600.0,476.81936688535484,2.512624636059627,19.048246988157025,25.0,4.260508784939145,10.55,59.730932082731805,3227.5,1332.5,0.0,0.0,15106.468462151463,15292.379095470611,4.203777380259376,5.291179718932507,6.944444444444445,45728,True,"27/29 °C and 1000/1200 ppm are illustrative experiment targets, not universal regulatory limits.",False
15,70,2,0.02,baseline,29.681503061787396,28.498234315883575,25.902966095383306,600.0,476.81936688535484,2.512624636059627,19.048246988157025,25.0,4.260508784939145,10.55,59.730932082731805,3227.5,1332.5,0.0,0.0,15106.468462151463,15292.379095470611,4.203777380259376,5.291179718932507,6.944444444444445,45728,True,"27/29 °C and 1000/1200 ppm are illustrative experiment targets, not universal regulatory limits.",False
15,70,2,0.04,baseline,29.681503061787396,28.498234315883575,25.902966095383306,600.0,476.81936688535484,2.512624636059627,19.048246988157025,25.0,4.260508784939145,10.55,59.730932082731805,3227.5,1332.5,0.0,0.0,15106.468462151463,15292.379095470611,4.203777380259376,5.291179718932507,6.944444444444445,45728,True,"27/29 °C and 1000/1200 ppm are illustrative experiment targets, not universal regulatory limits.",False
15,70,2,0.06,baseline,29.681503061787396,28.498234315883575,25.902966095383306,600.0,476.81936688535484,2.512624636059627,19.048246988157025,25.0,4.260508784939145,10.55,59.730932082731805,3227.5,1332.5,0.0,0.0,15106.468462151463,15292.379095470611,4.203777380259376,5.291179718932507,6.944444444444445,45728,True,"27/29 °C and 1000/1200 ppm are illustrative experiment targets, not universal regulatory limits.",False
15,70,2,0.08,baseline,29.681503061787396,28.498234315883575,25.902966095383306,600.0,476.81936688535484,2.512624636059627,19.048246988157025,25.0,4.260508784939145,10.55,59.730932082731805,3227.5,1332.5,0.0,0.0,15106.468462151463,15292.379095470611,4.203777380259376,5.291179718932507,6.944444444444445,45728,True,"27/29 °C and 1000/1200 ppm are illustrative experiment targets, not universal regulatory limits.",False
15,70,4,0.0,baseline,29.753673196705904,28.567741843464223,25.91083126858723,600.0,471.2758159508308,2.4333676504611503,23.288627793993292,27.807257387198707,8.14804657719048,10.55,59.730932082731805,3242.5,1532.5,0.0,0.0,15102.872489164285,15292.379095470611,4.21120842967417,6.469063276109248,7.724238163110751,43562,True,"27/29 °C and 1000/1200 ppm are illustrative experiment targets, not universal regulatory limits.",False
15,70,4,0.02,baseline,29.753673196705904,28.567741843464223,25.91083126858723,600.0,471.2758159508308,2.4333676504611503,23.288627793993292,27.807257387198707,8.14804657719048,10.55,59.730932082731805,3242.5,1532.5,0.0,0.0,15102.872489164285,15292.379095470611,4.21120842967417,6.469063276109248,7.724238163110751,43562,True,"27/29 °C and 1000/1200 ppm are illustrative experiment targets, not universal regulatory limits.",False
15,70,4,0.04,baseline,29.753673196705904,28.567741843464223,25.91083126858723,600.0,471.2758159508308,2.4333676504611503,23.288627793993292,27.807257387198707,8.14804657719048,10.55,59.730932082731805,3242.5,1532.5,0.0,0.0,15102.872489164285,15292.379095470611,4.21120842967417,6.469063276109248,7.724238163110751,43562,True,"27/29 °C and 1000/1200 ppm are illustrative experiment targets, not universal regulatory limits.",False
15,70,4,0.06,baseline,29.753673196705904,28.567741843464223,25.91083126858723,600.0,471.2758159508308,2.4333676504611503,23.288627793993292,27.807257387198707,8.14804657719048,10.55,59.730932082731805,3242.5,1532.5,0.0,0.0,15102.872489164285,15292.379095470611,4.21120842967417,6.469063276109248,7.724238163110751,43562,True,"27/29 °C and 1000/1200 ppm are illustrative experiment targets, not universal regulatory limits.",False
15,70,4,0.08,baseline,29.753673196705904,28.567741843464223,25.91083126858723,600.0,471.2758159508308,2.4333676504611503,23.288627793993292,27.807257387198707,8.14804657719048,10.55,59.730932082731805,3242.5,1532.5,0.0,0.0,15102.872489164285,15292.379095470611,4.21120842967417,6.469063276109248,7.724238163110751,43562,True,"27/29 °C and 1000/1200 ppm are illustrative experiment targets, not universal regulatory limits.",False
15,70,6,0.0,baseline,29.818339922654843,28.631955798321236,25.918081264692944,600.0,466.89037953152274,2.3459249526786152,27.773498753665677,34.57677428213509,14.428884120784783,10.55,59.730932082731805,3252.5,1677.5,0.0,0.0,15099.662421979989,15292.379095470611,4.214794751523982,7.714860764907132,9.604659522815304,41960,True,"27/29 °C and 1000/1200 ppm are illustrative experiment targets, not universal regulatory limits.",False
15,70,6,0.02,baseline,29.818339922654843,28.631955798321236,25.918081264692944,600.0,466.89037953152274,2.3459249526786152,27.773498753665677,34.57677428213509,14.428884120784783,10.55,59.730932082731805,3252.5,1677.5,0.0,0.0,15099.662421979989,15292.379095470611,4.214794751523982,7.714860764907132,9.604659522815304,41960,True,"27/29 °C and 1000/1200 ppm are illustrative experiment targets, not universal regulatory limits.",False
15,70,6,0.04,baseline,29.818339922654843,28.631955798321236,25.918081264692944,600.0,466.89037953152274,2.3459249526786152,27.773498753665677,34.57677428213509,14.428884120784783,10.55,59.730932082731805,3252.5,1677.5,0.0,0.0,15099.662421979989,15292.379095470611,4.214794751523982,7.714860764907132,9.604659522815304,41960,True,"27/29 °C and 1000/1200 ppm are illustrative experiment targets, not universal regulatory limits.",False
15,70,6,0.06,baseline,29.818339922654843,28.631955798321236,25.918081264692944,600.0,466.89037953152274,2.3459249526786152,27.773498753665677,34.57677428213509,14.428884120784783,10.55,59.730932082731805,3252.5,1677.5,0.0,0.0,15099.662421979989,15292.379095470611,4.214794751523982,7.714860764907132,9.604659522815304,41960,True,"27/29 °C and 1000/1200 ppm are illustrative experiment targets, not universal regulatory limits.",False
15,70,6,0.08,baseline,29.818339922654843,28.631955798321236,25.918081264692944,600.0,466.89037953152274,2.3459249526786152,27.773498753665677,34.57677428213509,14.428884120784783,10.55,59.730932082731805,3252.5,1677.5,0.0,0.0,15099.662421979989,15292.379095470611,4.214794751523982,7.714860764907132,9.604659522815304,41960,True,"27/29 °C and 1000/1200 ppm are illustrative experiment targets, not universal regulatory limits.",False
15,70,8,0.0,baseline,29.87765970633427,28.691525507004233,25.924793167852613,600.0,463.336936965783,2.255400622190791,32.47666326025701,41.53313559250973,23.889085073593705,10.55,59.730932082731805,3262.5,1832.5,0.0,0.0,15096.693864794675,15292.379095470611,4.216482719978907,9.02129535007139,11.53698210903048,40442,True,"27/29 °C and 1000/1200 ppm are illustrative experiment targets, not universal regulatory limits.",False
15,70,8,0.02,baseline,29.87765970633427,28.691525507004233,25.924793167852613,600.0,463.336936965783,2.255400622190791,32.47666326025701,41.53313559250973,23.889085073593705,10.55,59.730932082731805,3262.5,1832.5,0.0,0.0,15096.693864794675,15292.379095470611,4.216482719978907,9.02129535007139,11.53698210903048,40442,True,"27/29 °C and 1000/1200 ppm are illustrative experiment targets, not universal regulatory limits.",False
15,70,8,0.04,baseline,29.87765970633427,28.691525507004233,25.924793167852613,600.0,463.336936965783,2.255400622190791,32.47666326025701,41.53313559250973,23.889085073593705,10.55,59.730932082731805,3262.5,1832.5,0.0,0.0,15096.693864794675,15292.379095470611,4.216482719978907,9.02129535007139,11.53698210903048,40442,True,"27/29 °C and 1000/1200 ppm are illustrative experiment targets, not universal regulatory limits.",False
15,70,8,0.06,baseline,29.87765970633427,28.691525507004233,25.924793167852613,600.0,463.336936965783,2.255400622190791,32.47666326025701,41.53313559250973,23.889085073593705,10.55,59.730932082731805,3262.5,1832.5,0.0,0.0,15096.693864794675,15292.379095470611,4.216482719978907,9.02129535007139,11.53698210903048,40442,True,"27/29 °C and 1000/1200 ppm are illustrative experiment targets, not universal regulatory limits.",False
15,70,8,0.08,baseline,29.87765970633427,28.691525507004233,25.924793167852613,600.0,463.336936965783,2.255400622190791,32.47666326025701,41.53313559250973,23.889085073593705,10.55,59.730932082731805,3262.5,1832.5,0.0,0.0,15096.693864794675,15292.379095470611,4.216482719978907,9.02129535007139,11.53698210903048,40442,True,"27/29 °C and 1000/1200 ppm are illustrative experiment targets, not universal regulatory limits.",False
15,80,0,0.0,baseline,29.601390544131732,28.42406490717144,25.89455662107241,600.0,483.98326459393627,2.5876371799240587,15.083526145320805,25.0,2.071883308198043,10.55,59.730932082731805,3207.5,1162.5,0.0,0.0,15110.479264493528,15292.379095470611,4.166666666666669,4.189868373700224,6.944444444444445,48542,True,"27/29 °C and 1000/1200 ppm are illustrative experiment targets, not universal regulatory limits.",False
15,80,0,0.02,baseline,29.601390544131732,28.42406490717144,25.89455662107241,600.0,483.98326459393627,2.5876371799240587,15.083526145320805,25.0,2.071883308198043,10.55,59.730932082731805,3207.5,1162.5,0.0,0.0,15110.479264493528,15292.379095470611,4.166666666666669,4.189868373700224,6.944444444444445,48542,True,"27/29 °C and 1000/1200 ppm are illustrative experiment targets, not universal regulatory limits.",False
15,80,0,0.04,baseline,29.601390544131732,28.42406490717144,25.89455662107241,600.0,483.98326459393627,2.5876371799240587,15.083526145320805,25.0,2.071883308198043,10.55,59.730932082731805,3207.5,1162.5,0.0,0.0,15110.479264493528,15292.379095470611,4.166666666666669,4.189868373700224,6.944444444444445,48542,True,"27/29 °C and 1000/1200 ppm are illustrative experiment targets, not universal regulatory limits.",False
15,80,0,0.06,baseline,29.601390544131732,28.42406490717144,25.89455662107241,600.0,483.98326459393627,2.5876371799240587,15.083526145320805,25.0,2.071883308198043,10.55,59.730932082731805,3207.5,1162.5,0.0,0.0,15110.479264493528,15292.379095470611,4.166666666666669,4.189868373700224,6.944444444444445,48542,True,"27/29 °C and 1000/1200 ppm are illustrative experiment targets, not universal regulatory limits.",False
15,80,0,0.08,baseline,29.601390544131732,28.42406490717144,25.89455662107241,600.0,483.98326459393627,2.5876371799240587,15.083526145320805,25.0,2.071883308198043,10.55,59.730932082731805,3207.5,1162.5,0.0,0.0,15110.479264493528,15292.379095470611,4.166666666666669,4.189868373700224,6.944444444444445,48542,True,"27/29 °C and 1000/1200 ppm are illustrative experiment targets, not universal regulatory limits.",False
15,80,2,0.0,baseline,29.681503061787396,28.498234315883575,25.902966095383306,600.0,476.81936688535484,2.512624636059627,19.048246988157025,25.0,4.260508784939145,10.55,59.730932082731805,3227.5,1332.5,0.0,0.0,15106.468462151463,15292.379095470611,4.203777380259376,5.291179718932507,6.944444444444445,45728,True,"27/29 °C and 1000/1200 ppm are illustrative experiment targets, not universal regulatory limits.",False
15,80,2,0.02,baseline,29.681503061787396,28.498234315883575,25.902966095383306,600.0,476.81936688535484,2.512624636059627,19.048246988157025,25.0,4.260508784939145,10.55,59.730932082731805,3227.5,1332.5,0.0,0.0,15106.468462151463,15292.379095470611,4.203777380259376,5.291179718932507,6.944444444444445,45728,True,"27/29 °C and 1000/1200 ppm are illustrative experiment targets, not universal regulatory limits.",False
15,80,2,0.04,baseline,29.681503061787396,28.498234315883575,25.902966095383306,600.0,476.81936688535484,2.512624636059627,19.048246988157025,25.0,4.260508784939145,10.55,59.730932082731805,3227.5,1332.5,0.0,0.0,15106.468462151463,15292.379095470611,4.203777380259376,5.291179718932507,6.944444444444445,45728,True,"27/29 °C and 1000/1200 ppm are illustrative experiment targets, not universal regulatory limits.",False
15,80,2,0.06,baseline,29.681503061787396,28.498234315883575,25.902966095383306,600.0,476.81936688535484,2.512624636059627,19.048246988157025,25.0,4.260508784939145,10.55,59.730932082731805,3227.5,1332.5,0.0,0.0,15106.468462151463,15292.379095470611,4.203777380259376,5.291179718932507,6.944444444444445,45728,True,"27/29 °C and 1000/1200 ppm are illustrative experiment targets, not universal regulatory limits.",False
15,80,2,0.08,baseline,29.681503061787396,28.498234315883575,25.902966095383306,600.0,476.81936688535484,2.512624636059627,19.048246988157025,25.0,4.260508784939145,10.55,59.730932082731805,3227.5,1332.5,0.0,0.0,15106.468462151463,15292.379095470611,4.203777380259376,5.291179718932507,6.944444444444445,45728,True,"27/29 °C and 1000/1200 ppm are illustrative experiment targets, not universal regulatory limits.",False
15,80,4,0.0,baseline,29.753673196705904,28.567741843464223,25.91083126858723,600.0,471.2758159508308,2.4333676504611503,23.288627793993292,27.807257387198707,8.14804657719048,10.55,59.730932082731805,3242.5,1532.5,0.0,0.0,15102.872489164285,15292.379095470611,4.21120842967417,6.469063276109248,7.724238163110751,43562,True,"27/29 °C and 1000/1200 ppm are illustrative experiment targets, not universal regulatory limits.",False
15,80,4,0.02,baseline,29.753673196705904,28.567741843464223,25.91083126858723,600.0,471.2758159508308,2.4333676504611503,23.288627793993292,27.807257387198707,8.14804657719048,10.55,59.730932082731805,3242.5,1532.5,0.0,0.0,15102.872489164285,15292.379095470611,4.21120842967417,6.469063276109248,7.724238163110751,43562,True,"27/29 °C and 1000/1200 ppm are illustrative experiment targets, not universal regulatory limits.",False
15,80,4,0.04,baseline,29.753673196705904,28.567741843464223,25.91083126858723,600.0,471.2758159508308,2.4333676504611503,23.288627793993292,27.807257387198707,8.14804657719048,10.55,59.730932082731805,3242.5,1532.5,0.0,0.0,15102.872489164285,15292.379095470611,4.21120842967417,6.469063276109248,7.724238163110751,43562,True,"27/29 °C and 1000/1200 ppm are illustrative experiment targets, not universal regulatory limits.",False
15,80,4,0.06,baseline,29.753673196705904,28.567741843464223,25.91083126858723,600.0,471.2758159508308,2.4333676504611503,23.288627793993292,27.807257387198707,8.14804657719048,10.55,59.730932082731805,3242.5,1532.5,0.0,0.0,15102.872489164285,15292.379095470611,4.21120842967417,6.469063276109248,7.724238163110751,43562,True,"27/29 °C and 1000/1200 ppm are illustrative experiment targets, not universal regulatory limits.",False
15,80,4,0.08,baseline,29.753673196705904,28.567741843464223,25.91083126858723,600.0,471.2758159508308,2.4333676504611503,23.288627793993292,27.807257387198707,8.14804657719048,10.55,59.730932082731805,3242.5,1532.5,0.0,0.0,15102.872489164285,15292.379095470611,4.21120842967417,6.469063276109248,7.724238163110751,43562,True,"27/29 °C and 1000/1200 ppm are illustrative experiment targets, not universal regulatory limits.",False
15,80,6,0.0,baseline,29.818339922654843,28.631955798321236,25.918081264692944,600.0,466.89037953152274,2.3459249526786152,27.773498753665677,34.57677428213509,14.428884120784783,10.55,59.730932082731805,3252.5,1677.5,0.0,0.0,15099.662421979989,15292.379095470611,4.214794751523982,7.714860764907132,9.604659522815304,41960,True,"27/29 °C and 1000/1200 ppm are illustrative experiment targets, not universal regulatory limits.",False
15,80,6,0.02,baseline,29.818339922654843,28.631955798321236,25.918081264692944,600.0,466.89037953152274,2.3459249526786152,27.773498753665677,34.57677428213509,14.428884120784783,10.55,59.730932082731805,3252.5,1677.5,0.0,0.0,15099.662421979989,15292.379095470611,4.214794751523982,7.714860764907132,9.604659522815304,41960,True,"27/29 °C and 1000/1200 ppm are illustrative experiment targets, not universal regulatory limits.",False
15,80,6,0.04,baseline,29.818339922654843,28.631955798321236,25.918081264692944,600.0,466.89037953152274,2.3459249526786152,27.773498753665677,34.57677428213509,14.428884120784783,10.55,59.730932082731805,3252.5,1677.5,0.0,0.0,15099.662421979989,15292.379095470611,4.214794751523982,7.714860764907132,9.604659522815304,41960,True,"27/29 °C and 1000/1200 ppm are illustrative experiment targets, not universal regulatory limits.",False
15,80,6,0.06,baseline,29.818339922654843,28.631955798321236,25.918081264692944,600.0,466.89037953152274,2.3459249526786152,27.773498753665677,34.57677428213509,14.428884120784783,10.55,59.730932082731805,3252.5,1677.5,0.0,0.0,15099.662421979989,15292.379095470611,4.214794751523982,7.714860764907132,9.604659522815304,41960,True,"27/29 °C and 1000/1200 ppm are illustrative experiment targets, not universal regulatory limits.",False
15,80,6,0.08,baseline,29.818339922654843,28.631955798321236,25.918081264692944,600.0,466.89037953152274,2.3459249526786152,27.773498753665677,34.57677428213509,14.428884120784783,10.55,59.730932082731805,3252.5,1677.5,0.0,0.0,15099.662421979989,15292.379095470611,4.214794751523982,7.714860764907132,9.604659522815304,41960,True,"27/29 °C and 1000/1200 ppm are illustrative experiment targets, not universal regulatory limits.",False
15,80,8,0.0,baseline,29.87765970633427,28.691525507004233,25.924793167852613,600.0,463.336936965783,2.255400622190791,32.47666326025701,41.53313559250973,23.889085073593705,10.55,59.730932082731805,3262.5,1832.5,0.0,0.0,15096.693864794675,15292.379095470611,4.216482719978907,9.02129535007139,11.53698210903048,40442,True,"27/29 °C and 1000/1200 ppm are illustrative experiment targets, not universal regulatory limits.",False
15,80,8,0.02,baseline,29.87765970633427,28.691525507004233,25.924793167852613,600.0,463.336936965783,2.255400622190791,32.47666326025701,41.53313559250973,23.889085073593705,10.55,59.730932082731805,3262.5,1832.5,0.0,0.0,15096.693864794675,15292.379095470611,4.216482719978907,9.02129535007139,11.53698210903048,40442,True,"27/29 °C and 1000/1200 ppm are illustrative experiment targets, not universal regulatory limits.",False
15,80,8,0.04,baseline,29.87765970633427,28.691525507004233,25.924793167852613,600.0,463.336936965783,2.255400622190791,32.47666326025701,41.53313559250973,23.889085073593705,10.55,59.730932082731805,3262.5,1832.5,0.0,0.0,15096.693864794675,15292.379095470611,4.216482719978907,9.02129535007139,11.53698210903048,40442,True,"27/29 °C and 1000/1200 ppm are illustrative experiment targets, not universal regulatory limits.",False
15,80,8,0.06,baseline,29.87765970633427,28.691525507004233,25.924793167852613,600.0,463.336936965783,2.255400622190791,32.47666326025701,41.53313559250973,23.889085073593705,10.55,59.730932082731805,3262.5,1832.5,0.0,0.0,15096.693864794675,15292.379095470611,4.216482719978907,9.02129535007139,11.53698210903048,40442,True,"27/29 °C and 1000/1200 ppm are illustrative experiment targets, not universal regulatory limits.",False
15,80,8,0.08,baseline,29.87765970633427,28.691525507004233,25.924793167852613,600.0,463.336936965783,2.255400622190791,32.47666326025701,41.53313559250973,23.889085073593705,10.55,59.730932082731805,3262.5,1832.5,0.0,0.0,15096.693864794675,15292.379095470611,4.216482719978907,9.02129535007139,11.53698210903048,40442,True,"27/29 °C and 1000/1200 ppm are illustrative experiment targets, not universal regulatory limits.",False
15,90,0,0.0,baseline,29.601390544131732,28.42406490717144,25.89455662107241,600.0,483.98326459393627,2.5876371799240587,15.083526145320805,25.0,2.071883308198043,10.55,59.730932082731805,3207.5,1162.5,0.0,0.0,15110.479264493528,15292.379095470611,4.166666666666669,4.189868373700224,6.944444444444445,48542,True,"27/29 °C and 1000/1200 ppm are illustrative experiment targets, not universal regulatory limits.",False
15,90,0,0.02,baseline,29.601390544131732,28.42406490717144,25.89455662107241,600.0,483.98326459393627,2.5876371799240587,15.083526145320805,25.0,2.071883308198043,10.55,59.730932082731805,3207.5,1162.5,0.0,0.0,15110.479264493528,15292.379095470611,4.166666666666669,4.189868373700224,6.944444444444445,48542,True,"27/29 °C and 1000/1200 ppm are illustrative experiment targets, not universal regulatory limits.",False
15,90,0,0.04,baseline,29.601390544131732,28.42406490717144,25.89455662107241,600.0,483.98326459393627,2.5876371799240587,15.083526145320805,25.0,2.071883308198043,10.55,59.730932082731805,3207.5,1162.5,0.0,0.0,15110.479264493528,15292.379095470611,4.166666666666669,4.189868373700224,6.944444444444445,48542,True,"27/29 °C and 1000/1200 ppm are illustrative experiment targets, not universal regulatory limits.",False
15,90,0,0.06,baseline,29.601390544131732,28.42406490717144,25.89455662107241,600.0,483.98326459393627,2.5876371799240587,15.083526145320805,25.0,2.071883308198043,10.55,59.730932082731805,3207.5,1162.5,0.0,0.0,15110.479264493528,15292.379095470611,4.166666666666669,4.189868373700224,6.944444444444445,48542,True,"27/29 °C and 1000/1200 ppm are illustrative experiment targets, not universal regulatory limits.",False
15,90,0,0.08,baseline,29.601390544131732,28.42406490717144,25.89455662107241,600.0,483.98326459393627,2.5876371799240587,15.083526145320805,25.0,2.071883308198043,10.55,59.730932082731805,3207.5,1162.5,0.0,0.0,15110.479264493528,15292.379095470611,4.166666666666669,4.189868373700224,6.944444444444445,48542,True,"27/29 °C and 1000/1200 ppm are illustrative experiment targets, not universal regulatory limits.",False
15,90,2,0.0,baseline,29.681503061787396,28.498234315883575,25.902966095383306,600.0,476.81936688535484,2.512624636059627,19.048246988157025,25.0,4.260508784939145,10.55,59.730932082731805,3227.5,1332.5,0.0,0.0,15106.468462151463,15292.379095470611,4.203777380259376,5.291179718932507,6.944444444444445,45728,True,"27/29 °C and 1000/1200 ppm are illustrative experiment targets, not universal regulatory limits.",False
15,90,2,0.02,baseline,29.681503061787396,28.498234315883575,25.902966095383306,600.0,476.81936688535484,2.512624636059627,19.048246988157025,25.0,4.260508784939145,10.55,59.730932082731805,3227.5,1332.5,0.0,0.0,15106.468462151463,15292.379095470611,4.203777380259376,5.291179718932507,6.944444444444445,45728,True,"27/29 °C and 1000/1200 ppm are illustrative experiment targets, not universal regulatory limits.",False
15,90,2,0.04,baseline,29.681503061787396,28.498234315883575,25.902966095383306,600.0,476.81936688535484,2.512624636059627,19.048246988157025,25.0,4.260508784939145,10.55,59.730932082731805,3227.5,1332.5,0.0,0.0,15106.468462151463,15292.379095470611,4.203777380259376,5.291179718932507,6.944444444444445,45728,True,"27/29 °C and 1000/1200 ppm are illustrative experiment targets, not universal regulatory limits.",False
15,90,2,0.06,baseline,29.681503061787396,28.498234315883575,25.902966095383306,600.0,476.81936688535484,2.512624636059627,19.048246988157025,25.0,4.260508784939145,10.55,59.730932082731805,3227.5,1332.5,0.0,0.0,15106.468462151463,15292.379095470611,4.203777380259376,5.291179718932507,6.944444444444445,45728,True,"27/29 °C and 1000/1200 ppm are illustrative experiment targets, not universal regulatory limits.",False
15,90,2,0.08,baseline,29.681503061787396,28.498234315883575,25.902966095383306,600.0,476.81936688535484,2.512624636059627,19.048246988157025,25.0,4.260508784939145,10.55,59.730932082731805,3227.5,1332.5,0.0,0.0,15106.468462151463,15292.379095470611,4.203777380259376,5.291179718932507,6.944444444444445,45728,True,"27/29 °C and 1000/1200 ppm are illustrative experiment targets, not universal regulatory limits.",False
15,90,4,0.0,baseline,29.753673196705904,28.567741843464223,25.91083126858723,600.0,471.2758159508308,2.4333676504611503,23.288627793993292,27.807257387198707,8.14804657719048,10.55,59.730932082731805,3242.5,1532.5,0.0,0.0,15102.872489164285,15292.379095470611,4.21120842967417,6.469063276109248,7.724238163110751,43562,True,"27/29 °C and 1000/1200 ppm are illustrative experiment targets, not universal regulatory limits.",False
15,90,4,0.02,baseline,29.753673196705904,28.567741843464223,25.91083126858723,600.0,471.2758159508308,2.4333676504611503,23.288627793993292,27.807257387198707,8.14804657719048,10.55,59.730932082731805,3242.5,1532.5,0.0,0.0,15102.872489164285,15292.379095470611,4.21120842967417,6.469063276109248,7.724238163110751,43562,True,"27/29 °C and 1000/1200 ppm are illustrative experiment targets, not universal regulatory limits.",False
15,90,4,0.04,baseline,29.753673196705904,28.567741843464223,25.91083126858723,600.0,471.2758159508308,2.4333676504611503,23.288627793993292,27.807257387198707,8.14804657719048,10.55,59.730932082731805,3242.5,1532.5,0.0,0.0,15102.872489164285,15292.379095470611,4.21120842967417,6.469063276109248,7.724238163110751,43562,True,"27/29 °C and 1000/1200 ppm are illustrative experiment targets, not universal regulatory limits.",False
15,90,4,0.06,baseline,29.753673196705904,28.567741843464223,25.91083126858723,600.0,471.2758159508308,2.4333676504611503,23.288627793993292,27.807257387198707,8.14804657719048,10.55,59.730932082731805,3242.5,1532.5,0.0,0.0,15102.872489164285,15292.379095470611,4.21120842967417,6.469063276109248,7.724238163110751,43562,True,"27/29 °C and 1000/1200 ppm are illustrative experiment targets, not universal regulatory limits.",False
15,90,4,0.08,baseline,29.753673196705904,28.567741843464223,25.91083126858723,600.0,471.2758159508308,2.4333676504611503,23.288627793993292,27.807257387198707,8.14804657719048,10.55,59.730932082731805,3242.5,1532.5,0.0,0.0,15102.872489164285,15292.379095470611,4.21120842967417,6.469063276109248,7.724238163110751,43562,True,"27/29 °C and 1000/1200 ppm are illustrative experiment targets, not universal regulatory limits.",False
15,90,6,0.0,baseline,29.818339922654843,28.631955798321236,25.918081264692944,600.0,466.89037953152274,2.3459249526786152,27.773498753665677,34.57677428213509,14.428884120784783,10.55,59.730932082731805,3252.5,1677.5,0.0,0.0,15099.662421979989,15292.379095470611,4.214794751523982,7.714860764907132,9.604659522815304,41960,True,"27/29 °C and 1000/1200 ppm are illustrative experiment targets, not universal regulatory limits.",False
15,90,6,0.02,baseline,29.818339922654843,28.631955798321236,25.918081264692944,600.0,466.89037953152274,2.3459249526786152,27.773498753665677,34.57677428213509,14.428884120784783,10.55,59.730932082731805,3252.5,1677.5,0.0,0.0,15099.662421979989,15292.379095470611,4.214794751523982,7.714860764907132,9.604659522815304,41960,True,"27/29 °C and 1000/1200 ppm are illustrative experiment targets, not universal regulatory limits.",False
15,90,6,0.04,baseline,29.818339922654843,28.631955798321236,25.918081264692944,600.0,466.89037953152274,2.3459249526786152,27.773498753665677,34.57677428213509,14.428884120784783,10.55,59.730932082731805,3252.5,1677.5,0.0,0.0,15099.662421979989,15292.379095470611,4.214794751523982,7.714860764907132,9.604659522815304,41960,True,"27/29 °C and 1000/1200 ppm are illustrative experiment targets, not universal regulatory limits.",False
15,90,6,0.06,baseline,29.818339922654843,28.631955798321236,25.918081264692944,600.0,466.89037953152274,2.3459249526786152,27.773498753665677,34.57677428213509,14.428884120784783,10.55,59.730932082731805,3252.5,1677.5,0.0,0.0,15099.662421979989,15292.379095470611,4.214794751523982,7.714860764907132,9.604659522815304,41960,True,"27/29 °C and 1000/1200 ppm are illustrative experiment targets, not universal regulatory limits.",False
15,90,6,0.08,baseline,29.818339922654843,28.631955798321236,25.918081264692944,600.0,466.89037953152274,2.3459249526786152,27.773498753665677,34.57677428213509,14.428884120784783,10.55,59.730932082731805,3252.5,1677.5,0.0,0.0,15099.662421979989,15292.379095470611,4.214794751523982,7.714860764907132,9.604659522815304,41960,True,"27/29 °C and 1000/1200 ppm are illustrative experiment targets, not universal regulatory limits.",False
15,90,8,0.0,baseline,29.87765970633427,28.691525507004233,25.924793167852613,600.0,463.336936965783,2.255400622190791,32.47666326025701,41.53313559250973,23.889085073593705,10.55,59.730932082731805,3262.5,1832.5,0.0,0.0,15096.693864794675,15292.379095470611,4.216482719978907,9.02129535007139,11.53698210903048,40442,True,"27/29 °C and 1000/1200 ppm are illustrative experiment targets, not universal regulatory limits.",False
15,90,8,0.02,baseline,29.87765970633427,28.691525507004233,25.924793167852613,600.0,463.336936965783,2.255400622190791,32.47666326025701,41.53313559250973,23.889085073593705,10.55,59.730932082731805,3262.5,1832.5,0.0,0.0,15096.693864794675,15292.379095470611,4.216482719978907,9.02129535007139,11.53698210903048,40442,True,"27/29 °C and 1000/1200 ppm are illustrative experiment targets, not universal regulatory limits.",False
15,90,8,0.04,baseline,29.87765970633427,28.691525507004233,25.924793167852613,600.0,463.336936965783,2.255400622190791,32.47666326025701,41.53313559250973,23.889085073593705,10.55,59.730932082731805,3262.5,1832.5,0.0,0.0,15096.693864794675,15292.379095470611,4.216482719978907,9.02129535007139,11.53698210903048,40442,True,"27/29 °C and 1000/1200 ppm are illustrative experiment targets, not universal regulatory limits.",False
15,90,8,0.06,baseline,29.87765970633427,28.691525507004233,25.924793167852613,600.0,463.336936965783,2.255400622190791,32.47666326025701,41.53313559250973,23.889085073593705,10.55,59.730932082731805,3262.5,1832.5,0.0,0.0,15096.693864794675,15292.379095470611,4.216482719978907,9.02129535007139,11.53698210903048,40442,True,"27/29 °C and 1000/1200 ppm are illustrative experiment targets, not universal regulatory limits.",False
15,90,8,0.08,baseline,29.87765970633427,28.691525507004233,25.924793167852613,600.0,463.336936965783,2.255400622190791,32.47666326025701,41.53313559250973,23.889085073593705,10.55,59.730932082731805,3262.5,1832.5,0.0,0.0,15096.693864794675,15292.379095470611,4.216482719978907,9.02129535007139,11.53698210903048,40442,True,"27/29 °C and 1000/1200 ppm are illustrative experiment targets, not universal regulatory limits.",False
15,100,0,0.0,baseline,29.601390544131732,28.42406490717144,25.89455662107241,600.0,483.98326459393627,2.5876371799240587,15.083526145320805,25.0,2.071883308198043,10.55,59.730932082731805,3207.5,1162.5,0.0,0.0,15110.479264493528,15292.379095470611,4.166666666666669,4.189868373700224,6.944444444444445,48542,True,"27/29 °C and 1000/1200 ppm are illustrative experiment targets, not universal regulatory limits.",False
15,100,0,0.02,baseline,29.601390544131732,28.42406490717144,25.89455662107241,600.0,483.98326459393627,2.5876371799240587,15.083526145320805,25.0,2.071883308198043,10.55,59.730932082731805,3207.5,1162.5,0.0,0.0,15110.479264493528,15292.379095470611,4.166666666666669,4.189868373700224,6.944444444444445,48542,True,"27/29 °C and 1000/1200 ppm are illustrative experiment targets, not universal regulatory limits.",False
15,100,0,0.04,baseline,29.601390544131732,28.42406490717144,25.89455662107241,600.0,483.98326459393627,2.5876371799240587,15.083526145320805,25.0,2.071883308198043,10.55,59.730932082731805,3207.5,1162.5,0.0,0.0,15110.479264493528,15292.379095470611,4.166666666666669,4.189868373700224,6.944444444444445,48542,True,"27/29 °C and 1000/1200 ppm are illustrative experiment targets, not universal regulatory limits.",False
15,100,0,0.06,baseline,29.601390544131732,28.42406490717144,25.89455662107241,600.0,483.98326459393627,2.5876371799240587,15.083526145320805,25.0,2.071883308198043,10.55,59.730932082731805,3207.5,1162.5,0.0,0.0,15110.479264493528,15292.379095470611,4.166666666666669,4.189868373700224,6.944444444444445,48542,True,"27/29 °C and 1000/1200 ppm are illustrative experiment targets, not universal regulatory limits.",False
15,100,0,0.08,baseline,29.601390544131732,28.42406490717144,25.89455662107241,600.0,483.98326459393627,2.5876371799240587,15.083526145320805,25.0,2.071883308198043,10.55,59.730932082731805,3207.5,1162.5,0.0,0.0,15110.479264493528,15292.379095470611,4.166666666666669,4.189868373700224,6.944444444444445,48542,True,"27/29 °C and 1000/1200 ppm are illustrative experiment targets, not universal regulatory limits.",False
15,100,2,0.0,baseline,29.681503061787396,28.498234315883575,25.902966095383306,600.0,476.81936688535484,2.512624636059627,19.048246988157025,25.0,4.260508784939145,10.55,59.730932082731805,3227.5,1332.5,0.0,0.0,15106.468462151463,15292.379095470611,4.203777380259376,5.291179718932507,6.944444444444445,45728,True,"27/29 °C and 1000/1200 ppm are illustrative experiment targets, not universal regulatory limits.",False
15,100,2,0.02,baseline,29.681503061787396,28.498234315883575,25.902966095383306,600.0,476.81936688535484,2.512624636059627,19.048246988157025,25.0,4.260508784939145,10.55,59.730932082731805,3227.5,1332.5,0.0,0.0,15106.468462151463,15292.379095470611,4.203777380259376,5.291179718932507,6.944444444444445,45728,True,"27/29 °C and 1000/1200 ppm are illustrative experiment targets, not universal regulatory limits.",False
15,100,2,0.04,baseline,29.681503061787396,28.498234315883575,25.902966095383306,600.0,476.81936688535484,2.512624636059627,19.048246988157025,25.0,4.260508784939145,10.55,59.730932082731805,3227.5,1332.5,0.0,0.0,15106.468462151463,15292.379095470611,4.203777380259376,5.291179718932507,6.944444444444445,45728,True,"27/29 °C and 1000/1200 ppm are illustrative experiment targets, not universal regulatory limits.",False
15,100,2,0.06,baseline,29.681503061787396,28.498234315883575,25.902966095383306,600.0,476.81936688535484,2.512624636059627,19.048246988157025,25.0,4.260508784939145,10.55,59.730932082731805,3227.5,1332.5,0.0,0.0,15106.468462151463,15292.379095470611,4.203777380259376,5.291179718932507,6.944444444444445,45728,True,"27/29 °C and 1000/1200 ppm are illustrative experiment targets, not universal regulatory limits.",False
15,100,2,0.08,baseline,29.681503061787396,28.498234315883575,25.902966095383306,600.0,476.81936688535484,2.512624636059627,19.048246988157025,25.0,4.260508784939145,10.55,59.730932082731805,3227.5,1332.5,0.0,0.0,15106.468462151463,15292.379095470611,4.203777380259376,5.291179718932507,6.944444444444445,45728,True,"27/29 °C and 1000/1200 ppm are illustrative experiment targets, not universal regulatory limits.",False
15,100,4,0.0,baseline,29.753673196705904,28.567741843464223,25.91083126858723,600.0,471.2758159508308,2.4333676504611503,23.288627793993292,27.807257387198707,8.14804657719048,10.55,59.730932082731805,3242.5,1532.5,0.0,0.0,15102.872489164285,15292.379095470611,4.21120842967417,6.469063276109248,7.724238163110751,43562,True,"27/29 °C and 1000/1200 ppm are illustrative experiment targets, not universal regulatory limits.",False
15,100,4,0.02,baseline,29.753673196705904,28.567741843464223,25.91083126858723,600.0,471.2758159508308,2.4333676504611503,23.288627793993292,27.807257387198707,8.14804657719048,10.55,59.730932082731805,3242.5,1532.5,0.0,0.0,15102.872489164285,15292.379095470611,4.21120842967417,6.469063276109248,7.724238163110751,43562,True,"27/29 °C and 1000/1200 ppm are illustrative experiment targets, not universal regulatory limits.",False
15,100,4,0.04,baseline,29.753673196705904,28.567741843464223,25.91083126858723,600.0,471.2758159508308,2.4333676504611503,23.288627793993292,27.807257387198707,8.14804657719048,10.55,59.730932082731805,3242.5,1532.5,0.0,0.0,15102.872489164285,15292.379095470611,4.21120842967417,6.469063276109248,7.724238163110751,43562,True,"27/29 °C and 1000/1200 ppm are illustrative experiment targets, not universal regulatory limits.",False
15,100,4,0.06,baseline,29.753673196705904,28.567741843464223,25.91083126858723,600.0,471.2758159508308,2.4333676504611503,23.288627793993292,27.807257387198707,8.14804657719048,10.55,59.730932082731805,3242.5,1532.5,0.0,0.0,15102.872489164285,15292.379095470611,4.21120842967417,6.469063276109248,7.724238163110751,43562,True,"27/29 °C and 1000/1200 ppm are illustrative experiment targets, not universal regulatory limits.",False
15,100,4,0.08,baseline,29.753673196705904,28.567741843464223,25.91083126858723,600.0,471.2758159508308,2.4333676504611503,23.288627793993292,27.807257387198707,8.14804657719048,10.55,59.730932082731805,3242.5,1532.5,0.0,0.0,15102.872489164285,15292.379095470611,4.21120842967417,6.469063276109248,7.724238163110751,43562,True,"27/29 °C and 1000/1200 ppm are illustrative experiment targets, not universal regulatory limits.",False
15,100,6,0.0,baseline,29.818339922654843,28.631955798321236,25.918081264692944,600.0,466.89037953152274,2.3459249526786152,27.773498753665677,34.57677428213509,14.428884120784783,10.55,59.730932082731805,3252.5,1677.5,0.0,0.0,15099.662421979989,15292.379095470611,4.214794751523982,7.714860764907132,9.604659522815304,41960,True,"27/29 °C and 1000/1200 ppm are illustrative experiment targets, not universal regulatory limits.",False
15,100,6,0.02,baseline,29.818339922654843,28.631955798321236,25.918081264692944,600.0,466.89037953152274,2.3459249526786152,27.773498753665677,34.57677428213509,14.428884120784783,10.55,59.730932082731805,3252.5,1677.5,0.0,0.0,15099.662421979989,15292.379095470611,4.214794751523982,7.714860764907132,9.604659522815304,41960,True,"27/29 °C and 1000/1200 ppm are illustrative experiment targets, not universal regulatory limits.",False
15,100,6,0.04,baseline,29.818339922654843,28.631955798321236,25.918081264692944,600.0,466.89037953152274,2.3459249526786152,27.773498753665677,34.57677428213509,14.428884120784783,10.55,59.730932082731805,3252.5,1677.5,0.0,0.0,15099.662421979989,15292.379095470611,4.214794751523982,7.714860764907132,9.604659522815304,41960,True,"27/29 °C and 1000/1200 ppm are illustrative experiment targets, not universal regulatory limits.",False
15,100,6,0.06,baseline,29.818339922654843,28.631955798321236,25.918081264692944,600.0,466.89037953152274,2.3459249526786152,27.773498753665677,34.57677428213509,14.428884120784783,10.55,59.730932082731805,3252.5,1677.5,0.0,0.0,15099.662421979989,15292.379095470611,4.214794751523982,7.714860764907132,9.604659522815304,41960,True,"27/29 °C and 1000/1200 ppm are illustrative experiment targets, not universal regulatory limits.",False
15,100,6,0.08,baseline,29.818339922654843,28.631955798321236,25.918081264692944,600.0,466.89037953152274,2.3459249526786152,27.773498753665677,34.57677428213509,14.428884120784783,10.55,59.730932082731805,3252.5,1677.5,0.0,0.0,15099.662421979989,15292.379095470611,4.214794751523982,7.714860764907132,9.604659522815304,41960,True,"27/29 °C and 1000/1200 ppm are illustrative experiment targets, not universal regulatory limits.",False
15,100,8,0.0,baseline,29.87765970633427,28.691525507004233,25.924793167852613,600.0,463.336936965783,2.255400622190791,32.47666326025701,41.53313559250973,23.889085073593705,10.55,59.730932082731805,3262.5,1832.5,0.0,0.0,15096.693864794675,15292.379095470611,4.216482719978907,9.02129535007139,11.53698210903048,40442,True,"27/29 °C and 1000/1200 ppm are illustrative experiment targets, not universal regulatory limits.",False
15,100,8,0.02,baseline,29.87765970633427,28.691525507004233,25.924793167852613,600.0,463.336936965783,2.255400622190791,32.47666326025701,41.53313559250973,23.889085073593705,10.55,59.730932082731805,3262.5,1832.5,0.0,0.0,15096.693864794675,15292.379095470611,4.216482719978907,9.02129535007139,11.53698210903048,40442,True,"27/29 °C and 1000/1200 ppm are illustrative experiment targets, not universal regulatory limits.",False
15,100,8,0.04,baseline,29.87765970633427,28.691525507004233,25.924793167852613,600.0,463.336936965783,2.255400622190791,32.47666326025701,41.53313559250973,23.889085073593705,10.55,59.730932082731805,3262.5,1832.5,0.0,0.0,15096.693864794675,15292.379095470611,4.216482719978907,9.02129535007139,11.53698210903048,40442,True,"27/29 °C and 1000/1200 ppm are illustrative experiment targets, not universal regulatory limits.",False
15,100,8,0.06,baseline,29.87765970633427,28.691525507004233,25.924793167852613,600.0,463.336936965783,2.255400622190791,32.47666326025701,41.53313559250973,23.889085073593705,10.55,59.730932082731805,3262.5,1832.5,0.0,0.0,15096.693864794675,15292.379095470611,4.216482719978907,9.02129535007139,11.53698210903048,40442,True,"27/29 °C and 1000/1200 ppm are illustrative experiment targets, not universal regulatory limits.",False
15,100,8,0.08,baseline,29.87765970633427,28.691525507004233,25.924793167852613,600.0,463.336936965783,2.255400622190791,32.47666326025701,41.53313559250973,23.889085073593705,10.55,59.730932082731805,3262.5,1832.5,0.0,0.0,15096.693864794675,15292.379095470611,4.216482719978907,9.02129535007139,11.53698210903048,40442,True,"27/29 °C and 1000/1200 ppm are illustrative experiment targets, not universal regulatory limits.",False
15,110,0,0.0,baseline,29.601390544131732,28.42406490717144,25.89455662107241,600.0,483.98326459393627,2.5876371799240587,15.083526145320805,25.0,2.071883308198043,10.55,59.730932082731805,3207.5,1162.5,0.0,0.0,15110.479264493528,15292.379095470611,4.166666666666669,4.189868373700224,6.944444444444445,48542,True,"27/29 °C and 1000/1200 ppm are illustrative experiment targets, not universal regulatory limits.",False
15,110,0,0.02,baseline,29.601390544131732,28.42406490717144,25.89455662107241,600.0,483.98326459393627,2.5876371799240587,15.083526145320805,25.0,2.071883308198043,10.55,59.730932082731805,3207.5,1162.5,0.0,0.0,15110.479264493528,15292.379095470611,4.166666666666669,4.189868373700224,6.944444444444445,48542,True,"27/29 °C and 1000/1200 ppm are illustrative experiment targets, not universal regulatory limits.",False
15,110,0,0.04,baseline,29.601390544131732,28.42406490717144,25.89455662107241,600.0,483.98326459393627,2.5876371799240587,15.083526145320805,25.0,2.071883308198043,10.55,59.730932082731805,3207.5,1162.5,0.0,0.0,15110.479264493528,15292.379095470611,4.166666666666669,4.189868373700224,6.944444444444445,48542,True,"27/29 °C and 1000/1200 ppm are illustrative experiment targets, not universal regulatory limits.",False
15,110,0,0.06,baseline,29.601390544131732,28.42406490717144,25.89455662107241,600.0,483.98326459393627,2.5876371799240587,15.083526145320805,25.0,2.071883308198043,10.55,59.730932082731805,3207.5,1162.5,0.0,0.0,15110.479264493528,15292.379095470611,4.166666666666669,4.189868373700224,6.944444444444445,48542,True,"27/29 °C and 1000/1200 ppm are illustrative experiment targets, not universal regulatory limits.",False
15,110,0,0.08,baseline,29.601390544131732,28.42406490717144,25.89455662107241,600.0,483.98326459393627,2.5876371799240587,15.083526145320805,25.0,2.071883308198043,10.55,59.730932082731805,3207.5,1162.5,0.0,0.0,15110.479264493528,15292.379095470611,4.166666666666669,4.189868373700224,6.944444444444445,48542,True,"27/29 °C and 1000/1200 ppm are illustrative experiment targets, not universal regulatory limits.",False
15,110,2,0.0,baseline,29.681503061787396,28.498234315883575,25.902966095383306,600.0,476.81936688535484,2.512624636059627,19.048246988157025,25.0,4.260508784939145,10.55,59.730932082731805,3227.5,1332.5,0.0,0.0,15106.468462151463,15292.379095470611,4.203777380259376,5.291179718932507,6.944444444444445,45728,True,"27/29 °C and 1000/1200 ppm are illustrative experiment targets, not universal regulatory limits.",False
15,110,2,0.02,baseline,29.681503061787396,28.498234315883575,25.902966095383306,600.0,476.81936688535484,2.512624636059627,19.048246988157025,25.0,4.260508784939145,10.55,59.730932082731805,3227.5,1332.5,0.0,0.0,15106.468462151463,15292.379095470611,4.203777380259376,5.291179718932507,6.944444444444445,45728,True,"27/29 °C and 1000/1200 ppm are illustrative experiment targets, not universal regulatory limits.",False
15,110,2,0.04,baseline,29.681503061787396,28.498234315883575,25.902966095383306,600.0,476.81936688535484,2.512624636059627,19.048246988157025,25.0,4.260508784939145,10.55,59.730932082731805,3227.5,1332.5,0.0,0.0,15106.468462151463,15292.379095470611,4.203777380259376,5.291179718932507,6.944444444444445,45728,True,"27/29 °C and 1000/1200 ppm are illustrative experiment targets, not universal regulatory limits.",False
15,110,2,0.06,baseline,29.681503061787396,28.498234315883575,25.902966095383306,600.0,476.81936688535484,2.512624636059627,19.048246988157025,25.0,4.260508784939145,10.55,59.730932082731805,3227.5,1332.5,0.0,0.0,15106.468462151463,15292.379095470611,4.203777380259376,5.291179718932507,6.944444444444445,45728,True,"27/29 °C and 1000/1200 ppm are illustrative experiment targets, not universal regulatory limits.",False
15,110,2,0.08,baseline,29.681503061787396,28.498234315883575,25.902966095383306,600.0,476.81936688535484,2.512624636059627,19.048246988157025,25.0,4.260508784939145,10.55,59.730932082731805,3227.5,1332.5,0.0,0.0,15106.468462151463,15292.379095470611,4.203777380259376,5.291179718932507,6.944444444444445,45728,True,"27/29 °C and 1000/1200 ppm are illustrative experiment targets, not universal regulatory limits.",False
15,110,4,0.0,baseline,29.753673196705904,28.567741843464223,25.91083126858723,600.0,471.2758159508308,2.4333676504611503,23.288627793993292,27.807257387198707,8.14804657719048,10.55,59.730932082731805,3242.5,1532.5,0.0,0.0,15102.872489164285,15292.379095470611,4.21120842967417,6.469063276109248,7.724238163110751,43562,True,"27/29 °C and 1000/1200 ppm are illustrative experiment targets, not universal regulatory limits.",False
15,110,4,0.02,baseline,29.753673196705904,28.567741843464223,25.91083126858723,600.0,471.2758159508308,2.4333676504611503,23.288627793993292,27.807257387198707,8.14804657719048,10.55,59.730932082731805,3242.5,1532.5,0.0,0.0,15102.872489164285,15292.379095470611,4.21120842967417,6.469063276109248,7.724238163110751,43562,True,"27/29 °C and 1000/1200 ppm are illustrative experiment targets, not universal regulatory limits.",False
15,110,4,0.04,baseline,29.753673196705904,28.567741843464223,25.91083126858723,600.0,471.2758159508308,2.4333676504611503,23.288627793993292,27.807257387198707,8.14804657719048,10.55,59.730932082731805,3242.5,1532.5,0.0,0.0,15102.872489164285,15292.379095470611,4.21120842967417,6.469063276109248,7.724238163110751,43562,True,"27/29 °C and 1000/1200 ppm are illustrative experiment targets, not universal regulatory limits.",False
15,110,4,0.06,baseline,29.753673196705904,28.567741843464223,25.91083126858723,600.0,471.2758159508308,2.4333676504611503,23.288627793993292,27.807257387198707,8.14804657719048,10.55,59.730932082731805,3242.5,1532.5,0.0,0.0,15102.872489164285,15292.379095470611,4.21120842967417,6.469063276109248,7.724238163110751,43562,True,"27/29 °C and 1000/1200 ppm are illustrative experiment targets, not universal regulatory limits.",False
15,110,4,0.08,baseline,29.753673196705904,28.567741843464223,25.91083126858723,600.0,471.2758159508308,2.4333676504611503,23.288627793993292,27.807257387198707,8.14804657719048,10.55,59.730932082731805,3242.5,1532.5,0.0,0.0,15102.872489164285,15292.379095470611,4.21120842967417,6.469063276109248,7.724238163110751,43562,True,"27/29 °C and 1000/1200 ppm are illustrative experiment targets, not universal regulatory limits.",False
15,110,6,0.0,baseline,29.818339922654843,28.631955798321236,25.918081264692944,600.0,466.89037953152274,2.3459249526786152,27.773498753665677,34.57677428213509,14.428884120784783,10.55,59.730932082731805,3252.5,1677.5,0.0,0.0,15099.662421979989,15292.379095470611,4.214794751523982,7.714860764907132,9.604659522815304,41960,True,"27/29 °C and 1000/1200 ppm are illustrative experiment targets, not universal regulatory limits.",False
15,110,6,0.02,baseline,29.818339922654843,28.631955798321236,25.918081264692944,600.0,466.89037953152274,2.3459249526786152,27.773498753665677,34.57677428213509,14.428884120784783,10.55,59.730932082731805,3252.5,1677.5,0.0,0.0,15099.662421979989,15292.379095470611,4.214794751523982,7.714860764907132,9.604659522815304,41960,True,"27/29 °C and 1000/1200 ppm are illustrative experiment targets, not universal regulatory limits.",False
15,110,6,0.04,baseline,29.818339922654843,28.631955798321236,25.918081264692944,600.0,466.89037953152274,2.3459249526786152,27.773498753665677,34.57677428213509,14.428884120784783,10.55,59.730932082731805,3252.5,1677.5,0.0,0.0,15099.662421979989,15292.379095470611,4.214794751523982,7.714860764907132,9.604659522815304,41960,True,"27/29 °C and 1000/1200 ppm are illustrative experiment targets, not universal regulatory limits.",False
15,110,6,0.06,baseline,29.818339922654843,28.631955798321236,25.918081264692944,600.0,466.89037953152274,2.3459249526786152,27.773498753665677,34.57677428213509,14.428884120784783,10.55,59.730932082731805,3252.5,1677.5,0.0,0.0,15099.662421979989,15292.379095470611,4.214794751523982,7.714860764907132,9.604659522815304,41960,True,"27/29 °C and 1000/1200 ppm are illustrative experiment targets, not universal regulatory limits.",False
15,110,6,0.08,baseline,29.818339922654843,28.631955798321236,25.918081264692944,600.0,466.89037953152274,2.3459249526786152,27.773498753665677,34.57677428213509,14.428884120784783,10.55,59.730932082731805,3252.5,1677.5,0.0,0.0,15099.662421979989,15292.379095470611,4.214794751523982,7.714860764907132,9.604659522815304,41960,True,"27/29 °C and 1000/1200 ppm are illustrative experiment targets, not universal regulatory limits.",False
15,110,8,0.0,baseline,29.87765970633427,28.691525507004233,25.924793167852613,600.0,463.336936965783,2.255400622190791,32.47666326025701,41.53313559250973,23.889085073593705,10.55,59.730932082731805,3262.5,1832.5,0.0,0.0,15096.693864794675,15292.379095470611,4.216482719978907,9.02129535007139,11.53698210903048,40442,True,"27/29 °C and 1000/1200 ppm are illustrative experiment targets, not universal regulatory limits.",False
15,110,8,0.02,baseline,29.87765970633427,28.691525507004233,25.924793167852613,600.0,463.336936965783,2.255400622190791,32.47666326025701,41.53313559250973,23.889085073593705,10.55,59.730932082731805,3262.5,1832.5,0.0,0.0,15096.693864794675,15292.379095470611,4.216482719978907,9.02129535007139,11.53698210903048,40442,True,"27/29 °C and 1000/1200 ppm are illustrative experiment targets, not universal regulatory limits.",False
15,110,8,0.04,baseline,29.87765970633427,28.691525507004233,25.924793167852613,600.0,463.336936965783,2.255400622190791,32.47666326025701,41.53313559250973,23.889085073593705,10.55,59.730932082731805,3262.5,1832.5,0.0,0.0,15096.693864794675,15292.379095470611,4.216482719978907,9.02129535007139,11.53698210903048,40442,True,"27/29 °C and 1000/1200 ppm are illustrative experiment targets, not universal regulatory limits.",False
15,110,8,0.06,baseline,29.87765970633427,28.691525507004233,25.924793167852613,600.0,463.336936965783,2.255400622190791,32.47666326025701,41.53313559250973,23.889085073593705,10.55,59.730932082731805,3262.5,1832.5,0.0,0.0,15096.693864794675,15292.379095470611,4.216482719978907,9.02129535007139,11.53698210903048,40442,True,"27/29 °C and 1000/1200 ppm are illustrative experiment targets, not universal regulatory limits.",False
15,110,8,0.08,baseline,29.87765970633427,28.691525507004233,25.924793167852613,600.0,463.336936965783,2.255400622190791,32.47666326025701,41.53313559250973,23.889085073593705,10.55,59.730932082731805,3262.5,1832.5,0.0,0.0,15096.693864794675,15292.379095470611,4.216482719978907,9.02129535007139,11.53698210903048,40442,True,"27/29 °C and 1000/1200 ppm are illustrative experiment targets, not universal regulatory limits.",False
15,120,0,0.0,baseline,29.601390544131732,28.42406490717144,25.89455662107241,600.0,483.98326459393627,2.5876371799240587,15.083526145320805,25.0,2.071883308198043,10.55,59.730932082731805,3207.5,1162.5,0.0,0.0,15110.479264493528,15292.379095470611,4.166666666666669,4.189868373700224,6.944444444444445,48542,True,"27/29 °C and 1000/1200 ppm are illustrative experiment targets, not universal regulatory limits.",False
15,120,0,0.02,baseline,29.601390544131732,28.42406490717144,25.89455662107241,600.0,483.98326459393627,2.5876371799240587,15.083526145320805,25.0,2.071883308198043,10.55,59.730932082731805,3207.5,1162.5,0.0,0.0,15110.479264493528,15292.379095470611,4.166666666666669,4.189868373700224,6.944444444444445,48542,True,"27/29 °C and 1000/1200 ppm are illustrative experiment targets, not universal regulatory limits.",False
15,120,0,0.04,baseline,29.601390544131732,28.42406490717144,25.89455662107241,600.0,483.98326459393627,2.5876371799240587,15.083526145320805,25.0,2.071883308198043,10.55,59.730932082731805,3207.5,1162.5,0.0,0.0,15110.479264493528,15292.379095470611,4.166666666666669,4.189868373700224,6.944444444444445,48542,True,"27/29 °C and 1000/1200 ppm are illustrative experiment targets, not universal regulatory limits.",False
15,120,0,0.06,baseline,29.601390544131732,28.42406490717144,25.89455662107241,600.0,483.98326459393627,2.5876371799240587,15.083526145320805,25.0,2.071883308198043,10.55,59.730932082731805,3207.5,1162.5,0.0,0.0,15110.479264493528,15292.379095470611,4.166666666666669,4.189868373700224,6.944444444444445,48542,True,"27/29 °C and 1000/1200 ppm are illustrative experiment targets, not universal regulatory limits.",False
15,120,0,0.08,baseline,29.601390544131732,28.42406490717144,25.89455662107241,600.0,483.98326459393627,2.5876371799240587,15.083526145320805,25.0,2.071883308198043,10.55,59.730932082731805,3207.5,1162.5,0.0,0.0,15110.479264493528,15292.379095470611,4.166666666666669,4.189868373700224,6.944444444444445,48542,True,"27/29 °C and 1000/1200 ppm are illustrative experiment targets, not universal regulatory limits.",False
15,120,2,0.0,baseline,29.681503061787396,28.498234315883575,25.902966095383306,600.0,476.81936688535484,2.512624636059627,19.048246988157025,25.0,4.260508784939145,10.55,59.730932082731805,3227.5,1332.5,0.0,0.0,15106.468462151463,15292.379095470611,4.203777380259376,5.291179718932507,6.944444444444445,45728,True,"27/29 °C and 1000/1200 ppm are illustrative experiment targets, not universal regulatory limits.",False
15,120,2,0.02,baseline,29.681503061787396,28.498234315883575,25.902966095383306,600.0,476.81936688535484,2.512624636059627,19.048246988157025,25.0,4.260508784939145,10.55,59.730932082731805,3227.5,1332.5,0.0,0.0,15106.468462151463,15292.379095470611,4.203777380259376,5.291179718932507,6.944444444444445,45728,True,"27/29 °C and 1000/1200 ppm are illustrative experiment targets, not universal regulatory limits.",False
15,120,2,0.04,baseline,29.681503061787396,28.498234315883575,25.902966095383306,600.0,476.81936688535484,2.512624636059627,19.048246988157025,25.0,4.260508784939145,10.55,59.730932082731805,3227.5,1332.5,0.0,0.0,15106.468462151463,15292.379095470611,4.203777380259376,5.291179718932507,6.944444444444445,45728,True,"27/29 °C and 1000/1200 ppm are illustrative experiment targets, not universal regulatory limits.",False
15,120,2,0.06,baseline,29.681503061787396,28.498234315883575,25.902966095383306,600.0,476.81936688535484,2.512624636059627,19.048246988157025,25.0,4.260508784939145,10.55,59.730932082731805,3227.5,1332.5,0.0,0.0,15106.468462151463,15292.379095470611,4.203777380259376,5.291179718932507,6.944444444444445,45728,True,"27/29 °C and 1000/1200 ppm are illustrative experiment targets, not universal regulatory limits.",False
15,120,2,0.08,baseline,29.681503061787396,28.498234315883575,25.902966095383306,600.0,476.81936688535484,2.512624636059627,19.048246988157025,25.0,4.260508784939145,10.55,59.730932082731805,3227.5,1332.5,0.0,0.0,15106.468462151463,15292.379095470611,4.203777380259376,5.291179718932507,6.944444444444445,45728,True,"27/29 °C and 1000/1200 ppm are illustrative experiment targets, not universal regulatory limits.",False
15,120,4,0.0,baseline,29.753673196705904,28.567741843464223,25.91083126858723,600.0,471.2758159508308,2.4333676504611503,23.288627793993292,27.807257387198707,8.14804657719048,10.55,59.730932082731805,3242.5,1532.5,0.0,0.0,15102.872489164285,15292.379095470611,4.21120842967417,6.469063276109248,7.724238163110751,43562,True,"27/29 °C and 1000/1200 ppm are illustrative experiment targets, not universal regulatory limits.",False
15,120,4,0.02,baseline,29.753673196705904,28.567741843464223,25.91083126858723,600.0,471.2758159508308,2.4333676504611503,23.288627793993292,27.807257387198707,8.14804657719048,10.55,59.730932082731805,3242.5,1532.5,0.0,0.0,15102.872489164285,15292.379095470611,4.21120842967417,6.469063276109248,7.724238163110751,43562,True,"27/29 °C and 1000/1200 ppm are illustrative experiment targets, not universal regulatory limits.",False
15,120,4,0.04,baseline,29.753673196705904,28.567741843464223,25.91083126858723,600.0,471.2758159508308,2.4333676504611503,23.288627793993292,27.807257387198707,8.14804657719048,10.55,59.730932082731805,3242.5,1532.5,0.0,0.0,15102.872489164285,15292.379095470611,4.21120842967417,6.469063276109248,7.724238163110751,43562,True,"27/29 °C and 1000/1200 ppm are illustrative experiment targets, not universal regulatory limits.",False
15,120,4,0.06,baseline,29.753673196705904,28.567741843464223,25.91083126858723,600.0,471.2758159508308,2.4333676504611503,23.288627793993292,27.807257387198707,8.14804657719048,10.55,59.730932082731805,3242.5,1532.5,0.0,0.0,15102.872489164285,15292.379095470611,4.21120842967417,6.469063276109248,7.724238163110751,43562,True,"27/29 °C and 1000/1200 ppm are illustrative experiment targets, not universal regulatory limits.",False
15,120,4,0.08,baseline,29.753673196705904,28.567741843464223,25.91083126858723,600.0,471.2758159508308,2.4333676504611503,23.288627793993292,27.807257387198707,8.14804657719048,10.55,59.730932082731805,3242.5,1532.5,0.0,0.0,15102.872489164285,15292.379095470611,4.21120842967417,6.469063276109248,7.724238163110751,43562,True,"27/29 °C and 1000/1200 ppm are illustrative experiment targets, not universal regulatory limits.",False
15,120,6,0.0,baseline,29.818339922654843,28.631955798321236,25.918081264692944,600.0,466.89037953152274,2.3459249526786152,27.773498753665677,34.57677428213509,14.428884120784783,10.55,59.730932082731805,3252.5,1677.5,0.0,0.0,15099.662421979989,15292.379095470611,4.214794751523982,7.714860764907132,9.604659522815304,41960,True,"27/29 °C and 1000/1200 ppm are illustrative experiment targets, not universal regulatory limits.",False
15,120,6,0.02,baseline,29.818339922654843,28.631955798321236,25.918081264692944,600.0,466.89037953152274,2.3459249526786152,27.773498753665677,34.57677428213509,14.428884120784783,10.55,59.730932082731805,3252.5,1677.5,0.0,0.0,15099.662421979989,15292.379095470611,4.214794751523982,7.714860764907132,9.604659522815304,41960,True,"27/29 °C and 1000/1200 ppm are illustrative experiment targets, not universal regulatory limits.",False
15,120,6,0.04,baseline,29.818339922654843,28.631955798321236,25.918081264692944,600.0,466.89037953152274,2.3459249526786152,27.773498753665677,34.57677428213509,14.428884120784783,10.55,59.730932082731805,3252.5,1677.5,0.0,0.0,15099.662421979989,15292.379095470611,4.214794751523982,7.714860764907132,9.604659522815304,41960,True,"27/29 °C and 1000/1200 ppm are illustrative experiment targets, not universal regulatory limits.",False
15,120,6,0.06,baseline,29.818339922654843,28.631955798321236,25.918081264692944,600.0,466.89037953152274,2.3459249526786152,27.773498753665677,34.57677428213509,14.428884120784783,10.55,59.730932082731805,3252.5,1677.5,0.0,0.0,15099.662421979989,15292.379095470611,4.214794751523982,7.714860764907132,9.604659522815304,41960,True,"27/29 °C and 1000/1200 ppm are illustrative experiment targets, not universal regulatory limits.",False
15,120,6,0.08,baseline,29.818339922654843,28.631955798321236,25.918081264692944,600.0,466.89037953152274,2.3459249526786152,27.773498753665677,34.57677428213509,14.428884120784783,10.55,59.730932082731805,3252.5,1677.5,0.0,0.0,15099.662421979989,15292.379095470611,4.214794751523982,7.714860764907132,9.604659522815304,41960,True,"27/29 °C and 1000/1200 ppm are illustrative experiment targets, not universal regulatory limits.",False
15,120,8,0.0,baseline,29.87765970633427,28.691525507004233,25.924793167852613,600.0,463.336936965783,2.255400622190791,32.47666326025701,41.53313559250973,23.889085073593705,10.55,59.730932082731805,3262.5,1832.5,0.0,0.0,15096.693864794675,15292.379095470611,4.216482719978907,9.02129535007139,11.53698210903048,40442,True,"27/29 °C and 1000/1200 ppm are illustrative experiment targets, not universal regulatory limits.",False
15,120,8,0.02,baseline,29.87765970633427,28.691525507004233,25.924793167852613,600.0,463.336936965783,2.255400622190791,32.47666326025701,41.53313559250973,23.889085073593705,10.55,59.730932082731805,3262.5,1832.5,0.0,0.0,15096.693864794675,15292.379095470611,4.216482719978907,9.02129535007139,11.53698210903048,40442,True,"27/29 °C and 1000/1200 ppm are illustrative experiment targets, not universal regulatory limits.",False
15,120,8,0.04,baseline,29.87765970633427,28.691525507004233,25.924793167852613,600.0,463.336936965783,2.255400622190791,32.47666326025701,41.53313559250973,23.889085073593705,10.55,59.730932082731805,3262.5,1832.5,0.0,0.0,15096.693864794675,15292.379095470611,4.216482719978907,9.02129535007139,11.53698210903048,40442,True,"27/29 °C and 1000/1200 ppm are illustrative experiment targets, not universal regulatory limits.",False
15,120,8,0.06,baseline,29.87765970633427,28.691525507004233,25.924793167852613,600.0,463.336936965783,2.255400622190791,32.47666326025701,41.53313559250973,23.889085073593705,10.55,59.730932082731805,3262.5,1832.5,0.0,0.0,15096.693864794675,15292.379095470611,4.216482719978907,9.02129535007139,11.53698210903048,40442,True,"27/29 °C and 1000/1200 ppm are illustrative experiment targets, not universal regulatory limits.",False
15,120,8,0.08,baseline,29.87765970633427,28.691525507004233,25.924793167852613,600.0,463.336936965783,2.255400622190791,32.47666326025701,41.53313559250973,23.889085073593705,10.55,59.730932082731805,3262.5,1832.5,0.0,0.0,15096.693864794675,15292.379095470611,4.216482719978907,9.02129535007139,11.53698210903048,40442,True,"27/29 °C and 1000/1200 ppm are illustrative experiment targets, not universal regulatory limits.",False
20,50,0,0.0,baseline,29.689892017228033,28.558305055185862,25.90945128774166,600.0,471.79047554945674,2.3482594185334165,20.041763072660405,25.0,4.83406672604053,10.55,59.730932082731805,3342.5,1437.5,0.0,0.0,15106.051018551803,15292.379095470611,5.555555555555559,5.567156409072336,6.944444444444445,42140,True,"27/29 °C and 1000/1200 ppm are illustrative experiment targets, not universal regulatory limits.",False
20,50,0,0.02,baseline,29.689892017228033,28.558305055185862,25.90945128774166,600.0,471.79047554945674,2.3482594185334165,20.041763072660405,25.0,4.83406672604053,10.55,59.730932082731805,3342.5,1437.5,0.0,0.0,15106.051018551803,15292.379095470611,5.555555555555559,5.567156409072336,6.944444444444445,42140,True,"27/29 °C and 1000/1200 ppm are illustrative experiment targets, not universal regulatory limits.",False
20,50,0,0.04,baseline,29.689892017228033,28.558305055185862,25.90945128774166,600.0,471.79047554945674,2.3482594185334165,20.041763072660405,25.0,4.83406672604053,10.55,59.730932082731805,3342.5,1437.5,0.0,0.0,15106.051018551803,15292.379095470611,5.555555555555559,5.567156409072336,6.944444444444445,42140,True,"27/29 °C and 1000/1200 ppm are illustrative experiment targets, not universal regulatory limits.",False
20,50,0,0.06,baseline,29.689892017228033,28.558305055185862,25.90945128774166,600.0,471.79047554945674,2.3482594185334165,20.041763072660405,25.0,4.83406672604053,10.55,59.730932082731805,3342.5,1437.5,0.0,0.0,15106.051018551803,15292.379095470611,5.555555555555559,5.567156409072336,6.944444444444445,42140,True,"27/29 °C and 1000/1200 ppm are illustrative experiment targets, not universal regulatory limits.",False
20,50,0,0.08,baseline,29.689892017228033,28.558305055185862,25.90945128774166,600.0,471.79047554945674,2.3482594185334165,20.041763072660405,25.0,4.83406672604053,10.55,59.730932082731805,3342.5,1437.5,0.0,0.0,15106.051018551803,15292.379095470611,5.555555555555559,5.567156409072336,6.944444444444445,42140,True,"27/29 °C and 1000/1200 ppm are illustrative experiment targets, not universal regulatory limits.",False
20,50,2,0.0,baseline,29.75982057664129,28.626969400706763,25.91721042586488,600.0,466.63325618766663,2.2668369103048462,24.260584067864535,26.4148216020986,8.7006600191887,10.55,59.730932082731805,3352.5,1577.5,0.0,0.0,15102.565421366782,15292.379095470611,5.601891768780289,6.739051129962372,7.337450445027389,40502,True,"27/29 °C and 1000/1200 ppm are illustrative experiment targets, not universal regulatory limits.",False
20,50,2,0.02,baseline,29.75982057664129,28.626969400706763,25.91721042586488,600.0,466.63325618766663,2.2668369103048462,24.260584067864535,26.4148216020986,8.7006600191887,10.55,59.730932082731805,3352.5,1577.5,0.0,0.0,15102.565421366782,15292.379095470611,5.601891768780289,6.739051129962372,7.337450445027389,40502,True,"27/29 °C and 1000/1200 ppm are illustrative experiment targets, not universal regulatory limits.",False
20,50,2,0.04,baseline,29.75982057664129,28.626969400706763,25.91721042586488,600.0,466.63325618766663,2.2668369103048462,24.260584067864535,26.4148216020986,8.7006600191887,10.55,59.730932082731805,3352.5,1577.5,0.0,0.0,15102.565421366782,15292.379095470611,5.601891768780289,6.739051129962372,7.337450445027389,40502,True,"27/29 °C and 1000/1200 ppm are illustrative experiment targets, not universal regulatory limits.",False
20,50,2,0.06,baseline,29.75982057664129,28.626969400706763,25.91721042586488,600.0,466.63325618766663,2.2668369103048462,24.260584067864535,26.4148216020986,8.7006600191887,10.55,59.730932082731805,3352.5,1577.5,0.0,0.0,15102.565421366782,15292.379095470611,5.601891768780289,6.739051129962372,7.337450445027389,40502,True,"27/29 °C and 1000/1200 ppm are illustrative experiment targets, not universal regulatory limits.",False
20,50,2,0.08,baseline,29.75982057664129,28.626969400706763,25.91721042586488,600.0,466.63325618766663,2.2668369103048462,24.260584067864535,26.4148216020986,8.7006600191887,10.55,59.730932082731805,3352.5,1577.5,0.0,0.0,15102.565421366782,15292.379095470611,5.601891768780289,6.739051129962372,7.337450445027389,40502,True,"27/29 °C and 1000/1200 ppm are illustrative experiment targets, not universal regulatory limits.",False
20,50,4,0.0,baseline,29.823163725518555,28.690694509273452,25.924396437834616,600.0,462.5208615667788,2.18317176635901,28.73236322612141,33.067733405428726,14.888393696294726,10.55,59.730932082731805,3352.5,1717.5,0.0,0.0,15099.410327670414,15292.379095470611,5.609838014005452,7.981212007255948,9.18548150150798,38894,True,"27/29 °C and 1000/1200 ppm are illustrative experiment targets, not universal regulatory limits.",False
20,50,4,0.02,baseline,29.823163725518555,28.690694509273452,25.924396437834616,600.0,462.5208615667788,2.18317176635901,28.73236322612141,33.067733405428726,14.888393696294726,10.55,59.730932082731805,3352.5,1717.5,0.0,0.0,15099.410327670414,15292.379095470611,5.609838014005452,7.981212007255948,9.18548150150798,38894,True,"27/29 °C and 1000/1200 ppm are illustrative experiment targets, not universal regulatory limits.",False
20,50,4,0.04,baseline,29.823163725518555,28.690694509273452,25.924396437834616,600.0,462.5208615667788,2.18317176635901,28.73236322612141,33.067733405428726,14.888393696294726,10.55,59.730932082731805,3352.5,1717.5,0.0,0.0,15099.410327670414,15292.379095470611,5.609838014005452,7.981212007255948,9.18548150150798,38894,True,"27/29 °C and 1000/1200 ppm are illustrative experiment targets, not universal regulatory limits.",False
20,50,4,0.06,baseline,29.823163725518555,28.690694509273452,25.924396437834616,600.0,462.5208615667788,2.18317176635901,28.73236322612141,33.067733405428726,14.888393696294726,10.55,59.730932082731805,3352.5,1717.5,0.0,0.0,15099.410327670414,15292.379095470611,5.609838014005452,7.981212007255948,9.18548150150798,38894,True,"27/29 °C and 1000/1200 ppm are illustrative experiment targets, not universal regulatory limits.",False
20,50,4,0.08,baseline,29.823163725518555,28.690694509273452,25.924396437834616,600.0,462.5208615667788,2.18317176635901,28.73236322612141,33.067733405428726,14.888393696294726,10.55,59.730932082731805,3352.5,1717.5,0.0,0.0,15099.410327670414,15292.379095470611,5.609838014005452,7.981212007255948,9.18548150150798,38894,True,"27/29 °C and 1000/1200 ppm are illustrative experiment targets, not universal regulatory limits.",False
20,50,6,0.0,baseline,29.879954798852395,28.75011846711743,25.931083635499533,600.0,459.1735064433558,2.0976400610088604,33.43171934513772,39.91186952350464,24.16860310448728,10.55,59.730932082731805,3357.5,1857.5,0.0,0.0,15096.57904710022,15292.379095470611,5.613040970311724,9.286588706982702,11.086630423195732,37496,True,"27/29 °C and 1000/1200 ppm are illustrative experiment targets, not universal regulatory limits.",False
20,50,6,0.02,baseline,29.879954798852395,28.75011846711743,25.931083635499533,600.0,459.1735064433558,2.0976400610088604,33.43171934513772,39.91186952350464,24.16860310448728,10.55,59.730932082731805,3357.5,1857.5,0.0,0.0,15096.57904710022,15292.379095470611,5.613040970311724,9.286588706982702,11.086630423195732,37496,True,"27/29 °C and 1000/1200 ppm are illustrative experiment targets, not universal regulatory limits.",False
20,50,6,0.04,baseline,29.879954798852395,28.75011846711743,25.931083635499533,600.0,459.1735064433558,2.0976400610088604,33.43171934513772,39.91186952350464,24.16860310448728,10.55,59.730932082731805,3357.5,1857.5,0.0,0.0,15096.57904710022,15292.379095470611,5.613040970311724,9.286588706982702,11.086630423195732,37496,True,"27/29 °C and 1000/1200 ppm are illustrative experiment targets, not universal regulatory limits.",False
20,50,6,0.06,baseline,29.879954798852395,28.75011846711743,25.931083635499533,600.0,459.1735064433558,2.0976400610088604,33.43171934513772,39.91186952350464,24.16860310448728,10.55,59.730932082731805,3357.5,1857.5,0.0,0.0,15096.57904710022,15292.379095470611,5.613040970311724,9.286588706982702,11.086630423195732,37496,True,"27/29 °C and 1000/1200 ppm are illustrative experiment targets, not universal regulatory limits.",False
20,50,6,0.08,baseline,29.879954798852395,28.75011846711743,25.931083635499533,600.0,459.1735064433558,2.0976400610088604,33.43171934513772,39.91186952350464,24.16860310448728,10.55,59.730932082731805,3357.5,1857.5,0.0,0.0,15096.57904710022,15292.379095470611,5.613040970311724,9.286588706982702,11.086630423195732,37496,True,"27/29 °C and 1000/1200 ppm are illustrative experiment targets, not universal regulatory limits.",False
20,50,8,0.0,baseline,29.932551725408587,28.805289591464348,25.937279980570793,600.0,456.3990804729259,2.007617625655257,38.33355742418471,46.90831754759659,37.38792797306741,10.55,59.730932082731805,3362.5,1992.5,0.0,0.0,15094.001177228174,15292.379095470611,5.615688200235947,10.648210395606863,13.03008820766572,36332,True,"27/29 °C and 1000/1200 ppm are illustrative experiment targets, not universal regulatory limits.",False
20,50,8,0.02,baseline,29.932551725408587,28.805289591464348,25.937279980570793,600.0,456.3990804729259,2.007617625655257,38.33355742418471,46.90831754759659,37.38792797306741,10.55,59.730932082731805,3362.5,1992.5,0.0,0.0,15094.001177228174,15292.379095470611,5.615688200235947,10.648210395606863,13.03008820766572,36332,True,"27/29 °C and 1000/1200 ppm are illustrative experiment targets, not universal regulatory limits.",False
20,50,8,0.04,baseline,29.932551725408587,28.805289591464348,25.937279980570793,600.0,456.3990804729259,2.007617625655257,38.33355742418471,46.90831754759659,37.38792797306741,10.55,59.730932082731805,3362.5,1992.5,0.0,0.0,15094.001177228174,15292.379095470611,5.615688200235947,10.648210395606863,13.03008820766572,36332,True,"27/29 °C and 1000/1200 ppm are illustrative experiment targets, not universal regulatory limits.",False
20,50,8,0.06,baseline,29.932551725408587,28.805289591464348,25.937279980570793,600.0,456.3990804729259,2.007617625655257,38.33355742418471,46.90831754759659,37.38792797306741,10.55,59.730932082731805,3362.5,1992.5,0.0,0.0,15094.001177228174,15292.379095470611,5.615688200235947,10.648210395606863,13.03008820766572,36332,True,"27/29 °C and 1000/1200 ppm are illustrative experiment targets, not universal regulatory limits.",False
20,50,8,0.08,baseline,29.932551725408587,28.805289591464348,25.937279980570793,600.0,456.3990804729259,2.007617625655257,38.33355742418471,46.90831754759659,37.38792797306741,10.55,59.730932082731805,3362.5,1992.5,0.0,0.0,15094.001177228174,15292.379095470611,5.615688200235947,10.648210395606863,13.03008820766572,36332,True,"27/29 °C and 1000/1200 ppm are illustrative experiment targets, not universal regulatory limits.",False
20,60,0,0.0,baseline,29.689892017228033,28.558305055185862,25.90945128774166,600.0,471.79047554945674,2.3482594185334165,20.041763072660405,25.0,4.83406672604053,10.55,59.730932082731805,3342.5,1437.5,0.0,0.0,15106.051018551803,15292.379095470611,5.555555555555559,5.567156409072336,6.944444444444445,42140,True,"27/29 °C and 1000/1200 ppm are illustrative experiment targets, not universal regulatory limits.",False
20,60,0,0.02,baseline,29.689892017228033,28.558305055185862,25.90945128774166,600.0,471.79047554945674,2.3482594185334165,20.041763072660405,25.0,4.83406672604053,10.55,59.730932082731805,3342.5,1437.5,0.0,0.0,15106.051018551803,15292.379095470611,5.555555555555559,5.567156409072336,6.944444444444445,42140,True,"27/29 °C and 1000/1200 ppm are illustrative experiment targets, not universal regulatory limits.",False
20,60,0,0.04,baseline,29.689892017228033,28.558305055185862,25.90945128774166,600.0,471.79047554945674,2.3482594185334165,20.041763072660405,25.0,4.83406672604053,10.55,59.730932082731805,3342.5,1437.5,0.0,0.0,15106.051018551803,15292.379095470611,5.555555555555559,5.567156409072336,6.944444444444445,42140,True,"27/29 °C and 1000/1200 ppm are illustrative experiment targets, not universal regulatory limits.",False
20,60,0,0.06,baseline,29.689892017228033,28.558305055185862,25.90945128774166,600.0,471.79047554945674,2.3482594185334165,20.041763072660405,25.0,4.83406672604053,10.55,59.730932082731805,3342.5,1437.5,0.0,0.0,15106.051018551803,15292.379095470611,5.555555555555559,5.567156409072336,6.944444444444445,42140,True,"27/29 °C and 1000/1200 ppm are illustrative experiment targets, not universal regulatory limits.",False
20,60,0,0.08,baseline,29.689892017228033,28.558305055185862,25.90945128774166,600.0,471.79047554945674,2.3482594185334165,20.041763072660405,25.0,4.83406672604053,10.55,59.730932082731805,3342.5,1437.5,0.0,0.0,15106.051018551803,15292.379095470611,5.555555555555559,5.567156409072336,6.944444444444445,42140,True,"27/29 °C and 1000/1200 ppm are illustrative experiment targets, not universal regulatory limits.",False
20,60,2,0.0,baseline,29.75982057664129,28.626969400706763,25.91721042586488,600.0,466.63325618766663,2.2668369103048462,24.260584067864535,26.4148216020986,8.7006600191887,10.55,59.730932082731805,3352.5,1577.5,0.0,0.0,15102.565421366782,15292.379095470611,5.601891768780289,6.739051129962372,7.337450445027389,40502,True,"27/29 °C and 1000/1200 ppm are illustrative experiment targets, not universal regulatory limits.",False
20,60,2,0.02,baseline,29.75982057664129,28.626969400706763,25.91721042586488,600.0,466.63325618766663,2.2668369103048462,24.260584067864535,26.4148216020986,8.7006600191887,10.55,59.730932082731805,3352.5,1577.5,0.0,0.0,15102.565421366782,15292.379095470611,5.601891768780289,6.739051129962372,7.337450445027389,40502,True,"27/29 °C and 1000/1200 ppm are illustrative experiment targets, not universal regulatory limits.",False
20,60,2,0.04,baseline,29.75982057664129,28.626969400706763,25.91721042586488,600.0,466.63325618766663,2.2668369103048462,24.260584067864535,26.4148216020986,8.7006600191887,10.55,59.730932082731805,3352.5,1577.5,0.0,0.0,15102.565421366782,15292.379095470611,5.601891768780289,6.739051129962372,7.337450445027389,40502,True,"27/29 °C and 1000/1200 ppm are illustrative experiment targets, not universal regulatory limits.",False
20,60,2,0.06,baseline,29.75982057664129,28.626969400706763,25.91721042586488,600.0,466.63325618766663,2.2668369103048462,24.260584067864535,26.4148216020986,8.7006600191887,10.55,59.730932082731805,3352.5,1577.5,0.0,0.0,15102.565421366782,15292.379095470611,5.601891768780289,6.739051129962372,7.337450445027389,40502,True,"27/29 °C and 1000/1200 ppm are illustrative experiment targets, not universal regulatory limits.",False
20,60,2,0.08,baseline,29.75982057664129,28.626969400706763,25.91721042586488,600.0,466.63325618766663,2.2668369103048462,24.260584067864535,26.4148216020986,8.7006600191887,10.55,59.730932082731805,3352.5,1577.5,0.0,0.0,15102.565421366782,15292.379095470611,5.601891768780289,6.739051129962372,7.337450445027389,40502,True,"27/29 °C and 1000/1200 ppm are illustrative experiment targets, not universal regulatory limits.",False
20,60,4,0.0,baseline,29.823163725518555,28.690694509273452,25.924396437834616,600.0,462.5208615667788,2.18317176635901,28.73236322612141,33.067733405428726,14.888393696294726,10.55,59.730932082731805,3352.5,1717.5,0.0,0.0,15099.410327670414,15292.379095470611,5.609838014005452,7.981212007255948,9.18548150150798,38894,True,"27/29 °C and 1000/1200 ppm are illustrative experiment targets, not universal regulatory limits.",False
20,60,4,0.02,baseline,29.823163725518555,28.690694509273452,25.924396437834616,600.0,462.5208615667788,2.18317176635901,28.73236322612141,33.067733405428726,14.888393696294726,10.55,59.730932082731805,3352.5,1717.5,0.0,0.0,15099.410327670414,15292.379095470611,5.609838014005452,7.981212007255948,9.18548150150798,38894,True,"27/29 °C and 1000/1200 ppm are illustrative experiment targets, not universal regulatory limits.",False
20,60,4,0.04,baseline,29.823163725518555,28.690694509273452,25.924396437834616,600.0,462.5208615667788,2.18317176635901,28.73236322612141,33.067733405428726,14.888393696294726,10.55,59.730932082731805,3352.5,1717.5,0.0,0.0,15099.410327670414,15292.379095470611,5.609838014005452,7.981212007255948,9.18548150150798,38894,True,"27/29 °C and 1000/1200 ppm are illustrative experiment targets, not universal regulatory limits.",False
20,60,4,0.06,baseline,29.823163725518555,28.690694509273452,25.924396437834616,600.0,462.5208615667788,2.18317176635901,28.73236322612141,33.067733405428726,14.888393696294726,10.55,59.730932082731805,3352.5,1717.5,0.0,0.0,15099.410327670414,15292.379095470611,5.609838014005452,7.981212007255948,9.18548150150798,38894,True,"27/29 °C and 1000/1200 ppm are illustrative experiment targets, not universal regulatory limits.",False
20,60,4,0.08,baseline,29.823163725518555,28.690694509273452,25.924396437834616,600.0,462.5208615667788,2.18317176635901,28.73236322612141,33.067733405428726,14.888393696294726,10.55,59.730932082731805,3352.5,1717.5,0.0,0.0,15099.410327670414,15292.379095470611,5.609838014005452,7.981212007255948,9.18548150150798,38894,True,"27/29 °C and 1000/1200 ppm are illustrative experiment targets, not universal regulatory limits.",False
20,60,6,0.0,baseline,29.879954798852395,28.75011846711743,25.931083635499533,600.0,459.1735064433558,2.0976400610088604,33.43171934513772,39.91186952350464,24.16860310448728,10.55,59.730932082731805,3357.5,1857.5,0.0,0.0,15096.57904710022,15292.379095470611,5.613040970311724,9.286588706982702,11.086630423195732,37496,True,"27/29 °C and 1000/1200 ppm are illustrative experiment targets, not universal regulatory limits.",False
20,60,6,0.02,baseline,29.879954798852395,28.75011846711743,25.931083635499533,600.0,459.1735064433558,2.0976400610088604,33.43171934513772,39.91186952350464,24.16860310448728,10.55,59.730932082731805,3357.5,1857.5,0.0,0.0,15096.57904710022,15292.379095470611,5.613040970311724,9.286588706982702,11.086630423195732,37496,True,"27/29 °C and 1000/1200 ppm are illustrative experiment targets, not universal regulatory limits.",False
20,60,6,0.04,baseline,29.879954798852395,28.75011846711743,25.931083635499533,600.0,459.1735064433558,2.0976400610088604,33.43171934513772,39.91186952350464,24.16860310448728,10.55,59.730932082731805,3357.5,1857.5,0.0,0.0,15096.57904710022,15292.379095470611,5.613040970311724,9.286588706982702,11.086630423195732,37496,True,"27/29 °C and 1000/1200 ppm are illustrative experiment targets, not universal regulatory limits.",False
20,60,6,0.06,baseline,29.879954798852395,28.75011846711743,25.931083635499533,600.0,459.1735064433558,2.0976400610088604,33.43171934513772,39.91186952350464,24.16860310448728,10.55,59.730932082731805,3357.5,1857.5,0.0,0.0,15096.57904710022,15292.379095470611,5.613040970311724,9.286588706982702,11.086630423195732,37496,True,"27/29 °C and 1000/1200 ppm are illustrative experiment targets, not universal regulatory limits.",False
20,60,6,0.08,baseline,29.879954798852395,28.75011846711743,25.931083635499533,600.0,459.1735064433558,2.0976400610088604,33.43171934513772,39.91186952350464,24.16860310448728,10.55,59.730932082731805,3357.5,1857.5,0.0,0.0,15096.57904710022,15292.379095470611,5.613040970311724,9.286588706982702,11.086630423195732,37496,True,"27/29 °C and 1000/1200 ppm are illustrative experiment targets, not universal regulatory limits.",False
20,60,8,0.0,baseline,29.932551725408587,28.805289591464348,25.937279980570793,600.0,456.3990804729259,2.007617625655257,38.33355742418471,46.90831754759659,37.38792797306741,10.55,59.730932082731805,3362.5,1992.5,0.0,0.0,15094.001177228174,15292.379095470611,5.615688200235947,10.648210395606863,13.03008820766572,36332,True,"27/29 °C and 1000/1200 ppm are illustrative experiment targets, not universal regulatory limits.",False
20,60,8,0.02,baseline,29.932551725408587,28.805289591464348,25.937279980570793,600.0,456.3990804729259,2.007617625655257,38.33355742418471,46.90831754759659,37.38792797306741,10.55,59.730932082731805,3362.5,1992.5,0.0,0.0,15094.001177228174,15292.379095470611,5.615688200235947,10.648210395606863,13.03008820766572,36332,True,"27/29 °C and 1000/1200 ppm are illustrative experiment targets, not universal regulatory limits.",False
20,60,8,0.04,baseline,29.932551725408587,28.805289591464348,25.937279980570793,600.0,456.3990804729259,2.007617625655257,38.33355742418471,46.90831754759659,37.38792797306741,10.55,59.730932082731805,3362.5,1992.5,0.0,0.0,15094.001177228174,15292.379095470611,5.615688200235947,10.648210395606863,13.03008820766572,36332,True,"27/29 °C and 1000/1200 ppm are illustrative experiment targets, not universal regulatory limits.",False
20,60,8,0.06,baseline,29.932551725408587,28.805289591464348,25.937279980570793,600.0,456.3990804729259,2.007617625655257,38.33355742418471,46.90831754759659,37.38792797306741,10.55,59.730932082731805,3362.5,1992.5,0.0,0.0,15094.001177228174,15292.379095470611,5.615688200235947,10.648210395606863,13.03008820766572,36332,True,"27/29 °C and 1000/1200 ppm are illustrative experiment targets, not universal regulatory limits.",False
20,60,8,0.08,baseline,29.932551725408587,28.805289591464348,25.937279980570793,600.0,456.3990804729259,2.007617625655257,38.33355742418471,46.90831754759659,37.38792797306741,10.55,59.730932082731805,3362.5,1992.5,0.0,0.0,15094.001177228174,15292.379095470611,5.615688200235947,10.648210395606863,13.03008820766572,36332,True,"27/29 °C and 1000/1200 ppm are illustrative experiment targets, not universal regulatory limits.",False
20,70,0,0.0,baseline,29.689892017228033,28.558305055185862,25.90945128774166,600.0,471.79047554945674,2.3482594185334165,20.041763072660405,25.0,4.83406672604053,10.55,59.730932082731805,3342.5,1437.5,0.0,0.0,15106.051018551803,15292.379095470611,5.555555555555559,5.567156409072336,6.944444444444445,42140,True,"27/29 °C and 1000/1200 ppm are illustrative experiment targets, not universal regulatory limits.",False
20,70,0,0.02,baseline,29.689892017228033,28.558305055185862,25.90945128774166,600.0,471.79047554945674,2.3482594185334165,20.041763072660405,25.0,4.83406672604053,10.55,59.730932082731805,3342.5,1437.5,0.0,0.0,15106.051018551803,15292.379095470611,5.555555555555559,5.567156409072336,6.944444444444445,42140,True,"27/29 °C and 1000/1200 ppm are illustrative experiment targets, not universal regulatory limits.",False
20,70,0,0.04,baseline,29.689892017228033,28.558305055185862,25.90945128774166,600.0,471.79047554945674,2.3482594185334165,20.041763072660405,25.0,4.83406672604053,10.55,59.730932082731805,3342.5,1437.5,0.0,0.0,15106.051018551803,15292.379095470611,5.555555555555559,5.567156409072336,6.944444444444445,42140,True,"27/29 °C and 1000/1200 ppm are illustrative experiment targets, not universal regulatory limits.",False
20,70,0,0.06,baseline,29.689892017228033,28.558305055185862,25.90945128774166,600.0,471.79047554945674,2.3482594185334165,20.041763072660405,25.0,4.83406672604053,10.55,59.730932082731805,3342.5,1437.5,0.0,0.0,15106.051018551803,15292.379095470611,5.555555555555559,5.567156409072336,6.944444444444445,42140,True,"27/29 °C and 1000/1200 ppm are illustrative experiment targets, not universal regulatory limits.",False
20,70,0,0.08,baseline,29.689892017228033,28.558305055185862,25.90945128774166,600.0,471.79047554945674,2.3482594185334165,20.041763072660405,25.0,4.83406672604053,10.55,59.730932082731805,3342.5,1437.5,0.0,0.0,15106.051018551803,15292.379095470611,5.555555555555559,5.567156409072336,6.944444444444445,42140,True,"27/29 °C and 1000/1200 ppm are illustrative experiment targets, not universal regulatory limits.",False
20,70,2,0.0,baseline,29.75982057664129,28.626969400706763,25.91721042586488,600.0,466.63325618766663,2.2668369103048462,24.260584067864535,26.4148216020986,8.7006600191887,10.55,59.730932082731805,3352.5,1577.5,0.0,0.0,15102.565421366782,15292.379095470611,5.601891768780289,6.739051129962372,7.337450445027389,40502,True,"27/29 °C and 1000/1200 ppm are illustrative experiment targets, not universal regulatory limits.",False
20,70,2,0.02,baseline,29.75982057664129,28.626969400706763,25.91721042586488,600.0,466.63325618766663,2.2668369103048462,24.260584067864535,26.4148216020986,8.7006600191887,10.55,59.730932082731805,3352.5,1577.5,0.0,0.0,15102.565421366782,15292.379095470611,5.601891768780289,6.739051129962372,7.337450445027389,40502,True,"27/29 °C and 1000/1200 ppm are illustrative experiment targets, not universal regulatory limits.",False
20,70,2,0.04,baseline,29.75982057664129,28.626969400706763,25.91721042586488,600.0,466.63325618766663,2.2668369103048462,24.260584067864535,26.4148216020986,8.7006600191887,10.55,59.730932082731805,3352.5,1577.5,0.0,0.0,15102.565421366782,15292.379095470611,5.601891768780289,6.739051129962372,7.337450445027389,40502,True,"27/29 °C and 1000/1200 ppm are illustrative experiment targets, not universal regulatory limits.",False
20,70,2,0.06,baseline,29.75982057664129,28.626969400706763,25.91721042586488,600.0,466.63325618766663,2.2668369103048462,24.260584067864535,26.4148216020986,8.7006600191887,10.55,59.730932082731805,3352.5,1577.5,0.0,0.0,15102.565421366782,15292.379095470611,5.601891768780289,6.739051129962372,7.337450445027389,40502,True,"27/29 °C and 1000/1200 ppm are illustrative experiment targets, not universal regulatory limits.",False
20,70,2,0.08,baseline,29.75982057664129,28.626969400706763,25.91721042586488,600.0,466.63325618766663,2.2668369103048462,24.260584067864535,26.4148216020986,8.7006600191887,10.55,59.730932082731805,3352.5,1577.5,0.0,0.0,15102.565421366782,15292.379095470611,5.601891768780289,6.739051129962372,7.337450445027389,40502,True,"27/29 °C and 1000/1200 ppm are illustrative experiment targets, not universal regulatory limits.",False
20,70,4,0.0,baseline,29.823163725518555,28.690694509273452,25.924396437834616,600.0,462.5208615667788,2.18317176635901,28.73236322612141,33.067733405428726,14.888393696294726,10.55,59.730932082731805,3352.5,1717.5,0.0,0.0,15099.410327670414,15292.379095470611,5.609838014005452,7.981212007255948,9.18548150150798,38894,True,"27/29 °C and 1000/1200 ppm are illustrative experiment targets, not universal regulatory limits.",False
20,70,4,0.02,baseline,29.823163725518555,28.690694509273452,25.924396437834616,600.0,462.5208615667788,2.18317176635901,28.73236322612141,33.067733405428726,14.888393696294726,10.55,59.730932082731805,3352.5,1717.5,0.0,0.0,15099.410327670414,15292.379095470611,5.609838014005452,7.981212007255948,9.18548150150798,38894,True,"27/29 °C and 1000/1200 ppm are illustrative experiment targets, not universal regulatory limits.",False
20,70,4,0.04,baseline,29.823163725518555,28.690694509273452,25.924396437834616,600.0,462.5208615667788,2.18317176635901,28.73236322612141,33.067733405428726,14.888393696294726,10.55,59.730932082731805,3352.5,1717.5,0.0,0.0,15099.410327670414,15292.379095470611,5.609838014005452,7.981212007255948,9.18548150150798,38894,True,"27/29 °C and 1000/1200 ppm are illustrative experiment targets, not universal regulatory limits.",False
20,70,4,0.06,baseline,29.823163725518555,28.690694509273452,25.924396437834616,600.0,462.5208615667788,2.18317176635901,28.73236322612141,33.067733405428726,14.888393696294726,10.55,59.730932082731805,3352.5,1717.5,0.0,0.0,15099.410327670414,15292.379095470611,5.609838014005452,7.981212007255948,9.18548150150798,38894,True,"27/29 °C and 1000/1200 ppm are illustrative experiment targets, not universal regulatory limits.",False
20,70,4,0.08,baseline,29.823163725518555,28.690694509273452,25.924396437834616,600.0,462.5208615667788,2.18317176635901,28.73236322612141,33.067733405428726,14.888393696294726,10.55,59.730932082731805,3352.5,1717.5,0.0,0.0,15099.410327670414,15292.379095470611,5.609838014005452,7.981212007255948,9.18548150150798,38894,True,"27/29 °C and 1000/1200 ppm are illustrative experiment targets, not universal regulatory limits.",False
20,70,6,0.0,baseline,29.879954798852395,28.75011846711743,25.931083635499533,600.0,459.1735064433558,2.0976400610088604,33.43171934513772,39.91186952350464,24.16860310448728,10.55,59.730932082731805,3357.5,1857.5,0.0,0.0,15096.57904710022,15292.379095470611,5.613040970311724,9.286588706982702,11.086630423195732,37496,True,"27/29 °C and 1000/1200 ppm are illustrative experiment targets, not universal regulatory limits.",False
20,70,6,0.02,baseline,29.879954798852395,28.75011846711743,25.931083635499533,600.0,459.1735064433558,2.0976400610088604,33.43171934513772,39.91186952350464,24.16860310448728,10.55,59.730932082731805,3357.5,1857.5,0.0,0.0,15096.57904710022,15292.379095470611,5.613040970311724,9.286588706982702,11.086630423195732,37496,True,"27/29 °C and 1000/1200 ppm are illustrative experiment targets, not universal regulatory limits.",False
20,70,6,0.04,baseline,29.879954798852395,28.75011846711743,25.931083635499533,600.0,459.1735064433558,2.0976400610088604,33.43171934513772,39.91186952350464,24.16860310448728,10.55,59.730932082731805,3357.5,1857.5,0.0,0.0,15096.57904710022,15292.379095470611,5.613040970311724,9.286588706982702,11.086630423195732,37496,True,"27/29 °C and 1000/1200 ppm are illustrative experiment targets, not universal regulatory limits.",False
20,70,6,0.06,baseline,29.879954798852395,28.75011846711743,25.931083635499533,600.0,459.1735064433558,2.0976400610088604,33.43171934513772,39.91186952350464,24.16860310448728,10.55,59.730932082731805,3357.5,1857.5,0.0,0.0,15096.57904710022,15292.379095470611,5.613040970311724,9.286588706982702,11.086630423195732,37496,True,"27/29 °C and 1000/1200 ppm are illustrative experiment targets, not universal regulatory limits.",False
20,70,6,0.08,baseline,29.879954798852395,28.75011846711743,25.931083635499533,600.0,459.1735064433558,2.0976400610088604,33.43171934513772,39.91186952350464,24.16860310448728,10.55,59.730932082731805,3357.5,1857.5,0.0,0.0,15096.57904710022,15292.379095470611,5.613040970311724,9.286588706982702,11.086630423195732,37496,True,"27/29 °C and 1000/1200 ppm are illustrative experiment targets, not universal regulatory limits.",False
20,70,8,0.0,baseline,29.932551725408587,28.805289591464348,25.937279980570793,600.0,456.3990804729259,2.007617625655257,38.33355742418471,46.90831754759659,37.38792797306741,10.55,59.730932082731805,3362.5,1992.5,0.0,0.0,15094.001177228174,15292.379095470611,5.615688200235947,10.648210395606863,13.03008820766572,36332,True,"27/29 °C and 1000/1200 ppm are illustrative experiment targets, not universal regulatory limits.",False
20,70,8,0.02,baseline,29.932551725408587,28.805289591464348,25.937279980570793,600.0,456.3990804729259,2.007617625655257,38.33355742418471,46.90831754759659,37.38792797306741,10.55,59.730932082731805,3362.5,1992.5,0.0,0.0,15094.001177228174,15292.379095470611,5.615688200235947,10.648210395606863,13.03008820766572,36332,True,"27/29 °C and 1000/1200 ppm are illustrative experiment targets, not universal regulatory limits.",False
20,70,8,0.04,baseline,29.932551725408587,28.805289591464348,25.937279980570793,600.0,456.3990804729259,2.007617625655257,38.33355742418471,46.90831754759659,37.38792797306741,10.55,59.730932082731805,3362.5,1992.5,0.0,0.0,15094.001177228174,15292.379095470611,5.615688200235947,10.648210395606863,13.03008820766572,36332,True,"27/29 °C and 1000/1200 ppm are illustrative experiment targets, not universal regulatory limits.",False
20,70,8,0.06,baseline,29.932551725408587,28.805289591464348,25.937279980570793,600.0,456.3990804729259,2.007617625655257,38.33355742418471,46.90831754759659,37.38792797306741,10.55,59.730932082731805,3362.5,1992.5,0.0,0.0,15094.001177228174,15292.379095470611,5.615688200235947,10.648210395606863,13.03008820766572,36332,True,"27/29 °C and 1000/1200 ppm are illustrative experiment targets, not universal regulatory limits.",False
20,70,8,0.08,baseline,29.932551725408587,28.805289591464348,25.937279980570793,600.0,456.3990804729259,2.007617625655257,38.33355742418471,46.90831754759659,37.38792797306741,10.55,59.730932082731805,3362.5,1992.5,0.0,0.0,15094.001177228174,15292.379095470611,5.615688200235947,10.648210395606863,13.03008820766572,36332,True,"27/29 °C and 1000/1200 ppm are illustrative experiment targets, not universal regulatory limits.",False
20,80,0,0.0,baseline,29.689892017228033,28.558305055185862,25.90945128774166,600.0,471.79047554945674,2.3482594185334165,20.041763072660405,25.0,4.83406672604053,10.55,59.730932082731805,3342.5,1437.5,0.0,0.0,15106.051018551803,15292.379095470611,5.555555555555559,5.567156409072336,6.944444444444445,42140,True,"27/29 °C and 1000/1200 ppm are illustrative experiment targets, not universal regulatory limits.",False
20,80,0,0.02,baseline,29.689892017228033,28.558305055185862,25.90945128774166,600.0,471.79047554945674,2.3482594185334165,20.041763072660405,25.0,4.83406672604053,10.55,59.730932082731805,3342.5,1437.5,0.0,0.0,15106.051018551803,15292.379095470611,5.555555555555559,5.567156409072336,6.944444444444445,42140,True,"27/29 °C and 1000/1200 ppm are illustrative experiment targets, not universal regulatory limits.",False
20,80,0,0.04,baseline,29.689892017228033,28.558305055185862,25.90945128774166,600.0,471.79047554945674,2.3482594185334165,20.041763072660405,25.0,4.83406672604053,10.55,59.730932082731805,3342.5,1437.5,0.0,0.0,15106.051018551803,15292.379095470611,5.555555555555559,5.567156409072336,6.944444444444445,42140,True,"27/29 °C and 1000/1200 ppm are illustrative experiment targets, not universal regulatory limits.",False
20,80,0,0.06,baseline,29.689892017228033,28.558305055185862,25.90945128774166,600.0,471.79047554945674,2.3482594185334165,20.041763072660405,25.0,4.83406672604053,10.55,59.730932082731805,3342.5,1437.5,0.0,0.0,15106.051018551803,15292.379095470611,5.555555555555559,5.567156409072336,6.944444444444445,42140,True,"27/29 °C and 1000/1200 ppm are illustrative experiment targets, not universal regulatory limits.",False
20,80,0,0.08,baseline,29.689892017228033,28.558305055185862,25.90945128774166,600.0,471.79047554945674,2.3482594185334165,20.041763072660405,25.0,4.83406672604053,10.55,59.730932082731805,3342.5,1437.5,0.0,0.0,15106.051018551803,15292.379095470611,5.555555555555559,5.567156409072336,6.944444444444445,42140,True,"27/29 °C and 1000/1200 ppm are illustrative experiment targets, not universal regulatory limits.",False
20,80,2,0.0,baseline,29.75982057664129,28.626969400706763,25.91721042586488,600.0,466.63325618766663,2.2668369103048462,24.260584067864535,26.4148216020986,8.7006600191887,10.55,59.730932082731805,3352.5,1577.5,0.0,0.0,15102.565421366782,15292.379095470611,5.601891768780289,6.739051129962372,7.337450445027389,40502,True,"27/29 °C and 1000/1200 ppm are illustrative experiment targets, not universal regulatory limits.",False
20,80,2,0.02,baseline,29.75982057664129,28.626969400706763,25.91721042586488,600.0,466.63325618766663,2.2668369103048462,24.260584067864535,26.4148216020986,8.7006600191887,10.55,59.730932082731805,3352.5,1577.5,0.0,0.0,15102.565421366782,15292.379095470611,5.601891768780289,6.739051129962372,7.337450445027389,40502,True,"27/29 °C and 1000/1200 ppm are illustrative experiment targets, not universal regulatory limits.",False
20,80,2,0.04,baseline,29.75982057664129,28.626969400706763,25.91721042586488,600.0,466.63325618766663,2.2668369103048462,24.260584067864535,26.4148216020986,8.7006600191887,10.55,59.730932082731805,3352.5,1577.5,0.0,0.0,15102.565421366782,15292.379095470611,5.601891768780289,6.739051129962372,7.337450445027389,40502,True,"27/29 °C and 1000/1200 ppm are illustrative experiment targets, not universal regulatory limits.",False
20,80,2,0.06,baseline,29.75982057664129,28.626969400706763,25.91721042586488,600.0,466.63325618766663,2.2668369103048462,24.260584067864535,26.4148216020986,8.7006600191887,10.55,59.730932082731805,3352.5,1577.5,0.0,0.0,15102.565421366782,15292.379095470611,5.601891768780289,6.739051129962372,7.337450445027389,40502,True,"27/29 °C and 1000/1200 ppm are illustrative experiment targets, not universal regulatory limits.",False
20,80,2,0.08,baseline,29.75982057664129,28.626969400706763,25.91721042586488,600.0,466.63325618766663,2.2668369103048462,24.260584067864535,26.4148216020986,8.7006600191887,10.55,59.730932082731805,3352.5,1577.5,0.0,0.0,15102.565421366782,15292.379095470611,5.601891768780289,6.739051129962372,7.337450445027389,40502,True,"27/29 °C and 1000/1200 ppm are illustrative experiment targets, not universal regulatory limits.",False
20,80,4,0.0,baseline,29.823163725518555,28.690694509273452,25.924396437834616,600.0,462.5208615667788,2.18317176635901,28.73236322612141,33.067733405428726,14.888393696294726,10.55,59.730932082731805,3352.5,1717.5,0.0,0.0,15099.410327670414,15292.379095470611,5.609838014005452,7.981212007255948,9.18548150150798,38894,True,"27/29 °C and 1000/1200 ppm are illustrative experiment targets, not universal regulatory limits.",False
20,80,4,0.02,baseline,29.823163725518555,28.690694509273452,25.924396437834616,600.0,462.5208615667788,2.18317176635901,28.73236322612141,33.067733405428726,14.888393696294726,10.55,59.730932082731805,3352.5,1717.5,0.0,0.0,15099.410327670414,15292.379095470611,5.609838014005452,7.981212007255948,9.18548150150798,38894,True,"27/29 °C and 1000/1200 ppm are illustrative experiment targets, not universal regulatory limits.",False
20,80,4,0.04,baseline,29.823163725518555,28.690694509273452,25.924396437834616,600.0,462.5208615667788,2.18317176635901,28.73236322612141,33.067733405428726,14.888393696294726,10.55,59.730932082731805,3352.5,1717.5,0.0,0.0,15099.410327670414,15292.379095470611,5.609838014005452,7.981212007255948,9.18548150150798,38894,True,"27/29 °C and 1000/1200 ppm are illustrative experiment targets, not universal regulatory limits.",False
20,80,4,0.06,baseline,29.823163725518555,28.690694509273452,25.924396437834616,600.0,462.5208615667788,2.18317176635901,28.73236322612141,33.067733405428726,14.888393696294726,10.55,59.730932082731805,3352.5,1717.5,0.0,0.0,15099.410327670414,15292.379095470611,5.609838014005452,7.981212007255948,9.18548150150798,38894,True,"27/29 °C and 1000/1200 ppm are illustrative experiment targets, not universal regulatory limits.",False
20,80,4,0.08,baseline,29.823163725518555,28.690694509273452,25.924396437834616,600.0,462.5208615667788,2.18317176635901,28.73236322612141,33.067733405428726,14.888393696294726,10.55,59.730932082731805,3352.5,1717.5,0.0,0.0,15099.410327670414,15292.379095470611,5.609838014005452,7.981212007255948,9.18548150150798,38894,True,"27/29 °C and 1000/1200 ppm are illustrative experiment targets, not universal regulatory limits.",False
20,80,6,0.0,baseline,29.879954798852395,28.75011846711743,25.931083635499533,600.0,459.1735064433558,2.0976400610088604,33.43171934513772,39.91186952350464,24.16860310448728,10.55,59.730932082731805,3357.5,1857.5,0.0,0.0,15096.57904710022,15292.379095470611,5.613040970311724,9.286588706982702,11.086630423195732,37496,True,"27/29 °C and 1000/1200 ppm are illustrative experiment targets, not universal regulatory limits.",False
20,80,6,0.02,baseline,29.879954798852395,28.75011846711743,25.931083635499533,600.0,459.1735064433558,2.0976400610088604,33.43171934513772,39.91186952350464,24.16860310448728,10.55,59.730932082731805,3357.5,1857.5,0.0,0.0,15096.57904710022,15292.379095470611,5.613040970311724,9.286588706982702,11.086630423195732,37496,True,"27/29 °C and 1000/1200 ppm are illustrative experiment targets, not universal regulatory limits.",False
20,80,6,0.04,baseline,29.879954798852395,28.75011846711743,25.931083635499533,600.0,459.1735064433558,2.0976400610088604,33.43171934513772,39.91186952350464,24.16860310448728,10.55,59.730932082731805,3357.5,1857.5,0.0,0.0,15096.57904710022,15292.379095470611,5.613040970311724,9.286588706982702,11.086630423195732,37496,True,"27/29 °C and 1000/1200 ppm are illustrative experiment targets, not universal regulatory limits.",False
20,80,6,0.06,baseline,29.879954798852395,28.75011846711743,25.931083635499533,600.0,459.1735064433558,2.0976400610088604,33.43171934513772,39.91186952350464,24.16860310448728,10.55,59.730932082731805,3357.5,1857.5,0.0,0.0,15096.57904710022,15292.379095470611,5.613040970311724,9.286588706982702,11.086630423195732,37496,True,"27/29 °C and 1000/1200 ppm are illustrative experiment targets, not universal regulatory limits.",False
20,80,6,0.08,baseline,29.879954798852395,28.75011846711743,25.931083635499533,600.0,459.1735064433558,2.0976400610088604,33.43171934513772,39.91186952350464,24.16860310448728,10.55,59.730932082731805,3357.5,1857.5,0.0,0.0,15096.57904710022,15292.379095470611,5.613040970311724,9.286588706982702,11.086630423195732,37496,True,"27/29 °C and 1000/1200 ppm are illustrative experiment targets, not universal regulatory limits.",False
20,80,8,0.0,baseline,29.932551725408587,28.805289591464348,25.937279980570793,600.0,456.3990804729259,2.007617625655257,38.33355742418471,46.90831754759659,37.38792797306741,10.55,59.730932082731805,3362.5,1992.5,0.0,0.0,15094.001177228174,15292.379095470611,5.615688200235947,10.648210395606863,13.03008820766572,36332,True,"27/29 °C and 1000/1200 ppm are illustrative experiment targets, not universal regulatory limits.",False
20,80,8,0.02,baseline,29.932551725408587,28.805289591464348,25.937279980570793,600.0,456.3990804729259,2.007617625655257,38.33355742418471,46.90831754759659,37.38792797306741,10.55,59.730932082731805,3362.5,1992.5,0.0,0.0,15094.001177228174,15292.379095470611,5.615688200235947,10.648210395606863,13.03008820766572,36332,True,"27/29 °C and 1000/1200 ppm are illustrative experiment targets, not universal regulatory limits.",False
20,80,8,0.04,baseline,29.932551725408587,28.805289591464348,25.937279980570793,600.0,456.3990804729259,2.007617625655257,38.33355742418471,46.90831754759659,37.38792797306741,10.55,59.730932082731805,3362.5,1992.5,0.0,0.0,15094.001177228174,15292.379095470611,5.615688200235947,10.648210395606863,13.03008820766572,36332,True,"27/29 °C and 1000/1200 ppm are illustrative experiment targets, not universal regulatory limits.",False
20,80,8,0.06,baseline,29.932551725408587,28.805289591464348,25.937279980570793,600.0,456.3990804729259,2.007617625655257,38.33355742418471,46.90831754759659,37.38792797306741,10.55,59.730932082731805,3362.5,1992.5,0.0,0.0,15094.001177228174,15292.379095470611,5.615688200235947,10.648210395606863,13.03008820766572,36332,True,"27/29 °C and 1000/1200 ppm are illustrative experiment targets, not universal regulatory limits.",False
20,80,8,0.08,baseline,29.932551725408587,28.805289591464348,25.937279980570793,600.0,456.3990804729259,2.007617625655257,38.33355742418471,46.90831754759659,37.38792797306741,10.55,59.730932082731805,3362.5,1992.5,0.0,0.0,15094.001177228174,15292.379095470611,5.615688200235947,10.648210395606863,13.03008820766572,36332,True,"27/29 °C and 1000/1200 ppm are illustrative experiment targets, not universal regulatory limits.",False
20,90,0,0.0,baseline,29.689892017228033,28.558305055185862,25.90945128774166,600.0,471.79047554945674,2.3482594185334165,20.041763072660405,25.0,4.83406672604053,10.55,59.730932082731805,3342.5,1437.5,0.0,0.0,15106.051018551803,15292.379095470611,5.555555555555559,5.567156409072336,6.944444444444445,42140,True,"27/29 °C and 1000/1200 ppm are illustrative experiment targets, not universal regulatory limits.",False
20,90,0,0.02,baseline,29.689892017228033,28.558305055185862,25.90945128774166,600.0,471.79047554945674,2.3482594185334165,20.041763072660405,25.0,4.83406672604053,10.55,59.730932082731805,3342.5,1437.5,0.0,0.0,15106.051018551803,15292.379095470611,5.555555555555559,5.567156409072336,6.944444444444445,42140,True,"27/29 °C and 1000/1200 ppm are illustrative experiment targets, not universal regulatory limits.",False
20,90,0,0.04,baseline,29.689892017228033,28.558305055185862,25.90945128774166,600.0,471.79047554945674,2.3482594185334165,20.041763072660405,25.0,4.83406672604053,10.55,59.730932082731805,3342.5,1437.5,0.0,0.0,15106.051018551803,15292.379095470611,5.555555555555559,5.567156409072336,6.944444444444445,42140,True,"27/29 °C and 1000/1200 ppm are illustrative experiment targets, not universal regulatory limits.",False
20,90,0,0.06,baseline,29.689892017228033,28.558305055185862,25.90945128774166,600.0,471.79047554945674,2.3482594185334165,20.041763072660405,25.0,4.83406672604053,10.55,59.730932082731805,3342.5,1437.5,0.0,0.0,15106.051018551803,15292.379095470611,5.555555555555559,5.567156409072336,6.944444444444445,42140,True,"27/29 °C and 1000/1200 ppm are illustrative experiment targets, not universal regulatory limits.",False
20,90,0,0.08,baseline,29.689892017228033,28.558305055185862,25.90945128774166,600.0,471.79047554945674,2.3482594185334165,20.041763072660405,25.0,4.83406672604053,10.55,59.730932082731805,3342.5,1437.5,0.0,0.0,15106.051018551803,15292.379095470611,5.555555555555559,5.567156409072336,6.944444444444445,42140,True,"27/29 °C and 1000/1200 ppm are illustrative experiment targets, not universal regulatory limits.",False
20,90,2,0.0,baseline,29.75982057664129,28.626969400706763,25.91721042586488,600.0,466.63325618766663,2.2668369103048462,24.260584067864535,26.4148216020986,8.7006600191887,10.55,59.730932082731805,3352.5,1577.5,0.0,0.0,15102.565421366782,15292.379095470611,5.601891768780289,6.739051129962372,7.337450445027389,40502,True,"27/29 °C and 1000/1200 ppm are illustrative experiment targets, not universal regulatory limits.",False
20,90,2,0.02,baseline,29.75982057664129,28.626969400706763,25.91721042586488,600.0,466.63325618766663,2.2668369103048462,24.260584067864535,26.4148216020986,8.7006600191887,10.55,59.730932082731805,3352.5,1577.5,0.0,0.0,15102.565421366782,15292.379095470611,5.601891768780289,6.739051129962372,7.337450445027389,40502,True,"27/29 °C and 1000/1200 ppm are illustrative experiment targets, not universal regulatory limits.",False
20,90,2,0.04,baseline,29.75982057664129,28.626969400706763,25.91721042586488,600.0,466.63325618766663,2.2668369103048462,24.260584067864535,26.4148216020986,8.7006600191887,10.55,59.730932082731805,3352.5,1577.5,0.0,0.0,15102.565421366782,15292.379095470611,5.601891768780289,6.739051129962372,7.337450445027389,40502,True,"27/29 °C and 1000/1200 ppm are illustrative experiment targets, not universal regulatory limits.",False
20,90,2,0.06,baseline,29.75982057664129,28.626969400706763,25.91721042586488,600.0,466.63325618766663,2.2668369103048462,24.260584067864535,26.4148216020986,8.7006600191887,10.55,59.730932082731805,3352.5,1577.5,0.0,0.0,15102.565421366782,15292.379095470611,5.601891768780289,6.739051129962372,7.337450445027389,40502,True,"27/29 °C and 1000/1200 ppm are illustrative experiment targets, not universal regulatory limits.",False
20,90,2,0.08,baseline,29.75982057664129,28.626969400706763,25.91721042586488,600.0,466.63325618766663,2.2668369103048462,24.260584067864535,26.4148216020986,8.7006600191887,10.55,59.730932082731805,3352.5,1577.5,0.0,0.0,15102.565421366782,15292.379095470611,5.601891768780289,6.739051129962372,7.337450445027389,40502,True,"27/29 °C and 1000/1200 ppm are illustrative experiment targets, not universal regulatory limits.",False
20,90,4,0.0,baseline,29.823163725518555,28.690694509273452,25.924396437834616,600.0,462.5208615667788,2.18317176635901,28.73236322612141,33.067733405428726,14.888393696294726,10.55,59.730932082731805,3352.5,1717.5,0.0,0.0,15099.410327670414,15292.379095470611,5.609838014005452,7.981212007255948,9.18548150150798,38894,True,"27/29 °C and 1000/1200 ppm are illustrative experiment targets, not universal regulatory limits.",False
20,90,4,0.02,baseline,29.823163725518555,28.690694509273452,25.924396437834616,600.0,462.5208615667788,2.18317176635901,28.73236322612141,33.067733405428726,14.888393696294726,10.55,59.730932082731805,3352.5,1717.5,0.0,0.0,15099.410327670414,15292.379095470611,5.609838014005452,7.981212007255948,9.18548150150798,38894,True,"27/29 °C and 1000/1200 ppm are illustrative experiment targets, not universal regulatory limits.",False
20,90,4,0.04,baseline,29.823163725518555,28.690694509273452,25.924396437834616,600.0,462.5208615667788,2.18317176635901,28.73236322612141,33.067733405428726,14.888393696294726,10.55,59.730932082731805,3352.5,1717.5,0.0,0.0,15099.410327670414,15292.379095470611,5.609838014005452,7.981212007255948,9.18548150150798,38894,True,"27/29 °C and 1000/1200 ppm are illustrative experiment targets, not universal regulatory limits.",False
20,90,4,0.06,baseline,29.823163725518555,28.690694509273452,25.924396437834616,600.0,462.5208615667788,2.18317176635901,28.73236322612141,33.067733405428726,14.888393696294726,10.55,59.730932082731805,3352.5,1717.5,0.0,0.0,15099.410327670414,15292.379095470611,5.609838014005452,7.981212007255948,9.18548150150798,38894,True,"27/29 °C and 1000/1200 ppm are illustrative experiment targets, not universal regulatory limits.",False
20,90,4,0.08,baseline,29.823163725518555,28.690694509273452,25.924396437834616,600.0,462.5208615667788,2.18317176635901,28.73236322612141,33.067733405428726,14.888393696294726,10.55,59.730932082731805,3352.5,1717.5,0.0,0.0,15099.410327670414,15292.379095470611,5.609838014005452,7.981212007255948,9.18548150150798,38894,True,"27/29 °C and 1000/1200 ppm are illustrative experiment targets, not universal regulatory limits.",False
20,90,6,0.0,baseline,29.879954798852395,28.75011846711743,25.931083635499533,600.0,459.1735064433558,2.0976400610088604,33.43171934513772,39.91186952350464,24.16860310448728,10.55,59.730932082731805,3357.5,1857.5,0.0,0.0,15096.57904710022,15292.379095470611,5.613040970311724,9.286588706982702,11.086630423195732,37496,True,"27/29 °C and 1000/1200 ppm are illustrative experiment targets, not universal regulatory limits.",False
20,90,6,0.02,baseline,29.879954798852395,28.75011846711743,25.931083635499533,600.0,459.1735064433558,2.0976400610088604,33.43171934513772,39.91186952350464,24.16860310448728,10.55,59.730932082731805,3357.5,1857.5,0.0,0.0,15096.57904710022,15292.379095470611,5.613040970311724,9.286588706982702,11.086630423195732,37496,True,"27/29 °C and 1000/1200 ppm are illustrative experiment targets, not universal regulatory limits.",False
20,90,6,0.04,baseline,29.879954798852395,28.75011846711743,25.931083635499533,600.0,459.1735064433558,2.0976400610088604,33.43171934513772,39.91186952350464,24.16860310448728,10.55,59.730932082731805,3357.5,1857.5,0.0,0.0,15096.57904710022,15292.379095470611,5.613040970311724,9.286588706982702,11.086630423195732,37496,True,"27/29 °C and 1000/1200 ppm are illustrative experiment targets, not universal regulatory limits.",False
20,90,6,0.06,baseline,29.879954798852395,28.75011846711743,25.931083635499533,600.0,459.1735064433558,2.0976400610088604,33.43171934513772,39.91186952350464,24.16860310448728,10.55,59.730932082731805,3357.5,1857.5,0.0,0.0,15096.57904710022,15292.379095470611,5.613040970311724,9.286588706982702,11.086630423195732,37496,True,"27/29 °C and 1000/1200 ppm are illustrative experiment targets, not universal regulatory limits.",False
20,90,6,0.08,baseline,29.879954798852395,28.75011846711743,25.931083635499533,600.0,459.1735064433558,2.0976400610088604,33.43171934513772,39.91186952350464,24.16860310448728,10.55,59.730932082731805,3357.5,1857.5,0.0,0.0,15096.57904710022,15292.379095470611,5.613040970311724,9.286588706982702,11.086630423195732,37496,True,"27/29 °C and 1000/1200 ppm are illustrative experiment targets, not universal regulatory limits.",False
20,90,8,0.0,baseline,29.932551725408587,28.805289591464348,25.937279980570793,600.0,456.3990804729259,2.007617625655257,38.33355742418471,46.90831754759659,37.38792797306741,10.55,59.730932082731805,3362.5,1992.5,0.0,0.0,15094.001177228174,15292.379095470611,5.615688200235947,10.648210395606863,13.03008820766572,36332,True,"27/29 °C and 1000/1200 ppm are illustrative experiment targets, not universal regulatory limits.",False
20,90,8,0.02,baseline,29.932551725408587,28.805289591464348,25.937279980570793,600.0,456.3990804729259,2.007617625655257,38.33355742418471,46.90831754759659,37.38792797306741,10.55,59.730932082731805,3362.5,1992.5,0.0,0.0,15094.001177228174,15292.379095470611,5.615688200235947,10.648210395606863,13.03008820766572,36332,True,"27/29 °C and 1000/1200 ppm are illustrative experiment targets, not universal regulatory limits.",False
20,90,8,0.04,baseline,29.932551725408587,28.805289591464348,25.937279980570793,600.0,456.3990804729259,2.007617625655257,38.33355742418471,46.90831754759659,37.38792797306741,10.55,59.730932082731805,3362.5,1992.5,0.0,0.0,15094.001177228174,15292.379095470611,5.615688200235947,10.648210395606863,13.03008820766572,36332,True,"27/29 °C and 1000/1200 ppm are illustrative experiment targets, not universal regulatory limits.",False
20,90,8,0.06,baseline,29.932551725408587,28.805289591464348,25.937279980570793,600.0,456.3990804729259,2.007617625655257,38.33355742418471,46.90831754759659,37.38792797306741,10.55,59.730932082731805,3362.5,1992.5,0.0,0.0,15094.001177228174,15292.379095470611,5.615688200235947,10.648210395606863,13.03008820766572,36332,True,"27/29 °C and 1000/1200 ppm are illustrative experiment targets, not universal regulatory limits.",False
20,90,8,0.08,baseline,29.932551725408587,28.805289591464348,25.937279980570793,600.0,456.3990804729259,2.007617625655257,38.33355742418471,46.90831754759659,37.38792797306741,10.55,59.730932082731805,3362.5,1992.5,0.0,0.0,15094.001177228174,15292.379095470611,5.615688200235947,10.648210395606863,13.03008820766572,36332,True,"27/29 °C and 1000/1200 ppm are illustrative experiment targets, not universal regulatory limits.",False
20,100,0,0.0,baseline,29.689892017228033,28.558305055185862,25.90945128774166,600.0,471.79047554945674,2.3482594185334165,20.041763072660405,25.0,4.83406672604053,10.55,59.730932082731805,3342.5,1437.5,0.0,0.0,15106.051018551803,15292.379095470611,5.555555555555559,5.567156409072336,6.944444444444445,42140,True,"27/29 °C and 1000/1200 ppm are illustrative experiment targets, not universal regulatory limits.",False
20,100,0,0.02,baseline,29.689892017228033,28.558305055185862,25.90945128774166,600.0,471.79047554945674,2.3482594185334165,20.041763072660405,25.0,4.83406672604053,10.55,59.730932082731805,3342.5,1437.5,0.0,0.0,15106.051018551803,15292.379095470611,5.555555555555559,5.567156409072336,6.944444444444445,42140,True,"27/29 °C and 1000/1200 ppm are illustrative experiment targets, not universal regulatory limits.",False
20,100,0,0.04,baseline,29.689892017228033,28.558305055185862,25.90945128774166,600.0,471.79047554945674,2.3482594185334165,20.041763072660405,25.0,4.83406672604053,10.55,59.730932082731805,3342.5,1437.5,0.0,0.0,15106.051018551803,15292.379095470611,5.555555555555559,5.567156409072336,6.944444444444445,42140,True,"27/29 °C and 1000/1200 ppm are illustrative experiment targets, not universal regulatory limits.",False
20,100,0,0.06,baseline,29.689892017228033,28.558305055185862,25.90945128774166,600.0,471.79047554945674,2.3482594185334165,20.041763072660405,25.0,4.83406672604053,10.55,59.730932082731805,3342.5,1437.5,0.0,0.0,15106.051018551803,15292.379095470611,5.555555555555559,5.567156409072336,6.944444444444445,42140,True,"27/29 °C and 1000/1200 ppm are illustrative experiment targets, not universal regulatory limits.",False
20,100,0,0.08,baseline,29.689892017228033,28.558305055185862,25.90945128774166,600.0,471.79047554945674,2.3482594185334165,20.041763072660405,25.0,4.83406672604053,10.55,59.730932082731805,3342.5,1437.5,0.0,0.0,15106.051018551803,15292.379095470611,5.555555555555559,5.567156409072336,6.944444444444445,42140,True,"27/29 °C and 1000/1200 ppm are illustrative experiment targets, not universal regulatory limits.",False
20,100,2,0.0,baseline,29.75982057664129,28.626969400706763,25.91721042586488,600.0,466.63325618766663,2.2668369103048462,24.260584067864535,26.4148216020986,8.7006600191887,10.55,59.730932082731805,3352.5,1577.5,0.0,0.0,15102.565421366782,15292.379095470611,5.601891768780289,6.739051129962372,7.337450445027389,40502,True,"27/29 °C and 1000/1200 ppm are illustrative experiment targets, not universal regulatory limits.",False
20,100,2,0.02,baseline,29.75982057664129,28.626969400706763,25.91721042586488,600.0,466.63325618766663,2.2668369103048462,24.260584067864535,26.4148216020986,8.7006600191887,10.55,59.730932082731805,3352.5,1577.5,0.0,0.0,15102.565421366782,15292.379095470611,5.601891768780289,6.739051129962372,7.337450445027389,40502,True,"27/29 °C and 1000/1200 ppm are illustrative experiment targets, not universal regulatory limits.",False
20,100,2,0.04,baseline,29.75982057664129,28.626969400706763,25.91721042586488,600.0,466.63325618766663,2.2668369103048462,24.260584067864535,26.4148216020986,8.7006600191887,10.55,59.730932082731805,3352.5,1577.5,0.0,0.0,15102.565421366782,15292.379095470611,5.601891768780289,6.739051129962372,7.337450445027389,40502,True,"27/29 °C and 1000/1200 ppm are illustrative experiment targets, not universal regulatory limits.",False
20,100,2,0.06,baseline,29.75982057664129,28.626969400706763,25.91721042586488,600.0,466.63325618766663,2.2668369103048462,24.260584067864535,26.4148216020986,8.7006600191887,10.55,59.730932082731805,3352.5,1577.5,0.0,0.0,15102.565421366782,15292.379095470611,5.601891768780289,6.739051129962372,7.337450445027389,40502,True,"27/29 °C and 1000/1200 ppm are illustrative experiment targets, not universal regulatory limits.",False
20,100,2,0.08,baseline,29.75982057664129,28.626969400706763,25.91721042586488,600.0,466.63325618766663,2.2668369103048462,24.260584067864535,26.4148216020986,8.7006600191887,10.55,59.730932082731805,3352.5,1577.5,0.0,0.0,15102.565421366782,15292.379095470611,5.601891768780289,6.739051129962372,7.337450445027389,40502,True,"27/29 °C and 1000/1200 ppm are illustrative experiment targets, not universal regulatory limits.",False
20,100,4,0.0,baseline,29.823163725518555,28.690694509273452,25.924396437834616,600.0,462.5208615667788,2.18317176635901,28.73236322612141,33.067733405428726,14.888393696294726,10.55,59.730932082731805,3352.5,1717.5,0.0,0.0,15099.410327670414,15292.379095470611,5.609838014005452,7.981212007255948,9.18548150150798,38894,True,"27/29 °C and 1000/1200 ppm are illustrative experiment targets, not universal regulatory limits.",False
20,100,4,0.02,baseline,29.823163725518555,28.690694509273452,25.924396437834616,600.0,462.5208615667788,2.18317176635901,28.73236322612141,33.067733405428726,14.888393696294726,10.55,59.730932082731805,3352.5,1717.5,0.0,0.0,15099.410327670414,15292.379095470611,5.609838014005452,7.981212007255948,9.18548150150798,38894,True,"27/29 °C and 1000/1200 ppm are illustrative experiment targets, not universal regulatory limits.",False
20,100,4,0.04,baseline,29.823163725518555,28.690694509273452,25.924396437834616,600.0,462.5208615667788,2.18317176635901,28.73236322612141,33.067733405428726,14.888393696294726,10.55,59.730932082731805,3352.5,1717.5,0.0,0.0,15099.410327670414,15292.379095470611,5.609838014005452,7.981212007255948,9.18548150150798,38894,True,"27/29 °C and 1000/1200 ppm are illustrative experiment targets, not universal regulatory limits.",False
20,100,4,0.06,baseline,29.823163725518555,28.690694509273452,25.924396437834616,600.0,462.5208615667788,2.18317176635901,28.73236322612141,33.067733405428726,14.888393696294726,10.55,59.730932082731805,3352.5,1717.5,0.0,0.0,15099.410327670414,15292.379095470611,5.609838014005452,7.981212007255948,9.18548150150798,38894,True,"27/29 °C and 1000/1200 ppm are illustrative experiment targets, not universal regulatory limits.",False
20,100,4,0.08,baseline,29.823163725518555,28.690694509273452,25.924396437834616,600.0,462.5208615667788,2.18317176635901,28.73236322612141,33.067733405428726,14.888393696294726,10.55,59.730932082731805,3352.5,1717.5,0.0,0.0,15099.410327670414,15292.379095470611,5.609838014005452,7.981212007255948,9.18548150150798,38894,True,"27/29 °C and 1000/1200 ppm are illustrative experiment targets, not universal regulatory limits.",False
20,100,6,0.0,baseline,29.879954798852395,28.75011846711743,25.931083635499533,600.0,459.1735064433558,2.0976400610088604,33.43171934513772,39.91186952350464,24.16860310448728,10.55,59.730932082731805,3357.5,1857.5,0.0,0.0,15096.57904710022,15292.379095470611,5.613040970311724,9.286588706982702,11.086630423195732,37496,True,"27/29 °C and 1000/1200 ppm are illustrative experiment targets, not universal regulatory limits.",False
20,100,6,0.02,baseline,29.879954798852395,28.75011846711743,25.931083635499533,600.0,459.1735064433558,2.0976400610088604,33.43171934513772,39.91186952350464,24.16860310448728,10.55,59.730932082731805,3357.5,1857.5,0.0,0.0,15096.57904710022,15292.379095470611,5.613040970311724,9.286588706982702,11.086630423195732,37496,True,"27/29 °C and 1000/1200 ppm are illustrative experiment targets, not universal regulatory limits.",False
20,100,6,0.04,baseline,29.879954798852395,28.75011846711743,25.931083635499533,600.0,459.1735064433558,2.0976400610088604,33.43171934513772,39.91186952350464,24.16860310448728,10.55,59.730932082731805,3357.5,1857.5,0.0,0.0,15096.57904710022,15292.379095470611,5.613040970311724,9.286588706982702,11.086630423195732,37496,True,"27/29 °C and 1000/1200 ppm are illustrative experiment targets, not universal regulatory limits.",False
20,100,6,0.06,baseline,29.879954798852395,28.75011846711743,25.931083635499533,600.0,459.1735064433558,2.0976400610088604,33.43171934513772,39.91186952350464,24.16860310448728,10.55,59.730932082731805,3357.5,1857.5,0.0,0.0,15096.57904710022,15292.379095470611,5.613040970311724,9.286588706982702,11.086630423195732,37496,True,"27/29 °C and 1000/1200 ppm are illustrative experiment targets, not universal regulatory limits.",False
20,100,6,0.08,baseline,29.879954798852395,28.75011846711743,25.931083635499533,600.0,459.1735064433558,2.0976400610088604,33.43171934513772,39.91186952350464,24.16860310448728,10.55,59.730932082731805,3357.5,1857.5,0.0,0.0,15096.57904710022,15292.379095470611,5.613040970311724,9.286588706982702,11.086630423195732,37496,True,"27/29 °C and 1000/1200 ppm are illustrative experiment targets, not universal regulatory limits.",False
20,100,8,0.0,baseline,29.932551725408587,28.805289591464348,25.937279980570793,600.0,456.3990804729259,2.007617625655257,38.33355742418471,46.90831754759659,37.38792797306741,10.55,59.730932082731805,3362.5,1992.5,0.0,0.0,15094.001177228174,15292.379095470611,5.615688200235947,10.648210395606863,13.03008820766572,36332,True,"27/29 °C and 1000/1200 ppm are illustrative experiment targets, not universal regulatory limits.",False
20,100,8,0.02,baseline,29.932551725408587,28.805289591464348,25.937279980570793,600.0,456.3990804729259,2.007617625655257,38.33355742418471,46.90831754759659,37.38792797306741,10.55,59.730932082731805,3362.5,1992.5,0.0,0.0,15094.001177228174,15292.379095470611,5.615688200235947,10.648210395606863,13.03008820766572,36332,True,"27/29 °C and 1000/1200 ppm are illustrative experiment targets, not universal regulatory limits.",False
20,100,8,0.04,baseline,29.932551725408587,28.805289591464348,25.937279980570793,600.0,456.3990804729259,2.007617625655257,38.33355742418471,46.90831754759659,37.38792797306741,10.55,59.730932082731805,3362.5,1992.5,0.0,0.0,15094.001177228174,15292.379095470611,5.615688200235947,10.648210395606863,13.03008820766572,36332,True,"27/29 °C and 1000/1200 ppm are illustrative experiment targets, not universal regulatory limits.",False
20,100,8,0.06,baseline,29.932551725408587,28.805289591464348,25.937279980570793,600.0,456.3990804729259,2.007617625655257,38.33355742418471,46.90831754759659,37.38792797306741,10.55,59.730932082731805,3362.5,1992.5,0.0,0.0,15094.001177228174,15292.379095470611,5.615688200235947,10.648210395606863,13.03008820766572,36332,True,"27/29 °C and 1000/1200 ppm are illustrative experiment targets, not universal regulatory limits.",False
20,100,8,0.08,baseline,29.932551725408587,28.805289591464348,25.937279980570793,600.0,456.3990804729259,2.007617625655257,38.33355742418471,46.90831754759659,37.38792797306741,10.55,59.730932082731805,3362.5,1992.5,0.0,0.0,15094.001177228174,15292.379095470611,5.615688200235947,10.648210395606863,13.03008820766572,36332,True,"27/29 °C and 1000/1200 ppm are illustrative experiment targets, not universal regulatory limits.",False
20,110,0,0.0,baseline,29.689892017228033,28.558305055185862,25.90945128774166,600.0,471.79047554945674,2.3482594185334165,20.041763072660405,25.0,4.83406672604053,10.55,59.730932082731805,3342.5,1437.5,0.0,0.0,15106.051018551803,15292.379095470611,5.555555555555559,5.567156409072336,6.944444444444445,42140,True,"27/29 °C and 1000/1200 ppm are illustrative experiment targets, not universal regulatory limits.",False
20,110,0,0.02,baseline,29.689892017228033,28.558305055185862,25.90945128774166,600.0,471.79047554945674,2.3482594185334165,20.041763072660405,25.0,4.83406672604053,10.55,59.730932082731805,3342.5,1437.5,0.0,0.0,15106.051018551803,15292.379095470611,5.555555555555559,5.567156409072336,6.944444444444445,42140,True,"27/29 °C and 1000/1200 ppm are illustrative experiment targets, not universal regulatory limits.",False
20,110,0,0.04,baseline,29.689892017228033,28.558305055185862,25.90945128774166,600.0,471.79047554945674,2.3482594185334165,20.041763072660405,25.0,4.83406672604053,10.55,59.730932082731805,3342.5,1437.5,0.0,0.0,15106.051018551803,15292.379095470611,5.555555555555559,5.567156409072336,6.944444444444445,42140,True,"27/29 °C and 1000/1200 ppm are illustrative experiment targets, not universal regulatory limits.",False
20,110,0,0.06,baseline,29.689892017228033,28.558305055185862,25.90945128774166,600.0,471.79047554945674,2.3482594185334165,20.041763072660405,25.0,4.83406672604053,10.55,59.730932082731805,3342.5,1437.5,0.0,0.0,15106.051018551803,15292.379095470611,5.555555555555559,5.567156409072336,6.944444444444445,42140,True,"27/29 °C and 1000/1200 ppm are illustrative experiment targets, not universal regulatory limits.",False
20,110,0,0.08,baseline,29.689892017228033,28.558305055185862,25.90945128774166,600.0,471.79047554945674,2.3482594185334165,20.041763072660405,25.0,4.83406672604053,10.55,59.730932082731805,3342.5,1437.5,0.0,0.0,15106.051018551803,15292.379095470611,5.555555555555559,5.567156409072336,6.944444444444445,42140,True,"27/29 °C and 1000/1200 ppm are illustrative experiment targets, not universal regulatory limits.",False
20,110,2,0.0,baseline,29.75982057664129,28.626969400706763,25.91721042586488,600.0,466.63325618766663,2.2668369103048462,24.260584067864535,26.4148216020986,8.7006600191887,10.55,59.730932082731805,3352.5,1577.5,0.0,0.0,15102.565421366782,15292.379095470611,5.601891768780289,6.739051129962372,7.337450445027389,40502,True,"27/29 °C and 1000/1200 ppm are illustrative experiment targets, not universal regulatory limits.",False
20,110,2,0.02,baseline,29.75982057664129,28.626969400706763,25.91721042586488,600.0,466.63325618766663,2.2668369103048462,24.260584067864535,26.4148216020986,8.7006600191887,10.55,59.730932082731805,3352.5,1577.5,0.0,0.0,15102.565421366782,15292.379095470611,5.601891768780289,6.739051129962372,7.337450445027389,40502,True,"27/29 °C and 1000/1200 ppm are illustrative experiment targets, not universal regulatory limits.",False
20,110,2,0.04,baseline,29.75982057664129,28.626969400706763,25.91721042586488,600.0,466.63325618766663,2.2668369103048462,24.260584067864535,26.4148216020986,8.7006600191887,10.55,59.730932082731805,3352.5,1577.5,0.0,0.0,15102.565421366782,15292.379095470611,5.601891768780289,6.739051129962372,7.337450445027389,40502,True,"27/29 °C and 1000/1200 ppm are illustrative experiment targets, not universal regulatory limits.",False
20,110,2,0.06,baseline,29.75982057664129,28.626969400706763,25.91721042586488,600.0,466.63325618766663,2.2668369103048462,24.260584067864535,26.4148216020986,8.7006600191887,10.55,59.730932082731805,3352.5,1577.5,0.0,0.0,15102.565421366782,15292.379095470611,5.601891768780289,6.739051129962372,7.337450445027389,40502,True,"27/29 °C and 1000/1200 ppm are illustrative experiment targets, not universal regulatory limits.",False
20,110,2,0.08,baseline,29.75982057664129,28.626969400706763,25.91721042586488,600.0,466.63325618766663,2.2668369103048462,24.260584067864535,26.4148216020986,8.7006600191887,10.55,59.730932082731805,3352.5,1577.5,0.0,0.0,15102.565421366782,15292.379095470611,5.601891768780289,6.739051129962372,7.337450445027389,40502,True,"27/29 °C and 1000/1200 ppm are illustrative experiment targets, not universal regulatory limits.",False
20,110,4,0.0,baseline,29.823163725518555,28.690694509273452,25.924396437834616,600.0,462.5208615667788,2.18317176635901,28.73236322612141,33.067733405428726,14.888393696294726,10.55,59.730932082731805,3352.5,1717.5,0.0,0.0,15099.410327670414,15292.379095470611,5.609838014005452,7.981212007255948,9.18548150150798,38894,True,"27/29 °C and 1000/1200 ppm are illustrative experiment targets, not universal regulatory limits.",False
20,110,4,0.02,baseline,29.823163725518555,28.690694509273452,25.924396437834616,600.0,462.5208615667788,2.18317176635901,28.73236322612141,33.067733405428726,14.888393696294726,10.55,59.730932082731805,3352.5,1717.5,0.0,0.0,15099.410327670414,15292.379095470611,5.609838014005452,7.981212007255948,9.18548150150798,38894,True,"27/29 °C and 1000/1200 ppm are illustrative experiment targets, not universal regulatory limits.",False
20,110,4,0.04,baseline,29.823163725518555,28.690694509273452,25.924396437834616,600.0,462.5208615667788,2.18317176635901,28.73236322612141,33.067733405428726,14.888393696294726,10.55,59.730932082731805,3352.5,1717.5,0.0,0.0,15099.410327670414,15292.379095470611,5.609838014005452,7.981212007255948,9.18548150150798,38894,True,"27/29 °C and 1000/1200 ppm are illustrative experiment targets, not universal regulatory limits.",False
20,110,4,0.06,baseline,29.823163725518555,28.690694509273452,25.924396437834616,600.0,462.5208615667788,2.18317176635901,28.73236322612141,33.067733405428726,14.888393696294726,10.55,59.730932082731805,3352.5,1717.5,0.0,0.0,15099.410327670414,15292.379095470611,5.609838014005452,7.981212007255948,9.18548150150798,38894,True,"27/29 °C and 1000/1200 ppm are illustrative experiment targets, not universal regulatory limits.",False
20,110,4,0.08,baseline,29.823163725518555,28.690694509273452,25.924396437834616,600.0,462.5208615667788,2.18317176635901,28.73236322612141,33.067733405428726,14.888393696294726,10.55,59.730932082731805,3352.5,1717.5,0.0,0.0,15099.410327670414,15292.379095470611,5.609838014005452,7.981212007255948,9.18548150150798,38894,True,"27/29 °C and 1000/1200 ppm are illustrative experiment targets, not universal regulatory limits.",False
20,110,6,0.0,baseline,29.879954798852395,28.75011846711743,25.931083635499533,600.0,459.1735064433558,2.0976400610088604,33.43171934513772,39.91186952350464,24.16860310448728,10.55,59.730932082731805,3357.5,1857.5,0.0,0.0,15096.57904710022,15292.379095470611,5.613040970311724,9.286588706982702,11.086630423195732,37496,True,"27/29 °C and 1000/1200 ppm are illustrative experiment targets, not universal regulatory limits.",False
20,110,6,0.02,baseline,29.879954798852395,28.75011846711743,25.931083635499533,600.0,459.1735064433558,2.0976400610088604,33.43171934513772,39.91186952350464,24.16860310448728,10.55,59.730932082731805,3357.5,1857.5,0.0,0.0,15096.57904710022,15292.379095470611,5.613040970311724,9.286588706982702,11.086630423195732,37496,True,"27/29 °C and 1000/1200 ppm are illustrative experiment targets, not universal regulatory limits.",False
20,110,6,0.04,baseline,29.879954798852395,28.75011846711743,25.931083635499533,600.0,459.1735064433558,2.0976400610088604,33.43171934513772,39.91186952350464,24.16860310448728,10.55,59.730932082731805,3357.5,1857.5,0.0,0.0,15096.57904710022,15292.379095470611,5.613040970311724,9.286588706982702,11.086630423195732,37496,True,"27/29 °C and 1000/1200 ppm are illustrative experiment targets, not universal regulatory limits.",False
20,110,6,0.06,baseline,29.879954798852395,28.75011846711743,25.931083635499533,600.0,459.1735064433558,2.0976400610088604,33.43171934513772,39.91186952350464,24.16860310448728,10.55,59.730932082731805,3357.5,1857.5,0.0,0.0,15096.57904710022,15292.379095470611,5.613040970311724,9.286588706982702,11.086630423195732,37496,True,"27/29 °C and 1000/1200 ppm are illustrative experiment targets, not universal regulatory limits.",False
20,110,6,0.08,baseline,29.879954798852395,28.75011846711743,25.931083635499533,600.0,459.1735064433558,2.0976400610088604,33.43171934513772,39.91186952350464,24.16860310448728,10.55,59.730932082731805,3357.5,1857.5,0.0,0.0,15096.57904710022,15292.379095470611,5.613040970311724,9.286588706982702,11.086630423195732,37496,True,"27/29 °C and 1000/1200 ppm are illustrative experiment targets, not universal regulatory limits.",False
20,110,8,0.0,baseline,29.932551725408587,28.805289591464348,25.937279980570793,600.0,456.3990804729259,2.007617625655257,38.33355742418471,46.90831754759659,37.38792797306741,10.55,59.730932082731805,3362.5,1992.5,0.0,0.0,15094.001177228174,15292.379095470611,5.615688200235947,10.648210395606863,13.03008820766572,36332,True,"27/29 °C and 1000/1200 ppm are illustrative experiment targets, not universal regulatory limits.",False
20,110,8,0.02,baseline,29.932551725408587,28.805289591464348,25.937279980570793,600.0,456.3990804729259,2.007617625655257,38.33355742418471,46.90831754759659,37.38792797306741,10.55,59.730932082731805,3362.5,1992.5,0.0,0.0,15094.001177228174,15292.379095470611,5.615688200235947,10.648210395606863,13.03008820766572,36332,True,"27/29 °C and 1000/1200 ppm are illustrative experiment targets, not universal regulatory limits.",False
20,110,8,0.04,baseline,29.932551725408587,28.805289591464348,25.937279980570793,600.0,456.3990804729259,2.007617625655257,38.33355742418471,46.90831754759659,37.38792797306741,10.55,59.730932082731805,3362.5,1992.5,0.0,0.0,15094.001177228174,15292.379095470611,5.615688200235947,10.648210395606863,13.03008820766572,36332,True,"27/29 °C and 1000/1200 ppm are illustrative experiment targets, not universal regulatory limits.",False
20,110,8,0.06,baseline,29.932551725408587,28.805289591464348,25.937279980570793,600.0,456.3990804729259,2.007617625655257,38.33355742418471,46.90831754759659,37.38792797306741,10.55,59.730932082731805,3362.5,1992.5,0.0,0.0,15094.001177228174,15292.379095470611,5.615688200235947,10.648210395606863,13.03008820766572,36332,True,"27/29 °C and 1000/1200 ppm are illustrative experiment targets, not universal regulatory limits.",False
20,110,8,0.08,baseline,29.932551725408587,28.805289591464348,25.937279980570793,600.0,456.3990804729259,2.007617625655257,38.33355742418471,46.90831754759659,37.38792797306741,10.55,59.730932082731805,3362.5,1992.5,0.0,0.0,15094.001177228174,15292.379095470611,5.615688200235947,10.648210395606863,13.03008820766572,36332,True,"27/29 °C and 1000/1200 ppm are illustrative experiment targets, not universal regulatory limits.",False
20,120,0,0.0,baseline,29.689892017228033,28.558305055185862,25.90945128774166,600.0,471.79047554945674,2.3482594185334165,20.041763072660405,25.0,4.83406672604053,10.55,59.730932082731805,3342.5,1437.5,0.0,0.0,15106.051018551803,15292.379095470611,5.555555555555559,5.567156409072336,6.944444444444445,42140,True,"27/29 °C and 1000/1200 ppm are illustrative experiment targets, not universal regulatory limits.",False
20,120,0,0.02,baseline,29.689892017228033,28.558305055185862,25.90945128774166,600.0,471.79047554945674,2.3482594185334165,20.041763072660405,25.0,4.83406672604053,10.55,59.730932082731805,3342.5,1437.5,0.0,0.0,15106.051018551803,15292.379095470611,5.555555555555559,5.567156409072336,6.944444444444445,42140,True,"27/29 °C and 1000/1200 ppm are illustrative experiment targets, not universal regulatory limits.",False
20,120,0,0.04,baseline,29.689892017228033,28.558305055185862,25.90945128774166,600.0,471.79047554945674,2.3482594185334165,20.041763072660405,25.0,4.83406672604053,10.55,59.730932082731805,3342.5,1437.5,0.0,0.0,15106.051018551803,15292.379095470611,5.555555555555559,5.567156409072336,6.944444444444445,42140,True,"27/29 °C and 1000/1200 ppm are illustrative experiment targets, not universal regulatory limits.",False
20,120,0,0.06,baseline,29.689892017228033,28.558305055185862,25.90945128774166,600.0,471.79047554945674,2.3482594185334165,20.041763072660405,25.0,4.83406672604053,10.55,59.730932082731805,3342.5,1437.5,0.0,0.0,15106.051018551803,15292.379095470611,5.555555555555559,5.567156409072336,6.944444444444445,42140,True,"27/29 °C and 1000/1200 ppm are illustrative experiment targets, not universal regulatory limits.",False
20,120,0,0.08,baseline,29.689892017228033,28.558305055185862,25.90945128774166,600.0,471.79047554945674,2.3482594185334165,20.041763072660405,25.0,4.83406672604053,10.55,59.730932082731805,3342.5,1437.5,0.0,0.0,15106.051018551803,15292.379095470611,5.555555555555559,5.567156409072336,6.944444444444445,42140,True,"27/29 °C and 1000/1200 ppm are illustrative experiment targets, not universal regulatory limits.",False
20,120,2,0.0,baseline,29.75982057664129,28.626969400706763,25.91721042586488,600.0,466.63325618766663,2.2668369103048462,24.260584067864535,26.4148216020986,8.7006600191887,10.55,59.730932082731805,3352.5,1577.5,0.0,0.0,15102.565421366782,15292.379095470611,5.601891768780289,6.739051129962372,7.337450445027389,40502,True,"27/29 °C and 1000/1200 ppm are illustrative experiment targets, not universal regulatory limits.",False
20,120,2,0.02,baseline,29.75982057664129,28.626969400706763,25.91721042586488,600.0,466.63325618766663,2.2668369103048462,24.260584067864535,26.4148216020986,8.7006600191887,10.55,59.730932082731805,3352.5,1577.5,0.0,0.0,15102.565421366782,15292.379095470611,5.601891768780289,6.739051129962372,7.337450445027389,40502,True,"27/29 °C and 1000/1200 ppm are illustrative experiment targets, not universal regulatory limits.",False
20,120,2,0.04,baseline,29.75982057664129,28.626969400706763,25.91721042586488,600.0,466.63325618766663,2.2668369103048462,24.260584067864535,26.4148216020986,8.7006600191887,10.55,59.730932082731805,3352.5,1577.5,0.0,0.0,15102.565421366782,15292.379095470611,5.601891768780289,6.739051129962372,7.337450445027389,40502,True,"27/29 °C and 1000/1200 ppm are illustrative experiment targets, not universal regulatory limits.",False
20,120,2,0.06,baseline,29.75982057664129,28.626969400706763,25.91721042586488,600.0,466.63325618766663,2.2668369103048462,24.260584067864535,26.4148216020986,8.7006600191887,10.55,59.730932082731805,3352.5,1577.5,0.0,0.0,15102.565421366782,15292.379095470611,5.601891768780289,6.739051129962372,7.337450445027389,40502,True,"27/29 °C and 1000/1200 ppm are illustrative experiment targets, not universal regulatory limits.",False
20,120,2,0.08,baseline,29.75982057664129,28.626969400706763,25.91721042586488,600.0,466.63325618766663,2.2668369103048462,24.260584067864535,26.4148216020986,8.7006600191887,10.55,59.730932082731805,3352.5,1577.5,0.0,0.0,15102.565421366782,15292.379095470611,5.601891768780289,6.739051129962372,7.337450445027389,40502,True,"27/29 °C and 1000/1200 ppm are illustrative experiment targets, not universal regulatory limits.",False
20,120,4,0.0,baseline,29.823163725518555,28.690694509273452,25.924396437834616,600.0,462.5208615667788,2.18317176635901,28.73236322612141,33.067733405428726,14.888393696294726,10.55,59.730932082731805,3352.5,1717.5,0.0,0.0,15099.410327670414,15292.379095470611,5.609838014005452,7.981212007255948,9.18548150150798,38894,True,"27/29 °C and 1000/1200 ppm are illustrative experiment targets, not universal regulatory limits.",False
20,120,4,0.02,baseline,29.823163725518555,28.690694509273452,25.924396437834616,600.0,462.5208615667788,2.18317176635901,28.73236322612141,33.067733405428726,14.888393696294726,10.55,59.730932082731805,3352.5,1717.5,0.0,0.0,15099.410327670414,15292.379095470611,5.609838014005452,7.981212007255948,9.18548150150798,38894,True,"27/29 °C and 1000/1200 ppm are illustrative experiment targets, not universal regulatory limits.",False
20,120,4,0.04,baseline,29.823163725518555,28.690694509273452,25.924396437834616,600.0,462.5208615667788,2.18317176635901,28.73236322612141,33.067733405428726,14.888393696294726,10.55,59.730932082731805,3352.5,1717.5,0.0,0.0,15099.410327670414,15292.379095470611,5.609838014005452,7.981212007255948,9.18548150150798,38894,True,"27/29 °C and 1000/1200 ppm are illustrative experiment targets, not universal regulatory limits.",False
20,120,4,0.06,baseline,29.823163725518555,28.690694509273452,25.924396437834616,600.0,462.5208615667788,2.18317176635901,28.73236322612141,33.067733405428726,14.888393696294726,10.55,59.730932082731805,3352.5,1717.5,0.0,0.0,15099.410327670414,15292.379095470611,5.609838014005452,7.981212007255948,9.18548150150798,38894,True,"27/29 °C and 1000/1200 ppm are illustrative experiment targets, not universal regulatory limits.",False
20,120,4,0.08,baseline,29.823163725518555,28.690694509273452,25.924396437834616,600.0,462.5208615667788,2.18317176635901,28.73236322612141,33.067733405428726,14.888393696294726,10.55,59.730932082731805,3352.5,1717.5,0.0,0.0,15099.410327670414,15292.379095470611,5.609838014005452,7.981212007255948,9.18548150150798,38894,True,"27/29 °C and 1000/1200 ppm are illustrative experiment targets, not universal regulatory limits.",False
20,120,6,0.0,baseline,29.879954798852395,28.75011846711743,25.931083635499533,600.0,459.1735064433558,2.0976400610088604,33.43171934513772,39.91186952350464,24.16860310448728,10.55,59.730932082731805,3357.5,1857.5,0.0,0.0,15096.57904710022,15292.379095470611,5.613040970311724,9.286588706982702,11.086630423195732,37496,True,"27/29 °C and 1000/1200 ppm are illustrative experiment targets, not universal regulatory limits.",False
20,120,6,0.02,baseline,29.879954798852395,28.75011846711743,25.931083635499533,600.0,459.1735064433558,2.0976400610088604,33.43171934513772,39.91186952350464,24.16860310448728,10.55,59.730932082731805,3357.5,1857.5,0.0,0.0,15096.57904710022,15292.379095470611,5.613040970311724,9.286588706982702,11.086630423195732,37496,True,"27/29 °C and 1000/1200 ppm are illustrative experiment targets, not universal regulatory limits.",False
20,120,6,0.04,baseline,29.879954798852395,28.75011846711743,25.931083635499533,600.0,459.1735064433558,2.0976400610088604,33.43171934513772,39.91186952350464,24.16860310448728,10.55,59.730932082731805,3357.5,1857.5,0.0,0.0,15096.57904710022,15292.379095470611,5.613040970311724,9.286588706982702,11.086630423195732,37496,True,"27/29 °C and 1000/1200 ppm are illustrative experiment targets, not universal regulatory limits.",False
20,120,6,0.06,baseline,29.879954798852395,28.75011846711743,25.931083635499533,600.0,459.1735064433558,2.0976400610088604,33.43171934513772,39.91186952350464,24.16860310448728,10.55,59.730932082731805,3357.5,1857.5,0.0,0.0,15096.57904710022,15292.379095470611,5.613040970311724,9.286588706982702,11.086630423195732,37496,True,"27/29 °C and 1000/1200 ppm are illustrative experiment targets, not universal regulatory limits.",False
20,120,6,0.08,baseline,29.879954798852395,28.75011846711743,25.931083635499533,600.0,459.1735064433558,2.0976400610088604,33.43171934513772,39.91186952350464,24.16860310448728,10.55,59.730932082731805,3357.5,1857.5,0.0,0.0,15096.57904710022,15292.379095470611,5.613040970311724,9.286588706982702,11.086630423195732,37496,True,"27/29 °C and 1000/1200 ppm are illustrative experiment targets, not universal regulatory limits.",False
20,120,8,0.0,baseline,29.932551725408587,28.805289591464348,25.937279980570793,600.0,456.3990804729259,2.007617625655257,38.33355742418471,46.90831754759659,37.38792797306741,10.55,59.730932082731805,3362.5,1992.5,0.0,0.0,15094.001177228174,15292.379095470611,5.615688200235947,10.648210395606863,13.03008820766572,36332,True,"27/29 °C and 1000/1200 ppm are illustrative experiment targets, not universal regulatory limits.",False
20,120,8,0.02,baseline,29.932551725408587,28.805289591464348,25.937279980570793,600.0,456.3990804729259,2.007617625655257,38.33355742418471,46.90831754759659,37.38792797306741,10.55,59.730932082731805,3362.5,1992.5,0.0,0.0,15094.001177228174,15292.379095470611,5.615688200235947,10.648210395606863,13.03008820766572,36332,True,"27/29 °C and 1000/1200 ppm are illustrative experiment targets, not universal regulatory limits.",False
20,120,8,0.04,baseline,29.932551725408587,28.805289591464348,25.937279980570793,600.0,456.3990804729259,2.007617625655257,38.33355742418471,46.90831754759659,37.38792797306741,10.55,59.730932082731805,3362.5,1992.5,0.0,0.0,15094.001177228174,15292.379095470611,5.615688200235947,10.648210395606863,13.03008820766572,36332,True,"27/29 °C and 1000/1200 ppm are illustrative experiment targets, not universal regulatory limits.",False
20,120,8,0.06,baseline,29.932551725408587,28.805289591464348,25.937279980570793,600.0,456.3990804729259,2.007617625655257,38.33355742418471,46.90831754759659,37.38792797306741,10.55,59.730932082731805,3362.5,1992.5,0.0,0.0,15094.001177228174,15292.379095470611,5.615688200235947,10.648210395606863,13.03008820766572,36332,True,"27/29 °C and 1000/1200 ppm are illustrative experiment targets, not universal regulatory limits.",False
20,120,8,0.08,baseline,29.932551725408587,28.805289591464348,25.937279980570793,600.0,456.3990804729259,2.007617625655257,38.33355742418471,46.90831754759659,37.38792797306741,10.55,59.730932082731805,3362.5,1992.5,0.0,0.0,15094.001177228174,15292.379095470611,5.615688200235947,10.648210395606863,13.03008820766572,36332,True,"27/29 °C and 1000/1200 ppm are illustrative experiment targets, not universal regulatory limits.",False
25,50,0,0.0,baseline,29.76458463752141,28.67154720499704,25.922004708650945,600.0,463.4192956592199,2.1554078364861198,25.0,25.0,9.375,10.55,59.730932082731805,3407.5,1607.5,0.0,0.0,15102.321964880612,15292.379095470611,6.944444444444445,6.944444444444445,6.944444444444445,38534,True,"27/29 °C and 1000/1200 ppm are illustrative experiment targets, not universal regulatory limits.",False
25,50,0,0.02,baseline,29.76458463752141,28.67154720499704,25.922004708650945,600.0,463.4192956592199,2.1554078364861198,25.0,25.0,9.375,10.55,59.730932082731805,3407.5,1607.5,0.0,0.0,15102.321964880612,15292.379095470611,6.944444444444445,6.944444444444445,6.944444444444445,38534,True,"27/29 °C and 1000/1200 ppm are illustrative experiment targets, not universal regulatory limits.",False
25,50,0,0.04,baseline,29.76458463752141,28.67154720499704,25.922004708650945,600.0,463.4192956592199,2.1554078364861198,25.0,25.0,9.375,10.55,59.730932082731805,3407.5,1607.5,0.0,0.0,15102.321964880612,15292.379095470611,6.944444444444445,6.944444444444445,6.944444444444445,38534,True,"27/29 °C and 1000/1200 ppm are illustrative experiment targets, not universal regulatory limits.",False
25,50,0,0.06,baseline,29.76458463752141,28.67154720499704,25.922004708650945,600.0,463.4192956592199,2.1554078364861198,25.0,25.0,9.375,10.55,59.730932082731805,3407.5,1607.5,0.0,0.0,15102.321964880612,15292.379095470611,6.944444444444445,6.944444444444445,6.944444444444445,38534,True,"27/29 °C and 1000/1200 ppm are illustrative experiment targets, not universal regulatory limits.",False
25,50,0,0.08,baseline,29.76458463752141,28.67154720499704,25.922004708650945,600.0,463.4192956592199,2.1554078364861198,25.0,25.0,9.375,10.55,59.730932082731805,3407.5,1607.5,0.0,0.0,15102.321964880612,15292.379095470611,6.944444444444445,6.944444444444445,6.944444444444445,38534,True,"27/29 °C and 1000/1200 ppm are illustrative experiment targets, not universal regulatory limits.",False
25,50,2,0.0,baseline,29.825062879062557,28.73407793681024,25.929052391450966,600.0,459.5334574670721,2.0776011460693553,29.43076554497043,31.53709070502445,15.457264653075354,10.55,59.730932082731805,3407.5,1747.5,0.0,0.0,15099.312018471961,15292.379095470611,6.944444444444445,8.175212651380674,8.760302973617902,37112,True,"27/29 °C and 1000/1200 ppm are illustrative experiment targets, not universal regulatory limits.",False
25,50,2,0.02,baseline,29.825062879062557,28.73407793681024,25.929052391450966,600.0,459.5334574670721,2.0776011460693553,29.43076554497043,31.53709070502445,15.457264653075354,10.55,59.730932082731805,3407.5,1747.5,0.0,0.0,15099.312018471961,15292.379095470611,6.944444444444445,8.175212651380674,8.760302973617902,37112,True,"27/29 °C and 1000/1200 ppm are illustrative experiment targets, not universal regulatory limits.",False
25,50,2,0.04,baseline,29.825062879062557,28.73407793681024,25.929052391450966,600.0,459.5334574670721,2.0776011460693553,29.43076554497043,31.53709070502445,15.457264653075354,10.55,59.730932082731805,3407.5,1747.5,0.0,0.0,15099.312018471961,15292.379095470611,6.944444444444445,8.175212651380674,8.760302973617902,37112,True,"27/29 °C and 1000/1200 ppm are illustrative experiment targets, not universal regulatory limits.",False
25,50,2,0.06,baseline,29.825062879062557,28.73407793681024,25.929052391450966,600.0,459.5334574670721,2.0776011460693553,29.43076554497043,31.53709070502445,15.457264653075354,10.55,59.730932082731805,3407.5,1747.5,0.0,0.0,15099.312018471961,15292.379095470611,6.944444444444445,8.175212651380674,8.760302973617902,37112,True,"27/29 °C and 1000/1200 ppm are illustrative experiment targets, not universal regulatory limits.",False
25,50,2,0.08,baseline,29.825062879062557,28.73407793681024,25.929052391450966,600.0,459.5334574670721,2.0776011460693553,29.43076554497043,31.53709070502445,15.457264653075354,10.55,59.730932082731805,3407.5,1747.5,0.0,0.0,15099.312018471961,15292.379095470611,6.944444444444445,8.175212651380674,8.760302973617902,37112,True,"27/29 °C and 1000/1200 ppm are illustrative experiment targets, not universal regulatory limits.",False
25,50,4,0.0,baseline,29.88128256759643,28.792580450974565,25.935633419698547,600.0,456.3579818135215,1.9972972802061122,34.09388047462151,38.278995348298714,24.530142043362208,10.55,59.730932082731805,3412.5,1867.5,0.0,0.0,15096.51371065655,15292.379095470611,6.944444444444445,9.47052235406153,10.633054263416309,36020,True,"27/29 °C and 1000/1200 ppm are illustrative experiment targets, not universal regulatory limits.",False
25,50,4,0.02,baseline,29.88128256759643,28.792580450974565,25.935633419698547,600.0,456.3579818135215,1.9972972802061122,34.09388047462151,38.278995348298714,24.530142043362208,10.55,59.730932082731805,3412.5,1867.5,0.0,0.0,15096.51371065655,15292.379095470611,6.944444444444445,9.47052235406153,10.633054263416309,36020,True,"27/29 °C and 1000/1200 ppm are illustrative experiment targets, not universal regulatory limits.",False
25,50,4,0.04,baseline,29.88128256759643,28.792580450974565,25.935633419698547,600.0,456.3579818135215,1.9972972802061122,34.09388047462151,38.278995348298714,24.530142043362208,10.55,59.730932082731805,3412.5,1867.5,0.0,0.0,15096.51371065655,15292.379095470611,6.944444444444445,9.47052235406153,10.633054263416309,36020,True,"27/29 °C and 1000/1200 ppm are illustrative experiment targets, not universal regulatory limits.",False
25,50,4,0.06,baseline,29.88128256759643,28.792580450974565,25.935633419698547,600.0,456.3579818135215,1.9972972802061122,34.09388047462151,38.278995348298714,24.530142043362208,10.55,59.730932082731805,3412.5,1867.5,0.0,0.0,15096.51371065655,15292.379095470611,6.944444444444445,9.47052235406153,10.633054263416309,36020,True,"27/29 °C and 1000/1200 ppm are illustrative experiment targets, not universal regulatory limits.",False
25,50,4,0.08,baseline,29.88128256759643,28.792580450974565,25.935633419698547,600.0,456.3579818135215,1.9972972802061122,34.09388047462151,38.278995348298714,24.530142043362208,10.55,59.730932082731805,3412.5,1867.5,0.0,0.0,15096.51371065655,15292.379095470611,6.944444444444445,9.47052235406153,10.633054263416309,36020,True,"27/29 °C and 1000/1200 ppm are illustrative experiment targets, not universal regulatory limits.",False
25,50,6,0.0,baseline,29.932633083149142,28.846764829156676,25.94171670611246,600.0,453.72673080299785,1.9158530551212607,38.96382157024345,45.181410963617,37.42030503725619,10.55,59.730932082731805,3412.5,1997.5,0.0,0.0,15094.005023253545,15292.379095470611,6.944444444444445,10.823283769512066,12.550391934338053,34928,True,"27/29 °C and 1000/1200 ppm are illustrative experiment targets, not universal regulatory limits.",False
25,50,6,0.02,baseline,29.932633083149142,28.846764829156676,25.94171670611246,600.0,453.72673080299785,1.9158530551212607,38.96382157024345,45.181410963617,37.42030503725619,10.55,59.730932082731805,3412.5,1997.5,0.0,0.0,15094.005023253545,15292.379095470611,6.944444444444445,10.823283769512066,12.550391934338053,34928,True,"27/29 °C and 1000/1200 ppm are illustrative experiment targets, not universal regulatory limits.",False
25,50,6,0.04,baseline,29.932633083149142,28.846764829156676,25.94171670611246,600.0,453.72673080299785,1.9158530551212607,38.96382157024345,45.181410963617,37.42030503725619,10.55,59.730932082731805,3412.5,1997.5,0.0,0.0,15094.005023253545,15292.379095470611,6.944444444444445,10.823283769512066,12.550391934338053,34928,True,"27/29 °C and 1000/1200 ppm are illustrative experiment targets, not universal regulatory limits.",False
25,50,6,0.06,baseline,29.932633083149142,28.846764829156676,25.94171670611246,600.0,453.72673080299785,1.9158530551212607,38.96382157024345,45.181410963617,37.42030503725619,10.55,59.730932082731805,3412.5,1997.5,0.0,0.0,15094.005023253545,15292.379095470611,6.944444444444445,10.823283769512066,12.550391934338053,34928,True,"27/29 °C and 1000/1200 ppm are illustrative experiment targets, not universal regulatory limits.",False
25,50,6,0.08,baseline,29.932633083149142,28.846764829156676,25.94171670611246,600.0,453.72673080299785,1.9158530551212607,38.96382157024345,45.181410963617,37.42030503725619,10.55,59.730932082731805,3412.5,1997.5,0.0,0.0,15094.005023253545,15292.379095470611,6.944444444444445,10.823283769512066,12.550391934338053,34928,True,"27/29 °C and 1000/1200 ppm are illustrative experiment targets, not universal regulatory limits.",False
25,50,8,0.0,baseline,29.97991933767264,28.896867171173685,25.94732953291816,600.0,451.58094537102124,1.8327385985903675,43.73168317000931,49.99657861545361,53.70501220966169,10.55,59.730932082731805,3412.5,2137.5,0.0,0.0,15091.712268308835,15292.379095470611,6.944444444444445,12.147689769447032,13.88793850429267,33758,True,"27/29 °C and 1000/1200 ppm are illustrative experiment targets, not universal regulatory limits.",False
25,50,8,0.02,baseline,29.97991933767264,28.896867171173685,25.94732953291816,600.0,451.58094537102124,1.8327385985903675,43.73168317000931,49.99657861545361,53.70501220966169,10.55,59.730932082731805,3412.5,2137.5,0.0,0.0,15091.712268308835,15292.379095470611,6.944444444444445,12.147689769447032,13.88793850429267,33758,True,"27/29 °C and 1000/1200 ppm are illustrative experiment targets, not universal regulatory limits.",False
25,50,8,0.04,baseline,29.97991933767264,28.896867171173685,25.94732953291816,600.0,451.58094537102124,1.8327385985903675,43.73168317000931,49.99657861545361,53.70501220966169,10.55,59.730932082731805,3412.5,2137.5,0.0,0.0,15091.712268308835,15292.379095470611,6.944444444444445,12.147689769447032,13.88793850429267,33758,True,"27/29 °C and 1000/1200 ppm are illustrative experiment targets, not universal regulatory limits.",False
25,50,8,0.06,baseline,29.97991933767264,28.896867171173685,25.94732953291816,600.0,451.58094537102124,1.8327385985903675,43.73168317000931,49.99657861545361,53.70501220966169,10.55,59.730932082731805,3412.5,2137.5,0.0,0.0,15091.712268308835,15292.379095470611,6.944444444444445,12.147689769447032,13.88793850429267,33758,True,"27/29 °C and 1000/1200 ppm are illustrative experiment targets, not universal regulatory limits.",False
25,50,8,0.08,baseline,29.97991933767264,28.896867171173685,25.94732953291816,600.0,451.58094537102124,1.8327385985903675,43.73168317000931,49.99657861545361,53.70501220966169,10.55,59.730932082731805,3412.5,2137.5,0.0,0.0,15091.712268308835,15292.379095470611,6.944444444444445,12.147689769447032,13.88793850429267,33758,True,"27/29 °C and 1000/1200 ppm are illustrative experiment targets, not universal regulatory limits.",False
25,60,0,0.0,baseline,29.76458463752141,28.67154720499704,25.922004708650945,600.0,463.4192956592199,2.1554078364861198,25.0,25.0,9.375,10.55,59.730932082731805,3407.5,1607.5,0.0,0.0,15102.321964880612,15292.379095470611,6.944444444444445,6.944444444444445,6.944444444444445,38534,True,"27/29 °C and 1000/1200 ppm are illustrative experiment targets, not universal regulatory limits.",False
25,60,0,0.02,baseline,29.76458463752141,28.67154720499704,25.922004708650945,600.0,463.4192956592199,2.1554078364861198,25.0,25.0,9.375,10.55,59.730932082731805,3407.5,1607.5,0.0,0.0,15102.321964880612,15292.379095470611,6.944444444444445,6.944444444444445,6.944444444444445,38534,True,"27/29 °C and 1000/1200 ppm are illustrative experiment targets, not universal regulatory limits.",False
25,60,0,0.04,baseline,29.76458463752141,28.67154720499704,25.922004708650945,600.0,463.4192956592199,2.1554078364861198,25.0,25.0,9.375,10.55,59.730932082731805,3407.5,1607.5,0.0,0.0,15102.321964880612,15292.379095470611,6.944444444444445,6.944444444444445,6.944444444444445,38534,True,"27/29 °C and 1000/1200 ppm are illustrative experiment targets, not universal regulatory limits.",False
25,60,0,0.06,baseline,29.76458463752141,28.67154720499704,25.922004708650945,600.0,463.4192956592199,2.1554078364861198,25.0,25.0,9.375,10.55,59.730932082731805,3407.5,1607.5,0.0,0.0,15102.321964880612,15292.379095470611,6.944444444444445,6.944444444444445,6.944444444444445,38534,True,"27/29 °C and 1000/1200 ppm are illustrative experiment targets, not universal regulatory limits.",False
25,60,0,0.08,baseline,29.76458463752141,28.67154720499704,25.922004708650945,600.0,463.4192956592199,2.1554078364861198,25.0,25.0,9.375,10.55,59.730932082731805,3407.5,1607.5,0.0,0.0,15102.321964880612,15292.379095470611,6.944444444444445,6.944444444444445,6.944444444444445,38534,True,"27/29 °C and 1000/1200 ppm are illustrative experiment targets, not universal regulatory limits.",False
25,60,2,0.0,baseline,29.825062879062557,28.73407793681024,25.929052391450966,600.0,459.5334574670721,2.0776011460693553,29.43076554497043,31.53709070502445,15.457264653075354,10.55,59.730932082731805,3407.5,1747.5,0.0,0.0,15099.312018471961,15292.379095470611,6.944444444444445,8.175212651380674,8.760302973617902,37112,True,"27/29 °C and 1000/1200 ppm are illustrative experiment targets, not universal regulatory limits.",False
25,60,2,0.02,baseline,29.825062879062557,28.73407793681024,25.929052391450966,600.0,459.5334574670721,2.0776011460693553,29.43076554497043,31.53709070502445,15.457264653075354,10.55,59.730932082731805,3407.5,1747.5,0.0,0.0,15099.312018471961,15292.379095470611,6.944444444444445,8.175212651380674,8.760302973617902,37112,True,"27/29 °C and 1000/1200 ppm are illustrative experiment targets, not universal regulatory limits.",False
25,60,2,0.04,baseline,29.825062879062557,28.73407793681024,25.929052391450966,600.0,459.5334574670721,2.0776011460693553,29.43076554497043,31.53709070502445,15.457264653075354,10.55,59.730932082731805,3407.5,1747.5,0.0,0.0,15099.312018471961,15292.379095470611,6.944444444444445,8.175212651380674,8.760302973617902,37112,True,"27/29 °C and 1000/1200 ppm are illustrative experiment targets, not universal regulatory limits.",False
25,60,2,0.06,baseline,29.825062879062557,28.73407793681024,25.929052391450966,600.0,459.5334574670721,2.0776011460693553,29.43076554497043,31.53709070502445,15.457264653075354,10.55,59.730932082731805,3407.5,1747.5,0.0,0.0,15099.312018471961,15292.379095470611,6.944444444444445,8.175212651380674,8.760302973617902,37112,True,"27/29 °C and 1000/1200 ppm are illustrative experiment targets, not universal regulatory limits.",False
25,60,2,0.08,baseline,29.825062879062557,28.73407793681024,25.929052391450966,600.0,459.5334574670721,2.0776011460693553,29.43076554497043,31.53709070502445,15.457264653075354,10.55,59.730932082731805,3407.5,1747.5,0.0,0.0,15099.312018471961,15292.379095470611,6.944444444444445,8.175212651380674,8.760302973617902,37112,True,"27/29 °C and 1000/1200 ppm are illustrative experiment targets, not universal regulatory limits.",False
25,60,4,0.0,baseline,29.88128256759643,28.792580450974565,25.935633419698547,600.0,456.3579818135215,1.9972972802061122,34.09388047462151,38.278995348298714,24.530142043362208,10.55,59.730932082731805,3412.5,1867.5,0.0,0.0,15096.51371065655,15292.379095470611,6.944444444444445,9.47052235406153,10.633054263416309,36020,True,"27/29 °C and 1000/1200 ppm are illustrative experiment targets, not universal regulatory limits.",False
25,60,4,0.02,baseline,29.88128256759643,28.792580450974565,25.935633419698547,600.0,456.3579818135215,1.9972972802061122,34.09388047462151,38.278995348298714,24.530142043362208,10.55,59.730932082731805,3412.5,1867.5,0.0,0.0,15096.51371065655,15292.379095470611,6.944444444444445,9.47052235406153,10.633054263416309,36020,True,"27/29 °C and 1000/1200 ppm are illustrative experiment targets, not universal regulatory limits.",False
25,60,4,0.04,baseline,29.88128256759643,28.792580450974565,25.935633419698547,600.0,456.3579818135215,1.9972972802061122,34.09388047462151,38.278995348298714,24.530142043362208,10.55,59.730932082731805,3412.5,1867.5,0.0,0.0,15096.51371065655,15292.379095470611,6.944444444444445,9.47052235406153,10.633054263416309,36020,True,"27/29 °C and 1000/1200 ppm are illustrative experiment targets, not universal regulatory limits.",False
25,60,4,0.06,baseline,29.88128256759643,28.792580450974565,25.935633419698547,600.0,456.3579818135215,1.9972972802061122,34.09388047462151,38.278995348298714,24.530142043362208,10.55,59.730932082731805,3412.5,1867.5,0.0,0.0,15096.51371065655,15292.379095470611,6.944444444444445,9.47052235406153,10.633054263416309,36020,True,"27/29 °C and 1000/1200 ppm are illustrative experiment targets, not universal regulatory limits.",False
25,60,4,0.08,baseline,29.88128256759643,28.792580450974565,25.935633419698547,600.0,456.3579818135215,1.9972972802061122,34.09388047462151,38.278995348298714,24.530142043362208,10.55,59.730932082731805,3412.5,1867.5,0.0,0.0,15096.51371065655,15292.379095470611,6.944444444444445,9.47052235406153,10.633054263416309,36020,True,"27/29 °C and 1000/1200 ppm are illustrative experiment targets, not universal regulatory limits.",False
25,60,6,0.0,baseline,29.932633083149142,28.846764829156676,25.94171670611246,600.0,453.72673080299785,1.9158530551212607,38.96382157024345,45.181410963617,37.42030503725619,10.55,59.730932082731805,3412.5,1997.5,0.0,0.0,15094.005023253545,15292.379095470611,6.944444444444445,10.823283769512066,12.550391934338053,34928,True,"27/29 °C and 1000/1200 ppm are illustrative experiment targets, not universal regulatory limits.",False
25,60,6,0.02,baseline,29.932633083149142,28.846764829156676,25.94171670611246,600.0,453.72673080299785,1.9158530551212607,38.96382157024345,45.181410963617,37.42030503725619,10.55,59.730932082731805,3412.5,1997.5,0.0,0.0,15094.005023253545,15292.379095470611,6.944444444444445,10.823283769512066,12.550391934338053,34928,True,"27/29 °C and 1000/1200 ppm are illustrative experiment targets, not universal regulatory limits.",False
25,60,6,0.04,baseline,29.932633083149142,28.846764829156676,25.94171670611246,600.0,453.72673080299785,1.9158530551212607,38.96382157024345,45.181410963617,37.42030503725619,10.55,59.730932082731805,3412.5,1997.5,0.0,0.0,15094.005023253545,15292.379095470611,6.944444444444445,10.823283769512066,12.550391934338053,34928,True,"27/29 °C and 1000/1200 ppm are illustrative experiment targets, not universal regulatory limits.",False
25,60,6,0.06,baseline,29.932633083149142,28.846764829156676,25.94171670611246,600.0,453.72673080299785,1.9158530551212607,38.96382157024345,45.181410963617,37.42030503725619,10.55,59.730932082731805,3412.5,1997.5,0.0,0.0,15094.005023253545,15292.379095470611,6.944444444444445,10.823283769512066,12.550391934338053,34928,True,"27/29 °C and 1000/1200 ppm are illustrative experiment targets, not universal regulatory limits.",False
25,60,6,0.08,baseline,29.932633083149142,28.846764829156676,25.94171670611246,600.0,453.72673080299785,1.9158530551212607,38.96382157024345,45.181410963617,37.42030503725619,10.55,59.730932082731805,3412.5,1997.5,0.0,0.0,15094.005023253545,15292.379095470611,6.944444444444445,10.823283769512066,12.550391934338053,34928,True,"27/29 °C and 1000/1200 ppm are illustrative experiment targets, not universal regulatory limits.",False
25,60,8,0.0,baseline,29.980168630590413,28.897461051226365,25.94739824343924,600.0,451.5036101490826,1.8327385985903675,44.02157911407222,52.22575160978938,55.03619442053722,10.55,59.730932082731805,3412.5,2137.5,0.0,0.0,15091.712456283072,15292.379095470611,6.944444444444445,12.228216420575615,14.507153224941494,33758,True,"27/29 °C and 1000/1200 ppm are illustrative experiment targets, not universal regulatory limits.",False
25,60,8,0.02,baseline,29.980168630590413,28.897461051226365,25.94739824343924,600.0,451.5036101490826,1.8327385985903675,44.02157911407222,52.22575160978938,55.03619442053722,10.55,59.730932082731805,3412.5,2137.5,0.0,0.0,15091.712456283072,15292.379095470611,6.944444444444445,12.228216420575615,14.507153224941494,33758,True,"27/29 °C and 1000/1200 ppm are illustrative experiment targets, not universal regulatory limits.",False
25,60,8,0.04,baseline,29.980168630590413,28.897461051226365,25.94739824343924,600.0,451.5036101490826,1.8327385985903675,44.02157911407222,52.22575160978938,55.03619442053722,10.55,59.730932082731805,3412.5,2137.5,0.0,0.0,15091.712456283072,15292.379095470611,6.944444444444445,12.228216420575615,14.507153224941494,33758,True,"27/29 °C and 1000/1200 ppm are illustrative experiment targets, not universal regulatory limits.",False
25,60,8,0.06,baseline,29.980168630590413,28.897461051226365,25.94739824343924,600.0,451.5036101490826,1.8327385985903675,44.02157911407222,52.22575160978938,55.03619442053722,10.55,59.730932082731805,3412.5,2137.5,0.0,0.0,15091.712456283072,15292.379095470611,6.944444444444445,12.228216420575615,14.507153224941494,33758,True,"27/29 °C and 1000/1200 ppm are illustrative experiment targets, not universal regulatory limits.",False
25,60,8,0.08,baseline,29.980168630590413,28.897461051226365,25.94739824343924,600.0,451.5036101490826,1.8327385985903675,44.02157911407222,52.22575160978938,55.03619442053722,10.55,59.730932082731805,3412.5,2137.5,0.0,0.0,15091.712456283072,15292.379095470611,6.944444444444445,12.228216420575615,14.507153224941494,33758,True,"27/29 °C and 1000/1200 ppm are illustrative experiment targets, not universal regulatory limits.",False
25,70,0,0.0,baseline,29.76458463752141,28.67154720499704,25.922004708650945,600.0,463.4192956592199,2.1554078364861198,25.0,25.0,9.375,10.55,59.730932082731805,3407.5,1607.5,0.0,0.0,15102.321964880612,15292.379095470611,6.944444444444445,6.944444444444445,6.944444444444445,38534,True,"27/29 °C and 1000/1200 ppm are illustrative experiment targets, not universal regulatory limits.",False
25,70,0,0.02,baseline,29.76458463752141,28.67154720499704,25.922004708650945,600.0,463.4192956592199,2.1554078364861198,25.0,25.0,9.375,10.55,59.730932082731805,3407.5,1607.5,0.0,0.0,15102.321964880612,15292.379095470611,6.944444444444445,6.944444444444445,6.944444444444445,38534,True,"27/29 °C and 1000/1200 ppm are illustrative experiment targets, not universal regulatory limits.",False
25,70,0,0.04,baseline,29.76458463752141,28.67154720499704,25.922004708650945,600.0,463.4192956592199,2.1554078364861198,25.0,25.0,9.375,10.55,59.730932082731805,3407.5,1607.5,0.0,0.0,15102.321964880612,15292.379095470611,6.944444444444445,6.944444444444445,6.944444444444445,38534,True,"27/29 °C and 1000/1200 ppm are illustrative experiment targets, not universal regulatory limits.",False
25,70,0,0.06,baseline,29.76458463752141,28.67154720499704,25.922004708650945,600.0,463.4192956592199,2.1554078364861198,25.0,25.0,9.375,10.55,59.730932082731805,3407.5,1607.5,0.0,0.0,15102.321964880612,15292.379095470611,6.944444444444445,6.944444444444445,6.944444444444445,38534,True,"27/29 °C and 1000/1200 ppm are illustrative experiment targets, not universal regulatory limits.",False
25,70,0,0.08,baseline,29.76458463752141,28.67154720499704,25.922004708650945,600.0,463.4192956592199,2.1554078364861198,25.0,25.0,9.375,10.55,59.730932082731805,3407.5,1607.5,0.0,0.0,15102.321964880612,15292.379095470611,6.944444444444445,6.944444444444445,6.944444444444445,38534,True,"27/29 °C and 1000/1200 ppm are illustrative experiment targets, not universal regulatory limits.",False
25,70,2,0.0,baseline,29.825062879062557,28.73407793681024,25.929052391450966,600.0,459.5334574670721,2.0776011460693553,29.43076554497043,31.53709070502445,15.457264653075354,10.55,59.730932082731805,3407.5,1747.5,0.0,0.0,15099.312018471961,15292.379095470611,6.944444444444445,8.175212651380674,8.760302973617902,37112,True,"27/29 °C and 1000/1200 ppm are illustrative experiment targets, not universal regulatory limits.",False
25,70,2,0.02,baseline,29.825062879062557,28.73407793681024,25.929052391450966,600.0,459.5334574670721,2.0776011460693553,29.43076554497043,31.53709070502445,15.457264653075354,10.55,59.730932082731805,3407.5,1747.5,0.0,0.0,15099.312018471961,15292.379095470611,6.944444444444445,8.175212651380674,8.760302973617902,37112,True,"27/29 °C and 1000/1200 ppm are illustrative experiment targets, not universal regulatory limits.",False
25,70,2,0.04,baseline,29.825062879062557,28.73407793681024,25.929052391450966,600.0,459.5334574670721,2.0776011460693553,29.43076554497043,31.53709070502445,15.457264653075354,10.55,59.730932082731805,3407.5,1747.5,0.0,0.0,15099.312018471961,15292.379095470611,6.944444444444445,8.175212651380674,8.760302973617902,37112,True,"27/29 °C and 1000/1200 ppm are illustrative experiment targets, not universal regulatory limits.",False
25,70,2,0.06,baseline,29.825062879062557,28.73407793681024,25.929052391450966,600.0,459.5334574670721,2.0776011460693553,29.43076554497043,31.53709070502445,15.457264653075354,10.55,59.730932082731805,3407.5,1747.5,0.0,0.0,15099.312018471961,15292.379095470611,6.944444444444445,8.175212651380674,8.760302973617902,37112,True,"27/29 °C and 1000/1200 ppm are illustrative experiment targets, not universal regulatory limits.",False
25,70,2,0.08,baseline,29.825062879062557,28.73407793681024,25.929052391450966,600.0,459.5334574670721,2.0776011460693553,29.43076554497043,31.53709070502445,15.457264653075354,10.55,59.730932082731805,3407.5,1747.5,0.0,0.0,15099.312018471961,15292.379095470611,6.944444444444445,8.175212651380674,8.760302973617902,37112,True,"27/29 °C and 1000/1200 ppm are illustrative experiment targets, not universal regulatory limits.",False
25,70,4,0.0,baseline,29.88128256759643,28.792580450974565,25.935633419698547,600.0,456.3579818135215,1.9972972802061122,34.09388047462151,38.278995348298714,24.530142043362208,10.55,59.730932082731805,3412.5,1867.5,0.0,0.0,15096.51371065655,15292.379095470611,6.944444444444445,9.47052235406153,10.633054263416309,36020,True,"27/29 °C and 1000/1200 ppm are illustrative experiment targets, not universal regulatory limits.",False
25,70,4,0.02,baseline,29.88128256759643,28.792580450974565,25.935633419698547,600.0,456.3579818135215,1.9972972802061122,34.09388047462151,38.278995348298714,24.530142043362208,10.55,59.730932082731805,3412.5,1867.5,0.0,0.0,15096.51371065655,15292.379095470611,6.944444444444445,9.47052235406153,10.633054263416309,36020,True,"27/29 °C and 1000/1200 ppm are illustrative experiment targets, not universal regulatory limits.",False
25,70,4,0.04,baseline,29.88128256759643,28.792580450974565,25.935633419698547,600.0,456.3579818135215,1.9972972802061122,34.09388047462151,38.278995348298714,24.530142043362208,10.55,59.730932082731805,3412.5,1867.5,0.0,0.0,15096.51371065655,15292.379095470611,6.944444444444445,9.47052235406153,10.633054263416309,36020,True,"27/29 °C and 1000/1200 ppm are illustrative experiment targets, not universal regulatory limits.",False
25,70,4,0.06,baseline,29.88128256759643,28.792580450974565,25.935633419698547,600.0,456.3579818135215,1.9972972802061122,34.09388047462151,38.278995348298714,24.530142043362208,10.55,59.730932082731805,3412.5,1867.5,0.0,0.0,15096.51371065655,15292.379095470611,6.944444444444445,9.47052235406153,10.633054263416309,36020,True,"27/29 °C and 1000/1200 ppm are illustrative experiment targets, not universal regulatory limits.",False
25,70,4,0.08,baseline,29.88128256759643,28.792580450974565,25.935633419698547,600.0,456.3579818135215,1.9972972802061122,34.09388047462151,38.278995348298714,24.530142043362208,10.55,59.730932082731805,3412.5,1867.5,0.0,0.0,15096.51371065655,15292.379095470611,6.944444444444445,9.47052235406153,10.633054263416309,36020,True,"27/29 °C and 1000/1200 ppm are illustrative experiment targets, not universal regulatory limits.",False
25,70,6,0.0,baseline,29.932633083149142,28.846764829156676,25.94171670611246,600.0,453.72673080299785,1.9158530551212607,38.96382157024345,45.181410963617,37.42030503725619,10.55,59.730932082731805,3412.5,1997.5,0.0,0.0,15094.005023253545,15292.379095470611,6.944444444444445,10.823283769512066,12.550391934338053,34928,True,"27/29 °C and 1000/1200 ppm are illustrative experiment targets, not universal regulatory limits.",False
25,70,6,0.02,baseline,29.932633083149142,28.846764829156676,25.94171670611246,600.0,453.72673080299785,1.9158530551212607,38.96382157024345,45.181410963617,37.42030503725619,10.55,59.730932082731805,3412.5,1997.5,0.0,0.0,15094.005023253545,15292.379095470611,6.944444444444445,10.823283769512066,12.550391934338053,34928,True,"27/29 °C and 1000/1200 ppm are illustrative experiment targets, not universal regulatory limits.",False
25,70,6,0.04,baseline,29.932633083149142,28.846764829156676,25.94171670611246,600.0,453.72673080299785,1.9158530551212607,38.96382157024345,45.181410963617,37.42030503725619,10.55,59.730932082731805,3412.5,1997.5,0.0,0.0,15094.005023253545,15292.379095470611,6.944444444444445,10.823283769512066,12.550391934338053,34928,True,"27/29 °C and 1000/1200 ppm are illustrative experiment targets, not universal regulatory limits.",False
25,70,6,0.06,baseline,29.932633083149142,28.846764829156676,25.94171670611246,600.0,453.72673080299785,1.9158530551212607,38.96382157024345,45.181410963617,37.42030503725619,10.55,59.730932082731805,3412.5,1997.5,0.0,0.0,15094.005023253545,15292.379095470611,6.944444444444445,10.823283769512066,12.550391934338053,34928,True,"27/29 °C and 1000/1200 ppm are illustrative experiment targets, not universal regulatory limits.",False
25,70,6,0.08,baseline,29.932633083149142,28.846764829156676,25.94171670611246,600.0,453.72673080299785,1.9158530551212607,38.96382157024345,45.181410963617,37.42030503725619,10.55,59.730932082731805,3412.5,1997.5,0.0,0.0,15094.005023253545,15292.379095470611,6.944444444444445,10.823283769512066,12.550391934338053,34928,True,"27/29 °C and 1000/1200 ppm are illustrative experiment targets, not universal regulatory limits.",False
25,70,8,0.0,baseline,29.980168630590413,28.897461051226365,25.94739824343924,600.0,451.5036101490826,1.8327385985903675,44.02157911407222,52.22575160978938,55.03619442053722,10.55,59.730932082731805,3412.5,2137.5,0.0,0.0,15091.712456283072,15292.379095470611,6.944444444444445,12.228216420575615,14.507153224941494,33758,True,"27/29 °C and 1000/1200 ppm are illustrative experiment targets, not universal regulatory limits.",False
25,70,8,0.02,baseline,29.980168630590413,28.897461051226365,25.94739824343924,600.0,451.5036101490826,1.8327385985903675,44.02157911407222,52.22575160978938,55.03619442053722,10.55,59.730932082731805,3412.5,2137.5,0.0,0.0,15091.712456283072,15292.379095470611,6.944444444444445,12.228216420575615,14.507153224941494,33758,True,"27/29 °C and 1000/1200 ppm are illustrative experiment targets, not universal regulatory limits.",False
25,70,8,0.04,baseline,29.980168630590413,28.897461051226365,25.94739824343924,600.0,451.5036101490826,1.8327385985903675,44.02157911407222,52.22575160978938,55.03619442053722,10.55,59.730932082731805,3412.5,2137.5,0.0,0.0,15091.712456283072,15292.379095470611,6.944444444444445,12.228216420575615,14.507153224941494,33758,True,"27/29 °C and 1000/1200 ppm are illustrative experiment targets, not universal regulatory limits.",False
25,70,8,0.06,baseline,29.980168630590413,28.897461051226365,25.94739824343924,600.0,451.5036101490826,1.8327385985903675,44.02157911407222,52.22575160978938,55.03619442053722,10.55,59.730932082731805,3412.5,2137.5,0.0,0.0,15091.712456283072,15292.379095470611,6.944444444444445,12.228216420575615,14.507153224941494,33758,True,"27/29 °C and 1000/1200 ppm are illustrative experiment targets, not universal regulatory limits.",False
25,70,8,0.08,baseline,29.980168630590413,28.897461051226365,25.94739824343924,600.0,451.5036101490826,1.8327385985903675,44.02157911407222,52.22575160978938,55.03619442053722,10.55,59.730932082731805,3412.5,2137.5,0.0,0.0,15091.712456283072,15292.379095470611,6.944444444444445,12.228216420575615,14.507153224941494,33758,True,"27/29 °C and 1000/1200 ppm are illustrative experiment targets, not universal regulatory limits.",False
25,80,0,0.0,baseline,29.76458463752141,28.67154720499704,25.922004708650945,600.0,463.4192956592199,2.1554078364861198,25.0,25.0,9.375,10.55,59.730932082731805,3407.5,1607.5,0.0,0.0,15102.321964880612,15292.379095470611,6.944444444444445,6.944444444444445,6.944444444444445,38534,True,"27/29 °C and 1000/1200 ppm are illustrative experiment targets, not universal regulatory limits.",False
25,80,0,0.02,baseline,29.76458463752141,28.67154720499704,25.922004708650945,600.0,463.4192956592199,2.1554078364861198,25.0,25.0,9.375,10.55,59.730932082731805,3407.5,1607.5,0.0,0.0,15102.321964880612,15292.379095470611,6.944444444444445,6.944444444444445,6.944444444444445,38534,True,"27/29 °C and 1000/1200 ppm are illustrative experiment targets, not universal regulatory limits.",False
25,80,0,0.04,baseline,29.76458463752141,28.67154720499704,25.922004708650945,600.0,463.4192956592199,2.1554078364861198,25.0,25.0,9.375,10.55,59.730932082731805,3407.5,1607.5,0.0,0.0,15102.321964880612,15292.379095470611,6.944444444444445,6.944444444444445,6.944444444444445,38534,True,"27/29 °C and 1000/1200 ppm are illustrative experiment targets, not universal regulatory limits.",False
25,80,0,0.06,baseline,29.76458463752141,28.67154720499704,25.922004708650945,600.0,463.4192956592199,2.1554078364861198,25.0,25.0,9.375,10.55,59.730932082731805,3407.5,1607.5,0.0,0.0,15102.321964880612,15292.379095470611,6.944444444444445,6.944444444444445,6.944444444444445,38534,True,"27/29 °C and 1000/1200 ppm are illustrative experiment targets, not universal regulatory limits.",False
25,80,0,0.08,baseline,29.76458463752141,28.67154720499704,25.922004708650945,600.0,463.4192956592199,2.1554078364861198,25.0,25.0,9.375,10.55,59.730932082731805,3407.5,1607.5,0.0,0.0,15102.321964880612,15292.379095470611,6.944444444444445,6.944444444444445,6.944444444444445,38534,True,"27/29 °C and 1000/1200 ppm are illustrative experiment targets, not universal regulatory limits.",False
25,80,2,0.0,baseline,29.825062879062557,28.73407793681024,25.929052391450966,600.0,459.5334574670721,2.0776011460693553,29.43076554497043,31.53709070502445,15.457264653075354,10.55,59.730932082731805,3407.5,1747.5,0.0,0.0,15099.312018471961,15292.379095470611,6.944444444444445,8.175212651380674,8.760302973617902,37112,True,"27/29 °C and 1000/1200 ppm are illustrative experiment targets, not universal regulatory limits.",False
25,80,2,0.02,baseline,29.825062879062557,28.73407793681024,25.929052391450966,600.0,459.5334574670721,2.0776011460693553,29.43076554497043,31.53709070502445,15.457264653075354,10.55,59.730932082731805,3407.5,1747.5,0.0,0.0,15099.312018471961,15292.379095470611,6.944444444444445,8.175212651380674,8.760302973617902,37112,True,"27/29 °C and 1000/1200 ppm are illustrative experiment targets, not universal regulatory limits.",False
25,80,2,0.04,baseline,29.825062879062557,28.73407793681024,25.929052391450966,600.0,459.5334574670721,2.0776011460693553,29.43076554497043,31.53709070502445,15.457264653075354,10.55,59.730932082731805,3407.5,1747.5,0.0,0.0,15099.312018471961,15292.379095470611,6.944444444444445,8.175212651380674,8.760302973617902,37112,True,"27/29 °C and 1000/1200 ppm are illustrative experiment targets, not universal regulatory limits.",False
25,80,2,0.06,baseline,29.825062879062557,28.73407793681024,25.929052391450966,600.0,459.5334574670721,2.0776011460693553,29.43076554497043,31.53709070502445,15.457264653075354,10.55,59.730932082731805,3407.5,1747.5,0.0,0.0,15099.312018471961,15292.379095470611,6.944444444444445,8.175212651380674,8.760302973617902,37112,True,"27/29 °C and 1000/1200 ppm are illustrative experiment targets, not universal regulatory limits.",False
25,80,2,0.08,baseline,29.825062879062557,28.73407793681024,25.929052391450966,600.0,459.5334574670721,2.0776011460693553,29.43076554497043,31.53709070502445,15.457264653075354,10.55,59.730932082731805,3407.5,1747.5,0.0,0.0,15099.312018471961,15292.379095470611,6.944444444444445,8.175212651380674,8.760302973617902,37112,True,"27/29 °C and 1000/1200 ppm are illustrative experiment targets, not universal regulatory limits.",False
25,80,4,0.0,baseline,29.88128256759643,28.792580450974565,25.935633419698547,600.0,456.3579818135215,1.9972972802061122,34.09388047462151,38.278995348298714,24.530142043362208,10.55,59.730932082731805,3412.5,1867.5,0.0,0.0,15096.51371065655,15292.379095470611,6.944444444444445,9.47052235406153,10.633054263416309,36020,True,"27/29 °C and 1000/1200 ppm are illustrative experiment targets, not universal regulatory limits.",False
25,80,4,0.02,baseline,29.88128256759643,28.792580450974565,25.935633419698547,600.0,456.3579818135215,1.9972972802061122,34.09388047462151,38.278995348298714,24.530142043362208,10.55,59.730932082731805,3412.5,1867.5,0.0,0.0,15096.51371065655,15292.379095470611,6.944444444444445,9.47052235406153,10.633054263416309,36020,True,"27/29 °C and 1000/1200 ppm are illustrative experiment targets, not universal regulatory limits.",False
25,80,4,0.04,baseline,29.88128256759643,28.792580450974565,25.935633419698547,600.0,456.3579818135215,1.9972972802061122,34.09388047462151,38.278995348298714,24.530142043362208,10.55,59.730932082731805,3412.5,1867.5,0.0,0.0,15096.51371065655,15292.379095470611,6.944444444444445,9.47052235406153,10.633054263416309,36020,True,"27/29 °C and 1000/1200 ppm are illustrative experiment targets, not universal regulatory limits.",False
25,80,4,0.06,baseline,29.88128256759643,28.792580450974565,25.935633419698547,600.0,456.3579818135215,1.9972972802061122,34.09388047462151,38.278995348298714,24.530142043362208,10.55,59.730932082731805,3412.5,1867.5,0.0,0.0,15096.51371065655,15292.379095470611,6.944444444444445,9.47052235406153,10.633054263416309,36020,True,"27/29 °C and 1000/1200 ppm are illustrative experiment targets, not universal regulatory limits.",False
25,80,4,0.08,baseline,29.88128256759643,28.792580450974565,25.935633419698547,600.0,456.3579818135215,1.9972972802061122,34.09388047462151,38.278995348298714,24.530142043362208,10.55,59.730932082731805,3412.5,1867.5,0.0,0.0,15096.51371065655,15292.379095470611,6.944444444444445,9.47052235406153,10.633054263416309,36020,True,"27/29 °C and 1000/1200 ppm are illustrative experiment targets, not universal regulatory limits.",False
25,80,6,0.0,baseline,29.932633083149142,28.846764829156676,25.94171670611246,600.0,453.72673080299785,1.9158530551212607,38.96382157024345,45.181410963617,37.42030503725619,10.55,59.730932082731805,3412.5,1997.5,0.0,0.0,15094.005023253545,15292.379095470611,6.944444444444445,10.823283769512066,12.550391934338053,34928,True,"27/29 °C and 1000/1200 ppm are illustrative experiment targets, not universal regulatory limits.",False
25,80,6,0.02,baseline,29.932633083149142,28.846764829156676,25.94171670611246,600.0,453.72673080299785,1.9158530551212607,38.96382157024345,45.181410963617,37.42030503725619,10.55,59.730932082731805,3412.5,1997.5,0.0,0.0,15094.005023253545,15292.379095470611,6.944444444444445,10.823283769512066,12.550391934338053,34928,True,"27/29 °C and 1000/1200 ppm are illustrative experiment targets, not universal regulatory limits.",False
25,80,6,0.04,baseline,29.932633083149142,28.846764829156676,25.94171670611246,600.0,453.72673080299785,1.9158530551212607,38.96382157024345,45.181410963617,37.42030503725619,10.55,59.730932082731805,3412.5,1997.5,0.0,0.0,15094.005023253545,15292.379095470611,6.944444444444445,10.823283769512066,12.550391934338053,34928,True,"27/29 °C and 1000/1200 ppm are illustrative experiment targets, not universal regulatory limits.",False
25,80,6,0.06,baseline,29.932633083149142,28.846764829156676,25.94171670611246,600.0,453.72673080299785,1.9158530551212607,38.96382157024345,45.181410963617,37.42030503725619,10.55,59.730932082731805,3412.5,1997.5,0.0,0.0,15094.005023253545,15292.379095470611,6.944444444444445,10.823283769512066,12.550391934338053,34928,True,"27/29 °C and 1000/1200 ppm are illustrative experiment targets, not universal regulatory limits.",False
25,80,6,0.08,baseline,29.932633083149142,28.846764829156676,25.94171670611246,600.0,453.72673080299785,1.9158530551212607,38.96382157024345,45.181410963617,37.42030503725619,10.55,59.730932082731805,3412.5,1997.5,0.0,0.0,15094.005023253545,15292.379095470611,6.944444444444445,10.823283769512066,12.550391934338053,34928,True,"27/29 °C and 1000/1200 ppm are illustrative experiment targets, not universal regulatory limits.",False
25,80,8,0.0,baseline,29.980168630590413,28.897461051226365,25.94739824343924,600.0,451.5036101490826,1.8327385985903675,44.02157911407222,52.22575160978938,55.03619442053722,10.55,59.730932082731805,3412.5,2137.5,0.0,0.0,15091.712456283072,15292.379095470611,6.944444444444445,12.228216420575615,14.507153224941494,33758,True,"27/29 °C and 1000/1200 ppm are illustrative experiment targets, not universal regulatory limits.",False
25,80,8,0.02,baseline,29.980168630590413,28.897461051226365,25.94739824343924,600.0,451.5036101490826,1.8327385985903675,44.02157911407222,52.22575160978938,55.03619442053722,10.55,59.730932082731805,3412.5,2137.5,0.0,0.0,15091.712456283072,15292.379095470611,6.944444444444445,12.228216420575615,14.507153224941494,33758,True,"27/29 °C and 1000/1200 ppm are illustrative experiment targets, not universal regulatory limits.",False
25,80,8,0.04,baseline,29.980168630590413,28.897461051226365,25.94739824343924,600.0,451.5036101490826,1.8327385985903675,44.02157911407222,52.22575160978938,55.03619442053722,10.55,59.730932082731805,3412.5,2137.5,0.0,0.0,15091.712456283072,15292.379095470611,6.944444444444445,12.228216420575615,14.507153224941494,33758,True,"27/29 °C and 1000/1200 ppm are illustrative experiment targets, not universal regulatory limits.",False
25,80,8,0.06,baseline,29.980168630590413,28.897461051226365,25.94739824343924,600.0,451.5036101490826,1.8327385985903675,44.02157911407222,52.22575160978938,55.03619442053722,10.55,59.730932082731805,3412.5,2137.5,0.0,0.0,15091.712456283072,15292.379095470611,6.944444444444445,12.228216420575615,14.507153224941494,33758,True,"27/29 °C and 1000/1200 ppm are illustrative experiment targets, not universal regulatory limits.",False
25,80,8,0.08,baseline,29.980168630590413,28.897461051226365,25.94739824343924,600.0,451.5036101490826,1.8327385985903675,44.02157911407222,52.22575160978938,55.03619442053722,10.55,59.730932082731805,3412.5,2137.5,0.0,0.0,15091.712456283072,15292.379095470611,6.944444444444445,12.228216420575615,14.507153224941494,33758,True,"27/29 °C and 1000/1200 ppm are illustrative experiment targets, not universal regulatory limits.",False
25,90,0,0.0,baseline,29.76458463752141,28.67154720499704,25.922004708650945,600.0,463.4192956592199,2.1554078364861198,25.0,25.0,9.375,10.55,59.730932082731805,3407.5,1607.5,0.0,0.0,15102.321964880612,15292.379095470611,6.944444444444445,6.944444444444445,6.944444444444445,38534,True,"27/29 °C and 1000/1200 ppm are illustrative experiment targets, not universal regulatory limits.",False
25,90,0,0.02,baseline,29.76458463752141,28.67154720499704,25.922004708650945,600.0,463.4192956592199,2.1554078364861198,25.0,25.0,9.375,10.55,59.730932082731805,3407.5,1607.5,0.0,0.0,15102.321964880612,15292.379095470611,6.944444444444445,6.944444444444445,6.944444444444445,38534,True,"27/29 °C and 1000/1200 ppm are illustrative experiment targets, not universal regulatory limits.",False
25,90,0,0.04,baseline,29.76458463752141,28.67154720499704,25.922004708650945,600.0,463.4192956592199,2.1554078364861198,25.0,25.0,9.375,10.55,59.730932082731805,3407.5,1607.5,0.0,0.0,15102.321964880612,15292.379095470611,6.944444444444445,6.944444444444445,6.944444444444445,38534,True,"27/29 °C and 1000/1200 ppm are illustrative experiment targets, not universal regulatory limits.",False
25,90,0,0.06,baseline,29.76458463752141,28.67154720499704,25.922004708650945,600.0,463.4192956592199,2.1554078364861198,25.0,25.0,9.375,10.55,59.730932082731805,3407.5,1607.5,0.0,0.0,15102.321964880612,15292.379095470611,6.944444444444445,6.944444444444445,6.944444444444445,38534,True,"27/29 °C and 1000/1200 ppm are illustrative experiment targets, not universal regulatory limits.",False
25,90,0,0.08,baseline,29.76458463752141,28.67154720499704,25.922004708650945,600.0,463.4192956592199,2.1554078364861198,25.0,25.0,9.375,10.55,59.730932082731805,3407.5,1607.5,0.0,0.0,15102.321964880612,15292.379095470611,6.944444444444445,6.944444444444445,6.944444444444445,38534,True,"27/29 °C and 1000/1200 ppm are illustrative experiment targets, not universal regulatory limits.",False
25,90,2,0.0,baseline,29.825062879062557,28.73407793681024,25.929052391450966,600.0,459.5334574670721,2.0776011460693553,29.43076554497043,31.53709070502445,15.457264653075354,10.55,59.730932082731805,3407.5,1747.5,0.0,0.0,15099.312018471961,15292.379095470611,6.944444444444445,8.175212651380674,8.760302973617902,37112,True,"27/29 °C and 1000/1200 ppm are illustrative experiment targets, not universal regulatory limits.",False
25,90,2,0.02,baseline,29.825062879062557,28.73407793681024,25.929052391450966,600.0,459.5334574670721,2.0776011460693553,29.43076554497043,31.53709070502445,15.457264653075354,10.55,59.730932082731805,3407.5,1747.5,0.0,0.0,15099.312018471961,15292.379095470611,6.944444444444445,8.175212651380674,8.760302973617902,37112,True,"27/29 °C and 1000/1200 ppm are illustrative experiment targets, not universal regulatory limits.",False
25,90,2,0.04,baseline,29.825062879062557,28.73407793681024,25.929052391450966,600.0,459.5334574670721,2.0776011460693553,29.43076554497043,31.53709070502445,15.457264653075354,10.55,59.730932082731805,3407.5,1747.5,0.0,0.0,15099.312018471961,15292.379095470611,6.944444444444445,8.175212651380674,8.760302973617902,37112,True,"27/29 °C and 1000/1200 ppm are illustrative experiment targets, not universal regulatory limits.",False
25,90,2,0.06,baseline,29.825062879062557,28.73407793681024,25.929052391450966,600.0,459.5334574670721,2.0776011460693553,29.43076554497043,31.53709070502445,15.457264653075354,10.55,59.730932082731805,3407.5,1747.5,0.0,0.0,15099.312018471961,15292.379095470611,6.944444444444445,8.175212651380674,8.760302973617902,37112,True,"27/29 °C and 1000/1200 ppm are illustrative experiment targets, not universal regulatory limits.",False
25,90,2,0.08,baseline,29.825062879062557,28.73407793681024,25.929052391450966,600.0,459.5334574670721,2.0776011460693553,29.43076554497043,31.53709070502445,15.457264653075354,10.55,59.730932082731805,3407.5,1747.5,0.0,0.0,15099.312018471961,15292.379095470611,6.944444444444445,8.175212651380674,8.760302973617902,37112,True,"27/29 °C and 1000/1200 ppm are illustrative experiment targets, not universal regulatory limits.",False
25,90,4,0.0,baseline,29.88128256759643,28.792580450974565,25.935633419698547,600.0,456.3579818135215,1.9972972802061122,34.09388047462151,38.278995348298714,24.530142043362208,10.55,59.730932082731805,3412.5,1867.5,0.0,0.0,15096.51371065655,15292.379095470611,6.944444444444445,9.47052235406153,10.633054263416309,36020,True,"27/29 °C and 1000/1200 ppm are illustrative experiment targets, not universal regulatory limits.",False
25,90,4,0.02,baseline,29.88128256759643,28.792580450974565,25.935633419698547,600.0,456.3579818135215,1.9972972802061122,34.09388047462151,38.278995348298714,24.530142043362208,10.55,59.730932082731805,3412.5,1867.5,0.0,0.0,15096.51371065655,15292.379095470611,6.944444444444445,9.47052235406153,10.633054263416309,36020,True,"27/29 °C and 1000/1200 ppm are illustrative experiment targets, not universal regulatory limits.",False
25,90,4,0.04,baseline,29.88128256759643,28.792580450974565,25.935633419698547,600.0,456.3579818135215,1.9972972802061122,34.09388047462151,38.278995348298714,24.530142043362208,10.55,59.730932082731805,3412.5,1867.5,0.0,0.0,15096.51371065655,15292.379095470611,6.944444444444445,9.47052235406153,10.633054263416309,36020,True,"27/29 °C and 1000/1200 ppm are illustrative experiment targets, not universal regulatory limits.",False
25,90,4,0.06,baseline,29.88128256759643,28.792580450974565,25.935633419698547,600.0,456.3579818135215,1.9972972802061122,34.09388047462151,38.278995348298714,24.530142043362208,10.55,59.730932082731805,3412.5,1867.5,0.0,0.0,15096.51371065655,15292.379095470611,6.944444444444445,9.47052235406153,10.633054263416309,36020,True,"27/29 °C and 1000/1200 ppm are illustrative experiment targets, not universal regulatory limits.",False
25,90,4,0.08,baseline,29.88128256759643,28.792580450974565,25.935633419698547,600.0,456.3579818135215,1.9972972802061122,34.09388047462151,38.278995348298714,24.530142043362208,10.55,59.730932082731805,3412.5,1867.5,0.0,0.0,15096.51371065655,15292.379095470611,6.944444444444445,9.47052235406153,10.633054263416309,36020,True,"27/29 °C and 1000/1200 ppm are illustrative experiment targets, not universal regulatory limits.",False
25,90,6,0.0,baseline,29.932633083149142,28.846764829156676,25.94171670611246,600.0,453.72673080299785,1.9158530551212607,38.96382157024345,45.181410963617,37.42030503725619,10.55,59.730932082731805,3412.5,1997.5,0.0,0.0,15094.005023253545,15292.379095470611,6.944444444444445,10.823283769512066,12.550391934338053,34928,True,"27/29 °C and 1000/1200 ppm are illustrative experiment targets, not universal regulatory limits.",False
25,90,6,0.02,baseline,29.932633083149142,28.846764829156676,25.94171670611246,600.0,453.72673080299785,1.9158530551212607,38.96382157024345,45.181410963617,37.42030503725619,10.55,59.730932082731805,3412.5,1997.5,0.0,0.0,15094.005023253545,15292.379095470611,6.944444444444445,10.823283769512066,12.550391934338053,34928,True,"27/29 °C and 1000/1200 ppm are illustrative experiment targets, not universal regulatory limits.",False
25,90,6,0.04,baseline,29.932633083149142,28.846764829156676,25.94171670611246,600.0,453.72673080299785,1.9158530551212607,38.96382157024345,45.181410963617,37.42030503725619,10.55,59.730932082731805,3412.5,1997.5,0.0,0.0,15094.005023253545,15292.379095470611,6.944444444444445,10.823283769512066,12.550391934338053,34928,True,"27/29 °C and 1000/1200 ppm are illustrative experiment targets, not universal regulatory limits.",False
25,90,6,0.06,baseline,29.932633083149142,28.846764829156676,25.94171670611246,600.0,453.72673080299785,1.9158530551212607,38.96382157024345,45.181410963617,37.42030503725619,10.55,59.730932082731805,3412.5,1997.5,0.0,0.0,15094.005023253545,15292.379095470611,6.944444444444445,10.823283769512066,12.550391934338053,34928,True,"27/29 °C and 1000/1200 ppm are illustrative experiment targets, not universal regulatory limits.",False
25,90,6,0.08,baseline,29.932633083149142,28.846764829156676,25.94171670611246,600.0,453.72673080299785,1.9158530551212607,38.96382157024345,45.181410963617,37.42030503725619,10.55,59.730932082731805,3412.5,1997.5,0.0,0.0,15094.005023253545,15292.379095470611,6.944444444444445,10.823283769512066,12.550391934338053,34928,True,"27/29 °C and 1000/1200 ppm are illustrative experiment targets, not universal regulatory limits.",False
25,90,8,0.0,baseline,29.980168630590413,28.897461051226365,25.94739824343924,600.0,451.5036101490826,1.8327385985903675,44.02157911407222,52.22575160978938,55.03619442053722,10.55,59.730932082731805,3412.5,2137.5,0.0,0.0,15091.712456283072,15292.379095470611,6.944444444444445,12.228216420575615,14.507153224941494,33758,True,"27/29 °C and 1000/1200 ppm are illustrative experiment targets, not universal regulatory limits.",False
25,90,8,0.02,baseline,29.980168630590413,28.897461051226365,25.94739824343924,600.0,451.5036101490826,1.8327385985903675,44.02157911407222,52.22575160978938,55.03619442053722,10.55,59.730932082731805,3412.5,2137.5,0.0,0.0,15091.712456283072,15292.379095470611,6.944444444444445,12.228216420575615,14.507153224941494,33758,True,"27/29 °C and 1000/1200 ppm are illustrative experiment targets, not universal regulatory limits.",False
25,90,8,0.04,baseline,29.980168630590413,28.897461051226365,25.94739824343924,600.0,451.5036101490826,1.8327385985903675,44.02157911407222,52.22575160978938,55.03619442053722,10.55,59.730932082731805,3412.5,2137.5,0.0,0.0,15091.712456283072,15292.379095470611,6.944444444444445,12.228216420575615,14.507153224941494,33758,True,"27/29 °C and 1000/1200 ppm are illustrative experiment targets, not universal regulatory limits.",False
25,90,8,0.06,baseline,29.980168630590413,28.897461051226365,25.94739824343924,600.0,451.5036101490826,1.8327385985903675,44.02157911407222,52.22575160978938,55.03619442053722,10.55,59.730932082731805,3412.5,2137.5,0.0,0.0,15091.712456283072,15292.379095470611,6.944444444444445,12.228216420575615,14.507153224941494,33758,True,"27/29 °C and 1000/1200 ppm are illustrative experiment targets, not universal regulatory limits.",False
25,90,8,0.08,baseline,29.980168630590413,28.897461051226365,25.94739824343924,600.0,451.5036101490826,1.8327385985903675,44.02157911407222,52.22575160978938,55.03619442053722,10.55,59.730932082731805,3412.5,2137.5,0.0,0.0,15091.712456283072,15292.379095470611,6.944444444444445,12.228216420575615,14.507153224941494,33758,True,"27/29 °C and 1000/1200 ppm are illustrative experiment targets, not universal regulatory limits.",False
25,100,0,0.0,baseline,29.76458463752141,28.67154720499704,25.922004708650945,600.0,463.4192956592199,2.1554078364861198,25.0,25.0,9.375,10.55,59.730932082731805,3407.5,1607.5,0.0,0.0,15102.321964880612,15292.379095470611,6.944444444444445,6.944444444444445,6.944444444444445,38534,True,"27/29 °C and 1000/1200 ppm are illustrative experiment targets, not universal regulatory limits.",False
25,100,0,0.02,baseline,29.76458463752141,28.67154720499704,25.922004708650945,600.0,463.4192956592199,2.1554078364861198,25.0,25.0,9.375,10.55,59.730932082731805,3407.5,1607.5,0.0,0.0,15102.321964880612,15292.379095470611,6.944444444444445,6.944444444444445,6.944444444444445,38534,True,"27/29 °C and 1000/1200 ppm are illustrative experiment targets, not universal regulatory limits.",False
25,100,0,0.04,baseline,29.76458463752141,28.67154720499704,25.922004708650945,600.0,463.4192956592199,2.1554078364861198,25.0,25.0,9.375,10.55,59.730932082731805,3407.5,1607.5,0.0,0.0,15102.321964880612,15292.379095470611,6.944444444444445,6.944444444444445,6.944444444444445,38534,True,"27/29 °C and 1000/1200 ppm are illustrative experiment targets, not universal regulatory limits.",False
25,100,0,0.06,baseline,29.76458463752141,28.67154720499704,25.922004708650945,600.0,463.4192956592199,2.1554078364861198,25.0,25.0,9.375,10.55,59.730932082731805,3407.5,1607.5,0.0,0.0,15102.321964880612,15292.379095470611,6.944444444444445,6.944444444444445,6.944444444444445,38534,True,"27/29 °C and 1000/1200 ppm are illustrative experiment targets, not universal regulatory limits.",False
25,100,0,0.08,baseline,29.76458463752141,28.67154720499704,25.922004708650945,600.0,463.4192956592199,2.1554078364861198,25.0,25.0,9.375,10.55,59.730932082731805,3407.5,1607.5,0.0,0.0,15102.321964880612,15292.379095470611,6.944444444444445,6.944444444444445,6.944444444444445,38534,True,"27/29 °C and 1000/1200 ppm are illustrative experiment targets, not universal regulatory limits.",False
25,100,2,0.0,baseline,29.825062879062557,28.73407793681024,25.929052391450966,600.0,459.5334574670721,2.0776011460693553,29.43076554497043,31.53709070502445,15.457264653075354,10.55,59.730932082731805,3407.5,1747.5,0.0,0.0,15099.312018471961,15292.379095470611,6.944444444444445,8.175212651380674,8.760302973617902,37112,True,"27/29 °C and 1000/1200 ppm are illustrative experiment targets, not universal regulatory limits.",False
25,100,2,0.02,baseline,29.825062879062557,28.73407793681024,25.929052391450966,600.0,459.5334574670721,2.0776011460693553,29.43076554497043,31.53709070502445,15.457264653075354,10.55,59.730932082731805,3407.5,1747.5,0.0,0.0,15099.312018471961,15292.379095470611,6.944444444444445,8.175212651380674,8.760302973617902,37112,True,"27/29 °C and 1000/1200 ppm are illustrative experiment targets, not universal regulatory limits.",False
25,100,2,0.04,baseline,29.825062879062557,28.73407793681024,25.929052391450966,600.0,459.5334574670721,2.0776011460693553,29.43076554497043,31.53709070502445,15.457264653075354,10.55,59.730932082731805,3407.5,1747.5,0.0,0.0,15099.312018471961,15292.379095470611,6.944444444444445,8.175212651380674,8.760302973617902,37112,True,"27/29 °C and 1000/1200 ppm are illustrative experiment targets, not universal regulatory limits.",False
25,100,2,0.06,baseline,29.825062879062557,28.73407793681024,25.929052391450966,600.0,459.5334574670721,2.0776011460693553,29.43076554497043,31.53709070502445,15.457264653075354,10.55,59.730932082731805,3407.5,1747.5,0.0,0.0,15099.312018471961,15292.379095470611,6.944444444444445,8.175212651380674,8.760302973617902,37112,True,"27/29 °C and 1000/1200 ppm are illustrative experiment targets, not universal regulatory limits.",False
25,100,2,0.08,baseline,29.825062879062557,28.73407793681024,25.929052391450966,600.0,459.5334574670721,2.0776011460693553,29.43076554497043,31.53709070502445,15.457264653075354,10.55,59.730932082731805,3407.5,1747.5,0.0,0.0,15099.312018471961,15292.379095470611,6.944444444444445,8.175212651380674,8.760302973617902,37112,True,"27/29 °C and 1000/1200 ppm are illustrative experiment targets, not universal regulatory limits.",False
25,100,4,0.0,baseline,29.88128256759643,28.792580450974565,25.935633419698547,600.0,456.3579818135215,1.9972972802061122,34.09388047462151,38.278995348298714,24.530142043362208,10.55,59.730932082731805,3412.5,1867.5,0.0,0.0,15096.51371065655,15292.379095470611,6.944444444444445,9.47052235406153,10.633054263416309,36020,True,"27/29 °C and 1000/1200 ppm are illustrative experiment targets, not universal regulatory limits.",False
25,100,4,0.02,baseline,29.88128256759643,28.792580450974565,25.935633419698547,600.0,456.3579818135215,1.9972972802061122,34.09388047462151,38.278995348298714,24.530142043362208,10.55,59.730932082731805,3412.5,1867.5,0.0,0.0,15096.51371065655,15292.379095470611,6.944444444444445,9.47052235406153,10.633054263416309,36020,True,"27/29 °C and 1000/1200 ppm are illustrative experiment targets, not universal regulatory limits.",False
25,100,4,0.04,baseline,29.88128256759643,28.792580450974565,25.935633419698547,600.0,456.3579818135215,1.9972972802061122,34.09388047462151,38.278995348298714,24.530142043362208,10.55,59.730932082731805,3412.5,1867.5,0.0,0.0,15096.51371065655,15292.379095470611,6.944444444444445,9.47052235406153,10.633054263416309,36020,True,"27/29 °C and 1000/1200 ppm are illustrative experiment targets, not universal regulatory limits.",False
25,100,4,0.06,baseline,29.88128256759643,28.792580450974565,25.935633419698547,600.0,456.3579818135215,1.9972972802061122,34.09388047462151,38.278995348298714,24.530142043362208,10.55,59.730932082731805,3412.5,1867.5,0.0,0.0,15096.51371065655,15292.379095470611,6.944444444444445,9.47052235406153,10.633054263416309,36020,True,"27/29 °C and 1000/1200 ppm are illustrative experiment targets, not universal regulatory limits.",False
25,100,4,0.08,baseline,29.88128256759643,28.792580450974565,25.935633419698547,600.0,456.3579818135215,1.9972972802061122,34.09388047462151,38.278995348298714,24.530142043362208,10.55,59.730932082731805,3412.5,1867.5,0.0,0.0,15096.51371065655,15292.379095470611,6.944444444444445,9.47052235406153,10.633054263416309,36020,True,"27/29 °C and 1000/1200 ppm are illustrative experiment targets, not universal regulatory limits.",False
25,100,6,0.0,baseline,29.932633083149142,28.846764829156676,25.94171670611246,600.0,453.72673080299785,1.9158530551212607,38.96382157024345,45.181410963617,37.42030503725619,10.55,59.730932082731805,3412.5,1997.5,0.0,0.0,15094.005023253545,15292.379095470611,6.944444444444445,10.823283769512066,12.550391934338053,34928,True,"27/29 °C and 1000/1200 ppm are illustrative experiment targets, not universal regulatory limits.",False
25,100,6,0.02,baseline,29.932633083149142,28.846764829156676,25.94171670611246,600.0,453.72673080299785,1.9158530551212607,38.96382157024345,45.181410963617,37.42030503725619,10.55,59.730932082731805,3412.5,1997.5,0.0,0.0,15094.005023253545,15292.379095470611,6.944444444444445,10.823283769512066,12.550391934338053,34928,True,"27/29 °C and 1000/1200 ppm are illustrative experiment targets, not universal regulatory limits.",False
25,100,6,0.04,baseline,29.932633083149142,28.846764829156676,25.94171670611246,600.0,453.72673080299785,1.9158530551212607,38.96382157024345,45.181410963617,37.42030503725619,10.55,59.730932082731805,3412.5,1997.5,0.0,0.0,15094.005023253545,15292.379095470611,6.944444444444445,10.823283769512066,12.550391934338053,34928,True,"27/29 °C and 1000/1200 ppm are illustrative experiment targets, not universal regulatory limits.",False
25,100,6,0.06,baseline,29.932633083149142,28.846764829156676,25.94171670611246,600.0,453.72673080299785,1.9158530551212607,38.96382157024345,45.181410963617,37.42030503725619,10.55,59.730932082731805,3412.5,1997.5,0.0,0.0,15094.005023253545,15292.379095470611,6.944444444444445,10.823283769512066,12.550391934338053,34928,True,"27/29 °C and 1000/1200 ppm are illustrative experiment targets, not universal regulatory limits.",False
25,100,6,0.08,baseline,29.932633083149142,28.846764829156676,25.94171670611246,600.0,453.72673080299785,1.9158530551212607,38.96382157024345,45.181410963617,37.42030503725619,10.55,59.730932082731805,3412.5,1997.5,0.0,0.0,15094.005023253545,15292.379095470611,6.944444444444445,10.823283769512066,12.550391934338053,34928,True,"27/29 °C and 1000/1200 ppm are illustrative experiment targets, not universal regulatory limits.",False
25,100,8,0.0,baseline,29.980168630590413,28.897461051226365,25.94739824343924,600.0,451.5036101490826,1.8327385985903675,44.02157911407222,52.22575160978938,55.03619442053722,10.55,59.730932082731805,3412.5,2137.5,0.0,0.0,15091.712456283072,15292.379095470611,6.944444444444445,12.228216420575615,14.507153224941494,33758,True,"27/29 °C and 1000/1200 ppm are illustrative experiment targets, not universal regulatory limits.",False
25,100,8,0.02,baseline,29.980168630590413,28.897461051226365,25.94739824343924,600.0,451.5036101490826,1.8327385985903675,44.02157911407222,52.22575160978938,55.03619442053722,10.55,59.730932082731805,3412.5,2137.5,0.0,0.0,15091.712456283072,15292.379095470611,6.944444444444445,12.228216420575615,14.507153224941494,33758,True,"27/29 °C and 1000/1200 ppm are illustrative experiment targets, not universal regulatory limits.",False
25,100,8,0.04,baseline,29.980168630590413,28.897461051226365,25.94739824343924,600.0,451.5036101490826,1.8327385985903675,44.02157911407222,52.22575160978938,55.03619442053722,10.55,59.730932082731805,3412.5,2137.5,0.0,0.0,15091.712456283072,15292.379095470611,6.944444444444445,12.228216420575615,14.507153224941494,33758,True,"27/29 °C and 1000/1200 ppm are illustrative experiment targets, not universal regulatory limits.",False
25,100,8,0.06,baseline,29.980168630590413,28.897461051226365,25.94739824343924,600.0,451.5036101490826,1.8327385985903675,44.02157911407222,52.22575160978938,55.03619442053722,10.55,59.730932082731805,3412.5,2137.5,0.0,0.0,15091.712456283072,15292.379095470611,6.944444444444445,12.228216420575615,14.507153224941494,33758,True,"27/29 °C and 1000/1200 ppm are illustrative experiment targets, not universal regulatory limits.",False
25,100,8,0.08,baseline,29.980168630590413,28.897461051226365,25.94739824343924,600.0,451.5036101490826,1.8327385985903675,44.02157911407222,52.22575160978938,55.03619442053722,10.55,59.730932082731805,3412.5,2137.5,0.0,0.0,15091.712456283072,15292.379095470611,6.944444444444445,12.228216420575615,14.507153224941494,33758,True,"27/29 °C and 1000/1200 ppm are illustrative experiment targets, not universal regulatory limits.",False
25,110,0,0.0,baseline,29.76458463752141,28.67154720499704,25.922004708650945,600.0,463.4192956592199,2.1554078364861198,25.0,25.0,9.375,10.55,59.730932082731805,3407.5,1607.5,0.0,0.0,15102.321964880612,15292.379095470611,6.944444444444445,6.944444444444445,6.944444444444445,38534,True,"27/29 °C and 1000/1200 ppm are illustrative experiment targets, not universal regulatory limits.",False
25,110,0,0.02,baseline,29.76458463752141,28.67154720499704,25.922004708650945,600.0,463.4192956592199,2.1554078364861198,25.0,25.0,9.375,10.55,59.730932082731805,3407.5,1607.5,0.0,0.0,15102.321964880612,15292.379095470611,6.944444444444445,6.944444444444445,6.944444444444445,38534,True,"27/29 °C and 1000/1200 ppm are illustrative experiment targets, not universal regulatory limits.",False
25,110,0,0.04,baseline,29.76458463752141,28.67154720499704,25.922004708650945,600.0,463.4192956592199,2.1554078364861198,25.0,25.0,9.375,10.55,59.730932082731805,3407.5,1607.5,0.0,0.0,15102.321964880612,15292.379095470611,6.944444444444445,6.944444444444445,6.944444444444445,38534,True,"27/29 °C and 1000/1200 ppm are illustrative experiment targets, not universal regulatory limits.",False
25,110,0,0.06,baseline,29.76458463752141,28.67154720499704,25.922004708650945,600.0,463.4192956592199,2.1554078364861198,25.0,25.0,9.375,10.55,59.730932082731805,3407.5,1607.5,0.0,0.0,15102.321964880612,15292.379095470611,6.944444444444445,6.944444444444445,6.944444444444445,38534,True,"27/29 °C and 1000/1200 ppm are illustrative experiment targets, not universal regulatory limits.",False
25,110,0,0.08,baseline,29.76458463752141,28.67154720499704,25.922004708650945,600.0,463.4192956592199,2.1554078364861198,25.0,25.0,9.375,10.55,59.730932082731805,3407.5,1607.5,0.0,0.0,15102.321964880612,15292.379095470611,6.944444444444445,6.944444444444445,6.944444444444445,38534,True,"27/29 °C and 1000/1200 ppm are illustrative experiment targets, not universal regulatory limits.",False
25,110,2,0.0,baseline,29.825062879062557,28.73407793681024,25.929052391450966,600.0,459.5334574670721,2.0776011460693553,29.43076554497043,31.53709070502445,15.457264653075354,10.55,59.730932082731805,3407.5,1747.5,0.0,0.0,15099.312018471961,15292.379095470611,6.944444444444445,8.175212651380674,8.760302973617902,37112,True,"27/29 °C and 1000/1200 ppm are illustrative experiment targets, not universal regulatory limits.",False
25,110,2,0.02,baseline,29.825062879062557,28.73407793681024,25.929052391450966,600.0,459.5334574670721,2.0776011460693553,29.43076554497043,31.53709070502445,15.457264653075354,10.55,59.730932082731805,3407.5,1747.5,0.0,0.0,15099.312018471961,15292.379095470611,6.944444444444445,8.175212651380674,8.760302973617902,37112,True,"27/29 °C and 1000/1200 ppm are illustrative experiment targets, not universal regulatory limits.",False
25,110,2,0.04,baseline,29.825062879062557,28.73407793681024,25.929052391450966,600.0,459.5334574670721,2.0776011460693553,29.43076554497043,31.53709070502445,15.457264653075354,10.55,59.730932082731805,3407.5,1747.5,0.0,0.0,15099.312018471961,15292.379095470611,6.944444444444445,8.175212651380674,8.760302973617902,37112,True,"27/29 °C and 1000/1200 ppm are illustrative experiment targets, not universal regulatory limits.",False
25,110,2,0.06,baseline,29.825062879062557,28.73407793681024,25.929052391450966,600.0,459.5334574670721,2.0776011460693553,29.43076554497043,31.53709070502445,15.457264653075354,10.55,59.730932082731805,3407.5,1747.5,0.0,0.0,15099.312018471961,15292.379095470611,6.944444444444445,8.175212651380674,8.760302973617902,37112,True,"27/29 °C and 1000/1200 ppm are illustrative experiment targets, not universal regulatory limits.",False
25,110,2,0.08,baseline,29.825062879062557,28.73407793681024,25.929052391450966,600.0,459.5334574670721,2.0776011460693553,29.43076554497043,31.53709070502445,15.457264653075354,10.55,59.730932082731805,3407.5,1747.5,0.0,0.0,15099.312018471961,15292.379095470611,6.944444444444445,8.175212651380674,8.760302973617902,37112,True,"27/29 °C and 1000/1200 ppm are illustrative experiment targets, not universal regulatory limits.",False
25,110,4,0.0,baseline,29.88128256759643,28.792580450974565,25.935633419698547,600.0,456.3579818135215,1.9972972802061122,34.09388047462151,38.278995348298714,24.530142043362208,10.55,59.730932082731805,3412.5,1867.5,0.0,0.0,15096.51371065655,15292.379095470611,6.944444444444445,9.47052235406153,10.633054263416309,36020,True,"27/29 °C and 1000/1200 ppm are illustrative experiment targets, not universal regulatory limits.",False
25,110,4,0.02,baseline,29.88128256759643,28.792580450974565,25.935633419698547,600.0,456.3579818135215,1.9972972802061122,34.09388047462151,38.278995348298714,24.530142043362208,10.55,59.730932082731805,3412.5,1867.5,0.0,0.0,15096.51371065655,15292.379095470611,6.944444444444445,9.47052235406153,10.633054263416309,36020,True,"27/29 °C and 1000/1200 ppm are illustrative experiment targets, not universal regulatory limits.",False
25,110,4,0.04,baseline,29.88128256759643,28.792580450974565,25.935633419698547,600.0,456.3579818135215,1.9972972802061122,34.09388047462151,38.278995348298714,24.530142043362208,10.55,59.730932082731805,3412.5,1867.5,0.0,0.0,15096.51371065655,15292.379095470611,6.944444444444445,9.47052235406153,10.633054263416309,36020,True,"27/29 °C and 1000/1200 ppm are illustrative experiment targets, not universal regulatory limits.",False
25,110,4,0.06,baseline,29.88128256759643,28.792580450974565,25.935633419698547,600.0,456.3579818135215,1.9972972802061122,34.09388047462151,38.278995348298714,24.530142043362208,10.55,59.730932082731805,3412.5,1867.5,0.0,0.0,15096.51371065655,15292.379095470611,6.944444444444445,9.47052235406153,10.633054263416309,36020,True,"27/29 °C and 1000/1200 ppm are illustrative experiment targets, not universal regulatory limits.",False
25,110,4,0.08,baseline,29.88128256759643,28.792580450974565,25.935633419698547,600.0,456.3579818135215,1.9972972802061122,34.09388047462151,38.278995348298714,24.530142043362208,10.55,59.730932082731805,3412.5,1867.5,0.0,0.0,15096.51371065655,15292.379095470611,6.944444444444445,9.47052235406153,10.633054263416309,36020,True,"27/29 °C and 1000/1200 ppm are illustrative experiment targets, not universal regulatory limits.",False
25,110,6,0.0,baseline,29.932633083149142,28.846764829156676,25.94171670611246,600.0,453.72673080299785,1.9158530551212607,38.96382157024345,45.181410963617,37.42030503725619,10.55,59.730932082731805,3412.5,1997.5,0.0,0.0,15094.005023253545,15292.379095470611,6.944444444444445,10.823283769512066,12.550391934338053,34928,True,"27/29 °C and 1000/1200 ppm are illustrative experiment targets, not universal regulatory limits.",False
25,110,6,0.02,baseline,29.932633083149142,28.846764829156676,25.94171670611246,600.0,453.72673080299785,1.9158530551212607,38.96382157024345,45.181410963617,37.42030503725619,10.55,59.730932082731805,3412.5,1997.5,0.0,0.0,15094.005023253545,15292.379095470611,6.944444444444445,10.823283769512066,12.550391934338053,34928,True,"27/29 °C and 1000/1200 ppm are illustrative experiment targets, not universal regulatory limits.",False
25,110,6,0.04,baseline,29.932633083149142,28.846764829156676,25.94171670611246,600.0,453.72673080299785,1.9158530551212607,38.96382157024345,45.181410963617,37.42030503725619,10.55,59.730932082731805,3412.5,1997.5,0.0,0.0,15094.005023253545,15292.379095470611,6.944444444444445,10.823283769512066,12.550391934338053,34928,True,"27/29 °C and 1000/1200 ppm are illustrative experiment targets, not universal regulatory limits.",False
25,110,6,0.06,baseline,29.932633083149142,28.846764829156676,25.94171670611246,600.0,453.72673080299785,1.9158530551212607,38.96382157024345,45.181410963617,37.42030503725619,10.55,59.730932082731805,3412.5,1997.5,0.0,0.0,15094.005023253545,15292.379095470611,6.944444444444445,10.823283769512066,12.550391934338053,34928,True,"27/29 °C and 1000/1200 ppm are illustrative experiment targets, not universal regulatory limits.",False
25,110,6,0.08,baseline,29.932633083149142,28.846764829156676,25.94171670611246,600.0,453.72673080299785,1.9158530551212607,38.96382157024345,45.181410963617,37.42030503725619,10.55,59.730932082731805,3412.5,1997.5,0.0,0.0,15094.005023253545,15292.379095470611,6.944444444444445,10.823283769512066,12.550391934338053,34928,True,"27/29 °C and 1000/1200 ppm are illustrative experiment targets, not universal regulatory limits.",False
25,110,8,0.0,baseline,29.980168630590413,28.897461051226365,25.94739824343924,600.0,451.5036101490826,1.8327385985903675,44.02157911407222,52.22575160978938,55.03619442053722,10.55,59.730932082731805,3412.5,2137.5,0.0,0.0,15091.712456283072,15292.379095470611,6.944444444444445,12.228216420575615,14.507153224941494,33758,True,"27/29 °C and 1000/1200 ppm are illustrative experiment targets, not universal regulatory limits.",False
25,110,8,0.02,baseline,29.980168630590413,28.897461051226365,25.94739824343924,600.0,451.5036101490826,1.8327385985903675,44.02157911407222,52.22575160978938,55.03619442053722,10.55,59.730932082731805,3412.5,2137.5,0.0,0.0,15091.712456283072,15292.379095470611,6.944444444444445,12.228216420575615,14.507153224941494,33758,True,"27/29 °C and 1000/1200 ppm are illustrative experiment targets, not universal regulatory limits.",False
25,110,8,0.04,baseline,29.980168630590413,28.897461051226365,25.94739824343924,600.0,451.5036101490826,1.8327385985903675,44.02157911407222,52.22575160978938,55.03619442053722,10.55,59.730932082731805,3412.5,2137.5,0.0,0.0,15091.712456283072,15292.379095470611,6.944444444444445,12.228216420575615,14.507153224941494,33758,True,"27/29 °C and 1000/1200 ppm are illustrative experiment targets, not universal regulatory limits.",False
25,110,8,0.06,baseline,29.980168630590413,28.897461051226365,25.94739824343924,600.0,451.5036101490826,1.8327385985903675,44.02157911407222,52.22575160978938,55.03619442053722,10.55,59.730932082731805,3412.5,2137.5,0.0,0.0,15091.712456283072,15292.379095470611,6.944444444444445,12.228216420575615,14.507153224941494,33758,True,"27/29 °C and 1000/1200 ppm are illustrative experiment targets, not universal regulatory limits.",False
25,110,8,0.08,baseline,29.980168630590413,28.897461051226365,25.94739824343924,600.0,451.5036101490826,1.8327385985903675,44.02157911407222,52.22575160978938,55.03619442053722,10.55,59.730932082731805,3412.5,2137.5,0.0,0.0,15091.712456283072,15292.379095470611,6.944444444444445,12.228216420575615,14.507153224941494,33758,True,"27/29 °C and 1000/1200 ppm are illustrative experiment targets, not universal regulatory limits.",False
25,120,0,0.0,baseline,29.76458463752141,28.67154720499704,25.922004708650945,600.0,463.4192956592199,2.1554078364861198,25.0,25.0,9.375,10.55,59.730932082731805,3407.5,1607.5,0.0,0.0,15102.321964880612,15292.379095470611,6.944444444444445,6.944444444444445,6.944444444444445,38534,True,"27/29 °C and 1000/1200 ppm are illustrative experiment targets, not universal regulatory limits.",False
25,120,0,0.02,baseline,29.76458463752141,28.67154720499704,25.922004708650945,600.0,463.4192956592199,2.1554078364861198,25.0,25.0,9.375,10.55,59.730932082731805,3407.5,1607.5,0.0,0.0,15102.321964880612,15292.379095470611,6.944444444444445,6.944444444444445,6.944444444444445,38534,True,"27/29 °C and 1000/1200 ppm are illustrative experiment targets, not universal regulatory limits.",False
25,120,0,0.04,baseline,29.76458463752141,28.67154720499704,25.922004708650945,600.0,463.4192956592199,2.1554078364861198,25.0,25.0,9.375,10.55,59.730932082731805,3407.5,1607.5,0.0,0.0,15102.321964880612,15292.379095470611,6.944444444444445,6.944444444444445,6.944444444444445,38534,True,"27/29 °C and 1000/1200 ppm are illustrative experiment targets, not universal regulatory limits.",False
25,120,0,0.06,baseline,29.76458463752141,28.67154720499704,25.922004708650945,600.0,463.4192956592199,2.1554078364861198,25.0,25.0,9.375,10.55,59.730932082731805,3407.5,1607.5,0.0,0.0,15102.321964880612,15292.379095470611,6.944444444444445,6.944444444444445,6.944444444444445,38534,True,"27/29 °C and 1000/1200 ppm are illustrative experiment targets, not universal regulatory limits.",False
25,120,0,0.08,baseline,29.76458463752141,28.67154720499704,25.922004708650945,600.0,463.4192956592199,2.1554078364861198,25.0,25.0,9.375,10.55,59.730932082731805,3407.5,1607.5,0.0,0.0,15102.321964880612,15292.379095470611,6.944444444444445,6.944444444444445,6.944444444444445,38534,True,"27/29 °C and 1000/1200 ppm are illustrative experiment targets, not universal regulatory limits.",False
25,120,2,0.0,baseline,29.825062879062557,28.73407793681024,25.929052391450966,600.0,459.5334574670721,2.0776011460693553,29.43076554497043,31.53709070502445,15.457264653075354,10.55,59.730932082731805,3407.5,1747.5,0.0,0.0,15099.312018471961,15292.379095470611,6.944444444444445,8.175212651380674,8.760302973617902,37112,True,"27/29 °C and 1000/1200 ppm are illustrative experiment targets, not universal regulatory limits.",False
25,120,2,0.02,baseline,29.825062879062557,28.73407793681024,25.929052391450966,600.0,459.5334574670721,2.0776011460693553,29.43076554497043,31.53709070502445,15.457264653075354,10.55,59.730932082731805,3407.5,1747.5,0.0,0.0,15099.312018471961,15292.379095470611,6.944444444444445,8.175212651380674,8.760302973617902,37112,True,"27/29 °C and 1000/1200 ppm are illustrative experiment targets, not universal regulatory limits.",False
25,120,2,0.04,baseline,29.825062879062557,28.73407793681024,25.929052391450966,600.0,459.5334574670721,2.0776011460693553,29.43076554497043,31.53709070502445,15.457264653075354,10.55,59.730932082731805,3407.5,1747.5,0.0,0.0,15099.312018471961,15292.379095470611,6.944444444444445,8.175212651380674,8.760302973617902,37112,True,"27/29 °C and 1000/1200 ppm are illustrative experiment targets, not universal regulatory limits.",False
25,120,2,0.06,baseline,29.825062879062557,28.73407793681024,25.929052391450966,600.0,459.5334574670721,2.0776011460693553,29.43076554497043,31.53709070502445,15.457264653075354,10.55,59.730932082731805,3407.5,1747.5,0.0,0.0,15099.312018471961,15292.379095470611,6.944444444444445,8.175212651380674,8.760302973617902,37112,True,"27/29 °C and 1000/1200 ppm are illustrative experiment targets, not universal regulatory limits.",False
25,120,2,0.08,baseline,29.825062879062557,28.73407793681024,25.929052391450966,600.0,459.5334574670721,2.0776011460693553,29.43076554497043,31.53709070502445,15.457264653075354,10.55,59.730932082731805,3407.5,1747.5,0.0,0.0,15099.312018471961,15292.379095470611,6.944444444444445,8.175212651380674,8.760302973617902,37112,True,"27/29 °C and 1000/1200 ppm are illustrative experiment targets, not universal regulatory limits.",False
25,120,4,0.0,baseline,29.88128256759643,28.792580450974565,25.935633419698547,600.0,456.3579818135215,1.9972972802061122,34.09388047462151,38.278995348298714,24.530142043362208,10.55,59.730932082731805,3412.5,1867.5,0.0,0.0,15096.51371065655,15292.379095470611,6.944444444444445,9.47052235406153,10.633054263416309,36020,True,"27/29 °C and 1000/1200 ppm are illustrative experiment targets, not universal regulatory limits.",False
25,120,4,0.02,baseline,29.88128256759643,28.792580450974565,25.935633419698547,600.0,456.3579818135215,1.9972972802061122,34.09388047462151,38.278995348298714,24.530142043362208,10.55,59.730932082731805,3412.5,1867.5,0.0,0.0,15096.51371065655,15292.379095470611,6.944444444444445,9.47052235406153,10.633054263416309,36020,True,"27/29 °C and 1000/1200 ppm are illustrative experiment targets, not universal regulatory limits.",False
25,120,4,0.04,baseline,29.88128256759643,28.792580450974565,25.935633419698547,600.0,456.3579818135215,1.9972972802061122,34.09388047462151,38.278995348298714,24.530142043362208,10.55,59.730932082731805,3412.5,1867.5,0.0,0.0,15096.51371065655,15292.379095470611,6.944444444444445,9.47052235406153,10.633054263416309,36020,True,"27/29 °C and 1000/1200 ppm are illustrative experiment targets, not universal regulatory limits.",False
25,120,4,0.06,baseline,29.88128256759643,28.792580450974565,25.935633419698547,600.0,456.3579818135215,1.9972972802061122,34.09388047462151,38.278995348298714,24.530142043362208,10.55,59.730932082731805,3412.5,1867.5,0.0,0.0,15096.51371065655,15292.379095470611,6.944444444444445,9.47052235406153,10.633054263416309,36020,True,"27/29 °C and 1000/1200 ppm are illustrative experiment targets, not universal regulatory limits.",False
25,120,4,0.08,baseline,29.88128256759643,28.792580450974565,25.935633419698547,600.0,456.3579818135215,1.9972972802061122,34.09388047462151,38.278995348298714,24.530142043362208,10.55,59.730932082731805,3412.5,1867.5,0.0,0.0,15096.51371065655,15292.379095470611,6.944444444444445,9.47052235406153,10.633054263416309,36020,True,"27/29 °C and 1000/1200 ppm are illustrative experiment targets, not universal regulatory limits.",False
25,120,6,0.0,baseline,29.932633083149142,28.846764829156676,25.94171670611246,600.0,453.72673080299785,1.9158530551212607,38.96382157024345,45.181410963617,37.42030503725619,10.55,59.730932082731805,3412.5,1997.5,0.0,0.0,15094.005023253545,15292.379095470611,6.944444444444445,10.823283769512066,12.550391934338053,34928,True,"27/29 °C and 1000/1200 ppm are illustrative experiment targets, not universal regulatory limits.",False
25,120,6,0.02,baseline,29.932633083149142,28.846764829156676,25.94171670611246,600.0,453.72673080299785,1.9158530551212607,38.96382157024345,45.181410963617,37.42030503725619,10.55,59.730932082731805,3412.5,1997.5,0.0,0.0,15094.005023253545,15292.379095470611,6.944444444444445,10.823283769512066,12.550391934338053,34928,True,"27/29 °C and 1000/1200 ppm are illustrative experiment targets, not universal regulatory limits.",False
25,120,6,0.04,baseline,29.932633083149142,28.846764829156676,25.94171670611246,600.0,453.72673080299785,1.9158530551212607,38.96382157024345,45.181410963617,37.42030503725619,10.55,59.730932082731805,3412.5,1997.5,0.0,0.0,15094.005023253545,15292.379095470611,6.944444444444445,10.823283769512066,12.550391934338053,34928,True,"27/29 °C and 1000/1200 ppm are illustrative experiment targets, not universal regulatory limits.",False
25,120,6,0.06,baseline,29.932633083149142,28.846764829156676,25.94171670611246,600.0,453.72673080299785,1.9158530551212607,38.96382157024345,45.181410963617,37.42030503725619,10.55,59.730932082731805,3412.5,1997.5,0.0,0.0,15094.005023253545,15292.379095470611,6.944444444444445,10.823283769512066,12.550391934338053,34928,True,"27/29 °C and 1000/1200 ppm are illustrative experiment targets, not universal regulatory limits.",False
25,120,6,0.08,baseline,29.932633083149142,28.846764829156676,25.94171670611246,600.0,453.72673080299785,1.9158530551212607,38.96382157024345,45.181410963617,37.42030503725619,10.55,59.730932082731805,3412.5,1997.5,0.0,0.0,15094.005023253545,15292.379095470611,6.944444444444445,10.823283769512066,12.550391934338053,34928,True,"27/29 °C and 1000/1200 ppm are illustrative experiment targets, not universal regulatory limits.",False
25,120,8,0.0,baseline,29.980168630590413,28.897461051226365,25.94739824343924,600.0,451.5036101490826,1.8327385985903675,44.02157911407222,52.22575160978938,55.03619442053722,10.55,59.730932082731805,3412.5,2137.5,0.0,0.0,15091.712456283072,15292.379095470611,6.944444444444445,12.228216420575615,14.507153224941494,33758,True,"27/29 °C and 1000/1200 ppm are illustrative experiment targets, not universal regulatory limits.",False
25,120,8,0.02,baseline,29.980168630590413,28.897461051226365,25.94739824343924,600.0,451.5036101490826,1.8327385985903675,44.02157911407222,52.22575160978938,55.03619442053722,10.55,59.730932082731805,3412.5,2137.5,0.0,0.0,15091.712456283072,15292.379095470611,6.944444444444445,12.228216420575615,14.507153224941494,33758,True,"27/29 °C and 1000/1200 ppm are illustrative experiment targets, not universal regulatory limits.",False
25,120,8,0.04,baseline,29.980168630590413,28.897461051226365,25.94739824343924,600.0,451.5036101490826,1.8327385985903675,44.02157911407222,52.22575160978938,55.03619442053722,10.55,59.730932082731805,3412.5,2137.5,0.0,0.0,15091.712456283072,15292.379095470611,6.944444444444445,12.228216420575615,14.507153224941494,33758,True,"27/29 °C and 1000/1200 ppm are illustrative experiment targets, not universal regulatory limits.",False
25,120,8,0.06,baseline,29.980168630590413,28.897461051226365,25.94739824343924,600.0,451.5036101490826,1.8327385985903675,44.02157911407222,52.22575160978938,55.03619442053722,10.55,59.730932082731805,3412.5,2137.5,0.0,0.0,15091.712456283072,15292.379095470611,6.944444444444445,12.228216420575615,14.507153224941494,33758,True,"27/29 °C and 1000/1200 ppm are illustrative experiment targets, not universal regulatory limits.",False
25,120,8,0.08,baseline,29.980168630590413,28.897461051226365,25.94739824343924,600.0,451.5036101490826,1.8327385985903675,44.02157911407222,52.22575160978938,55.03619442053722,10.55,59.730932082731805,3412.5,2137.5,0.0,0.0,15091.712456283072,15292.379095470611,6.944444444444445,12.228216420575615,14.507153224941494,33758,True,"27/29 °C and 1000/1200 ppm are illustrative experiment targets, not universal regulatory limits.",False
30,50,0,0.0,baseline,29.82816054743381,28.767805943880447,25.932667205634914,600.0,457.36346951525906,2.0022176508791745,29.958236927339595,29.999999999999986,16.137808153793724,10.55,59.730932082731805,3442.5,1757.5,0.0,0.0,15099.159272484547,15292.379095470611,6.944444444444445,8.321732479816552,8.333333333333329,35408,True,"27/29 °C and 1000/1200 ppm are illustrative experiment targets, not universal regulatory limits.",False
30,50,0,0.02,baseline,29.82816054743381,28.767805943880447,25.932667205634914,600.0,457.36346951525906,2.0022176508791745,29.958236927339595,29.999999999999986,16.137808153793724,10.55,59.730932082731805,3442.5,1757.5,0.0,0.0,15099.159272484547,15292.379095470611,6.944444444444445,8.321732479816552,8.333333333333329,35408,True,"27/29 °C and 1000/1200 ppm are illustrative experiment targets, not universal regulatory limits.",False
30,50,0,0.04,baseline,29.82816054743381,28.767805943880447,25.932667205634914,600.0,457.36346951525906,2.0022176508791745,29.958236927339595,29.999999999999986,16.137808153793724,10.55,59.730932082731805,3442.5,1757.5,0.0,0.0,15099.159272484547,15292.379095470611,6.944444444444445,8.321732479816552,8.333333333333329,35408,True,"27/29 °C and 1000/1200 ppm are illustrative experiment targets, not universal regulatory limits.",False
30,50,0,0.06,baseline,29.82816054743381,28.767805943880447,25.932667205634914,600.0,457.36346951525906,2.0022176508791745,29.958236927339595,29.999999999999986,16.137808153793724,10.55,59.730932082731805,3442.5,1757.5,0.0,0.0,15099.159272484547,15292.379095470611,6.944444444444445,8.321732479816552,8.333333333333329,35408,True,"27/29 °C and 1000/1200 ppm are illustrative experiment targets, not universal regulatory limits.",False
30,50,0,0.08,baseline,29.82816054743381,28.767805943880447,25.932667205634914,600.0,457.36346951525906,2.0022176508791745,29.958236927339595,29.999999999999986,16.137808153793724,10.55,59.730932082731805,3442.5,1757.5,0.0,0.0,15099.159272484547,15292.379095470611,6.944444444444445,8.321732479816552,8.333333333333329,35408,True,"27/29 °C and 1000/1200 ppm are illustrative experiment targets, not universal regulatory limits.",False
30,50,2,0.0,baseline,29.882298599913213,28.824969252791387,25.939096573386678,600.0,454.3265627171124,1.9281139311933657,34.56907219891252,36.640947721830095,24.9926113720964,10.55,59.730932082731805,3442.5,1877.5,0.0,0.0,15096.463181298745,15292.379095470611,6.944444444444445,9.602520055253477,10.178041033841694,35174,True,"27/29 °C and 1000/1200 ppm are illustrative experiment targets, not universal regulatory limits.",False
30,50,2,0.02,baseline,29.882298599913213,28.824969252791387,25.939096573386678,600.0,454.3265627171124,1.9281139311933657,34.56907219891252,36.640947721830095,24.9926113720964,10.55,59.730932082731805,3442.5,1877.5,0.0,0.0,15096.463181298745,15292.379095470611,6.944444444444445,9.602520055253477,10.178041033841694,35174,True,"27/29 °C and 1000/1200 ppm are illustrative experiment targets, not universal regulatory limits.",False
30,50,2,0.04,baseline,29.882298599913213,28.824969252791387,25.939096573386678,600.0,454.3265627171124,1.9281139311933657,34.56907219891252,36.640947721830095,24.9926113720964,10.55,59.730932082731805,3442.5,1877.5,0.0,0.0,15096.463181298745,15292.379095470611,6.944444444444445,9.602520055253477,10.178041033841694,35174,True,"27/29 °C and 1000/1200 ppm are illustrative experiment targets, not universal regulatory limits.",False
30,50,2,0.06,baseline,29.882298599913213,28.824969252791387,25.939096573386678,600.0,454.3265627171124,1.9281139311933657,34.56907219891252,36.640947721830095,24.9926113720964,10.55,59.730932082731805,3442.5,1877.5,0.0,0.0,15096.463181298745,15292.379095470611,6.944444444444445,9.602520055253477,10.178041033841694,35174,True,"27/29 °C and 1000/1200 ppm are illustrative experiment targets, not universal regulatory limits.",False
30,50,2,0.08,baseline,29.882298599913213,28.824969252791387,25.939096573386678,600.0,454.3265627171124,1.9281139311933657,34.56907219891252,36.640947721830095,24.9926113720964,10.55,59.730932082731805,3442.5,1877.5,0.0,0.0,15096.463181298745,15292.379095470611,6.944444444444445,9.602520055253477,10.178041033841694,35174,True,"27/29 °C and 1000/1200 ppm are illustrative experiment targets, not universal regulatory limits.",False
30,50,4,0.0,baseline,29.932050510792237,28.878316935212762,25.945085402333177,600.0,451.8035163244296,1.852077844494488,39.391913331086705,43.45323433887105,37.53983321868672,10.55,59.730932082731805,3442.5,2007.5,0.0,0.0,15094.02901888942,15292.379095470611,6.944444444444445,10.942198147524085,12.070342871908625,33974,True,"27/29 °C and 1000/1200 ppm are illustrative experiment targets, not universal regulatory limits.",False
30,50,4,0.02,baseline,29.932050510792237,28.878316935212762,25.945085402333177,600.0,451.8035163244296,1.852077844494488,39.391913331086705,43.45323433887105,37.53983321868672,10.55,59.730932082731805,3442.5,2007.5,0.0,0.0,15094.02901888942,15292.379095470611,6.944444444444445,10.942198147524085,12.070342871908625,33974,True,"27/29 °C and 1000/1200 ppm are illustrative experiment targets, not universal regulatory limits.",False
30,50,4,0.04,baseline,29.932050510792237,28.878316935212762,25.945085402333177,600.0,451.8035163244296,1.852077844494488,39.391913331086705,43.45323433887105,37.53983321868672,10.55,59.730932082731805,3442.5,2007.5,0.0,0.0,15094.02901888942,15292.379095470611,6.944444444444445,10.942198147524085,12.070342871908625,33974,True,"27/29 °C and 1000/1200 ppm are illustrative experiment targets, not universal regulatory limits.",False
30,50,4,0.06,baseline,29.932050510792237,28.878316935212762,25.945085402333177,600.0,451.8035163244296,1.852077844494488,39.391913331086705,43.45323433887105,37.53983321868672,10.55,59.730932082731805,3442.5,2007.5,0.0,0.0,15094.02901888942,15292.379095470611,6.944444444444445,10.942198147524085,12.070342871908625,33974,True,"27/29 °C and 1000/1200 ppm are illustrative experiment targets, not universal regulatory limits.",False
30,50,4,0.08,baseline,29.932050510792237,28.878316935212762,25.945085402333177,600.0,451.8035163244296,1.852077844494488,39.391913331086705,43.45323433887105,37.53983321868672,10.55,59.730932082731805,3442.5,2007.5,0.0,0.0,15094.02901888942,15292.379095470611,6.944444444444445,10.942198147524085,12.070342871908625,33974,True,"27/29 °C and 1000/1200 ppm are illustrative experiment targets, not universal regulatory limits.",False
30,50,6,0.0,baseline,29.979567129155043,28.92782820035933,25.950634337483677,600.0,449.6836082971004,1.7935400266869692,44.371257170317335,49.946852700833716,54.51141142214695,10.55,59.730932082731805,3442.5,2137.5,0.0,0.0,15091.743363224252,15292.379095470611,6.944444444444445,12.325349213977038,13.874125750231586,32834,True,"27/29 °C and 1000/1200 ppm are illustrative experiment targets, not universal regulatory limits.",False
30,50,6,0.02,baseline,29.979567129155043,28.92782820035933,25.950634337483677,600.0,449.6836082971004,1.7935400266869692,44.371257170317335,49.946852700833716,54.51141142214695,10.55,59.730932082731805,3442.5,2137.5,0.0,0.0,15091.743363224252,15292.379095470611,6.944444444444445,12.325349213977038,13.874125750231586,32834,True,"27/29 °C and 1000/1200 ppm are illustrative experiment targets, not universal regulatory limits.",False
30,50,6,0.04,baseline,29.979567129155043,28.92782820035933,25.950634337483677,600.0,449.6836082971004,1.7935400266869692,44.371257170317335,49.946852700833716,54.51141142214695,10.55,59.730932082731805,3442.5,2137.5,0.0,0.0,15091.743363224252,15292.379095470611,6.944444444444445,12.325349213977038,13.874125750231586,32834,True,"27/29 °C and 1000/1200 ppm are illustrative experiment targets, not universal regulatory limits.",False
30,50,6,0.06,baseline,29.979567129155043,28.92782820035933,25.950634337483677,600.0,449.6836082971004,1.7935400266869692,44.371257170317335,49.946852700833716,54.51141142214695,10.55,59.730932082731805,3442.5,2137.5,0.0,0.0,15091.743363224252,15292.379095470611,6.944444444444445,12.325349213977038,13.874125750231586,32834,True,"27/29 °C and 1000/1200 ppm are illustrative experiment targets, not universal regulatory limits.",False
30,50,6,0.08,baseline,29.979567129155043,28.92782820035933,25.950634337483677,600.0,449.6836082971004,1.7935400266869692,44.371257170317335,49.946852700833716,54.51141142214695,10.55,59.730932082731805,3442.5,2137.5,0.0,0.0,15091.743363224252,15292.379095470611,6.944444444444445,12.325349213977038,13.874125750231586,32834,True,"27/29 °C and 1000/1200 ppm are illustrative experiment targets, not universal regulatory limits.",False
30,50,8,0.0,baseline,30.010131574754496,28.9643520868443,25.954696633432263,600.0,448.432637332452,1.7578062113461783,47.12105033436738,50.00000121825362,65.04245820206407,10.55,59.730932082731805,3447.5,2237.5,0.0,0.0,15090.17439514673,15292.379095470611,6.944444444444445,13.089180648435386,13.888889227292674,31976,True,"27/29 °C and 1000/1200 ppm are illustrative experiment targets, not universal regulatory limits.",False
30,50,8,0.02,baseline,30.010131574754496,28.9643520868443,25.954696633432263,600.0,448.432637332452,1.7578062113461783,47.12105033436738,50.00000121825362,65.04245820206407,10.55,59.730932082731805,3447.5,2237.5,0.0,0.0,15090.17439514673,15292.379095470611,6.944444444444445,13.089180648435386,13.888889227292674,31976,True,"27/29 °C and 1000/1200 ppm are illustrative experiment targets, not universal regulatory limits.",False
30,50,8,0.04,baseline,30.010131574754496,28.9643520868443,25.954696633432263,600.0,448.432637332452,1.7578062113461783,47.12105033436738,50.00000121825362,65.04245820206407,10.55,59.730932082731805,3447.5,2237.5,0.0,0.0,15090.17439514673,15292.379095470611,6.944444444444445,13.089180648435386,13.888889227292674,31976,True,"27/29 °C and 1000/1200 ppm are illustrative experiment targets, not universal regulatory limits.",False
30,50,8,0.06,baseline,30.010131574754496,28.9643520868443,25.954696633432263,600.0,448.432637332452,1.7578062113461783,47.12105033436738,50.00000121825362,65.04245820206407,10.55,59.730932082731805,3447.5,2237.5,0.0,0.0,15090.17439514673,15292.379095470611,6.944444444444445,13.089180648435386,13.888889227292674,31976,True,"27/29 °C and 1000/1200 ppm are illustrative experiment targets, not universal regulatory limits.",False
30,50,8,0.08,baseline,30.010131574754496,28.9643520868443,25.954696633432263,600.0,448.432637332452,1.7578062113461783,47.12105033436738,50.00000121825362,65.04245820206407,10.55,59.730932082731805,3447.5,2237.5,0.0,0.0,15090.17439514673,15292.379095470611,6.944444444444445,13.089180648435386,13.888889227292674,31976,True,"27/29 °C and 1000/1200 ppm are illustrative experiment targets, not universal regulatory limits.",False
30,60,0,0.0,baseline,29.82816054743381,28.767805943880447,25.932667205634914,600.0,457.36346951525906,2.0022176508791745,29.958236927339595,29.999999999999986,16.137808153793724,10.55,59.730932082731805,3442.5,1757.5,0.0,0.0,15099.159272484547,15292.379095470611,6.944444444444445,8.321732479816552,8.333333333333329,35408,True,"27/29 °C and 1000/1200 ppm are illustrative experiment targets, not universal regulatory limits.",False
30,60,0,0.02,baseline,29.82816054743381,28.767805943880447,25.932667205634914,600.0,457.36346951525906,2.0022176508791745,29.958236927339595,29.999999999999986,16.137808153793724,10.55,59.730932082731805,3442.5,1757.5,0.0,0.0,15099.159272484547,15292.379095470611,6.944444444444445,8.321732479816552,8.333333333333329,35408,True,"27/29 °C and 1000/1200 ppm are illustrative experiment targets, not universal regulatory limits.",False
30,60,0,0.04,baseline,29.82816054743381,28.767805943880447,25.932667205634914,600.0,457.36346951525906,2.0022176508791745,29.958236927339595,29.999999999999986,16.137808153793724,10.55,59.730932082731805,3442.5,1757.5,0.0,0.0,15099.159272484547,15292.379095470611,6.944444444444445,8.321732479816552,8.333333333333329,35408,True,"27/29 °C and 1000/1200 ppm are illustrative experiment targets, not universal regulatory limits.",False
30,60,0,0.06,baseline,29.82816054743381,28.767805943880447,25.932667205634914,600.0,457.36346951525906,2.0022176508791745,29.958236927339595,29.999999999999986,16.137808153793724,10.55,59.730932082731805,3442.5,1757.5,0.0,0.0,15099.159272484547,15292.379095470611,6.944444444444445,8.321732479816552,8.333333333333329,35408,True,"27/29 °C and 1000/1200 ppm are illustrative experiment targets, not universal regulatory limits.",False
30,60,0,0.08,baseline,29.82816054743381,28.767805943880447,25.932667205634914,600.0,457.36346951525906,2.0022176508791745,29.958236927339595,29.999999999999986,16.137808153793724,10.55,59.730932082731805,3442.5,1757.5,0.0,0.0,15099.159272484547,15292.379095470611,6.944444444444445,8.321732479816552,8.333333333333329,35408,True,"27/29 °C and 1000/1200 ppm are illustrative experiment targets, not universal regulatory limits.",False
30,60,2,0.0,baseline,29.882298599913213,28.824969252791387,25.939096573386678,600.0,454.3265627171124,1.9281139311933657,34.56907219891252,36.640947721830095,24.9926113720964,10.55,59.730932082731805,3442.5,1877.5,0.0,0.0,15096.463181298745,15292.379095470611,6.944444444444445,9.602520055253477,10.178041033841694,35174,True,"27/29 °C and 1000/1200 ppm are illustrative experiment targets, not universal regulatory limits.",False
30,60,2,0.02,baseline,29.882298599913213,28.824969252791387,25.939096573386678,600.0,454.3265627171124,1.9281139311933657,34.56907219891252,36.640947721830095,24.9926113720964,10.55,59.730932082731805,3442.5,1877.5,0.0,0.0,15096.463181298745,15292.379095470611,6.944444444444445,9.602520055253477,10.178041033841694,35174,True,"27/29 °C and 1000/1200 ppm are illustrative experiment targets, not universal regulatory limits.",False
30,60,2,0.04,baseline,29.882298599913213,28.824969252791387,25.939096573386678,600.0,454.3265627171124,1.9281139311933657,34.56907219891252,36.640947721830095,24.9926113720964,10.55,59.730932082731805,3442.5,1877.5,0.0,0.0,15096.463181298745,15292.379095470611,6.944444444444445,9.602520055253477,10.178041033841694,35174,True,"27/29 °C and 1000/1200 ppm are illustrative experiment targets, not universal regulatory limits.",False
30,60,2,0.06,baseline,29.882298599913213,28.824969252791387,25.939096573386678,600.0,454.3265627171124,1.9281139311933657,34.56907219891252,36.640947721830095,24.9926113720964,10.55,59.730932082731805,3442.5,1877.5,0.0,0.0,15096.463181298745,15292.379095470611,6.944444444444445,9.602520055253477,10.178041033841694,35174,True,"27/29 °C and 1000/1200 ppm are illustrative experiment targets, not universal regulatory limits.",False
30,60,2,0.08,baseline,29.882298599913213,28.824969252791387,25.939096573386678,600.0,454.3265627171124,1.9281139311933657,34.56907219891252,36.640947721830095,24.9926113720964,10.55,59.730932082731805,3442.5,1877.5,0.0,0.0,15096.463181298745,15292.379095470611,6.944444444444445,9.602520055253477,10.178041033841694,35174,True,"27/29 °C and 1000/1200 ppm are illustrative experiment targets, not universal regulatory limits.",False
30,60,4,0.0,baseline,29.932050510792237,28.878316935212762,25.945085402333177,600.0,451.8035163244296,1.852077844494488,39.391913331086705,43.45323433887105,37.53983321868672,10.55,59.730932082731805,3442.5,2007.5,0.0,0.0,15094.02901888942,15292.379095470611,6.944444444444445,10.942198147524085,12.070342871908625,33974,True,"27/29 °C and 1000/1200 ppm are illustrative experiment targets, not universal regulatory limits.",False
30,60,4,0.02,baseline,29.932050510792237,28.878316935212762,25.945085402333177,600.0,451.8035163244296,1.852077844494488,39.391913331086705,43.45323433887105,37.53983321868672,10.55,59.730932082731805,3442.5,2007.5,0.0,0.0,15094.02901888942,15292.379095470611,6.944444444444445,10.942198147524085,12.070342871908625,33974,True,"27/29 °C and 1000/1200 ppm are illustrative experiment targets, not universal regulatory limits.",False
30,60,4,0.04,baseline,29.932050510792237,28.878316935212762,25.945085402333177,600.0,451.8035163244296,1.852077844494488,39.391913331086705,43.45323433887105,37.53983321868672,10.55,59.730932082731805,3442.5,2007.5,0.0,0.0,15094.02901888942,15292.379095470611,6.944444444444445,10.942198147524085,12.070342871908625,33974,True,"27/29 °C and 1000/1200 ppm are illustrative experiment targets, not universal regulatory limits.",False
30,60,4,0.06,baseline,29.932050510792237,28.878316935212762,25.945085402333177,600.0,451.8035163244296,1.852077844494488,39.391913331086705,43.45323433887105,37.53983321868672,10.55,59.730932082731805,3442.5,2007.5,0.0,0.0,15094.02901888942,15292.379095470611,6.944444444444445,10.942198147524085,12.070342871908625,33974,True,"27/29 °C and 1000/1200 ppm are illustrative experiment targets, not universal regulatory limits.",False
30,60,4,0.08,baseline,29.932050510792237,28.878316935212762,25.945085402333177,600.0,451.8035163244296,1.852077844494488,39.391913331086705,43.45323433887105,37.53983321868672,10.55,59.730932082731805,3442.5,2007.5,0.0,0.0,15094.02901888942,15292.379095470611,6.944444444444445,10.942198147524085,12.070342871908625,33974,True,"27/29 °C and 1000/1200 ppm are illustrative experiment targets, not universal regulatory limits.",False
30,60,6,0.0,baseline,29.97944395213358,28.927931712647283,25.950646138806576,600.0,449.6728446521373,1.7936427311360603,44.40463747516296,50.41596661032235,54.66008303409853,10.55,59.730932082731805,3442.5,2137.5,0.0,0.0,15091.759715210002,15292.379095470611,6.944444444444445,12.334621520878597,14.004435169533986,32840,True,"27/29 °C and 1000/1200 ppm are illustrative experiment targets, not universal regulatory limits.",False
30,60,6,0.02,baseline,29.97944395213358,28.927931712647283,25.950646138806576,600.0,449.6728446521373,1.7936427311360603,44.40463747516296,50.41596661032235,54.66008303409853,10.55,59.730932082731805,3442.5,2137.5,0.0,0.0,15091.759715210002,15292.379095470611,6.944444444444445,12.334621520878597,14.004435169533986,32840,True,"27/29 °C and 1000/1200 ppm are illustrative experiment targets, not universal regulatory limits.",False
30,60,6,0.04,baseline,29.97944395213358,28.927931712647283,25.950646138806576,600.0,449.6728446521373,1.7936427311360603,44.40463747516296,50.41596661032235,54.66008303409853,10.55,59.730932082731805,3442.5,2137.5,0.0,0.0,15091.759715210002,15292.379095470611,6.944444444444445,12.334621520878597,14.004435169533986,32840,True,"27/29 °C and 1000/1200 ppm are illustrative experiment targets, not universal regulatory limits.",False
30,60,6,0.06,baseline,29.97944395213358,28.927931712647283,25.950646138806576,600.0,449.6728446521373,1.7936427311360603,44.40463747516296,50.41596661032235,54.66008303409853,10.55,59.730932082731805,3442.5,2137.5,0.0,0.0,15091.759715210002,15292.379095470611,6.944444444444445,12.334621520878597,14.004435169533986,32840,True,"27/29 °C and 1000/1200 ppm are illustrative experiment targets, not universal regulatory limits.",False
30,60,6,0.08,baseline,29.97944395213358,28.927931712647283,25.950646138806576,600.0,449.6728446521373,1.7936427311360603,44.40463747516296,50.41596661032235,54.66008303409853,10.55,59.730932082731805,3442.5,2137.5,0.0,0.0,15091.759715210002,15292.379095470611,6.944444444444445,12.334621520878597,14.004435169533986,32840,True,"27/29 °C and 1000/1200 ppm are illustrative experiment targets, not universal regulatory limits.",False
30,60,8,0.0,baseline,30.019708497801275,28.97397764285947,25.955797462420378,600.0,447.8567449593713,1.7461393865232822,49.58642287033377,57.48873477421814,77.28841428814272,10.55,59.730932082731805,3447.5,2277.5,0.0,0.0,15089.750431967415,15292.379095470611,6.944444444444445,13.774006352870492,15.969092992838373,31790,True,"27/29 °C and 1000/1200 ppm are illustrative experiment targets, not universal regulatory limits.",False
30,60,8,0.02,baseline,30.019708497801275,28.97397764285947,25.955797462420378,600.0,447.8567449593713,1.7461393865232822,49.58642287033377,57.48873477421814,77.28841428814272,10.55,59.730932082731805,3447.5,2277.5,0.0,0.0,15089.750431967415,15292.379095470611,6.944444444444445,13.774006352870492,15.969092992838373,31790,True,"27/29 °C and 1000/1200 ppm are illustrative experiment targets, not universal regulatory limits.",False
30,60,8,0.04,baseline,30.019708497801275,28.97397764285947,25.955797462420378,600.0,447.8567449593713,1.7461393865232822,49.58642287033377,57.48873477421814,77.28841428814272,10.55,59.730932082731805,3447.5,2277.5,0.0,0.0,15089.750431967415,15292.379095470611,6.944444444444445,13.774006352870492,15.969092992838373,31790,True,"27/29 °C and 1000/1200 ppm are illustrative experiment targets, not universal regulatory limits.",False
30,60,8,0.06,baseline,30.019708497801275,28.97397764285947,25.955797462420378,600.0,447.8567449593713,1.7461393865232822,49.58642287033377,57.48873477421814,77.28841428814272,10.55,59.730932082731805,3447.5,2277.5,0.0,0.0,15089.750431967415,15292.379095470611,6.944444444444445,13.774006352870492,15.969092992838373,31790,True,"27/29 °C and 1000/1200 ppm are illustrative experiment targets, not universal regulatory limits.",False
30,60,8,0.08,baseline,30.019708497801275,28.97397764285947,25.955797462420378,600.0,447.8567449593713,1.7461393865232822,49.58642287033377,57.48873477421814,77.28841428814272,10.55,59.730932082731805,3447.5,2277.5,0.0,0.0,15089.750431967415,15292.379095470611,6.944444444444445,13.774006352870492,15.969092992838373,31790,True,"27/29 °C and 1000/1200 ppm are illustrative experiment targets, not universal regulatory limits.",False
30,70,0,0.0,baseline,29.82816054743381,28.767805943880447,25.932667205634914,600.0,457.36346951525906,2.0022176508791745,29.958236927339595,29.999999999999986,16.137808153793724,10.55,59.730932082731805,3442.5,1757.5,0.0,0.0,15099.159272484547,15292.379095470611,6.944444444444445,8.321732479816552,8.333333333333329,35408,True,"27/29 °C and 1000/1200 ppm are illustrative experiment targets, not universal regulatory limits.",False
30,70,0,0.02,baseline,29.82816054743381,28.767805943880447,25.932667205634914,600.0,457.36346951525906,2.0022176508791745,29.958236927339595,29.999999999999986,16.137808153793724,10.55,59.730932082731805,3442.5,1757.5,0.0,0.0,15099.159272484547,15292.379095470611,6.944444444444445,8.321732479816552,8.333333333333329,35408,True,"27/29 °C and 1000/1200 ppm are illustrative experiment targets, not universal regulatory limits.",False
30,70,0,0.04,baseline,29.82816054743381,28.767805943880447,25.932667205634914,600.0,457.36346951525906,2.0022176508791745,29.958236927339595,29.999999999999986,16.137808153793724,10.55,59.730932082731805,3442.5,1757.5,0.0,0.0,15099.159272484547,15292.379095470611,6.944444444444445,8.321732479816552,8.333333333333329,35408,True,"27/29 °C and 1000/1200 ppm are illustrative experiment targets, not universal regulatory limits.",False
30,70,0,0.06,baseline,29.82816054743381,28.767805943880447,25.932667205634914,600.0,457.36346951525906,2.0022176508791745,29.958236927339595,29.999999999999986,16.137808153793724,10.55,59.730932082731805,3442.5,1757.5,0.0,0.0,15099.159272484547,15292.379095470611,6.944444444444445,8.321732479816552,8.333333333333329,35408,True,"27/29 °C and 1000/1200 ppm are illustrative experiment targets, not universal regulatory limits.",False
30,70,0,0.08,baseline,29.82816054743381,28.767805943880447,25.932667205634914,600.0,457.36346951525906,2.0022176508791745,29.958236927339595,29.999999999999986,16.137808153793724,10.55,59.730932082731805,3442.5,1757.5,0.0,0.0,15099.159272484547,15292.379095470611,6.944444444444445,8.321732479816552,8.333333333333329,35408,True,"27/29 °C and 1000/1200 ppm are illustrative experiment targets, not universal regulatory limits.",False
30,70,2,0.0,baseline,29.882298599913213,28.824969252791387,25.939096573386678,600.0,454.3265627171124,1.9281139311933657,34.56907219891252,36.640947721830095,24.9926113720964,10.55,59.730932082731805,3442.5,1877.5,0.0,0.0,15096.463181298745,15292.379095470611,6.944444444444445,9.602520055253477,10.178041033841694,35174,True,"27/29 °C and 1000/1200 ppm are illustrative experiment targets, not universal regulatory limits.",False
30,70,2,0.02,baseline,29.882298599913213,28.824969252791387,25.939096573386678,600.0,454.3265627171124,1.9281139311933657,34.56907219891252,36.640947721830095,24.9926113720964,10.55,59.730932082731805,3442.5,1877.5,0.0,0.0,15096.463181298745,15292.379095470611,6.944444444444445,9.602520055253477,10.178041033841694,35174,True,"27/29 °C and 1000/1200 ppm are illustrative experiment targets, not universal regulatory limits.",False
30,70,2,0.04,baseline,29.882298599913213,28.824969252791387,25.939096573386678,600.0,454.3265627171124,1.9281139311933657,34.56907219891252,36.640947721830095,24.9926113720964,10.55,59.730932082731805,3442.5,1877.5,0.0,0.0,15096.463181298745,15292.379095470611,6.944444444444445,9.602520055253477,10.178041033841694,35174,True,"27/29 °C and 1000/1200 ppm are illustrative experiment targets, not universal regulatory limits.",False
30,70,2,0.06,baseline,29.882298599913213,28.824969252791387,25.939096573386678,600.0,454.3265627171124,1.9281139311933657,34.56907219891252,36.640947721830095,24.9926113720964,10.55,59.730932082731805,3442.5,1877.5,0.0,0.0,15096.463181298745,15292.379095470611,6.944444444444445,9.602520055253477,10.178041033841694,35174,True,"27/29 °C and 1000/1200 ppm are illustrative experiment targets, not universal regulatory limits.",False
30,70,2,0.08,baseline,29.882298599913213,28.824969252791387,25.939096573386678,600.0,454.3265627171124,1.9281139311933657,34.56907219891252,36.640947721830095,24.9926113720964,10.55,59.730932082731805,3442.5,1877.5,0.0,0.0,15096.463181298745,15292.379095470611,6.944444444444445,9.602520055253477,10.178041033841694,35174,True,"27/29 °C and 1000/1200 ppm are illustrative experiment targets, not universal regulatory limits.",False
30,70,4,0.0,baseline,29.932050510792237,28.878316935212762,25.945085402333177,600.0,451.8035163244296,1.852077844494488,39.391913331086705,43.45323433887105,37.53983321868672,10.55,59.730932082731805,3442.5,2007.5,0.0,0.0,15094.02901888942,15292.379095470611,6.944444444444445,10.942198147524085,12.070342871908625,33974,True,"27/29 °C and 1000/1200 ppm are illustrative experiment targets, not universal regulatory limits.",False
30,70,4,0.02,baseline,29.932050510792237,28.878316935212762,25.945085402333177,600.0,451.8035163244296,1.852077844494488,39.391913331086705,43.45323433887105,37.53983321868672,10.55,59.730932082731805,3442.5,2007.5,0.0,0.0,15094.02901888942,15292.379095470611,6.944444444444445,10.942198147524085,12.070342871908625,33974,True,"27/29 °C and 1000/1200 ppm are illustrative experiment targets, not universal regulatory limits.",False
30,70,4,0.04,baseline,29.932050510792237,28.878316935212762,25.945085402333177,600.0,451.8035163244296,1.852077844494488,39.391913331086705,43.45323433887105,37.53983321868672,10.55,59.730932082731805,3442.5,2007.5,0.0,0.0,15094.02901888942,15292.379095470611,6.944444444444445,10.942198147524085,12.070342871908625,33974,True,"27/29 °C and 1000/1200 ppm are illustrative experiment targets, not universal regulatory limits.",False
30,70,4,0.06,baseline,29.932050510792237,28.878316935212762,25.945085402333177,600.0,451.8035163244296,1.852077844494488,39.391913331086705,43.45323433887105,37.53983321868672,10.55,59.730932082731805,3442.5,2007.5,0.0,0.0,15094.02901888942,15292.379095470611,6.944444444444445,10.942198147524085,12.070342871908625,33974,True,"27/29 °C and 1000/1200 ppm are illustrative experiment targets, not universal regulatory limits.",False
30,70,4,0.08,baseline,29.932050510792237,28.878316935212762,25.945085402333177,600.0,451.8035163244296,1.852077844494488,39.391913331086705,43.45323433887105,37.53983321868672,10.55,59.730932082731805,3442.5,2007.5,0.0,0.0,15094.02901888942,15292.379095470611,6.944444444444445,10.942198147524085,12.070342871908625,33974,True,"27/29 °C and 1000/1200 ppm are illustrative experiment targets, not universal regulatory limits.",False
30,70,6,0.0,baseline,29.97944395213358,28.927931712647283,25.950646138806576,600.0,449.6728446521373,1.7936427311360603,44.40463747516296,50.41596661032235,54.66008303409853,10.55,59.730932082731805,3442.5,2137.5,0.0,0.0,15091.759715210002,15292.379095470611,6.944444444444445,12.334621520878597,14.004435169533986,32840,True,"27/29 °C and 1000/1200 ppm are illustrative experiment targets, not universal regulatory limits.",False
30,70,6,0.02,baseline,29.97944395213358,28.927931712647283,25.950646138806576,600.0,449.6728446521373,1.7936427311360603,44.40463747516296,50.41596661032235,54.66008303409853,10.55,59.730932082731805,3442.5,2137.5,0.0,0.0,15091.759715210002,15292.379095470611,6.944444444444445,12.334621520878597,14.004435169533986,32840,True,"27/29 °C and 1000/1200 ppm are illustrative experiment targets, not universal regulatory limits.",False
30,70,6,0.04,baseline,29.97944395213358,28.927931712647283,25.950646138806576,600.0,449.6728446521373,1.7936427311360603,44.40463747516296,50.41596661032235,54.66008303409853,10.55,59.730932082731805,3442.5,2137.5,0.0,0.0,15091.759715210002,15292.379095470611,6.944444444444445,12.334621520878597,14.004435169533986,32840,True,"27/29 °C and 1000/1200 ppm are illustrative experiment targets, not universal regulatory limits.",False
30,70,6,0.06,baseline,29.97944395213358,28.927931712647283,25.950646138806576,600.0,449.6728446521373,1.7936427311360603,44.40463747516296,50.41596661032235,54.66008303409853,10.55,59.730932082731805,3442.5,2137.5,0.0,0.0,15091.759715210002,15292.379095470611,6.944444444444445,12.334621520878597,14.004435169533986,32840,True,"27/29 °C and 1000/1200 ppm are illustrative experiment targets, not universal regulatory limits.",False
30,70,6,0.08,baseline,29.97944395213358,28.927931712647283,25.950646138806576,600.0,449.6728446521373,1.7936427311360603,44.40463747516296,50.41596661032235,54.66008303409853,10.55,59.730932082731805,3442.5,2137.5,0.0,0.0,15091.759715210002,15292.379095470611,6.944444444444445,12.334621520878597,14.004435169533986,32840,True,"27/29 °C and 1000/1200 ppm are illustrative experiment targets, not universal regulatory limits.",False
30,70,8,0.0,baseline,30.019708497801275,28.97397764285947,25.955797462420378,600.0,447.8567449593713,1.7461393865232822,49.58642287033377,57.48873477421814,77.28841428814272,10.55,59.730932082731805,3447.5,2277.5,0.0,0.0,15089.750431967415,15292.379095470611,6.944444444444445,13.774006352870492,15.969092992838373,31790,True,"27/29 °C and 1000/1200 ppm are illustrative experiment targets, not universal regulatory limits.",False
30,70,8,0.02,baseline,30.019708497801275,28.97397764285947,25.955797462420378,600.0,447.8567449593713,1.7461393865232822,49.58642287033377,57.48873477421814,77.28841428814272,10.55,59.730932082731805,3447.5,2277.5,0.0,0.0,15089.750431967415,15292.379095470611,6.944444444444445,13.774006352870492,15.969092992838373,31790,True,"27/29 °C and 1000/1200 ppm are illustrative experiment targets, not universal regulatory limits.",False
30,70,8,0.04,baseline,30.019708497801275,28.97397764285947,25.955797462420378,600.0,447.8567449593713,1.7461393865232822,49.58642287033377,57.48873477421814,77.28841428814272,10.55,59.730932082731805,3447.5,2277.5,0.0,0.0,15089.750431967415,15292.379095470611,6.944444444444445,13.774006352870492,15.969092992838373,31790,True,"27/29 °C and 1000/1200 ppm are illustrative experiment targets, not universal regulatory limits.",False
30,70,8,0.06,baseline,30.019708497801275,28.97397764285947,25.955797462420378,600.0,447.8567449593713,1.7461393865232822,49.58642287033377,57.48873477421814,77.28841428814272,10.55,59.730932082731805,3447.5,2277.5,0.0,0.0,15089.750431967415,15292.379095470611,6.944444444444445,13.774006352870492,15.969092992838373,31790,True,"27/29 °C and 1000/1200 ppm are illustrative experiment targets, not universal regulatory limits.",False
30,70,8,0.08,baseline,30.019708497801275,28.97397764285947,25.955797462420378,600.0,447.8567449593713,1.7461393865232822,49.58642287033377,57.48873477421814,77.28841428814272,10.55,59.730932082731805,3447.5,2277.5,0.0,0.0,15089.750431967415,15292.379095470611,6.944444444444445,13.774006352870492,15.969092992838373,31790,True,"27/29 °C and 1000/1200 ppm are illustrative experiment targets, not universal regulatory limits.",False
30,80,0,0.0,baseline,29.82816054743381,28.767805943880447,25.932667205634914,600.0,457.36346951525906,2.0022176508791745,29.958236927339595,29.999999999999986,16.137808153793724,10.55,59.730932082731805,3442.5,1757.5,0.0,0.0,15099.159272484547,15292.379095470611,6.944444444444445,8.321732479816552,8.333333333333329,35408,True,"27/29 °C and 1000/1200 ppm are illustrative experiment targets, not universal regulatory limits.",False
30,80,0,0.02,baseline,29.82816054743381,28.767805943880447,25.932667205634914,600.0,457.36346951525906,2.0022176508791745,29.958236927339595,29.999999999999986,16.137808153793724,10.55,59.730932082731805,3442.5,1757.5,0.0,0.0,15099.159272484547,15292.379095470611,6.944444444444445,8.321732479816552,8.333333333333329,35408,True,"27/29 °C and 1000/1200 ppm are illustrative experiment targets, not universal regulatory limits.",False
30,80,0,0.04,baseline,29.82816054743381,28.767805943880447,25.932667205634914,600.0,457.36346951525906,2.0022176508791745,29.958236927339595,29.999999999999986,16.137808153793724,10.55,59.730932082731805,3442.5,1757.5,0.0,0.0,15099.159272484547,15292.379095470611,6.944444444444445,8.321732479816552,8.333333333333329,35408,True,"27/29 °C and 1000/1200 ppm are illustrative experiment targets, not universal regulatory limits.",False
30,80,0,0.06,baseline,29.82816054743381,28.767805943880447,25.932667205634914,600.0,457.36346951525906,2.0022176508791745,29.958236927339595,29.999999999999986,16.137808153793724,10.55,59.730932082731805,3442.5,1757.5,0.0,0.0,15099.159272484547,15292.379095470611,6.944444444444445,8.321732479816552,8.333333333333329,35408,True,"27/29 °C and 1000/1200 ppm are illustrative experiment targets, not universal regulatory limits.",False
30,80,0,0.08,baseline,29.82816054743381,28.767805943880447,25.932667205634914,600.0,457.36346951525906,2.0022176508791745,29.958236927339595,29.999999999999986,16.137808153793724,10.55,59.730932082731805,3442.5,1757.5,0.0,0.0,15099.159272484547,15292.379095470611,6.944444444444445,8.321732479816552,8.333333333333329,35408,True,"27/29 °C and 1000/1200 ppm are illustrative experiment targets, not universal regulatory limits.",False
30,80,2,0.0,baseline,29.882298599913213,28.824969252791387,25.939096573386678,600.0,454.3265627171124,1.9281139311933657,34.56907219891252,36.640947721830095,24.9926113720964,10.55,59.730932082731805,3442.5,1877.5,0.0,0.0,15096.463181298745,15292.379095470611,6.944444444444445,9.602520055253477,10.178041033841694,35174,True,"27/29 °C and 1000/1200 ppm are illustrative experiment targets, not universal regulatory limits.",False
30,80,2,0.02,baseline,29.882298599913213,28.824969252791387,25.939096573386678,600.0,454.3265627171124,1.9281139311933657,34.56907219891252,36.640947721830095,24.9926113720964,10.55,59.730932082731805,3442.5,1877.5,0.0,0.0,15096.463181298745,15292.379095470611,6.944444444444445,9.602520055253477,10.178041033841694,35174,True,"27/29 °C and 1000/1200 ppm are illustrative experiment targets, not universal regulatory limits.",False
30,80,2,0.04,baseline,29.882298599913213,28.824969252791387,25.939096573386678,600.0,454.3265627171124,1.9281139311933657,34.56907219891252,36.640947721830095,24.9926113720964,10.55,59.730932082731805,3442.5,1877.5,0.0,0.0,15096.463181298745,15292.379095470611,6.944444444444445,9.602520055253477,10.178041033841694,35174,True,"27/29 °C and 1000/1200 ppm are illustrative experiment targets, not universal regulatory limits.",False
30,80,2,0.06,baseline,29.882298599913213,28.824969252791387,25.939096573386678,600.0,454.3265627171124,1.9281139311933657,34.56907219891252,36.640947721830095,24.9926113720964,10.55,59.730932082731805,3442.5,1877.5,0.0,0.0,15096.463181298745,15292.379095470611,6.944444444444445,9.602520055253477,10.178041033841694,35174,True,"27/29 °C and 1000/1200 ppm are illustrative experiment targets, not universal regulatory limits.",False
30,80,2,0.08,baseline,29.882298599913213,28.824969252791387,25.939096573386678,600.0,454.3265627171124,1.9281139311933657,34.56907219891252,36.640947721830095,24.9926113720964,10.55,59.730932082731805,3442.5,1877.5,0.0,0.0,15096.463181298745,15292.379095470611,6.944444444444445,9.602520055253477,10.178041033841694,35174,True,"27/29 °C and 1000/1200 ppm are illustrative experiment targets, not universal regulatory limits.",False
30,80,4,0.0,baseline,29.932050510792237,28.878316935212762,25.945085402333177,600.0,451.8035163244296,1.852077844494488,39.391913331086705,43.45323433887105,37.53983321868672,10.55,59.730932082731805,3442.5,2007.5,0.0,0.0,15094.02901888942,15292.379095470611,6.944444444444445,10.942198147524085,12.070342871908625,33974,True,"27/29 °C and 1000/1200 ppm are illustrative experiment targets, not universal regulatory limits.",False
30,80,4,0.02,baseline,29.932050510792237,28.878316935212762,25.945085402333177,600.0,451.8035163244296,1.852077844494488,39.391913331086705,43.45323433887105,37.53983321868672,10.55,59.730932082731805,3442.5,2007.5,0.0,0.0,15094.02901888942,15292.379095470611,6.944444444444445,10.942198147524085,12.070342871908625,33974,True,"27/29 °C and 1000/1200 ppm are illustrative experiment targets, not universal regulatory limits.",False
30,80,4,0.04,baseline,29.932050510792237,28.878316935212762,25.945085402333177,600.0,451.8035163244296,1.852077844494488,39.391913331086705,43.45323433887105,37.53983321868672,10.55,59.730932082731805,3442.5,2007.5,0.0,0.0,15094.02901888942,15292.379095470611,6.944444444444445,10.942198147524085,12.070342871908625,33974,True,"27/29 °C and 1000/1200 ppm are illustrative experiment targets, not universal regulatory limits.",False
30,80,4,0.06,baseline,29.932050510792237,28.878316935212762,25.945085402333177,600.0,451.8035163244296,1.852077844494488,39.391913331086705,43.45323433887105,37.53983321868672,10.55,59.730932082731805,3442.5,2007.5,0.0,0.0,15094.02901888942,15292.379095470611,6.944444444444445,10.942198147524085,12.070342871908625,33974,True,"27/29 °C and 1000/1200 ppm are illustrative experiment targets, not universal regulatory limits.",False
30,80,4,0.08,baseline,29.932050510792237,28.878316935212762,25.945085402333177,600.0,451.8035163244296,1.852077844494488,39.391913331086705,43.45323433887105,37.53983321868672,10.55,59.730932082731805,3442.5,2007.5,0.0,0.0,15094.02901888942,15292.379095470611,6.944444444444445,10.942198147524085,12.070342871908625,33974,True,"27/29 °C and 1000/1200 ppm are illustrative experiment targets, not universal regulatory limits.",False
30,80,6,0.0,baseline,29.97944395213358,28.927931712647283,25.950646138806576,600.0,449.6728446521373,1.7936427311360603,44.40463747516296,50.41596661032235,54.66008303409853,10.55,59.730932082731805,3442.5,2137.5,0.0,0.0,15091.759715210002,15292.379095470611,6.944444444444445,12.334621520878597,14.004435169533986,32840,True,"27/29 °C and 1000/1200 ppm are illustrative experiment targets, not universal regulatory limits.",False
30,80,6,0.02,baseline,29.97944395213358,28.927931712647283,25.950646138806576,600.0,449.6728446521373,1.7936427311360603,44.40463747516296,50.41596661032235,54.66008303409853,10.55,59.730932082731805,3442.5,2137.5,0.0,0.0,15091.759715210002,15292.379095470611,6.944444444444445,12.334621520878597,14.004435169533986,32840,True,"27/29 °C and 1000/1200 ppm are illustrative experiment targets, not universal regulatory limits.",False
30,80,6,0.04,baseline,29.97944395213358,28.927931712647283,25.950646138806576,600.0,449.6728446521373,1.7936427311360603,44.40463747516296,50.41596661032235,54.66008303409853,10.55,59.730932082731805,3442.5,2137.5,0.0,0.0,15091.759715210002,15292.379095470611,6.944444444444445,12.334621520878597,14.004435169533986,32840,True,"27/29 °C and 1000/1200 ppm are illustrative experiment targets, not universal regulatory limits.",False
30,80,6,0.06,baseline,29.97944395213358,28.927931712647283,25.950646138806576,600.0,449.6728446521373,1.7936427311360603,44.40463747516296,50.41596661032235,54.66008303409853,10.55,59.730932082731805,3442.5,2137.5,0.0,0.0,15091.759715210002,15292.379095470611,6.944444444444445,12.334621520878597,14.004435169533986,32840,True,"27/29 °C and 1000/1200 ppm are illustrative experiment targets, not universal regulatory limits.",False
30,80,6,0.08,baseline,29.97944395213358,28.927931712647283,25.950646138806576,600.0,449.6728446521373,1.7936427311360603,44.40463747516296,50.41596661032235,54.66008303409853,10.55,59.730932082731805,3442.5,2137.5,0.0,0.0,15091.759715210002,15292.379095470611,6.944444444444445,12.334621520878597,14.004435169533986,32840,True,"27/29 °C and 1000/1200 ppm are illustrative experiment targets, not universal regulatory limits.",False
30,80,8,0.0,baseline,30.019708497801275,28.97397764285947,25.955797462420378,600.0,447.8567449593713,1.7461393865232822,49.58642287033377,57.48873477421814,77.28841428814272,10.55,59.730932082731805,3447.5,2277.5,0.0,0.0,15089.750431967415,15292.379095470611,6.944444444444445,13.774006352870492,15.969092992838373,31790,True,"27/29 °C and 1000/1200 ppm are illustrative experiment targets, not universal regulatory limits.",False
30,80,8,0.02,baseline,30.019708497801275,28.97397764285947,25.955797462420378,600.0,447.8567449593713,1.7461393865232822,49.58642287033377,57.48873477421814,77.28841428814272,10.55,59.730932082731805,3447.5,2277.5,0.0,0.0,15089.750431967415,15292.379095470611,6.944444444444445,13.774006352870492,15.969092992838373,31790,True,"27/29 °C and 1000/1200 ppm are illustrative experiment targets, not universal regulatory limits.",False
30,80,8,0.04,baseline,30.019708497801275,28.97397764285947,25.955797462420378,600.0,447.8567449593713,1.7461393865232822,49.58642287033377,57.48873477421814,77.28841428814272,10.55,59.730932082731805,3447.5,2277.5,0.0,0.0,15089.750431967415,15292.379095470611,6.944444444444445,13.774006352870492,15.969092992838373,31790,True,"27/29 °C and 1000/1200 ppm are illustrative experiment targets, not universal regulatory limits.",False
30,80,8,0.06,baseline,30.019708497801275,28.97397764285947,25.955797462420378,600.0,447.8567449593713,1.7461393865232822,49.58642287033377,57.48873477421814,77.28841428814272,10.55,59.730932082731805,3447.5,2277.5,0.0,0.0,15089.750431967415,15292.379095470611,6.944444444444445,13.774006352870492,15.969092992838373,31790,True,"27/29 °C and 1000/1200 ppm are illustrative experiment targets, not universal regulatory limits.",False
30,80,8,0.08,baseline,30.019708497801275,28.97397764285947,25.955797462420378,600.0,447.8567449593713,1.7461393865232822,49.58642287033377,57.48873477421814,77.28841428814272,10.55,59.730932082731805,3447.5,2277.5,0.0,0.0,15089.750431967415,15292.379095470611,6.944444444444445,13.774006352870492,15.969092992838373,31790,True,"27/29 °C and 1000/1200 ppm are illustrative experiment targets, not universal regulatory limits.",False
30,90,0,0.0,baseline,29.82816054743381,28.767805943880447,25.932667205634914,600.0,457.36346951525906,2.0022176508791745,29.958236927339595,29.999999999999986,16.137808153793724,10.55,59.730932082731805,3442.5,1757.5,0.0,0.0,15099.159272484547,15292.379095470611,6.944444444444445,8.321732479816552,8.333333333333329,35408,True,"27/29 °C and 1000/1200 ppm are illustrative experiment targets, not universal regulatory limits.",False
30,90,0,0.02,baseline,29.82816054743381,28.767805943880447,25.932667205634914,600.0,457.36346951525906,2.0022176508791745,29.958236927339595,29.999999999999986,16.137808153793724,10.55,59.730932082731805,3442.5,1757.5,0.0,0.0,15099.159272484547,15292.379095470611,6.944444444444445,8.321732479816552,8.333333333333329,35408,True,"27/29 °C and 1000/1200 ppm are illustrative experiment targets, not universal regulatory limits.",False
30,90,0,0.04,baseline,29.82816054743381,28.767805943880447,25.932667205634914,600.0,457.36346951525906,2.0022176508791745,29.958236927339595,29.999999999999986,16.137808153793724,10.55,59.730932082731805,3442.5,1757.5,0.0,0.0,15099.159272484547,15292.379095470611,6.944444444444445,8.321732479816552,8.333333333333329,35408,True,"27/29 °C and 1000/1200 ppm are illustrative experiment targets, not universal regulatory limits.",False
30,90,0,0.06,baseline,29.82816054743381,28.767805943880447,25.932667205634914,600.0,457.36346951525906,2.0022176508791745,29.958236927339595,29.999999999999986,16.137808153793724,10.55,59.730932082731805,3442.5,1757.5,0.0,0.0,15099.159272484547,15292.379095470611,6.944444444444445,8.321732479816552,8.333333333333329,35408,True,"27/29 °C and 1000/1200 ppm are illustrative experiment targets, not universal regulatory limits.",False
30,90,0,0.08,baseline,29.82816054743381,28.767805943880447,25.932667205634914,600.0,457.36346951525906,2.0022176508791745,29.958236927339595,29.999999999999986,16.137808153793724,10.55,59.730932082731805,3442.5,1757.5,0.0,0.0,15099.159272484547,15292.379095470611,6.944444444444445,8.321732479816552,8.333333333333329,35408,True,"27/29 °C and 1000/1200 ppm are illustrative experiment targets, not universal regulatory limits.",False
30,90,2,0.0,baseline,29.882298599913213,28.824969252791387,25.939096573386678,600.0,454.3265627171124,1.9281139311933657,34.56907219891252,36.640947721830095,24.9926113720964,10.55,59.730932082731805,3442.5,1877.5,0.0,0.0,15096.463181298745,15292.379095470611,6.944444444444445,9.602520055253477,10.178041033841694,35174,True,"27/29 °C and 1000/1200 ppm are illustrative experiment targets, not universal regulatory limits.",False
30,90,2,0.02,baseline,29.882298599913213,28.824969252791387,25.939096573386678,600.0,454.3265627171124,1.9281139311933657,34.56907219891252,36.640947721830095,24.9926113720964,10.55,59.730932082731805,3442.5,1877.5,0.0,0.0,15096.463181298745,15292.379095470611,6.944444444444445,9.602520055253477,10.178041033841694,35174,True,"27/29 °C and 1000/1200 ppm are illustrative experiment targets, not universal regulatory limits.",False
30,90,2,0.04,baseline,29.882298599913213,28.824969252791387,25.939096573386678,600.0,454.3265627171124,1.9281139311933657,34.56907219891252,36.640947721830095,24.9926113720964,10.55,59.730932082731805,3442.5,1877.5,0.0,0.0,15096.463181298745,15292.379095470611,6.944444444444445,9.602520055253477,10.178041033841694,35174,True,"27/29 °C and 1000/1200 ppm are illustrative experiment targets, not universal regulatory limits.",False
30,90,2,0.06,baseline,29.882298599913213,28.824969252791387,25.939096573386678,600.0,454.3265627171124,1.9281139311933657,34.56907219891252,36.640947721830095,24.9926113720964,10.55,59.730932082731805,3442.5,1877.5,0.0,0.0,15096.463181298745,15292.379095470611,6.944444444444445,9.602520055253477,10.178041033841694,35174,True,"27/29 °C and 1000/1200 ppm are illustrative experiment targets, not universal regulatory limits.",False
30,90,2,0.08,baseline,29.882298599913213,28.824969252791387,25.939096573386678,600.0,454.3265627171124,1.9281139311933657,34.56907219891252,36.640947721830095,24.9926113720964,10.55,59.730932082731805,3442.5,1877.5,0.0,0.0,15096.463181298745,15292.379095470611,6.944444444444445,9.602520055253477,10.178041033841694,35174,True,"27/29 °C and 1000/1200 ppm are illustrative experiment targets, not universal regulatory limits.",False
30,90,4,0.0,baseline,29.932050510792237,28.878316935212762,25.945085402333177,600.0,451.8035163244296,1.852077844494488,39.391913331086705,43.45323433887105,37.53983321868672,10.55,59.730932082731805,3442.5,2007.5,0.0,0.0,15094.02901888942,15292.379095470611,6.944444444444445,10.942198147524085,12.070342871908625,33974,True,"27/29 °C and 1000/1200 ppm are illustrative experiment targets, not universal regulatory limits.",False
30,90,4,0.02,baseline,29.932050510792237,28.878316935212762,25.945085402333177,600.0,451.8035163244296,1.852077844494488,39.391913331086705,43.45323433887105,37.53983321868672,10.55,59.730932082731805,3442.5,2007.5,0.0,0.0,15094.02901888942,15292.379095470611,6.944444444444445,10.942198147524085,12.070342871908625,33974,True,"27/29 °C and 1000/1200 ppm are illustrative experiment targets, not universal regulatory limits.",False
30,90,4,0.04,baseline,29.932050510792237,28.878316935212762,25.945085402333177,600.0,451.8035163244296,1.852077844494488,39.391913331086705,43.45323433887105,37.53983321868672,10.55,59.730932082731805,3442.5,2007.5,0.0,0.0,15094.02901888942,15292.379095470611,6.944444444444445,10.942198147524085,12.070342871908625,33974,True,"27/29 °C and 1000/1200 ppm are illustrative experiment targets, not universal regulatory limits.",False
30,90,4,0.06,baseline,29.932050510792237,28.878316935212762,25.945085402333177,600.0,451.8035163244296,1.852077844494488,39.391913331086705,43.45323433887105,37.53983321868672,10.55,59.730932082731805,3442.5,2007.5,0.0,0.0,15094.02901888942,15292.379095470611,6.944444444444445,10.942198147524085,12.070342871908625,33974,True,"27/29 °C and 1000/1200 ppm are illustrative experiment targets, not universal regulatory limits.",False
30,90,4,0.08,baseline,29.932050510792237,28.878316935212762,25.945085402333177,600.0,451.8035163244296,1.852077844494488,39.391913331086705,43.45323433887105,37.53983321868672,10.55,59.730932082731805,3442.5,2007.5,0.0,0.0,15094.02901888942,15292.379095470611,6.944444444444445,10.942198147524085,12.070342871908625,33974,True,"27/29 °C and 1000/1200 ppm are illustrative experiment targets, not universal regulatory limits.",False
30,90,6,0.0,baseline,29.97944395213358,28.927931712647283,25.950646138806576,600.0,449.6728446521373,1.7936427311360603,44.40463747516296,50.41596661032235,54.66008303409853,10.55,59.730932082731805,3442.5,2137.5,0.0,0.0,15091.759715210002,15292.379095470611,6.944444444444445,12.334621520878597,14.004435169533986,32840,True,"27/29 °C and 1000/1200 ppm are illustrative experiment targets, not universal regulatory limits.",False
30,90,6,0.02,baseline,29.97944395213358,28.927931712647283,25.950646138806576,600.0,449.6728446521373,1.7936427311360603,44.40463747516296,50.41596661032235,54.66008303409853,10.55,59.730932082731805,3442.5,2137.5,0.0,0.0,15091.759715210002,15292.379095470611,6.944444444444445,12.334621520878597,14.004435169533986,32840,True,"27/29 °C and 1000/1200 ppm are illustrative experiment targets, not universal regulatory limits.",False
30,90,6,0.04,baseline,29.97944395213358,28.927931712647283,25.950646138806576,600.0,449.6728446521373,1.7936427311360603,44.40463747516296,50.41596661032235,54.66008303409853,10.55,59.730932082731805,3442.5,2137.5,0.0,0.0,15091.759715210002,15292.379095470611,6.944444444444445,12.334621520878597,14.004435169533986,32840,True,"27/29 °C and 1000/1200 ppm are illustrative experiment targets, not universal regulatory limits.",False
30,90,6,0.06,baseline,29.97944395213358,28.927931712647283,25.950646138806576,600.0,449.6728446521373,1.7936427311360603,44.40463747516296,50.41596661032235,54.66008303409853,10.55,59.730932082731805,3442.5,2137.5,0.0,0.0,15091.759715210002,15292.379095470611,6.944444444444445,12.334621520878597,14.004435169533986,32840,True,"27/29 °C and 1000/1200 ppm are illustrative experiment targets, not universal regulatory limits.",False
30,90,6,0.08,baseline,29.97944395213358,28.927931712647283,25.950646138806576,600.0,449.6728446521373,1.7936427311360603,44.40463747516296,50.41596661032235,54.66008303409853,10.55,59.730932082731805,3442.5,2137.5,0.0,0.0,15091.759715210002,15292.379095470611,6.944444444444445,12.334621520878597,14.004435169533986,32840,True,"27/29 °C and 1000/1200 ppm are illustrative experiment targets, not universal regulatory limits.",False
30,90,8,0.0,baseline,30.019708497801275,28.97397764285947,25.955797462420378,600.0,447.8567449593713,1.7461393865232822,49.58642287033377,57.48873477421814,77.28841428814272,10.55,59.730932082731805,3447.5,2277.5,0.0,0.0,15089.750431967415,15292.379095470611,6.944444444444445,13.774006352870492,15.969092992838373,31790,True,"27/29 °C and 1000/1200 ppm are illustrative experiment targets, not universal regulatory limits.",False
30,90,8,0.02,baseline,30.019708497801275,28.97397764285947,25.955797462420378,600.0,447.8567449593713,1.7461393865232822,49.58642287033377,57.48873477421814,77.28841428814272,10.55,59.730932082731805,3447.5,2277.5,0.0,0.0,15089.750431967415,15292.379095470611,6.944444444444445,13.774006352870492,15.969092992838373,31790,True,"27/29 °C and 1000/1200 ppm are illustrative experiment targets, not universal regulatory limits.",False
30,90,8,0.04,baseline,30.019708497801275,28.97397764285947,25.955797462420378,600.0,447.8567449593713,1.7461393865232822,49.58642287033377,57.48873477421814,77.28841428814272,10.55,59.730932082731805,3447.5,2277.5,0.0,0.0,15089.750431967415,15292.379095470611,6.944444444444445,13.774006352870492,15.969092992838373,31790,True,"27/29 °C and 1000/1200 ppm are illustrative experiment targets, not universal regulatory limits.",False
30,90,8,0.06,baseline,30.019708497801275,28.97397764285947,25.955797462420378,600.0,447.8567449593713,1.7461393865232822,49.58642287033377,57.48873477421814,77.28841428814272,10.55,59.730932082731805,3447.5,2277.5,0.0,0.0,15089.750431967415,15292.379095470611,6.944444444444445,13.774006352870492,15.969092992838373,31790,True,"27/29 °C and 1000/1200 ppm are illustrative experiment targets, not universal regulatory limits.",False
30,90,8,0.08,baseline,30.019708497801275,28.97397764285947,25.955797462420378,600.0,447.8567449593713,1.7461393865232822,49.58642287033377,57.48873477421814,77.28841428814272,10.55,59.730932082731805,3447.5,2277.5,0.0,0.0,15089.750431967415,15292.379095470611,6.944444444444445,13.774006352870492,15.969092992838373,31790,True,"27/29 °C and 1000/1200 ppm are illustrative experiment targets, not universal regulatory limits.",False
30,100,0,0.0,baseline,29.82816054743381,28.767805943880447,25.932667205634914,600.0,457.36346951525906,2.0022176508791745,29.958236927339595,29.999999999999986,16.137808153793724,10.55,59.730932082731805,3442.5,1757.5,0.0,0.0,15099.159272484547,15292.379095470611,6.944444444444445,8.321732479816552,8.333333333333329,35408,True,"27/29 °C and 1000/1200 ppm are illustrative experiment targets, not universal regulatory limits.",False
30,100,0,0.02,baseline,29.82816054743381,28.767805943880447,25.932667205634914,600.0,457.36346951525906,2.0022176508791745,29.958236927339595,29.999999999999986,16.137808153793724,10.55,59.730932082731805,3442.5,1757.5,0.0,0.0,15099.159272484547,15292.379095470611,6.944444444444445,8.321732479816552,8.333333333333329,35408,True,"27/29 °C and 1000/1200 ppm are illustrative experiment targets, not universal regulatory limits.",False
30,100,0,0.04,baseline,29.82816054743381,28.767805943880447,25.932667205634914,600.0,457.36346951525906,2.0022176508791745,29.958236927339595,29.999999999999986,16.137808153793724,10.55,59.730932082731805,3442.5,1757.5,0.0,0.0,15099.159272484547,15292.379095470611,6.944444444444445,8.321732479816552,8.333333333333329,35408,True,"27/29 °C and 1000/1200 ppm are illustrative experiment targets, not universal regulatory limits.",False
30,100,0,0.06,baseline,29.82816054743381,28.767805943880447,25.932667205634914,600.0,457.36346951525906,2.0022176508791745,29.958236927339595,29.999999999999986,16.137808153793724,10.55,59.730932082731805,3442.5,1757.5,0.0,0.0,15099.159272484547,15292.379095470611,6.944444444444445,8.321732479816552,8.333333333333329,35408,True,"27/29 °C and 1000/1200 ppm are illustrative experiment targets, not universal regulatory limits.",False
30,100,0,0.08,baseline,29.82816054743381,28.767805943880447,25.932667205634914,600.0,457.36346951525906,2.0022176508791745,29.958236927339595,29.999999999999986,16.137808153793724,10.55,59.730932082731805,3442.5,1757.5,0.0,0.0,15099.159272484547,15292.379095470611,6.944444444444445,8.321732479816552,8.333333333333329,35408,True,"27/29 °C and 1000/1200 ppm are illustrative experiment targets, not universal regulatory limits.",False
30,100,2,0.0,baseline,29.882298599913213,28.824969252791387,25.939096573386678,600.0,454.3265627171124,1.9281139311933657,34.56907219891252,36.640947721830095,24.9926113720964,10.55,59.730932082731805,3442.5,1877.5,0.0,0.0,15096.463181298745,15292.379095470611,6.944444444444445,9.602520055253477,10.178041033841694,35174,True,"27/29 °C and 1000/1200 ppm are illustrative experiment targets, not universal regulatory limits.",False
30,100,2,0.02,baseline,29.882298599913213,28.824969252791387,25.939096573386678,600.0,454.3265627171124,1.9281139311933657,34.56907219891252,36.640947721830095,24.9926113720964,10.55,59.730932082731805,3442.5,1877.5,0.0,0.0,15096.463181298745,15292.379095470611,6.944444444444445,9.602520055253477,10.178041033841694,35174,True,"27/29 °C and 1000/1200 ppm are illustrative experiment targets, not universal regulatory limits.",False
30,100,2,0.04,baseline,29.882298599913213,28.824969252791387,25.939096573386678,600.0,454.3265627171124,1.9281139311933657,34.56907219891252,36.640947721830095,24.9926113720964,10.55,59.730932082731805,3442.5,1877.5,0.0,0.0,15096.463181298745,15292.379095470611,6.944444444444445,9.602520055253477,10.178041033841694,35174,True,"27/29 °C and 1000/1200 ppm are illustrative experiment targets, not universal regulatory limits.",False
30,100,2,0.06,baseline,29.882298599913213,28.824969252791387,25.939096573386678,600.0,454.3265627171124,1.9281139311933657,34.56907219891252,36.640947721830095,24.9926113720964,10.55,59.730932082731805,3442.5,1877.5,0.0,0.0,15096.463181298745,15292.379095470611,6.944444444444445,9.602520055253477,10.178041033841694,35174,True,"27/29 °C and 1000/1200 ppm are illustrative experiment targets, not universal regulatory limits.",False
30,100,2,0.08,baseline,29.882298599913213,28.824969252791387,25.939096573386678,600.0,454.3265627171124,1.9281139311933657,34.56907219891252,36.640947721830095,24.9926113720964,10.55,59.730932082731805,3442.5,1877.5,0.0,0.0,15096.463181298745,15292.379095470611,6.944444444444445,9.602520055253477,10.178041033841694,35174,True,"27/29 °C and 1000/1200 ppm are illustrative experiment targets, not universal regulatory limits.",False
30,100,4,0.0,baseline,29.932050510792237,28.878316935212762,25.945085402333177,600.0,451.8035163244296,1.852077844494488,39.391913331086705,43.45323433887105,37.53983321868672,10.55,59.730932082731805,3442.5,2007.5,0.0,0.0,15094.02901888942,15292.379095470611,6.944444444444445,10.942198147524085,12.070342871908625,33974,True,"27/29 °C and 1000/1200 ppm are illustrative experiment targets, not universal regulatory limits.",False
30,100,4,0.02,baseline,29.932050510792237,28.878316935212762,25.945085402333177,600.0,451.8035163244296,1.852077844494488,39.391913331086705,43.45323433887105,37.53983321868672,10.55,59.730932082731805,3442.5,2007.5,0.0,0.0,15094.02901888942,15292.379095470611,6.944444444444445,10.942198147524085,12.070342871908625,33974,True,"27/29 °C and 1000/1200 ppm are illustrative experiment targets, not universal regulatory limits.",False
30,100,4,0.04,baseline,29.932050510792237,28.878316935212762,25.945085402333177,600.0,451.8035163244296,1.852077844494488,39.391913331086705,43.45323433887105,37.53983321868672,10.55,59.730932082731805,3442.5,2007.5,0.0,0.0,15094.02901888942,15292.379095470611,6.944444444444445,10.942198147524085,12.070342871908625,33974,True,"27/29 °C and 1000/1200 ppm are illustrative experiment targets, not universal regulatory limits.",False
30,100,4,0.06,baseline,29.932050510792237,28.878316935212762,25.945085402333177,600.0,451.8035163244296,1.852077844494488,39.391913331086705,43.45323433887105,37.53983321868672,10.55,59.730932082731805,3442.5,2007.5,0.0,0.0,15094.02901888942,15292.379095470611,6.944444444444445,10.942198147524085,12.070342871908625,33974,True,"27/29 °C and 1000/1200 ppm are illustrative experiment targets, not universal regulatory limits.",False
30,100,4,0.08,baseline,29.932050510792237,28.878316935212762,25.945085402333177,600.0,451.8035163244296,1.852077844494488,39.391913331086705,43.45323433887105,37.53983321868672,10.55,59.730932082731805,3442.5,2007.5,0.0,0.0,15094.02901888942,15292.379095470611,6.944444444444445,10.942198147524085,12.070342871908625,33974,True,"27/29 °C and 1000/1200 ppm are illustrative experiment targets, not universal regulatory limits.",False
30,100,6,0.0,baseline,29.97944395213358,28.927931712647283,25.950646138806576,600.0,449.6728446521373,1.7936427311360603,44.40463747516296,50.41596661032235,54.66008303409853,10.55,59.730932082731805,3442.5,2137.5,0.0,0.0,15091.759715210002,15292.379095470611,6.944444444444445,12.334621520878597,14.004435169533986,32840,True,"27/29 °C and 1000/1200 ppm are illustrative experiment targets, not universal regulatory limits.",False
30,100,6,0.02,baseline,29.97944395213358,28.927931712647283,25.950646138806576,600.0,449.6728446521373,1.7936427311360603,44.40463747516296,50.41596661032235,54.66008303409853,10.55,59.730932082731805,3442.5,2137.5,0.0,0.0,15091.759715210002,15292.379095470611,6.944444444444445,12.334621520878597,14.004435169533986,32840,True,"27/29 °C and 1000/1200 ppm are illustrative experiment targets, not universal regulatory limits.",False
30,100,6,0.04,baseline,29.97944395213358,28.927931712647283,25.950646138806576,600.0,449.6728446521373,1.7936427311360603,44.40463747516296,50.41596661032235,54.66008303409853,10.55,59.730932082731805,3442.5,2137.5,0.0,0.0,15091.759715210002,15292.379095470611,6.944444444444445,12.334621520878597,14.004435169533986,32840,True,"27/29 °C and 1000/1200 ppm are illustrative experiment targets, not universal regulatory limits.",False
30,100,6,0.06,baseline,29.97944395213358,28.927931712647283,25.950646138806576,600.0,449.6728446521373,1.7936427311360603,44.40463747516296,50.41596661032235,54.66008303409853,10.55,59.730932082731805,3442.5,2137.5,0.0,0.0,15091.759715210002,15292.379095470611,6.944444444444445,12.334621520878597,14.004435169533986,32840,True,"27/29 °C and 1000/1200 ppm are illustrative experiment targets, not universal regulatory limits.",False
30,100,6,0.08,baseline,29.97944395213358,28.927931712647283,25.950646138806576,600.0,449.6728446521373,1.7936427311360603,44.40463747516296,50.41596661032235,54.66008303409853,10.55,59.730932082731805,3442.5,2137.5,0.0,0.0,15091.759715210002,15292.379095470611,6.944444444444445,12.334621520878597,14.004435169533986,32840,True,"27/29 °C and 1000/1200 ppm are illustrative experiment targets, not universal regulatory limits.",False
30,100,8,0.0,baseline,30.019708497801275,28.97397764285947,25.955797462420378,600.0,447.8567449593713,1.7461393865232822,49.58642287033377,57.48873477421814,77.28841428814272,10.55,59.730932082731805,3447.5,2277.5,0.0,0.0,15089.750431967415,15292.379095470611,6.944444444444445,13.774006352870492,15.969092992838373,31790,True,"27/29 °C and 1000/1200 ppm are illustrative experiment targets, not universal regulatory limits.",False
30,100,8,0.02,baseline,30.019708497801275,28.97397764285947,25.955797462420378,600.0,447.8567449593713,1.7461393865232822,49.58642287033377,57.48873477421814,77.28841428814272,10.55,59.730932082731805,3447.5,2277.5,0.0,0.0,15089.750431967415,15292.379095470611,6.944444444444445,13.774006352870492,15.969092992838373,31790,True,"27/29 °C and 1000/1200 ppm are illustrative experiment targets, not universal regulatory limits.",False
30,100,8,0.04,baseline,30.019708497801275,28.97397764285947,25.955797462420378,600.0,447.8567449593713,1.7461393865232822,49.58642287033377,57.48873477421814,77.28841428814272,10.55,59.730932082731805,3447.5,2277.5,0.0,0.0,15089.750431967415,15292.379095470611,6.944444444444445,13.774006352870492,15.969092992838373,31790,True,"27/29 °C and 1000/1200 ppm are illustrative experiment targets, not universal regulatory limits.",False
30,100,8,0.06,baseline,30.019708497801275,28.97397764285947,25.955797462420378,600.0,447.8567449593713,1.7461393865232822,49.58642287033377,57.48873477421814,77.28841428814272,10.55,59.730932082731805,3447.5,2277.5,0.0,0.0,15089.750431967415,15292.379095470611,6.944444444444445,13.774006352870492,15.969092992838373,31790,True,"27/29 °C and 1000/1200 ppm are illustrative experiment targets, not universal regulatory limits.",False
30,100,8,0.08,baseline,30.019708497801275,28.97397764285947,25.955797462420378,600.0,447.8567449593713,1.7461393865232822,49.58642287033377,57.48873477421814,77.28841428814272,10.55,59.730932082731805,3447.5,2277.5,0.0,0.0,15089.750431967415,15292.379095470611,6.944444444444445,13.774006352870492,15.969092992838373,31790,True,"27/29 °C and 1000/1200 ppm are illustrative experiment targets, not universal regulatory limits.",False
30,110,0,0.0,baseline,29.82816054743381,28.767805943880447,25.932667205634914,600.0,457.36346951525906,2.0022176508791745,29.958236927339595,29.999999999999986,16.137808153793724,10.55,59.730932082731805,3442.5,1757.5,0.0,0.0,15099.159272484547,15292.379095470611,6.944444444444445,8.321732479816552,8.333333333333329,35408,True,"27/29 °C and 1000/1200 ppm are illustrative experiment targets, not universal regulatory limits.",False
30,110,0,0.02,baseline,29.82816054743381,28.767805943880447,25.932667205634914,600.0,457.36346951525906,2.0022176508791745,29.958236927339595,29.999999999999986,16.137808153793724,10.55,59.730932082731805,3442.5,1757.5,0.0,0.0,15099.159272484547,15292.379095470611,6.944444444444445,8.321732479816552,8.333333333333329,35408,True,"27/29 °C and 1000/1200 ppm are illustrative experiment targets, not universal regulatory limits.",False
30,110,0,0.04,baseline,29.82816054743381,28.767805943880447,25.932667205634914,600.0,457.36346951525906,2.0022176508791745,29.958236927339595,29.999999999999986,16.137808153793724,10.55,59.730932082731805,3442.5,1757.5,0.0,0.0,15099.159272484547,15292.379095470611,6.944444444444445,8.321732479816552,8.333333333333329,35408,True,"27/29 °C and 1000/1200 ppm are illustrative experiment targets, not universal regulatory limits.",False
30,110,0,0.06,baseline,29.82816054743381,28.767805943880447,25.932667205634914,600.0,457.36346951525906,2.0022176508791745,29.958236927339595,29.999999999999986,16.137808153793724,10.55,59.730932082731805,3442.5,1757.5,0.0,0.0,15099.159272484547,15292.379095470611,6.944444444444445,8.321732479816552,8.333333333333329,35408,True,"27/29 °C and 1000/1200 ppm are illustrative experiment targets, not universal regulatory limits.",False
30,110,0,0.08,baseline,29.82816054743381,28.767805943880447,25.932667205634914,600.0,457.36346951525906,2.0022176508791745,29.958236927339595,29.999999999999986,16.137808153793724,10.55,59.730932082731805,3442.5,1757.5,0.0,0.0,15099.159272484547,15292.379095470611,6.944444444444445,8.321732479816552,8.333333333333329,35408,True,"27/29 °C and 1000/1200 ppm are illustrative experiment targets, not universal regulatory limits.",False
30,110,2,0.0,baseline,29.882298599913213,28.824969252791387,25.939096573386678,600.0,454.3265627171124,1.9281139311933657,34.56907219891252,36.640947721830095,24.9926113720964,10.55,59.730932082731805,3442.5,1877.5,0.0,0.0,15096.463181298745,15292.379095470611,6.944444444444445,9.602520055253477,10.178041033841694,35174,True,"27/29 °C and 1000/1200 ppm are illustrative experiment targets, not universal regulatory limits.",False
30,110,2,0.02,baseline,29.882298599913213,28.824969252791387,25.939096573386678,600.0,454.3265627171124,1.9281139311933657,34.56907219891252,36.640947721830095,24.9926113720964,10.55,59.730932082731805,3442.5,1877.5,0.0,0.0,15096.463181298745,15292.379095470611,6.944444444444445,9.602520055253477,10.178041033841694,35174,True,"27/29 °C and 1000/1200 ppm are illustrative experiment targets, not universal regulatory limits.",False
30,110,2,0.04,baseline,29.882298599913213,28.824969252791387,25.939096573386678,600.0,454.3265627171124,1.9281139311933657,34.56907219891252,36.640947721830095,24.9926113720964,10.55,59.730932082731805,3442.5,1877.5,0.0,0.0,15096.463181298745,15292.379095470611,6.944444444444445,9.602520055253477,10.178041033841694,35174,True,"27/29 °C and 1000/1200 ppm are illustrative experiment targets, not universal regulatory limits.",False
30,110,2,0.06,baseline,29.882298599913213,28.824969252791387,25.939096573386678,600.0,454.3265627171124,1.9281139311933657,34.56907219891252,36.640947721830095,24.9926113720964,10.55,59.730932082731805,3442.5,1877.5,0.0,0.0,15096.463181298745,15292.379095470611,6.944444444444445,9.602520055253477,10.178041033841694,35174,True,"27/29 °C and 1000/1200 ppm are illustrative experiment targets, not universal regulatory limits.",False
30,110,2,0.08,baseline,29.882298599913213,28.824969252791387,25.939096573386678,600.0,454.3265627171124,1.9281139311933657,34.56907219891252,36.640947721830095,24.9926113720964,10.55,59.730932082731805,3442.5,1877.5,0.0,0.0,15096.463181298745,15292.379095470611,6.944444444444445,9.602520055253477,10.178041033841694,35174,True,"27/29 °C and 1000/1200 ppm are illustrative experiment targets, not universal regulatory limits.",False
30,110,4,0.0,baseline,29.932050510792237,28.878316935212762,25.945085402333177,600.0,451.8035163244296,1.852077844494488,39.391913331086705,43.45323433887105,37.53983321868672,10.55,59.730932082731805,3442.5,2007.5,0.0,0.0,15094.02901888942,15292.379095470611,6.944444444444445,10.942198147524085,12.070342871908625,33974,True,"27/29 °C and 1000/1200 ppm are illustrative experiment targets, not universal regulatory limits.",False
30,110,4,0.02,baseline,29.932050510792237,28.878316935212762,25.945085402333177,600.0,451.8035163244296,1.852077844494488,39.391913331086705,43.45323433887105,37.53983321868672,10.55,59.730932082731805,3442.5,2007.5,0.0,0.0,15094.02901888942,15292.379095470611,6.944444444444445,10.942198147524085,12.070342871908625,33974,True,"27/29 °C and 1000/1200 ppm are illustrative experiment targets, not universal regulatory limits.",False
30,110,4,0.04,baseline,29.932050510792237,28.878316935212762,25.945085402333177,600.0,451.8035163244296,1.852077844494488,39.391913331086705,43.45323433887105,37.53983321868672,10.55,59.730932082731805,3442.5,2007.5,0.0,0.0,15094.02901888942,15292.379095470611,6.944444444444445,10.942198147524085,12.070342871908625,33974,True,"27/29 °C and 1000/1200 ppm are illustrative experiment targets, not universal regulatory limits.",False
30,110,4,0.06,baseline,29.932050510792237,28.878316935212762,25.945085402333177,600.0,451.8035163244296,1.852077844494488,39.391913331086705,43.45323433887105,37.53983321868672,10.55,59.730932082731805,3442.5,2007.5,0.0,0.0,15094.02901888942,15292.379095470611,6.944444444444445,10.942198147524085,12.070342871908625,33974,True,"27/29 °C and 1000/1200 ppm are illustrative experiment targets, not universal regulatory limits.",False
30,110,4,0.08,baseline,29.932050510792237,28.878316935212762,25.945085402333177,600.0,451.8035163244296,1.852077844494488,39.391913331086705,43.45323433887105,37.53983321868672,10.55,59.730932082731805,3442.5,2007.5,0.0,0.0,15094.02901888942,15292.379095470611,6.944444444444445,10.942198147524085,12.070342871908625,33974,True,"27/29 °C and 1000/1200 ppm are illustrative experiment targets, not universal regulatory limits.",False
30,110,6,0.0,baseline,29.97944395213358,28.927931712647283,25.950646138806576,600.0,449.6728446521373,1.7936427311360603,44.40463747516296,50.41596661032235,54.66008303409853,10.55,59.730932082731805,3442.5,2137.5,0.0,0.0,15091.759715210002,15292.379095470611,6.944444444444445,12.334621520878597,14.004435169533986,32840,True,"27/29 °C and 1000/1200 ppm are illustrative experiment targets, not universal regulatory limits.",False
30,110,6,0.02,baseline,29.97944395213358,28.927931712647283,25.950646138806576,600.0,449.6728446521373,1.7936427311360603,44.40463747516296,50.41596661032235,54.66008303409853,10.55,59.730932082731805,3442.5,2137.5,0.0,0.0,15091.759715210002,15292.379095470611,6.944444444444445,12.334621520878597,14.004435169533986,32840,True,"27/29 °C and 1000/1200 ppm are illustrative experiment targets, not universal regulatory limits.",False
30,110,6,0.04,baseline,29.97944395213358,28.927931712647283,25.950646138806576,600.0,449.6728446521373,1.7936427311360603,44.40463747516296,50.41596661032235,54.66008303409853,10.55,59.730932082731805,3442.5,2137.5,0.0,0.0,15091.759715210002,15292.379095470611,6.944444444444445,12.334621520878597,14.004435169533986,32840,True,"27/29 °C and 1000/1200 ppm are illustrative experiment targets, not universal regulatory limits.",False
30,110,6,0.06,baseline,29.97944395213358,28.927931712647283,25.950646138806576,600.0,449.6728446521373,1.7936427311360603,44.40463747516296,50.41596661032235,54.66008303409853,10.55,59.730932082731805,3442.5,2137.5,0.0,0.0,15091.759715210002,15292.379095470611,6.944444444444445,12.334621520878597,14.004435169533986,32840,True,"27/29 °C and 1000/1200 ppm are illustrative experiment targets, not universal regulatory limits.",False
30,110,6,0.08,baseline,29.97944395213358,28.927931712647283,25.950646138806576,600.0,449.6728446521373,1.7936427311360603,44.40463747516296,50.41596661032235,54.66008303409853,10.55,59.730932082731805,3442.5,2137.5,0.0,0.0,15091.759715210002,15292.379095470611,6.944444444444445,12.334621520878597,14.004435169533986,32840,True,"27/29 °C and 1000/1200 ppm are illustrative experiment targets, not universal regulatory limits.",False
30,110,8,0.0,baseline,30.019708497801275,28.97397764285947,25.955797462420378,600.0,447.8567449593713,1.7461393865232822,49.58642287033377,57.48873477421814,77.28841428814272,10.55,59.730932082731805,3447.5,2277.5,0.0,0.0,15089.750431967415,15292.379095470611,6.944444444444445,13.774006352870492,15.969092992838373,31790,True,"27/29 °C and 1000/1200 ppm are illustrative experiment targets, not universal regulatory limits.",False
30,110,8,0.02,baseline,30.019708497801275,28.97397764285947,25.955797462420378,600.0,447.8567449593713,1.7461393865232822,49.58642287033377,57.48873477421814,77.28841428814272,10.55,59.730932082731805,3447.5,2277.5,0.0,0.0,15089.750431967415,15292.379095470611,6.944444444444445,13.774006352870492,15.969092992838373,31790,True,"27/29 °C and 1000/1200 ppm are illustrative experiment targets, not universal regulatory limits.",False
30,110,8,0.04,baseline,30.019708497801275,28.97397764285947,25.955797462420378,600.0,447.8567449593713,1.7461393865232822,49.58642287033377,57.48873477421814,77.28841428814272,10.55,59.730932082731805,3447.5,2277.5,0.0,0.0,15089.750431967415,15292.379095470611,6.944444444444445,13.774006352870492,15.969092992838373,31790,True,"27/29 °C and 1000/1200 ppm are illustrative experiment targets, not universal regulatory limits.",False
30,110,8,0.06,baseline,30.019708497801275,28.97397764285947,25.955797462420378,600.0,447.8567449593713,1.7461393865232822,49.58642287033377,57.48873477421814,77.28841428814272,10.55,59.730932082731805,3447.5,2277.5,0.0,0.0,15089.750431967415,15292.379095470611,6.944444444444445,13.774006352870492,15.969092992838373,31790,True,"27/29 °C and 1000/1200 ppm are illustrative experiment targets, not universal regulatory limits.",False
30,110,8,0.08,baseline,30.019708497801275,28.97397764285947,25.955797462420378,600.0,447.8567449593713,1.7461393865232822,49.58642287033377,57.48873477421814,77.28841428814272,10.55,59.730932082731805,3447.5,2277.5,0.0,0.0,15089.750431967415,15292.379095470611,6.944444444444445,13.774006352870492,15.969092992838373,31790,True,"27/29 °C and 1000/1200 ppm are illustrative experiment targets, not universal regulatory limits.",False
30,120,0,0.0,baseline,29.82816054743381,28.767805943880447,25.932667205634914,600.0,457.36346951525906,2.0022176508791745,29.958236927339595,29.999999999999986,16.137808153793724,10.55,59.730932082731805,3442.5,1757.5,0.0,0.0,15099.159272484547,15292.379095470611,6.944444444444445,8.321732479816552,8.333333333333329,35408,True,"27/29 °C and 1000/1200 ppm are illustrative experiment targets, not universal regulatory limits.",False
30,120,0,0.02,baseline,29.82816054743381,28.767805943880447,25.932667205634914,600.0,457.36346951525906,2.0022176508791745,29.958236927339595,29.999999999999986,16.137808153793724,10.55,59.730932082731805,3442.5,1757.5,0.0,0.0,15099.159272484547,15292.379095470611,6.944444444444445,8.321732479816552,8.333333333333329,35408,True,"27/29 °C and 1000/1200 ppm are illustrative experiment targets, not universal regulatory limits.",False
30,120,0,0.04,baseline,29.82816054743381,28.767805943880447,25.932667205634914,600.0,457.36346951525906,2.0022176508791745,29.958236927339595,29.999999999999986,16.137808153793724,10.55,59.730932082731805,3442.5,1757.5,0.0,0.0,15099.159272484547,15292.379095470611,6.944444444444445,8.321732479816552,8.333333333333329,35408,True,"27/29 °C and 1000/1200 ppm are illustrative experiment targets, not universal regulatory limits.",False
30,120,0,0.06,baseline,29.82816054743381,28.767805943880447,25.932667205634914,600.0,457.36346951525906,2.0022176508791745,29.958236927339595,29.999999999999986,16.137808153793724,10.55,59.730932082731805,3442.5,1757.5,0.0,0.0,15099.159272484547,15292.379095470611,6.944444444444445,8.321732479816552,8.333333333333329,35408,True,"27/29 °C and 1000/1200 ppm are illustrative experiment targets, not universal regulatory limits.",False
30,120,0,0.08,baseline,29.82816054743381,28.767805943880447,25.932667205634914,600.0,457.36346951525906,2.0022176508791745,29.958236927339595,29.999999999999986,16.137808153793724,10.55,59.730932082731805,3442.5,1757.5,0.0,0.0,15099.159272484547,15292.379095470611,6.944444444444445,8.321732479816552,8.333333333333329,35408,True,"27/29 °C and 1000/1200 ppm are illustrative experiment targets, not universal regulatory limits.",False
30,120,2,0.0,baseline,29.882298599913213,28.824969252791387,25.939096573386678,600.0,454.3265627171124,1.9281139311933657,34.56907219891252,36.640947721830095,24.9926113720964,10.55,59.730932082731805,3442.5,1877.5,0.0,0.0,15096.463181298745,15292.379095470611,6.944444444444445,9.602520055253477,10.178041033841694,35174,True,"27/29 °C and 1000/1200 ppm are illustrative experiment targets, not universal regulatory limits.",False
30,120,2,0.02,baseline,29.882298599913213,28.824969252791387,25.939096573386678,600.0,454.3265627171124,1.9281139311933657,34.56907219891252,36.640947721830095,24.9926113720964,10.55,59.730932082731805,3442.5,1877.5,0.0,0.0,15096.463181298745,15292.379095470611,6.944444444444445,9.602520055253477,10.178041033841694,35174,True,"27/29 °C and 1000/1200 ppm are illustrative experiment targets, not universal regulatory limits.",False
30,120,2,0.04,baseline,29.882298599913213,28.824969252791387,25.939096573386678,600.0,454.3265627171124,1.9281139311933657,34.56907219891252,36.640947721830095,24.9926113720964,10.55,59.730932082731805,3442.5,1877.5,0.0,0.0,15096.463181298745,15292.379095470611,6.944444444444445,9.602520055253477,10.178041033841694,35174,True,"27/29 °C and 1000/1200 ppm are illustrative experiment targets, not universal regulatory limits.",False
30,120,2,0.06,baseline,29.882298599913213,28.824969252791387,25.939096573386678,600.0,454.3265627171124,1.9281139311933657,34.56907219891252,36.640947721830095,24.9926113720964,10.55,59.730932082731805,3442.5,1877.5,0.0,0.0,15096.463181298745,15292.379095470611,6.944444444444445,9.602520055253477,10.178041033841694,35174,True,"27/29 °C and 1000/1200 ppm are illustrative experiment targets, not universal regulatory limits.",False
30,120,2,0.08,baseline,29.882298599913213,28.824969252791387,25.939096573386678,600.0,454.3265627171124,1.9281139311933657,34.56907219891252,36.640947721830095,24.9926113720964,10.55,59.730932082731805,3442.5,1877.5,0.0,0.0,15096.463181298745,15292.379095470611,6.944444444444445,9.602520055253477,10.178041033841694,35174,True,"27/29 °C and 1000/1200 ppm are illustrative experiment targets, not universal regulatory limits.",False
30,120,4,0.0,baseline,29.932050510792237,28.878316935212762,25.945085402333177,600.0,451.8035163244296,1.852077844494488,39.391913331086705,43.45323433887105,37.53983321868672,10.55,59.730932082731805,3442.5,2007.5,0.0,0.0,15094.02901888942,15292.379095470611,6.944444444444445,10.942198147524085,12.070342871908625,33974,True,"27/29 °C and 1000/1200 ppm are illustrative experiment targets, not universal regulatory limits.",False
30,120,4,0.02,baseline,29.932050510792237,28.878316935212762,25.945085402333177,600.0,451.8035163244296,1.852077844494488,39.391913331086705,43.45323433887105,37.53983321868672,10.55,59.730932082731805,3442.5,2007.5,0.0,0.0,15094.02901888942,15292.379095470611,6.944444444444445,10.942198147524085,12.070342871908625,33974,True,"27/29 °C and 1000/1200 ppm are illustrative experiment targets, not universal regulatory limits.",False
30,120,4,0.04,baseline,29.932050510792237,28.878316935212762,25.945085402333177,600.0,451.8035163244296,1.852077844494488,39.391913331086705,43.45323433887105,37.53983321868672,10.55,59.730932082731805,3442.5,2007.5,0.0,0.0,15094.02901888942,15292.379095470611,6.944444444444445,10.942198147524085,12.070342871908625,33974,True,"27/29 °C and 1000/1200 ppm are illustrative experiment targets, not universal regulatory limits.",False
30,120,4,0.06,baseline,29.932050510792237,28.878316935212762,25.945085402333177,600.0,451.8035163244296,1.852077844494488,39.391913331086705,43.45323433887105,37.53983321868672,10.55,59.730932082731805,3442.5,2007.5,0.0,0.0,15094.02901888942,15292.379095470611,6.944444444444445,10.942198147524085,12.070342871908625,33974,True,"27/29 °C and 1000/1200 ppm are illustrative experiment targets, not universal regulatory limits.",False
30,120,4,0.08,baseline,29.932050510792237,28.878316935212762,25.945085402333177,600.0,451.8035163244296,1.852077844494488,39.391913331086705,43.45323433887105,37.53983321868672,10.55,59.730932082731805,3442.5,2007.5,0.0,0.0,15094.02901888942,15292.379095470611,6.944444444444445,10.942198147524085,12.070342871908625,33974,True,"27/29 °C and 1000/1200 ppm are illustrative experiment targets, not universal regulatory limits.",False
30,120,6,0.0,baseline,29.97944395213358,28.927931712647283,25.950646138806576,600.0,449.6728446521373,1.7936427311360603,44.40463747516296,50.41596661032235,54.66008303409853,10.55,59.730932082731805,3442.5,2137.5,0.0,0.0,15091.759715210002,15292.379095470611,6.944444444444445,12.334621520878597,14.004435169533986,32840,True,"27/29 °C and 1000/1200 ppm are illustrative experiment targets, not universal regulatory limits.",False
30,120,6,0.02,baseline,29.97944395213358,28.927931712647283,25.950646138806576,600.0,449.6728446521373,1.7936427311360603,44.40463747516296,50.41596661032235,54.66008303409853,10.55,59.730932082731805,3442.5,2137.5,0.0,0.0,15091.759715210002,15292.379095470611,6.944444444444445,12.334621520878597,14.004435169533986,32840,True,"27/29 °C and 1000/1200 ppm are illustrative experiment targets, not universal regulatory limits.",False
30,120,6,0.04,baseline,29.97944395213358,28.927931712647283,25.950646138806576,600.0,449.6728446521373,1.7936427311360603,44.40463747516296,50.41596661032235,54.66008303409853,10.55,59.730932082731805,3442.5,2137.5,0.0,0.0,15091.759715210002,15292.379095470611,6.944444444444445,12.334621520878597,14.004435169533986,32840,True,"27/29 °C and 1000/1200 ppm are illustrative experiment targets, not universal regulatory limits.",False
30,120,6,0.06,baseline,29.97944395213358,28.927931712647283,25.950646138806576,600.0,449.6728446521373,1.7936427311360603,44.40463747516296,50.41596661032235,54.66008303409853,10.55,59.730932082731805,3442.5,2137.5,0.0,0.0,15091.759715210002,15292.379095470611,6.944444444444445,12.334621520878597,14.004435169533986,32840,True,"27/29 °C and 1000/1200 ppm are illustrative experiment targets, not universal regulatory limits.",False
30,120,6,0.08,baseline,29.97944395213358,28.927931712647283,25.950646138806576,600.0,449.6728446521373,1.7936427311360603,44.40463747516296,50.41596661032235,54.66008303409853,10.55,59.730932082731805,3442.5,2137.5,0.0,0.0,15091.759715210002,15292.379095470611,6.944444444444445,12.334621520878597,14.004435169533986,32840,True,"27/29 °C and 1000/1200 ppm are illustrative experiment targets, not universal regulatory limits.",False
30,120,8,0.0,baseline,30.019708497801275,28.97397764285947,25.955797462420378,600.0,447.8567449593713,1.7461393865232822,49.58642287033377,57.48873477421814,77.28841428814272,10.55,59.730932082731805,3447.5,2277.5,0.0,0.0,15089.750431967415,15292.379095470611,6.944444444444445,13.774006352870492,15.969092992838373,31790,True,"27/29 °C and 1000/1200 ppm are illustrative experiment targets, not universal regulatory limits.",False
30,120,8,0.02,baseline,30.019708497801275,28.97397764285947,25.955797462420378,600.0,447.8567449593713,1.7461393865232822,49.58642287033377,57.48873477421814,77.28841428814272,10.55,59.730932082731805,3447.5,2277.5,0.0,0.0,15089.750431967415,15292.379095470611,6.944444444444445,13.774006352870492,15.969092992838373,31790,True,"27/29 °C and 1000/1200 ppm are illustrative experiment targets, not universal regulatory limits.",False
30,120,8,0.04,baseline,30.019708497801275,28.97397764285947,25.955797462420378,600.0,447.8567449593713,1.7461393865232822,49.58642287033377,57.48873477421814,77.28841428814272,10.55,59.730932082731805,3447.5,2277.5,0.0,0.0,15089.750431967415,15292.379095470611,6.944444444444445,13.774006352870492,15.969092992838373,31790,True,"27/29 °C and 1000/1200 ppm are illustrative experiment targets, not universal regulatory limits.",False
30,120,8,0.06,baseline,30.019708497801275,28.97397764285947,25.955797462420378,600.0,447.8567449593713,1.7461393865232822,49.58642287033377,57.48873477421814,77.28841428814272,10.55,59.730932082731805,3447.5,2277.5,0.0,0.0,15089.750431967415,15292.379095470611,6.944444444444445,13.774006352870492,15.969092992838373,31790,True,"27/29 °C and 1000/1200 ppm are illustrative experiment targets, not universal regulatory limits.",False
30,120,8,0.08,baseline,30.019708497801275,28.97397764285947,25.955797462420378,600.0,447.8567449593713,1.7461393865232822,49.58642287033377,57.48873477421814,77.28841428814272,10.55,59.730932082731805,3447.5,2277.5,0.0,0.0,15089.750431967415,15292.379095470611,6.944444444444445,13.774006352870492,15.969092992838373,31790,True,"27/29 °C and 1000/1200 ppm are illustrative experiment targets, not universal regulatory limits.",False
35,50,0,0.0,baseline,29.883305603130964,28.851060236946253,25.941882787239933,600.0,452.7848663907321,1.8991323057853151,34.91647385467918,34.99999999999998,25.56561621113898,10.55,59.730932082731805,3462.5,1882.5,0.0,0.0,15096.406199108176,15292.379095470611,6.944444444444445,9.69902051518866,9.722222222222216,34226,True,"27/29 °C and 1000/1200 ppm are illustrative experiment targets, not universal regulatory limits.",False
35,50,0,0.02,baseline,29.883305603130964,28.851060236946253,25.941882787239933,600.0,452.7848663907321,1.8991323057853151,34.91647385467918,34.99999999999998,25.56561621113898,10.55,59.730932082731805,3462.5,1882.5,0.0,0.0,15096.406199108176,15292.379095470611,6.944444444444445,9.69902051518866,9.722222222222216,34226,True,"27/29 °C and 1000/1200 ppm are illustrative experiment targets, not universal regulatory limits.",False
35,50,0,0.04,baseline,29.883305603130964,28.851060236946253,25.941882787239933,600.0,452.7848663907321,1.8991323057853151,34.91647385467918,34.99999999999998,25.56561621113898,10.55,59.730932082731805,3462.5,1882.5,0.0,0.0,15096.406199108176,15292.379095470611,6.944444444444445,9.69902051518866,9.722222222222216,34226,True,"27/29 °C and 1000/1200 ppm are illustrative experiment targets, not universal regulatory limits.",False
35,50,0,0.06,baseline,29.883305603130964,28.851060236946253,25.941882787239933,600.0,452.7848663907321,1.8991323057853151,34.91647385467918,34.99999999999998,25.56561621113898,10.55,59.730932082731805,3462.5,1882.5,0.0,0.0,15096.406199108176,15292.379095470611,6.944444444444445,9.69902051518866,9.722222222222216,34226,True,"27/29 °C and 1000/1200 ppm are illustrative experiment targets, not universal regulatory limits.",False
35,50,0,0.08,baseline,29.883305603130964,28.851060236946253,25.941882787239933,600.0,452.7848663907321,1.8991323057853151,34.91647385467918,34.99999999999998,25.56561621113898,10.55,59.730932082731805,3462.5,1882.5,0.0,0.0,15096.406199108176,15292.379095470611,6.944444444444445,9.69902051518866,9.722222222222216,34226,True,"27/29 °C and 1000/1200 ppm are illustrative experiment targets, not universal regulatory limits.",False
35,50,2,0.0,baseline,29.93310166559661,28.903200643592186,25.947737046270504,600.0,450.34987743523976,1.8455370815645438,39.68243116153977,41.72784401580189,37.76334724330995,10.55,59.730932082731805,3462.5,2002.5,0.0,0.0,15093.979347401775,15292.379095470611,6.944444444444445,11.022897544872155,11.591067782167192,32690,True,"27/29 °C and 1000/1200 ppm are illustrative experiment targets, not universal regulatory limits.",False
35,50,2,0.02,baseline,29.93310166559661,28.903200643592186,25.947737046270504,600.0,450.34987743523976,1.8455370815645438,39.68243116153977,41.72784401580189,37.76334724330995,10.55,59.730932082731805,3462.5,2002.5,0.0,0.0,15093.979347401775,15292.379095470611,6.944444444444445,11.022897544872155,11.591067782167192,32690,True,"27/29 °C and 1000/1200 ppm are illustrative experiment targets, not universal regulatory limits.",False
35,50,2,0.04,baseline,29.93310166559661,28.903200643592186,25.947737046270504,600.0,450.34987743523976,1.8455370815645438,39.68243116153977,41.72784401580189,37.76334724330995,10.55,59.730932082731805,3462.5,2002.5,0.0,0.0,15093.979347401775,15292.379095470611,6.944444444444445,11.022897544872155,11.591067782167192,32690,True,"27/29 °C and 1000/1200 ppm are illustrative experiment targets, not universal regulatory limits.",False
35,50,2,0.06,baseline,29.93310166559661,28.903200643592186,25.947737046270504,600.0,450.34987743523976,1.8455370815645438,39.68243116153977,41.72784401580189,37.76334724330995,10.55,59.730932082731805,3462.5,2002.5,0.0,0.0,15093.979347401775,15292.379095470611,6.944444444444445,11.022897544872155,11.591067782167192,32690,True,"27/29 °C and 1000/1200 ppm are illustrative experiment targets, not universal regulatory limits.",False
35,50,2,0.08,baseline,29.93310166559661,28.903200643592186,25.947737046270504,600.0,450.34987743523976,1.8455370815645438,39.68243116153977,41.72784401580189,37.76334724330995,10.55,59.730932082731805,3462.5,2002.5,0.0,0.0,15093.979347401775,15292.379095470611,6.944444444444445,11.022897544872155,11.591067782167192,32690,True,"27/29 °C and 1000/1200 ppm are illustrative experiment targets, not universal regulatory limits.",False
35,50,4,0.0,baseline,29.978719381610574,28.951916481921685,25.953197673536465,600.0,448.29220220331774,1.7966909975220915,44.64205032883034,48.608768148321154,54.38328596436404,10.55,59.730932082731805,3462.5,2132.5,0.0,0.0,15091.773619996571,15292.379095470611,6.944444444444445,12.400569535786202,13.502435596755877,32282,True,"27/29 °C and 1000/1200 ppm are illustrative experiment targets, not universal regulatory limits.",False
35,50,4,0.02,baseline,29.978719381610574,28.951916481921685,25.953197673536465,600.0,448.29220220331774,1.7966909975220915,44.64205032883034,48.608768148321154,54.38328596436404,10.55,59.730932082731805,3462.5,2132.5,0.0,0.0,15091.773619996571,15292.379095470611,6.944444444444445,12.400569535786202,13.502435596755877,32282,True,"27/29 °C and 1000/1200 ppm are illustrative experiment targets, not universal regulatory limits.",False
35,50,4,0.04,baseline,29.978719381610574,28.951916481921685,25.953197673536465,600.0,448.29220220331774,1.7966909975220915,44.64205032883034,48.608768148321154,54.38328596436404,10.55,59.730932082731805,3462.5,2132.5,0.0,0.0,15091.773619996571,15292.379095470611,6.944444444444445,12.400569535786202,13.502435596755877,32282,True,"27/29 °C and 1000/1200 ppm are illustrative experiment targets, not universal regulatory limits.",False
35,50,4,0.06,baseline,29.978719381610574,28.951916481921685,25.953197673536465,600.0,448.29220220331774,1.7966909975220915,44.64205032883034,48.608768148321154,54.38328596436404,10.55,59.730932082731805,3462.5,2132.5,0.0,0.0,15091.773619996571,15292.379095470611,6.944444444444445,12.400569535786202,13.502435596755877,32282,True,"27/29 °C and 1000/1200 ppm are illustrative experiment targets, not universal regulatory limits.",False
35,50,4,0.08,baseline,29.978719381610574,28.951916481921685,25.953197673536465,600.0,448.29220220331774,1.7966909975220915,44.64205032883034,48.608768148321154,54.38328596436404,10.55,59.730932082731805,3462.5,2132.5,0.0,0.0,15091.773619996571,15292.379095470611,6.944444444444445,12.400569535786202,13.502435596755877,32282,True,"27/29 °C and 1000/1200 ppm are illustrative experiment targets, not universal regulatory limits.",False
35,50,6,0.0,baseline,30.011977759043305,28.989826339532105,25.957422413588574,600.0,446.9730346773501,1.7583264401328051,47.925319307097915,49.9999999947111,67.3790252243743,10.55,59.730932082731805,3467.5,2247.5,0.0,0.0,15090.151057764399,15292.379095470611,6.944444444444445,13.312588696416084,13.88888888741975,30704,True,"27/29 °C and 1000/1200 ppm are illustrative experiment targets, not universal regulatory limits.",False
35,50,6,0.02,baseline,30.011977759043305,28.989826339532105,25.957422413588574,600.0,446.9730346773501,1.7583264401328051,47.925319307097915,49.9999999947111,67.3790252243743,10.55,59.730932082731805,3467.5,2247.5,0.0,0.0,15090.151057764399,15292.379095470611,6.944444444444445,13.312588696416084,13.88888888741975,30704,True,"27/29 °C and 1000/1200 ppm are illustrative experiment targets, not universal regulatory limits.",False
35,50,6,0.04,baseline,30.011977759043305,28.989826339532105,25.957422413588574,600.0,446.9730346773501,1.7583264401328051,47.925319307097915,49.9999999947111,67.3790252243743,10.55,59.730932082731805,3467.5,2247.5,0.0,0.0,15090.151057764399,15292.379095470611,6.944444444444445,13.312588696416084,13.88888888741975,30704,True,"27/29 °C and 1000/1200 ppm are illustrative experiment targets, not universal regulatory limits.",False
35,50,6,0.06,baseline,30.011977759043305,28.989826339532105,25.957422413588574,600.0,446.9730346773501,1.7583264401328051,47.925319307097915,49.9999999947111,67.3790252243743,10.55,59.730932082731805,3467.5,2247.5,0.0,0.0,15090.151057764399,15292.379095470611,6.944444444444445,13.312588696416084,13.88888888741975,30704,True,"27/29 °C and 1000/1200 ppm are illustrative experiment targets, not universal regulatory limits.",False
35,50,6,0.08,baseline,30.011977759043305,28.989826339532105,25.957422413588574,600.0,446.9730346773501,1.7583264401328051,47.925319307097915,49.9999999947111,67.3790252243743,10.55,59.730932082731805,3467.5,2247.5,0.0,0.0,15090.151057764399,15292.379095470611,6.944444444444445,13.312588696416084,13.88888888741975,30704,True,"27/29 °C and 1000/1200 ppm are illustrative experiment targets, not universal regulatory limits.",False
35,50,8,0.0,baseline,30.01302445979678,29.006971031659194,25.959274090256542,600.0,446.36806303568966,1.7601642091321992,48.720401037120155,49.99999999999997,70.48136067622633,10.55,59.730932082731805,3467.5,2252.5,0.0,0.0,15090.085979816655,15292.379095470611,6.944444444444445,13.533444732533377,13.88888888888888,31202,True,"27/29 °C and 1000/1200 ppm are illustrative experiment targets, not universal regulatory limits.",False
35,50,8,0.02,baseline,30.01302445979678,29.006971031659194,25.959274090256542,600.0,446.36806303568966,1.7601642091321992,48.720401037120155,49.99999999999997,70.48136067622633,10.55,59.730932082731805,3467.5,2252.5,0.0,0.0,15090.085979816655,15292.379095470611,6.944444444444445,13.533444732533377,13.88888888888888,31202,True,"27/29 °C and 1000/1200 ppm are illustrative experiment targets, not universal regulatory limits.",False
35,50,8,0.04,baseline,30.01302445979678,29.006971031659194,25.959274090256542,600.0,446.36806303568966,1.7601642091321992,48.720401037120155,49.99999999999997,70.48136067622633,10.55,59.730932082731805,3467.5,2252.5,0.0,0.0,15090.085979816655,15292.379095470611,6.944444444444445,13.533444732533377,13.88888888888888,31202,True,"27/29 °C and 1000/1200 ppm are illustrative experiment targets, not universal regulatory limits.",False
35,50,8,0.06,baseline,30.01302445979678,29.006971031659194,25.959274090256542,600.0,446.36806303568966,1.7601642091321992,48.720401037120155,49.99999999999997,70.48136067622633,10.55,59.730932082731805,3467.5,2252.5,0.0,0.0,15090.085979816655,15292.379095470611,6.944444444444445,13.533444732533377,13.88888888888888,31202,True,"27/29 °C and 1000/1200 ppm are illustrative experiment targets, not universal regulatory limits.",False
35,50,8,0.08,baseline,30.01302445979678,29.006971031659194,25.959274090256542,600.0,446.36806303568966,1.7601642091321992,48.720401037120155,49.99999999999997,70.48136067622633,10.55,59.730932082731805,3467.5,2252.5,0.0,0.0,15090.085979816655,15292.379095470611,6.944444444444445,13.533444732533377,13.88888888888888,31202,True,"27/29 °C and 1000/1200 ppm are illustrative experiment targets, not universal regulatory limits.",False
35,60,0,0.0,baseline,29.883305603130964,28.851060236946253,25.941882787239933,600.0,452.7848663907321,1.8991323057853151,34.91647385467918,34.99999999999998,25.56561621113898,10.55,59.730932082731805,3462.5,1882.5,0.0,0.0,15096.406199108176,15292.379095470611,6.944444444444445,9.69902051518866,9.722222222222216,34226,True,"27/29 °C and 1000/1200 ppm are illustrative experiment targets, not universal regulatory limits.",False
35,60,0,0.02,baseline,29.883305603130964,28.851060236946253,25.941882787239933,600.0,452.7848663907321,1.8991323057853151,34.91647385467918,34.99999999999998,25.56561621113898,10.55,59.730932082731805,3462.5,1882.5,0.0,0.0,15096.406199108176,15292.379095470611,6.944444444444445,9.69902051518866,9.722222222222216,34226,True,"27/29 °C and 1000/1200 ppm are illustrative experiment targets, not universal regulatory limits.",False
35,60,0,0.04,baseline,29.883305603130964,28.851060236946253,25.941882787239933,600.0,452.7848663907321,1.8991323057853151,34.91647385467918,34.99999999999998,25.56561621113898,10.55,59.730932082731805,3462.5,1882.5,0.0,0.0,15096.406199108176,15292.379095470611,6.944444444444445,9.69902051518866,9.722222222222216,34226,True,"27/29 °C and 1000/1200 ppm are illustrative experiment targets, not universal regulatory limits.",False
35,60,0,0.06,baseline,29.883305603130964,28.851060236946253,25.941882787239933,600.0,452.7848663907321,1.8991323057853151,34.91647385467918,34.99999999999998,25.56561621113898,10.55,59.730932082731805,3462.5,1882.5,0.0,0.0,15096.406199108176,15292.379095470611,6.944444444444445,9.69902051518866,9.722222222222216,34226,True,"27/29 °C and 1000/1200 ppm are illustrative experiment targets, not universal regulatory limits.",False
35,60,0,0.08,baseline,29.883305603130964,28.851060236946253,25.941882787239933,600.0,452.7848663907321,1.8991323057853151,34.91647385467918,34.99999999999998,25.56561621113898,10.55,59.730932082731805,3462.5,1882.5,0.0,0.0,15096.406199108176,15292.379095470611,6.944444444444445,9.69902051518866,9.722222222222216,34226,True,"27/29 °C and 1000/1200 ppm are illustrative experiment targets, not universal regulatory limits.",False
35,60,2,0.0,baseline,29.93310166559661,28.903200643592186,25.947737046270504,600.0,450.34987743523976,1.8455370815645438,39.68243116153977,41.72784401580189,37.76334724330995,10.55,59.730932082731805,3462.5,2002.5,0.0,0.0,15093.979347401775,15292.379095470611,6.944444444444445,11.022897544872155,11.591067782167192,32690,True,"27/29 °C and 1000/1200 ppm are illustrative experiment targets, not universal regulatory limits.",False
35,60,2,0.02,baseline,29.93310166559661,28.903200643592186,25.947737046270504,600.0,450.34987743523976,1.8455370815645438,39.68243116153977,41.72784401580189,37.76334724330995,10.55,59.730932082731805,3462.5,2002.5,0.0,0.0,15093.979347401775,15292.379095470611,6.944444444444445,11.022897544872155,11.591067782167192,32690,True,"27/29 °C and 1000/1200 ppm are illustrative experiment targets, not universal regulatory limits.",False
35,60,2,0.04,baseline,29.93310166559661,28.903200643592186,25.947737046270504,600.0,450.34987743523976,1.8455370815645438,39.68243116153977,41.72784401580189,37.76334724330995,10.55,59.730932082731805,3462.5,2002.5,0.0,0.0,15093.979347401775,15292.379095470611,6.944444444444445,11.022897544872155,11.591067782167192,32690,True,"27/29 °C and 1000/1200 ppm are illustrative experiment targets, not universal regulatory limits.",False
35,60,2,0.06,baseline,29.93310166559661,28.903200643592186,25.947737046270504,600.0,450.34987743523976,1.8455370815645438,39.68243116153977,41.72784401580189,37.76334724330995,10.55,59.730932082731805,3462.5,2002.5,0.0,0.0,15093.979347401775,15292.379095470611,6.944444444444445,11.022897544872155,11.591067782167192,32690,True,"27/29 °C and 1000/1200 ppm are illustrative experiment targets, not universal regulatory limits.",False
35,60,2,0.08,baseline,29.93310166559661,28.903200643592186,25.947737046270504,600.0,450.34987743523976,1.8455370815645438,39.68243116153977,41.72784401580189,37.76334724330995,10.55,59.730932082731805,3462.5,2002.5,0.0,0.0,15093.979347401775,15292.379095470611,6.944444444444445,11.022897544872155,11.591067782167192,32690,True,"27/29 °C and 1000/1200 ppm are illustrative experiment targets, not universal regulatory limits.",False
35,60,4,0.0,baseline,29.978719381610574,28.951916481921685,25.953197673536465,600.0,448.29220220331774,1.7966909975220915,44.64205032883034,48.608768148321154,54.38328596436404,10.55,59.730932082731805,3462.5,2132.5,0.0,0.0,15091.773619996571,15292.379095470611,6.944444444444445,12.400569535786202,13.502435596755877,32282,True,"27/29 °C and 1000/1200 ppm are illustrative experiment targets, not universal regulatory limits.",False
35,60,4,0.02,baseline,29.978719381610574,28.951916481921685,25.953197673536465,600.0,448.29220220331774,1.7966909975220915,44.64205032883034,48.608768148321154,54.38328596436404,10.55,59.730932082731805,3462.5,2132.5,0.0,0.0,15091.773619996571,15292.379095470611,6.944444444444445,12.400569535786202,13.502435596755877,32282,True,"27/29 °C and 1000/1200 ppm are illustrative experiment targets, not universal regulatory limits.",False
35,60,4,0.04,baseline,29.978719381610574,28.951916481921685,25.953197673536465,600.0,448.29220220331774,1.7966909975220915,44.64205032883034,48.608768148321154,54.38328596436404,10.55,59.730932082731805,3462.5,2132.5,0.0,0.0,15091.773619996571,15292.379095470611,6.944444444444445,12.400569535786202,13.502435596755877,32282,True,"27/29 °C and 1000/1200 ppm are illustrative experiment targets, not universal regulatory limits.",False
35,60,4,0.06,baseline,29.978719381610574,28.951916481921685,25.953197673536465,600.0,448.29220220331774,1.7966909975220915,44.64205032883034,48.608768148321154,54.38328596436404,10.55,59.730932082731805,3462.5,2132.5,0.0,0.0,15091.773619996571,15292.379095470611,6.944444444444445,12.400569535786202,13.502435596755877,32282,True,"27/29 °C and 1000/1200 ppm are illustrative experiment targets, not universal regulatory limits.",False
35,60,4,0.08,baseline,29.978719381610574,28.951916481921685,25.953197673536465,600.0,448.29220220331774,1.7966909975220915,44.64205032883034,48.608768148321154,54.38328596436404,10.55,59.730932082731805,3462.5,2132.5,0.0,0.0,15091.773619996571,15292.379095470611,6.944444444444445,12.400569535786202,13.502435596755877,32282,True,"27/29 °C and 1000/1200 ppm are illustrative experiment targets, not universal regulatory limits.",False
35,60,6,0.0,baseline,30.018557488832016,28.997124897686184,25.95825725132954,600.0,446.5388824695478,1.7517008432478178,49.774535144718634,55.61253520187407,76.34433347619394,10.55,59.730932082731805,3467.5,2277.5,0.0,0.0,15089.77826350806,15292.379095470611,6.944444444444445,13.826259762421845,15.447926444965018,31268,True,"27/29 °C and 1000/1200 ppm are illustrative experiment targets, not universal regulatory limits.",False
35,60,6,0.02,baseline,30.018557488832016,28.997124897686184,25.95825725132954,600.0,446.5388824695478,1.7517008432478178,49.774535144718634,55.61253520187407,76.34433347619394,10.55,59.730932082731805,3467.5,2277.5,0.0,0.0,15089.77826350806,15292.379095470611,6.944444444444445,13.826259762421845,15.447926444965018,31268,True,"27/29 °C and 1000/1200 ppm are illustrative experiment targets, not universal regulatory limits.",False
35,60,6,0.04,baseline,30.018557488832016,28.997124897686184,25.95825725132954,600.0,446.5388824695478,1.7517008432478178,49.774535144718634,55.61253520187407,76.34433347619394,10.55,59.730932082731805,3467.5,2277.5,0.0,0.0,15089.77826350806,15292.379095470611,6.944444444444445,13.826259762421845,15.447926444965018,31268,True,"27/29 °C and 1000/1200 ppm are illustrative experiment targets, not universal regulatory limits.",False
35,60,6,0.06,baseline,30.018557488832016,28.997124897686184,25.95825725132954,600.0,446.5388824695478,1.7517008432478178,49.774535144718634,55.61253520187407,76.34433347619394,10.55,59.730932082731805,3467.5,2277.5,0.0,0.0,15089.77826350806,15292.379095470611,6.944444444444445,13.826259762421845,15.447926444965018,31268,True,"27/29 °C and 1000/1200 ppm are illustrative experiment targets, not universal regulatory limits.",False
35,60,6,0.08,baseline,30.018557488832016,28.997124897686184,25.95825725132954,600.0,446.5388824695478,1.7517008432478178,49.774535144718634,55.61253520187407,76.34433347619394,10.55,59.730932082731805,3467.5,2277.5,0.0,0.0,15089.77826350806,15292.379095470611,6.944444444444445,13.826259762421845,15.447926444965018,31268,True,"27/29 °C and 1000/1200 ppm are illustrative experiment targets, not universal regulatory limits.",False
35,60,8,0.0,baseline,30.054906249928877,29.038679976043568,25.962898624345485,600.0,445.0989505742722,1.7077141220943304,54.65372778406575,59.99851413566129,101.90999825827289,10.55,59.730932082731805,3467.5,2447.5,0.0,0.0,15088.005026583083,15292.379095470611,6.944444444444445,15.181591051129377,16.66625392657258,30680,True,"27/29 °C and 1000/1200 ppm are illustrative experiment targets, not universal regulatory limits.",False
35,60,8,0.02,baseline,30.054906249928877,29.038679976043568,25.962898624345485,600.0,445.0989505742722,1.7077141220943304,54.65372778406575,59.99851413566129,101.90999825827289,10.55,59.730932082731805,3467.5,2447.5,0.0,0.0,15088.005026583083,15292.379095470611,6.944444444444445,15.181591051129377,16.66625392657258,30680,True,"27/29 °C and 1000/1200 ppm are illustrative experiment targets, not universal regulatory limits.",False
35,60,8,0.04,baseline,30.054906249928877,29.038679976043568,25.962898624345485,600.0,445.0989505742722,1.7077141220943304,54.65372778406575,59.99851413566129,101.90999825827289,10.55,59.730932082731805,3467.5,2447.5,0.0,0.0,15088.005026583083,15292.379095470611,6.944444444444445,15.181591051129377,16.66625392657258,30680,True,"27/29 °C and 1000/1200 ppm are illustrative experiment targets, not universal regulatory limits.",False
35,60,8,0.06,baseline,30.054906249928877,29.038679976043568,25.962898624345485,600.0,445.0989505742722,1.7077141220943304,54.65372778406575,59.99851413566129,101.90999825827289,10.55,59.730932082731805,3467.5,2447.5,0.0,0.0,15088.005026583083,15292.379095470611,6.944444444444445,15.181591051129377,16.66625392657258,30680,True,"27/29 °C and 1000/1200 ppm are illustrative experiment targets, not universal regulatory limits.",False
35,60,8,0.08,baseline,30.054906249928877,29.038679976043568,25.962898624345485,600.0,445.0989505742722,1.7077141220943304,54.65372778406575,59.99851413566129,101.90999825827289,10.55,59.730932082731805,3467.5,2447.5,0.0,0.0,15088.005026583083,15292.379095470611,6.944444444444445,15.181591051129377,16.66625392657258,30680,True,"27/29 °C and 1000/1200 ppm are illustrative experiment targets, not universal regulatory limits.",False
35,70,0,0.0,baseline,29.883305603130964,28.851060236946253,25.941882787239933,600.0,452.7848663907321,1.8991323057853151,34.91647385467918,34.99999999999998,25.56561621113898,10.55,59.730932082731805,3462.5,1882.5,0.0,0.0,15096.406199108176,15292.379095470611,6.944444444444445,9.69902051518866,9.722222222222216,34226,True,"27/29 °C and 1000/1200 ppm are illustrative experiment targets, not universal regulatory limits.",False
35,70,0,0.02,baseline,29.883305603130964,28.851060236946253,25.941882787239933,600.0,452.7848663907321,1.8991323057853151,34.91647385467918,34.99999999999998,25.56561621113898,10.55,59.730932082731805,3462.5,1882.5,0.0,0.0,15096.406199108176,15292.379095470611,6.944444444444445,9.69902051518866,9.722222222222216,34226,True,"27/29 °C and 1000/1200 ppm are illustrative experiment targets, not universal regulatory limits.",False
35,70,0,0.04,baseline,29.883305603130964,28.851060236946253,25.941882787239933,600.0,452.7848663907321,1.8991323057853151,34.91647385467918,34.99999999999998,25.56561621113898,10.55,59.730932082731805,3462.5,1882.5,0.0,0.0,15096.406199108176,15292.379095470611,6.944444444444445,9.69902051518866,9.722222222222216,34226,True,"27/29 °C and 1000/1200 ppm are illustrative experiment targets, not universal regulatory limits.",False
35,70,0,0.06,baseline,29.883305603130964,28.851060236946253,25.941882787239933,600.0,452.7848663907321,1.8991323057853151,34.91647385467918,34.99999999999998,25.56561621113898,10.55,59.730932082731805,3462.5,1882.5,0.0,0.0,15096.406199108176,15292.379095470611,6.944444444444445,9.69902051518866,9.722222222222216,34226,True,"27/29 °C and 1000/1200 ppm are illustrative experiment targets, not universal regulatory limits.",False
35,70,0,0.08,baseline,29.883305603130964,28.851060236946253,25.941882787239933,600.0,452.7848663907321,1.8991323057853151,34.91647385467918,34.99999999999998,25.56561621113898,10.55,59.730932082731805,3462.5,1882.5,0.0,0.0,15096.406199108176,15292.379095470611,6.944444444444445,9.69902051518866,9.722222222222216,34226,True,"27/29 °C and 1000/1200 ppm are illustrative experiment targets, not universal regulatory limits.",False
35,70,2,0.0,baseline,29.93310166559661,28.903200643592186,25.947737046270504,600.0,450.34987743523976,1.8455370815645438,39.68243116153977,41.72784401580189,37.76334724330995,10.55,59.730932082731805,3462.5,2002.5,0.0,0.0,15093.979347401775,15292.379095470611,6.944444444444445,11.022897544872155,11.591067782167192,32690,True,"27/29 °C and 1000/1200 ppm are illustrative experiment targets, not universal regulatory limits.",False
35,70,2,0.02,baseline,29.93310166559661,28.903200643592186,25.947737046270504,600.0,450.34987743523976,1.8455370815645438,39.68243116153977,41.72784401580189,37.76334724330995,10.55,59.730932082731805,3462.5,2002.5,0.0,0.0,15093.979347401775,15292.379095470611,6.944444444444445,11.022897544872155,11.591067782167192,32690,True,"27/29 °C and 1000/1200 ppm are illustrative experiment targets, not universal regulatory limits.",False
35,70,2,0.04,baseline,29.93310166559661,28.903200643592186,25.947737046270504,600.0,450.34987743523976,1.8455370815645438,39.68243116153977,41.72784401580189,37.76334724330995,10.55,59.730932082731805,3462.5,2002.5,0.0,0.0,15093.979347401775,15292.379095470611,6.944444444444445,11.022897544872155,11.591067782167192,32690,True,"27/29 °C and 1000/1200 ppm are illustrative experiment targets, not universal regulatory limits.",False
35,70,2,0.06,baseline,29.93310166559661,28.903200643592186,25.947737046270504,600.0,450.34987743523976,1.8455370815645438,39.68243116153977,41.72784401580189,37.76334724330995,10.55,59.730932082731805,3462.5,2002.5,0.0,0.0,15093.979347401775,15292.379095470611,6.944444444444445,11.022897544872155,11.591067782167192,32690,True,"27/29 °C and 1000/1200 ppm are illustrative experiment targets, not universal regulatory limits.",False
35,70,2,0.08,baseline,29.93310166559661,28.903200643592186,25.947737046270504,600.0,450.34987743523976,1.8455370815645438,39.68243116153977,41.72784401580189,37.76334724330995,10.55,59.730932082731805,3462.5,2002.5,0.0,0.0,15093.979347401775,15292.379095470611,6.944444444444445,11.022897544872155,11.591067782167192,32690,True,"27/29 °C and 1000/1200 ppm are illustrative experiment targets, not universal regulatory limits.",False
35,70,4,0.0,baseline,29.978719381610574,28.951916481921685,25.953197673536465,600.0,448.29220220331774,1.7966909975220915,44.64205032883034,48.608768148321154,54.38328596436404,10.55,59.730932082731805,3462.5,2132.5,0.0,0.0,15091.773619996571,15292.379095470611,6.944444444444445,12.400569535786202,13.502435596755877,32282,True,"27/29 °C and 1000/1200 ppm are illustrative experiment targets, not universal regulatory limits.",False
35,70,4,0.02,baseline,29.978719381610574,28.951916481921685,25.953197673536465,600.0,448.29220220331774,1.7966909975220915,44.64205032883034,48.608768148321154,54.38328596436404,10.55,59.730932082731805,3462.5,2132.5,0.0,0.0,15091.773619996571,15292.379095470611,6.944444444444445,12.400569535786202,13.502435596755877,32282,True,"27/29 °C and 1000/1200 ppm are illustrative experiment targets, not universal regulatory limits.",False
35,70,4,0.04,baseline,29.978719381610574,28.951916481921685,25.953197673536465,600.0,448.29220220331774,1.7966909975220915,44.64205032883034,48.608768148321154,54.38328596436404,10.55,59.730932082731805,3462.5,2132.5,0.0,0.0,15091.773619996571,15292.379095470611,6.944444444444445,12.400569535786202,13.502435596755877,32282,True,"27/29 °C and 1000/1200 ppm are illustrative experiment targets, not universal regulatory limits.",False
35,70,4,0.06,baseline,29.978719381610574,28.951916481921685,25.953197673536465,600.0,448.29220220331774,1.7966909975220915,44.64205032883034,48.608768148321154,54.38328596436404,10.55,59.730932082731805,3462.5,2132.5,0.0,0.0,15091.773619996571,15292.379095470611,6.944444444444445,12.400569535786202,13.502435596755877,32282,True,"27/29 °C and 1000/1200 ppm are illustrative experiment targets, not universal regulatory limits.",False
35,70,4,0.08,baseline,29.978719381610574,28.951916481921685,25.953197673536465,600.0,448.29220220331774,1.7966909975220915,44.64205032883034,48.608768148321154,54.38328596436404,10.55,59.730932082731805,3462.5,2132.5,0.0,0.0,15091.773619996571,15292.379095470611,6.944444444444445,12.400569535786202,13.502435596755877,32282,True,"27/29 °C and 1000/1200 ppm are illustrative experiment targets, not universal regulatory limits.",False
35,70,6,0.0,baseline,30.018557488832016,28.997124897686184,25.95825725132954,600.0,446.5388824695478,1.7517008432478178,49.774535144718634,55.61253520187407,76.34433347619394,10.55,59.730932082731805,3467.5,2277.5,0.0,0.0,15089.77826350806,15292.379095470611,6.944444444444445,13.826259762421845,15.447926444965018,31268,True,"27/29 °C and 1000/1200 ppm are illustrative experiment targets, not universal regulatory limits.",False
35,70,6,0.02,baseline,30.018557488832016,28.997124897686184,25.95825725132954,600.0,446.5388824695478,1.7517008432478178,49.774535144718634,55.61253520187407,76.34433347619394,10.55,59.730932082731805,3467.5,2277.5,0.0,0.0,15089.77826350806,15292.379095470611,6.944444444444445,13.826259762421845,15.447926444965018,31268,True,"27/29 °C and 1000/1200 ppm are illustrative experiment targets, not universal regulatory limits.",False
35,70,6,0.04,baseline,30.018557488832016,28.997124897686184,25.95825725132954,600.0,446.5388824695478,1.7517008432478178,49.774535144718634,55.61253520187407,76.34433347619394,10.55,59.730932082731805,3467.5,2277.5,0.0,0.0,15089.77826350806,15292.379095470611,6.944444444444445,13.826259762421845,15.447926444965018,31268,True,"27/29 °C and 1000/1200 ppm are illustrative experiment targets, not universal regulatory limits.",False
35,70,6,0.06,baseline,30.018557488832016,28.997124897686184,25.95825725132954,600.0,446.5388824695478,1.7517008432478178,49.774535144718634,55.61253520187407,76.34433347619394,10.55,59.730932082731805,3467.5,2277.5,0.0,0.0,15089.77826350806,15292.379095470611,6.944444444444445,13.826259762421845,15.447926444965018,31268,True,"27/29 °C and 1000/1200 ppm are illustrative experiment targets, not universal regulatory limits.",False
35,70,6,0.08,baseline,30.018557488832016,28.997124897686184,25.95825725132954,600.0,446.5388824695478,1.7517008432478178,49.774535144718634,55.61253520187407,76.34433347619394,10.55,59.730932082731805,3467.5,2277.5,0.0,0.0,15089.77826350806,15292.379095470611,6.944444444444445,13.826259762421845,15.447926444965018,31268,True,"27/29 °C and 1000/1200 ppm are illustrative experiment targets, not universal regulatory limits.",False
35,70,8,0.0,baseline,30.05549391499551,29.03936854089326,25.96297813045163,600.0,445.0238638376367,1.7110740017524222,55.06338229038034,62.72810505386193,104.6287717149147,10.55,59.730932082731805,3467.5,2447.5,0.0,0.0,15087.992669510997,15292.379095470611,6.944444444444445,15.295383969550095,17.424473626072757,30650,True,"27/29 °C and 1000/1200 ppm are illustrative experiment targets, not universal regulatory limits.",False
35,70,8,0.02,baseline,30.05549391499551,29.03936854089326,25.96297813045163,600.0,445.0238638376367,1.7110740017524222,55.06338229038034,62.72810505386193,104.6287717149147,10.55,59.730932082731805,3467.5,2447.5,0.0,0.0,15087.992669510997,15292.379095470611,6.944444444444445,15.295383969550095,17.424473626072757,30650,True,"27/29 °C and 1000/1200 ppm are illustrative experiment targets, not universal regulatory limits.",False
35,70,8,0.04,baseline,30.05549391499551,29.03936854089326,25.96297813045163,600.0,445.0238638376367,1.7110740017524222,55.06338229038034,62.72810505386193,104.6287717149147,10.55,59.730932082731805,3467.5,2447.5,0.0,0.0,15087.992669510997,15292.379095470611,6.944444444444445,15.295383969550095,17.424473626072757,30650,True,"27/29 °C and 1000/1200 ppm are illustrative experiment targets, not universal regulatory limits.",False
35,70,8,0.06,baseline,30.05549391499551,29.03936854089326,25.96297813045163,600.0,445.0238638376367,1.7110740017524222,55.06338229038034,62.72810505386193,104.6287717149147,10.55,59.730932082731805,3467.5,2447.5,0.0,0.0,15087.992669510997,15292.379095470611,6.944444444444445,15.295383969550095,17.424473626072757,30650,True,"27/29 °C and 1000/1200 ppm are illustrative experiment targets, not universal regulatory limits.",False
35,70,8,0.08,baseline,30.05549391499551,29.03936854089326,25.96297813045163,600.0,445.0238638376367,1.7110740017524222,55.06338229038034,62.72810505386193,104.6287717149147,10.55,59.730932082731805,3467.5,2447.5,0.0,0.0,15087.992669510997,15292.379095470611,6.944444444444445,15.295383969550095,17.424473626072757,30650,True,"27/29 °C and 1000/1200 ppm are illustrative experiment targets, not universal regulatory limits.",False
35,80,0,0.0,baseline,29.883305603130964,28.851060236946253,25.941882787239933,600.0,452.7848663907321,1.8991323057853151,34.91647385467918,34.99999999999998,25.56561621113898,10.55,59.730932082731805,3462.5,1882.5,0.0,0.0,15096.406199108176,15292.379095470611,6.944444444444445,9.69902051518866,9.722222222222216,34226,True,"27/29 °C and 1000/1200 ppm are illustrative experiment targets, not universal regulatory limits.",False
35,80,0,0.02,baseline,29.883305603130964,28.851060236946253,25.941882787239933,600.0,452.7848663907321,1.8991323057853151,34.91647385467918,34.99999999999998,25.56561621113898,10.55,59.730932082731805,3462.5,1882.5,0.0,0.0,15096.406199108176,15292.379095470611,6.944444444444445,9.69902051518866,9.722222222222216,34226,True,"27/29 °C and 1000/1200 ppm are illustrative experiment targets, not universal regulatory limits.",False
35,80,0,0.04,baseline,29.883305603130964,28.851060236946253,25.941882787239933,600.0,452.7848663907321,1.8991323057853151,34.91647385467918,34.99999999999998,25.56561621113898,10.55,59.730932082731805,3462.5,1882.5,0.0,0.0,15096.406199108176,15292.379095470611,6.944444444444445,9.69902051518866,9.722222222222216,34226,True,"27/29 °C and 1000/1200 ppm are illustrative experiment targets, not universal regulatory limits.",False
35,80,0,0.06,baseline,29.883305603130964,28.851060236946253,25.941882787239933,600.0,452.7848663907321,1.8991323057853151,34.91647385467918,34.99999999999998,25.56561621113898,10.55,59.730932082731805,3462.5,1882.5,0.0,0.0,15096.406199108176,15292.379095470611,6.944444444444445,9.69902051518866,9.722222222222216,34226,True,"27/29 °C and 1000/1200 ppm are illustrative experiment targets, not universal regulatory limits.",False
35,80,0,0.08,baseline,29.883305603130964,28.851060236946253,25.941882787239933,600.0,452.7848663907321,1.8991323057853151,34.91647385467918,34.99999999999998,25.56561621113898,10.55,59.730932082731805,3462.5,1882.5,0.0,0.0,15096.406199108176,15292.379095470611,6.944444444444445,9.69902051518866,9.722222222222216,34226,True,"27/29 °C and 1000/1200 ppm are illustrative experiment targets, not universal regulatory limits.",False
35,80,2,0.0,baseline,29.93310166559661,28.903200643592186,25.947737046270504,600.0,450.34987743523976,1.8455370815645438,39.68243116153977,41.72784401580189,37.76334724330995,10.55,59.730932082731805,3462.5,2002.5,0.0,0.0,15093.979347401775,15292.379095470611,6.944444444444445,11.022897544872155,11.591067782167192,32690,True,"27/29 °C and 1000/1200 ppm are illustrative experiment targets, not universal regulatory limits.",False
35,80,2,0.02,baseline,29.93310166559661,28.903200643592186,25.947737046270504,600.0,450.34987743523976,1.8455370815645438,39.68243116153977,41.72784401580189,37.76334724330995,10.55,59.730932082731805,3462.5,2002.5,0.0,0.0,15093.979347401775,15292.379095470611,6.944444444444445,11.022897544872155,11.591067782167192,32690,True,"27/29 °C and 1000/1200 ppm are illustrative experiment targets, not universal regulatory limits.",False
35,80,2,0.04,baseline,29.93310166559661,28.903200643592186,25.947737046270504,600.0,450.34987743523976,1.8455370815645438,39.68243116153977,41.72784401580189,37.76334724330995,10.55,59.730932082731805,3462.5,2002.5,0.0,0.0,15093.979347401775,15292.379095470611,6.944444444444445,11.022897544872155,11.591067782167192,32690,True,"27/29 °C and 1000/1200 ppm are illustrative experiment targets, not universal regulatory limits.",False
35,80,2,0.06,baseline,29.93310166559661,28.903200643592186,25.947737046270504,600.0,450.34987743523976,1.8455370815645438,39.68243116153977,41.72784401580189,37.76334724330995,10.55,59.730932082731805,3462.5,2002.5,0.0,0.0,15093.979347401775,15292.379095470611,6.944444444444445,11.022897544872155,11.591067782167192,32690,True,"27/29 °C and 1000/1200 ppm are illustrative experiment targets, not universal regulatory limits.",False
35,80,2,0.08,baseline,29.93310166559661,28.903200643592186,25.947737046270504,600.0,450.34987743523976,1.8455370815645438,39.68243116153977,41.72784401580189,37.76334724330995,10.55,59.730932082731805,3462.5,2002.5,0.0,0.0,15093.979347401775,15292.379095470611,6.944444444444445,11.022897544872155,11.591067782167192,32690,True,"27/29 °C and 1000/1200 ppm are illustrative experiment targets, not universal regulatory limits.",False
35,80,4,0.0,baseline,29.978719381610574,28.951916481921685,25.953197673536465,600.0,448.29220220331774,1.7966909975220915,44.64205032883034,48.608768148321154,54.38328596436404,10.55,59.730932082731805,3462.5,2132.5,0.0,0.0,15091.773619996571,15292.379095470611,6.944444444444445,12.400569535786202,13.502435596755877,32282,True,"27/29 °C and 1000/1200 ppm are illustrative experiment targets, not universal regulatory limits.",False
35,80,4,0.02,baseline,29.978719381610574,28.951916481921685,25.953197673536465,600.0,448.29220220331774,1.7966909975220915,44.64205032883034,48.608768148321154,54.38328596436404,10.55,59.730932082731805,3462.5,2132.5,0.0,0.0,15091.773619996571,15292.379095470611,6.944444444444445,12.400569535786202,13.502435596755877,32282,True,"27/29 °C and 1000/1200 ppm are illustrative experiment targets, not universal regulatory limits.",False
35,80,4,0.04,baseline,29.978719381610574,28.951916481921685,25.953197673536465,600.0,448.29220220331774,1.7966909975220915,44.64205032883034,48.608768148321154,54.38328596436404,10.55,59.730932082731805,3462.5,2132.5,0.0,0.0,15091.773619996571,15292.379095470611,6.944444444444445,12.400569535786202,13.502435596755877,32282,True,"27/29 °C and 1000/1200 ppm are illustrative experiment targets, not universal regulatory limits.",False
35,80,4,0.06,baseline,29.978719381610574,28.951916481921685,25.953197673536465,600.0,448.29220220331774,1.7966909975220915,44.64205032883034,48.608768148321154,54.38328596436404,10.55,59.730932082731805,3462.5,2132.5,0.0,0.0,15091.773619996571,15292.379095470611,6.944444444444445,12.400569535786202,13.502435596755877,32282,True,"27/29 °C and 1000/1200 ppm are illustrative experiment targets, not universal regulatory limits.",False
35,80,4,0.08,baseline,29.978719381610574,28.951916481921685,25.953197673536465,600.0,448.29220220331774,1.7966909975220915,44.64205032883034,48.608768148321154,54.38328596436404,10.55,59.730932082731805,3462.5,2132.5,0.0,0.0,15091.773619996571,15292.379095470611,6.944444444444445,12.400569535786202,13.502435596755877,32282,True,"27/29 °C and 1000/1200 ppm are illustrative experiment targets, not universal regulatory limits.",False
35,80,6,0.0,baseline,30.018557488832016,28.997124897686184,25.95825725132954,600.0,446.5388824695478,1.7517008432478178,49.774535144718634,55.61253520187407,76.34433347619394,10.55,59.730932082731805,3467.5,2277.5,0.0,0.0,15089.77826350806,15292.379095470611,6.944444444444445,13.826259762421845,15.447926444965018,31268,True,"27/29 °C and 1000/1200 ppm are illustrative experiment targets, not universal regulatory limits.",False
35,80,6,0.02,baseline,30.018557488832016,28.997124897686184,25.95825725132954,600.0,446.5388824695478,1.7517008432478178,49.774535144718634,55.61253520187407,76.34433347619394,10.55,59.730932082731805,3467.5,2277.5,0.0,0.0,15089.77826350806,15292.379095470611,6.944444444444445,13.826259762421845,15.447926444965018,31268,True,"27/29 °C and 1000/1200 ppm are illustrative experiment targets, not universal regulatory limits.",False
35,80,6,0.04,baseline,30.018557488832016,28.997124897686184,25.95825725132954,600.0,446.5388824695478,1.7517008432478178,49.774535144718634,55.61253520187407,76.34433347619394,10.55,59.730932082731805,3467.5,2277.5,0.0,0.0,15089.77826350806,15292.379095470611,6.944444444444445,13.826259762421845,15.447926444965018,31268,True,"27/29 °C and 1000/1200 ppm are illustrative experiment targets, not universal regulatory limits.",False
35,80,6,0.06,baseline,30.018557488832016,28.997124897686184,25.95825725132954,600.0,446.5388824695478,1.7517008432478178,49.774535144718634,55.61253520187407,76.34433347619394,10.55,59.730932082731805,3467.5,2277.5,0.0,0.0,15089.77826350806,15292.379095470611,6.944444444444445,13.826259762421845,15.447926444965018,31268,True,"27/29 °C and 1000/1200 ppm are illustrative experiment targets, not universal regulatory limits.",False
35,80,6,0.08,baseline,30.018557488832016,28.997124897686184,25.95825725132954,600.0,446.5388824695478,1.7517008432478178,49.774535144718634,55.61253520187407,76.34433347619394,10.55,59.730932082731805,3467.5,2277.5,0.0,0.0,15089.77826350806,15292.379095470611,6.944444444444445,13.826259762421845,15.447926444965018,31268,True,"27/29 °C and 1000/1200 ppm are illustrative experiment targets, not universal regulatory limits.",False
35,80,8,0.0,baseline,30.05549391499551,29.03936854089326,25.96297813045163,600.0,445.0238638376367,1.7110740017524222,55.06338229038034,62.72810505386193,104.6287717149147,10.55,59.730932082731805,3467.5,2447.5,0.0,0.0,15087.992669510997,15292.379095470611,6.944444444444445,15.295383969550095,17.424473626072757,30650,True,"27/29 °C and 1000/1200 ppm are illustrative experiment targets, not universal regulatory limits.",False
35,80,8,0.02,baseline,30.05549391499551,29.03936854089326,25.96297813045163,600.0,445.0238638376367,1.7110740017524222,55.06338229038034,62.72810505386193,104.6287717149147,10.55,59.730932082731805,3467.5,2447.5,0.0,0.0,15087.992669510997,15292.379095470611,6.944444444444445,15.295383969550095,17.424473626072757,30650,True,"27/29 °C and 1000/1200 ppm are illustrative experiment targets, not universal regulatory limits.",False
35,80,8,0.04,baseline,30.05549391499551,29.03936854089326,25.96297813045163,600.0,445.0238638376367,1.7110740017524222,55.06338229038034,62.72810505386193,104.6287717149147,10.55,59.730932082731805,3467.5,2447.5,0.0,0.0,15087.992669510997,15292.379095470611,6.944444444444445,15.295383969550095,17.424473626072757,30650,True,"27/29 °C and 1000/1200 ppm are illustrative experiment targets, not universal regulatory limits.",False
35,80,8,0.06,baseline,30.05549391499551,29.03936854089326,25.96297813045163,600.0,445.0238638376367,1.7110740017524222,55.06338229038034,62.72810505386193,104.6287717149147,10.55,59.730932082731805,3467.5,2447.5,0.0,0.0,15087.992669510997,15292.379095470611,6.944444444444445,15.295383969550095,17.424473626072757,30650,True,"27/29 °C and 1000/1200 ppm are illustrative experiment targets, not universal regulatory limits.",False
35,80,8,0.08,baseline,30.05549391499551,29.03936854089326,25.96297813045163,600.0,445.0238638376367,1.7110740017524222,55.06338229038034,62.72810505386193,104.6287717149147,10.55,59.730932082731805,3467.5,2447.5,0.0,0.0,15087.992669510997,15292.379095470611,6.944444444444445,15.295383969550095,17.424473626072757,30650,True,"27/29 °C and 1000/1200 ppm are illustrative experiment targets, not universal regulatory limits.",False
35,90,0,0.0,baseline,29.883305603130964,28.851060236946253,25.941882787239933,600.0,452.7848663907321,1.8991323057853151,34.91647385467918,34.99999999999998,25.56561621113898,10.55,59.730932082731805,3462.5,1882.5,0.0,0.0,15096.406199108176,15292.379095470611,6.944444444444445,9.69902051518866,9.722222222222216,34226,True,"27/29 °C and 1000/1200 ppm are illustrative experiment targets, not universal regulatory limits.",False
35,90,0,0.02,baseline,29.883305603130964,28.851060236946253,25.941882787239933,600.0,452.7848663907321,1.8991323057853151,34.91647385467918,34.99999999999998,25.56561621113898,10.55,59.730932082731805,3462.5,1882.5,0.0,0.0,15096.406199108176,15292.379095470611,6.944444444444445,9.69902051518866,9.722222222222216,34226,True,"27/29 °C and 1000/1200 ppm are illustrative experiment targets, not universal regulatory limits.",False
35,90,0,0.04,baseline,29.883305603130964,28.851060236946253,25.941882787239933,600.0,452.7848663907321,1.8991323057853151,34.91647385467918,34.99999999999998,25.56561621113898,10.55,59.730932082731805,3462.5,1882.5,0.0,0.0,15096.406199108176,15292.379095470611,6.944444444444445,9.69902051518866,9.722222222222216,34226,True,"27/29 °C and 1000/1200 ppm are illustrative experiment targets, not universal regulatory limits.",False
35,90,0,0.06,baseline,29.883305603130964,28.851060236946253,25.941882787239933,600.0,452.7848663907321,1.8991323057853151,34.91647385467918,34.99999999999998,25.56561621113898,10.55,59.730932082731805,3462.5,1882.5,0.0,0.0,15096.406199108176,15292.379095470611,6.944444444444445,9.69902051518866,9.722222222222216,34226,True,"27/29 °C and 1000/1200 ppm are illustrative experiment targets, not universal regulatory limits.",False
35,90,0,0.08,baseline,29.883305603130964,28.851060236946253,25.941882787239933,600.0,452.7848663907321,1.8991323057853151,34.91647385467918,34.99999999999998,25.56561621113898,10.55,59.730932082731805,3462.5,1882.5,0.0,0.0,15096.406199108176,15292.379095470611,6.944444444444445,9.69902051518866,9.722222222222216,34226,True,"27/29 °C and 1000/1200 ppm are illustrative experiment targets, not universal regulatory limits.",False
35,90,2,0.0,baseline,29.93310166559661,28.903200643592186,25.947737046270504,600.0,450.34987743523976,1.8455370815645438,39.68243116153977,41.72784401580189,37.76334724330995,10.55,59.730932082731805,3462.5,2002.5,0.0,0.0,15093.979347401775,15292.379095470611,6.944444444444445,11.022897544872155,11.591067782167192,32690,True,"27/29 °C and 1000/1200 ppm are illustrative experiment targets, not universal regulatory limits.",False
35,90,2,0.02,baseline,29.93310166559661,28.903200643592186,25.947737046270504,600.0,450.34987743523976,1.8455370815645438,39.68243116153977,41.72784401580189,37.76334724330995,10.55,59.730932082731805,3462.5,2002.5,0.0,0.0,15093.979347401775,15292.379095470611,6.944444444444445,11.022897544872155,11.591067782167192,32690,True,"27/29 °C and 1000/1200 ppm are illustrative experiment targets, not universal regulatory limits.",False
35,90,2,0.04,baseline,29.93310166559661,28.903200643592186,25.947737046270504,600.0,450.34987743523976,1.8455370815645438,39.68243116153977,41.72784401580189,37.76334724330995,10.55,59.730932082731805,3462.5,2002.5,0.0,0.0,15093.979347401775,15292.379095470611,6.944444444444445,11.022897544872155,11.591067782167192,32690,True,"27/29 °C and 1000/1200 ppm are illustrative experiment targets, not universal regulatory limits.",False
35,90,2,0.06,baseline,29.93310166559661,28.903200643592186,25.947737046270504,600.0,450.34987743523976,1.8455370815645438,39.68243116153977,41.72784401580189,37.76334724330995,10.55,59.730932082731805,3462.5,2002.5,0.0,0.0,15093.979347401775,15292.379095470611,6.944444444444445,11.022897544872155,11.591067782167192,32690,True,"27/29 °C and 1000/1200 ppm are illustrative experiment targets, not universal regulatory limits.",False
35,90,2,0.08,baseline,29.93310166559661,28.903200643592186,25.947737046270504,600.0,450.34987743523976,1.8455370815645438,39.68243116153977,41.72784401580189,37.76334724330995,10.55,59.730932082731805,3462.5,2002.5,0.0,0.0,15093.979347401775,15292.379095470611,6.944444444444445,11.022897544872155,11.591067782167192,32690,True,"27/29 °C and 1000/1200 ppm are illustrative experiment targets, not universal regulatory limits.",False
35,90,4,0.0,baseline,29.978719381610574,28.951916481921685,25.953197673536465,600.0,448.29220220331774,1.7966909975220915,44.64205032883034,48.608768148321154,54.38328596436404,10.55,59.730932082731805,3462.5,2132.5,0.0,0.0,15091.773619996571,15292.379095470611,6.944444444444445,12.400569535786202,13.502435596755877,32282,True,"27/29 °C and 1000/1200 ppm are illustrative experiment targets, not universal regulatory limits.",False
35,90,4,0.02,baseline,29.978719381610574,28.951916481921685,25.953197673536465,600.0,448.29220220331774,1.7966909975220915,44.64205032883034,48.608768148321154,54.38328596436404,10.55,59.730932082731805,3462.5,2132.5,0.0,0.0,15091.773619996571,15292.379095470611,6.944444444444445,12.400569535786202,13.502435596755877,32282,True,"27/29 °C and 1000/1200 ppm are illustrative experiment targets, not universal regulatory limits.",False
35,90,4,0.04,baseline,29.978719381610574,28.951916481921685,25.953197673536465,600.0,448.29220220331774,1.7966909975220915,44.64205032883034,48.608768148321154,54.38328596436404,10.55,59.730932082731805,3462.5,2132.5,0.0,0.0,15091.773619996571,15292.379095470611,6.944444444444445,12.400569535786202,13.502435596755877,32282,True,"27/29 °C and 1000/1200 ppm are illustrative experiment targets, not universal regulatory limits.",False
35,90,4,0.06,baseline,29.978719381610574,28.951916481921685,25.953197673536465,600.0,448.29220220331774,1.7966909975220915,44.64205032883034,48.608768148321154,54.38328596436404,10.55,59.730932082731805,3462.5,2132.5,0.0,0.0,15091.773619996571,15292.379095470611,6.944444444444445,12.400569535786202,13.502435596755877,32282,True,"27/29 °C and 1000/1200 ppm are illustrative experiment targets, not universal regulatory limits.",False
35,90,4,0.08,baseline,29.978719381610574,28.951916481921685,25.953197673536465,600.0,448.29220220331774,1.7966909975220915,44.64205032883034,48.608768148321154,54.38328596436404,10.55,59.730932082731805,3462.5,2132.5,0.0,0.0,15091.773619996571,15292.379095470611,6.944444444444445,12.400569535786202,13.502435596755877,32282,True,"27/29 °C and 1000/1200 ppm are illustrative experiment targets, not universal regulatory limits.",False
35,90,6,0.0,baseline,30.018557488832016,28.997124897686184,25.95825725132954,600.0,446.5388824695478,1.7517008432478178,49.774535144718634,55.61253520187407,76.34433347619394,10.55,59.730932082731805,3467.5,2277.5,0.0,0.0,15089.77826350806,15292.379095470611,6.944444444444445,13.826259762421845,15.447926444965018,31268,True,"27/29 °C and 1000/1200 ppm are illustrative experiment targets, not universal regulatory limits.",False
35,90,6,0.02,baseline,30.018557488832016,28.997124897686184,25.95825725132954,600.0,446.5388824695478,1.7517008432478178,49.774535144718634,55.61253520187407,76.34433347619394,10.55,59.730932082731805,3467.5,2277.5,0.0,0.0,15089.77826350806,15292.379095470611,6.944444444444445,13.826259762421845,15.447926444965018,31268,True,"27/29 °C and 1000/1200 ppm are illustrative experiment targets, not universal regulatory limits.",False
35,90,6,0.04,baseline,30.018557488832016,28.997124897686184,25.95825725132954,600.0,446.5388824695478,1.7517008432478178,49.774535144718634,55.61253520187407,76.34433347619394,10.55,59.730932082731805,3467.5,2277.5,0.0,0.0,15089.77826350806,15292.379095470611,6.944444444444445,13.826259762421845,15.447926444965018,31268,True,"27/29 °C and 1000/1200 ppm are illustrative experiment targets, not universal regulatory limits.",False
35,90,6,0.06,baseline,30.018557488832016,28.997124897686184,25.95825725132954,600.0,446.5388824695478,1.7517008432478178,49.774535144718634,55.61253520187407,76.34433347619394,10.55,59.730932082731805,3467.5,2277.5,0.0,0.0,15089.77826350806,15292.379095470611,6.944444444444445,13.826259762421845,15.447926444965018,31268,True,"27/29 °C and 1000/1200 ppm are illustrative experiment targets, not universal regulatory limits.",False
35,90,6,0.08,baseline,30.018557488832016,28.997124897686184,25.95825725132954,600.0,446.5388824695478,1.7517008432478178,49.774535144718634,55.61253520187407,76.34433347619394,10.55,59.730932082731805,3467.5,2277.5,0.0,0.0,15089.77826350806,15292.379095470611,6.944444444444445,13.826259762421845,15.447926444965018,31268,True,"27/29 °C and 1000/1200 ppm are illustrative experiment targets, not universal regulatory limits.",False
35,90,8,0.0,baseline,30.05549391499551,29.03936854089326,25.96297813045163,600.0,445.0238638376367,1.7110740017524222,55.06338229038034,62.72810505386193,104.6287717149147,10.55,59.730932082731805,3467.5,2447.5,0.0,0.0,15087.992669510997,15292.379095470611,6.944444444444445,15.295383969550095,17.424473626072757,30650,True,"27/29 °C and 1000/1200 ppm are illustrative experiment targets, not universal regulatory limits.",False
35,90,8,0.02,baseline,30.05549391499551,29.03936854089326,25.96297813045163,600.0,445.0238638376367,1.7110740017524222,55.06338229038034,62.72810505386193,104.6287717149147,10.55,59.730932082731805,3467.5,2447.5,0.0,0.0,15087.992669510997,15292.379095470611,6.944444444444445,15.295383969550095,17.424473626072757,30650,True,"27/29 °C and 1000/1200 ppm are illustrative experiment targets, not universal regulatory limits.",False
35,90,8,0.04,baseline,30.05549391499551,29.03936854089326,25.96297813045163,600.0,445.0238638376367,1.7110740017524222,55.06338229038034,62.72810505386193,104.6287717149147,10.55,59.730932082731805,3467.5,2447.5,0.0,0.0,15087.992669510997,15292.379095470611,6.944444444444445,15.295383969550095,17.424473626072757,30650,True,"27/29 °C and 1000/1200 ppm are illustrative experiment targets, not universal regulatory limits.",False
35,90,8,0.06,baseline,30.05549391499551,29.03936854089326,25.96297813045163,600.0,445.0238638376367,1.7110740017524222,55.06338229038034,62.72810505386193,104.6287717149147,10.55,59.730932082731805,3467.5,2447.5,0.0,0.0,15087.992669510997,15292.379095470611,6.944444444444445,15.295383969550095,17.424473626072757,30650,True,"27/29 °C and 1000/1200 ppm are illustrative experiment targets, not universal regulatory limits.",False
35,90,8,0.08,baseline,30.05549391499551,29.03936854089326,25.96297813045163,600.0,445.0238638376367,1.7110740017524222,55.06338229038034,62.72810505386193,104.6287717149147,10.55,59.730932082731805,3467.5,2447.5,0.0,0.0,15087.992669510997,15292.379095470611,6.944444444444445,15.295383969550095,17.424473626072757,30650,True,"27/29 °C and 1000/1200 ppm are illustrative experiment targets, not universal regulatory limits.",False
35,100,0,0.0,baseline,29.883305603130964,28.851060236946253,25.941882787239933,600.0,452.7848663907321,1.8991323057853151,34.91647385467918,34.99999999999998,25.56561621113898,10.55,59.730932082731805,3462.5,1882.5,0.0,0.0,15096.406199108176,15292.379095470611,6.944444444444445,9.69902051518866,9.722222222222216,34226,True,"27/29 °C and 1000/1200 ppm are illustrative experiment targets, not universal regulatory limits.",False
35,100,0,0.02,baseline,29.883305603130964,28.851060236946253,25.941882787239933,600.0,452.7848663907321,1.8991323057853151,34.91647385467918,34.99999999999998,25.56561621113898,10.55,59.730932082731805,3462.5,1882.5,0.0,0.0,15096.406199108176,15292.379095470611,6.944444444444445,9.69902051518866,9.722222222222216,34226,True,"27/29 °C and 1000/1200 ppm are illustrative experiment targets, not universal regulatory limits.",False
35,100,0,0.04,baseline,29.883305603130964,28.851060236946253,25.941882787239933,600.0,452.7848663907321,1.8991323057853151,34.91647385467918,34.99999999999998,25.56561621113898,10.55,59.730932082731805,3462.5,1882.5,0.0,0.0,15096.406199108176,15292.379095470611,6.944444444444445,9.69902051518866,9.722222222222216,34226,True,"27/29 °C and 1000/1200 ppm are illustrative experiment targets, not universal regulatory limits.",False
35,100,0,0.06,baseline,29.883305603130964,28.851060236946253,25.941882787239933,600.0,452.7848663907321,1.8991323057853151,34.91647385467918,34.99999999999998,25.56561621113898,10.55,59.730932082731805,3462.5,1882.5,0.0,0.0,15096.406199108176,15292.379095470611,6.944444444444445,9.69902051518866,9.722222222222216,34226,True,"27/29 °C and 1000/1200 ppm are illustrative experiment targets, not universal regulatory limits.",False
35,100,0,0.08,baseline,29.883305603130964,28.851060236946253,25.941882787239933,600.0,452.7848663907321,1.8991323057853151,34.91647385467918,34.99999999999998,25.56561621113898,10.55,59.730932082731805,3462.5,1882.5,0.0,0.0,15096.406199108176,15292.379095470611,6.944444444444445,9.69902051518866,9.722222222222216,34226,True,"27/29 °C and 1000/1200 ppm are illustrative experiment targets, not universal regulatory limits.",False
35,100,2,0.0,baseline,29.93310166559661,28.903200643592186,25.947737046270504,600.0,450.34987743523976,1.8455370815645438,39.68243116153977,41.72784401580189,37.76334724330995,10.55,59.730932082731805,3462.5,2002.5,0.0,0.0,15093.979347401775,15292.379095470611,6.944444444444445,11.022897544872155,11.591067782167192,32690,True,"27/29 °C and 1000/1200 ppm are illustrative experiment targets, not universal regulatory limits.",False
35,100,2,0.02,baseline,29.93310166559661,28.903200643592186,25.947737046270504,600.0,450.34987743523976,1.8455370815645438,39.68243116153977,41.72784401580189,37.76334724330995,10.55,59.730932082731805,3462.5,2002.5,0.0,0.0,15093.979347401775,15292.379095470611,6.944444444444445,11.022897544872155,11.591067782167192,32690,True,"27/29 °C and 1000/1200 ppm are illustrative experiment targets, not universal regulatory limits.",False
35,100,2,0.04,baseline,29.93310166559661,28.903200643592186,25.947737046270504,600.0,450.34987743523976,1.8455370815645438,39.68243116153977,41.72784401580189,37.76334724330995,10.55,59.730932082731805,3462.5,2002.5,0.0,0.0,15093.979347401775,15292.379095470611,6.944444444444445,11.022897544872155,11.591067782167192,32690,True,"27/29 °C and 1000/1200 ppm are illustrative experiment targets, not universal regulatory limits.",False
35,100,2,0.06,baseline,29.93310166559661,28.903200643592186,25.947737046270504,600.0,450.34987743523976,1.8455370815645438,39.68243116153977,41.72784401580189,37.76334724330995,10.55,59.730932082731805,3462.5,2002.5,0.0,0.0,15093.979347401775,15292.379095470611,6.944444444444445,11.022897544872155,11.591067782167192,32690,True,"27/29 °C and 1000/1200 ppm are illustrative experiment targets, not universal regulatory limits.",False
35,100,2,0.08,baseline,29.93310166559661,28.903200643592186,25.947737046270504,600.0,450.34987743523976,1.8455370815645438,39.68243116153977,41.72784401580189,37.76334724330995,10.55,59.730932082731805,3462.5,2002.5,0.0,0.0,15093.979347401775,15292.379095470611,6.944444444444445,11.022897544872155,11.591067782167192,32690,True,"27/29 °C and 1000/1200 ppm are illustrative experiment targets, not universal regulatory limits.",False
35,100,4,0.0,baseline,29.978719381610574,28.951916481921685,25.953197673536465,600.0,448.29220220331774,1.7966909975220915,44.64205032883034,48.608768148321154,54.38328596436404,10.55,59.730932082731805,3462.5,2132.5,0.0,0.0,15091.773619996571,15292.379095470611,6.944444444444445,12.400569535786202,13.502435596755877,32282,True,"27/29 °C and 1000/1200 ppm are illustrative experiment targets, not universal regulatory limits.",False
35,100,4,0.02,baseline,29.978719381610574,28.951916481921685,25.953197673536465,600.0,448.29220220331774,1.7966909975220915,44.64205032883034,48.608768148321154,54.38328596436404,10.55,59.730932082731805,3462.5,2132.5,0.0,0.0,15091.773619996571,15292.379095470611,6.944444444444445,12.400569535786202,13.502435596755877,32282,True,"27/29 °C and 1000/1200 ppm are illustrative experiment targets, not universal regulatory limits.",False
35,100,4,0.04,baseline,29.978719381610574,28.951916481921685,25.953197673536465,600.0,448.29220220331774,1.7966909975220915,44.64205032883034,48.608768148321154,54.38328596436404,10.55,59.730932082731805,3462.5,2132.5,0.0,0.0,15091.773619996571,15292.379095470611,6.944444444444445,12.400569535786202,13.502435596755877,32282,True,"27/29 °C and 1000/1200 ppm are illustrative experiment targets, not universal regulatory limits.",False
35,100,4,0.06,baseline,29.978719381610574,28.951916481921685,25.953197673536465,600.0,448.29220220331774,1.7966909975220915,44.64205032883034,48.608768148321154,54.38328596436404,10.55,59.730932082731805,3462.5,2132.5,0.0,0.0,15091.773619996571,15292.379095470611,6.944444444444445,12.400569535786202,13.502435596755877,32282,True,"27/29 °C and 1000/1200 ppm are illustrative experiment targets, not universal regulatory limits.",False
35,100,4,0.08,baseline,29.978719381610574,28.951916481921685,25.953197673536465,600.0,448.29220220331774,1.7966909975220915,44.64205032883034,48.608768148321154,54.38328596436404,10.55,59.730932082731805,3462.5,2132.5,0.0,0.0,15091.773619996571,15292.379095470611,6.944444444444445,12.400569535786202,13.502435596755877,32282,True,"27/29 °C and 1000/1200 ppm are illustrative experiment targets, not universal regulatory limits.",False
35,100,6,0.0,baseline,30.018557488832016,28.997124897686184,25.95825725132954,600.0,446.5388824695478,1.7517008432478178,49.774535144718634,55.61253520187407,76.34433347619394,10.55,59.730932082731805,3467.5,2277.5,0.0,0.0,15089.77826350806,15292.379095470611,6.944444444444445,13.826259762421845,15.447926444965018,31268,True,"27/29 °C and 1000/1200 ppm are illustrative experiment targets, not universal regulatory limits.",False
35,100,6,0.02,baseline,30.018557488832016,28.997124897686184,25.95825725132954,600.0,446.5388824695478,1.7517008432478178,49.774535144718634,55.61253520187407,76.34433347619394,10.55,59.730932082731805,3467.5,2277.5,0.0,0.0,15089.77826350806,15292.379095470611,6.944444444444445,13.826259762421845,15.447926444965018,31268,True,"27/29 °C and 1000/1200 ppm are illustrative experiment targets, not universal regulatory limits.",False
35,100,6,0.04,baseline,30.018557488832016,28.997124897686184,25.95825725132954,600.0,446.5388824695478,1.7517008432478178,49.774535144718634,55.61253520187407,76.34433347619394,10.55,59.730932082731805,3467.5,2277.5,0.0,0.0,15089.77826350806,15292.379095470611,6.944444444444445,13.826259762421845,15.447926444965018,31268,True,"27/29 °C and 1000/1200 ppm are illustrative experiment targets, not universal regulatory limits.",False
35,100,6,0.06,baseline,30.018557488832016,28.997124897686184,25.95825725132954,600.0,446.5388824695478,1.7517008432478178,49.774535144718634,55.61253520187407,76.34433347619394,10.55,59.730932082731805,3467.5,2277.5,0.0,0.0,15089.77826350806,15292.379095470611,6.944444444444445,13.826259762421845,15.447926444965018,31268,True,"27/29 °C and 1000/1200 ppm are illustrative experiment targets, not universal regulatory limits.",False
35,100,6,0.08,baseline,30.018557488832016,28.997124897686184,25.95825725132954,600.0,446.5388824695478,1.7517008432478178,49.774535144718634,55.61253520187407,76.34433347619394,10.55,59.730932082731805,3467.5,2277.5,0.0,0.0,15089.77826350806,15292.379095470611,6.944444444444445,13.826259762421845,15.447926444965018,31268,True,"27/29 °C and 1000/1200 ppm are illustrative experiment targets, not universal regulatory limits.",False
35,100,8,0.0,baseline,30.05549391499551,29.03936854089326,25.96297813045163,600.0,445.0238638376367,1.7110740017524222,55.06338229038034,62.72810505386193,104.6287717149147,10.55,59.730932082731805,3467.5,2447.5,0.0,0.0,15087.992669510997,15292.379095470611,6.944444444444445,15.295383969550095,17.424473626072757,30650,True,"27/29 °C and 1000/1200 ppm are illustrative experiment targets, not universal regulatory limits.",False
35,100,8,0.02,baseline,30.05549391499551,29.03936854089326,25.96297813045163,600.0,445.0238638376367,1.7110740017524222,55.06338229038034,62.72810505386193,104.6287717149147,10.55,59.730932082731805,3467.5,2447.5,0.0,0.0,15087.992669510997,15292.379095470611,6.944444444444445,15.295383969550095,17.424473626072757,30650,True,"27/29 °C and 1000/1200 ppm are illustrative experiment targets, not universal regulatory limits.",False
35,100,8,0.04,baseline,30.05549391499551,29.03936854089326,25.96297813045163,600.0,445.0238638376367,1.7110740017524222,55.06338229038034,62.72810505386193,104.6287717149147,10.55,59.730932082731805,3467.5,2447.5,0.0,0.0,15087.992669510997,15292.379095470611,6.944444444444445,15.295383969550095,17.424473626072757,30650,True,"27/29 °C and 1000/1200 ppm are illustrative experiment targets, not universal regulatory limits.",False
35,100,8,0.06,baseline,30.05549391499551,29.03936854089326,25.96297813045163,600.0,445.0238638376367,1.7110740017524222,55.06338229038034,62.72810505386193,104.6287717149147,10.55,59.730932082731805,3467.5,2447.5,0.0,0.0,15087.992669510997,15292.379095470611,6.944444444444445,15.295383969550095,17.424473626072757,30650,True,"27/29 °C and 1000/1200 ppm are illustrative experiment targets, not universal regulatory limits.",False
35,100,8,0.08,baseline,30.05549391499551,29.03936854089326,25.96297813045163,600.0,445.0238638376367,1.7110740017524222,55.06338229038034,62.72810505386193,104.6287717149147,10.55,59.730932082731805,3467.5,2447.5,0.0,0.0,15087.992669510997,15292.379095470611,6.944444444444445,15.295383969550095,17.424473626072757,30650,True,"27/29 °C and 1000/1200 ppm are illustrative experiment targets, not universal regulatory limits.",False
35,110,0,0.0,baseline,29.883305603130964,28.851060236946253,25.941882787239933,600.0,452.7848663907321,1.8991323057853151,34.91647385467918,34.99999999999998,25.56561621113898,10.55,59.730932082731805,3462.5,1882.5,0.0,0.0,15096.406199108176,15292.379095470611,6.944444444444445,9.69902051518866,9.722222222222216,34226,True,"27/29 °C and 1000/1200 ppm are illustrative experiment targets, not universal regulatory limits.",False
35,110,0,0.02,baseline,29.883305603130964,28.851060236946253,25.941882787239933,600.0,452.7848663907321,1.8991323057853151,34.91647385467918,34.99999999999998,25.56561621113898,10.55,59.730932082731805,3462.5,1882.5,0.0,0.0,15096.406199108176,15292.379095470611,6.944444444444445,9.69902051518866,9.722222222222216,34226,True,"27/29 °C and 1000/1200 ppm are illustrative experiment targets, not universal regulatory limits.",False
35,110,0,0.04,baseline,29.883305603130964,28.851060236946253,25.941882787239933,600.0,452.7848663907321,1.8991323057853151,34.91647385467918,34.99999999999998,25.56561621113898,10.55,59.730932082731805,3462.5,1882.5,0.0,0.0,15096.406199108176,15292.379095470611,6.944444444444445,9.69902051518866,9.722222222222216,34226,True,"27/29 °C and 1000/1200 ppm are illustrative experiment targets, not universal regulatory limits.",False
35,110,0,0.06,baseline,29.883305603130964,28.851060236946253,25.941882787239933,600.0,452.7848663907321,1.8991323057853151,34.91647385467918,34.99999999999998,25.56561621113898,10.55,59.730932082731805,3462.5,1882.5,0.0,0.0,15096.406199108176,15292.379095470611,6.944444444444445,9.69902051518866,9.722222222222216,34226,True,"27/29 °C and 1000/1200 ppm are illustrative experiment targets, not universal regulatory limits.",False
35,110,0,0.08,baseline,29.883305603130964,28.851060236946253,25.941882787239933,600.0,452.7848663907321,1.8991323057853151,34.91647385467918,34.99999999999998,25.56561621113898,10.55,59.730932082731805,3462.5,1882.5,0.0,0.0,15096.406199108176,15292.379095470611,6.944444444444445,9.69902051518866,9.722222222222216,34226,True,"27/29 °C and 1000/1200 ppm are illustrative experiment targets, not universal regulatory limits.",False
35,110,2,0.0,baseline,29.93310166559661,28.903200643592186,25.947737046270504,600.0,450.34987743523976,1.8455370815645438,39.68243116153977,41.72784401580189,37.76334724330995,10.55,59.730932082731805,3462.5,2002.5,0.0,0.0,15093.979347401775,15292.379095470611,6.944444444444445,11.022897544872155,11.591067782167192,32690,True,"27/29 °C and 1000/1200 ppm are illustrative experiment targets, not universal regulatory limits.",False
35,110,2,0.02,baseline,29.93310166559661,28.903200643592186,25.947737046270504,600.0,450.34987743523976,1.8455370815645438,39.68243116153977,41.72784401580189,37.76334724330995,10.55,59.730932082731805,3462.5,2002.5,0.0,0.0,15093.979347401775,15292.379095470611,6.944444444444445,11.022897544872155,11.591067782167192,32690,True,"27/29 °C and 1000/1200 ppm are illustrative experiment targets, not universal regulatory limits.",False
35,110,2,0.04,baseline,29.93310166559661,28.903200643592186,25.947737046270504,600.0,450.34987743523976,1.8455370815645438,39.68243116153977,41.72784401580189,37.76334724330995,10.55,59.730932082731805,3462.5,2002.5,0.0,0.0,15093.979347401775,15292.379095470611,6.944444444444445,11.022897544872155,11.591067782167192,32690,True,"27/29 °C and 1000/1200 ppm are illustrative experiment targets, not universal regulatory limits.",False
35,110,2,0.06,baseline,29.93310166559661,28.903200643592186,25.947737046270504,600.0,450.34987743523976,1.8455370815645438,39.68243116153977,41.72784401580189,37.76334724330995,10.55,59.730932082731805,3462.5,2002.5,0.0,0.0,15093.979347401775,15292.379095470611,6.944444444444445,11.022897544872155,11.591067782167192,32690,True,"27/29 °C and 1000/1200 ppm are illustrative experiment targets, not universal regulatory limits.",False
35,110,2,0.08,baseline,29.93310166559661,28.903200643592186,25.947737046270504,600.0,450.34987743523976,1.8455370815645438,39.68243116153977,41.72784401580189,37.76334724330995,10.55,59.730932082731805,3462.5,2002.5,0.0,0.0,15093.979347401775,15292.379095470611,6.944444444444445,11.022897544872155,11.591067782167192,32690,True,"27/29 °C and 1000/1200 ppm are illustrative experiment targets, not universal regulatory limits.",False
35,110,4,0.0,baseline,29.978719381610574,28.951916481921685,25.953197673536465,600.0,448.29220220331774,1.7966909975220915,44.64205032883034,48.608768148321154,54.38328596436404,10.55,59.730932082731805,3462.5,2132.5,0.0,0.0,15091.773619996571,15292.379095470611,6.944444444444445,12.400569535786202,13.502435596755877,32282,True,"27/29 °C and 1000/1200 ppm are illustrative experiment targets, not universal regulatory limits.",False
35,110,4,0.02,baseline,29.978719381610574,28.951916481921685,25.953197673536465,600.0,448.29220220331774,1.7966909975220915,44.64205032883034,48.608768148321154,54.38328596436404,10.55,59.730932082731805,3462.5,2132.5,0.0,0.0,15091.773619996571,15292.379095470611,6.944444444444445,12.400569535786202,13.502435596755877,32282,True,"27/29 °C and 1000/1200 ppm are illustrative experiment targets, not universal regulatory limits.",False
35,110,4,0.04,baseline,29.978719381610574,28.951916481921685,25.953197673536465,600.0,448.29220220331774,1.7966909975220915,44.64205032883034,48.608768148321154,54.38328596436404,10.55,59.730932082731805,3462.5,2132.5,0.0,0.0,15091.773619996571,15292.379095470611,6.944444444444445,12.400569535786202,13.502435596755877,32282,True,"27/29 °C and 1000/1200 ppm are illustrative experiment targets, not universal regulatory limits.",False
35,110,4,0.06,baseline,29.978719381610574,28.951916481921685,25.953197673536465,600.0,448.29220220331774,1.7966909975220915,44.64205032883034,48.608768148321154,54.38328596436404,10.55,59.730932082731805,3462.5,2132.5,0.0,0.0,15091.773619996571,15292.379095470611,6.944444444444445,12.400569535786202,13.502435596755877,32282,True,"27/29 °C and 1000/1200 ppm are illustrative experiment targets, not universal regulatory limits.",False
35,110,4,0.08,baseline,29.978719381610574,28.951916481921685,25.953197673536465,600.0,448.29220220331774,1.7966909975220915,44.64205032883034,48.608768148321154,54.38328596436404,10.55,59.730932082731805,3462.5,2132.5,0.0,0.0,15091.773619996571,15292.379095470611,6.944444444444445,12.400569535786202,13.502435596755877,32282,True,"27/29 °C and 1000/1200 ppm are illustrative experiment targets, not universal regulatory limits.",False
35,110,6,0.0,baseline,30.018557488832016,28.997124897686184,25.95825725132954,600.0,446.5388824695478,1.7517008432478178,49.774535144718634,55.61253520187407,76.34433347619394,10.55,59.730932082731805,3467.5,2277.5,0.0,0.0,15089.77826350806,15292.379095470611,6.944444444444445,13.826259762421845,15.447926444965018,31268,True,"27/29 °C and 1000/1200 ppm are illustrative experiment targets, not universal regulatory limits.",False
35,110,6,0.02,baseline,30.018557488832016,28.997124897686184,25.95825725132954,600.0,446.5388824695478,1.7517008432478178,49.774535144718634,55.61253520187407,76.34433347619394,10.55,59.730932082731805,3467.5,2277.5,0.0,0.0,15089.77826350806,15292.379095470611,6.944444444444445,13.826259762421845,15.447926444965018,31268,True,"27/29 °C and 1000/1200 ppm are illustrative experiment targets, not universal regulatory limits.",False
35,110,6,0.04,baseline,30.018557488832016,28.997124897686184,25.95825725132954,600.0,446.5388824695478,1.7517008432478178,49.774535144718634,55.61253520187407,76.34433347619394,10.55,59.730932082731805,3467.5,2277.5,0.0,0.0,15089.77826350806,15292.379095470611,6.944444444444445,13.826259762421845,15.447926444965018,31268,True,"27/29 °C and 1000/1200 ppm are illustrative experiment targets, not universal regulatory limits.",False
35,110,6,0.06,baseline,30.018557488832016,28.997124897686184,25.95825725132954,600.0,446.5388824695478,1.7517008432478178,49.774535144718634,55.61253520187407,76.34433347619394,10.55,59.730932082731805,3467.5,2277.5,0.0,0.0,15089.77826350806,15292.379095470611,6.944444444444445,13.826259762421845,15.447926444965018,31268,True,"27/29 °C and 1000/1200 ppm are illustrative experiment targets, not universal regulatory limits.",False
35,110,6,0.08,baseline,30.018557488832016,28.997124897686184,25.95825725132954,600.0,446.5388824695478,1.7517008432478178,49.774535144718634,55.61253520187407,76.34433347619394,10.55,59.730932082731805,3467.5,2277.5,0.0,0.0,15089.77826350806,15292.379095470611,6.944444444444445,13.826259762421845,15.447926444965018,31268,True,"27/29 °C and 1000/1200 ppm are illustrative experiment targets, not universal regulatory limits.",False
35,110,8,0.0,baseline,30.05549391499551,29.03936854089326,25.96297813045163,600.0,445.0238638376367,1.7110740017524222,55.06338229038034,62.72810505386193,104.6287717149147,10.55,59.730932082731805,3467.5,2447.5,0.0,0.0,15087.992669510997,15292.379095470611,6.944444444444445,15.295383969550095,17.424473626072757,30650,True,"27/29 °C and 1000/1200 ppm are illustrative experiment targets, not universal regulatory limits.",False
35,110,8,0.02,baseline,30.05549391499551,29.03936854089326,25.96297813045163,600.0,445.0238638376367,1.7110740017524222,55.06338229038034,62.72810505386193,104.6287717149147,10.55,59.730932082731805,3467.5,2447.5,0.0,0.0,15087.992669510997,15292.379095470611,6.944444444444445,15.295383969550095,17.424473626072757,30650,True,"27/29 °C and 1000/1200 ppm are illustrative experiment targets, not universal regulatory limits.",False
35,110,8,0.04,baseline,30.05549391499551,29.03936854089326,25.96297813045163,600.0,445.0238638376367,1.7110740017524222,55.06338229038034,62.72810505386193,104.6287717149147,10.55,59.730932082731805,3467.5,2447.5,0.0,0.0,15087.992669510997,15292.379095470611,6.944444444444445,15.295383969550095,17.424473626072757,30650,True,"27/29 °C and 1000/1200 ppm are illustrative experiment targets, not universal regulatory limits.",False
35,110,8,0.06,baseline,30.05549391499551,29.03936854089326,25.96297813045163,600.0,445.0238638376367,1.7110740017524222,55.06338229038034,62.72810505386193,104.6287717149147,10.55,59.730932082731805,3467.5,2447.5,0.0,0.0,15087.992669510997,15292.379095470611,6.944444444444445,15.295383969550095,17.424473626072757,30650,True,"27/29 °C and 1000/1200 ppm are illustrative experiment targets, not universal regulatory limits.",False
35,110,8,0.08,baseline,30.05549391499551,29.03936854089326,25.96297813045163,600.0,445.0238638376367,1.7110740017524222,55.06338229038034,62.72810505386193,104.6287717149147,10.55,59.730932082731805,3467.5,2447.5,0.0,0.0,15087.992669510997,15292.379095470611,6.944444444444445,15.295383969550095,17.424473626072757,30650,True,"27/29 °C and 1000/1200 ppm are illustrative experiment targets, not universal regulatory limits.",False
35,120,0,0.0,baseline,29.883305603130964,28.851060236946253,25.941882787239933,600.0,452.7848663907321,1.8991323057853151,34.91647385467918,34.99999999999998,25.56561621113898,10.55,59.730932082731805,3462.5,1882.5,0.0,0.0,15096.406199108176,15292.379095470611,6.944444444444445,9.69902051518866,9.722222222222216,34226,True,"27/29 °C and 1000/1200 ppm are illustrative experiment targets, not universal regulatory limits.",False
35,120,0,0.02,baseline,29.883305603130964,28.851060236946253,25.941882787239933,600.0,452.7848663907321,1.8991323057853151,34.91647385467918,34.99999999999998,25.56561621113898,10.55,59.730932082731805,3462.5,1882.5,0.0,0.0,15096.406199108176,15292.379095470611,6.944444444444445,9.69902051518866,9.722222222222216,34226,True,"27/29 °C and 1000/1200 ppm are illustrative experiment targets, not universal regulatory limits.",False
35,120,0,0.04,baseline,29.883305603130964,28.851060236946253,25.941882787239933,600.0,452.7848663907321,1.8991323057853151,34.91647385467918,34.99999999999998,25.56561621113898,10.55,59.730932082731805,3462.5,1882.5,0.0,0.0,15096.406199108176,15292.379095470611,6.944444444444445,9.69902051518866,9.722222222222216,34226,True,"27/29 °C and 1000/1200 ppm are illustrative experiment targets, not universal regulatory limits.",False
35,120,0,0.06,baseline,29.883305603130964,28.851060236946253,25.941882787239933,600.0,452.7848663907321,1.8991323057853151,34.91647385467918,34.99999999999998,25.56561621113898,10.55,59.730932082731805,3462.5,1882.5,0.0,0.0,15096.406199108176,15292.379095470611,6.944444444444445,9.69902051518866,9.722222222222216,34226,True,"27/29 °C and 1000/1200 ppm are illustrative experiment targets, not universal regulatory limits.",False
35,120,0,0.08,baseline,29.883305603130964,28.851060236946253,25.941882787239933,600.0,452.7848663907321,1.8991323057853151,34.91647385467918,34.99999999999998,25.56561621113898,10.55,59.730932082731805,3462.5,1882.5,0.0,0.0,15096.406199108176,15292.379095470611,6.944444444444445,9.69902051518866,9.722222222222216,34226,True,"27/29 °C and 1000/1200 ppm are illustrative experiment targets, not universal regulatory limits.",False
35,120,2,0.0,baseline,29.93310166559661,28.903200643592186,25.947737046270504,600.0,450.34987743523976,1.8455370815645438,39.68243116153977,41.72784401580189,37.76334724330995,10.55,59.730932082731805,3462.5,2002.5,0.0,0.0,15093.979347401775,15292.379095470611,6.944444444444445,11.022897544872155,11.591067782167192,32690,True,"27/29 °C and 1000/1200 ppm are illustrative experiment targets, not universal regulatory limits.",False
35,120,2,0.02,baseline,29.93310166559661,28.903200643592186,25.947737046270504,600.0,450.34987743523976,1.8455370815645438,39.68243116153977,41.72784401580189,37.76334724330995,10.55,59.730932082731805,3462.5,2002.5,0.0,0.0,15093.979347401775,15292.379095470611,6.944444444444445,11.022897544872155,11.591067782167192,32690,True,"27/29 °C and 1000/1200 ppm are illustrative experiment targets, not universal regulatory limits.",False
35,120,2,0.04,baseline,29.93310166559661,28.903200643592186,25.947737046270504,600.0,450.34987743523976,1.8455370815645438,39.68243116153977,41.72784401580189,37.76334724330995,10.55,59.730932082731805,3462.5,2002.5,0.0,0.0,15093.979347401775,15292.379095470611,6.944444444444445,11.022897544872155,11.591067782167192,32690,True,"27/29 °C and 1000/1200 ppm are illustrative experiment targets, not universal regulatory limits.",False
35,120,2,0.06,baseline,29.93310166559661,28.903200643592186,25.947737046270504,600.0,450.34987743523976,1.8455370815645438,39.68243116153977,41.72784401580189,37.76334724330995,10.55,59.730932082731805,3462.5,2002.5,0.0,0.0,15093.979347401775,15292.379095470611,6.944444444444445,11.022897544872155,11.591067782167192,32690,True,"27/29 °C and 1000/1200 ppm are illustrative experiment targets, not universal regulatory limits.",False
35,120,2,0.08,baseline,29.93310166559661,28.903200643592186,25.947737046270504,600.0,450.34987743523976,1.8455370815645438,39.68243116153977,41.72784401580189,37.76334724330995,10.55,59.730932082731805,3462.5,2002.5,0.0,0.0,15093.979347401775,15292.379095470611,6.944444444444445,11.022897544872155,11.591067782167192,32690,True,"27/29 °C and 1000/1200 ppm are illustrative experiment targets, not universal regulatory limits.",False
35,120,4,0.0,baseline,29.978719381610574,28.951916481921685,25.953197673536465,600.0,448.29220220331774,1.7966909975220915,44.64205032883034,48.608768148321154,54.38328596436404,10.55,59.730932082731805,3462.5,2132.5,0.0,0.0,15091.773619996571,15292.379095470611,6.944444444444445,12.400569535786202,13.502435596755877,32282,True,"27/29 °C and 1000/1200 ppm are illustrative experiment targets, not universal regulatory limits.",False
35,120,4,0.02,baseline,29.978719381610574,28.951916481921685,25.953197673536465,600.0,448.29220220331774,1.7966909975220915,44.64205032883034,48.608768148321154,54.38328596436404,10.55,59.730932082731805,3462.5,2132.5,0.0,0.0,15091.773619996571,15292.379095470611,6.944444444444445,12.400569535786202,13.502435596755877,32282,True,"27/29 °C and 1000/1200 ppm are illustrative experiment targets, not universal regulatory limits.",False
35,120,4,0.04,baseline,29.978719381610574,28.951916481921685,25.953197673536465,600.0,448.29220220331774,1.7966909975220915,44.64205032883034,48.608768148321154,54.38328596436404,10.55,59.730932082731805,3462.5,2132.5,0.0,0.0,15091.773619996571,15292.379095470611,6.944444444444445,12.400569535786202,13.502435596755877,32282,True,"27/29 °C and 1000/1200 ppm are illustrative experiment targets, not universal regulatory limits.",False
35,120,4,0.06,baseline,29.978719381610574,28.951916481921685,25.953197673536465,600.0,448.29220220331774,1.7966909975220915,44.64205032883034,48.608768148321154,54.38328596436404,10.55,59.730932082731805,3462.5,2132.5,0.0,0.0,15091.773619996571,15292.379095470611,6.944444444444445,12.400569535786202,13.502435596755877,32282,True,"27/29 °C and 1000/1200 ppm are illustrative experiment targets, not universal regulatory limits.",False
35,120,4,0.08,baseline,29.978719381610574,28.951916481921685,25.953197673536465,600.0,448.29220220331774,1.7966909975220915,44.64205032883034,48.608768148321154,54.38328596436404,10.55,59.730932082731805,3462.5,2132.5,0.0,0.0,15091.773619996571,15292.379095470611,6.944444444444445,12.400569535786202,13.502435596755877,32282,True,"27/29 °C and 1000/1200 ppm are illustrative experiment targets, not universal regulatory limits.",False
35,120,6,0.0,baseline,30.018557488832016,28.997124897686184,25.95825725132954,600.0,446.5388824695478,1.7517008432478178,49.774535144718634,55.61253520187407,76.34433347619394,10.55,59.730932082731805,3467.5,2277.5,0.0,0.0,15089.77826350806,15292.379095470611,6.944444444444445,13.826259762421845,15.447926444965018,31268,True,"27/29 °C and 1000/1200 ppm are illustrative experiment targets, not universal regulatory limits.",False
35,120,6,0.02,baseline,30.018557488832016,28.997124897686184,25.95825725132954,600.0,446.5388824695478,1.7517008432478178,49.774535144718634,55.61253520187407,76.34433347619394,10.55,59.730932082731805,3467.5,2277.5,0.0,0.0,15089.77826350806,15292.379095470611,6.944444444444445,13.826259762421845,15.447926444965018,31268,True,"27/29 °C and 1000/1200 ppm are illustrative experiment targets, not universal regulatory limits.",False
35,120,6,0.04,baseline,30.018557488832016,28.997124897686184,25.95825725132954,600.0,446.5388824695478,1.7517008432478178,49.774535144718634,55.61253520187407,76.34433347619394,10.55,59.730932082731805,3467.5,2277.5,0.0,0.0,15089.77826350806,15292.379095470611,6.944444444444445,13.826259762421845,15.447926444965018,31268,True,"27/29 °C and 1000/1200 ppm are illustrative experiment targets, not universal regulatory limits.",False
35,120,6,0.06,baseline,30.018557488832016,28.997124897686184,25.95825725132954,600.0,446.5388824695478,1.7517008432478178,49.774535144718634,55.61253520187407,76.34433347619394,10.55,59.730932082731805,3467.5,2277.5,0.0,0.0,15089.77826350806,15292.379095470611,6.944444444444445,13.826259762421845,15.447926444965018,31268,True,"27/29 °C and 1000/1200 ppm are illustrative experiment targets, not universal regulatory limits.",False
35,120,6,0.08,baseline,30.018557488832016,28.997124897686184,25.95825725132954,600.0,446.5388824695478,1.7517008432478178,49.774535144718634,55.61253520187407,76.34433347619394,10.55,59.730932082731805,3467.5,2277.5,0.0,0.0,15089.77826350806,15292.379095470611,6.944444444444445,13.826259762421845,15.447926444965018,31268,True,"27/29 °C and 1000/1200 ppm are illustrative experiment targets, not universal regulatory limits.",False
35,120,8,0.0,baseline,30.05549391499551,29.03936854089326,25.96297813045163,600.0,445.0238638376367,1.7110740017524222,55.06338229038034,62.72810505386193,104.6287717149147,10.55,59.730932082731805,3467.5,2447.5,0.0,0.0,15087.992669510997,15292.379095470611,6.944444444444445,15.295383969550095,17.424473626072757,30650,True,"27/29 °C and 1000/1200 ppm are illustrative experiment targets, not universal regulatory limits.",False
35,120,8,0.02,baseline,30.05549391499551,29.03936854089326,25.96297813045163,600.0,445.0238638376367,1.7110740017524222,55.06338229038034,62.72810505386193,104.6287717149147,10.55,59.730932082731805,3467.5,2447.5,0.0,0.0,15087.992669510997,15292.379095470611,6.944444444444445,15.295383969550095,17.424473626072757,30650,True,"27/29 °C and 1000/1200 ppm are illustrative experiment targets, not universal regulatory limits.",False
35,120,8,0.04,baseline,30.05549391499551,29.03936854089326,25.96297813045163,600.0,445.0238638376367,1.7110740017524222,55.06338229038034,62.72810505386193,104.6287717149147,10.55,59.730932082731805,3467.5,2447.5,0.0,0.0,15087.992669510997,15292.379095470611,6.944444444444445,15.295383969550095,17.424473626072757,30650,True,"27/29 °C and 1000/1200 ppm are illustrative experiment targets, not universal regulatory limits.",False
35,120,8,0.06,baseline,30.05549391499551,29.03936854089326,25.96297813045163,600.0,445.0238638376367,1.7110740017524222,55.06338229038034,62.72810505386193,104.6287717149147,10.55,59.730932082731805,3467.5,2447.5,0.0,0.0,15087.992669510997,15292.379095470611,6.944444444444445,15.295383969550095,17.424473626072757,30650,True,"27/29 °C and 1000/1200 ppm are illustrative experiment targets, not universal regulatory limits.",False
35,120,8,0.08,baseline,30.05549391499551,29.03936854089326,25.96297813045163,600.0,445.0238638376367,1.7110740017524222,55.06338229038034,62.72810505386193,104.6287717149147,10.55,59.730932082731805,3467.5,2447.5,0.0,0.0,15087.992669510997,15292.379095470611,6.944444444444445,15.295383969550095,17.424473626072757,30650,True,"27/29 °C and 1000/1200 ppm are illustrative experiment targets, not universal regulatory limits.",False
40,50,0,0.0,baseline,29.93242216129329,28.923425342178657,25.94988767310275,600.0,449.2168877577734,1.84705495693197,39.87471078201878,39.99999999999998,38.101549195753044,10.55,59.730932082731805,3477.5,2002.5,0.0,0.0,15094.026904179855,15292.379095470611,6.944444444444445,11.076308550560773,11.111111111111104,32858,True,"27/29 °C and 1000/1200 ppm are illustrative experiment targets, not universal regulatory limits.",False
40,50,0,0.02,baseline,29.93242216129329,28.923425342178657,25.94988767310275,600.0,449.2168877577734,1.84705495693197,39.87471078201878,39.99999999999998,38.101549195753044,10.55,59.730932082731805,3477.5,2002.5,0.0,0.0,15094.026904179855,15292.379095470611,6.944444444444445,11.076308550560773,11.111111111111104,32858,True,"27/29 °C and 1000/1200 ppm are illustrative experiment targets, not universal regulatory limits.",False
40,50,0,0.04,baseline,29.93242216129329,28.923425342178657,25.94988767310275,600.0,449.2168877577734,1.84705495693197,39.87471078201878,39.99999999999998,38.101549195753044,10.55,59.730932082731805,3477.5,2002.5,0.0,0.0,15094.026904179855,15292.379095470611,6.944444444444445,11.076308550560773,11.111111111111104,32858,True,"27/29 °C and 1000/1200 ppm are illustrative experiment targets, not universal regulatory limits.",False
40,50,0,0.06,baseline,29.93242216129329,28.923425342178657,25.94988767310275,600.0,449.2168877577734,1.84705495693197,39.87471078201878,39.99999999999998,38.101549195753044,10.55,59.730932082731805,3477.5,2002.5,0.0,0.0,15094.026904179855,15292.379095470611,6.944444444444445,11.076308550560773,11.111111111111104,32858,True,"27/29 °C and 1000/1200 ppm are illustrative experiment targets, not universal regulatory limits.",False
40,50,0,0.08,baseline,29.93242216129329,28.923425342178657,25.94988767310275,600.0,449.2168877577734,1.84705495693197,39.87471078201878,39.99999999999998,38.101549195753044,10.55,59.730932082731805,3477.5,2002.5,0.0,0.0,15094.026904179855,15292.379095470611,6.944444444444445,11.076308550560773,11.111111111111104,32858,True,"27/29 °C and 1000/1200 ppm are illustrative experiment targets, not universal regulatory limits.",False
40,50,2,0.0,baseline,29.977551391900988,28.971145513365933,25.955237867256358,600.0,447.21812644627437,1.8002385726285866,44.77547222691101,46.80239791077379,54.22132487230921,10.55,59.730932082731805,3477.5,2137.5,0.0,0.0,15091.846566781978,15292.379095470611,6.944444444444445,12.437631174141949,13.000666086326053,31826,True,"27/29 °C and 1000/1200 ppm are illustrative experiment targets, not universal regulatory limits.",False
40,50,2,0.02,baseline,29.977551391900988,28.971145513365933,25.955237867256358,600.0,447.21812644627437,1.8002385726285866,44.77547222691101,46.80239791077379,54.22132487230921,10.55,59.730932082731805,3477.5,2137.5,0.0,0.0,15091.846566781978,15292.379095470611,6.944444444444445,12.437631174141949,13.000666086326053,31826,True,"27/29 °C and 1000/1200 ppm are illustrative experiment targets, not universal regulatory limits.",False
40,50,2,0.04,baseline,29.977551391900988,28.971145513365933,25.955237867256358,600.0,447.21812644627437,1.8002385726285866,44.77547222691101,46.80239791077379,54.22132487230921,10.55,59.730932082731805,3477.5,2137.5,0.0,0.0,15091.846566781978,15292.379095470611,6.944444444444445,12.437631174141949,13.000666086326053,31826,True,"27/29 °C and 1000/1200 ppm are illustrative experiment targets, not universal regulatory limits.",False
40,50,2,0.06,baseline,29.977551391900988,28.971145513365933,25.955237867256358,600.0,447.21812644627437,1.8002385726285866,44.77547222691101,46.80239791077379,54.22132487230921,10.55,59.730932082731805,3477.5,2137.5,0.0,0.0,15091.846566781978,15292.379095470611,6.944444444444445,12.437631174141949,13.000666086326053,31826,True,"27/29 °C and 1000/1200 ppm are illustrative experiment targets, not universal regulatory limits.",False
40,50,2,0.08,baseline,29.977551391900988,28.971145513365933,25.955237867256358,600.0,447.21812644627437,1.8002385726285866,44.77547222691101,46.80239791077379,54.22132487230921,10.55,59.730932082731805,3477.5,2137.5,0.0,0.0,15091.846566781978,15292.379095470611,6.944444444444445,12.437631174141949,13.000666086326053,31826,True,"27/29 °C and 1000/1200 ppm are illustrative experiment targets, not universal regulatory limits.",False
40,50,4,0.0,baseline,30.01339985397334,29.010817331548544,25.959667662021957,600.0,445.80190652357487,1.759869912857539,48.622443883381486,49.99999999660639,69.69098392250062,10.55,59.730932082731805,3482.5,2247.5,0.0,0.0,15090.05952585779,15292.379095470611,6.944444444444445,13.50623441205041,13.88888888794622,31076,True,"27/29 °C and 1000/1200 ppm are illustrative experiment targets, not universal regulatory limits.",False
40,50,4,0.02,baseline,30.01339985397334,29.010817331548544,25.959667662021957,600.0,445.80190652357487,1.759869912857539,48.622443883381486,49.99999999660639,69.69098392250062,10.55,59.730932082731805,3482.5,2247.5,0.0,0.0,15090.05952585779,15292.379095470611,6.944444444444445,13.50623441205041,13.88888888794622,31076,True,"27/29 °C and 1000/1200 ppm are illustrative experiment targets, not universal regulatory limits.",False
40,50,4,0.04,baseline,30.01339985397334,29.010817331548544,25.959667662021957,600.0,445.80190652357487,1.759869912857539,48.622443883381486,49.99999999660639,69.69098392250062,10.55,59.730932082731805,3482.5,2247.5,0.0,0.0,15090.05952585779,15292.379095470611,6.944444444444445,13.50623441205041,13.88888888794622,31076,True,"27/29 °C and 1000/1200 ppm are illustrative experiment targets, not universal regulatory limits.",False
40,50,4,0.06,baseline,30.01339985397334,29.010817331548544,25.959667662021957,600.0,445.80190652357487,1.759869912857539,48.622443883381486,49.99999999660639,69.69098392250062,10.55,59.730932082731805,3482.5,2247.5,0.0,0.0,15090.05952585779,15292.379095470611,6.944444444444445,13.50623441205041,13.88888888794622,31076,True,"27/29 °C and 1000/1200 ppm are illustrative experiment targets, not universal regulatory limits.",False
40,50,4,0.08,baseline,30.01339985397334,29.010817331548544,25.959667662021957,600.0,445.80190652357487,1.759869912857539,48.622443883381486,49.99999999660639,69.69098392250062,10.55,59.730932082731805,3482.5,2247.5,0.0,0.0,15090.05952585779,15292.379095470611,6.944444444444445,13.50623441205041,13.88888888794622,31076,True,"27/29 °C and 1000/1200 ppm are illustrative experiment targets, not universal regulatory limits.",False
40,50,6,0.0,baseline,30.01433697822864,29.024465925601188,25.961138647360656,600.0,445.30152117182024,1.7605318347050343,49.25759520665899,49.99999999999998,72.30840875605949,10.55,59.730932082731805,3482.5,2257.5,0.0,0.0,15090.03576297163,15292.379095470611,6.944444444444445,13.682665335183051,13.888888888888882,30788,True,"27/29 °C and 1000/1200 ppm are illustrative experiment targets, not universal regulatory limits.",False
40,50,6,0.02,baseline,30.01433697822864,29.024465925601188,25.961138647360656,600.0,445.30152117182024,1.7605318347050343,49.25759520665899,49.99999999999998,72.30840875605949,10.55,59.730932082731805,3482.5,2257.5,0.0,0.0,15090.03576297163,15292.379095470611,6.944444444444445,13.682665335183051,13.888888888888882,30788,True,"27/29 °C and 1000/1200 ppm are illustrative experiment targets, not universal regulatory limits.",False
40,50,6,0.04,baseline,30.01433697822864,29.024465925601188,25.961138647360656,600.0,445.30152117182024,1.7605318347050343,49.25759520665899,49.99999999999998,72.30840875605949,10.55,59.730932082731805,3482.5,2257.5,0.0,0.0,15090.03576297163,15292.379095470611,6.944444444444445,13.682665335183051,13.888888888888882,30788,True,"27/29 °C and 1000/1200 ppm are illustrative experiment targets, not universal regulatory limits.",False
40,50,6,0.06,baseline,30.01433697822864,29.024465925601188,25.961138647360656,600.0,445.30152117182024,1.7605318347050343,49.25759520665899,49.99999999999998,72.30840875605949,10.55,59.730932082731805,3482.5,2257.5,0.0,0.0,15090.03576297163,15292.379095470611,6.944444444444445,13.682665335183051,13.888888888888882,30788,True,"27/29 °C and 1000/1200 ppm are illustrative experiment targets, not universal regulatory limits.",False
40,50,6,0.08,baseline,30.01433697822864,29.024465925601188,25.961138647360656,600.0,445.30152117182024,1.7605318347050343,49.25759520665899,49.99999999999998,72.30840875605949,10.55,59.730932082731805,3482.5,2257.5,0.0,0.0,15090.03576297163,15292.379095470611,6.944444444444445,13.682665335183051,13.888888888888882,30788,True,"27/29 °C and 1000/1200 ppm are illustrative experiment targets, not universal regulatory limits.",False
40,50,8,0.0,baseline,30.013845475669314,29.02851461035417,25.96157187022908,600.0,445.0777275566531,1.7583622942765942,49.39424992330549,49.99999999999998,72.85852523767018,10.55,59.730932082731805,3482.5,2262.5,0.0,0.0,15090.052541030134,15292.379095470611,6.944444444444445,13.720624978695966,13.888888888888882,30818,True,"27/29 °C and 1000/1200 ppm are illustrative experiment targets, not universal regulatory limits.",False
40,50,8,0.02,baseline,30.013845475669314,29.02851461035417,25.96157187022908,600.0,445.0777275566531,1.7583622942765942,49.39424992330549,49.99999999999998,72.85852523767018,10.55,59.730932082731805,3482.5,2262.5,0.0,0.0,15090.052541030134,15292.379095470611,6.944444444444445,13.720624978695966,13.888888888888882,30818,True,"27/29 °C and 1000/1200 ppm are illustrative experiment targets, not universal regulatory limits.",False
40,50,8,0.04,baseline,30.013845475669314,29.02851461035417,25.96157187022908,600.0,445.0777275566531,1.7583622942765942,49.39424992330549,49.99999999999998,72.85852523767018,10.55,59.730932082731805,3482.5,2262.5,0.0,0.0,15090.052541030134,15292.379095470611,6.944444444444445,13.720624978695966,13.888888888888882,30818,True,"27/29 °C and 1000/1200 ppm are illustrative experiment targets, not universal regulatory limits.",False
40,50,8,0.06,baseline,30.013845475669314,29.02851461035417,25.96157187022908,600.0,445.0777275566531,1.7583622942765942,49.39424992330549,49.99999999999998,72.85852523767018,10.55,59.730932082731805,3482.5,2262.5,0.0,0.0,15090.052541030134,15292.379095470611,6.944444444444445,13.720624978695966,13.888888888888882,30818,True,"27/29 °C and 1000/1200 ppm are illustrative experiment targets, not universal regulatory limits.",False
40,50,8,0.08,baseline,30.013845475669314,29.02851461035417,25.96157187022908,600.0,445.0777275566531,1.7583622942765942,49.39424992330549,49.99999999999998,72.85852523767018,10.55,59.730932082731805,3482.5,2262.5,0.0,0.0,15090.052541030134,15292.379095470611,6.944444444444445,13.720624978695966,13.888888888888882,30818,True,"27/29 °C and 1000/1200 ppm are illustrative experiment targets, not universal regulatory limits.",False
40,60,0,0.0,baseline,29.93242216129329,28.923425342178657,25.94988767310275,600.0,449.2168877577734,1.84705495693197,39.87471078201878,39.99999999999998,38.101549195753044,10.55,59.730932082731805,3477.5,2002.5,0.0,0.0,15094.026904179855,15292.379095470611,6.944444444444445,11.076308550560773,11.111111111111104,32858,True,"27/29 °C and 1000/1200 ppm are illustrative experiment targets, not universal regulatory limits.",False
40,60,0,0.02,baseline,29.93242216129329,28.923425342178657,25.94988767310275,600.0,449.2168877577734,1.84705495693197,39.87471078201878,39.99999999999998,38.101549195753044,10.55,59.730932082731805,3477.5,2002.5,0.0,0.0,15094.026904179855,15292.379095470611,6.944444444444445,11.076308550560773,11.111111111111104,32858,True,"27/29 °C and 1000/1200 ppm are illustrative experiment targets, not universal regulatory limits.",False
40,60,0,0.04,baseline,29.93242216129329,28.923425342178657,25.94988767310275,600.0,449.2168877577734,1.84705495693197,39.87471078201878,39.99999999999998,38.101549195753044,10.55,59.730932082731805,3477.5,2002.5,0.0,0.0,15094.026904179855,15292.379095470611,6.944444444444445,11.076308550560773,11.111111111111104,32858,True,"27/29 °C and 1000/1200 ppm are illustrative experiment targets, not universal regulatory limits.",False
40,60,0,0.06,baseline,29.93242216129329,28.923425342178657,25.94988767310275,600.0,449.2168877577734,1.84705495693197,39.87471078201878,39.99999999999998,38.101549195753044,10.55,59.730932082731805,3477.5,2002.5,0.0,0.0,15094.026904179855,15292.379095470611,6.944444444444445,11.076308550560773,11.111111111111104,32858,True,"27/29 °C and 1000/1200 ppm are illustrative experiment targets, not universal regulatory limits.",False
40,60,0,0.08,baseline,29.93242216129329,28.923425342178657,25.94988767310275,600.0,449.2168877577734,1.84705495693197,39.87471078201878,39.99999999999998,38.101549195753044,10.55,59.730932082731805,3477.5,2002.5,0.0,0.0,15094.026904179855,15292.379095470611,6.944444444444445,11.076308550560773,11.111111111111104,32858,True,"27/29 °C and 1000/1200 ppm are illustrative experiment targets, not universal regulatory limits.",False
40,60,2,0.0,baseline,29.977551391900988,28.971145513365933,25.955237867256358,600.0,447.21812644627437,1.8002385726285866,44.77547222691101,46.80239791077379,54.22132487230921,10.55,59.730932082731805,3477.5,2137.5,0.0,0.0,15091.846566781978,15292.379095470611,6.944444444444445,12.437631174141949,13.000666086326053,31826,True,"27/29 °C and 1000/1200 ppm are illustrative experiment targets, not universal regulatory limits.",False
40,60,2,0.02,baseline,29.977551391900988,28.971145513365933,25.955237867256358,600.0,447.21812644627437,1.8002385726285866,44.77547222691101,46.80239791077379,54.22132487230921,10.55,59.730932082731805,3477.5,2137.5,0.0,0.0,15091.846566781978,15292.379095470611,6.944444444444445,12.437631174141949,13.000666086326053,31826,True,"27/29 °C and 1000/1200 ppm are illustrative experiment targets, not universal regulatory limits.",False
40,60,2,0.04,baseline,29.977551391900988,28.971145513365933,25.955237867256358,600.0,447.21812644627437,1.8002385726285866,44.77547222691101,46.80239791077379,54.22132487230921,10.55,59.730932082731805,3477.5,2137.5,0.0,0.0,15091.846566781978,15292.379095470611,6.944444444444445,12.437631174141949,13.000666086326053,31826,True,"27/29 °C and 1000/1200 ppm are illustrative experiment targets, not universal regulatory limits.",False
40,60,2,0.06,baseline,29.977551391900988,28.971145513365933,25.955237867256358,600.0,447.21812644627437,1.8002385726285866,44.77547222691101,46.80239791077379,54.22132487230921,10.55,59.730932082731805,3477.5,2137.5,0.0,0.0,15091.846566781978,15292.379095470611,6.944444444444445,12.437631174141949,13.000666086326053,31826,True,"27/29 °C and 1000/1200 ppm are illustrative experiment targets, not universal regulatory limits.",False
40,60,2,0.08,baseline,29.977551391900988,28.971145513365933,25.955237867256358,600.0,447.21812644627437,1.8002385726285866,44.77547222691101,46.80239791077379,54.22132487230921,10.55,59.730932082731805,3477.5,2137.5,0.0,0.0,15091.846566781978,15292.379095470611,6.944444444444445,12.437631174141949,13.000666086326053,31826,True,"27/29 °C and 1000/1200 ppm are illustrative experiment targets, not universal regulatory limits.",False
40,60,4,0.0,baseline,30.017554113417475,29.01568347646739,25.960224320190207,600.0,445.51136770135076,1.7560495489742607,49.853335732040584,53.738105651819,75.51368368388434,10.55,59.730932082731805,3482.5,2272.5,0.0,0.0,15089.867082482437,15292.379095470611,6.944444444444445,13.848148814455717,14.927251569949721,31004,True,"27/29 °C and 1000/1200 ppm are illustrative experiment targets, not universal regulatory limits.",False
40,60,4,0.02,baseline,30.017554113417475,29.01568347646739,25.960224320190207,600.0,445.51136770135076,1.7560495489742607,49.853335732040584,53.738105651819,75.51368368388434,10.55,59.730932082731805,3482.5,2272.5,0.0,0.0,15089.867082482437,15292.379095470611,6.944444444444445,13.848148814455717,14.927251569949721,31004,True,"27/29 °C and 1000/1200 ppm are illustrative experiment targets, not universal regulatory limits.",False
40,60,4,0.04,baseline,30.017554113417475,29.01568347646739,25.960224320190207,600.0,445.51136770135076,1.7560495489742607,49.853335732040584,53.738105651819,75.51368368388434,10.55,59.730932082731805,3482.5,2272.5,0.0,0.0,15089.867082482437,15292.379095470611,6.944444444444445,13.848148814455717,14.927251569949721,31004,True,"27/29 °C and 1000/1200 ppm are illustrative experiment targets, not universal regulatory limits.",False
40,60,4,0.06,baseline,30.017554113417475,29.01568347646739,25.960224320190207,600.0,445.51136770135076,1.7560495489742607,49.853335732040584,53.738105651819,75.51368368388434,10.55,59.730932082731805,3482.5,2272.5,0.0,0.0,15089.867082482437,15292.379095470611,6.944444444444445,13.848148814455717,14.927251569949721,31004,True,"27/29 °C and 1000/1200 ppm are illustrative experiment targets, not universal regulatory limits.",False
40,60,4,0.08,baseline,30.017554113417475,29.01568347646739,25.960224320190207,600.0,445.51136770135076,1.7560495489742607,49.853335732040584,53.738105651819,75.51368368388434,10.55,59.730932082731805,3482.5,2272.5,0.0,0.0,15089.867082482437,15292.379095470611,6.944444444444445,13.848148814455717,14.927251569949721,31004,True,"27/29 °C and 1000/1200 ppm are illustrative experiment targets, not universal regulatory limits.",False
40,60,6,0.0,baseline,30.05363567919477,29.056992327053464,25.96484170840813,600.0,444.05525817024755,1.7148769972991431,55.014472970940574,59.9765004533925,102.44670694361139,10.55,59.730932082731805,3482.5,2442.5,0.0,0.0,15088.07596703366,15292.379095470611,6.944444444444445,15.281798047483493,16.66013901483125,30170,True,"27/29 °C and 1000/1200 ppm are illustrative experiment targets, not universal regulatory limits.",False
40,60,6,0.02,baseline,30.05363567919477,29.056992327053464,25.96484170840813,600.0,444.05525817024755,1.7148769972991431,55.014472970940574,59.9765004533925,102.44670694361139,10.55,59.730932082731805,3482.5,2442.5,0.0,0.0,15088.07596703366,15292.379095470611,6.944444444444445,15.281798047483493,16.66013901483125,30170,True,"27/29 °C and 1000/1200 ppm are illustrative experiment targets, not universal regulatory limits.",False
40,60,6,0.04,baseline,30.05363567919477,29.056992327053464,25.96484170840813,600.0,444.05525817024755,1.7148769972991431,55.014472970940574,59.9765004533925,102.44670694361139,10.55,59.730932082731805,3482.5,2442.5,0.0,0.0,15088.07596703366,15292.379095470611,6.944444444444445,15.281798047483493,16.66013901483125,30170,True,"27/29 °C and 1000/1200 ppm are illustrative experiment targets, not universal regulatory limits.",False
40,60,6,0.06,baseline,30.05363567919477,29.056992327053464,25.96484170840813,600.0,444.05525817024755,1.7148769972991431,55.014472970940574,59.9765004533925,102.44670694361139,10.55,59.730932082731805,3482.5,2442.5,0.0,0.0,15088.07596703366,15292.379095470611,6.944444444444445,15.281798047483493,16.66013901483125,30170,True,"27/29 °C and 1000/1200 ppm are illustrative experiment targets, not universal regulatory limits.",False
40,60,6,0.08,baseline,30.05363567919477,29.056992327053464,25.96484170840813,600.0,444.05525817024755,1.7148769972991431,55.014472970940574,59.9765004533925,102.44670694361139,10.55,59.730932082731805,3482.5,2442.5,0.0,0.0,15088.07596703366,15292.379095470611,6.944444444444445,15.281798047483493,16.66013901483125,30170,True,"27/29 °C and 1000/1200 ppm are illustrative experiment targets, not universal regulatory limits.",False
40,60,8,0.0,baseline,30.076170079568897,29.086434835048845,25.96810446360314,600.0,443.2222198283803,1.6842920751078054,57.63388219447353,59.999999999999964,117.43796171971522,10.55,59.730932082731805,3482.5,2542.5,0.0,0.0,15086.946347350346,15292.379095470611,6.944444444444445,16.00941172068709,16.666666666666657,29648,True,"27/29 °C and 1000/1200 ppm are illustrative experiment targets, not universal regulatory limits.",False
40,60,8,0.02,baseline,30.076170079568897,29.086434835048845,25.96810446360314,600.0,443.2222198283803,1.6842920751078054,57.63388219447353,59.999999999999964,117.43796171971522,10.55,59.730932082731805,3482.5,2542.5,0.0,0.0,15086.946347350346,15292.379095470611,6.944444444444445,16.00941172068709,16.666666666666657,29648,True,"27/29 °C and 1000/1200 ppm are illustrative experiment targets, not universal regulatory limits.",False
40,60,8,0.04,baseline,30.076170079568897,29.086434835048845,25.96810446360314,600.0,443.2222198283803,1.6842920751078054,57.63388219447353,59.999999999999964,117.43796171971522,10.55,59.730932082731805,3482.5,2542.5,0.0,0.0,15086.946347350346,15292.379095470611,6.944444444444445,16.00941172068709,16.666666666666657,29648,True,"27/29 °C and 1000/1200 ppm are illustrative experiment targets, not universal regulatory limits.",False
40,60,8,0.06,baseline,30.076170079568897,29.086434835048845,25.96810446360314,600.0,443.2222198283803,1.6842920751078054,57.63388219447353,59.999999999999964,117.43796171971522,10.55,59.730932082731805,3482.5,2542.5,0.0,0.0,15086.946347350346,15292.379095470611,6.944444444444445,16.00941172068709,16.666666666666657,29648,True,"27/29 °C and 1000/1200 ppm are illustrative experiment targets, not universal regulatory limits.",False
40,60,8,0.08,baseline,30.076170079568897,29.086434835048845,25.96810446360314,600.0,443.2222198283803,1.6842920751078054,57.63388219447353,59.999999999999964,117.43796171971522,10.55,59.730932082731805,3482.5,2542.5,0.0,0.0,15086.946347350346,15292.379095470611,6.944444444444445,16.00941172068709,16.666666666666657,29648,True,"27/29 °C and 1000/1200 ppm are illustrative experiment targets, not universal regulatory limits.",False
40,70,0,0.0,baseline,29.93242216129329,28.923425342178657,25.94988767310275,600.0,449.2168877577734,1.84705495693197,39.87471078201878,39.99999999999998,38.101549195753044,10.55,59.730932082731805,3477.5,2002.5,0.0,0.0,15094.026904179855,15292.379095470611,6.944444444444445,11.076308550560773,11.111111111111104,32858,True,"27/29 °C and 1000/1200 ppm are illustrative experiment targets, not universal regulatory limits.",False
40,70,0,0.02,baseline,29.93242216129329,28.923425342178657,25.94988767310275,600.0,449.2168877577734,1.84705495693197,39.87471078201878,39.99999999999998,38.101549195753044,10.55,59.730932082731805,3477.5,2002.5,0.0,0.0,15094.026904179855,15292.379095470611,6.944444444444445,11.076308550560773,11.111111111111104,32858,True,"27/29 °C and 1000/1200 ppm are illustrative experiment targets, not universal regulatory limits.",False
40,70,0,0.04,baseline,29.93242216129329,28.923425342178657,25.94988767310275,600.0,449.2168877577734,1.84705495693197,39.87471078201878,39.99999999999998,38.101549195753044,10.55,59.730932082731805,3477.5,2002.5,0.0,0.0,15094.026904179855,15292.379095470611,6.944444444444445,11.076308550560773,11.111111111111104,32858,True,"27/29 °C and 1000/1200 ppm are illustrative experiment targets, not universal regulatory limits.",False
40,70,0,0.06,baseline,29.93242216129329,28.923425342178657,25.94988767310275,600.0,449.2168877577734,1.84705495693197,39.87471078201878,39.99999999999998,38.101549195753044,10.55,59.730932082731805,3477.5,2002.5,0.0,0.0,15094.026904179855,15292.379095470611,6.944444444444445,11.076308550560773,11.111111111111104,32858,True,"27/29 °C and 1000/1200 ppm are illustrative experiment targets, not universal regulatory limits.",False
40,70,0,0.08,baseline,29.93242216129329,28.923425342178657,25.94988767310275,600.0,449.2168877577734,1.84705495693197,39.87471078201878,39.99999999999998,38.101549195753044,10.55,59.730932082731805,3477.5,2002.5,0.0,0.0,15094.026904179855,15292.379095470611,6.944444444444445,11.076308550560773,11.111111111111104,32858,True,"27/29 °C and 1000/1200 ppm are illustrative experiment targets, not universal regulatory limits.",False
40,70,2,0.0,baseline,29.977551391900988,28.971145513365933,25.955237867256358,600.0,447.21812644627437,1.8002385726285866,44.77547222691101,46.80239791077379,54.22132487230921,10.55,59.730932082731805,3477.5,2137.5,0.0,0.0,15091.846566781978,15292.379095470611,6.944444444444445,12.437631174141949,13.000666086326053,31826,True,"27/29 °C and 1000/1200 ppm are illustrative experiment targets, not universal regulatory limits.",False
40,70,2,0.02,baseline,29.977551391900988,28.971145513365933,25.955237867256358,600.0,447.21812644627437,1.8002385726285866,44.77547222691101,46.80239791077379,54.22132487230921,10.55,59.730932082731805,3477.5,2137.5,0.0,0.0,15091.846566781978,15292.379095470611,6.944444444444445,12.437631174141949,13.000666086326053,31826,True,"27/29 °C and 1000/1200 ppm are illustrative experiment targets, not universal regulatory limits.",False
40,70,2,0.04,baseline,29.977551391900988,28.971145513365933,25.955237867256358,600.0,447.21812644627437,1.8002385726285866,44.77547222691101,46.80239791077379,54.22132487230921,10.55,59.730932082731805,3477.5,2137.5,0.0,0.0,15091.846566781978,15292.379095470611,6.944444444444445,12.437631174141949,13.000666086326053,31826,True,"27/29 °C and 1000/1200 ppm are illustrative experiment targets, not universal regulatory limits.",False
40,70,2,0.06,baseline,29.977551391900988,28.971145513365933,25.955237867256358,600.0,447.21812644627437,1.8002385726285866,44.77547222691101,46.80239791077379,54.22132487230921,10.55,59.730932082731805,3477.5,2137.5,0.0,0.0,15091.846566781978,15292.379095470611,6.944444444444445,12.437631174141949,13.000666086326053,31826,True,"27/29 °C and 1000/1200 ppm are illustrative experiment targets, not universal regulatory limits.",False
40,70,2,0.08,baseline,29.977551391900988,28.971145513365933,25.955237867256358,600.0,447.21812644627437,1.8002385726285866,44.77547222691101,46.80239791077379,54.22132487230921,10.55,59.730932082731805,3477.5,2137.5,0.0,0.0,15091.846566781978,15292.379095470611,6.944444444444445,12.437631174141949,13.000666086326053,31826,True,"27/29 °C and 1000/1200 ppm are illustrative experiment targets, not universal regulatory limits.",False
40,70,4,0.0,baseline,30.017554113417475,29.01568347646739,25.960224320190207,600.0,445.51136770135076,1.7560495489742607,49.853335732040584,53.738105651819,75.51368368388434,10.55,59.730932082731805,3482.5,2272.5,0.0,0.0,15089.867082482437,15292.379095470611,6.944444444444445,13.848148814455717,14.927251569949721,31004,True,"27/29 °C and 1000/1200 ppm are illustrative experiment targets, not universal regulatory limits.",False
40,70,4,0.02,baseline,30.017554113417475,29.01568347646739,25.960224320190207,600.0,445.51136770135076,1.7560495489742607,49.853335732040584,53.738105651819,75.51368368388434,10.55,59.730932082731805,3482.5,2272.5,0.0,0.0,15089.867082482437,15292.379095470611,6.944444444444445,13.848148814455717,14.927251569949721,31004,True,"27/29 °C and 1000/1200 ppm are illustrative experiment targets, not universal regulatory limits.",False
40,70,4,0.04,baseline,30.017554113417475,29.01568347646739,25.960224320190207,600.0,445.51136770135076,1.7560495489742607,49.853335732040584,53.738105651819,75.51368368388434,10.55,59.730932082731805,3482.5,2272.5,0.0,0.0,15089.867082482437,15292.379095470611,6.944444444444445,13.848148814455717,14.927251569949721,31004,True,"27/29 °C and 1000/1200 ppm are illustrative experiment targets, not universal regulatory limits.",False
40,70,4,0.06,baseline,30.017554113417475,29.01568347646739,25.960224320190207,600.0,445.51136770135076,1.7560495489742607,49.853335732040584,53.738105651819,75.51368368388434,10.55,59.730932082731805,3482.5,2272.5,0.0,0.0,15089.867082482437,15292.379095470611,6.944444444444445,13.848148814455717,14.927251569949721,31004,True,"27/29 °C and 1000/1200 ppm are illustrative experiment targets, not universal regulatory limits.",False
40,70,4,0.08,baseline,30.017554113417475,29.01568347646739,25.960224320190207,600.0,445.51136770135076,1.7560495489742607,49.853335732040584,53.738105651819,75.51368368388434,10.55,59.730932082731805,3482.5,2272.5,0.0,0.0,15089.867082482437,15292.379095470611,6.944444444444445,13.848148814455717,14.927251569949721,31004,True,"27/29 °C and 1000/1200 ppm are illustrative experiment targets, not universal regulatory limits.",False
40,70,6,0.0,baseline,30.05374331043481,29.057086207107595,25.964852400800908,600.0,444.0397463892798,1.7148740806878777,55.08971223492799,60.78648567490451,102.9338664167322,10.55,59.730932082731805,3482.5,2442.5,0.0,0.0,15088.070046082055,15292.379095470611,6.944444444444445,15.302697843035553,16.885134909695697,30188,True,"27/29 °C and 1000/1200 ppm are illustrative experiment targets, not universal regulatory limits.",False
40,70,6,0.02,baseline,30.05374331043481,29.057086207107595,25.964852400800908,600.0,444.0397463892798,1.7148740806878777,55.08971223492799,60.78648567490451,102.9338664167322,10.55,59.730932082731805,3482.5,2442.5,0.0,0.0,15088.070046082055,15292.379095470611,6.944444444444445,15.302697843035553,16.885134909695697,30188,True,"27/29 °C and 1000/1200 ppm are illustrative experiment targets, not universal regulatory limits.",False
40,70,6,0.04,baseline,30.05374331043481,29.057086207107595,25.964852400800908,600.0,444.0397463892798,1.7148740806878777,55.08971223492799,60.78648567490451,102.9338664167322,10.55,59.730932082731805,3482.5,2442.5,0.0,0.0,15088.070046082055,15292.379095470611,6.944444444444445,15.302697843035553,16.885134909695697,30188,True,"27/29 °C and 1000/1200 ppm are illustrative experiment targets, not universal regulatory limits.",False
40,70,6,0.06,baseline,30.05374331043481,29.057086207107595,25.964852400800908,600.0,444.0397463892798,1.7148740806878777,55.08971223492799,60.78648567490451,102.9338664167322,10.55,59.730932082731805,3482.5,2442.5,0.0,0.0,15088.070046082055,15292.379095470611,6.944444444444445,15.302697843035553,16.885134909695697,30188,True,"27/29 °C and 1000/1200 ppm are illustrative experiment targets, not universal regulatory limits.",False
40,70,6,0.08,baseline,30.05374331043481,29.057086207107595,25.964852400800908,600.0,444.0397463892798,1.7148740806878777,55.08971223492799,60.78648567490451,102.9338664167322,10.55,59.730932082731805,3482.5,2442.5,0.0,0.0,15088.070046082055,15292.379095470611,6.944444444444445,15.302697843035553,16.885134909695697,30188,True,"27/29 °C and 1000/1200 ppm are illustrative experiment targets, not universal regulatory limits.",False
40,70,8,0.0,baseline,30.084912015683244,29.09558454963954,25.969150331188757,600.0,442.76020544614386,1.6782778685446829,60.467814798068986,67.92142676676693,137.48060806711916,10.55,59.730932082731805,3482.5,2562.5,0.0,0.0,15086.515439915142,15292.379095470611,6.944444444444445,16.79661522168583,18.86706299076859,29522,True,"27/29 °C and 1000/1200 ppm are illustrative experiment targets, not universal regulatory limits.",False
40,70,8,0.02,baseline,30.084912015683244,29.09558454963954,25.969150331188757,600.0,442.76020544614386,1.6782778685446829,60.467814798068986,67.92142676676693,137.48060806711916,10.55,59.730932082731805,3482.5,2562.5,0.0,0.0,15086.515439915142,15292.379095470611,6.944444444444445,16.79661522168583,18.86706299076859,29522,True,"27/29 °C and 1000/1200 ppm are illustrative experiment targets, not universal regulatory limits.",False
40,70,8,0.04,baseline,30.084912015683244,29.09558454963954,25.969150331188757,600.0,442.76020544614386,1.6782778685446829,60.467814798068986,67.92142676676693,137.48060806711916,10.55,59.730932082731805,3482.5,2562.5,0.0,0.0,15086.515439915142,15292.379095470611,6.944444444444445,16.79661522168583,18.86706299076859,29522,True,"27/29 °C and 1000/1200 ppm are illustrative experiment targets, not universal regulatory limits.",False
40,70,8,0.06,baseline,30.084912015683244,29.09558454963954,25.969150331188757,600.0,442.76020544614386,1.6782778685446829,60.467814798068986,67.92142676676693,137.48060806711916,10.55,59.730932082731805,3482.5,2562.5,0.0,0.0,15086.515439915142,15292.379095470611,6.944444444444445,16.79661522168583,18.86706299076859,29522,True,"27/29 °C and 1000/1200 ppm are illustrative experiment targets, not universal regulatory limits.",False
40,70,8,0.08,baseline,30.084912015683244,29.09558454963954,25.969150331188757,600.0,442.76020544614386,1.6782778685446829,60.467814798068986,67.92142676676693,137.48060806711916,10.55,59.730932082731805,3482.5,2562.5,0.0,0.0,15086.515439915142,15292.379095470611,6.944444444444445,16.79661522168583,18.86706299076859,29522,True,"27/29 °C and 1000/1200 ppm are illustrative experiment targets, not universal regulatory limits.",False
40,80,0,0.0,baseline,29.93242216129329,28.923425342178657,25.94988767310275,600.0,449.2168877577734,1.84705495693197,39.87471078201878,39.99999999999998,38.101549195753044,10.55,59.730932082731805,3477.5,2002.5,0.0,0.0,15094.026904179855,15292.379095470611,6.944444444444445,11.076308550560773,11.111111111111104,32858,True,"27/29 °C and 1000/1200 ppm are illustrative experiment targets, not universal regulatory limits.",False
40,80,0,0.02,baseline,29.93242216129329,28.923425342178657,25.94988767310275,600.0,449.2168877577734,1.84705495693197,39.87471078201878,39.99999999999998,38.101549195753044,10.55,59.730932082731805,3477.5,2002.5,0.0,0.0,15094.026904179855,15292.379095470611,6.944444444444445,11.076308550560773,11.111111111111104,32858,True,"27/29 °C and 1000/1200 ppm are illustrative experiment targets, not universal regulatory limits.",False
40,80,0,0.04,baseline,29.93242216129329,28.923425342178657,25.94988767310275,600.0,449.2168877577734,1.84705495693197,39.87471078201878,39.99999999999998,38.101549195753044,10.55,59.730932082731805,3477.5,2002.5,0.0,0.0,15094.026904179855,15292.379095470611,6.944444444444445,11.076308550560773,11.111111111111104,32858,True,"27/29 °C and 1000/1200 ppm are illustrative experiment targets, not universal regulatory limits.",False
40,80,0,0.06,baseline,29.93242216129329,28.923425342178657,25.94988767310275,600.0,449.2168877577734,1.84705495693197,39.87471078201878,39.99999999999998,38.101549195753044,10.55,59.730932082731805,3477.5,2002.5,0.0,0.0,15094.026904179855,15292.379095470611,6.944444444444445,11.076308550560773,11.111111111111104,32858,True,"27/29 °C and 1000/1200 ppm are illustrative experiment targets, not universal regulatory limits.",False
40,80,0,0.08,baseline,29.93242216129329,28.923425342178657,25.94988767310275,600.0,449.2168877577734,1.84705495693197,39.87471078201878,39.99999999999998,38.101549195753044,10.55,59.730932082731805,3477.5,2002.5,0.0,0.0,15094.026904179855,15292.379095470611,6.944444444444445,11.076308550560773,11.111111111111104,32858,True,"27/29 °C and 1000/1200 ppm are illustrative experiment targets, not universal regulatory limits.",False
40,80,2,0.0,baseline,29.977551391900988,28.971145513365933,25.955237867256358,600.0,447.21812644627437,1.8002385726285866,44.77547222691101,46.80239791077379,54.22132487230921,10.55,59.730932082731805,3477.5,2137.5,0.0,0.0,15091.846566781978,15292.379095470611,6.944444444444445,12.437631174141949,13.000666086326053,31826,True,"27/29 °C and 1000/1200 ppm are illustrative experiment targets, not universal regulatory limits.",False
40,80,2,0.02,baseline,29.977551391900988,28.971145513365933,25.955237867256358,600.0,447.21812644627437,1.8002385726285866,44.77547222691101,46.80239791077379,54.22132487230921,10.55,59.730932082731805,3477.5,2137.5,0.0,0.0,15091.846566781978,15292.379095470611,6.944444444444445,12.437631174141949,13.000666086326053,31826,True,"27/29 °C and 1000/1200 ppm are illustrative experiment targets, not universal regulatory limits.",False
40,80,2,0.04,baseline,29.977551391900988,28.971145513365933,25.955237867256358,600.0,447.21812644627437,1.8002385726285866,44.77547222691101,46.80239791077379,54.22132487230921,10.55,59.730932082731805,3477.5,2137.5,0.0,0.0,15091.846566781978,15292.379095470611,6.944444444444445,12.437631174141949,13.000666086326053,31826,True,"27/29 °C and 1000/1200 ppm are illustrative experiment targets, not universal regulatory limits.",False
40,80,2,0.06,baseline,29.977551391900988,28.971145513365933,25.955237867256358,600.0,447.21812644627437,1.8002385726285866,44.77547222691101,46.80239791077379,54.22132487230921,10.55,59.730932082731805,3477.5,2137.5,0.0,0.0,15091.846566781978,15292.379095470611,6.944444444444445,12.437631174141949,13.000666086326053,31826,True,"27/29 °C and 1000/1200 ppm are illustrative experiment targets, not universal regulatory limits.",False
40,80,2,0.08,baseline,29.977551391900988,28.971145513365933,25.955237867256358,600.0,447.21812644627437,1.8002385726285866,44.77547222691101,46.80239791077379,54.22132487230921,10.55,59.730932082731805,3477.5,2137.5,0.0,0.0,15091.846566781978,15292.379095470611,6.944444444444445,12.437631174141949,13.000666086326053,31826,True,"27/29 °C and 1000/1200 ppm are illustrative experiment targets, not universal regulatory limits.",False
40,80,4,0.0,baseline,30.017554113417475,29.01568347646739,25.960224320190207,600.0,445.51136770135076,1.7560495489742607,49.853335732040584,53.738105651819,75.51368368388434,10.55,59.730932082731805,3482.5,2272.5,0.0,0.0,15089.867082482437,15292.379095470611,6.944444444444445,13.848148814455717,14.927251569949721,31004,True,"27/29 °C and 1000/1200 ppm are illustrative experiment targets, not universal regulatory limits.",False
40,80,4,0.02,baseline,30.017554113417475,29.01568347646739,25.960224320190207,600.0,445.51136770135076,1.7560495489742607,49.853335732040584,53.738105651819,75.51368368388434,10.55,59.730932082731805,3482.5,2272.5,0.0,0.0,15089.867082482437,15292.379095470611,6.944444444444445,13.848148814455717,14.927251569949721,31004,True,"27/29 °C and 1000/1200 ppm are illustrative experiment targets, not universal regulatory limits.",False
40,80,4,0.04,baseline,30.017554113417475,29.01568347646739,25.960224320190207,600.0,445.51136770135076,1.7560495489742607,49.853335732040584,53.738105651819,75.51368368388434,10.55,59.730932082731805,3482.5,2272.5,0.0,0.0,15089.867082482437,15292.379095470611,6.944444444444445,13.848148814455717,14.927251569949721,31004,True,"27/29 °C and 1000/1200 ppm are illustrative experiment targets, not universal regulatory limits.",False
40,80,4,0.06,baseline,30.017554113417475,29.01568347646739,25.960224320190207,600.0,445.51136770135076,1.7560495489742607,49.853335732040584,53.738105651819,75.51368368388434,10.55,59.730932082731805,3482.5,2272.5,0.0,0.0,15089.867082482437,15292.379095470611,6.944444444444445,13.848148814455717,14.927251569949721,31004,True,"27/29 °C and 1000/1200 ppm are illustrative experiment targets, not universal regulatory limits.",False
40,80,4,0.08,baseline,30.017554113417475,29.01568347646739,25.960224320190207,600.0,445.51136770135076,1.7560495489742607,49.853335732040584,53.738105651819,75.51368368388434,10.55,59.730932082731805,3482.5,2272.5,0.0,0.0,15089.867082482437,15292.379095470611,6.944444444444445,13.848148814455717,14.927251569949721,31004,True,"27/29 °C and 1000/1200 ppm are illustrative experiment targets, not universal regulatory limits.",False
40,80,6,0.0,baseline,30.05374331043481,29.057086207107595,25.964852400800908,600.0,444.0397463892798,1.7148740806878777,55.08971223492799,60.78648567490451,102.9338664167322,10.55,59.730932082731805,3482.5,2442.5,0.0,0.0,15088.070046082055,15292.379095470611,6.944444444444445,15.302697843035553,16.885134909695697,30188,True,"27/29 °C and 1000/1200 ppm are illustrative experiment targets, not universal regulatory limits.",False
40,80,6,0.02,baseline,30.05374331043481,29.057086207107595,25.964852400800908,600.0,444.0397463892798,1.7148740806878777,55.08971223492799,60.78648567490451,102.9338664167322,10.55,59.730932082731805,3482.5,2442.5,0.0,0.0,15088.070046082055,15292.379095470611,6.944444444444445,15.302697843035553,16.885134909695697,30188,True,"27/29 °C and 1000/1200 ppm are illustrative experiment targets, not universal regulatory limits.",False
40,80,6,0.04,baseline,30.05374331043481,29.057086207107595,25.964852400800908,600.0,444.0397463892798,1.7148740806878777,55.08971223492799,60.78648567490451,102.9338664167322,10.55,59.730932082731805,3482.5,2442.5,0.0,0.0,15088.070046082055,15292.379095470611,6.944444444444445,15.302697843035553,16.885134909695697,30188,True,"27/29 °C and 1000/1200 ppm are illustrative experiment targets, not universal regulatory limits.",False
40,80,6,0.06,baseline,30.05374331043481,29.057086207107595,25.964852400800908,600.0,444.0397463892798,1.7148740806878777,55.08971223492799,60.78648567490451,102.9338664167322,10.55,59.730932082731805,3482.5,2442.5,0.0,0.0,15088.070046082055,15292.379095470611,6.944444444444445,15.302697843035553,16.885134909695697,30188,True,"27/29 °C and 1000/1200 ppm are illustrative experiment targets, not universal regulatory limits.",False
40,80,6,0.08,baseline,30.05374331043481,29.057086207107595,25.964852400800908,600.0,444.0397463892798,1.7148740806878777,55.08971223492799,60.78648567490451,102.9338664167322,10.55,59.730932082731805,3482.5,2442.5,0.0,0.0,15088.070046082055,15292.379095470611,6.944444444444445,15.302697843035553,16.885134909695697,30188,True,"27/29 °C and 1000/1200 ppm are illustrative experiment targets, not universal regulatory limits.",False
40,80,8,0.0,baseline,30.084912015683244,29.09558454963954,25.969150331188757,600.0,442.76020544614386,1.6782778685446829,60.467814798068986,67.92142676676693,137.48060806711916,10.55,59.730932082731805,3482.5,2562.5,0.0,0.0,15086.515439915142,15292.379095470611,6.944444444444445,16.79661522168583,18.86706299076859,29522,True,"27/29 °C and 1000/1200 ppm are illustrative experiment targets, not universal regulatory limits.",False
40,80,8,0.02,baseline,30.084912015683244,29.09558454963954,25.969150331188757,600.0,442.76020544614386,1.6782778685446829,60.467814798068986,67.92142676676693,137.48060806711916,10.55,59.730932082731805,3482.5,2562.5,0.0,0.0,15086.515439915142,15292.379095470611,6.944444444444445,16.79661522168583,18.86706299076859,29522,True,"27/29 °C and 1000/1200 ppm are illustrative experiment targets, not universal regulatory limits.",False
40,80,8,0.04,baseline,30.084912015683244,29.09558454963954,25.969150331188757,600.0,442.76020544614386,1.6782778685446829,60.467814798068986,67.92142676676693,137.48060806711916,10.55,59.730932082731805,3482.5,2562.5,0.0,0.0,15086.515439915142,15292.379095470611,6.944444444444445,16.79661522168583,18.86706299076859,29522,True,"27/29 °C and 1000/1200 ppm are illustrative experiment targets, not universal regulatory limits.",False
40,80,8,0.06,baseline,30.084912015683244,29.09558454963954,25.969150331188757,600.0,442.76020544614386,1.6782778685446829,60.467814798068986,67.92142676676693,137.48060806711916,10.55,59.730932082731805,3482.5,2562.5,0.0,0.0,15086.515439915142,15292.379095470611,6.944444444444445,16.79661522168583,18.86706299076859,29522,True,"27/29 °C and 1000/1200 ppm are illustrative experiment targets, not universal regulatory limits.",False
40,80,8,0.08,baseline,30.084912015683244,29.09558454963954,25.969150331188757,600.0,442.76020544614386,1.6782778685446829,60.467814798068986,67.92142676676693,137.48060806711916,10.55,59.730932082731805,3482.5,2562.5,0.0,0.0,15086.515439915142,15292.379095470611,6.944444444444445,16.79661522168583,18.86706299076859,29522,True,"27/29 °C and 1000/1200 ppm are illustrative experiment targets, not universal regulatory limits.",False
40,90,0,0.0,baseline,29.93242216129329,28.923425342178657,25.94988767310275,600.0,449.2168877577734,1.84705495693197,39.87471078201878,39.99999999999998,38.101549195753044,10.55,59.730932082731805,3477.5,2002.5,0.0,0.0,15094.026904179855,15292.379095470611,6.944444444444445,11.076308550560773,11.111111111111104,32858,True,"27/29 °C and 1000/1200 ppm are illustrative experiment targets, not universal regulatory limits.",False
40,90,0,0.02,baseline,29.93242216129329,28.923425342178657,25.94988767310275,600.0,449.2168877577734,1.84705495693197,39.87471078201878,39.99999999999998,38.101549195753044,10.55,59.730932082731805,3477.5,2002.5,0.0,0.0,15094.026904179855,15292.379095470611,6.944444444444445,11.076308550560773,11.111111111111104,32858,True,"27/29 °C and 1000/1200 ppm are illustrative experiment targets, not universal regulatory limits.",False
40,90,0,0.04,baseline,29.93242216129329,28.923425342178657,25.94988767310275,600.0,449.2168877577734,1.84705495693197,39.87471078201878,39.99999999999998,38.101549195753044,10.55,59.730932082731805,3477.5,2002.5,0.0,0.0,15094.026904179855,15292.379095470611,6.944444444444445,11.076308550560773,11.111111111111104,32858,True,"27/29 °C and 1000/1200 ppm are illustrative experiment targets, not universal regulatory limits.",False
40,90,0,0.06,baseline,29.93242216129329,28.923425342178657,25.94988767310275,600.0,449.2168877577734,1.84705495693197,39.87471078201878,39.99999999999998,38.101549195753044,10.55,59.730932082731805,3477.5,2002.5,0.0,0.0,15094.026904179855,15292.379095470611,6.944444444444445,11.076308550560773,11.111111111111104,32858,True,"27/29 °C and 1000/1200 ppm are illustrative experiment targets, not universal regulatory limits.",False
40,90,0,0.08,baseline,29.93242216129329,28.923425342178657,25.94988767310275,600.0,449.2168877577734,1.84705495693197,39.87471078201878,39.99999999999998,38.101549195753044,10.55,59.730932082731805,3477.5,2002.5,0.0,0.0,15094.026904179855,15292.379095470611,6.944444444444445,11.076308550560773,11.111111111111104,32858,True,"27/29 °C and 1000/1200 ppm are illustrative experiment targets, not universal regulatory limits.",False
40,90,2,0.0,baseline,29.977551391900988,28.971145513365933,25.955237867256358,600.0,447.21812644627437,1.8002385726285866,44.77547222691101,46.80239791077379,54.22132487230921,10.55,59.730932082731805,3477.5,2137.5,0.0,0.0,15091.846566781978,15292.379095470611,6.944444444444445,12.437631174141949,13.000666086326053,31826,True,"27/29 °C and 1000/1200 ppm are illustrative experiment targets, not universal regulatory limits.",False
40,90,2,0.02,baseline,29.977551391900988,28.971145513365933,25.955237867256358,600.0,447.21812644627437,1.8002385726285866,44.77547222691101,46.80239791077379,54.22132487230921,10.55,59.730932082731805,3477.5,2137.5,0.0,0.0,15091.846566781978,15292.379095470611,6.944444444444445,12.437631174141949,13.000666086326053,31826,True,"27/29 °C and 1000/1200 ppm are illustrative experiment targets, not universal regulatory limits.",False
40,90,2,0.04,baseline,29.977551391900988,28.971145513365933,25.955237867256358,600.0,447.21812644627437,1.8002385726285866,44.77547222691101,46.80239791077379,54.22132487230921,10.55,59.730932082731805,3477.5,2137.5,0.0,0.0,15091.846566781978,15292.379095470611,6.944444444444445,12.437631174141949,13.000666086326053,31826,True,"27/29 °C and 1000/1200 ppm are illustrative experiment targets, not universal regulatory limits.",False
40,90,2,0.06,baseline,29.977551391900988,28.971145513365933,25.955237867256358,600.0,447.21812644627437,1.8002385726285866,44.77547222691101,46.80239791077379,54.22132487230921,10.55,59.730932082731805,3477.5,2137.5,0.0,0.0,15091.846566781978,15292.379095470611,6.944444444444445,12.437631174141949,13.000666086326053,31826,True,"27/29 °C and 1000/1200 ppm are illustrative experiment targets, not universal regulatory limits.",False
40,90,2,0.08,baseline,29.977551391900988,28.971145513365933,25.955237867256358,600.0,447.21812644627437,1.8002385726285866,44.77547222691101,46.80239791077379,54.22132487230921,10.55,59.730932082731805,3477.5,2137.5,0.0,0.0,15091.846566781978,15292.379095470611,6.944444444444445,12.437631174141949,13.000666086326053,31826,True,"27/29 °C and 1000/1200 ppm are illustrative experiment targets, not universal regulatory limits.",False
40,90,4,0.0,baseline,30.017554113417475,29.01568347646739,25.960224320190207,600.0,445.51136770135076,1.7560495489742607,49.853335732040584,53.738105651819,75.51368368388434,10.55,59.730932082731805,3482.5,2272.5,0.0,0.0,15089.867082482437,15292.379095470611,6.944444444444445,13.848148814455717,14.927251569949721,31004,True,"27/29 °C and 1000/1200 ppm are illustrative experiment targets, not universal regulatory limits.",False
40,90,4,0.02,baseline,30.017554113417475,29.01568347646739,25.960224320190207,600.0,445.51136770135076,1.7560495489742607,49.853335732040584,53.738105651819,75.51368368388434,10.55,59.730932082731805,3482.5,2272.5,0.0,0.0,15089.867082482437,15292.379095470611,6.944444444444445,13.848148814455717,14.927251569949721,31004,True,"27/29 °C and 1000/1200 ppm are illustrative experiment targets, not universal regulatory limits.",False
40,90,4,0.04,baseline,30.017554113417475,29.01568347646739,25.960224320190207,600.0,445.51136770135076,1.7560495489742607,49.853335732040584,53.738105651819,75.51368368388434,10.55,59.730932082731805,3482.5,2272.5,0.0,0.0,15089.867082482437,15292.379095470611,6.944444444444445,13.848148814455717,14.927251569949721,31004,True,"27/29 °C and 1000/1200 ppm are illustrative experiment targets, not universal regulatory limits.",False
40,90,4,0.06,baseline,30.017554113417475,29.01568347646739,25.960224320190207,600.0,445.51136770135076,1.7560495489742607,49.853335732040584,53.738105651819,75.51368368388434,10.55,59.730932082731805,3482.5,2272.5,0.0,0.0,15089.867082482437,15292.379095470611,6.944444444444445,13.848148814455717,14.927251569949721,31004,True,"27/29 °C and 1000/1200 ppm are illustrative experiment targets, not universal regulatory limits.",False
40,90,4,0.08,baseline,30.017554113417475,29.01568347646739,25.960224320190207,600.0,445.51136770135076,1.7560495489742607,49.853335732040584,53.738105651819,75.51368368388434,10.55,59.730932082731805,3482.5,2272.5,0.0,0.0,15089.867082482437,15292.379095470611,6.944444444444445,13.848148814455717,14.927251569949721,31004,True,"27/29 °C and 1000/1200 ppm are illustrative experiment targets, not universal regulatory limits.",False
40,90,6,0.0,baseline,30.05374331043481,29.057086207107595,25.964852400800908,600.0,444.0397463892798,1.7148740806878777,55.08971223492799,60.78648567490451,102.9338664167322,10.55,59.730932082731805,3482.5,2442.5,0.0,0.0,15088.070046082055,15292.379095470611,6.944444444444445,15.302697843035553,16.885134909695697,30188,True,"27/29 °C and 1000/1200 ppm are illustrative experiment targets, not universal regulatory limits.",False
40,90,6,0.02,baseline,30.05374331043481,29.057086207107595,25.964852400800908,600.0,444.0397463892798,1.7148740806878777,55.08971223492799,60.78648567490451,102.9338664167322,10.55,59.730932082731805,3482.5,2442.5,0.0,0.0,15088.070046082055,15292.379095470611,6.944444444444445,15.302697843035553,16.885134909695697,30188,True,"27/29 °C and 1000/1200 ppm are illustrative experiment targets, not universal regulatory limits.",False
40,90,6,0.04,baseline,30.05374331043481,29.057086207107595,25.964852400800908,600.0,444.0397463892798,1.7148740806878777,55.08971223492799,60.78648567490451,102.9338664167322,10.55,59.730932082731805,3482.5,2442.5,0.0,0.0,15088.070046082055,15292.379095470611,6.944444444444445,15.302697843035553,16.885134909695697,30188,True,"27/29 °C and 1000/1200 ppm are illustrative experiment targets, not universal regulatory limits.",False
40,90,6,0.06,baseline,30.05374331043481,29.057086207107595,25.964852400800908,600.0,444.0397463892798,1.7148740806878777,55.08971223492799,60.78648567490451,102.9338664167322,10.55,59.730932082731805,3482.5,2442.5,0.0,0.0,15088.070046082055,15292.379095470611,6.944444444444445,15.302697843035553,16.885134909695697,30188,True,"27/29 °C and 1000/1200 ppm are illustrative experiment targets, not universal regulatory limits.",False
40,90,6,0.08,baseline,30.05374331043481,29.057086207107595,25.964852400800908,600.0,444.0397463892798,1.7148740806878777,55.08971223492799,60.78648567490451,102.9338664167322,10.55,59.730932082731805,3482.5,2442.5,0.0,0.0,15088.070046082055,15292.379095470611,6.944444444444445,15.302697843035553,16.885134909695697,30188,True,"27/29 °C and 1000/1200 ppm are illustrative experiment targets, not universal regulatory limits.",False
40,90,8,0.0,baseline,30.084912015683244,29.09558454963954,25.969150331188757,600.0,442.76020544614386,1.6782778685446829,60.467814798068986,67.92142676676693,137.48060806711916,10.55,59.730932082731805,3482.5,2562.5,0.0,0.0,15086.515439915142,15292.379095470611,6.944444444444445,16.79661522168583,18.86706299076859,29522,True,"27/29 °C and 1000/1200 ppm are illustrative experiment targets, not universal regulatory limits.",False
40,90,8,0.02,baseline,30.084912015683244,29.09558454963954,25.969150331188757,600.0,442.76020544614386,1.6782778685446829,60.467814798068986,67.92142676676693,137.48060806711916,10.55,59.730932082731805,3482.5,2562.5,0.0,0.0,15086.515439915142,15292.379095470611,6.944444444444445,16.79661522168583,18.86706299076859,29522,True,"27/29 °C and 1000/1200 ppm are illustrative experiment targets, not universal regulatory limits.",False
40,90,8,0.04,baseline,30.084912015683244,29.09558454963954,25.969150331188757,600.0,442.76020544614386,1.6782778685446829,60.467814798068986,67.92142676676693,137.48060806711916,10.55,59.730932082731805,3482.5,2562.5,0.0,0.0,15086.515439915142,15292.379095470611,6.944444444444445,16.79661522168583,18.86706299076859,29522,True,"27/29 °C and 1000/1200 ppm are illustrative experiment targets, not universal regulatory limits.",False
40,90,8,0.06,baseline,30.084912015683244,29.09558454963954,25.969150331188757,600.0,442.76020544614386,1.6782778685446829,60.467814798068986,67.92142676676693,137.48060806711916,10.55,59.730932082731805,3482.5,2562.5,0.0,0.0,15086.515439915142,15292.379095470611,6.944444444444445,16.79661522168583,18.86706299076859,29522,True,"27/29 °C and 1000/1200 ppm are illustrative experiment targets, not universal regulatory limits.",False
40,90,8,0.08,baseline,30.084912015683244,29.09558454963954,25.969150331188757,600.0,442.76020544614386,1.6782778685446829,60.467814798068986,67.92142676676693,137.48060806711916,10.55,59.730932082731805,3482.5,2562.5,0.0,0.0,15086.515439915142,15292.379095470611,6.944444444444445,16.79661522168583,18.86706299076859,29522,True,"27/29 °C and 1000/1200 ppm are illustrative experiment targets, not universal regulatory limits.",False
40,100,0,0.0,baseline,29.93242216129329,28.923425342178657,25.94988767310275,600.0,449.2168877577734,1.84705495693197,39.87471078201878,39.99999999999998,38.101549195753044,10.55,59.730932082731805,3477.5,2002.5,0.0,0.0,15094.026904179855,15292.379095470611,6.944444444444445,11.076308550560773,11.111111111111104,32858,True,"27/29 °C and 1000/1200 ppm are illustrative experiment targets, not universal regulatory limits.",False
40,100,0,0.02,baseline,29.93242216129329,28.923425342178657,25.94988767310275,600.0,449.2168877577734,1.84705495693197,39.87471078201878,39.99999999999998,38.101549195753044,10.55,59.730932082731805,3477.5,2002.5,0.0,0.0,15094.026904179855,15292.379095470611,6.944444444444445,11.076308550560773,11.111111111111104,32858,True,"27/29 °C and 1000/1200 ppm are illustrative experiment targets, not universal regulatory limits.",False
40,100,0,0.04,baseline,29.93242216129329,28.923425342178657,25.94988767310275,600.0,449.2168877577734,1.84705495693197,39.87471078201878,39.99999999999998,38.101549195753044,10.55,59.730932082731805,3477.5,2002.5,0.0,0.0,15094.026904179855,15292.379095470611,6.944444444444445,11.076308550560773,11.111111111111104,32858,True,"27/29 °C and 1000/1200 ppm are illustrative experiment targets, not universal regulatory limits.",False
40,100,0,0.06,baseline,29.93242216129329,28.923425342178657,25.94988767310275,600.0,449.2168877577734,1.84705495693197,39.87471078201878,39.99999999999998,38.101549195753044,10.55,59.730932082731805,3477.5,2002.5,0.0,0.0,15094.026904179855,15292.379095470611,6.944444444444445,11.076308550560773,11.111111111111104,32858,True,"27/29 °C and 1000/1200 ppm are illustrative experiment targets, not universal regulatory limits.",False
40,100,0,0.08,baseline,29.93242216129329,28.923425342178657,25.94988767310275,600.0,449.2168877577734,1.84705495693197,39.87471078201878,39.99999999999998,38.101549195753044,10.55,59.730932082731805,3477.5,2002.5,0.0,0.0,15094.026904179855,15292.379095470611,6.944444444444445,11.076308550560773,11.111111111111104,32858,True,"27/29 °C and 1000/1200 ppm are illustrative experiment targets, not universal regulatory limits.",False
40,100,2,0.0,baseline,29.977551391900988,28.971145513365933,25.955237867256358,600.0,447.21812644627437,1.8002385726285866,44.77547222691101,46.80239791077379,54.22132487230921,10.55,59.730932082731805,3477.5,2137.5,0.0,0.0,15091.846566781978,15292.379095470611,6.944444444444445,12.437631174141949,13.000666086326053,31826,True,"27/29 °C and 1000/1200 ppm are illustrative experiment targets, not universal regulatory limits.",False
40,100,2,0.02,baseline,29.977551391900988,28.971145513365933,25.955237867256358,600.0,447.21812644627437,1.8002385726285866,44.77547222691101,46.80239791077379,54.22132487230921,10.55,59.730932082731805,3477.5,2137.5,0.0,0.0,15091.846566781978,15292.379095470611,6.944444444444445,12.437631174141949,13.000666086326053,31826,True,"27/29 °C and 1000/1200 ppm are illustrative experiment targets, not universal regulatory limits.",False
40,100,2,0.04,baseline,29.977551391900988,28.971145513365933,25.955237867256358,600.0,447.21812644627437,1.8002385726285866,44.77547222691101,46.80239791077379,54.22132487230921,10.55,59.730932082731805,3477.5,2137.5,0.0,0.0,15091.846566781978,15292.379095470611,6.944444444444445,12.437631174141949,13.000666086326053,31826,True,"27/29 °C and 1000/1200 ppm are illustrative experiment targets, not universal regulatory limits.",False
40,100,2,0.06,baseline,29.977551391900988,28.971145513365933,25.955237867256358,600.0,447.21812644627437,1.8002385726285866,44.77547222691101,46.80239791077379,54.22132487230921,10.55,59.730932082731805,3477.5,2137.5,0.0,0.0,15091.846566781978,15292.379095470611,6.944444444444445,12.437631174141949,13.000666086326053,31826,True,"27/29 °C and 1000/1200 ppm are illustrative experiment targets, not universal regulatory limits.",False
40,100,2,0.08,baseline,29.977551391900988,28.971145513365933,25.955237867256358,600.0,447.21812644627437,1.8002385726285866,44.77547222691101,46.80239791077379,54.22132487230921,10.55,59.730932082731805,3477.5,2137.5,0.0,0.0,15091.846566781978,15292.379095470611,6.944444444444445,12.437631174141949,13.000666086326053,31826,True,"27/29 °C and 1000/1200 ppm are illustrative experiment targets, not universal regulatory limits.",False
40,100,4,0.0,baseline,30.017554113417475,29.01568347646739,25.960224320190207,600.0,445.51136770135076,1.7560495489742607,49.853335732040584,53.738105651819,75.51368368388434,10.55,59.730932082731805,3482.5,2272.5,0.0,0.0,15089.867082482437,15292.379095470611,6.944444444444445,13.848148814455717,14.927251569949721,31004,True,"27/29 °C and 1000/1200 ppm are illustrative experiment targets, not universal regulatory limits.",False
40,100,4,0.02,baseline,30.017554113417475,29.01568347646739,25.960224320190207,600.0,445.51136770135076,1.7560495489742607,49.853335732040584,53.738105651819,75.51368368388434,10.55,59.730932082731805,3482.5,2272.5,0.0,0.0,15089.867082482437,15292.379095470611,6.944444444444445,13.848148814455717,14.927251569949721,31004,True,"27/29 °C and 1000/1200 ppm are illustrative experiment targets, not universal regulatory limits.",False
40,100,4,0.04,baseline,30.017554113417475,29.01568347646739,25.960224320190207,600.0,445.51136770135076,1.7560495489742607,49.853335732040584,53.738105651819,75.51368368388434,10.55,59.730932082731805,3482.5,2272.5,0.0,0.0,15089.867082482437,15292.379095470611,6.944444444444445,13.848148814455717,14.927251569949721,31004,True,"27/29 °C and 1000/1200 ppm are illustrative experiment targets, not universal regulatory limits.",False
40,100,4,0.06,baseline,30.017554113417475,29.01568347646739,25.960224320190207,600.0,445.51136770135076,1.7560495489742607,49.853335732040584,53.738105651819,75.51368368388434,10.55,59.730932082731805,3482.5,2272.5,0.0,0.0,15089.867082482437,15292.379095470611,6.944444444444445,13.848148814455717,14.927251569949721,31004,True,"27/29 °C and 1000/1200 ppm are illustrative experiment targets, not universal regulatory limits.",False
40,100,4,0.08,baseline,30.017554113417475,29.01568347646739,25.960224320190207,600.0,445.51136770135076,1.7560495489742607,49.853335732040584,53.738105651819,75.51368368388434,10.55,59.730932082731805,3482.5,2272.5,0.0,0.0,15089.867082482437,15292.379095470611,6.944444444444445,13.848148814455717,14.927251569949721,31004,True,"27/29 °C and 1000/1200 ppm are illustrative experiment targets, not universal regulatory limits.",False
40,100,6,0.0,baseline,30.05374331043481,29.057086207107595,25.964852400800908,600.0,444.0397463892798,1.7148740806878777,55.08971223492799,60.78648567490451,102.9338664167322,10.55,59.730932082731805,3482.5,2442.5,0.0,0.0,15088.070046082055,15292.379095470611,6.944444444444445,15.302697843035553,16.885134909695697,30188,True,"27/29 °C and 1000/1200 ppm are illustrative experiment targets, not universal regulatory limits.",False
40,100,6,0.02,baseline,30.05374331043481,29.057086207107595,25.964852400800908,600.0,444.0397463892798,1.7148740806878777,55.08971223492799,60.78648567490451,102.9338664167322,10.55,59.730932082731805,3482.5,2442.5,0.0,0.0,15088.070046082055,15292.379095470611,6.944444444444445,15.302697843035553,16.885134909695697,30188,True,"27/29 °C and 1000/1200 ppm are illustrative experiment targets, not universal regulatory limits.",False
40,100,6,0.04,baseline,30.05374331043481,29.057086207107595,25.964852400800908,600.0,444.0397463892798,1.7148740806878777,55.08971223492799,60.78648567490451,102.9338664167322,10.55,59.730932082731805,3482.5,2442.5,0.0,0.0,15088.070046082055,15292.379095470611,6.944444444444445,15.302697843035553,16.885134909695697,30188,True,"27/29 °C and 1000/1200 ppm are illustrative experiment targets, not universal regulatory limits.",False
40,100,6,0.06,baseline,30.05374331043481,29.057086207107595,25.964852400800908,600.0,444.0397463892798,1.7148740806878777,55.08971223492799,60.78648567490451,102.9338664167322,10.55,59.730932082731805,3482.5,2442.5,0.0,0.0,15088.070046082055,15292.379095470611,6.944444444444445,15.302697843035553,16.885134909695697,30188,True,"27/29 °C and 1000/1200 ppm are illustrative experiment targets, not universal regulatory limits.",False
40,100,6,0.08,baseline,30.05374331043481,29.057086207107595,25.964852400800908,600.0,444.0397463892798,1.7148740806878777,55.08971223492799,60.78648567490451,102.9338664167322,10.55,59.730932082731805,3482.5,2442.5,0.0,0.0,15088.070046082055,15292.379095470611,6.944444444444445,15.302697843035553,16.885134909695697,30188,True,"27/29 °C and 1000/1200 ppm are illustrative experiment targets, not universal regulatory limits.",False
40,100,8,0.0,baseline,30.084912015683244,29.09558454963954,25.969150331188757,600.0,442.76020544614386,1.6782778685446829,60.467814798068986,67.92142676676693,137.48060806711916,10.55,59.730932082731805,3482.5,2562.5,0.0,0.0,15086.515439915142,15292.379095470611,6.944444444444445,16.79661522168583,18.86706299076859,29522,True,"27/29 °C and 1000/1200 ppm are illustrative experiment targets, not universal regulatory limits.",False
40,100,8,0.02,baseline,30.084912015683244,29.09558454963954,25.969150331188757,600.0,442.76020544614386,1.6782778685446829,60.467814798068986,67.92142676676693,137.48060806711916,10.55,59.730932082731805,3482.5,2562.5,0.0,0.0,15086.515439915142,15292.379095470611,6.944444444444445,16.79661522168583,18.86706299076859,29522,True,"27/29 °C and 1000/1200 ppm are illustrative experiment targets, not universal regulatory limits.",False
40,100,8,0.04,baseline,30.084912015683244,29.09558454963954,25.969150331188757,600.0,442.76020544614386,1.6782778685446829,60.467814798068986,67.92142676676693,137.48060806711916,10.55,59.730932082731805,3482.5,2562.5,0.0,0.0,15086.515439915142,15292.379095470611,6.944444444444445,16.79661522168583,18.86706299076859,29522,True,"27/29 °C and 1000/1200 ppm are illustrative experiment targets, not universal regulatory limits.",False
40,100,8,0.06,baseline,30.084912015683244,29.09558454963954,25.969150331188757,600.0,442.76020544614386,1.6782778685446829,60.467814798068986,67.92142676676693,137.48060806711916,10.55,59.730932082731805,3482.5,2562.5,0.0,0.0,15086.515439915142,15292.379095470611,6.944444444444445,16.79661522168583,18.86706299076859,29522,True,"27/29 °C and 1000/1200 ppm are illustrative experiment targets, not universal regulatory limits.",False
40,100,8,0.08,baseline,30.084912015683244,29.09558454963954,25.969150331188757,600.0,442.76020544614386,1.6782778685446829,60.467814798068986,67.92142676676693,137.48060806711916,10.55,59.730932082731805,3482.5,2562.5,0.0,0.0,15086.515439915142,15292.379095470611,6.944444444444445,16.79661522168583,18.86706299076859,29522,True,"27/29 °C and 1000/1200 ppm are illustrative experiment targets, not universal regulatory limits.",False
40,110,0,0.0,baseline,29.93242216129329,28.923425342178657,25.94988767310275,600.0,449.2168877577734,1.84705495693197,39.87471078201878,39.99999999999998,38.101549195753044,10.55,59.730932082731805,3477.5,2002.5,0.0,0.0,15094.026904179855,15292.379095470611,6.944444444444445,11.076308550560773,11.111111111111104,32858,True,"27/29 °C and 1000/1200 ppm are illustrative experiment targets, not universal regulatory limits.",False
40,110,0,0.02,baseline,29.93242216129329,28.923425342178657,25.94988767310275,600.0,449.2168877577734,1.84705495693197,39.87471078201878,39.99999999999998,38.101549195753044,10.55,59.730932082731805,3477.5,2002.5,0.0,0.0,15094.026904179855,15292.379095470611,6.944444444444445,11.076308550560773,11.111111111111104,32858,True,"27/29 °C and 1000/1200 ppm are illustrative experiment targets, not universal regulatory limits.",False
40,110,0,0.04,baseline,29.93242216129329,28.923425342178657,25.94988767310275,600.0,449.2168877577734,1.84705495693197,39.87471078201878,39.99999999999998,38.101549195753044,10.55,59.730932082731805,3477.5,2002.5,0.0,0.0,15094.026904179855,15292.379095470611,6.944444444444445,11.076308550560773,11.111111111111104,32858,True,"27/29 °C and 1000/1200 ppm are illustrative experiment targets, not universal regulatory limits.",False
40,110,0,0.06,baseline,29.93242216129329,28.923425342178657,25.94988767310275,600.0,449.2168877577734,1.84705495693197,39.87471078201878,39.99999999999998,38.101549195753044,10.55,59.730932082731805,3477.5,2002.5,0.0,0.0,15094.026904179855,15292.379095470611,6.944444444444445,11.076308550560773,11.111111111111104,32858,True,"27/29 °C and 1000/1200 ppm are illustrative experiment targets, not universal regulatory limits.",False
40,110,0,0.08,baseline,29.93242216129329,28.923425342178657,25.94988767310275,600.0,449.2168877577734,1.84705495693197,39.87471078201878,39.99999999999998,38.101549195753044,10.55,59.730932082731805,3477.5,2002.5,0.0,0.0,15094.026904179855,15292.379095470611,6.944444444444445,11.076308550560773,11.111111111111104,32858,True,"27/29 °C and 1000/1200 ppm are illustrative experiment targets, not universal regulatory limits.",False
40,110,2,0.0,baseline,29.977551391900988,28.971145513365933,25.955237867256358,600.0,447.21812644627437,1.8002385726285866,44.77547222691101,46.80239791077379,54.22132487230921,10.55,59.730932082731805,3477.5,2137.5,0.0,0.0,15091.846566781978,15292.379095470611,6.944444444444445,12.437631174141949,13.000666086326053,31826,True,"27/29 °C and 1000/1200 ppm are illustrative experiment targets, not universal regulatory limits.",False
40,110,2,0.02,baseline,29.977551391900988,28.971145513365933,25.955237867256358,600.0,447.21812644627437,1.8002385726285866,44.77547222691101,46.80239791077379,54.22132487230921,10.55,59.730932082731805,3477.5,2137.5,0.0,0.0,15091.846566781978,15292.379095470611,6.944444444444445,12.437631174141949,13.000666086326053,31826,True,"27/29 °C and 1000/1200 ppm are illustrative experiment targets, not universal regulatory limits.",False
40,110,2,0.04,baseline,29.977551391900988,28.971145513365933,25.955237867256358,600.0,447.21812644627437,1.8002385726285866,44.77547222691101,46.80239791077379,54.22132487230921,10.55,59.730932082731805,3477.5,2137.5,0.0,0.0,15091.846566781978,15292.379095470611,6.944444444444445,12.437631174141949,13.000666086326053,31826,True,"27/29 °C and 1000/1200 ppm are illustrative experiment targets, not universal regulatory limits.",False
40,110,2,0.06,baseline,29.977551391900988,28.971145513365933,25.955237867256358,600.0,447.21812644627437,1.8002385726285866,44.77547222691101,46.80239791077379,54.22132487230921,10.55,59.730932082731805,3477.5,2137.5,0.0,0.0,15091.846566781978,15292.379095470611,6.944444444444445,12.437631174141949,13.000666086326053,31826,True,"27/29 °C and 1000/1200 ppm are illustrative experiment targets, not universal regulatory limits.",False
40,110,2,0.08,baseline,29.977551391900988,28.971145513365933,25.955237867256358,600.0,447.21812644627437,1.8002385726285866,44.77547222691101,46.80239791077379,54.22132487230921,10.55,59.730932082731805,3477.5,2137.5,0.0,0.0,15091.846566781978,15292.379095470611,6.944444444444445,12.437631174141949,13.000666086326053,31826,True,"27/29 °C and 1000/1200 ppm are illustrative experiment targets, not universal regulatory limits.",False
40,110,4,0.0,baseline,30.017554113417475,29.01568347646739,25.960224320190207,600.0,445.51136770135076,1.7560495489742607,49.853335732040584,53.738105651819,75.51368368388434,10.55,59.730932082731805,3482.5,2272.5,0.0,0.0,15089.867082482437,15292.379095470611,6.944444444444445,13.848148814455717,14.927251569949721,31004,True,"27/29 °C and 1000/1200 ppm are illustrative experiment targets, not universal regulatory limits.",False
40,110,4,0.02,baseline,30.017554113417475,29.01568347646739,25.960224320190207,600.0,445.51136770135076,1.7560495489742607,49.853335732040584,53.738105651819,75.51368368388434,10.55,59.730932082731805,3482.5,2272.5,0.0,0.0,15089.867082482437,15292.379095470611,6.944444444444445,13.848148814455717,14.927251569949721,31004,True,"27/29 °C and 1000/1200 ppm are illustrative experiment targets, not universal regulatory limits.",False
40,110,4,0.04,baseline,30.017554113417475,29.01568347646739,25.960224320190207,600.0,445.51136770135076,1.7560495489742607,49.853335732040584,53.738105651819,75.51368368388434,10.55,59.730932082731805,3482.5,2272.5,0.0,0.0,15089.867082482437,15292.379095470611,6.944444444444445,13.848148814455717,14.927251569949721,31004,True,"27/29 °C and 1000/1200 ppm are illustrative experiment targets, not universal regulatory limits.",False
40,110,4,0.06,baseline,30.017554113417475,29.01568347646739,25.960224320190207,600.0,445.51136770135076,1.7560495489742607,49.853335732040584,53.738105651819,75.51368368388434,10.55,59.730932082731805,3482.5,2272.5,0.0,0.0,15089.867082482437,15292.379095470611,6.944444444444445,13.848148814455717,14.927251569949721,31004,True,"27/29 °C and 1000/1200 ppm are illustrative experiment targets, not universal regulatory limits.",False
40,110,4,0.08,baseline,30.017554113417475,29.01568347646739,25.960224320190207,600.0,445.51136770135076,1.7560495489742607,49.853335732040584,53.738105651819,75.51368368388434,10.55,59.730932082731805,3482.5,2272.5,0.0,0.0,15089.867082482437,15292.379095470611,6.944444444444445,13.848148814455717,14.927251569949721,31004,True,"27/29 °C and 1000/1200 ppm are illustrative experiment targets, not universal regulatory limits.",False
40,110,6,0.0,baseline,30.05374331043481,29.057086207107595,25.964852400800908,600.0,444.0397463892798,1.7148740806878777,55.08971223492799,60.78648567490451,102.9338664167322,10.55,59.730932082731805,3482.5,2442.5,0.0,0.0,15088.070046082055,15292.379095470611,6.944444444444445,15.302697843035553,16.885134909695697,30188,True,"27/29 °C and 1000/1200 ppm are illustrative experiment targets, not universal regulatory limits.",False
40,110,6,0.02,baseline,30.05374331043481,29.057086207107595,25.964852400800908,600.0,444.0397463892798,1.7148740806878777,55.08971223492799,60.78648567490451,102.9338664167322,10.55,59.730932082731805,3482.5,2442.5,0.0,0.0,15088.070046082055,15292.379095470611,6.944444444444445,15.302697843035553,16.885134909695697,30188,True,"27/29 °C and 1000/1200 ppm are illustrative experiment targets, not universal regulatory limits.",False
40,110,6,0.04,baseline,30.05374331043481,29.057086207107595,25.964852400800908,600.0,444.0397463892798,1.7148740806878777,55.08971223492799,60.78648567490451,102.9338664167322,10.55,59.730932082731805,3482.5,2442.5,0.0,0.0,15088.070046082055,15292.379095470611,6.944444444444445,15.302697843035553,16.885134909695697,30188,True,"27/29 °C and 1000/1200 ppm are illustrative experiment targets, not universal regulatory limits.",False
40,110,6,0.06,baseline,30.05374331043481,29.057086207107595,25.964852400800908,600.0,444.0397463892798,1.7148740806878777,55.08971223492799,60.78648567490451,102.9338664167322,10.55,59.730932082731805,3482.5,2442.5,0.0,0.0,15088.070046082055,15292.379095470611,6.944444444444445,15.302697843035553,16.885134909695697,30188,True,"27/29 °C and 1000/1200 ppm are illustrative experiment targets, not universal regulatory limits.",False
40,110,6,0.08,baseline,30.05374331043481,29.057086207107595,25.964852400800908,600.0,444.0397463892798,1.7148740806878777,55.08971223492799,60.78648567490451,102.9338664167322,10.55,59.730932082731805,3482.5,2442.5,0.0,0.0,15088.070046082055,15292.379095470611,6.944444444444445,15.302697843035553,16.885134909695697,30188,True,"27/29 °C and 1000/1200 ppm are illustrative experiment targets, not universal regulatory limits.",False
40,110,8,0.0,baseline,30.084912015683244,29.09558454963954,25.969150331188757,600.0,442.76020544614386,1.6782778685446829,60.467814798068986,67.92142676676693,137.48060806711916,10.55,59.730932082731805,3482.5,2562.5,0.0,0.0,15086.515439915142,15292.379095470611,6.944444444444445,16.79661522168583,18.86706299076859,29522,True,"27/29 °C and 1000/1200 ppm are illustrative experiment targets, not universal regulatory limits.",False
40,110,8,0.02,baseline,30.084912015683244,29.09558454963954,25.969150331188757,600.0,442.76020544614386,1.6782778685446829,60.467814798068986,67.92142676676693,137.48060806711916,10.55,59.730932082731805,3482.5,2562.5,0.0,0.0,15086.515439915142,15292.379095470611,6.944444444444445,16.79661522168583,18.86706299076859,29522,True,"27/29 °C and 1000/1200 ppm are illustrative experiment targets, not universal regulatory limits.",False
40,110,8,0.04,baseline,30.084912015683244,29.09558454963954,25.969150331188757,600.0,442.76020544614386,1.6782778685446829,60.467814798068986,67.92142676676693,137.48060806711916,10.55,59.730932082731805,3482.5,2562.5,0.0,0.0,15086.515439915142,15292.379095470611,6.944444444444445,16.79661522168583,18.86706299076859,29522,True,"27/29 °C and 1000/1200 ppm are illustrative experiment targets, not universal regulatory limits.",False
40,110,8,0.06,baseline,30.084912015683244,29.09558454963954,25.969150331188757,600.0,442.76020544614386,1.6782778685446829,60.467814798068986,67.92142676676693,137.48060806711916,10.55,59.730932082731805,3482.5,2562.5,0.0,0.0,15086.515439915142,15292.379095470611,6.944444444444445,16.79661522168583,18.86706299076859,29522,True,"27/29 °C and 1000/1200 ppm are illustrative experiment targets, not universal regulatory limits.",False
40,110,8,0.08,baseline,30.084912015683244,29.09558454963954,25.969150331188757,600.0,442.76020544614386,1.6782778685446829,60.467814798068986,67.92142676676693,137.48060806711916,10.55,59.730932082731805,3482.5,2562.5,0.0,0.0,15086.515439915142,15292.379095470611,6.944444444444445,16.79661522168583,18.86706299076859,29522,True,"27/29 °C and 1000/1200 ppm are illustrative experiment targets, not universal regulatory limits.",False
40,120,0,0.0,baseline,29.93242216129329,28.923425342178657,25.94988767310275,600.0,449.2168877577734,1.84705495693197,39.87471078201878,39.99999999999998,38.101549195753044,10.55,59.730932082731805,3477.5,2002.5,0.0,0.0,15094.026904179855,15292.379095470611,6.944444444444445,11.076308550560773,11.111111111111104,32858,True,"27/29 °C and 1000/1200 ppm are illustrative experiment targets, not universal regulatory limits.",False
40,120,0,0.02,baseline,29.93242216129329,28.923425342178657,25.94988767310275,600.0,449.2168877577734,1.84705495693197,39.87471078201878,39.99999999999998,38.101549195753044,10.55,59.730932082731805,3477.5,2002.5,0.0,0.0,15094.026904179855,15292.379095470611,6.944444444444445,11.076308550560773,11.111111111111104,32858,True,"27/29 °C and 1000/1200 ppm are illustrative experiment targets, not universal regulatory limits.",False
40,120,0,0.04,baseline,29.93242216129329,28.923425342178657,25.94988767310275,600.0,449.2168877577734,1.84705495693197,39.87471078201878,39.99999999999998,38.101549195753044,10.55,59.730932082731805,3477.5,2002.5,0.0,0.0,15094.026904179855,15292.379095470611,6.944444444444445,11.076308550560773,11.111111111111104,32858,True,"27/29 °C and 1000/1200 ppm are illustrative experiment targets, not universal regulatory limits.",False
40,120,0,0.06,baseline,29.93242216129329,28.923425342178657,25.94988767310275,600.0,449.2168877577734,1.84705495693197,39.87471078201878,39.99999999999998,38.101549195753044,10.55,59.730932082731805,3477.5,2002.5,0.0,0.0,15094.026904179855,15292.379095470611,6.944444444444445,11.076308550560773,11.111111111111104,32858,True,"27/29 °C and 1000/1200 ppm are illustrative experiment targets, not universal regulatory limits.",False
40,120,0,0.08,baseline,29.93242216129329,28.923425342178657,25.94988767310275,600.0,449.2168877577734,1.84705495693197,39.87471078201878,39.99999999999998,38.101549195753044,10.55,59.730932082731805,3477.5,2002.5,0.0,0.0,15094.026904179855,15292.379095470611,6.944444444444445,11.076308550560773,11.111111111111104,32858,True,"27/29 °C and 1000/1200 ppm are illustrative experiment targets, not universal regulatory limits.",False
40,120,2,0.0,baseline,29.977551391900988,28.971145513365933,25.955237867256358,600.0,447.21812644627437,1.8002385726285866,44.77547222691101,46.80239791077379,54.22132487230921,10.55,59.730932082731805,3477.5,2137.5,0.0,0.0,15091.846566781978,15292.379095470611,6.944444444444445,12.437631174141949,13.000666086326053,31826,True,"27/29 °C and 1000/1200 ppm are illustrative experiment targets, not universal regulatory limits.",False
40,120,2,0.02,baseline,29.977551391900988,28.971145513365933,25.955237867256358,600.0,447.21812644627437,1.8002385726285866,44.77547222691101,46.80239791077379,54.22132487230921,10.55,59.730932082731805,3477.5,2137.5,0.0,0.0,15091.846566781978,15292.379095470611,6.944444444444445,12.437631174141949,13.000666086326053,31826,True,"27/29 °C and 1000/1200 ppm are illustrative experiment targets, not universal regulatory limits.",False
40,120,2,0.04,baseline,29.977551391900988,28.971145513365933,25.955237867256358,600.0,447.21812644627437,1.8002385726285866,44.77547222691101,46.80239791077379,54.22132487230921,10.55,59.730932082731805,3477.5,2137.5,0.0,0.0,15091.846566781978,15292.379095470611,6.944444444444445,12.437631174141949,13.000666086326053,31826,True,"27/29 °C and 1000/1200 ppm are illustrative experiment targets, not universal regulatory limits.",False
40,120,2,0.06,baseline,29.977551391900988,28.971145513365933,25.955237867256358,600.0,447.21812644627437,1.8002385726285866,44.77547222691101,46.80239791077379,54.22132487230921,10.55,59.730932082731805,3477.5,2137.5,0.0,0.0,15091.846566781978,15292.379095470611,6.944444444444445,12.437631174141949,13.000666086326053,31826,True,"27/29 °C and 1000/1200 ppm are illustrative experiment targets, not universal regulatory limits.",False
40,120,2,0.08,baseline,29.977551391900988,28.971145513365933,25.955237867256358,600.0,447.21812644627437,1.8002385726285866,44.77547222691101,46.80239791077379,54.22132487230921,10.55,59.730932082731805,3477.5,2137.5,0.0,0.0,15091.846566781978,15292.379095470611,6.944444444444445,12.437631174141949,13.000666086326053,31826,True,"27/29 °C and 1000/1200 ppm are illustrative experiment targets, not universal regulatory limits.",False
40,120,4,0.0,baseline,30.017554113417475,29.01568347646739,25.960224320190207,600.0,445.51136770135076,1.7560495489742607,49.853335732040584,53.738105651819,75.51368368388434,10.55,59.730932082731805,3482.5,2272.5,0.0,0.0,15089.867082482437,15292.379095470611,6.944444444444445,13.848148814455717,14.927251569949721,31004,True,"27/29 °C and 1000/1200 ppm are illustrative experiment targets, not universal regulatory limits.",False
40,120,4,0.02,baseline,30.017554113417475,29.01568347646739,25.960224320190207,600.0,445.51136770135076,1.7560495489742607,49.853335732040584,53.738105651819,75.51368368388434,10.55,59.730932082731805,3482.5,2272.5,0.0,0.0,15089.867082482437,15292.379095470611,6.944444444444445,13.848148814455717,14.927251569949721,31004,True,"27/29 °C and 1000/1200 ppm are illustrative experiment targets, not universal regulatory limits.",False
40,120,4,0.04,baseline,30.017554113417475,29.01568347646739,25.960224320190207,600.0,445.51136770135076,1.7560495489742607,49.853335732040584,53.738105651819,75.51368368388434,10.55,59.730932082731805,3482.5,2272.5,0.0,0.0,15089.867082482437,15292.379095470611,6.944444444444445,13.848148814455717,14.927251569949721,31004,True,"27/29 °C and 1000/1200 ppm are illustrative experiment targets, not universal regulatory limits.",False
40,120,4,0.06,baseline,30.017554113417475,29.01568347646739,25.960224320190207,600.0,445.51136770135076,1.7560495489742607,49.853335732040584,53.738105651819,75.51368368388434,10.55,59.730932082731805,3482.5,2272.5,0.0,0.0,15089.867082482437,15292.379095470611,6.944444444444445,13.848148814455717,14.927251569949721,31004,True,"27/29 °C and 1000/1200 ppm are illustrative experiment targets, not universal regulatory limits.",False
40,120,4,0.08,baseline,30.017554113417475,29.01568347646739,25.960224320190207,600.0,445.51136770135076,1.7560495489742607,49.853335732040584,53.738105651819,75.51368368388434,10.55,59.730932082731805,3482.5,2272.5,0.0,0.0,15089.867082482437,15292.379095470611,6.944444444444445,13.848148814455717,14.927251569949721,31004,True,"27/29 °C and 1000/1200 ppm are illustrative experiment targets, not universal regulatory limits.",False
40,120,6,0.0,baseline,30.05374331043481,29.057086207107595,25.964852400800908,600.0,444.0397463892798,1.7148740806878777,55.08971223492799,60.78648567490451,102.9338664167322,10.55,59.730932082731805,3482.5,2442.5,0.0,0.0,15088.070046082055,15292.379095470611,6.944444444444445,15.302697843035553,16.885134909695697,30188,True,"27/29 °C and 1000/1200 ppm are illustrative experiment targets, not universal regulatory limits.",False
40,120,6,0.02,baseline,30.05374331043481,29.057086207107595,25.964852400800908,600.0,444.0397463892798,1.7148740806878777,55.08971223492799,60.78648567490451,102.9338664167322,10.55,59.730932082731805,3482.5,2442.5,0.0,0.0,15088.070046082055,15292.379095470611,6.944444444444445,15.302697843035553,16.885134909695697,30188,True,"27/29 °C and 1000/1200 ppm are illustrative experiment targets, not universal regulatory limits.",False
40,120,6,0.04,baseline,30.05374331043481,29.057086207107595,25.964852400800908,600.0,444.0397463892798,1.7148740806878777,55.08971223492799,60.78648567490451,102.9338664167322,10.55,59.730932082731805,3482.5,2442.5,0.0,0.0,15088.070046082055,15292.379095470611,6.944444444444445,15.302697843035553,16.885134909695697,30188,True,"27/29 °C and 1000/1200 ppm are illustrative experiment targets, not universal regulatory limits.",False
40,120,6,0.06,baseline,30.05374331043481,29.057086207107595,25.964852400800908,600.0,444.0397463892798,1.7148740806878777,55.08971223492799,60.78648567490451,102.9338664167322,10.55,59.730932082731805,3482.5,2442.5,0.0,0.0,15088.070046082055,15292.379095470611,6.944444444444445,15.302697843035553,16.885134909695697,30188,True,"27/29 °C and 1000/1200 ppm are illustrative experiment targets, not universal regulatory limits.",False
40,120,6,0.08,baseline,30.05374331043481,29.057086207107595,25.964852400800908,600.0,444.0397463892798,1.7148740806878777,55.08971223492799,60.78648567490451,102.9338664167322,10.55,59.730932082731805,3482.5,2442.5,0.0,0.0,15088.070046082055,15292.379095470611,6.944444444444445,15.302697843035553,16.885134909695697,30188,True,"27/29 °C and 1000/1200 ppm are illustrative experiment targets, not universal regulatory limits.",False
40,120,8,0.0,baseline,30.084912015683244,29.09558454963954,25.969150331188757,600.0,442.76020544614386,1.6782778685446829,60.467814798068986,67.92142676676693,137.48060806711916,10.55,59.730932082731805,3482.5,2562.5,0.0,0.0,15086.515439915142,15292.379095470611,6.944444444444445,16.79661522168583,18.86706299076859,29522,True,"27/29 °C and 1000/1200 ppm are illustrative experiment targets, not universal regulatory limits.",False
40,120,8,0.02,baseline,30.084912015683244,29.09558454963954,25.969150331188757,600.0,442.76020544614386,1.6782778685446829,60.467814798068986,67.92142676676693,137.48060806711916,10.55,59.730932082731805,3482.5,2562.5,0.0,0.0,15086.515439915142,15292.379095470611,6.944444444444445,16.79661522168583,18.86706299076859,29522,True,"27/29 °C and 1000/1200 ppm are illustrative experiment targets, not universal regulatory limits.",False
40,120,8,0.04,baseline,30.084912015683244,29.09558454963954,25.969150331188757,600.0,442.76020544614386,1.6782778685446829,60.467814798068986,67.92142676676693,137.48060806711916,10.55,59.730932082731805,3482.5,2562.5,0.0,0.0,15086.515439915142,15292.379095470611,6.944444444444445,16.79661522168583,18.86706299076859,29522,True,"27/29 °C and 1000/1200 ppm are illustrative experiment targets, not universal regulatory limits.",False
40,120,8,0.06,baseline,30.084912015683244,29.09558454963954,25.969150331188757,600.0,442.76020544614386,1.6782778685446829,60.467814798068986,67.92142676676693,137.48060806711916,10.55,59.730932082731805,3482.5,2562.5,0.0,0.0,15086.515439915142,15292.379095470611,6.944444444444445,16.79661522168583,18.86706299076859,29522,True,"27/29 °C and 1000/1200 ppm are illustrative experiment targets, not universal regulatory limits.",False
40,120,8,0.08,baseline,30.084912015683244,29.09558454963954,25.969150331188757,600.0,442.76020544614386,1.6782778685446829,60.467814798068986,67.92142676676693,137.48060806711916,10.55,59.730932082731805,3482.5,2562.5,0.0,0.0,15086.515439915142,15292.379095470611,6.944444444444445,16.79661522168583,18.86706299076859,29522,True,"27/29 °C and 1000/1200 ppm are illustrative experiment targets, not universal regulatory limits.",False
45,50,0,0.0,baseline,29.976792685428507,28.98727207806455,25.95694714417715,600.0,446.35824162588494,1.8027135228912812,44.83294770935838,44.99999999999998,54.18873213135319,10.55,59.730932082731805,3492.5,2122.5,0.0,0.0,15091.847434775818,15292.379095470611,6.944444444444445,12.45359658593288,12.499999999999993,31424,True,"27/29 °C and 1000/1200 ppm are illustrative experiment targets, not universal regulatory limits.",False
45,50,0,0.02,baseline,29.976792685428507,28.98727207806455,25.95694714417715,600.0,446.35824162588494,1.8027135228912812,44.83294770935838,44.99999999999998,54.18873213135319,10.55,59.730932082731805,3492.5,2122.5,0.0,0.0,15091.847434775818,15292.379095470611,6.944444444444445,12.45359658593288,12.499999999999993,31424,True,"27/29 °C and 1000/1200 ppm are illustrative experiment targets, not universal regulatory limits.",False
45,50,0,0.04,baseline,29.976792685428507,28.98727207806455,25.95694714417715,600.0,446.35824162588494,1.8027135228912812,44.83294770935838,44.99999999999998,54.18873213135319,10.55,59.730932082731805,3492.5,2122.5,0.0,0.0,15091.847434775818,15292.379095470611,6.944444444444445,12.45359658593288,12.499999999999993,31424,True,"27/29 °C and 1000/1200 ppm are illustrative experiment targets, not universal regulatory limits.",False
45,50,0,0.06,baseline,29.976792685428507,28.98727207806455,25.95694714417715,600.0,446.35824162588494,1.8027135228912812,44.83294770935838,44.99999999999998,54.18873213135319,10.55,59.730932082731805,3492.5,2122.5,0.0,0.0,15091.847434775818,15292.379095470611,6.944444444444445,12.45359658593288,12.499999999999993,31424,True,"27/29 °C and 1000/1200 ppm are illustrative experiment targets, not universal regulatory limits.",False
45,50,0,0.08,baseline,29.976792685428507,28.98727207806455,25.95694714417715,600.0,446.35824162588494,1.8027135228912812,44.83294770935838,44.99999999999998,54.18873213135319,10.55,59.730932082731805,3492.5,2122.5,0.0,0.0,15091.847434775818,15292.379095470611,6.944444444444445,12.45359658593288,12.499999999999993,31424,True,"27/29 °C and 1000/1200 ppm are illustrative experiment targets, not universal regulatory limits.",False
45,50,2,0.0,baseline,30.014062068657722,29.028525663799478,25.961561294008845,600.0,444.8356265513891,1.7607615242013708,49.23856392211514,50.000001132136276,71.98611046545982,10.55,59.730932082731805,3492.5,2257.5,0.0,0.0,15090.026880675807,15292.379095470611,6.944444444444445,13.677378867254209,13.888889203371187,30548,True,"27/29 °C and 1000/1200 ppm are illustrative experiment targets, not universal regulatory limits.",False
45,50,2,0.02,baseline,30.014062068657722,29.028525663799478,25.961561294008845,600.0,444.8356265513891,1.7607615242013708,49.23856392211514,50.000001132136276,71.98611046545982,10.55,59.730932082731805,3492.5,2257.5,0.0,0.0,15090.026880675807,15292.379095470611,6.944444444444445,13.677378867254209,13.888889203371187,30548,True,"27/29 °C and 1000/1200 ppm are illustrative experiment targets, not universal regulatory limits.",False
45,50,2,0.04,baseline,30.014062068657722,29.028525663799478,25.961561294008845,600.0,444.8356265513891,1.7607615242013708,49.23856392211514,50.000001132136276,71.98611046545982,10.55,59.730932082731805,3492.5,2257.5,0.0,0.0,15090.026880675807,15292.379095470611,6.944444444444445,13.677378867254209,13.888889203371187,30548,True,"27/29 °C and 1000/1200 ppm are illustrative experiment targets, not universal regulatory limits.",False
45,50,2,0.06,baseline,30.014062068657722,29.028525663799478,25.961561294008845,600.0,444.8356265513891,1.7607615242013708,49.23856392211514,50.000001132136276,71.98611046545982,10.55,59.730932082731805,3492.5,2257.5,0.0,0.0,15090.026880675807,15292.379095470611,6.944444444444445,13.677378867254209,13.888889203371187,30548,True,"27/29 °C and 1000/1200 ppm are illustrative experiment targets, not universal regulatory limits.",False
45,50,2,0.08,baseline,30.014062068657722,29.028525663799478,25.961561294008845,600.0,444.8356265513891,1.7607615242013708,49.23856392211514,50.000001132136276,71.98611046545982,10.55,59.730932082731805,3492.5,2257.5,0.0,0.0,15090.026880675807,15292.379095470611,6.944444444444445,13.677378867254209,13.888889203371187,30548,True,"27/29 °C and 1000/1200 ppm are illustrative experiment targets, not universal regulatory limits.",False
45,50,4,0.0,baseline,30.014259370425464,29.036737259740825,25.9624440256851,600.0,444.5031169056991,1.7615001787053188,49.60953530289959,49.99999999999998,73.58287780977288,10.55,59.730932082731805,3492.5,2262.5,0.0,0.0,15090.028569919918,15292.379095470611,6.944444444444445,13.780426473027664,13.888888888888882,30560,True,"27/29 °C and 1000/1200 ppm are illustrative experiment targets, not universal regulatory limits.",False
45,50,4,0.02,baseline,30.014259370425464,29.036737259740825,25.9624440256851,600.0,444.5031169056991,1.7615001787053188,49.60953530289959,49.99999999999998,73.58287780977288,10.55,59.730932082731805,3492.5,2262.5,0.0,0.0,15090.028569919918,15292.379095470611,6.944444444444445,13.780426473027664,13.888888888888882,30560,True,"27/29 °C and 1000/1200 ppm are illustrative experiment targets, not universal regulatory limits.",False
45,50,4,0.04,baseline,30.014259370425464,29.036737259740825,25.9624440256851,600.0,444.5031169056991,1.7615001787053188,49.60953530289959,49.99999999999998,73.58287780977288,10.55,59.730932082731805,3492.5,2262.5,0.0,0.0,15090.028569919918,15292.379095470611,6.944444444444445,13.780426473027664,13.888888888888882,30560,True,"27/29 °C and 1000/1200 ppm are illustrative experiment targets, not universal regulatory limits.",False
45,50,4,0.06,baseline,30.014259370425464,29.036737259740825,25.9624440256851,600.0,444.5031169056991,1.7615001787053188,49.60953530289959,49.99999999999998,73.58287780977288,10.55,59.730932082731805,3492.5,2262.5,0.0,0.0,15090.028569919918,15292.379095470611,6.944444444444445,13.780426473027664,13.888888888888882,30560,True,"27/29 °C and 1000/1200 ppm are illustrative experiment targets, not universal regulatory limits.",False
45,50,4,0.08,baseline,30.014259370425464,29.036737259740825,25.9624440256851,600.0,444.5031169056991,1.7615001787053188,49.60953530289959,49.99999999999998,73.58287780977288,10.55,59.730932082731805,3492.5,2262.5,0.0,0.0,15090.028569919918,15292.379095470611,6.944444444444445,13.780426473027664,13.888888888888882,30560,True,"27/29 °C and 1000/1200 ppm are illustrative experiment targets, not universal regulatory limits.",False
45,50,6,0.0,baseline,30.014978925606385,29.038199393185046,25.962599858038175,600.0,444.4138781436256,1.7612931767798727,49.65300738285346,49.99999999999998,73.76476429669792,10.55,59.730932082731805,3492.5,2262.5,0.0,0.0,15090.007146015056,15292.379095470611,6.944444444444445,13.792502050792624,13.888888888888882,30662,True,"27/29 °C and 1000/1200 ppm are illustrative experiment targets, not universal regulatory limits.",False
45,50,6,0.02,baseline,30.014978925606385,29.038199393185046,25.962599858038175,600.0,444.4138781436256,1.7612931767798727,49.65300738285346,49.99999999999998,73.76476429669792,10.55,59.730932082731805,3492.5,2262.5,0.0,0.0,15090.007146015056,15292.379095470611,6.944444444444445,13.792502050792624,13.888888888888882,30662,True,"27/29 °C and 1000/1200 ppm are illustrative experiment targets, not universal regulatory limits.",False
45,50,6,0.04,baseline,30.014978925606385,29.038199393185046,25.962599858038175,600.0,444.4138781436256,1.7612931767798727,49.65300738285346,49.99999999999998,73.76476429669792,10.55,59.730932082731805,3492.5,2262.5,0.0,0.0,15090.007146015056,15292.379095470611,6.944444444444445,13.792502050792624,13.888888888888882,30662,True,"27/29 °C and 1000/1200 ppm are illustrative experiment targets, not universal regulatory limits.",False
45,50,6,0.06,baseline,30.014978925606385,29.038199393185046,25.962599858038175,600.0,444.4138781436256,1.7612931767798727,49.65300738285346,49.99999999999998,73.76476429669792,10.55,59.730932082731805,3492.5,2262.5,0.0,0.0,15090.007146015056,15292.379095470611,6.944444444444445,13.792502050792624,13.888888888888882,30662,True,"27/29 °C and 1000/1200 ppm are illustrative experiment targets, not universal regulatory limits.",False
45,50,6,0.08,baseline,30.014978925606385,29.038199393185046,25.962599858038175,600.0,444.4138781436256,1.7612931767798727,49.65300738285346,49.99999999999998,73.76476429669792,10.55,59.730932082731805,3492.5,2262.5,0.0,0.0,15090.007146015056,15292.379095470611,6.944444444444445,13.792502050792624,13.888888888888882,30662,True,"27/29 °C and 1000/1200 ppm are illustrative experiment targets, not universal regulatory limits.",False
45,50,8,0.0,baseline,30.014623300641745,29.038778481924847,25.962661167015312,600.0,444.3710788584444,1.7605673220095923,49.67124403792619,49.99999999999998,73.8399115439869,10.55,59.730932082731805,3492.5,2262.5,0.0,0.0,15090.021230590415,15292.379095470611,6.944444444444445,13.797567788312831,13.888888888888882,30500,True,"27/29 °C and 1000/1200 ppm are illustrative experiment targets, not universal regulatory limits.",False
45,50,8,0.02,baseline,30.014623300641745,29.038778481924847,25.962661167015312,600.0,444.3710788584444,1.7605673220095923,49.67124403792619,49.99999999999998,73.8399115439869,10.55,59.730932082731805,3492.5,2262.5,0.0,0.0,15090.021230590415,15292.379095470611,6.944444444444445,13.797567788312831,13.888888888888882,30500,True,"27/29 °C and 1000/1200 ppm are illustrative experiment targets, not universal regulatory limits.",False
45,50,8,0.04,baseline,30.014623300641745,29.038778481924847,25.962661167015312,600.0,444.3710788584444,1.7605673220095923,49.67124403792619,49.99999999999998,73.8399115439869,10.55,59.730932082731805,3492.5,2262.5,0.0,0.0,15090.021230590415,15292.379095470611,6.944444444444445,13.797567788312831,13.888888888888882,30500,True,"27/29 °C and 1000/1200 ppm are illustrative experiment targets, not universal regulatory limits.",False
45,50,8,0.06,baseline,30.014623300641745,29.038778481924847,25.962661167015312,600.0,444.3710788584444,1.7605673220095923,49.67124403792619,49.99999999999998,73.8399115439869,10.55,59.730932082731805,3492.5,2262.5,0.0,0.0,15090.021230590415,15292.379095470611,6.944444444444445,13.797567788312831,13.888888888888882,30500,True,"27/29 °C and 1000/1200 ppm are illustrative experiment targets, not universal regulatory limits.",False
45,50,8,0.08,baseline,30.014623300641745,29.038778481924847,25.962661167015312,600.0,444.3710788584444,1.7605673220095923,49.67124403792619,49.99999999999998,73.8399115439869,10.55,59.730932082731805,3492.5,2262.5,0.0,0.0,15090.021230590415,15292.379095470611,6.944444444444445,13.797567788312831,13.888888888888882,30500,True,"27/29 °C and 1000/1200 ppm are illustrative experiment targets, not universal regulatory limits.",False
45,60,0,0.0,baseline,29.976792685428507,28.98727207806455,25.95694714417715,600.0,446.35824162588494,1.8027135228912812,44.83294770935838,44.99999999999998,54.18873213135319,10.55,59.730932082731805,3492.5,2122.5,0.0,0.0,15091.847434775818,15292.379095470611,6.944444444444445,12.45359658593288,12.499999999999993,31424,True,"27/29 °C and 1000/1200 ppm are illustrative experiment targets, not universal regulatory limits.",False
45,60,0,0.02,baseline,29.976792685428507,28.98727207806455,25.95694714417715,600.0,446.35824162588494,1.8027135228912812,44.83294770935838,44.99999999999998,54.18873213135319,10.55,59.730932082731805,3492.5,2122.5,0.0,0.0,15091.847434775818,15292.379095470611,6.944444444444445,12.45359658593288,12.499999999999993,31424,True,"27/29 °C and 1000/1200 ppm are illustrative experiment targets, not universal regulatory limits.",False
45,60,0,0.04,baseline,29.976792685428507,28.98727207806455,25.95694714417715,600.0,446.35824162588494,1.8027135228912812,44.83294770935838,44.99999999999998,54.18873213135319,10.55,59.730932082731805,3492.5,2122.5,0.0,0.0,15091.847434775818,15292.379095470611,6.944444444444445,12.45359658593288,12.499999999999993,31424,True,"27/29 °C and 1000/1200 ppm are illustrative experiment targets, not universal regulatory limits.",False
45,60,0,0.06,baseline,29.976792685428507,28.98727207806455,25.95694714417715,600.0,446.35824162588494,1.8027135228912812,44.83294770935838,44.99999999999998,54.18873213135319,10.55,59.730932082731805,3492.5,2122.5,0.0,0.0,15091.847434775818,15292.379095470611,6.944444444444445,12.45359658593288,12.499999999999993,31424,True,"27/29 °C and 1000/1200 ppm are illustrative experiment targets, not universal regulatory limits.",False
45,60,0,0.08,baseline,29.976792685428507,28.98727207806455,25.95694714417715,600.0,446.35824162588494,1.8027135228912812,44.83294770935838,44.99999999999998,54.18873213135319,10.55,59.730932082731805,3492.5,2122.5,0.0,0.0,15091.847434775818,15292.379095470611,6.944444444444445,12.45359658593288,12.499999999999993,31424,True,"27/29 °C and 1000/1200 ppm are illustrative experiment targets, not universal regulatory limits.",False
45,60,2,0.0,baseline,30.015575628511215,29.030908153106317,25.96183375199007,600.0,444.6903135899417,1.7591088260960532,49.8523204563055,51.8662161676249,74.81819654741044,10.55,59.730932082731805,3492.5,2272.5,0.0,0.0,15089.938343742402,15292.379095470611,6.944444444444445,13.847866793418195,14.407282268784693,30608,True,"27/29 °C and 1000/1200 ppm are illustrative experiment targets, not universal regulatory limits.",False
45,60,2,0.02,baseline,30.015575628511215,29.030908153106317,25.96183375199007,600.0,444.6903135899417,1.7591088260960532,49.8523204563055,51.8662161676249,74.81819654741044,10.55,59.730932082731805,3492.5,2272.5,0.0,0.0,15089.938343742402,15292.379095470611,6.944444444444445,13.847866793418195,14.407282268784693,30608,True,"27/29 °C and 1000/1200 ppm are illustrative experiment targets, not universal regulatory limits.",False
45,60,2,0.04,baseline,30.015575628511215,29.030908153106317,25.96183375199007,600.0,444.6903135899417,1.7591088260960532,49.8523204563055,51.8662161676249,74.81819654741044,10.55,59.730932082731805,3492.5,2272.5,0.0,0.0,15089.938343742402,15292.379095470611,6.944444444444445,13.847866793418195,14.407282268784693,30608,True,"27/29 °C and 1000/1200 ppm are illustrative experiment targets, not universal regulatory limits.",False
45,60,2,0.06,baseline,30.015575628511215,29.030908153106317,25.96183375199007,600.0,444.6903135899417,1.7591088260960532,49.8523204563055,51.8662161676249,74.81819654741044,10.55,59.730932082731805,3492.5,2272.5,0.0,0.0,15089.938343742402,15292.379095470611,6.944444444444445,13.847866793418195,14.407282268784693,30608,True,"27/29 °C and 1000/1200 ppm are illustrative experiment targets, not universal regulatory limits.",False
45,60,2,0.08,baseline,30.015575628511215,29.030908153106317,25.96183375199007,600.0,444.6903135899417,1.7591088260960532,49.8523204563055,51.8662161676249,74.81819654741044,10.55,59.730932082731805,3492.5,2272.5,0.0,0.0,15089.938343742402,15292.379095470611,6.944444444444445,13.847866793418195,14.407282268784693,30608,True,"27/29 °C and 1000/1200 ppm are illustrative experiment targets, not universal regulatory limits.",False
45,60,4,0.0,baseline,30.052087243416963,29.07158736243866,25.966382791864305,600.0,443.25184708712874,1.7149666235345649,55.03352174075353,58.852962795784784,101.38527877173813,10.55,59.730932082731805,3492.5,2437.5,0.0,0.0,15088.15165530448,15292.379095470611,6.944444444444445,15.287089372431534,16.34804522105133,30002,True,"27/29 °C and 1000/1200 ppm are illustrative experiment targets, not universal regulatory limits.",False
45,60,4,0.02,baseline,30.052087243416963,29.07158736243866,25.966382791864305,600.0,443.25184708712874,1.7149666235345649,55.03352174075353,58.852962795784784,101.38527877173813,10.55,59.730932082731805,3492.5,2437.5,0.0,0.0,15088.15165530448,15292.379095470611,6.944444444444445,15.287089372431534,16.34804522105133,30002,True,"27/29 °C and 1000/1200 ppm are illustrative experiment targets, not universal regulatory limits.",False
45,60,4,0.04,baseline,30.052087243416963,29.07158736243866,25.966382791864305,600.0,443.25184708712874,1.7149666235345649,55.03352174075353,58.852962795784784,101.38527877173813,10.55,59.730932082731805,3492.5,2437.5,0.0,0.0,15088.15165530448,15292.379095470611,6.944444444444445,15.287089372431534,16.34804522105133,30002,True,"27/29 °C and 1000/1200 ppm are illustrative experiment targets, not universal regulatory limits.",False
45,60,4,0.06,baseline,30.052087243416963,29.07158736243866,25.966382791864305,600.0,443.25184708712874,1.7149666235345649,55.03352174075353,58.852962795784784,101.38527877173813,10.55,59.730932082731805,3492.5,2437.5,0.0,0.0,15088.15165530448,15292.379095470611,6.944444444444445,15.287089372431534,16.34804522105133,30002,True,"27/29 °C and 1000/1200 ppm are illustrative experiment targets, not universal regulatory limits.",False
45,60,4,0.08,baseline,30.052087243416963,29.07158736243866,25.966382791864305,600.0,443.25184708712874,1.7149666235345649,55.03352174075353,58.852962795784784,101.38527877173813,10.55,59.730932082731805,3492.5,2437.5,0.0,0.0,15088.15165530448,15292.379095470611,6.944444444444445,15.287089372431534,16.34804522105133,30002,True,"27/29 °C and 1000/1200 ppm are illustrative experiment targets, not universal regulatory limits.",False
45,60,6,0.0,baseline,30.07646223260275,29.102601909240132,25.96982836855051,600.0,442.34967074477976,1.6895383248338476,58.241818694447666,59.999999999999964,120.21548853268776,10.55,59.730932082731805,3492.5,2542.5,0.0,0.0,15086.936343963604,15292.379095470611,6.944444444444445,16.17828297067991,16.666666666666657,29276,True,"27/29 °C and 1000/1200 ppm are illustrative experiment targets, not universal regulatory limits.",False
45,60,6,0.02,baseline,30.07646223260275,29.102601909240132,25.96982836855051,600.0,442.34967074477976,1.6895383248338476,58.241818694447666,59.999999999999964,120.21548853268776,10.55,59.730932082731805,3492.5,2542.5,0.0,0.0,15086.936343963604,15292.379095470611,6.944444444444445,16.17828297067991,16.666666666666657,29276,True,"27/29 °C and 1000/1200 ppm are illustrative experiment targets, not universal regulatory limits.",False
45,60,6,0.04,baseline,30.07646223260275,29.102601909240132,25.96982836855051,600.0,442.34967074477976,1.6895383248338476,58.241818694447666,59.999999999999964,120.21548853268776,10.55,59.730932082731805,3492.5,2542.5,0.0,0.0,15086.936343963604,15292.379095470611,6.944444444444445,16.17828297067991,16.666666666666657,29276,True,"27/29 °C and 1000/1200 ppm are illustrative experiment targets, not universal regulatory limits.",False
45,60,6,0.06,baseline,30.07646223260275,29.102601909240132,25.96982836855051,600.0,442.34967074477976,1.6895383248338476,58.241818694447666,59.999999999999964,120.21548853268776,10.55,59.730932082731805,3492.5,2542.5,0.0,0.0,15086.936343963604,15292.379095470611,6.944444444444445,16.17828297067991,16.666666666666657,29276,True,"27/29 °C and 1000/1200 ppm are illustrative experiment targets, not universal regulatory limits.",False
45,60,6,0.08,baseline,30.07646223260275,29.102601909240132,25.96982836855051,600.0,442.34967074477976,1.6895383248338476,58.241818694447666,59.999999999999964,120.21548853268776,10.55,59.730932082731805,3492.5,2542.5,0.0,0.0,15086.936343963604,15292.379095470611,6.944444444444445,16.17828297067991,16.666666666666657,29276,True,"27/29 °C and 1000/1200 ppm are illustrative experiment targets, not universal regulatory limits.",False
45,60,8,0.0,baseline,30.0773030189967,29.11501108440717,25.971163429550245,600.0,441.9498201147274,1.6898863234964665,58.91999644408278,59.99999999999998,124.19482825948468,10.55,59.730932082731805,3492.5,2547.5,0.0,0.0,15086.896068085427,15292.379095470611,6.944444444444445,16.36666567891188,16.66666666666666,29198,True,"27/29 °C and 1000/1200 ppm are illustrative experiment targets, not universal regulatory limits.",False
45,60,8,0.02,baseline,30.0773030189967,29.11501108440717,25.971163429550245,600.0,441.9498201147274,1.6898863234964665,58.91999644408278,59.99999999999998,124.19482825948468,10.55,59.730932082731805,3492.5,2547.5,0.0,0.0,15086.896068085427,15292.379095470611,6.944444444444445,16.36666567891188,16.66666666666666,29198,True,"27/29 °C and 1000/1200 ppm are illustrative experiment targets, not universal regulatory limits.",False
45,60,8,0.04,baseline,30.0773030189967,29.11501108440717,25.971163429550245,600.0,441.9498201147274,1.6898863234964665,58.91999644408278,59.99999999999998,124.19482825948468,10.55,59.730932082731805,3492.5,2547.5,0.0,0.0,15086.896068085427,15292.379095470611,6.944444444444445,16.36666567891188,16.66666666666666,29198,True,"27/29 °C and 1000/1200 ppm are illustrative experiment targets, not universal regulatory limits.",False
45,60,8,0.06,baseline,30.0773030189967,29.11501108440717,25.971163429550245,600.0,441.9498201147274,1.6898863234964665,58.91999644408278,59.99999999999998,124.19482825948468,10.55,59.730932082731805,3492.5,2547.5,0.0,0.0,15086.896068085427,15292.379095470611,6.944444444444445,16.36666567891188,16.66666666666666,29198,True,"27/29 °C and 1000/1200 ppm are illustrative experiment targets, not universal regulatory limits.",False
45,60,8,0.08,baseline,30.0773030189967,29.11501108440717,25.971163429550245,600.0,441.9498201147274,1.6898863234964665,58.91999644408278,59.99999999999998,124.19482825948468,10.55,59.730932082731805,3492.5,2547.5,0.0,0.0,15086.896068085427,15292.379095470611,6.944444444444445,16.36666567891188,16.66666666666666,29198,True,"27/29 °C and 1000/1200 ppm are illustrative experiment targets, not universal regulatory limits.",False
45,70,0,0.0,baseline,29.976792685428507,28.98727207806455,25.95694714417715,600.0,446.35824162588494,1.8027135228912812,44.83294770935838,44.99999999999998,54.18873213135319,10.55,59.730932082731805,3492.5,2122.5,0.0,0.0,15091.847434775818,15292.379095470611,6.944444444444445,12.45359658593288,12.499999999999993,31424,True,"27/29 °C and 1000/1200 ppm are illustrative experiment targets, not universal regulatory limits.",False
45,70,0,0.02,baseline,29.976792685428507,28.98727207806455,25.95694714417715,600.0,446.35824162588494,1.8027135228912812,44.83294770935838,44.99999999999998,54.18873213135319,10.55,59.730932082731805,3492.5,2122.5,0.0,0.0,15091.847434775818,15292.379095470611,6.944444444444445,12.45359658593288,12.499999999999993,31424,True,"27/29 °C and 1000/1200 ppm are illustrative experiment targets, not universal regulatory limits.",False
45,70,0,0.04,baseline,29.976792685428507,28.98727207806455,25.95694714417715,600.0,446.35824162588494,1.8027135228912812,44.83294770935838,44.99999999999998,54.18873213135319,10.55,59.730932082731805,3492.5,2122.5,0.0,0.0,15091.847434775818,15292.379095470611,6.944444444444445,12.45359658593288,12.499999999999993,31424,True,"27/29 °C and 1000/1200 ppm are illustrative experiment targets, not universal regulatory limits.",False
45,70,0,0.06,baseline,29.976792685428507,28.98727207806455,25.95694714417715,600.0,446.35824162588494,1.8027135228912812,44.83294770935838,44.99999999999998,54.18873213135319,10.55,59.730932082731805,3492.5,2122.5,0.0,0.0,15091.847434775818,15292.379095470611,6.944444444444445,12.45359658593288,12.499999999999993,31424,True,"27/29 °C and 1000/1200 ppm are illustrative experiment targets, not universal regulatory limits.",False
45,70,0,0.08,baseline,29.976792685428507,28.98727207806455,25.95694714417715,600.0,446.35824162588494,1.8027135228912812,44.83294770935838,44.99999999999998,54.18873213135319,10.55,59.730932082731805,3492.5,2122.5,0.0,0.0,15091.847434775818,15292.379095470611,6.944444444444445,12.45359658593288,12.499999999999993,31424,True,"27/29 °C and 1000/1200 ppm are illustrative experiment targets, not universal regulatory limits.",False
45,70,2,0.0,baseline,30.015575628511215,29.030908153106317,25.96183375199007,600.0,444.6903135899417,1.7591088260960532,49.8523204563055,51.8662161676249,74.81819654741044,10.55,59.730932082731805,3492.5,2272.5,0.0,0.0,15089.938343742402,15292.379095470611,6.944444444444445,13.847866793418195,14.407282268784693,30608,True,"27/29 °C and 1000/1200 ppm are illustrative experiment targets, not universal regulatory limits.",False
45,70,2,0.02,baseline,30.015575628511215,29.030908153106317,25.96183375199007,600.0,444.6903135899417,1.7591088260960532,49.8523204563055,51.8662161676249,74.81819654741044,10.55,59.730932082731805,3492.5,2272.5,0.0,0.0,15089.938343742402,15292.379095470611,6.944444444444445,13.847866793418195,14.407282268784693,30608,True,"27/29 °C and 1000/1200 ppm are illustrative experiment targets, not universal regulatory limits.",False
45,70,2,0.04,baseline,30.015575628511215,29.030908153106317,25.96183375199007,600.0,444.6903135899417,1.7591088260960532,49.8523204563055,51.8662161676249,74.81819654741044,10.55,59.730932082731805,3492.5,2272.5,0.0,0.0,15089.938343742402,15292.379095470611,6.944444444444445,13.847866793418195,14.407282268784693,30608,True,"27/29 °C and 1000/1200 ppm are illustrative experiment targets, not universal regulatory limits.",False
45,70,2,0.06,baseline,30.015575628511215,29.030908153106317,25.96183375199007,600.0,444.6903135899417,1.7591088260960532,49.8523204563055,51.8662161676249,74.81819654741044,10.55,59.730932082731805,3492.5,2272.5,0.0,0.0,15089.938343742402,15292.379095470611,6.944444444444445,13.847866793418195,14.407282268784693,30608,True,"27/29 °C and 1000/1200 ppm are illustrative experiment targets, not universal regulatory limits.",False
45,70,2,0.08,baseline,30.015575628511215,29.030908153106317,25.96183375199007,600.0,444.6903135899417,1.7591088260960532,49.8523204563055,51.8662161676249,74.81819654741044,10.55,59.730932082731805,3492.5,2272.5,0.0,0.0,15089.938343742402,15292.379095470611,6.944444444444445,13.847866793418195,14.407282268784693,30608,True,"27/29 °C and 1000/1200 ppm are illustrative experiment targets, not universal regulatory limits.",False
45,70,4,0.0,baseline,30.052087243416963,29.07158736243866,25.966382791864305,600.0,443.25184708712874,1.7149666235345649,55.03352174075353,58.852962795784784,101.38527877173813,10.55,59.730932082731805,3492.5,2437.5,0.0,0.0,15088.15165530448,15292.379095470611,6.944444444444445,15.287089372431534,16.34804522105133,30002,True,"27/29 °C and 1000/1200 ppm are illustrative experiment targets, not universal regulatory limits.",False
45,70,4,0.02,baseline,30.052087243416963,29.07158736243866,25.966382791864305,600.0,443.25184708712874,1.7149666235345649,55.03352174075353,58.852962795784784,101.38527877173813,10.55,59.730932082731805,3492.5,2437.5,0.0,0.0,15088.15165530448,15292.379095470611,6.944444444444445,15.287089372431534,16.34804522105133,30002,True,"27/29 °C and 1000/1200 ppm are illustrative experiment targets, not universal regulatory limits.",False
45,70,4,0.04,baseline,30.052087243416963,29.07158736243866,25.966382791864305,600.0,443.25184708712874,1.7149666235345649,55.03352174075353,58.852962795784784,101.38527877173813,10.55,59.730932082731805,3492.5,2437.5,0.0,0.0,15088.15165530448,15292.379095470611,6.944444444444445,15.287089372431534,16.34804522105133,30002,True,"27/29 °C and 1000/1200 ppm are illustrative experiment targets, not universal regulatory limits.",False
45,70,4,0.06,baseline,30.052087243416963,29.07158736243866,25.966382791864305,600.0,443.25184708712874,1.7149666235345649,55.03352174075353,58.852962795784784,101.38527877173813,10.55,59.730932082731805,3492.5,2437.5,0.0,0.0,15088.15165530448,15292.379095470611,6.944444444444445,15.287089372431534,16.34804522105133,30002,True,"27/29 °C and 1000/1200 ppm are illustrative experiment targets, not universal regulatory limits.",False
45,70,4,0.08,baseline,30.052087243416963,29.07158736243866,25.966382791864305,600.0,443.25184708712874,1.7149666235345649,55.03352174075353,58.852962795784784,101.38527877173813,10.55,59.730932082731805,3492.5,2437.5,0.0,0.0,15088.15165530448,15292.379095470611,6.944444444444445,15.287089372431534,16.34804522105133,30002,True,"27/29 °C and 1000/1200 ppm are illustrative experiment targets, not universal regulatory limits.",False
45,70,6,0.0,baseline,30.083782403064333,29.109423842276318,25.970608750790177,600.0,442.0011738214135,1.6810773357428843,60.35965220331931,65.93681074226126,134.8724590468841,10.55,59.730932082731805,3492.5,2557.5,0.0,0.0,15086.572595907293,15292.379095470611,6.944444444444445,16.766570056477587,18.315780761739237,29210,True,"27/29 °C and 1000/1200 ppm are illustrative experiment targets, not universal regulatory limits.",False
45,70,6,0.02,baseline,30.083782403064333,29.109423842276318,25.970608750790177,600.0,442.0011738214135,1.6810773357428843,60.35965220331931,65.93681074226126,134.8724590468841,10.55,59.730932082731805,3492.5,2557.5,0.0,0.0,15086.572595907293,15292.379095470611,6.944444444444445,16.766570056477587,18.315780761739237,29210,True,"27/29 °C and 1000/1200 ppm are illustrative experiment targets, not universal regulatory limits.",False
45,70,6,0.04,baseline,30.083782403064333,29.109423842276318,25.970608750790177,600.0,442.0011738214135,1.6810773357428843,60.35965220331931,65.93681074226126,134.8724590468841,10.55,59.730932082731805,3492.5,2557.5,0.0,0.0,15086.572595907293,15292.379095470611,6.944444444444445,16.766570056477587,18.315780761739237,29210,True,"27/29 °C and 1000/1200 ppm are illustrative experiment targets, not universal regulatory limits.",False
45,70,6,0.06,baseline,30.083782403064333,29.109423842276318,25.970608750790177,600.0,442.0011738214135,1.6810773357428843,60.35965220331931,65.93681074226126,134.8724590468841,10.55,59.730932082731805,3492.5,2557.5,0.0,0.0,15086.572595907293,15292.379095470611,6.944444444444445,16.766570056477587,18.315780761739237,29210,True,"27/29 °C and 1000/1200 ppm are illustrative experiment targets, not universal regulatory limits.",False
45,70,6,0.08,baseline,30.083782403064333,29.109423842276318,25.970608750790177,600.0,442.0011738214135,1.6810773357428843,60.35965220331931,65.93681074226126,134.8724590468841,10.55,59.730932082731805,3492.5,2557.5,0.0,0.0,15086.572595907293,15292.379095470611,6.944444444444445,16.766570056477587,18.315780761739237,29210,True,"27/29 °C and 1000/1200 ppm are illustrative experiment targets, not universal regulatory limits.",False
45,70,8,0.0,baseline,30.111640178760183,29.144314904121607,25.974498578694465,600.0,440.9719609228665,1.6472676767298253,65.29443578423789,69.99919881415701,171.58839013998224,10.55,59.730932082731805,3492.5,2682.5,0.0,0.0,15085.183092342628,15292.379095470611,6.944444444444445,18.137343273399416,19.444221892821393,28106,True,"27/29 °C and 1000/1200 ppm are illustrative experiment targets, not universal regulatory limits.",False
45,70,8,0.02,baseline,30.111640178760183,29.144314904121607,25.974498578694465,600.0,440.9719609228665,1.6472676767298253,65.29443578423789,69.99919881415701,171.58839013998224,10.55,59.730932082731805,3492.5,2682.5,0.0,0.0,15085.183092342628,15292.379095470611,6.944444444444445,18.137343273399416,19.444221892821393,28106,True,"27/29 °C and 1000/1200 ppm are illustrative experiment targets, not universal regulatory limits.",False
45,70,8,0.04,baseline,30.111640178760183,29.144314904121607,25.974498578694465,600.0,440.9719609228665,1.6472676767298253,65.29443578423789,69.99919881415701,171.58839013998224,10.55,59.730932082731805,3492.5,2682.5,0.0,0.0,15085.183092342628,15292.379095470611,6.944444444444445,18.137343273399416,19.444221892821393,28106,True,"27/29 °C and 1000/1200 ppm are illustrative experiment targets, not universal regulatory limits.",False
45,70,8,0.06,baseline,30.111640178760183,29.144314904121607,25.974498578694465,600.0,440.9719609228665,1.6472676767298253,65.29443578423789,69.99919881415701,171.58839013998224,10.55,59.730932082731805,3492.5,2682.5,0.0,0.0,15085.183092342628,15292.379095470611,6.944444444444445,18.137343273399416,19.444221892821393,28106,True,"27/29 °C and 1000/1200 ppm are illustrative experiment targets, not universal regulatory limits.",False
45,70,8,0.08,baseline,30.111640178760183,29.144314904121607,25.974498578694465,600.0,440.9719609228665,1.6472676767298253,65.29443578423789,69.99919881415701,171.58839013998224,10.55,59.730932082731805,3492.5,2682.5,0.0,0.0,15085.183092342628,15292.379095470611,6.944444444444445,18.137343273399416,19.444221892821393,28106,True,"27/29 °C and 1000/1200 ppm are illustrative experiment targets, not universal regulatory limits.",False
45,80,0,0.0,baseline,29.976792685428507,28.98727207806455,25.95694714417715,600.0,446.35824162588494,1.8027135228912812,44.83294770935838,44.99999999999998,54.18873213135319,10.55,59.730932082731805,3492.5,2122.5,0.0,0.0,15091.847434775818,15292.379095470611,6.944444444444445,12.45359658593288,12.499999999999993,31424,True,"27/29 °C and 1000/1200 ppm are illustrative experiment targets, not universal regulatory limits.",False
45,80,0,0.02,baseline,29.976792685428507,28.98727207806455,25.95694714417715,600.0,446.35824162588494,1.8027135228912812,44.83294770935838,44.99999999999998,54.18873213135319,10.55,59.730932082731805,3492.5,2122.5,0.0,0.0,15091.847434775818,15292.379095470611,6.944444444444445,12.45359658593288,12.499999999999993,31424,True,"27/29 °C and 1000/1200 ppm are illustrative experiment targets, not universal regulatory limits.",False
45,80,0,0.04,baseline,29.976792685428507,28.98727207806455,25.95694714417715,600.0,446.35824162588494,1.8027135228912812,44.83294770935838,44.99999999999998,54.18873213135319,10.55,59.730932082731805,3492.5,2122.5,0.0,0.0,15091.847434775818,15292.379095470611,6.944444444444445,12.45359658593288,12.499999999999993,31424,True,"27/29 °C and 1000/1200 ppm are illustrative experiment targets, not universal regulatory limits.",False
45,80,0,0.06,baseline,29.976792685428507,28.98727207806455,25.95694714417715,600.0,446.35824162588494,1.8027135228912812,44.83294770935838,44.99999999999998,54.18873213135319,10.55,59.730932082731805,3492.5,2122.5,0.0,0.0,15091.847434775818,15292.379095470611,6.944444444444445,12.45359658593288,12.499999999999993,31424,True,"27/29 °C and 1000/1200 ppm are illustrative experiment targets, not universal regulatory limits.",False
45,80,0,0.08,baseline,29.976792685428507,28.98727207806455,25.95694714417715,600.0,446.35824162588494,1.8027135228912812,44.83294770935838,44.99999999999998,54.18873213135319,10.55,59.730932082731805,3492.5,2122.5,0.0,0.0,15091.847434775818,15292.379095470611,6.944444444444445,12.45359658593288,12.499999999999993,31424,True,"27/29 °C and 1000/1200 ppm are illustrative experiment targets, not universal regulatory limits.",False
45,80,2,0.0,baseline,30.015575628511215,29.030908153106317,25.96183375199007,600.0,444.6903135899417,1.7591088260960532,49.8523204563055,51.8662161676249,74.81819654741044,10.55,59.730932082731805,3492.5,2272.5,0.0,0.0,15089.938343742402,15292.379095470611,6.944444444444445,13.847866793418195,14.407282268784693,30608,True,"27/29 °C and 1000/1200 ppm are illustrative experiment targets, not universal regulatory limits.",False
45,80,2,0.02,baseline,30.015575628511215,29.030908153106317,25.96183375199007,600.0,444.6903135899417,1.7591088260960532,49.8523204563055,51.8662161676249,74.81819654741044,10.55,59.730932082731805,3492.5,2272.5,0.0,0.0,15089.938343742402,15292.379095470611,6.944444444444445,13.847866793418195,14.407282268784693,30608,True,"27/29 °C and 1000/1200 ppm are illustrative experiment targets, not universal regulatory limits.",False
45,80,2,0.04,baseline,30.015575628511215,29.030908153106317,25.96183375199007,600.0,444.6903135899417,1.7591088260960532,49.8523204563055,51.8662161676249,74.81819654741044,10.55,59.730932082731805,3492.5,2272.5,0.0,0.0,15089.938343742402,15292.379095470611,6.944444444444445,13.847866793418195,14.407282268784693,30608,True,"27/29 °C and 1000/1200 ppm are illustrative experiment targets, not universal regulatory limits.",False
45,80,2,0.06,baseline,30.015575628511215,29.030908153106317,25.96183375199007,600.0,444.6903135899417,1.7591088260960532,49.8523204563055,51.8662161676249,74.81819654741044,10.55,59.730932082731805,3492.5,2272.5,0.0,0.0,15089.938343742402,15292.379095470611,6.944444444444445,13.847866793418195,14.407282268784693,30608,True,"27/29 °C and 1000/1200 ppm are illustrative experiment targets, not universal regulatory limits.",False
45,80,2,0.08,baseline,30.015575628511215,29.030908153106317,25.96183375199007,600.0,444.6903135899417,1.7591088260960532,49.8523204563055,51.8662161676249,74.81819654741044,10.55,59.730932082731805,3492.5,2272.5,0.0,0.0,15089.938343742402,15292.379095470611,6.944444444444445,13.847866793418195,14.407282268784693,30608,True,"27/29 °C and 1000/1200 ppm are illustrative experiment targets, not universal regulatory limits.",False
45,80,4,0.0,baseline,30.052087243416963,29.07158736243866,25.966382791864305,600.0,443.25184708712874,1.7149666235345649,55.03352174075353,58.852962795784784,101.38527877173813,10.55,59.730932082731805,3492.5,2437.5,0.0,0.0,15088.15165530448,15292.379095470611,6.944444444444445,15.287089372431534,16.34804522105133,30002,True,"27/29 °C and 1000/1200 ppm are illustrative experiment targets, not universal regulatory limits.",False
45,80,4,0.02,baseline,30.052087243416963,29.07158736243866,25.966382791864305,600.0,443.25184708712874,1.7149666235345649,55.03352174075353,58.852962795784784,101.38527877173813,10.55,59.730932082731805,3492.5,2437.5,0.0,0.0,15088.15165530448,15292.379095470611,6.944444444444445,15.287089372431534,16.34804522105133,30002,True,"27/29 °C and 1000/1200 ppm are illustrative experiment targets, not universal regulatory limits.",False
45,80,4,0.04,baseline,30.052087243416963,29.07158736243866,25.966382791864305,600.0,443.25184708712874,1.7149666235345649,55.03352174075353,58.852962795784784,101.38527877173813,10.55,59.730932082731805,3492.5,2437.5,0.0,0.0,15088.15165530448,15292.379095470611,6.944444444444445,15.287089372431534,16.34804522105133,30002,True,"27/29 °C and 1000/1200 ppm are illustrative experiment targets, not universal regulatory limits.",False
45,80,4,0.06,baseline,30.052087243416963,29.07158736243866,25.966382791864305,600.0,443.25184708712874,1.7149666235345649,55.03352174075353,58.852962795784784,101.38527877173813,10.55,59.730932082731805,3492.5,2437.5,0.0,0.0,15088.15165530448,15292.379095470611,6.944444444444445,15.287089372431534,16.34804522105133,30002,True,"27/29 °C and 1000/1200 ppm are illustrative experiment targets, not universal regulatory limits.",False
45,80,4,0.08,baseline,30.052087243416963,29.07158736243866,25.966382791864305,600.0,443.25184708712874,1.7149666235345649,55.03352174075353,58.852962795784784,101.38527877173813,10.55,59.730932082731805,3492.5,2437.5,0.0,0.0,15088.15165530448,15292.379095470611,6.944444444444445,15.287089372431534,16.34804522105133,30002,True,"27/29 °C and 1000/1200 ppm are illustrative experiment targets, not universal regulatory limits.",False
45,80,6,0.0,baseline,30.083782403064333,29.109423842276318,25.970608750790177,600.0,442.0011738214135,1.6810773357428843,60.35965220331931,65.93681074226126,134.8724590468841,10.55,59.730932082731805,3492.5,2557.5,0.0,0.0,15086.572595907293,15292.379095470611,6.944444444444445,16.766570056477587,18.315780761739237,29210,True,"27/29 °C and 1000/1200 ppm are illustrative experiment targets, not universal regulatory limits.",False
45,80,6,0.02,baseline,30.083782403064333,29.109423842276318,25.970608750790177,600.0,442.0011738214135,1.6810773357428843,60.35965220331931,65.93681074226126,134.8724590468841,10.55,59.730932082731805,3492.5,2557.5,0.0,0.0,15086.572595907293,15292.379095470611,6.944444444444445,16.766570056477587,18.315780761739237,29210,True,"27/29 °C and 1000/1200 ppm are illustrative experiment targets, not universal regulatory limits.",False
45,80,6,0.04,baseline,30.083782403064333,29.109423842276318,25.970608750790177,600.0,442.0011738214135,1.6810773357428843,60.35965220331931,65.93681074226126,134.8724590468841,10.55,59.730932082731805,3492.5,2557.5,0.0,0.0,15086.572595907293,15292.379095470611,6.944444444444445,16.766570056477587,18.315780761739237,29210,True,"27/29 °C and 1000/1200 ppm are illustrative experiment targets, not universal regulatory limits.",False
45,80,6,0.06,baseline,30.083782403064333,29.109423842276318,25.970608750790177,600.0,442.0011738214135,1.6810773357428843,60.35965220331931,65.93681074226126,134.8724590468841,10.55,59.730932082731805,3492.5,2557.5,0.0,0.0,15086.572595907293,15292.379095470611,6.944444444444445,16.766570056477587,18.315780761739237,29210,True,"27/29 °C and 1000/1200 ppm are illustrative experiment targets, not universal regulatory limits.",False
45,80,6,0.08,baseline,30.083782403064333,29.109423842276318,25.970608750790177,600.0,442.0011738214135,1.6810773357428843,60.35965220331931,65.93681074226126,134.8724590468841,10.55,59.730932082731805,3492.5,2557.5,0.0,0.0,15086.572595907293,15292.379095470611,6.944444444444445,16.766570056477587,18.315780761739237,29210,True,"27/29 °C and 1000/1200 ppm are illustrative experiment targets, not universal regulatory limits.",False
45,80,8,0.0,baseline,30.111549458826005,29.144882088503962,25.974563794098003,600.0,440.9030586112674,1.6472514656779822,65.81746933744674,73.09961747917276,176.31678473618834,10.55,59.730932082731805,3492.5,2682.5,0.0,0.0,15085.192534263468,15292.379095470611,6.944444444444445,18.28263037151298,20.305449299770213,28670,True,"27/29 °C and 1000/1200 ppm are illustrative experiment targets, not universal regulatory limits.",False
45,80,8,0.02,baseline,30.111549458826005,29.144882088503962,25.974563794098003,600.0,440.9030586112674,1.6472514656779822,65.81746933744674,73.09961747917276,176.31678473618834,10.55,59.730932082731805,3492.5,2682.5,0.0,0.0,15085.192534263468,15292.379095470611,6.944444444444445,18.28263037151298,20.305449299770213,28670,True,"27/29 °C and 1000/1200 ppm are illustrative experiment targets, not universal regulatory limits.",False
45,80,8,0.04,baseline,30.111549458826005,29.144882088503962,25.974563794098003,600.0,440.9030586112674,1.6472514656779822,65.81746933744674,73.09961747917276,176.31678473618834,10.55,59.730932082731805,3492.5,2682.5,0.0,0.0,15085.192534263468,15292.379095470611,6.944444444444445,18.28263037151298,20.305449299770213,28670,True,"27/29 °C and 1000/1200 ppm are illustrative experiment targets, not universal regulatory limits.",False
45,80,8,0.06,baseline,30.111549458826005,29.144882088503962,25.974563794098003,600.0,440.9030586112674,1.6472514656779822,65.81746933744674,73.09961747917276,176.31678473618834,10.55,59.730932082731805,3492.5,2682.5,0.0,0.0,15085.192534263468,15292.379095470611,6.944444444444445,18.28263037151298,20.305449299770213,28670,True,"27/29 °C and 1000/1200 ppm are illustrative experiment targets, not universal regulatory limits.",False
45,80,8,0.08,baseline,30.111549458826005,29.144882088503962,25.974563794098003,600.0,440.9030586112674,1.6472514656779822,65.81746933744674,73.09961747917276,176.31678473618834,10.55,59.730932082731805,3492.5,2682.5,0.0,0.0,15085.192534263468,15292.379095470611,6.944444444444445,18.28263037151298,20.305449299770213,28670,True,"27/29 °C and 1000/1200 ppm are illustrative experiment targets, not universal regulatory limits.",False
45,90,0,0.0,baseline,29.976792685428507,28.98727207806455,25.95694714417715,600.0,446.35824162588494,1.8027135228912812,44.83294770935838,44.99999999999998,54.18873213135319,10.55,59.730932082731805,3492.5,2122.5,0.0,0.0,15091.847434775818,15292.379095470611,6.944444444444445,12.45359658593288,12.499999999999993,31424,True,"27/29 °C and 1000/1200 ppm are illustrative experiment targets, not universal regulatory limits.",False
45,90,0,0.02,baseline,29.976792685428507,28.98727207806455,25.95694714417715,600.0,446.35824162588494,1.8027135228912812,44.83294770935838,44.99999999999998,54.18873213135319,10.55,59.730932082731805,3492.5,2122.5,0.0,0.0,15091.847434775818,15292.379095470611,6.944444444444445,12.45359658593288,12.499999999999993,31424,True,"27/29 °C and 1000/1200 ppm are illustrative experiment targets, not universal regulatory limits.",False
45,90,0,0.04,baseline,29.976792685428507,28.98727207806455,25.95694714417715,600.0,446.35824162588494,1.8027135228912812,44.83294770935838,44.99999999999998,54.18873213135319,10.55,59.730932082731805,3492.5,2122.5,0.0,0.0,15091.847434775818,15292.379095470611,6.944444444444445,12.45359658593288,12.499999999999993,31424,True,"27/29 °C and 1000/1200 ppm are illustrative experiment targets, not universal regulatory limits.",False
45,90,0,0.06,baseline,29.976792685428507,28.98727207806455,25.95694714417715,600.0,446.35824162588494,1.8027135228912812,44.83294770935838,44.99999999999998,54.18873213135319,10.55,59.730932082731805,3492.5,2122.5,0.0,0.0,15091.847434775818,15292.379095470611,6.944444444444445,12.45359658593288,12.499999999999993,31424,True,"27/29 °C and 1000/1200 ppm are illustrative experiment targets, not universal regulatory limits.",False
45,90,0,0.08,baseline,29.976792685428507,28.98727207806455,25.95694714417715,600.0,446.35824162588494,1.8027135228912812,44.83294770935838,44.99999999999998,54.18873213135319,10.55,59.730932082731805,3492.5,2122.5,0.0,0.0,15091.847434775818,15292.379095470611,6.944444444444445,12.45359658593288,12.499999999999993,31424,True,"27/29 °C and 1000/1200 ppm are illustrative experiment targets, not universal regulatory limits.",False
45,90,2,0.0,baseline,30.015575628511215,29.030908153106317,25.96183375199007,600.0,444.6903135899417,1.7591088260960532,49.8523204563055,51.8662161676249,74.81819654741044,10.55,59.730932082731805,3492.5,2272.5,0.0,0.0,15089.938343742402,15292.379095470611,6.944444444444445,13.847866793418195,14.407282268784693,30608,True,"27/29 °C and 1000/1200 ppm are illustrative experiment targets, not universal regulatory limits.",False
45,90,2,0.02,baseline,30.015575628511215,29.030908153106317,25.96183375199007,600.0,444.6903135899417,1.7591088260960532,49.8523204563055,51.8662161676249,74.81819654741044,10.55,59.730932082731805,3492.5,2272.5,0.0,0.0,15089.938343742402,15292.379095470611,6.944444444444445,13.847866793418195,14.407282268784693,30608,True,"27/29 °C and 1000/1200 ppm are illustrative experiment targets, not universal regulatory limits.",False
45,90,2,0.04,baseline,30.015575628511215,29.030908153106317,25.96183375199007,600.0,444.6903135899417,1.7591088260960532,49.8523204563055,51.8662161676249,74.81819654741044,10.55,59.730932082731805,3492.5,2272.5,0.0,0.0,15089.938343742402,15292.379095470611,6.944444444444445,13.847866793418195,14.407282268784693,30608,True,"27/29 °C and 1000/1200 ppm are illustrative experiment targets, not universal regulatory limits.",False
45,90,2,0.06,baseline,30.015575628511215,29.030908153106317,25.96183375199007,600.0,444.6903135899417,1.7591088260960532,49.8523204563055,51.8662161676249,74.81819654741044,10.55,59.730932082731805,3492.5,2272.5,0.0,0.0,15089.938343742402,15292.379095470611,6.944444444444445,13.847866793418195,14.407282268784693,30608,True,"27/29 °C and 1000/1200 ppm are illustrative experiment targets, not universal regulatory limits.",False
45,90,2,0.08,baseline,30.015575628511215,29.030908153106317,25.96183375199007,600.0,444.6903135899417,1.7591088260960532,49.8523204563055,51.8662161676249,74.81819654741044,10.55,59.730932082731805,3492.5,2272.5,0.0,0.0,15089.938343742402,15292.379095470611,6.944444444444445,13.847866793418195,14.407282268784693,30608,True,"27/29 °C and 1000/1200 ppm are illustrative experiment targets, not universal regulatory limits.",False
45,90,4,0.0,baseline,30.052087243416963,29.07158736243866,25.966382791864305,600.0,443.25184708712874,1.7149666235345649,55.03352174075353,58.852962795784784,101.38527877173813,10.55,59.730932082731805,3492.5,2437.5,0.0,0.0,15088.15165530448,15292.379095470611,6.944444444444445,15.287089372431534,16.34804522105133,30002,True,"27/29 °C and 1000/1200 ppm are illustrative experiment targets, not universal regulatory limits.",False
45,90,4,0.02,baseline,30.052087243416963,29.07158736243866,25.966382791864305,600.0,443.25184708712874,1.7149666235345649,55.03352174075353,58.852962795784784,101.38527877173813,10.55,59.730932082731805,3492.5,2437.5,0.0,0.0,15088.15165530448,15292.379095470611,6.944444444444445,15.287089372431534,16.34804522105133,30002,True,"27/29 °C and 1000/1200 ppm are illustrative experiment targets, not universal regulatory limits.",False
45,90,4,0.04,baseline,30.052087243416963,29.07158736243866,25.966382791864305,600.0,443.25184708712874,1.7149666235345649,55.03352174075353,58.852962795784784,101.38527877173813,10.55,59.730932082731805,3492.5,2437.5,0.0,0.0,15088.15165530448,15292.379095470611,6.944444444444445,15.287089372431534,16.34804522105133,30002,True,"27/29 °C and 1000/1200 ppm are illustrative experiment targets, not universal regulatory limits.",False
45,90,4,0.06,baseline,30.052087243416963,29.07158736243866,25.966382791864305,600.0,443.25184708712874,1.7149666235345649,55.03352174075353,58.852962795784784,101.38527877173813,10.55,59.730932082731805,3492.5,2437.5,0.0,0.0,15088.15165530448,15292.379095470611,6.944444444444445,15.287089372431534,16.34804522105133,30002,True,"27/29 °C and 1000/1200 ppm are illustrative experiment targets, not universal regulatory limits.",False
45,90,4,0.08,baseline,30.052087243416963,29.07158736243866,25.966382791864305,600.0,443.25184708712874,1.7149666235345649,55.03352174075353,58.852962795784784,101.38527877173813,10.55,59.730932082731805,3492.5,2437.5,0.0,0.0,15088.15165530448,15292.379095470611,6.944444444444445,15.287089372431534,16.34804522105133,30002,True,"27/29 °C and 1000/1200 ppm are illustrative experiment targets, not universal regulatory limits.",False
45,90,6,0.0,baseline,30.083782403064333,29.109423842276318,25.970608750790177,600.0,442.0011738214135,1.6810773357428843,60.35965220331931,65.93681074226126,134.8724590468841,10.55,59.730932082731805,3492.5,2557.5,0.0,0.0,15086.572595907293,15292.379095470611,6.944444444444445,16.766570056477587,18.315780761739237,29210,True,"27/29 °C and 1000/1200 ppm are illustrative experiment targets, not universal regulatory limits.",False
45,90,6,0.02,baseline,30.083782403064333,29.109423842276318,25.970608750790177,600.0,442.0011738214135,1.6810773357428843,60.35965220331931,65.93681074226126,134.8724590468841,10.55,59.730932082731805,3492.5,2557.5,0.0,0.0,15086.572595907293,15292.379095470611,6.944444444444445,16.766570056477587,18.315780761739237,29210,True,"27/29 °C and 1000/1200 ppm are illustrative experiment targets, not universal regulatory limits.",False
45,90,6,0.04,baseline,30.083782403064333,29.109423842276318,25.970608750790177,600.0,442.0011738214135,1.6810773357428843,60.35965220331931,65.93681074226126,134.8724590468841,10.55,59.730932082731805,3492.5,2557.5,0.0,0.0,15086.572595907293,15292.379095470611,6.944444444444445,16.766570056477587,18.315780761739237,29210,True,"27/29 °C and 1000/1200 ppm are illustrative experiment targets, not universal regulatory limits.",False
45,90,6,0.06,baseline,30.083782403064333,29.109423842276318,25.970608750790177,600.0,442.0011738214135,1.6810773357428843,60.35965220331931,65.93681074226126,134.8724590468841,10.55,59.730932082731805,3492.5,2557.5,0.0,0.0,15086.572595907293,15292.379095470611,6.944444444444445,16.766570056477587,18.315780761739237,29210,True,"27/29 °C and 1000/1200 ppm are illustrative experiment targets, not universal regulatory limits.",False
45,90,6,0.08,baseline,30.083782403064333,29.109423842276318,25.970608750790177,600.0,442.0011738214135,1.6810773357428843,60.35965220331931,65.93681074226126,134.8724590468841,10.55,59.730932082731805,3492.5,2557.5,0.0,0.0,15086.572595907293,15292.379095470611,6.944444444444445,16.766570056477587,18.315780761739237,29210,True,"27/29 °C and 1000/1200 ppm are illustrative experiment targets, not universal regulatory limits.",False
45,90,8,0.0,baseline,30.111549458826005,29.144882088503962,25.974563794098003,600.0,440.9030586112674,1.6472514656779822,65.81746933744674,73.09961747917276,176.31678473618834,10.55,59.730932082731805,3492.5,2682.5,0.0,0.0,15085.192534263468,15292.379095470611,6.944444444444445,18.28263037151298,20.305449299770213,28670,True,"27/29 °C and 1000/1200 ppm are illustrative experiment targets, not universal regulatory limits.",False
45,90,8,0.02,baseline,30.111549458826005,29.144882088503962,25.974563794098003,600.0,440.9030586112674,1.6472514656779822,65.81746933744674,73.09961747917276,176.31678473618834,10.55,59.730932082731805,3492.5,2682.5,0.0,0.0,15085.192534263468,15292.379095470611,6.944444444444445,18.28263037151298,20.305449299770213,28670,True,"27/29 °C and 1000/1200 ppm are illustrative experiment targets, not universal regulatory limits.",False
45,90,8,0.04,baseline,30.111549458826005,29.144882088503962,25.974563794098003,600.0,440.9030586112674,1.6472514656779822,65.81746933744674,73.09961747917276,176.31678473618834,10.55,59.730932082731805,3492.5,2682.5,0.0,0.0,15085.192534263468,15292.379095470611,6.944444444444445,18.28263037151298,20.305449299770213,28670,True,"27/29 °C and 1000/1200 ppm are illustrative experiment targets, not universal regulatory limits.",False
45,90,8,0.06,baseline,30.111549458826005,29.144882088503962,25.974563794098003,600.0,440.9030586112674,1.6472514656779822,65.81746933744674,73.09961747917276,176.31678473618834,10.55,59.730932082731805,3492.5,2682.5,0.0,0.0,15085.192534263468,15292.379095470611,6.944444444444445,18.28263037151298,20.305449299770213,28670,True,"27/29 °C and 1000/1200 ppm are illustrative experiment targets, not universal regulatory limits.",False
45,90,8,0.08,baseline,30.111549458826005,29.144882088503962,25.974563794098003,600.0,440.9030586112674,1.6472514656779822,65.81746933744674,73.09961747917276,176.31678473618834,10.55,59.730932082731805,3492.5,2682.5,0.0,0.0,15085.192534263468,15292.379095470611,6.944444444444445,18.28263037151298,20.305449299770213,28670,True,"27/29 °C and 1000/1200 ppm are illustrative experiment targets, not universal regulatory limits.",False
45,100,0,0.0,baseline,29.976792685428507,28.98727207806455,25.95694714417715,600.0,446.35824162588494,1.8027135228912812,44.83294770935838,44.99999999999998,54.18873213135319,10.55,59.730932082731805,3492.5,2122.5,0.0,0.0,15091.847434775818,15292.379095470611,6.944444444444445,12.45359658593288,12.499999999999993,31424,True,"27/29 °C and 1000/1200 ppm are illustrative experiment targets, not universal regulatory limits.",False
45,100,0,0.02,baseline,29.976792685428507,28.98727207806455,25.95694714417715,600.0,446.35824162588494,1.8027135228912812,44.83294770935838,44.99999999999998,54.18873213135319,10.55,59.730932082731805,3492.5,2122.5,0.0,0.0,15091.847434775818,15292.379095470611,6.944444444444445,12.45359658593288,12.499999999999993,31424,True,"27/29 °C and 1000/1200 ppm are illustrative experiment targets, not universal regulatory limits.",False
45,100,0,0.04,baseline,29.976792685428507,28.98727207806455,25.95694714417715,600.0,446.35824162588494,1.8027135228912812,44.83294770935838,44.99999999999998,54.18873213135319,10.55,59.730932082731805,3492.5,2122.5,0.0,0.0,15091.847434775818,15292.379095470611,6.944444444444445,12.45359658593288,12.499999999999993,31424,True,"27/29 °C and 1000/1200 ppm are illustrative experiment targets, not universal regulatory limits.",False
45,100,0,0.06,baseline,29.976792685428507,28.98727207806455,25.95694714417715,600.0,446.35824162588494,1.8027135228912812,44.83294770935838,44.99999999999998,54.18873213135319,10.55,59.730932082731805,3492.5,2122.5,0.0,0.0,15091.847434775818,15292.379095470611,6.944444444444445,12.45359658593288,12.499999999999993,31424,True,"27/29 °C and 1000/1200 ppm are illustrative experiment targets, not universal regulatory limits.",False
45,100,0,0.08,baseline,29.976792685428507,28.98727207806455,25.95694714417715,600.0,446.35824162588494,1.8027135228912812,44.83294770935838,44.99999999999998,54.18873213135319,10.55,59.730932082731805,3492.5,2122.5,0.0,0.0,15091.847434775818,15292.379095470611,6.944444444444445,12.45359658593288,12.499999999999993,31424,True,"27/29 °C and 1000/1200 ppm are illustrative experiment targets, not universal regulatory limits.",False
45,100,2,0.0,baseline,30.015575628511215,29.030908153106317,25.96183375199007,600.0,444.6903135899417,1.7591088260960532,49.8523204563055,51.8662161676249,74.81819654741044,10.55,59.730932082731805,3492.5,2272.5,0.0,0.0,15089.938343742402,15292.379095470611,6.944444444444445,13.847866793418195,14.407282268784693,30608,True,"27/29 °C and 1000/1200 ppm are illustrative experiment targets, not universal regulatory limits.",False
45,100,2,0.02,baseline,30.015575628511215,29.030908153106317,25.96183375199007,600.0,444.6903135899417,1.7591088260960532,49.8523204563055,51.8662161676249,74.81819654741044,10.55,59.730932082731805,3492.5,2272.5,0.0,0.0,15089.938343742402,15292.379095470611,6.944444444444445,13.847866793418195,14.407282268784693,30608,True,"27/29 °C and 1000/1200 ppm are illustrative experiment targets, not universal regulatory limits.",False
45,100,2,0.04,baseline,30.015575628511215,29.030908153106317,25.96183375199007,600.0,444.6903135899417,1.7591088260960532,49.8523204563055,51.8662161676249,74.81819654741044,10.55,59.730932082731805,3492.5,2272.5,0.0,0.0,15089.938343742402,15292.379095470611,6.944444444444445,13.847866793418195,14.407282268784693,30608,True,"27/29 °C and 1000/1200 ppm are illustrative experiment targets, not universal regulatory limits.",False
45,100,2,0.06,baseline,30.015575628511215,29.030908153106317,25.96183375199007,600.0,444.6903135899417,1.7591088260960532,49.8523204563055,51.8662161676249,74.81819654741044,10.55,59.730932082731805,3492.5,2272.5,0.0,0.0,15089.938343742402,15292.379095470611,6.944444444444445,13.847866793418195,14.407282268784693,30608,True,"27/29 °C and 1000/1200 ppm are illustrative experiment targets, not universal regulatory limits.",False
45,100,2,0.08,baseline,30.015575628511215,29.030908153106317,25.96183375199007,600.0,444.6903135899417,1.7591088260960532,49.8523204563055,51.8662161676249,74.81819654741044,10.55,59.730932082731805,3492.5,2272.5,0.0,0.0,15089.938343742402,15292.379095470611,6.944444444444445,13.847866793418195,14.407282268784693,30608,True,"27/29 °C and 1000/1200 ppm are illustrative experiment targets, not universal regulatory limits.",False
45,100,4,0.0,baseline,30.052087243416963,29.07158736243866,25.966382791864305,600.0,443.25184708712874,1.7149666235345649,55.03352174075353,58.852962795784784,101.38527877173813,10.55,59.730932082731805,3492.5,2437.5,0.0,0.0,15088.15165530448,15292.379095470611,6.944444444444445,15.287089372431534,16.34804522105133,30002,True,"27/29 °C and 1000/1200 ppm are illustrative experiment targets, not universal regulatory limits.",False
45,100,4,0.02,baseline,30.052087243416963,29.07158736243866,25.966382791864305,600.0,443.25184708712874,1.7149666235345649,55.03352174075353,58.852962795784784,101.38527877173813,10.55,59.730932082731805,3492.5,2437.5,0.0,0.0,15088.15165530448,15292.379095470611,6.944444444444445,15.287089372431534,16.34804522105133,30002,True,"27/29 °C and 1000/1200 ppm are illustrative experiment targets, not universal regulatory limits.",False
45,100,4,0.04,baseline,30.052087243416963,29.07158736243866,25.966382791864305,600.0,443.25184708712874,1.7149666235345649,55.03352174075353,58.852962795784784,101.38527877173813,10.55,59.730932082731805,3492.5,2437.5,0.0,0.0,15088.15165530448,15292.379095470611,6.944444444444445,15.287089372431534,16.34804522105133,30002,True,"27/29 °C and 1000/1200 ppm are illustrative experiment targets, not universal regulatory limits.",False
45,100,4,0.06,baseline,30.052087243416963,29.07158736243866,25.966382791864305,600.0,443.25184708712874,1.7149666235345649,55.03352174075353,58.852962795784784,101.38527877173813,10.55,59.730932082731805,3492.5,2437.5,0.0,0.0,15088.15165530448,15292.379095470611,6.944444444444445,15.287089372431534,16.34804522105133,30002,True,"27/29 °C and 1000/1200 ppm are illustrative experiment targets, not universal regulatory limits.",False
45,100,4,0.08,baseline,30.052087243416963,29.07158736243866,25.966382791864305,600.0,443.25184708712874,1.7149666235345649,55.03352174075353,58.852962795784784,101.38527877173813,10.55,59.730932082731805,3492.5,2437.5,0.0,0.0,15088.15165530448,15292.379095470611,6.944444444444445,15.287089372431534,16.34804522105133,30002,True,"27/29 °C and 1000/1200 ppm are illustrative experiment targets, not universal regulatory limits.",False
45,100,6,0.0,baseline,30.083782403064333,29.109423842276318,25.970608750790177,600.0,442.0011738214135,1.6810773357428843,60.35965220331931,65.93681074226126,134.8724590468841,10.55,59.730932082731805,3492.5,2557.5,0.0,0.0,15086.572595907293,15292.379095470611,6.944444444444445,16.766570056477587,18.315780761739237,29210,True,"27/29 °C and 1000/1200 ppm are illustrative experiment targets, not universal regulatory limits.",False
45,100,6,0.02,baseline,30.083782403064333,29.109423842276318,25.970608750790177,600.0,442.0011738214135,1.6810773357428843,60.35965220331931,65.93681074226126,134.8724590468841,10.55,59.730932082731805,3492.5,2557.5,0.0,0.0,15086.572595907293,15292.379095470611,6.944444444444445,16.766570056477587,18.315780761739237,29210,True,"27/29 °C and 1000/1200 ppm are illustrative experiment targets, not universal regulatory limits.",False
45,100,6,0.04,baseline,30.083782403064333,29.109423842276318,25.970608750790177,600.0,442.0011738214135,1.6810773357428843,60.35965220331931,65.93681074226126,134.8724590468841,10.55,59.730932082731805,3492.5,2557.5,0.0,0.0,15086.572595907293,15292.379095470611,6.944444444444445,16.766570056477587,18.315780761739237,29210,True,"27/29 °C and 1000/1200 ppm are illustrative experiment targets, not universal regulatory limits.",False
45,100,6,0.06,baseline,30.083782403064333,29.109423842276318,25.970608750790177,600.0,442.0011738214135,1.6810773357428843,60.35965220331931,65.93681074226126,134.8724590468841,10.55,59.730932082731805,3492.5,2557.5,0.0,0.0,15086.572595907293,15292.379095470611,6.944444444444445,16.766570056477587,18.315780761739237,29210,True,"27/29 °C and 1000/1200 ppm are illustrative experiment targets, not universal regulatory limits.",False
45,100,6,0.08,baseline,30.083782403064333,29.109423842276318,25.970608750790177,600.0,442.0011738214135,1.6810773357428843,60.35965220331931,65.93681074226126,134.8724590468841,10.55,59.730932082731805,3492.5,2557.5,0.0,0.0,15086.572595907293,15292.379095470611,6.944444444444445,16.766570056477587,18.315780761739237,29210,True,"27/29 °C and 1000/1200 ppm are illustrative experiment targets, not universal regulatory limits.",False
45,100,8,0.0,baseline,30.111549458826005,29.144882088503962,25.974563794098003,600.0,440.9030586112674,1.6472514656779822,65.81746933744674,73.09961747917276,176.31678473618834,10.55,59.730932082731805,3492.5,2682.5,0.0,0.0,15085.192534263468,15292.379095470611,6.944444444444445,18.28263037151298,20.305449299770213,28670,True,"27/29 °C and 1000/1200 ppm are illustrative experiment targets, not universal regulatory limits.",False
45,100,8,0.02,baseline,30.111549458826005,29.144882088503962,25.974563794098003,600.0,440.9030586112674,1.6472514656779822,65.81746933744674,73.09961747917276,176.31678473618834,10.55,59.730932082731805,3492.5,2682.5,0.0,0.0,15085.192534263468,15292.379095470611,6.944444444444445,18.28263037151298,20.305449299770213,28670,True,"27/29 °C and 1000/1200 ppm are illustrative experiment targets, not universal regulatory limits.",False
45,100,8,0.04,baseline,30.111549458826005,29.144882088503962,25.974563794098003,600.0,440.9030586112674,1.6472514656779822,65.81746933744674,73.09961747917276,176.31678473618834,10.55,59.730932082731805,3492.5,2682.5,0.0,0.0,15085.192534263468,15292.379095470611,6.944444444444445,18.28263037151298,20.305449299770213,28670,True,"27/29 °C and 1000/1200 ppm are illustrative experiment targets, not universal regulatory limits.",False
45,100,8,0.06,baseline,30.111549458826005,29.144882088503962,25.974563794098003,600.0,440.9030586112674,1.6472514656779822,65.81746933744674,73.09961747917276,176.31678473618834,10.55,59.730932082731805,3492.5,2682.5,0.0,0.0,15085.192534263468,15292.379095470611,6.944444444444445,18.28263037151298,20.305449299770213,28670,True,"27/29 °C and 1000/1200 ppm are illustrative experiment targets, not universal regulatory limits.",False
45,100,8,0.08,baseline,30.111549458826005,29.144882088503962,25.974563794098003,600.0,440.9030586112674,1.6472514656779822,65.81746933744674,73.09961747917276,176.31678473618834,10.55,59.730932082731805,3492.5,2682.5,0.0,0.0,15085.192534263468,15292.379095470611,6.944444444444445,18.28263037151298,20.305449299770213,28670,True,"27/29 °C and 1000/1200 ppm are illustrative experiment targets, not universal regulatory limits.",False
45,110,0,0.0,baseline,29.976792685428507,28.98727207806455,25.95694714417715,600.0,446.35824162588494,1.8027135228912812,44.83294770935838,44.99999999999998,54.18873213135319,10.55,59.730932082731805,3492.5,2122.5,0.0,0.0,15091.847434775818,15292.379095470611,6.944444444444445,12.45359658593288,12.499999999999993,31424,True,"27/29 °C and 1000/1200 ppm are illustrative experiment targets, not universal regulatory limits.",False
45,110,0,0.02,baseline,29.976792685428507,28.98727207806455,25.95694714417715,600.0,446.35824162588494,1.8027135228912812,44.83294770935838,44.99999999999998,54.18873213135319,10.55,59.730932082731805,3492.5,2122.5,0.0,0.0,15091.847434775818,15292.379095470611,6.944444444444445,12.45359658593288,12.499999999999993,31424,True,"27/29 °C and 1000/1200 ppm are illustrative experiment targets, not universal regulatory limits.",False
45,110,0,0.04,baseline,29.976792685428507,28.98727207806455,25.95694714417715,600.0,446.35824162588494,1.8027135228912812,44.83294770935838,44.99999999999998,54.18873213135319,10.55,59.730932082731805,3492.5,2122.5,0.0,0.0,15091.847434775818,15292.379095470611,6.944444444444445,12.45359658593288,12.499999999999993,31424,True,"27/29 °C and 1000/1200 ppm are illustrative experiment targets, not universal regulatory limits.",False
45,110,0,0.06,baseline,29.976792685428507,28.98727207806455,25.95694714417715,600.0,446.35824162588494,1.8027135228912812,44.83294770935838,44.99999999999998,54.18873213135319,10.55,59.730932082731805,3492.5,2122.5,0.0,0.0,15091.847434775818,15292.379095470611,6.944444444444445,12.45359658593288,12.499999999999993,31424,True,"27/29 °C and 1000/1200 ppm are illustrative experiment targets, not universal regulatory limits.",False
45,110,0,0.08,baseline,29.976792685428507,28.98727207806455,25.95694714417715,600.0,446.35824162588494,1.8027135228912812,44.83294770935838,44.99999999999998,54.18873213135319,10.55,59.730932082731805,3492.5,2122.5,0.0,0.0,15091.847434775818,15292.379095470611,6.944444444444445,12.45359658593288,12.499999999999993,31424,True,"27/29 °C and 1000/1200 ppm are illustrative experiment targets, not universal regulatory limits.",False
45,110,2,0.0,baseline,30.015575628511215,29.030908153106317,25.96183375199007,600.0,444.6903135899417,1.7591088260960532,49.8523204563055,51.8662161676249,74.81819654741044,10.55,59.730932082731805,3492.5,2272.5,0.0,0.0,15089.938343742402,15292.379095470611,6.944444444444445,13.847866793418195,14.407282268784693,30608,True,"27/29 °C and 1000/1200 ppm are illustrative experiment targets, not universal regulatory limits.",False
45,110,2,0.02,baseline,30.015575628511215,29.030908153106317,25.96183375199007,600.0,444.6903135899417,1.7591088260960532,49.8523204563055,51.8662161676249,74.81819654741044,10.55,59.730932082731805,3492.5,2272.5,0.0,0.0,15089.938343742402,15292.379095470611,6.944444444444445,13.847866793418195,14.407282268784693,30608,True,"27/29 °C and 1000/1200 ppm are illustrative experiment targets, not universal regulatory limits.",False
45,110,2,0.04,baseline,30.015575628511215,29.030908153106317,25.96183375199007,600.0,444.6903135899417,1.7591088260960532,49.8523204563055,51.8662161676249,74.81819654741044,10.55,59.730932082731805,3492.5,2272.5,0.0,0.0,15089.938343742402,15292.379095470611,6.944444444444445,13.847866793418195,14.407282268784693,30608,True,"27/29 °C and 1000/1200 ppm are illustrative experiment targets, not universal regulatory limits.",False
45,110,2,0.06,baseline,30.015575628511215,29.030908153106317,25.96183375199007,600.0,444.6903135899417,1.7591088260960532,49.8523204563055,51.8662161676249,74.81819654741044,10.55,59.730932082731805,3492.5,2272.5,0.0,0.0,15089.938343742402,15292.379095470611,6.944444444444445,13.847866793418195,14.407282268784693,30608,True,"27/29 °C and 1000/1200 ppm are illustrative experiment targets, not universal regulatory limits.",False
45,110,2,0.08,baseline,30.015575628511215,29.030908153106317,25.96183375199007,600.0,444.6903135899417,1.7591088260960532,49.8523204563055,51.8662161676249,74.81819654741044,10.55,59.730932082731805,3492.5,2272.5,0.0,0.0,15089.938343742402,15292.379095470611,6.944444444444445,13.847866793418195,14.407282268784693,30608,True,"27/29 °C and 1000/1200 ppm are illustrative experiment targets, not universal regulatory limits.",False
45,110,4,0.0,baseline,30.052087243416963,29.07158736243866,25.966382791864305,600.0,443.25184708712874,1.7149666235345649,55.03352174075353,58.852962795784784,101.38527877173813,10.55,59.730932082731805,3492.5,2437.5,0.0,0.0,15088.15165530448,15292.379095470611,6.944444444444445,15.287089372431534,16.34804522105133,30002,True,"27/29 °C and 1000/1200 ppm are illustrative experiment targets, not universal regulatory limits.",False
45,110,4,0.02,baseline,30.052087243416963,29.07158736243866,25.966382791864305,600.0,443.25184708712874,1.7149666235345649,55.03352174075353,58.852962795784784,101.38527877173813,10.55,59.730932082731805,3492.5,2437.5,0.0,0.0,15088.15165530448,15292.379095470611,6.944444444444445,15.287089372431534,16.34804522105133,30002,True,"27/29 °C and 1000/1200 ppm are illustrative experiment targets, not universal regulatory limits.",False
45,110,4,0.04,baseline,30.052087243416963,29.07158736243866,25.966382791864305,600.0,443.25184708712874,1.7149666235345649,55.03352174075353,58.852962795784784,101.38527877173813,10.55,59.730932082731805,3492.5,2437.5,0.0,0.0,15088.15165530448,15292.379095470611,6.944444444444445,15.287089372431534,16.34804522105133,30002,True,"27/29 °C and 1000/1200 ppm are illustrative experiment targets, not universal regulatory limits.",False
45,110,4,0.06,baseline,30.052087243416963,29.07158736243866,25.966382791864305,600.0,443.25184708712874,1.7149666235345649,55.03352174075353,58.852962795784784,101.38527877173813,10.55,59.730932082731805,3492.5,2437.5,0.0,0.0,15088.15165530448,15292.379095470611,6.944444444444445,15.287089372431534,16.34804522105133,30002,True,"27/29 °C and 1000/1200 ppm are illustrative experiment targets, not universal regulatory limits.",False
45,110,4,0.08,baseline,30.052087243416963,29.07158736243866,25.966382791864305,600.0,443.25184708712874,1.7149666235345649,55.03352174075353,58.852962795784784,101.38527877173813,10.55,59.730932082731805,3492.5,2437.5,0.0,0.0,15088.15165530448,15292.379095470611,6.944444444444445,15.287089372431534,16.34804522105133,30002,True,"27/29 °C and 1000/1200 ppm are illustrative experiment targets, not universal regulatory limits.",False
45,110,6,0.0,baseline,30.083782403064333,29.109423842276318,25.970608750790177,600.0,442.0011738214135,1.6810773357428843,60.35965220331931,65.93681074226126,134.8724590468841,10.55,59.730932082731805,3492.5,2557.5,0.0,0.0,15086.572595907293,15292.379095470611,6.944444444444445,16.766570056477587,18.315780761739237,29210,True,"27/29 °C and 1000/1200 ppm are illustrative experiment targets, not universal regulatory limits.",False
45,110,6,0.02,baseline,30.083782403064333,29.109423842276318,25.970608750790177,600.0,442.0011738214135,1.6810773357428843,60.35965220331931,65.93681074226126,134.8724590468841,10.55,59.730932082731805,3492.5,2557.5,0.0,0.0,15086.572595907293,15292.379095470611,6.944444444444445,16.766570056477587,18.315780761739237,29210,True,"27/29 °C and 1000/1200 ppm are illustrative experiment targets, not universal regulatory limits.",False
45,110,6,0.04,baseline,30.083782403064333,29.109423842276318,25.970608750790177,600.0,442.0011738214135,1.6810773357428843,60.35965220331931,65.93681074226126,134.8724590468841,10.55,59.730932082731805,3492.5,2557.5,0.0,0.0,15086.572595907293,15292.379095470611,6.944444444444445,16.766570056477587,18.315780761739237,29210,True,"27/29 °C and 1000/1200 ppm are illustrative experiment targets, not universal regulatory limits.",False
45,110,6,0.06,baseline,30.083782403064333,29.109423842276318,25.970608750790177,600.0,442.0011738214135,1.6810773357428843,60.35965220331931,65.93681074226126,134.8724590468841,10.55,59.730932082731805,3492.5,2557.5,0.0,0.0,15086.572595907293,15292.379095470611,6.944444444444445,16.766570056477587,18.315780761739237,29210,True,"27/29 °C and 1000/1200 ppm are illustrative experiment targets, not universal regulatory limits.",False
45,110,6,0.08,baseline,30.083782403064333,29.109423842276318,25.970608750790177,600.0,442.0011738214135,1.6810773357428843,60.35965220331931,65.93681074226126,134.8724590468841,10.55,59.730932082731805,3492.5,2557.5,0.0,0.0,15086.572595907293,15292.379095470611,6.944444444444445,16.766570056477587,18.315780761739237,29210,True,"27/29 °C and 1000/1200 ppm are illustrative experiment targets, not universal regulatory limits.",False
45,110,8,0.0,baseline,30.111549458826005,29.144882088503962,25.974563794098003,600.0,440.9030586112674,1.6472514656779822,65.81746933744674,73.09961747917276,176.31678473618834,10.55,59.730932082731805,3492.5,2682.5,0.0,0.0,15085.192534263468,15292.379095470611,6.944444444444445,18.28263037151298,20.305449299770213,28670,True,"27/29 °C and 1000/1200 ppm are illustrative experiment targets, not universal regulatory limits.",False
45,110,8,0.02,baseline,30.111549458826005,29.144882088503962,25.974563794098003,600.0,440.9030586112674,1.6472514656779822,65.81746933744674,73.09961747917276,176.31678473618834,10.55,59.730932082731805,3492.5,2682.5,0.0,0.0,15085.192534263468,15292.379095470611,6.944444444444445,18.28263037151298,20.305449299770213,28670,True,"27/29 °C and 1000/1200 ppm are illustrative experiment targets, not universal regulatory limits.",False
45,110,8,0.04,baseline,30.111549458826005,29.144882088503962,25.974563794098003,600.0,440.9030586112674,1.6472514656779822,65.81746933744674,73.09961747917276,176.31678473618834,10.55,59.730932082731805,3492.5,2682.5,0.0,0.0,15085.192534263468,15292.379095470611,6.944444444444445,18.28263037151298,20.305449299770213,28670,True,"27/29 °C and 1000/1200 ppm are illustrative experiment targets, not universal regulatory limits.",False
45,110,8,0.06,baseline,30.111549458826005,29.144882088503962,25.974563794098003,600.0,440.9030586112674,1.6472514656779822,65.81746933744674,73.09961747917276,176.31678473618834,10.55,59.730932082731805,3492.5,2682.5,0.0,0.0,15085.192534263468,15292.379095470611,6.944444444444445,18.28263037151298,20.305449299770213,28670,True,"27/29 °C and 1000/1200 ppm are illustrative experiment targets, not universal regulatory limits.",False
45,110,8,0.08,baseline,30.111549458826005,29.144882088503962,25.974563794098003,600.0,440.9030586112674,1.6472514656779822,65.81746933744674,73.09961747917276,176.31678473618834,10.55,59.730932082731805,3492.5,2682.5,0.0,0.0,15085.192534263468,15292.379095470611,6.944444444444445,18.28263037151298,20.305449299770213,28670,True,"27/29 °C and 1000/1200 ppm are illustrative experiment targets, not universal regulatory limits.",False
45,120,0,0.0,baseline,29.976792685428507,28.98727207806455,25.95694714417715,600.0,446.35824162588494,1.8027135228912812,44.83294770935838,44.99999999999998,54.18873213135319,10.55,59.730932082731805,3492.5,2122.5,0.0,0.0,15091.847434775818,15292.379095470611,6.944444444444445,12.45359658593288,12.499999999999993,31424,True,"27/29 °C and 1000/1200 ppm are illustrative experiment targets, not universal regulatory limits.",False
45,120,0,0.02,baseline,29.976792685428507,28.98727207806455,25.95694714417715,600.0,446.35824162588494,1.8027135228912812,44.83294770935838,44.99999999999998,54.18873213135319,10.55,59.730932082731805,3492.5,2122.5,0.0,0.0,15091.847434775818,15292.379095470611,6.944444444444445,12.45359658593288,12.499999999999993,31424,True,"27/29 °C and 1000/1200 ppm are illustrative experiment targets, not universal regulatory limits.",False
45,120,0,0.04,baseline,29.976792685428507,28.98727207806455,25.95694714417715,600.0,446.35824162588494,1.8027135228912812,44.83294770935838,44.99999999999998,54.18873213135319,10.55,59.730932082731805,3492.5,2122.5,0.0,0.0,15091.847434775818,15292.379095470611,6.944444444444445,12.45359658593288,12.499999999999993,31424,True,"27/29 °C and 1000/1200 ppm are illustrative experiment targets, not universal regulatory limits.",False
45,120,0,0.06,baseline,29.976792685428507,28.98727207806455,25.95694714417715,600.0,446.35824162588494,1.8027135228912812,44.83294770935838,44.99999999999998,54.18873213135319,10.55,59.730932082731805,3492.5,2122.5,0.0,0.0,15091.847434775818,15292.379095470611,6.944444444444445,12.45359658593288,12.499999999999993,31424,True,"27/29 °C and 1000/1200 ppm are illustrative experiment targets, not universal regulatory limits.",False
45,120,0,0.08,baseline,29.976792685428507,28.98727207806455,25.95694714417715,600.0,446.35824162588494,1.8027135228912812,44.83294770935838,44.99999999999998,54.18873213135319,10.55,59.730932082731805,3492.5,2122.5,0.0,0.0,15091.847434775818,15292.379095470611,6.944444444444445,12.45359658593288,12.499999999999993,31424,True,"27/29 °C and 1000/1200 ppm are illustrative experiment targets, not universal regulatory limits.",False
45,120,2,0.0,baseline,30.015575628511215,29.030908153106317,25.96183375199007,600.0,444.6903135899417,1.7591088260960532,49.8523204563055,51.8662161676249,74.81819654741044,10.55,59.730932082731805,3492.5,2272.5,0.0,0.0,15089.938343742402,15292.379095470611,6.944444444444445,13.847866793418195,14.407282268784693,30608,True,"27/29 °C and 1000/1200 ppm are illustrative experiment targets, not universal regulatory limits.",False
45,120,2,0.02,baseline,30.015575628511215,29.030908153106317,25.96183375199007,600.0,444.6903135899417,1.7591088260960532,49.8523204563055,51.8662161676249,74.81819654741044,10.55,59.730932082731805,3492.5,2272.5,0.0,0.0,15089.938343742402,15292.379095470611,6.944444444444445,13.847866793418195,14.407282268784693,30608,True,"27/29 °C and 1000/1200 ppm are illustrative experiment targets, not universal regulatory limits.",False
45,120,2,0.04,baseline,30.015575628511215,29.030908153106317,25.96183375199007,600.0,444.6903135899417,1.7591088260960532,49.8523204563055,51.8662161676249,74.81819654741044,10.55,59.730932082731805,3492.5,2272.5,0.0,0.0,15089.938343742402,15292.379095470611,6.944444444444445,13.847866793418195,14.407282268784693,30608,True,"27/29 °C and 1000/1200 ppm are illustrative experiment targets, not universal regulatory limits.",False
45,120,2,0.06,baseline,30.015575628511215,29.030908153106317,25.96183375199007,600.0,444.6903135899417,1.7591088260960532,49.8523204563055,51.8662161676249,74.81819654741044,10.55,59.730932082731805,3492.5,2272.5,0.0,0.0,15089.938343742402,15292.379095470611,6.944444444444445,13.847866793418195,14.407282268784693,30608,True,"27/29 °C and 1000/1200 ppm are illustrative experiment targets, not universal regulatory limits.",False
45,120,2,0.08,baseline,30.015575628511215,29.030908153106317,25.96183375199007,600.0,444.6903135899417,1.7591088260960532,49.8523204563055,51.8662161676249,74.81819654741044,10.55,59.730932082731805,3492.5,2272.5,0.0,0.0,15089.938343742402,15292.379095470611,6.944444444444445,13.847866793418195,14.407282268784693,30608,True,"27/29 °C and 1000/1200 ppm are illustrative experiment targets, not universal regulatory limits.",False
45,120,4,0.0,baseline,30.052087243416963,29.07158736243866,25.966382791864305,600.0,443.25184708712874,1.7149666235345649,55.03352174075353,58.852962795784784,101.38527877173813,10.55,59.730932082731805,3492.5,2437.5,0.0,0.0,15088.15165530448,15292.379095470611,6.944444444444445,15.287089372431534,16.34804522105133,30002,True,"27/29 °C and 1000/1200 ppm are illustrative experiment targets, not universal regulatory limits.",False
45,120,4,0.02,baseline,30.052087243416963,29.07158736243866,25.966382791864305,600.0,443.25184708712874,1.7149666235345649,55.03352174075353,58.852962795784784,101.38527877173813,10.55,59.730932082731805,3492.5,2437.5,0.0,0.0,15088.15165530448,15292.379095470611,6.944444444444445,15.287089372431534,16.34804522105133,30002,True,"27/29 °C and 1000/1200 ppm are illustrative experiment targets, not universal regulatory limits.",False
45,120,4,0.04,baseline,30.052087243416963,29.07158736243866,25.966382791864305,600.0,443.25184708712874,1.7149666235345649,55.03352174075353,58.852962795784784,101.38527877173813,10.55,59.730932082731805,3492.5,2437.5,0.0,0.0,15088.15165530448,15292.379095470611,6.944444444444445,15.287089372431534,16.34804522105133,30002,True,"27/29 °C and 1000/1200 ppm are illustrative experiment targets, not universal regulatory limits.",False
45,120,4,0.06,baseline,30.052087243416963,29.07158736243866,25.966382791864305,600.0,443.25184708712874,1.7149666235345649,55.03352174075353,58.852962795784784,101.38527877173813,10.55,59.730932082731805,3492.5,2437.5,0.0,0.0,15088.15165530448,15292.379095470611,6.944444444444445,15.287089372431534,16.34804522105133,30002,True,"27/29 °C and 1000/1200 ppm are illustrative experiment targets, not universal regulatory limits.",False
45,120,4,0.08,baseline,30.052087243416963,29.07158736243866,25.966382791864305,600.0,443.25184708712874,1.7149666235345649,55.03352174075353,58.852962795784784,101.38527877173813,10.55,59.730932082731805,3492.5,2437.5,0.0,0.0,15088.15165530448,15292.379095470611,6.944444444444445,15.287089372431534,16.34804522105133,30002,True,"27/29 °C and 1000/1200 ppm are illustrative experiment targets, not universal regulatory limits.",False
45,120,6,0.0,baseline,30.083782403064333,29.109423842276318,25.970608750790177,600.0,442.0011738214135,1.6810773357428843,60.35965220331931,65.93681074226126,134.8724590468841,10.55,59.730932082731805,3492.5,2557.5,0.0,0.0,15086.572595907293,15292.379095470611,6.944444444444445,16.766570056477587,18.315780761739237,29210,True,"27/29 °C and 1000/1200 ppm are illustrative experiment targets, not universal regulatory limits.",False
45,120,6,0.02,baseline,30.083782403064333,29.109423842276318,25.970608750790177,600.0,442.0011738214135,1.6810773357428843,60.35965220331931,65.93681074226126,134.8724590468841,10.55,59.730932082731805,3492.5,2557.5,0.0,0.0,15086.572595907293,15292.379095470611,6.944444444444445,16.766570056477587,18.315780761739237,29210,True,"27/29 °C and 1000/1200 ppm are illustrative experiment targets, not universal regulatory limits.",False
45,120,6,0.04,baseline,30.083782403064333,29.109423842276318,25.970608750790177,600.0,442.0011738214135,1.6810773357428843,60.35965220331931,65.93681074226126,134.8724590468841,10.55,59.730932082731805,3492.5,2557.5,0.0,0.0,15086.572595907293,15292.379095470611,6.944444444444445,16.766570056477587,18.315780761739237,29210,True,"27/29 °C and 1000/1200 ppm are illustrative experiment targets, not universal regulatory limits.",False
45,120,6,0.06,baseline,30.083782403064333,29.109423842276318,25.970608750790177,600.0,442.0011738214135,1.6810773357428843,60.35965220331931,65.93681074226126,134.8724590468841,10.55,59.730932082731805,3492.5,2557.5,0.0,0.0,15086.572595907293,15292.379095470611,6.944444444444445,16.766570056477587,18.315780761739237,29210,True,"27/29 °C and 1000/1200 ppm are illustrative experiment targets, not universal regulatory limits.",False
45,120,6,0.08,baseline,30.083782403064333,29.109423842276318,25.970608750790177,600.0,442.0011738214135,1.6810773357428843,60.35965220331931,65.93681074226126,134.8724590468841,10.55,59.730932082731805,3492.5,2557.5,0.0,0.0,15086.572595907293,15292.379095470611,6.944444444444445,16.766570056477587,18.315780761739237,29210,True,"27/29 °C and 1000/1200 ppm are illustrative experiment targets, not universal regulatory limits.",False
45,120,8,0.0,baseline,30.111549458826005,29.144882088503962,25.974563794098003,600.0,440.9030586112674,1.6472514656779822,65.81746933744674,73.09961747917276,176.31678473618834,10.55,59.730932082731805,3492.5,2682.5,0.0,0.0,15085.192534263468,15292.379095470611,6.944444444444445,18.28263037151298,20.305449299770213,28670,True,"27/29 °C and 1000/1200 ppm are illustrative experiment targets, not universal regulatory limits.",False
45,120,8,0.02,baseline,30.111549458826005,29.144882088503962,25.974563794098003,600.0,440.9030586112674,1.6472514656779822,65.81746933744674,73.09961747917276,176.31678473618834,10.55,59.730932082731805,3492.5,2682.5,0.0,0.0,15085.192534263468,15292.379095470611,6.944444444444445,18.28263037151298,20.305449299770213,28670,True,"27/29 °C and 1000/1200 ppm are illustrative experiment targets, not universal regulatory limits.",False
45,120,8,0.04,baseline,30.111549458826005,29.144882088503962,25.974563794098003,600.0,440.9030586112674,1.6472514656779822,65.81746933744674,73.09961747917276,176.31678473618834,10.55,59.730932082731805,3492.5,2682.5,0.0,0.0,15085.192534263468,15292.379095470611,6.944444444444445,18.28263037151298,20.305449299770213,28670,True,"27/29 °C and 1000/1200 ppm are illustrative experiment targets, not universal regulatory limits.",False
45,120,8,0.06,baseline,30.111549458826005,29.144882088503962,25.974563794098003,600.0,440.9030586112674,1.6472514656779822,65.81746933744674,73.09961747917276,176.31678473618834,10.55,59.730932082731805,3492.5,2682.5,0.0,0.0,15085.192534263468,15292.379095470611,6.944444444444445,18.28263037151298,20.305449299770213,28670,True,"27/29 °C and 1000/1200 ppm are illustrative experiment targets, not universal regulatory limits.",False
45,120,8,0.08,baseline,30.111549458826005,29.144882088503962,25.974563794098003,600.0,440.9030586112674,1.6472514656779822,65.81746933744674,73.09961747917276,176.31678473618834,10.55,59.730932082731805,3492.5,2682.5,0.0,0.0,15085.192534263468,15292.379095470611,6.944444444444445,18.28263037151298,20.305449299770213,28670,True,"27/29 °C and 1000/1200 ppm are illustrative experiment targets, not universal regulatory limits.",False
50,50,0,0.0,baseline,30.015089088785885,29.043825247407643,25.963196702492667,600.0,444.0209480786581,1.7612242641625926,49.79118463669797,49.99999999999998,74.27029004165671,10.55,59.730932082731805,3502.5,2262.5,0.0,0.0,15089.9977587845,15292.379095470611,6.944444444444445,13.830884621304989,13.888888888888882,30368,True,"27/29 °C and 1000/1200 ppm are illustrative experiment targets, not universal regulatory limits.",False
50,50,0,0.02,baseline,30.015089088785885,29.043825247407643,25.963196702492667,600.0,444.0209480786581,1.7612242641625926,49.79118463669797,49.99999999999998,74.27029004165671,10.55,59.730932082731805,3502.5,2262.5,0.0,0.0,15089.9977587845,15292.379095470611,6.944444444444445,13.830884621304989,13.888888888888882,30368,True,"27/29 °C and 1000/1200 ppm are illustrative experiment targets, not universal regulatory limits.",False
50,50,0,0.04,baseline,30.015089088785885,29.043825247407643,25.963196702492667,600.0,444.0209480786581,1.7612242641625926,49.79118463669797,49.99999999999998,74.27029004165671,10.55,59.730932082731805,3502.5,2262.5,0.0,0.0,15089.9977587845,15292.379095470611,6.944444444444445,13.830884621304989,13.888888888888882,30368,True,"27/29 °C and 1000/1200 ppm are illustrative experiment targets, not universal regulatory limits.",False
50,50,0,0.06,baseline,30.015089088785885,29.043825247407643,25.963196702492667,600.0,444.0209480786581,1.7612242641625926,49.79118463669797,49.99999999999998,74.27029004165671,10.55,59.730932082731805,3502.5,2262.5,0.0,0.0,15089.9977587845,15292.379095470611,6.944444444444445,13.830884621304989,13.888888888888882,30368,True,"27/29 °C and 1000/1200 ppm are illustrative experiment targets, not universal regulatory limits.",False
50,50,0,0.08,baseline,30.015089088785885,29.043825247407643,25.963196702492667,600.0,444.0209480786581,1.7612242641625926,49.79118463669797,49.99999999999998,74.27029004165671,10.55,59.730932082731805,3502.5,2262.5,0.0,0.0,15089.9977587845,15292.379095470611,6.944444444444445,13.830884621304989,13.888888888888882,30368,True,"27/29 °C and 1000/1200 ppm are illustrative experiment targets, not universal regulatory limits.",False
50,50,2,0.0,baseline,30.015089088785885,29.043825247407643,25.963196702492667,600.0,444.0209480786581,1.7612242641625926,49.79118463669797,49.99999999999998,74.27029004165671,10.55,59.730932082731805,3502.5,2262.5,0.0,0.0,15089.9977587845,15292.379095470611,6.944444444444445,13.830884621304989,13.888888888888882,30368,True,"27/29 °C and 1000/1200 ppm are illustrative experiment targets, not universal regulatory limits.",False
50,50,2,0.02,baseline,30.015089088785885,29.043825247407643,25.963196702492667,600.0,444.0209480786581,1.7612242641625926,49.79118463669797,49.99999999999998,74.27029004165671,10.55,59.730932082731805,3502.5,2262.5,0.0,0.0,15089.9977587845,15292.379095470611,6.944444444444445,13.830884621304989,13.888888888888882,30368,True,"27/29 °C and 1000/1200 ppm are illustrative experiment targets, not universal regulatory limits.",False
50,50,2,0.04,baseline,30.015089088785885,29.043825247407643,25.963196702492667,600.0,444.0209480786581,1.7612242641625926,49.79118463669797,49.99999999999998,74.27029004165671,10.55,59.730932082731805,3502.5,2262.5,0.0,0.0,15089.9977587845,15292.379095470611,6.944444444444445,13.830884621304989,13.888888888888882,30368,True,"27/29 °C and 1000/1200 ppm are illustrative experiment targets, not universal regulatory limits.",False
50,50,2,0.06,baseline,30.015089088785885,29.043825247407643,25.963196702492667,600.0,444.0209480786581,1.7612242641625926,49.79118463669797,49.99999999999998,74.27029004165671,10.55,59.730932082731805,3502.5,2262.5,0.0,0.0,15089.9977587845,15292.379095470611,6.944444444444445,13.830884621304989,13.888888888888882,30368,True,"27/29 °C and 1000/1200 ppm are illustrative experiment targets, not universal regulatory limits.",False
50,50,2,0.08,baseline,30.015089088785885,29.043825247407643,25.963196702492667,600.0,444.0209480786581,1.7612242641625926,49.79118463669797,49.99999999999998,74.27029004165671,10.55,59.730932082731805,3502.5,2262.5,0.0,0.0,15089.9977587845,15292.379095470611,6.944444444444445,13.830884621304989,13.888888888888882,30368,True,"27/29 °C and 1000/1200 ppm are illustrative experiment targets, not universal regulatory limits.",False
50,50,4,0.0,baseline,30.015089088785885,29.043825247407643,25.963196702492667,600.0,444.0209480786581,1.7612242641625926,49.79118463669797,49.99999999999998,74.27029004165671,10.55,59.730932082731805,3502.5,2262.5,0.0,0.0,15089.9977587845,15292.379095470611,6.944444444444445,13.830884621304989,13.888888888888882,30368,True,"27/29 °C and 1000/1200 ppm are illustrative experiment targets, not universal regulatory limits.",False
50,50,4,0.02,baseline,30.015089088785885,29.043825247407643,25.963196702492667,600.0,444.0209480786581,1.7612242641625926,49.79118463669797,49.99999999999998,74.27029004165671,10.55,59.730932082731805,3502.5,2262.5,0.0,0.0,15089.9977587845,15292.379095470611,6.944444444444445,13.830884621304989,13.888888888888882,30368,True,"27/29 °C and 1000/1200 ppm are illustrative experiment targets, not universal regulatory limits.",False
50,50,4,0.04,baseline,30.015089088785885,29.043825247407643,25.963196702492667,600.0,444.0209480786581,1.7612242641625926,49.79118463669797,49.99999999999998,74.27029004165671,10.55,59.730932082731805,3502.5,2262.5,0.0,0.0,15089.9977587845,15292.379095470611,6.944444444444445,13.830884621304989,13.888888888888882,30368,True,"27/29 °C and 1000/1200 ppm are illustrative experiment targets, not universal regulatory limits.",False
50,50,4,0.06,baseline,30.015089088785885,29.043825247407643,25.963196702492667,600.0,444.0209480786581,1.7612242641625926,49.79118463669797,49.99999999999998,74.27029004165671,10.55,59.730932082731805,3502.5,2262.5,0.0,0.0,15089.9977587845,15292.379095470611,6.944444444444445,13.830884621304989,13.888888888888882,30368,True,"27/29 °C and 1000/1200 ppm are illustrative experiment targets, not universal regulatory limits.",False
50,50,4,0.08,baseline,30.015089088785885,29.043825247407643,25.963196702492667,600.0,444.0209480786581,1.7612242641625926,49.79118463669797,49.99999999999998,74.27029004165671,10.55,59.730932082731805,3502.5,2262.5,0.0,0.0,15089.9977587845,15292.379095470611,6.944444444444445,13.830884621304989,13.888888888888882,30368,True,"27/29 °C and 1000/1200 ppm are illustrative experiment targets, not universal regulatory limits.",False
50,50,6,0.0,baseline,30.015089088785885,29.043825247407643,25.963196702492667,600.0,444.0209480786581,1.7612242641625926,49.79118463669797,49.99999999999998,74.27029004165671,10.55,59.730932082731805,3502.5,2262.5,0.0,0.0,15089.9977587845,15292.379095470611,6.944444444444445,13.830884621304989,13.888888888888882,30368,True,"27/29 °C and 1000/1200 ppm are illustrative experiment targets, not universal regulatory limits.",False
50,50,6,0.02,baseline,30.015089088785885,29.043825247407643,25.963196702492667,600.0,444.0209480786581,1.7612242641625926,49.79118463669797,49.99999999999998,74.27029004165671,10.55,59.730932082731805,3502.5,2262.5,0.0,0.0,15089.9977587845,15292.379095470611,6.944444444444445,13.830884621304989,13.888888888888882,30368,True,"27/29 °C and 1000/1200 ppm are illustrative experiment targets, not universal regulatory limits.",False
50,50,6,0.04,baseline,30.015089088785885,29.043825247407643,25.963196702492667,600.0,444.0209480786581,1.7612242641625926,49.79118463669797,49.99999999999998,74.27029004165671,10.55,59.730932082731805,3502.5,2262.5,0.0,0.0,15089.9977587845,15292.379095470611,6.944444444444445,13.830884621304989,13.888888888888882,30368,True,"27/29 °C and 1000/1200 ppm are illustrative experiment targets, not universal regulatory limits.",False
50,50,6,0.06,baseline,30.015089088785885,29.043825247407643,25.963196702492667,600.0,444.0209480786581,1.7612242641625926,49.79118463669797,49.99999999999998,74.27029004165671,10.55,59.730932082731805,3502.5,2262.5,0.0,0.0,15089.9977587845,15292.379095470611,6.944444444444445,13.830884621304989,13.888888888888882,30368,True,"27/29 °C and 1000/1200 ppm are illustrative experiment targets, not universal regulatory limits.",False
50,50,6,0.08,baseline,30.015089088785885,29.043825247407643,25.963196702492667,600.0,444.0209480786581,1.7612242641625926,49.79118463669797,49.99999999999998,74.27029004165671,10.55,59.730932082731805,3502.5,2262.5,0.0,0.0,15089.9977587845,15292.379095470611,6.944444444444445,13.830884621304989,13.888888888888882,30368,True,"27/29 °C and 1000/1200 ppm are illustrative experiment targets, not universal regulatory limits.",False
50,50,8,0.0,baseline,30.015089088785885,29.043825247407643,25.963196702492667,600.0,444.0209480786581,1.7612242641625926,49.79118463669797,49.99999999999998,74.27029004165671,10.55,59.730932082731805,3502.5,2262.5,0.0,0.0,15089.9977587845,15292.379095470611,6.944444444444445,13.830884621304989,13.888888888888882,30368,True,"27/29 °C and 1000/1200 ppm are illustrative experiment targets, not universal regulatory limits.",False
50,50,8,0.02,baseline,30.015089088785885,29.043825247407643,25.963196702492667,600.0,444.0209480786581,1.7612242641625926,49.79118463669797,49.99999999999998,74.27029004165671,10.55,59.730932082731805,3502.5,2262.5,0.0,0.0,15089.9977587845,15292.379095470611,6.944444444444445,13.830884621304989,13.888888888888882,30368,True,"27/29 °C and 1000/1200 ppm are illustrative experiment targets, not universal regulatory limits.",False
50,50,8,0.04,baseline,30.015089088785885,29.043825247407643,25.963196702492667,600.0,444.0209480786581,1.7612242641625926,49.79118463669797,49.99999999999998,74.27029004165671,10.55,59.730932082731805,3502.5,2262.5,0.0,0.0,15089.9977587845,15292.379095470611,6.944444444444445,13.830884621304989,13.888888888888882,30368,True,"27/29 °C and 1000/1200 ppm are illustrative experiment targets, not universal regulatory limits.",False
50,50,8,0.06,baseline,30.015089088785885,29.043825247407643,25.963196702492667,600.0,444.0209480786581,1.7612242641625926,49.79118463669797,49.99999999999998,74.27029004165671,10.55,59.730932082731805,3502.5,2262.5,0.0,0.0,15089.9977587845,15292.379095470611,6.944444444444445,13.830884621304989,13.888888888888882,30368,True,"27/29 °C and 1000/1200 ppm are illustrative experiment targets, not universal regulatory limits.",False
50,50,8,0.08,baseline,30.015089088785885,29.043825247407643,25.963196702492667,600.0,444.0209480786581,1.7612242641625926,49.79118463669797,49.99999999999998,74.27029004165671,10.55,59.730932082731805,3502.5,2262.5,0.0,0.0,15089.9977587845,15292.379095470611,6.944444444444445,13.830884621304989,13.888888888888882,30368,True,"27/29 °C and 1000/1200 ppm are illustrative experiment targets, not universal regulatory limits.",False
50,60,0,0.0,baseline,30.015089088785885,29.043825247407643,25.963196702492667,600.0,444.0209480786581,1.7612242641625926,49.79118463669797,49.99999999999998,74.27029004165671,10.55,59.730932082731805,3502.5,2262.5,0.0,0.0,15089.9977587845,15292.379095470611,6.944444444444445,13.830884621304989,13.888888888888882,30368,True,"27/29 °C and 1000/1200 ppm are illustrative experiment targets, not universal regulatory limits.",False
50,60,0,0.02,baseline,30.015089088785885,29.043825247407643,25.963196702492667,600.0,444.0209480786581,1.7612242641625926,49.79118463669797,49.99999999999998,74.27029004165671,10.55,59.730932082731805,3502.5,2262.5,0.0,0.0,15089.9977587845,15292.379095470611,6.944444444444445,13.830884621304989,13.888888888888882,30368,True,"27/29 °C and 1000/1200 ppm are illustrative experiment targets, not universal regulatory limits.",False
50,60,0,0.04,baseline,30.015089088785885,29.043825247407643,25.963196702492667,600.0,444.0209480786581,1.7612242641625926,49.79118463669797,49.99999999999998,74.27029004165671,10.55,59.730932082731805,3502.5,2262.5,0.0,0.0,15089.9977587845,15292.379095470611,6.944444444444445,13.830884621304989,13.888888888888882,30368,True,"27/29 °C and 1000/1200 ppm are illustrative experiment targets, not universal regulatory limits.",False
50,60,0,0.06,baseline,30.015089088785885,29.043825247407643,25.963196702492667,600.0,444.0209480786581,1.7612242641625926,49.79118463669797,49.99999999999998,74.27029004165671,10.55,59.730932082731805,3502.5,2262.5,0.0,0.0,15089.9977587845,15292.379095470611,6.944444444444445,13.830884621304989,13.888888888888882,30368,True,"27/29 °C and 1000/1200 ppm are illustrative experiment targets, not universal regulatory limits.",False
50,60,0,0.08,baseline,30.015089088785885,29.043825247407643,25.963196702492667,600.0,444.0209480786581,1.7612242641625926,49.79118463669797,49.99999999999998,74.27029004165671,10.55,59.730932082731805,3502.5,2262.5,0.0,0.0,15089.9977587845,15292.379095470611,6.944444444444445,13.830884621304989,13.888888888888882,30368,True,"27/29 °C and 1000/1200 ppm are illustrative experiment targets, not universal regulatory limits.",False
50,60,2,0.0,baseline,30.050439145903795,29.083895144700392,25.967679442865915,600.0,442.6064973485802,1.7182201070681913,54.915762303964975,56.924245491056915,100.00279849917848,10.55,59.730932082731805,3502.5,2432.5,0.0,0.0,15088.236727111398,15292.379095470611,6.944444444444445,15.254378417768047,15.812290414182476,29570,True,"27/29 °C and 1000/1200 ppm are illustrative experiment targets, not universal regulatory limits.",False
50,60,2,0.02,baseline,30.050439145903795,29.083895144700392,25.967679442865915,600.0,442.6064973485802,1.7182201070681913,54.915762303964975,56.924245491056915,100.00279849917848,10.55,59.730932082731805,3502.5,2432.5,0.0,0.0,15088.236727111398,15292.379095470611,6.944444444444445,15.254378417768047,15.812290414182476,29570,True,"27/29 °C and 1000/1200 ppm are illustrative experiment targets, not universal regulatory limits.",False
50,60,2,0.04,baseline,30.050439145903795,29.083895144700392,25.967679442865915,600.0,442.6064973485802,1.7182201070681913,54.915762303964975,56.924245491056915,100.00279849917848,10.55,59.730932082731805,3502.5,2432.5,0.0,0.0,15088.236727111398,15292.379095470611,6.944444444444445,15.254378417768047,15.812290414182476,29570,True,"27/29 °C and 1000/1200 ppm are illustrative experiment targets, not universal regulatory limits.",False
50,60,2,0.06,baseline,30.050439145903795,29.083895144700392,25.967679442865915,600.0,442.6064973485802,1.7182201070681913,54.915762303964975,56.924245491056915,100.00279849917848,10.55,59.730932082731805,3502.5,2432.5,0.0,0.0,15088.236727111398,15292.379095470611,6.944444444444445,15.254378417768047,15.812290414182476,29570,True,"27/29 °C and 1000/1200 ppm are illustrative experiment targets, not universal regulatory limits.",False
50,60,2,0.08,baseline,30.050439145903795,29.083895144700392,25.967679442865915,600.0,442.6064973485802,1.7182201070681913,54.915762303964975,56.924245491056915,100.00279849917848,10.55,59.730932082731805,3502.5,2432.5,0.0,0.0,15088.236727111398,15292.379095470611,6.944444444444445,15.254378417768047,15.812290414182476,29570,True,"27/29 °C and 1000/1200 ppm are illustrative experiment targets, not universal regulatory limits.",False
50,60,4,0.0,baseline,30.077040910224923,29.116614750316213,25.971323285247877,600.0,441.6132002706774,1.6878657165070763,58.781572842720934,59.999999999999964,122.92404490094957,10.55,59.730932082731805,3502.5,2547.5,0.0,0.0,15086.906476099646,15292.379095470611,6.944444444444445,16.32821467853359,16.666666666666657,29018,True,"27/29 °C and 1000/1200 ppm are illustrative experiment targets, not universal regulatory limits.",False
50,60,4,0.02,baseline,30.077040910224923,29.116614750316213,25.971323285247877,600.0,441.6132002706774,1.6878657165070763,58.781572842720934,59.999999999999964,122.92404490094957,10.55,59.730932082731805,3502.5,2547.5,0.0,0.0,15086.906476099646,15292.379095470611,6.944444444444445,16.32821467853359,16.666666666666657,29018,True,"27/29 °C and 1000/1200 ppm are illustrative experiment targets, not universal regulatory limits.",False
50,60,4,0.04,baseline,30.077040910224923,29.116614750316213,25.971323285247877,600.0,441.6132002706774,1.6878657165070763,58.781572842720934,59.999999999999964,122.92404490094957,10.55,59.730932082731805,3502.5,2547.5,0.0,0.0,15086.906476099646,15292.379095470611,6.944444444444445,16.32821467853359,16.666666666666657,29018,True,"27/29 °C and 1000/1200 ppm are illustrative experiment targets, not universal regulatory limits.",False
50,60,4,0.06,baseline,30.077040910224923,29.116614750316213,25.971323285247877,600.0,441.6132002706774,1.6878657165070763,58.781572842720934,59.999999999999964,122.92404490094957,10.55,59.730932082731805,3502.5,2547.5,0.0,0.0,15086.906476099646,15292.379095470611,6.944444444444445,16.32821467853359,16.666666666666657,29018,True,"27/29 °C and 1000/1200 ppm are illustrative experiment targets, not universal regulatory limits.",False
50,60,4,0.08,baseline,30.077040910224923,29.116614750316213,25.971323285247877,600.0,441.6132002706774,1.6878657165070763,58.781572842720934,59.999999999999964,122.92404490094957,10.55,59.730932082731805,3502.5,2547.5,0.0,0.0,15086.906476099646,15292.379095470611,6.944444444444445,16.32821467853359,16.666666666666657,29018,True,"27/29 °C and 1000/1200 ppm are illustrative experiment targets, not universal regulatory limits.",False
50,60,6,0.0,baseline,30.077151957125523,29.125903237284557,25.9723204941356,600.0,441.29169360978113,1.6880492957716342,59.288226812790185,59.99999999999998,125.99689988985165,10.55,59.730932082731805,3502.5,2552.5,0.0,0.0,15086.90416413947,15292.379095470611,6.944444444444445,16.468951892441712,16.66666666666666,29012,True,"27/29 °C and 1000/1200 ppm are illustrative experiment targets, not universal regulatory limits.",False
50,60,6,0.02,baseline,30.077151957125523,29.125903237284557,25.9723204941356,600.0,441.29169360978113,1.6880492957716342,59.288226812790185,59.99999999999998,125.99689988985165,10.55,59.730932082731805,3502.5,2552.5,0.0,0.0,15086.90416413947,15292.379095470611,6.944444444444445,16.468951892441712,16.66666666666666,29012,True,"27/29 °C and 1000/1200 ppm are illustrative experiment targets, not universal regulatory limits.",False
50,60,6,0.04,baseline,30.077151957125523,29.125903237284557,25.9723204941356,600.0,441.29169360978113,1.6880492957716342,59.288226812790185,59.99999999999998,125.99689988985165,10.55,59.730932082731805,3502.5,2552.5,0.0,0.0,15086.90416413947,15292.379095470611,6.944444444444445,16.468951892441712,16.66666666666666,29012,True,"27/29 °C and 1000/1200 ppm are illustrative experiment targets, not universal regulatory limits.",False
50,60,6,0.06,baseline,30.077151957125523,29.125903237284557,25.9723204941356,600.0,441.29169360978113,1.6880492957716342,59.288226812790185,59.99999999999998,125.99689988985165,10.55,59.730932082731805,3502.5,2552.5,0.0,0.0,15086.90416413947,15292.379095470611,6.944444444444445,16.468951892441712,16.66666666666666,29012,True,"27/29 °C and 1000/1200 ppm are illustrative experiment targets, not universal regulatory limits.",False
50,60,6,0.08,baseline,30.077151957125523,29.125903237284557,25.9723204941356,600.0,441.29169360978113,1.6880492957716342,59.288226812790185,59.99999999999998,125.99689988985165,10.55,59.730932082731805,3502.5,2552.5,0.0,0.0,15086.90416413947,15292.379095470611,6.944444444444445,16.468951892441712,16.66666666666666,29012,True,"27/29 °C and 1000/1200 ppm are illustrative experiment targets, not universal regulatory limits.",False
50,60,8,0.0,baseline,30.077319628592193,29.128244540405706,25.972569027466648,600.0,441.1552883158219,1.6888686447346117,59.38379397766537,59.99999999999997,126.55556059968141,10.55,59.730932082731805,3502.5,2552.5,0.0,0.0,15086.897342202388,15292.379095470611,6.944444444444445,16.495498327129265,16.666666666666657,28952,True,"27/29 °C and 1000/1200 ppm are illustrative experiment targets, not universal regulatory limits.",False
50,60,8,0.02,baseline,30.077319628592193,29.128244540405706,25.972569027466648,600.0,441.1552883158219,1.6888686447346117,59.38379397766537,59.99999999999997,126.55556059968141,10.55,59.730932082731805,3502.5,2552.5,0.0,0.0,15086.897342202388,15292.379095470611,6.944444444444445,16.495498327129265,16.666666666666657,28952,True,"27/29 °C and 1000/1200 ppm are illustrative experiment targets, not universal regulatory limits.",False
50,60,8,0.04,baseline,30.077319628592193,29.128244540405706,25.972569027466648,600.0,441.1552883158219,1.6888686447346117,59.38379397766537,59.99999999999997,126.55556059968141,10.55,59.730932082731805,3502.5,2552.5,0.0,0.0,15086.897342202388,15292.379095470611,6.944444444444445,16.495498327129265,16.666666666666657,28952,True,"27/29 °C and 1000/1200 ppm are illustrative experiment targets, not universal regulatory limits.",False
50,60,8,0.06,baseline,30.077319628592193,29.128244540405706,25.972569027466648,600.0,441.1552883158219,1.6888686447346117,59.38379397766537,59.99999999999997,126.55556059968141,10.55,59.730932082731805,3502.5,2552.5,0.0,0.0,15086.897342202388,15292.379095470611,6.944444444444445,16.495498327129265,16.666666666666657,28952,True,"27/29 °C and 1000/1200 ppm are illustrative experiment targets, not universal regulatory limits.",False
50,60,8,0.08,baseline,30.077319628592193,29.128244540405706,25.972569027466648,600.0,441.1552883158219,1.6888686447346117,59.38379397766537,59.99999999999997,126.55556059968141,10.55,59.730932082731805,3502.5,2552.5,0.0,0.0,15086.897342202388,15292.379095470611,6.944444444444445,16.495498327129265,16.666666666666657,28952,True,"27/29 °C and 1000/1200 ppm are illustrative experiment targets, not universal regulatory limits.",False
50,70,0,0.0,baseline,30.015089088785885,29.043825247407643,25.963196702492667,600.0,444.0209480786581,1.7612242641625926,49.79118463669797,49.99999999999998,74.27029004165671,10.55,59.730932082731805,3502.5,2262.5,0.0,0.0,15089.9977587845,15292.379095470611,6.944444444444445,13.830884621304989,13.888888888888882,30368,True,"27/29 °C and 1000/1200 ppm are illustrative experiment targets, not universal regulatory limits.",False
50,70,0,0.02,baseline,30.015089088785885,29.043825247407643,25.963196702492667,600.0,444.0209480786581,1.7612242641625926,49.79118463669797,49.99999999999998,74.27029004165671,10.55,59.730932082731805,3502.5,2262.5,0.0,0.0,15089.9977587845,15292.379095470611,6.944444444444445,13.830884621304989,13.888888888888882,30368,True,"27/29 °C and 1000/1200 ppm are illustrative experiment targets, not universal regulatory limits.",False
50,70,0,0.04,baseline,30.015089088785885,29.043825247407643,25.963196702492667,600.0,444.0209480786581,1.7612242641625926,49.79118463669797,49.99999999999998,74.27029004165671,10.55,59.730932082731805,3502.5,2262.5,0.0,0.0,15089.9977587845,15292.379095470611,6.944444444444445,13.830884621304989,13.888888888888882,30368,True,"27/29 °C and 1000/1200 ppm are illustrative experiment targets, not universal regulatory limits.",False
50,70,0,0.06,baseline,30.015089088785885,29.043825247407643,25.963196702492667,600.0,444.0209480786581,1.7612242641625926,49.79118463669797,49.99999999999998,74.27029004165671,10.55,59.730932082731805,3502.5,2262.5,0.0,0.0,15089.9977587845,15292.379095470611,6.944444444444445,13.830884621304989,13.888888888888882,30368,True,"27/29 °C and 1000/1200 ppm are illustrative experiment targets, not universal regulatory limits.",False
50,70,0,0.08,baseline,30.015089088785885,29.043825247407643,25.963196702492667,600.0,444.0209480786581,1.7612242641625926,49.79118463669797,49.99999999999998,74.27029004165671,10.55,59.730932082731805,3502.5,2262.5,0.0,0.0,15089.9977587845,15292.379095470611,6.944444444444445,13.830884621304989,13.888888888888882,30368,True,"27/29 °C and 1000/1200 ppm are illustrative experiment targets, not universal regulatory limits.",False
50,70,2,0.0,baseline,30.050439145903795,29.083895144700392,25.967679442865915,600.0,442.6064973485802,1.7182201070681913,54.915762303964975,56.924245491056915,100.00279849917848,10.55,59.730932082731805,3502.5,2432.5,0.0,0.0,15088.236727111398,15292.379095470611,6.944444444444445,15.254378417768047,15.812290414182476,29570,True,"27/29 °C and 1000/1200 ppm are illustrative experiment targets, not universal regulatory limits.",False
50,70,2,0.02,baseline,30.050439145903795,29.083895144700392,25.967679442865915,600.0,442.6064973485802,1.7182201070681913,54.915762303964975,56.924245491056915,100.00279849917848,10.55,59.730932082731805,3502.5,2432.5,0.0,0.0,15088.236727111398,15292.379095470611,6.944444444444445,15.254378417768047,15.812290414182476,29570,True,"27/29 °C and 1000/1200 ppm are illustrative experiment targets, not universal regulatory limits.",False
50,70,2,0.04,baseline,30.050439145903795,29.083895144700392,25.967679442865915,600.0,442.6064973485802,1.7182201070681913,54.915762303964975,56.924245491056915,100.00279849917848,10.55,59.730932082731805,3502.5,2432.5,0.0,0.0,15088.236727111398,15292.379095470611,6.944444444444445,15.254378417768047,15.812290414182476,29570,True,"27/29 °C and 1000/1200 ppm are illustrative experiment targets, not universal regulatory limits.",False
50,70,2,0.06,baseline,30.050439145903795,29.083895144700392,25.967679442865915,600.0,442.6064973485802,1.7182201070681913,54.915762303964975,56.924245491056915,100.00279849917848,10.55,59.730932082731805,3502.5,2432.5,0.0,0.0,15088.236727111398,15292.379095470611,6.944444444444445,15.254378417768047,15.812290414182476,29570,True,"27/29 °C and 1000/1200 ppm are illustrative experiment targets, not universal regulatory limits.",False
50,70,2,0.08,baseline,30.050439145903795,29.083895144700392,25.967679442865915,600.0,442.6064973485802,1.7182201070681913,54.915762303964975,56.924245491056915,100.00279849917848,10.55,59.730932082731805,3502.5,2432.5,0.0,0.0,15088.236727111398,15292.379095470611,6.944444444444445,15.254378417768047,15.812290414182476,29570,True,"27/29 °C and 1000/1200 ppm are illustrative experiment targets, not universal regulatory limits.",False
50,70,4,0.0,baseline,30.08097559597286,29.121127081364033,25.971839300505565,600.0,441.3799337361823,1.6856316832709126,60.18847701114853,63.94911409503417,132.4509748045715,10.55,59.730932082731805,3502.5,2562.5,0.0,0.0,15086.701556674092,15292.379095470611,6.944444444444445,16.719021391985702,17.763642804176158,29030,True,"27/29 °C and 1000/1200 ppm are illustrative experiment targets, not universal regulatory limits.",False
50,70,4,0.02,baseline,30.08097559597286,29.121127081364033,25.971839300505565,600.0,441.3799337361823,1.6856316832709126,60.18847701114853,63.94911409503417,132.4509748045715,10.55,59.730932082731805,3502.5,2562.5,0.0,0.0,15086.701556674092,15292.379095470611,6.944444444444445,16.719021391985702,17.763642804176158,29030,True,"27/29 °C and 1000/1200 ppm are illustrative experiment targets, not universal regulatory limits.",False
50,70,4,0.04,baseline,30.08097559597286,29.121127081364033,25.971839300505565,600.0,441.3799337361823,1.6856316832709126,60.18847701114853,63.94911409503417,132.4509748045715,10.55,59.730932082731805,3502.5,2562.5,0.0,0.0,15086.701556674092,15292.379095470611,6.944444444444445,16.719021391985702,17.763642804176158,29030,True,"27/29 °C and 1000/1200 ppm are illustrative experiment targets, not universal regulatory limits.",False
50,70,4,0.06,baseline,30.08097559597286,29.121127081364033,25.971839300505565,600.0,441.3799337361823,1.6856316832709126,60.18847701114853,63.94911409503417,132.4509748045715,10.55,59.730932082731805,3502.5,2562.5,0.0,0.0,15086.701556674092,15292.379095470611,6.944444444444445,16.719021391985702,17.763642804176158,29030,True,"27/29 °C and 1000/1200 ppm are illustrative experiment targets, not universal regulatory limits.",False
50,70,4,0.08,baseline,30.08097559597286,29.121127081364033,25.971839300505565,600.0,441.3799337361823,1.6856316832709126,60.18847701114853,63.94911409503417,132.4509748045715,10.55,59.730932082731805,3502.5,2562.5,0.0,0.0,15086.701556674092,15292.379095470611,6.944444444444445,16.719021391985702,17.763642804176158,29030,True,"27/29 °C and 1000/1200 ppm are illustrative experiment targets, not universal regulatory limits.",False
50,70,6,0.0,baseline,30.109689588719846,29.15589141220349,25.975718173519965,600.0,440.3173860163985,1.6513234869053122,65.4814209323713,69.9866566976974,171.6226627733691,10.55,59.730932082731805,3502.5,2682.5,0.0,0.0,15085.287618495122,15292.379095470611,6.944444444444445,18.189283592325356,19.44073797158261,28406,True,"27/29 °C and 1000/1200 ppm are illustrative experiment targets, not universal regulatory limits.",False
50,70,6,0.02,baseline,30.109689588719846,29.15589141220349,25.975718173519965,600.0,440.3173860163985,1.6513234869053122,65.4814209323713,69.9866566976974,171.6226627733691,10.55,59.730932082731805,3502.5,2682.5,0.0,0.0,15085.287618495122,15292.379095470611,6.944444444444445,18.189283592325356,19.44073797158261,28406,True,"27/29 °C and 1000/1200 ppm are illustrative experiment targets, not universal regulatory limits.",False
50,70,6,0.04,baseline,30.109689588719846,29.15589141220349,25.975718173519965,600.0,440.3173860163985,1.6513234869053122,65.4814209323713,69.9866566976974,171.6226627733691,10.55,59.730932082731805,3502.5,2682.5,0.0,0.0,15085.287618495122,15292.379095470611,6.944444444444445,18.189283592325356,19.44073797158261,28406,True,"27/29 °C and 1000/1200 ppm are illustrative experiment targets, not universal regulatory limits.",False
50,70,6,0.06,baseline,30.109689588719846,29.15589141220349,25.975718173519965,600.0,440.3173860163985,1.6513234869053122,65.4814209323713,69.9866566976974,171.6226627733691,10.55,59.730932082731805,3502.5,2682.5,0.0,0.0,15085.287618495122,15292.379095470611,6.944444444444445,18.189283592325356,19.44073797158261,28406,True,"27/29 °C and 1000/1200 ppm are illustrative experiment targets, not universal regulatory limits.",False
50,70,6,0.08,baseline,30.109689588719846,29.15589141220349,25.975718173519965,600.0,440.3173860163985,1.6513234869053122,65.4814209323713,69.9866566976974,171.6226627733691,10.55,59.730932082731805,3502.5,2682.5,0.0,0.0,15085.287618495122,15292.379095470611,6.944444444444445,18.189283592325356,19.44073797158261,28406,True,"27/29 °C and 1000/1200 ppm are illustrative experiment targets, not universal regulatory limits.",False
50,70,8,0.0,baseline,30.12572202291051,29.179826489377948,25.978362050294663,600.0,439.73369405468924,1.6309956553886877,67.96465192408724,69.99999999999993,191.47635638793457,10.55,59.730932082731805,3502.5,2687.5,0.0,0.0,15084.486217842372,15292.379095470611,6.944444444444445,18.879069978913126,19.444444444444425,28058,True,"27/29 °C and 1000/1200 ppm are illustrative experiment targets, not universal regulatory limits.",False
50,70,8,0.02,baseline,30.12572202291051,29.179826489377948,25.978362050294663,600.0,439.73369405468924,1.6309956553886877,67.96465192408724,69.99999999999993,191.47635638793457,10.55,59.730932082731805,3502.5,2687.5,0.0,0.0,15084.486217842372,15292.379095470611,6.944444444444445,18.879069978913126,19.444444444444425,28058,True,"27/29 °C and 1000/1200 ppm are illustrative experiment targets, not universal regulatory limits.",False
50,70,8,0.04,baseline,30.12572202291051,29.179826489377948,25.978362050294663,600.0,439.73369405468924,1.6309956553886877,67.96465192408724,69.99999999999993,191.47635638793457,10.55,59.730932082731805,3502.5,2687.5,0.0,0.0,15084.486217842372,15292.379095470611,6.944444444444445,18.879069978913126,19.444444444444425,28058,True,"27/29 °C and 1000/1200 ppm are illustrative experiment targets, not universal regulatory limits.",False
50,70,8,0.06,baseline,30.12572202291051,29.179826489377948,25.978362050294663,600.0,439.73369405468924,1.6309956553886877,67.96465192408724,69.99999999999993,191.47635638793457,10.55,59.730932082731805,3502.5,2687.5,0.0,0.0,15084.486217842372,15292.379095470611,6.944444444444445,18.879069978913126,19.444444444444425,28058,True,"27/29 °C and 1000/1200 ppm are illustrative experiment targets, not universal regulatory limits.",False
50,70,8,0.08,baseline,30.12572202291051,29.179826489377948,25.978362050294663,600.0,439.73369405468924,1.6309956553886877,67.96465192408724,69.99999999999993,191.47635638793457,10.55,59.730932082731805,3502.5,2687.5,0.0,0.0,15084.486217842372,15292.379095470611,6.944444444444445,18.879069978913126,19.444444444444425,28058,True,"27/29 °C and 1000/1200 ppm are illustrative experiment targets, not universal regulatory limits.",False
50,80,0,0.0,baseline,30.015089088785885,29.043825247407643,25.963196702492667,600.0,444.0209480786581,1.7612242641625926,49.79118463669797,49.99999999999998,74.27029004165671,10.55,59.730932082731805,3502.5,2262.5,0.0,0.0,15089.9977587845,15292.379095470611,6.944444444444445,13.830884621304989,13.888888888888882,30368,True,"27/29 °C and 1000/1200 ppm are illustrative experiment targets, not universal regulatory limits.",False
50,80,0,0.02,baseline,30.015089088785885,29.043825247407643,25.963196702492667,600.0,444.0209480786581,1.7612242641625926,49.79118463669797,49.99999999999998,74.27029004165671,10.55,59.730932082731805,3502.5,2262.5,0.0,0.0,15089.9977587845,15292.379095470611,6.944444444444445,13.830884621304989,13.888888888888882,30368,True,"27/29 °C and 1000/1200 ppm are illustrative experiment targets, not universal regulatory limits.",False
50,80,0,0.04,baseline,30.015089088785885,29.043825247407643,25.963196702492667,600.0,444.0209480786581,1.7612242641625926,49.79118463669797,49.99999999999998,74.27029004165671,10.55,59.730932082731805,3502.5,2262.5,0.0,0.0,15089.9977587845,15292.379095470611,6.944444444444445,13.830884621304989,13.888888888888882,30368,True,"27/29 °C and 1000/1200 ppm are illustrative experiment targets, not universal regulatory limits.",False
50,80,0,0.06,baseline,30.015089088785885,29.043825247407643,25.963196702492667,600.0,444.0209480786581,1.7612242641625926,49.79118463669797,49.99999999999998,74.27029004165671,10.55,59.730932082731805,3502.5,2262.5,0.0,0.0,15089.9977587845,15292.379095470611,6.944444444444445,13.830884621304989,13.888888888888882,30368,True,"27/29 °C and 1000/1200 ppm are illustrative experiment targets, not universal regulatory limits.",False
50,80,0,0.08,baseline,30.015089088785885,29.043825247407643,25.963196702492667,600.0,444.0209480786581,1.7612242641625926,49.79118463669797,49.99999999999998,74.27029004165671,10.55,59.730932082731805,3502.5,2262.5,0.0,0.0,15089.9977587845,15292.379095470611,6.944444444444445,13.830884621304989,13.888888888888882,30368,True,"27/29 °C and 1000/1200 ppm are illustrative experiment targets, not universal regulatory limits.",False
50,80,2,0.0,baseline,30.050439145903795,29.083895144700392,25.967679442865915,600.0,442.6064973485802,1.7182201070681913,54.915762303964975,56.924245491056915,100.00279849917848,10.55,59.730932082731805,3502.5,2432.5,0.0,0.0,15088.236727111398,15292.379095470611,6.944444444444445,15.254378417768047,15.812290414182476,29570,True,"27/29 °C and 1000/1200 ppm are illustrative experiment targets, not universal regulatory limits.",False
50,80,2,0.02,baseline,30.050439145903795,29.083895144700392,25.967679442865915,600.0,442.6064973485802,1.7182201070681913,54.915762303964975,56.924245491056915,100.00279849917848,10.55,59.730932082731805,3502.5,2432.5,0.0,0.0,15088.236727111398,15292.379095470611,6.944444444444445,15.254378417768047,15.812290414182476,29570,True,"27/29 °C and 1000/1200 ppm are illustrative experiment targets, not universal regulatory limits.",False
50,80,2,0.04,baseline,30.050439145903795,29.083895144700392,25.967679442865915,600.0,442.6064973485802,1.7182201070681913,54.915762303964975,56.924245491056915,100.00279849917848,10.55,59.730932082731805,3502.5,2432.5,0.0,0.0,15088.236727111398,15292.379095470611,6.944444444444445,15.254378417768047,15.812290414182476,29570,True,"27/29 °C and 1000/1200 ppm are illustrative experiment targets, not universal regulatory limits.",False
50,80,2,0.06,baseline,30.050439145903795,29.083895144700392,25.967679442865915,600.0,442.6064973485802,1.7182201070681913,54.915762303964975,56.924245491056915,100.00279849917848,10.55,59.730932082731805,3502.5,2432.5,0.0,0.0,15088.236727111398,15292.379095470611,6.944444444444445,15.254378417768047,15.812290414182476,29570,True,"27/29 °C and 1000/1200 ppm are illustrative experiment targets, not universal regulatory limits.",False
50,80,2,0.08,baseline,30.050439145903795,29.083895144700392,25.967679442865915,600.0,442.6064973485802,1.7182201070681913,54.915762303964975,56.924245491056915,100.00279849917848,10.55,59.730932082731805,3502.5,2432.5,0.0,0.0,15088.236727111398,15292.379095470611,6.944444444444445,15.254378417768047,15.812290414182476,29570,True,"27/29 °C and 1000/1200 ppm are illustrative experiment targets, not universal regulatory limits.",False
50,80,4,0.0,baseline,30.08097559597286,29.121127081364033,25.971839300505565,600.0,441.3799337361823,1.6856316832709126,60.18847701114853,63.94911409503417,132.4509748045715,10.55,59.730932082731805,3502.5,2562.5,0.0,0.0,15086.701556674092,15292.379095470611,6.944444444444445,16.719021391985702,17.763642804176158,29030,True,"27/29 °C and 1000/1200 ppm are illustrative experiment targets, not universal regulatory limits.",False
50,80,4,0.02,baseline,30.08097559597286,29.121127081364033,25.971839300505565,600.0,441.3799337361823,1.6856316832709126,60.18847701114853,63.94911409503417,132.4509748045715,10.55,59.730932082731805,3502.5,2562.5,0.0,0.0,15086.701556674092,15292.379095470611,6.944444444444445,16.719021391985702,17.763642804176158,29030,True,"27/29 °C and 1000/1200 ppm are illustrative experiment targets, not universal regulatory limits.",False
50,80,4,0.04,baseline,30.08097559597286,29.121127081364033,25.971839300505565,600.0,441.3799337361823,1.6856316832709126,60.18847701114853,63.94911409503417,132.4509748045715,10.55,59.730932082731805,3502.5,2562.5,0.0,0.0,15086.701556674092,15292.379095470611,6.944444444444445,16.719021391985702,17.763642804176158,29030,True,"27/29 °C and 1000/1200 ppm are illustrative experiment targets, not universal regulatory limits.",False
50,80,4,0.06,baseline,30.08097559597286,29.121127081364033,25.971839300505565,600.0,441.3799337361823,1.6856316832709126,60.18847701114853,63.94911409503417,132.4509748045715,10.55,59.730932082731805,3502.5,2562.5,0.0,0.0,15086.701556674092,15292.379095470611,6.944444444444445,16.719021391985702,17.763642804176158,29030,True,"27/29 °C and 1000/1200 ppm are illustrative experiment targets, not universal regulatory limits.",False
50,80,4,0.08,baseline,30.08097559597286,29.121127081364033,25.971839300505565,600.0,441.3799337361823,1.6856316832709126,60.18847701114853,63.94911409503417,132.4509748045715,10.55,59.730932082731805,3502.5,2562.5,0.0,0.0,15086.701556674092,15292.379095470611,6.944444444444445,16.719021391985702,17.763642804176158,29030,True,"27/29 °C and 1000/1200 ppm are illustrative experiment targets, not universal regulatory limits.",False
50,80,6,0.0,baseline,30.10923497209643,29.155982829203733,25.9757288807304,600.0,440.3031047439126,1.651500559732085,65.59520735557757,71.06471382488907,172.63004935744482,10.55,59.730932082731805,3502.5,2682.5,0.0,0.0,15085.307060548537,15292.379095470611,6.944444444444445,18.220890932104876,19.740198284691406,28460,True,"27/29 °C and 1000/1200 ppm are illustrative experiment targets, not universal regulatory limits.",False
50,80,6,0.02,baseline,30.10923497209643,29.155982829203733,25.9757288807304,600.0,440.3031047439126,1.651500559732085,65.59520735557757,71.06471382488907,172.63004935744482,10.55,59.730932082731805,3502.5,2682.5,0.0,0.0,15085.307060548537,15292.379095470611,6.944444444444445,18.220890932104876,19.740198284691406,28460,True,"27/29 °C and 1000/1200 ppm are illustrative experiment targets, not universal regulatory limits.",False
50,80,6,0.04,baseline,30.10923497209643,29.155982829203733,25.9757288807304,600.0,440.3031047439126,1.651500559732085,65.59520735557757,71.06471382488907,172.63004935744482,10.55,59.730932082731805,3502.5,2682.5,0.0,0.0,15085.307060548537,15292.379095470611,6.944444444444445,18.220890932104876,19.740198284691406,28460,True,"27/29 °C and 1000/1200 ppm are illustrative experiment targets, not universal regulatory limits.",False
50,80,6,0.06,baseline,30.10923497209643,29.155982829203733,25.9757288807304,600.0,440.3031047439126,1.651500559732085,65.59520735557757,71.06471382488907,172.63004935744482,10.55,59.730932082731805,3502.5,2682.5,0.0,0.0,15085.307060548537,15292.379095470611,6.944444444444445,18.220890932104876,19.740198284691406,28460,True,"27/29 °C and 1000/1200 ppm are illustrative experiment targets, not universal regulatory limits.",False
50,80,6,0.08,baseline,30.10923497209643,29.155982829203733,25.9757288807304,600.0,440.3031047439126,1.651500559732085,65.59520735557757,71.06471382488907,172.63004935744482,10.55,59.730932082731805,3502.5,2682.5,0.0,0.0,15085.307060548537,15292.379095470611,6.944444444444445,18.220890932104876,19.740198284691406,28460,True,"27/29 °C and 1000/1200 ppm are illustrative experiment targets, not universal regulatory limits.",False
50,80,8,0.0,baseline,30.134344869116376,29.188427089978433,25.979345099637897,600.0,439.3522046938114,1.6193333744449774,71.12157195499307,78.25189796803215,221.57700353395362,10.55,59.730932082731805,3502.5,2687.5,0.0,0.0,15084.055056781044,15292.379095470611,6.944444444444445,19.7559922097203,21.736638324453377,28058,True,"27/29 °C and 1000/1200 ppm are illustrative experiment targets, not universal regulatory limits.",False
50,80,8,0.02,baseline,30.134344869116376,29.188427089978433,25.979345099637897,600.0,439.3522046938114,1.6193333744449774,71.12157195499307,78.25189796803215,221.57700353395362,10.55,59.730932082731805,3502.5,2687.5,0.0,0.0,15084.055056781044,15292.379095470611,6.944444444444445,19.7559922097203,21.736638324453377,28058,True,"27/29 °C and 1000/1200 ppm are illustrative experiment targets, not universal regulatory limits.",False
50,80,8,0.04,baseline,30.134344869116376,29.188427089978433,25.979345099637897,600.0,439.3522046938114,1.6193333744449774,71.12157195499307,78.25189796803215,221.57700353395362,10.55,59.730932082731805,3502.5,2687.5,0.0,0.0,15084.055056781044,15292.379095470611,6.944444444444445,19.7559922097203,21.736638324453377,28058,True,"27/29 °C and 1000/1200 ppm are illustrative experiment targets, not universal regulatory limits.",False
50,80,8,0.06,baseline,30.134344869116376,29.188427089978433,25.979345099637897,600.0,439.3522046938114,1.6193333744449774,71.12157195499307,78.25189796803215,221.57700353395362,10.55,59.730932082731805,3502.5,2687.5,0.0,0.0,15084.055056781044,15292.379095470611,6.944444444444445,19.7559922097203,21.736638324453377,28058,True,"27/29 °C and 1000/1200 ppm are illustrative experiment targets, not universal regulatory limits.",False
50,80,8,0.08,baseline,30.134344869116376,29.188427089978433,25.979345099637897,600.0,439.3522046938114,1.6193333744449774,71.12157195499307,78.25189796803215,221.57700353395362,10.55,59.730932082731805,3502.5,2687.5,0.0,0.0,15084.055056781044,15292.379095470611,6.944444444444445,19.7559922097203,21.736638324453377,28058,True,"27/29 °C and 1000/1200 ppm are illustrative experiment targets, not universal regulatory limits.",False
50,90,0,0.0,baseline,30.015089088785885,29.043825247407643,25.963196702492667,600.0,444.0209480786581,1.7612242641625926,49.79118463669797,49.99999999999998,74.27029004165671,10.55,59.730932082731805,3502.5,2262.5,0.0,0.0,15089.9977587845,15292.379095470611,6.944444444444445,13.830884621304989,13.888888888888882,30368,True,"27/29 °C and 1000/1200 ppm are illustrative experiment targets, not universal regulatory limits.",False
50,90,0,0.02,baseline,30.015089088785885,29.043825247407643,25.963196702492667,600.0,444.0209480786581,1.7612242641625926,49.79118463669797,49.99999999999998,74.27029004165671,10.55,59.730932082731805,3502.5,2262.5,0.0,0.0,15089.9977587845,15292.379095470611,6.944444444444445,13.830884621304989,13.888888888888882,30368,True,"27/29 °C and 1000/1200 ppm are illustrative experiment targets, not universal regulatory limits.",False
50,90,0,0.04,baseline,30.015089088785885,29.043825247407643,25.963196702492667,600.0,444.0209480786581,1.7612242641625926,49.79118463669797,49.99999999999998,74.27029004165671,10.55,59.730932082731805,3502.5,2262.5,0.0,0.0,15089.9977587845,15292.379095470611,6.944444444444445,13.830884621304989,13.888888888888882,30368,True,"27/29 °C and 1000/1200 ppm are illustrative experiment targets, not universal regulatory limits.",False
50,90,0,0.06,baseline,30.015089088785885,29.043825247407643,25.963196702492667,600.0,444.0209480786581,1.7612242641625926,49.79118463669797,49.99999999999998,74.27029004165671,10.55,59.730932082731805,3502.5,2262.5,0.0,0.0,15089.9977587845,15292.379095470611,6.944444444444445,13.830884621304989,13.888888888888882,30368,True,"27/29 °C and 1000/1200 ppm are illustrative experiment targets, not universal regulatory limits.",False
50,90,0,0.08,baseline,30.015089088785885,29.043825247407643,25.963196702492667,600.0,444.0209480786581,1.7612242641625926,49.79118463669797,49.99999999999998,74.27029004165671,10.55,59.730932082731805,3502.5,2262.5,0.0,0.0,15089.9977587845,15292.379095470611,6.944444444444445,13.830884621304989,13.888888888888882,30368,True,"27/29 °C and 1000/1200 ppm are illustrative experiment targets, not universal regulatory limits.",False
50,90,2,0.0,baseline,30.050439145903795,29.083895144700392,25.967679442865915,600.0,442.6064973485802,1.7182201070681913,54.915762303964975,56.924245491056915,100.00279849917848,10.55,59.730932082731805,3502.5,2432.5,0.0,0.0,15088.236727111398,15292.379095470611,6.944444444444445,15.254378417768047,15.812290414182476,29570,True,"27/29 °C and 1000/1200 ppm are illustrative experiment targets, not universal regulatory limits.",False
50,90,2,0.02,baseline,30.050439145903795,29.083895144700392,25.967679442865915,600.0,442.6064973485802,1.7182201070681913,54.915762303964975,56.924245491056915,100.00279849917848,10.55,59.730932082731805,3502.5,2432.5,0.0,0.0,15088.236727111398,15292.379095470611,6.944444444444445,15.254378417768047,15.812290414182476,29570,True,"27/29 °C and 1000/1200 ppm are illustrative experiment targets, not universal regulatory limits.",False
50,90,2,0.04,baseline,30.050439145903795,29.083895144700392,25.967679442865915,600.0,442.6064973485802,1.7182201070681913,54.915762303964975,56.924245491056915,100.00279849917848,10.55,59.730932082731805,3502.5,2432.5,0.0,0.0,15088.236727111398,15292.379095470611,6.944444444444445,15.254378417768047,15.812290414182476,29570,True,"27/29 °C and 1000/1200 ppm are illustrative experiment targets, not universal regulatory limits.",False
50,90,2,0.06,baseline,30.050439145903795,29.083895144700392,25.967679442865915,600.0,442.6064973485802,1.7182201070681913,54.915762303964975,56.924245491056915,100.00279849917848,10.55,59.730932082731805,3502.5,2432.5,0.0,0.0,15088.236727111398,15292.379095470611,6.944444444444445,15.254378417768047,15.812290414182476,29570,True,"27/29 °C and 1000/1200 ppm are illustrative experiment targets, not universal regulatory limits.",False
50,90,2,0.08,baseline,30.050439145903795,29.083895144700392,25.967679442865915,600.0,442.6064973485802,1.7182201070681913,54.915762303964975,56.924245491056915,100.00279849917848,10.55,59.730932082731805,3502.5,2432.5,0.0,0.0,15088.236727111398,15292.379095470611,6.944444444444445,15.254378417768047,15.812290414182476,29570,True,"27/29 °C and 1000/1200 ppm are illustrative experiment targets, not universal regulatory limits.",False
50,90,4,0.0,baseline,30.08097559597286,29.121127081364033,25.971839300505565,600.0,441.3799337361823,1.6856316832709126,60.18847701114853,63.94911409503417,132.4509748045715,10.55,59.730932082731805,3502.5,2562.5,0.0,0.0,15086.701556674092,15292.379095470611,6.944444444444445,16.719021391985702,17.763642804176158,29030,True,"27/29 °C and 1000/1200 ppm are illustrative experiment targets, not universal regulatory limits.",False
50,90,4,0.02,baseline,30.08097559597286,29.121127081364033,25.971839300505565,600.0,441.3799337361823,1.6856316832709126,60.18847701114853,63.94911409503417,132.4509748045715,10.55,59.730932082731805,3502.5,2562.5,0.0,0.0,15086.701556674092,15292.379095470611,6.944444444444445,16.719021391985702,17.763642804176158,29030,True,"27/29 °C and 1000/1200 ppm are illustrative experiment targets, not universal regulatory limits.",False
50,90,4,0.04,baseline,30.08097559597286,29.121127081364033,25.971839300505565,600.0,441.3799337361823,1.6856316832709126,60.18847701114853,63.94911409503417,132.4509748045715,10.55,59.730932082731805,3502.5,2562.5,0.0,0.0,15086.701556674092,15292.379095470611,6.944444444444445,16.719021391985702,17.763642804176158,29030,True,"27/29 °C and 1000/1200 ppm are illustrative experiment targets, not universal regulatory limits.",False
50,90,4,0.06,baseline,30.08097559597286,29.121127081364033,25.971839300505565,600.0,441.3799337361823,1.6856316832709126,60.18847701114853,63.94911409503417,132.4509748045715,10.55,59.730932082731805,3502.5,2562.5,0.0,0.0,15086.701556674092,15292.379095470611,6.944444444444445,16.719021391985702,17.763642804176158,29030,True,"27/29 °C and 1000/1200 ppm are illustrative experiment targets, not universal regulatory limits.",False
50,90,4,0.08,baseline,30.08097559597286,29.121127081364033,25.971839300505565,600.0,441.3799337361823,1.6856316832709126,60.18847701114853,63.94911409503417,132.4509748045715,10.55,59.730932082731805,3502.5,2562.5,0.0,0.0,15086.701556674092,15292.379095470611,6.944444444444445,16.719021391985702,17.763642804176158,29030,True,"27/29 °C and 1000/1200 ppm are illustrative experiment targets, not universal regulatory limits.",False
50,90,6,0.0,baseline,30.10923497209643,29.155982829203733,25.9757288807304,600.0,440.3031047439126,1.651500559732085,65.59520735557757,71.06471382488907,172.63004935744482,10.55,59.730932082731805,3502.5,2682.5,0.0,0.0,15085.307060548537,15292.379095470611,6.944444444444445,18.220890932104876,19.740198284691406,28460,True,"27/29 °C and 1000/1200 ppm are illustrative experiment targets, not universal regulatory limits.",False
50,90,6,0.02,baseline,30.10923497209643,29.155982829203733,25.9757288807304,600.0,440.3031047439126,1.651500559732085,65.59520735557757,71.06471382488907,172.63004935744482,10.55,59.730932082731805,3502.5,2682.5,0.0,0.0,15085.307060548537,15292.379095470611,6.944444444444445,18.220890932104876,19.740198284691406,28460,True,"27/29 °C and 1000/1200 ppm are illustrative experiment targets, not universal regulatory limits.",False
50,90,6,0.04,baseline,30.10923497209643,29.155982829203733,25.9757288807304,600.0,440.3031047439126,1.651500559732085,65.59520735557757,71.06471382488907,172.63004935744482,10.55,59.730932082731805,3502.5,2682.5,0.0,0.0,15085.307060548537,15292.379095470611,6.944444444444445,18.220890932104876,19.740198284691406,28460,True,"27/29 °C and 1000/1200 ppm are illustrative experiment targets, not universal regulatory limits.",False
50,90,6,0.06,baseline,30.10923497209643,29.155982829203733,25.9757288807304,600.0,440.3031047439126,1.651500559732085,65.59520735557757,71.06471382488907,172.63004935744482,10.55,59.730932082731805,3502.5,2682.5,0.0,0.0,15085.307060548537,15292.379095470611,6.944444444444445,18.220890932104876,19.740198284691406,28460,True,"27/29 °C and 1000/1200 ppm are illustrative experiment targets, not universal regulatory limits.",False
50,90,6,0.08,baseline,30.10923497209643,29.155982829203733,25.9757288807304,600.0,440.3031047439126,1.651500559732085,65.59520735557757,71.06471382488907,172.63004935744482,10.55,59.730932082731805,3502.5,2682.5,0.0,0.0,15085.307060548537,15292.379095470611,6.944444444444445,18.220890932104876,19.740198284691406,28460,True,"27/29 °C and 1000/1200 ppm are illustrative experiment targets, not universal regulatory limits.",False
50,90,8,0.0,baseline,30.134344869116376,29.188430213938823,25.97934546672718,600.0,439.352202733239,1.6193333744449774,71.12159482559399,78.25189796803215,221.57724702115317,10.55,59.730932082731805,3502.5,2687.5,0.0,0.0,15084.055056781044,15292.379095470611,6.944444444444445,19.755998562664995,21.736638324453377,28064,True,"27/29 °C and 1000/1200 ppm are illustrative experiment targets, not universal regulatory limits.",False
50,90,8,0.02,baseline,30.134344869116376,29.188430213938823,25.97934546672718,600.0,439.352202733239,1.6193333744449774,71.12159482559399,78.25189796803215,221.57724702115317,10.55,59.730932082731805,3502.5,2687.5,0.0,0.0,15084.055056781044,15292.379095470611,6.944444444444445,19.755998562664995,21.736638324453377,28064,True,"27/29 °C and 1000/1200 ppm are illustrative experiment targets, not universal regulatory limits.",False
50,90,8,0.04,baseline,30.134344869116376,29.188430213938823,25.97934546672718,600.0,439.352202733239,1.6193333744449774,71.12159482559399,78.25189796803215,221.57724702115317,10.55,59.730932082731805,3502.5,2687.5,0.0,0.0,15084.055056781044,15292.379095470611,6.944444444444445,19.755998562664995,21.736638324453377,28064,True,"27/29 °C and 1000/1200 ppm are illustrative experiment targets, not universal regulatory limits.",False
50,90,8,0.06,baseline,30.134344869116376,29.188430213938823,25.97934546672718,600.0,439.352202733239,1.6193333744449774,71.12159482559399,78.25189796803215,221.57724702115317,10.55,59.730932082731805,3502.5,2687.5,0.0,0.0,15084.055056781044,15292.379095470611,6.944444444444445,19.755998562664995,21.736638324453377,28064,True,"27/29 °C and 1000/1200 ppm are illustrative experiment targets, not universal regulatory limits.",False
50,90,8,0.08,baseline,30.134344869116376,29.188430213938823,25.97934546672718,600.0,439.352202733239,1.6193333744449774,71.12159482559399,78.25189796803215,221.57724702115317,10.55,59.730932082731805,3502.5,2687.5,0.0,0.0,15084.055056781044,15292.379095470611,6.944444444444445,19.755998562664995,21.736638324453377,28064,True,"27/29 °C and 1000/1200 ppm are illustrative experiment targets, not universal regulatory limits.",False
50,100,0,0.0,baseline,30.015089088785885,29.043825247407643,25.963196702492667,600.0,444.0209480786581,1.7612242641625926,49.79118463669797,49.99999999999998,74.27029004165671,10.55,59.730932082731805,3502.5,2262.5,0.0,0.0,15089.9977587845,15292.379095470611,6.944444444444445,13.830884621304989,13.888888888888882,30368,True,"27/29 °C and 1000/1200 ppm are illustrative experiment targets, not universal regulatory limits.",False
50,100,0,0.02,baseline,30.015089088785885,29.043825247407643,25.963196702492667,600.0,444.0209480786581,1.7612242641625926,49.79118463669797,49.99999999999998,74.27029004165671,10.55,59.730932082731805,3502.5,2262.5,0.0,0.0,15089.9977587845,15292.379095470611,6.944444444444445,13.830884621304989,13.888888888888882,30368,True,"27/29 °C and 1000/1200 ppm are illustrative experiment targets, not universal regulatory limits.",False
50,100,0,0.04,baseline,30.015089088785885,29.043825247407643,25.963196702492667,600.0,444.0209480786581,1.7612242641625926,49.79118463669797,49.99999999999998,74.27029004165671,10.55,59.730932082731805,3502.5,2262.5,0.0,0.0,15089.9977587845,15292.379095470611,6.944444444444445,13.830884621304989,13.888888888888882,30368,True,"27/29 °C and 1000/1200 ppm are illustrative experiment targets, not universal regulatory limits.",False
50,100,0,0.06,baseline,30.015089088785885,29.043825247407643,25.963196702492667,600.0,444.0209480786581,1.7612242641625926,49.79118463669797,49.99999999999998,74.27029004165671,10.55,59.730932082731805,3502.5,2262.5,0.0,0.0,15089.9977587845,15292.379095470611,6.944444444444445,13.830884621304989,13.888888888888882,30368,True,"27/29 °C and 1000/1200 ppm are illustrative experiment targets, not universal regulatory limits.",False
50,100,0,0.08,baseline,30.015089088785885,29.043825247407643,25.963196702492667,600.0,444.0209480786581,1.7612242641625926,49.79118463669797,49.99999999999998,74.27029004165671,10.55,59.730932082731805,3502.5,2262.5,0.0,0.0,15089.9977587845,15292.379095470611,6.944444444444445,13.830884621304989,13.888888888888882,30368,True,"27/29 °C and 1000/1200 ppm are illustrative experiment targets, not universal regulatory limits.",False
50,100,2,0.0,baseline,30.050439145903795,29.083895144700392,25.967679442865915,600.0,442.6064973485802,1.7182201070681913,54.915762303964975,56.924245491056915,100.00279849917848,10.55,59.730932082731805,3502.5,2432.5,0.0,0.0,15088.236727111398,15292.379095470611,6.944444444444445,15.254378417768047,15.812290414182476,29570,True,"27/29 °C and 1000/1200 ppm are illustrative experiment targets, not universal regulatory limits.",False
50,100,2,0.02,baseline,30.050439145903795,29.083895144700392,25.967679442865915,600.0,442.6064973485802,1.7182201070681913,54.915762303964975,56.924245491056915,100.00279849917848,10.55,59.730932082731805,3502.5,2432.5,0.0,0.0,15088.236727111398,15292.379095470611,6.944444444444445,15.254378417768047,15.812290414182476,29570,True,"27/29 °C and 1000/1200 ppm are illustrative experiment targets, not universal regulatory limits.",False
50,100,2,0.04,baseline,30.050439145903795,29.083895144700392,25.967679442865915,600.0,442.6064973485802,1.7182201070681913,54.915762303964975,56.924245491056915,100.00279849917848,10.55,59.730932082731805,3502.5,2432.5,0.0,0.0,15088.236727111398,15292.379095470611,6.944444444444445,15.254378417768047,15.812290414182476,29570,True,"27/29 °C and 1000/1200 ppm are illustrative experiment targets, not universal regulatory limits.",False
50,100,2,0.06,baseline,30.050439145903795,29.083895144700392,25.967679442865915,600.0,442.6064973485802,1.7182201070681913,54.915762303964975,56.924245491056915,100.00279849917848,10.55,59.730932082731805,3502.5,2432.5,0.0,0.0,15088.236727111398,15292.379095470611,6.944444444444445,15.254378417768047,15.812290414182476,29570,True,"27/29 °C and 1000/1200 ppm are illustrative experiment targets, not universal regulatory limits.",False
50,100,2,0.08,baseline,30.050439145903795,29.083895144700392,25.967679442865915,600.0,442.6064973485802,1.7182201070681913,54.915762303964975,56.924245491056915,100.00279849917848,10.55,59.730932082731805,3502.5,2432.5,0.0,0.0,15088.236727111398,15292.379095470611,6.944444444444445,15.254378417768047,15.812290414182476,29570,True,"27/29 °C and 1000/1200 ppm are illustrative experiment targets, not universal regulatory limits.",False
50,100,4,0.0,baseline,30.08097559597286,29.121127081364033,25.971839300505565,600.0,441.3799337361823,1.6856316832709126,60.18847701114853,63.94911409503417,132.4509748045715,10.55,59.730932082731805,3502.5,2562.5,0.0,0.0,15086.701556674092,15292.379095470611,6.944444444444445,16.719021391985702,17.763642804176158,29030,True,"27/29 °C and 1000/1200 ppm are illustrative experiment targets, not universal regulatory limits.",False
50,100,4,0.02,baseline,30.08097559597286,29.121127081364033,25.971839300505565,600.0,441.3799337361823,1.6856316832709126,60.18847701114853,63.94911409503417,132.4509748045715,10.55,59.730932082731805,3502.5,2562.5,0.0,0.0,15086.701556674092,15292.379095470611,6.944444444444445,16.719021391985702,17.763642804176158,29030,True,"27/29 °C and 1000/1200 ppm are illustrative experiment targets, not universal regulatory limits.",False
50,100,4,0.04,baseline,30.08097559597286,29.121127081364033,25.971839300505565,600.0,441.3799337361823,1.6856316832709126,60.18847701114853,63.94911409503417,132.4509748045715,10.55,59.730932082731805,3502.5,2562.5,0.0,0.0,15086.701556674092,15292.379095470611,6.944444444444445,16.719021391985702,17.763642804176158,29030,True,"27/29 °C and 1000/1200 ppm are illustrative experiment targets, not universal regulatory limits.",False
50,100,4,0.06,baseline,30.08097559597286,29.121127081364033,25.971839300505565,600.0,441.3799337361823,1.6856316832709126,60.18847701114853,63.94911409503417,132.4509748045715,10.55,59.730932082731805,3502.5,2562.5,0.0,0.0,15086.701556674092,15292.379095470611,6.944444444444445,16.719021391985702,17.763642804176158,29030,True,"27/29 °C and 1000/1200 ppm are illustrative experiment targets, not universal regulatory limits.",False
50,100,4,0.08,baseline,30.08097559597286,29.121127081364033,25.971839300505565,600.0,441.3799337361823,1.6856316832709126,60.18847701114853,63.94911409503417,132.4509748045715,10.55,59.730932082731805,3502.5,2562.5,0.0,0.0,15086.701556674092,15292.379095470611,6.944444444444445,16.719021391985702,17.763642804176158,29030,True,"27/29 °C and 1000/1200 ppm are illustrative experiment targets, not universal regulatory limits.",False
50,100,6,0.0,baseline,30.10923497209643,29.155982829203733,25.9757288807304,600.0,440.3031047439126,1.651500559732085,65.59520735557757,71.06471382488907,172.63004935744482,10.55,59.730932082731805,3502.5,2682.5,0.0,0.0,15085.307060548537,15292.379095470611,6.944444444444445,18.220890932104876,19.740198284691406,28460,True,"27/29 °C and 1000/1200 ppm are illustrative experiment targets, not universal regulatory limits.",False
50,100,6,0.02,baseline,30.10923497209643,29.155982829203733,25.9757288807304,600.0,440.3031047439126,1.651500559732085,65.59520735557757,71.06471382488907,172.63004935744482,10.55,59.730932082731805,3502.5,2682.5,0.0,0.0,15085.307060548537,15292.379095470611,6.944444444444445,18.220890932104876,19.740198284691406,28460,True,"27/29 °C and 1000/1200 ppm are illustrative experiment targets, not universal regulatory limits.",False
50,100,6,0.04,baseline,30.10923497209643,29.155982829203733,25.9757288807304,600.0,440.3031047439126,1.651500559732085,65.59520735557757,71.06471382488907,172.63004935744482,10.55,59.730932082731805,3502.5,2682.5,0.0,0.0,15085.307060548537,15292.379095470611,6.944444444444445,18.220890932104876,19.740198284691406,28460,True,"27/29 °C and 1000/1200 ppm are illustrative experiment targets, not universal regulatory limits.",False
50,100,6,0.06,baseline,30.10923497209643,29.155982829203733,25.9757288807304,600.0,440.3031047439126,1.651500559732085,65.59520735557757,71.06471382488907,172.63004935744482,10.55,59.730932082731805,3502.5,2682.5,0.0,0.0,15085.307060548537,15292.379095470611,6.944444444444445,18.220890932104876,19.740198284691406,28460,True,"27/29 °C and 1000/1200 ppm are illustrative experiment targets, not universal regulatory limits.",False
50,100,6,0.08,baseline,30.10923497209643,29.155982829203733,25.9757288807304,600.0,440.3031047439126,1.651500559732085,65.59520735557757,71.06471382488907,172.63004935744482,10.55,59.730932082731805,3502.5,2682.5,0.0,0.0,15085.307060548537,15292.379095470611,6.944444444444445,18.220890932104876,19.740198284691406,28460,True,"27/29 °C and 1000/1200 ppm are illustrative experiment targets, not universal regulatory limits.",False
50,100,8,0.0,baseline,30.134344869116376,29.188430213938823,25.97934546672718,600.0,439.352202733239,1.6193333744449774,71.12159482559399,78.25189796803215,221.57724702115317,10.55,59.730932082731805,3502.5,2687.5,0.0,0.0,15084.055056781044,15292.379095470611,6.944444444444445,19.755998562664995,21.736638324453377,28064,True,"27/29 °C and 1000/1200 ppm are illustrative experiment targets, not universal regulatory limits.",False
50,100,8,0.02,baseline,30.134344869116376,29.188430213938823,25.97934546672718,600.0,439.352202733239,1.6193333744449774,71.12159482559399,78.25189796803215,221.57724702115317,10.55,59.730932082731805,3502.5,2687.5,0.0,0.0,15084.055056781044,15292.379095470611,6.944444444444445,19.755998562664995,21.736638324453377,28064,True,"27/29 °C and 1000/1200 ppm are illustrative experiment targets, not universal regulatory limits.",False
50,100,8,0.04,baseline,30.134344869116376,29.188430213938823,25.97934546672718,600.0,439.352202733239,1.6193333744449774,71.12159482559399,78.25189796803215,221.57724702115317,10.55,59.730932082731805,3502.5,2687.5,0.0,0.0,15084.055056781044,15292.379095470611,6.944444444444445,19.755998562664995,21.736638324453377,28064,True,"27/29 °C and 1000/1200 ppm are illustrative experiment targets, not universal regulatory limits.",False
50,100,8,0.06,baseline,30.134344869116376,29.188430213938823,25.97934546672718,600.0,439.352202733239,1.6193333744449774,71.12159482559399,78.25189796803215,221.57724702115317,10.55,59.730932082731805,3502.5,2687.5,0.0,0.0,15084.055056781044,15292.379095470611,6.944444444444445,19.755998562664995,21.736638324453377,28064,True,"27/29 °C and 1000/1200 ppm are illustrative experiment targets, not universal regulatory limits.",False
50,100,8,0.08,baseline,30.134344869116376,29.188430213938823,25.97934546672718,600.0,439.352202733239,1.6193333744449774,71.12159482559399,78.25189796803215,221.57724702115317,10.55,59.730932082731805,3502.5,2687.5,0.0,0.0,15084.055056781044,15292.379095470611,6.944444444444445,19.755998562664995,21.736638324453377,28064,True,"27/29 °C and 1000/1200 ppm are illustrative experiment targets, not universal regulatory limits.",False
50,110,0,0.0,baseline,30.015089088785885,29.043825247407643,25.963196702492667,600.0,444.0209480786581,1.7612242641625926,49.79118463669797,49.99999999999998,74.27029004165671,10.55,59.730932082731805,3502.5,2262.5,0.0,0.0,15089.9977587845,15292.379095470611,6.944444444444445,13.830884621304989,13.888888888888882,30368,True,"27/29 °C and 1000/1200 ppm are illustrative experiment targets, not universal regulatory limits.",False
50,110,0,0.02,baseline,30.015089088785885,29.043825247407643,25.963196702492667,600.0,444.0209480786581,1.7612242641625926,49.79118463669797,49.99999999999998,74.27029004165671,10.55,59.730932082731805,3502.5,2262.5,0.0,0.0,15089.9977587845,15292.379095470611,6.944444444444445,13.830884621304989,13.888888888888882,30368,True,"27/29 °C and 1000/1200 ppm are illustrative experiment targets, not universal regulatory limits.",False
50,110,0,0.04,baseline,30.015089088785885,29.043825247407643,25.963196702492667,600.0,444.0209480786581,1.7612242641625926,49.79118463669797,49.99999999999998,74.27029004165671,10.55,59.730932082731805,3502.5,2262.5,0.0,0.0,15089.9977587845,15292.379095470611,6.944444444444445,13.830884621304989,13.888888888888882,30368,True,"27/29 °C and 1000/1200 ppm are illustrative experiment targets, not universal regulatory limits.",False
50,110,0,0.06,baseline,30.015089088785885,29.043825247407643,25.963196702492667,600.0,444.0209480786581,1.7612242641625926,49.79118463669797,49.99999999999998,74.27029004165671,10.55,59.730932082731805,3502.5,2262.5,0.0,0.0,15089.9977587845,15292.379095470611,6.944444444444445,13.830884621304989,13.888888888888882,30368,True,"27/29 °C and 1000/1200 ppm are illustrative experiment targets, not universal regulatory limits.",False
50,110,0,0.08,baseline,30.015089088785885,29.043825247407643,25.963196702492667,600.0,444.0209480786581,1.7612242641625926,49.79118463669797,49.99999999999998,74.27029004165671,10.55,59.730932082731805,3502.5,2262.5,0.0,0.0,15089.9977587845,15292.379095470611,6.944444444444445,13.830884621304989,13.888888888888882,30368,True,"27/29 °C and 1000/1200 ppm are illustrative experiment targets, not universal regulatory limits.",False
50,110,2,0.0,baseline,30.050439145903795,29.083895144700392,25.967679442865915,600.0,442.6064973485802,1.7182201070681913,54.915762303964975,56.924245491056915,100.00279849917848,10.55,59.730932082731805,3502.5,2432.5,0.0,0.0,15088.236727111398,15292.379095470611,6.944444444444445,15.254378417768047,15.812290414182476,29570,True,"27/29 °C and 1000/1200 ppm are illustrative experiment targets, not universal regulatory limits.",False
50,110,2,0.02,baseline,30.050439145903795,29.083895144700392,25.967679442865915,600.0,442.6064973485802,1.7182201070681913,54.915762303964975,56.924245491056915,100.00279849917848,10.55,59.730932082731805,3502.5,2432.5,0.0,0.0,15088.236727111398,15292.379095470611,6.944444444444445,15.254378417768047,15.812290414182476,29570,True,"27/29 °C and 1000/1200 ppm are illustrative experiment targets, not universal regulatory limits.",False
50,110,2,0.04,baseline,30.050439145903795,29.083895144700392,25.967679442865915,600.0,442.6064973485802,1.7182201070681913,54.915762303964975,56.924245491056915,100.00279849917848,10.55,59.730932082731805,3502.5,2432.5,0.0,0.0,15088.236727111398,15292.379095470611,6.944444444444445,15.254378417768047,15.812290414182476,29570,True,"27/29 °C and 1000/1200 ppm are illustrative experiment targets, not universal regulatory limits.",False
50,110,2,0.06,baseline,30.050439145903795,29.083895144700392,25.967679442865915,600.0,442.6064973485802,1.7182201070681913,54.915762303964975,56.924245491056915,100.00279849917848,10.55,59.730932082731805,3502.5,2432.5,0.0,0.0,15088.236727111398,15292.379095470611,6.944444444444445,15.254378417768047,15.812290414182476,29570,True,"27/29 °C and 1000/1200 ppm are illustrative experiment targets, not universal regulatory limits.",False
50,110,2,0.08,baseline,30.050439145903795,29.083895144700392,25.967679442865915,600.0,442.6064973485802,1.7182201070681913,54.915762303964975,56.924245491056915,100.00279849917848,10.55,59.730932082731805,3502.5,2432.5,0.0,0.0,15088.236727111398,15292.379095470611,6.944444444444445,15.254378417768047,15.812290414182476,29570,True,"27/29 °C and 1000/1200 ppm are illustrative experiment targets, not universal regulatory limits.",False
50,110,4,0.0,baseline,30.08097559597286,29.121127081364033,25.971839300505565,600.0,441.3799337361823,1.6856316832709126,60.18847701114853,63.94911409503417,132.4509748045715,10.55,59.730932082731805,3502.5,2562.5,0.0,0.0,15086.701556674092,15292.379095470611,6.944444444444445,16.719021391985702,17.763642804176158,29030,True,"27/29 °C and 1000/1200 ppm are illustrative experiment targets, not universal regulatory limits.",False
50,110,4,0.02,baseline,30.08097559597286,29.121127081364033,25.971839300505565,600.0,441.3799337361823,1.6856316832709126,60.18847701114853,63.94911409503417,132.4509748045715,10.55,59.730932082731805,3502.5,2562.5,0.0,0.0,15086.701556674092,15292.379095470611,6.944444444444445,16.719021391985702,17.763642804176158,29030,True,"27/29 °C and 1000/1200 ppm are illustrative experiment targets, not universal regulatory limits.",False
50,110,4,0.04,baseline,30.08097559597286,29.121127081364033,25.971839300505565,600.0,441.3799337361823,1.6856316832709126,60.18847701114853,63.94911409503417,132.4509748045715,10.55,59.730932082731805,3502.5,2562.5,0.0,0.0,15086.701556674092,15292.379095470611,6.944444444444445,16.719021391985702,17.763642804176158,29030,True,"27/29 °C and 1000/1200 ppm are illustrative experiment targets, not universal regulatory limits.",False
50,110,4,0.06,baseline,30.08097559597286,29.121127081364033,25.971839300505565,600.0,441.3799337361823,1.6856316832709126,60.18847701114853,63.94911409503417,132.4509748045715,10.55,59.730932082731805,3502.5,2562.5,0.0,0.0,15086.701556674092,15292.379095470611,6.944444444444445,16.719021391985702,17.763642804176158,29030,True,"27/29 °C and 1000/1200 ppm are illustrative experiment targets, not universal regulatory limits.",False
50,110,4,0.08,baseline,30.08097559597286,29.121127081364033,25.971839300505565,600.0,441.3799337361823,1.6856316832709126,60.18847701114853,63.94911409503417,132.4509748045715,10.55,59.730932082731805,3502.5,2562.5,0.0,0.0,15086.701556674092,15292.379095470611,6.944444444444445,16.719021391985702,17.763642804176158,29030,True,"27/29 °C and 1000/1200 ppm are illustrative experiment targets, not universal regulatory limits.",False
50,110,6,0.0,baseline,30.10923497209643,29.155982829203733,25.9757288807304,600.0,440.3031047439126,1.651500559732085,65.59520735557757,71.06471382488907,172.63004935744482,10.55,59.730932082731805,3502.5,2682.5,0.0,0.0,15085.307060548537,15292.379095470611,6.944444444444445,18.220890932104876,19.740198284691406,28460,True,"27/29 °C and 1000/1200 ppm are illustrative experiment targets, not universal regulatory limits.",False
50,110,6,0.02,baseline,30.10923497209643,29.155982829203733,25.9757288807304,600.0,440.3031047439126,1.651500559732085,65.59520735557757,71.06471382488907,172.63004935744482,10.55,59.730932082731805,3502.5,2682.5,0.0,0.0,15085.307060548537,15292.379095470611,6.944444444444445,18.220890932104876,19.740198284691406,28460,True,"27/29 °C and 1000/1200 ppm are illustrative experiment targets, not universal regulatory limits.",False
50,110,6,0.04,baseline,30.10923497209643,29.155982829203733,25.9757288807304,600.0,440.3031047439126,1.651500559732085,65.59520735557757,71.06471382488907,172.63004935744482,10.55,59.730932082731805,3502.5,2682.5,0.0,0.0,15085.307060548537,15292.379095470611,6.944444444444445,18.220890932104876,19.740198284691406,28460,True,"27/29 °C and 1000/1200 ppm are illustrative experiment targets, not universal regulatory limits.",False
50,110,6,0.06,baseline,30.10923497209643,29.155982829203733,25.9757288807304,600.0,440.3031047439126,1.651500559732085,65.59520735557757,71.06471382488907,172.63004935744482,10.55,59.730932082731805,3502.5,2682.5,0.0,0.0,15085.307060548537,15292.379095470611,6.944444444444445,18.220890932104876,19.740198284691406,28460,True,"27/29 °C and 1000/1200 ppm are illustrative experiment targets, not universal regulatory limits.",False
50,110,6,0.08,baseline,30.10923497209643,29.155982829203733,25.9757288807304,600.0,440.3031047439126,1.651500559732085,65.59520735557757,71.06471382488907,172.63004935744482,10.55,59.730932082731805,3502.5,2682.5,0.0,0.0,15085.307060548537,15292.379095470611,6.944444444444445,18.220890932104876,19.740198284691406,28460,True,"27/29 °C and 1000/1200 ppm are illustrative experiment targets, not universal regulatory limits.",False
50,110,8,0.0,baseline,30.134344869116376,29.188430213938823,25.97934546672718,600.0,439.352202733239,1.6193333744449774,71.12159482559399,78.25189796803215,221.57724702115317,10.55,59.730932082731805,3502.5,2687.5,0.0,0.0,15084.055056781044,15292.379095470611,6.944444444444445,19.755998562664995,21.736638324453377,28064,True,"27/29 °C and 1000/1200 ppm are illustrative experiment targets, not universal regulatory limits.",False
50,110,8,0.02,baseline,30.134344869116376,29.188430213938823,25.97934546672718,600.0,439.352202733239,1.6193333744449774,71.12159482559399,78.25189796803215,221.57724702115317,10.55,59.730932082731805,3502.5,2687.5,0.0,0.0,15084.055056781044,15292.379095470611,6.944444444444445,19.755998562664995,21.736638324453377,28064,True,"27/29 °C and 1000/1200 ppm are illustrative experiment targets, not universal regulatory limits.",False
50,110,8,0.04,baseline,30.134344869116376,29.188430213938823,25.97934546672718,600.0,439.352202733239,1.6193333744449774,71.12159482559399,78.25189796803215,221.57724702115317,10.55,59.730932082731805,3502.5,2687.5,0.0,0.0,15084.055056781044,15292.379095470611,6.944444444444445,19.755998562664995,21.736638324453377,28064,True,"27/29 °C and 1000/1200 ppm are illustrative experiment targets, not universal regulatory limits.",False
50,110,8,0.06,baseline,30.134344869116376,29.188430213938823,25.97934546672718,600.0,439.352202733239,1.6193333744449774,71.12159482559399,78.25189796803215,221.57724702115317,10.55,59.730932082731805,3502.5,2687.5,0.0,0.0,15084.055056781044,15292.379095470611,6.944444444444445,19.755998562664995,21.736638324453377,28064,True,"27/29 °C and 1000/1200 ppm are illustrative experiment targets, not universal regulatory limits.",False
50,110,8,0.08,baseline,30.134344869116376,29.188430213938823,25.97934546672718,600.0,439.352202733239,1.6193333744449774,71.12159482559399,78.25189796803215,221.57724702115317,10.55,59.730932082731805,3502.5,2687.5,0.0,0.0,15084.055056781044,15292.379095470611,6.944444444444445,19.755998562664995,21.736638324453377,28064,True,"27/29 °C and 1000/1200 ppm are illustrative experiment targets, not universal regulatory limits.",False
50,120,0,0.0,baseline,30.015089088785885,29.043825247407643,25.963196702492667,600.0,444.0209480786581,1.7612242641625926,49.79118463669797,49.99999999999998,74.27029004165671,10.55,59.730932082731805,3502.5,2262.5,0.0,0.0,15089.9977587845,15292.379095470611,6.944444444444445,13.830884621304989,13.888888888888882,30368,True,"27/29 °C and 1000/1200 ppm are illustrative experiment targets, not universal regulatory limits.",False
50,120,0,0.02,baseline,30.015089088785885,29.043825247407643,25.963196702492667,600.0,444.0209480786581,1.7612242641625926,49.79118463669797,49.99999999999998,74.27029004165671,10.55,59.730932082731805,3502.5,2262.5,0.0,0.0,15089.9977587845,15292.379095470611,6.944444444444445,13.830884621304989,13.888888888888882,30368,True,"27/29 °C and 1000/1200 ppm are illustrative experiment targets, not universal regulatory limits.",False
50,120,0,0.04,baseline,30.015089088785885,29.043825247407643,25.963196702492667,600.0,444.0209480786581,1.7612242641625926,49.79118463669797,49.99999999999998,74.27029004165671,10.55,59.730932082731805,3502.5,2262.5,0.0,0.0,15089.9977587845,15292.379095470611,6.944444444444445,13.830884621304989,13.888888888888882,30368,True,"27/29 °C and 1000/1200 ppm are illustrative experiment targets, not universal regulatory limits.",False
50,120,0,0.06,baseline,30.015089088785885,29.043825247407643,25.963196702492667,600.0,444.0209480786581,1.7612242641625926,49.79118463669797,49.99999999999998,74.27029004165671,10.55,59.730932082731805,3502.5,2262.5,0.0,0.0,15089.9977587845,15292.379095470611,6.944444444444445,13.830884621304989,13.888888888888882,30368,True,"27/29 °C and 1000/1200 ppm are illustrative experiment targets, not universal regulatory limits.",False
50,120,0,0.08,baseline,30.015089088785885,29.043825247407643,25.963196702492667,600.0,444.0209480786581,1.7612242641625926,49.79118463669797,49.99999999999998,74.27029004165671,10.55,59.730932082731805,3502.5,2262.5,0.0,0.0,15089.9977587845,15292.379095470611,6.944444444444445,13.830884621304989,13.888888888888882,30368,True,"27/29 °C and 1000/1200 ppm are illustrative experiment targets, not universal regulatory limits.",False
50,120,2,0.0,baseline,30.050439145903795,29.083895144700392,25.967679442865915,600.0,442.6064973485802,1.7182201070681913,54.915762303964975,56.924245491056915,100.00279849917848,10.55,59.730932082731805,3502.5,2432.5,0.0,0.0,15088.236727111398,15292.379095470611,6.944444444444445,15.254378417768047,15.812290414182476,29570,True,"27/29 °C and 1000/1200 ppm are illustrative experiment targets, not universal regulatory limits.",False
50,120,2,0.02,baseline,30.050439145903795,29.083895144700392,25.967679442865915,600.0,442.6064973485802,1.7182201070681913,54.915762303964975,56.924245491056915,100.00279849917848,10.55,59.730932082731805,3502.5,2432.5,0.0,0.0,15088.236727111398,15292.379095470611,6.944444444444445,15.254378417768047,15.812290414182476,29570,True,"27/29 °C and 1000/1200 ppm are illustrative experiment targets, not universal regulatory limits.",False
50,120,2,0.04,baseline,30.050439145903795,29.083895144700392,25.967679442865915,600.0,442.6064973485802,1.7182201070681913,54.915762303964975,56.924245491056915,100.00279849917848,10.55,59.730932082731805,3502.5,2432.5,0.0,0.0,15088.236727111398,15292.379095470611,6.944444444444445,15.254378417768047,15.812290414182476,29570,True,"27/29 °C and 1000/1200 ppm are illustrative experiment targets, not universal regulatory limits.",False
50,120,2,0.06,baseline,30.050439145903795,29.083895144700392,25.967679442865915,600.0,442.6064973485802,1.7182201070681913,54.915762303964975,56.924245491056915,100.00279849917848,10.55,59.730932082731805,3502.5,2432.5,0.0,0.0,15088.236727111398,15292.379095470611,6.944444444444445,15.254378417768047,15.812290414182476,29570,True,"27/29 °C and 1000/1200 ppm are illustrative experiment targets, not universal regulatory limits.",False
50,120,2,0.08,baseline,30.050439145903795,29.083895144700392,25.967679442865915,600.0,442.6064973485802,1.7182201070681913,54.915762303964975,56.924245491056915,100.00279849917848,10.55,59.730932082731805,3502.5,2432.5,0.0,0.0,15088.236727111398,15292.379095470611,6.944444444444445,15.254378417768047,15.812290414182476,29570,True,"27/29 °C and 1000/1200 ppm are illustrative experiment targets, not universal regulatory limits.",False
50,120,4,0.0,baseline,30.08097559597286,29.121127081364033,25.971839300505565,600.0,441.3799337361823,1.6856316832709126,60.18847701114853,63.94911409503417,132.4509748045715,10.55,59.730932082731805,3502.5,2562.5,0.0,0.0,15086.701556674092,15292.379095470611,6.944444444444445,16.719021391985702,17.763642804176158,29030,True,"27/29 °C and 1000/1200 ppm are illustrative experiment targets, not universal regulatory limits.",False
50,120,4,0.02,baseline,30.08097559597286,29.121127081364033,25.971839300505565,600.0,441.3799337361823,1.6856316832709126,60.18847701114853,63.94911409503417,132.4509748045715,10.55,59.730932082731805,3502.5,2562.5,0.0,0.0,15086.701556674092,15292.379095470611,6.944444444444445,16.719021391985702,17.763642804176158,29030,True,"27/29 °C and 1000/1200 ppm are illustrative experiment targets, not universal regulatory limits.",False
50,120,4,0.04,baseline,30.08097559597286,29.121127081364033,25.971839300505565,600.0,441.3799337361823,1.6856316832709126,60.18847701114853,63.94911409503417,132.4509748045715,10.55,59.730932082731805,3502.5,2562.5,0.0,0.0,15086.701556674092,15292.379095470611,6.944444444444445,16.719021391985702,17.763642804176158,29030,True,"27/29 °C and 1000/1200 ppm are illustrative experiment targets, not universal regulatory limits.",False
50,120,4,0.06,baseline,30.08097559597286,29.121127081364033,25.971839300505565,600.0,441.3799337361823,1.6856316832709126,60.18847701114853,63.94911409503417,132.4509748045715,10.55,59.730932082731805,3502.5,2562.5,0.0,0.0,15086.701556674092,15292.379095470611,6.944444444444445,16.719021391985702,17.763642804176158,29030,True,"27/29 °C and 1000/1200 ppm are illustrative experiment targets, not universal regulatory limits.",False
50,120,4,0.08,baseline,30.08097559597286,29.121127081364033,25.971839300505565,600.0,441.3799337361823,1.6856316832709126,60.18847701114853,63.94911409503417,132.4509748045715,10.55,59.730932082731805,3502.5,2562.5,0.0,0.0,15086.701556674092,15292.379095470611,6.944444444444445,16.719021391985702,17.763642804176158,29030,True,"27/29 °C and 1000/1200 ppm are illustrative experiment targets, not universal regulatory limits.",False
50,120,6,0.0,baseline,30.10923497209643,29.155982829203733,25.9757288807304,600.0,440.3031047439126,1.651500559732085,65.59520735557757,71.06471382488907,172.63004935744482,10.55,59.730932082731805,3502.5,2682.5,0.0,0.0,15085.307060548537,15292.379095470611,6.944444444444445,18.220890932104876,19.740198284691406,28460,True,"27/29 °C and 1000/1200 ppm are illustrative experiment targets, not universal regulatory limits.",False
50,120,6,0.02,baseline,30.10923497209643,29.155982829203733,25.9757288807304,600.0,440.3031047439126,1.651500559732085,65.59520735557757,71.06471382488907,172.63004935744482,10.55,59.730932082731805,3502.5,2682.5,0.0,0.0,15085.307060548537,15292.379095470611,6.944444444444445,18.220890932104876,19.740198284691406,28460,True,"27/29 °C and 1000/1200 ppm are illustrative experiment targets, not universal regulatory limits.",False
50,120,6,0.04,baseline,30.10923497209643,29.155982829203733,25.9757288807304,600.0,440.3031047439126,1.651500559732085,65.59520735557757,71.06471382488907,172.63004935744482,10.55,59.730932082731805,3502.5,2682.5,0.0,0.0,15085.307060548537,15292.379095470611,6.944444444444445,18.220890932104876,19.740198284691406,28460,True,"27/29 °C and 1000/1200 ppm are illustrative experiment targets, not universal regulatory limits.",False
50,120,6,0.06,baseline,30.10923497209643,29.155982829203733,25.9757288807304,600.0,440.3031047439126,1.651500559732085,65.59520735557757,71.06471382488907,172.63004935744482,10.55,59.730932082731805,3502.5,2682.5,0.0,0.0,15085.307060548537,15292.379095470611,6.944444444444445,18.220890932104876,19.740198284691406,28460,True,"27/29 °C and 1000/1200 ppm are illustrative experiment targets, not universal regulatory limits.",False
50,120,6,0.08,baseline,30.10923497209643,29.155982829203733,25.9757288807304,600.0,440.3031047439126,1.651500559732085,65.59520735557757,71.06471382488907,172.63004935744482,10.55,59.730932082731805,3502.5,2682.5,0.0,0.0,15085.307060548537,15292.379095470611,6.944444444444445,18.220890932104876,19.740198284691406,28460,True,"27/29 °C and 1000/1200 ppm are illustrative experiment targets, not universal regulatory limits.",False
50,120,8,0.0,baseline,30.134344869116376,29.188430213938823,25.97934546672718,600.0,439.352202733239,1.6193333744449774,71.12159482559399,78.25189796803215,221.57724702115317,10.55,59.730932082731805,3502.5,2687.5,0.0,0.0,15084.055056781044,15292.379095470611,6.944444444444445,19.755998562664995,21.736638324453377,28064,True,"27/29 °C and 1000/1200 ppm are illustrative experiment targets, not universal regulatory limits.",False
50,120,8,0.02,baseline,30.134344869116376,29.188430213938823,25.97934546672718,600.0,439.352202733239,1.6193333744449774,71.12159482559399,78.25189796803215,221.57724702115317,10.55,59.730932082731805,3502.5,2687.5,0.0,0.0,15084.055056781044,15292.379095470611,6.944444444444445,19.755998562664995,21.736638324453377,28064,True,"27/29 °C and 1000/1200 ppm are illustrative experiment targets, not universal regulatory limits.",False
50,120,8,0.04,baseline,30.134344869116376,29.188430213938823,25.97934546672718,600.0,439.352202733239,1.6193333744449774,71.12159482559399,78.25189796803215,221.57724702115317,10.55,59.730932082731805,3502.5,2687.5,0.0,0.0,15084.055056781044,15292.379095470611,6.944444444444445,19.755998562664995,21.736638324453377,28064,True,"27/29 °C and 1000/1200 ppm are illustrative experiment targets, not universal regulatory limits.",False
50,120,8,0.06,baseline,30.134344869116376,29.188430213938823,25.97934546672718,600.0,439.352202733239,1.6193333744449774,71.12159482559399,78.25189796803215,221.57724702115317,10.55,59.730932082731805,3502.5,2687.5,0.0,0.0,15084.055056781044,15292.379095470611,6.944444444444445,19.755998562664995,21.736638324453377,28064,True,"27/29 °C and 1000/1200 ppm are illustrative experiment targets, not universal regulatory limits.",False
50,120,8,0.08,baseline,30.134344869116376,29.188430213938823,25.97934546672718,600.0,439.352202733239,1.6193333744449774,71.12159482559399,78.25189796803215,221.57724702115317,10.55,59.730932082731805,3502.5,2687.5,0.0,0.0,15084.055056781044,15292.379095470611,6.944444444444445,19.755998562664995,21.736638324453377,28064,True,"27/29 °C and 1000/1200 ppm are illustrative experiment targets, not universal regulatory limits.",False
