time_s,time_min,passengers,train_present,passenger_heat_W,train_heat_W,equipment_heat_W,piston_airflow_m3_s,target_ventilation_airflow_m3_s,leakage_airflow_signed_m3_s,total_mass_inflow_kg_s,total_mass_outflow_kg_s,air_density_kg_m3,air_temperature_K,internal_pressure_Pa,pressure_difference_Pa,co2_ppm,ventilation_airflow_m3_s,air_mass_kg,structure_temperature_K,structure_temperature_C,outdoor_temperature_C,outdoor_pressure_Pa,co2_moles,air_temperature_C,air_changes_per_hour,fan_power_proxy_W,cumulative_fan_energy_kWh
0.0,0.0,4.0,False,300.0,0.0,20000.0,0.0,25.0,0.0,29.109952535479017,29.499188069966458,1.1799675227986584,299.15,101325.0,0.0,600.0,25.0,15292.379095470611,298.65,25.5,30.0,101325.0,316.77417926623554,26.0,6.944444444444445,9375.0,0.0
5.0,0.08333333333333333,4.0,False,300.0,0.0,20000.0,0.0,25.0,-0.09438837542085698,29.2198581806151,29.49544695194107,1.1798178780776427,299.1877285816804,101324.92727211906,-0.07272788093541749,598.2989912443433,25.0,15290.43969988625,298.65018022397817,25.50018022397819,30.0,101325.0,315.83606010400075,26.037728581680426,6.944444444444445,9375.0,0.013020833333333334
10.0,0.16666666666666666,4.0,False,300.0,0.0,20000.0,0.0,25.0,0.02698952145460886,29.109952535479017,29.523658628848516,1.1796727929877102,299.22475728781046,101325.00594640219,0.0059464021906023845,596.6135519320405,25.0,15288.559397120724,298.65036664190103,25.500366641901053,30.0,101325.0,314.9076038087142,26.074757287810485,6.944444444444445,9375.0,0.026041666666666668
15.0,0.25,4.0,False,300.0,0.0,20000.0,0.0,25.0,0.015459557750600754,29.109952535479017,29.50649178826033,1.1795302708767652,299.2609006800431,101325.00195100348,0.0019510034762788564,594.9438261283464,25.0,15286.712310562878,298.6505591158503,25.500559115850308,30.0,101325.0,313.9883415605476,26.11090068004313,6.944444444444445,9375.0,0.0390625
20.0,0.3333333333333333,4.0,False,300.0,0.0,20000.0,0.0,25.0,-0.06630969532071268,29.187163418816137,29.48476605983574,1.1793906423934295,299.29621849938934,101324.96410632087,-0.03589367913082242,593.2896452580176,25.0,15284.902725418848,298.65075751041275,25.500757510412768,30.0,101325.0,313.07826342531916,26.146218499389363,6.944444444444445,9375.0,0.052083333333333336
25.0,0.4166666666666667,4.0,False,300.0,0.0,20000.0,0.0,25.0,-0.052683496229885655,29.171297098465217,29.481363452232944,1.1792545380893178,299.3308010369865,101324.97734244265,-0.0226575573469745,591.6508207000985,25.0,15283.138813637559,298.6509616932735,25.500961693273496,30.0,101325.0,312.1774274633765,26.18080103698651,6.944444444444445,9375.0,0.06510416666666667
30.0,0.5,4.0,False,300.0,0.0,20000.0,0.0,25.0,-0.07820414994327955,29.20101329919607,29.47802831648926,1.1791211326595705,299.3645866752099,101324.95007437495,-0.04992562504776288,590.0272843496004,25.0,15281.409879268034,298.65117153485266,25.501171534852688,30.0,101325.0,311.28556930722635,26.214586675209944,6.944444444444445,9375.0,0.078125
35.0,0.5833333333333334,4.0,False,300.0,0.0,20000.0,0.0,25.0,-0.0438901257696525,29.161058114596248,29.47477997491686,1.1789911989966744,299.3976799515922,101324.98427474988,-0.01572525012306869,588.4188234843866,25.0,15279.725938996899,298.6513869084758,25.50138690847581,30.0,101325.0,310.4027716082893,26.247679951592204,6.944444444444445,9375.0,0.09114583333333333
40.0,0.6666666666666666,4.0,False,300.0,0.0,20000.0,0.0,25.0,-0.11083955491818435,29.239013902787892,29.471579667102706,1.1788631866841082,299.42994153529605,101324.8997109638,-0.10028903619968332,586.8254678754571,25.0,15278.066899426043,298.6516076903262,25.50160769032624,30.0,101325.0,309.52863285902464,26.279941535296075,6.944444444444445,9375.0,0.10416666666666667
45.0,0.75,4.0,False,300.0,0.0,20000.0,0.0,25.0,-0.08066182193249521,29.203875007794224,29.468477344768996,1.1787390937907598,299.4616037378707,101324.94688710598,-0.05311289402015973,585.2468668803584,25.0,15276.458655528246,298.65183375914876,25.50183375914878,30.0,101325.0,308.66348463588156,26.311603737870712,6.944444444444445,9375.0,0.1171875
50.0,0.8333333333333334,4.0,False,300.0,0.0,20000.0,0.0,25.0,-0.09996932218081461,29.22635662442652,29.465428748222212,1.1786171499288884,299.4925029354854,101324.91841742549,-0.08158257450850215,583.6830816375597,25.0,15274.878263078395,298.6520649965078,25.50206499650784,30.0,101325.0,307.8068860643867,26.342502935485413,6.944444444444445,9375.0,0.13020833333333334
55.0,0.9166666666666666,4.0,False,300.0,0.0,20000.0,0.0,25.0,-0.09395861105616608,29.219357763804798,29.46245570982491,1.1784982283929963,299.52275266920816,101324.92793289313,-0.07206710687023588,582.1338797175614,25.0,15273.337039973234,298.652301286471,25.502301286471038,30.0,101325.0,306.9589351122572,26.372752669208182,6.944444444444445,9375.0,0.14322916666666666
60.0,1.0,4.0,False,300.0,0.0,20000.0,0.0,25.0,-0.1148527249058556,29.243686830302213,29.45953962889705,1.178381585155882,299.5522959248643,101324.89231715577,-0.10768284423102159,580.5992164047931,25.0,15271.825343620232,298.6525425155465,25.50254251554651,30.0,101325.0,306.11940630745744,26.402295924864347,6.944444444444445,9375.0,0.15625
65.0,1.0833333333333333,4.0,False,300.0,0.0,20000.0,0.0,25.0,-0.11498314154836829,29.243838687193147,29.456695577900245,1.1782678231160097,299.58121704715705,101324.89207246661,-0.10792753339046612,579.078887488355,25.0,15270.350987583486,298.6527885729319,25.502788572931934,30.0,101325.0,305.28834123177296,26.431217047157077,6.944444444444445,9375.0,0.16927083333333334
70.0,1.1666666666666667,4.0,False,300.0,0.0,20000.0,0.0,25.0,-0.10416730758800748,29.231244750664438,29.453918862319323,1.178156754492773,299.60951674562926,101324.91142181249,-0.08857818751130253,577.5727816583419,25.0,15268.911538226337,298.6530393501726,25.503039350172628,30.0,101325.0,304.46562461258816,26.459516745629287,6.944444444444445,9375.0,0.18229166666666666
75.0,1.25,4.0,False,300.0,0.0,20000.0,0.0,25.0,-0.10209563482105112,29.22883249882783,29.451200797175208,1.1780480318870084,299.6371781639393,101324.91491005184,-0.08508994815929327,576.0808173362997,25.0,15267.502493255628,298.6532947410627,25.503294741062746,30.0,101325.0,303.65111633956246,26.487178163939348,6.944444444444445,9375.0,0.1953125
80.0,1.3333333333333333,4.0,False,300.0,0.0,20000.0,0.0,25.085461363008903,-0.08969652771070306,29.218659431675167,29.45286046558494,1.1779418573611278,299.66424356050146,101324.93432271769,-0.06567728231311776,574.6027948730984,25.003662346770163,15266.126471400215,298.65355464199814,25.503554641998164,30.0,101325.0,302.8447563749864,26.514243560501484,6.945461762991712,9379.12074372118,0.2083361949609175
85.0,1.4166666666666667,4.0,False,300.0,0.0,20000.0,0.0,25.243995696872844,-0.12084499729617372,29.28417517153337,29.47983225747347,1.1778373811716265,299.6906659494788,101324.88078764595,-0.11921235405316111,573.1379386326943,25.028779633525545,15264.77245998428,298.6538189527106,25.503818952710617,30.0,101325.0,302.0459110039811,26.540665949478807,6.952438787090428,9407.41437404734,0.22138239990381225
90.0,1.5,4.0,False,300.0,0.0,20000.0,0.0,25.3999342714734,-0.0792960313922844,29.288639004692037,29.53074435843225,1.1777360346877768,299.7166557119122,101324.94867052576,-0.051329474241356365,571.6846488625217,25.07416219650695,15263.459009553586,298.6540875792276,25.504087579227644,30.0,101325.0,301.2540981696703,26.566655711912233,6.965045054585264,9458.680217219548,0.23448385448108094
95.0,1.5833333333333333,4.0,False,300.0,0.0,20000.0,0.0,25.55239962636199,-0.09231255359046361,29.376055969563243,29.601317621262403,1.1776359791685302,299.74206660439364,101324.93043585673,-0.0695641432685079,570.2420656964041,25.136220483143195,15262.162290024153,298.65436043409505,25.504360434095076,30.0,101325.0,300.46838797098366,26.592066604393665,6.9822834675397765,9529.084581063353,0.24766980225766627
100.0,1.6666666666666667,4.0,False,300.0,0.0,20000.0,0.0,25.70218944757437,-0.08228235031349693,29.45254979306608,29.688024548037735,1.1775380703195337,299.7670315745957,101324.9447315496,-0.055268450392759405,568.809151873296,25.211944561573002,15260.893391341157,298.6546374350554,25.50463743505543,30.0,101325.0,299.6884477496289,26.617031574595728,7.003317933770279,9615.464766535793,0.260964628193499
105.0,1.75,4.0,False,300.0,0.0,20000.0,0.0,25.848873817598474,-0.12055797343898944,29.598266947701465,29.787867111623346,1.1774413079624804,299.7914789695997,101324.88135326563,-0.11864673436502926,567.3853523326452,25.298812696804543,15259.639351193746,298.6549185045978,25.50491850459781,30.0,101325.0,298.9137257725188,26.641478969599746,7.0274479713345945,9715.19829857194,0.2743886997664905
110.0,1.8333333333333333,4.0,False,300.0,0.0,20000.0,0.0,25.993285802940704,-0.12383621157924032,29.71374654086584,29.898378024543806,1.1773467090528666,299.8155476338234,101324.87481300165,-0.12518699835345615,565.9699376697768,25.394709812028083,15258.413349325152,298.6552035687683,25.50520356876831,30.0,101325.0,298.14409195369774,26.66554763382345,7.054086058896689,9826.096247625615,0.2879590432013499
115.0,1.9166666666666667,4.0,False,300.0,0.0,20000.0,0.0,26.135530670541357,-0.09640332090865483,29.801916751957354,30.017467774732598,1.1772541924765616,299.83925511175687,101324.92413387525,-0.07586612475279253,564.5624685592854,25.497864409032655,15257.214334496237,298.6554925570573,25.505492557057323,30.0,101325.0,297.3792892167605,26.689255111756893,7.082740113620182,9946.325606884797,0.30168989171142657
120.0,2.0,4.0,False,300.0,0.0,20000.0,0.0,26.274922604431595,-0.11983369329546573,29.95603461989412,30.143355893350513,1.177162503647332,299.8624871007386,101324.8827745792,-0.11722542080678977,563.162881908596,25.606792435160003,15256.026047269424,298.65578540176716,25.505785401767184,30.0,101325.0,296.6189632818988,26.7124871007386,7.112997898655556,10074.344408740699,0.31559313477783313
125.0,2.0833333333333335,4.0,False,300.0,0.0,20000.0,0.0,26.412420169623488,-0.10116251774053424,30.066403707459113,30.274610281861943,1.17707294004009,299.8854033616039,101324.91645832657,-0.08354167343350127,561.7706632656485,25.720249996428272,15254.865302919567,298.65608203745205,25.506082037452074,30.0,101325.0,295.8631668087654,26.735403361603915,7.144513887896742,10208.849630720455,0.3296786861941256
130.0,2.1666666666666665,4.0,False,300.0,0.0,20000.0,0.0,26.5480638898174,0.044017420323020834,30.084792881064896,30.461820469158997,1.1769853655548408,299.9080106483029,101325.0158165983,0.015816598301171325,560.3855034638208,25.837205371940875,15253.730337590736,298.6563824024247,25.50638240242472,30.0,101325.0,295.11169800077823,26.7580106483029,7.177001492205799,10348.74920579412,0.3439547964972607
135.0,2.25,4.0,False,300.0,0.0,20000.0,0.0,26.68090099992901,-0.07496757224482471,30.31137431232929,30.548533948026424,1.1768977691003712,299.9301501666548,101324.95412133152,-0.045878668475779705,559.006273457105,25.956828834315775,15252.595087540813,298.6566864431117,25.506686443111732,30.0,101325.0,294.3634547814735,26.780150166654835,7.210230231754382,10493.15650079807,0.3584283421268386
140.0,2.3333333333333335,4.0,False,300.0,0.0,20000.0,0.0,26.8119159542249,-0.08046095833160037,30.459276436355232,30.689322241895873,1.1768120126547785,299.9519859923708,101324.94715129946,-0.052848700535832904,557.6341261695811,26.07835568627789,15251.483684005929,298.65699409453595,25.50699409453597,30.0,101325.0,293.619508131146,26.801985992370817,7.243987690632748,10641.230821622295,0.3731049999896305
145.0,2.4166666666666665,4.0,False,300.0,0.0,20000.0,0.0,26.94093353937899,-0.07829430240348535,30.59976957069941,30.831653549681647,1.1767276881182818,299.9734889232298,101324.94995920172,-0.05004079827631358,556.2689928043176,26.201179645041652,15250.39083801293,298.65730529920984,25.50730529920986,30.0,101325.0,292.87971605007544,26.82348892322983,7.278105456956015,10792.294425603372,0.3879893925224261
150.0,2.5,4.0,False,300.0,0.0,20000.0,0.0,27.06785793572317,-0.08822870398787486,30.755272869413584,30.974924883725354,1.1766445545631112,299.9946429892872,101324.93645465953,-0.06354534046840854,554.9109167286782,26.324793467663955,15249.313427137922,298.6576200006647,25.5076200006647,30.0,101325.0,292.14403813320973,26.844642989287195,7.312442629906655,10945.766218369106,0.4030852679696292
155.0,2.5833333333333335,4.0,False,300.0,0.0,20000.0,0.0,27.193244037985664,0.027138307090996325,30.796894516276783,31.150581678190818,1.1765634026756893,300.0155406729976,101325.00601214459,0.006012144585838541,553.559841100562,26.44876737495684,15248.261698676934,298.6579381424381,25.50793814243815,30.0,101325.0,291.4126373365069,26.86554067299761,7.346879826376901,11101.139521724655,0.4183956191780276
160.0,2.6666666666666665,4.0,False,300.0,0.0,20000.0,0.0,27.315924702563848,-0.09419679612888195,31.050941253701144,31.262369371901375,1.1764823117023038,300.0359874504273,101324.92756704979,-0.07243295021180529,552.2160225149067,26.572749170080154,15247.210759661857,298.6582596700741,25.508259670074096,30.0,101325.0,290.68516979502857,26.885987450427308,7.381319213911153,11257.986268923618,0.43392278986597776
165.0,2.75,4.0,False,300.0,0.0,20000.0,0.0,27.437046323562527,-0.10137486256106136,31.203316357145795,31.40576438132182,1.176403028225314,300.0561743872604,101324.91610724278,-0.08389275721856393,550.8793663907734,26.69643279369963,15246.18324580007,298.65858452781407,25.508584527814094,30.0,101325.0,289.9620153261144,26.90617438726042,7.415675776027675,11415.920965275327,0.44966855877861595
170.0,2.8333333333333335,4.0,False,300.0,0.0,20000.0,0.0,27.55694852824365,0.06150430406637191,31.228678736233086,31.620929661306025,1.1763260176043244,300.0761580880406,101325.03087983199,0.03087983198929578,549.5498665095786,26.819589192194474,15245.185188152045,298.6589126653361,25.50891266533614,30.0,101325.0,289.2432810773881,26.92615808804061,7.449885886720687,11574.64325047981,0.46563422837289037
175.0,2.9166666666666665,4.0,False,300.0,0.0,20000.0,0.0,27.673816724117387,-0.10089382134948843,31.488696235990894,31.69048491136914,1.1762483437512266,300.0956361206862,101324.91690152501,-0.08309847499185707,548.2279074967576,26.942001729246723,15244.178535015895,298.65924402816944,25.509244028169462,30.0,101325.0,288.5284444698725,26.94563612068623,7.483889369235201,11733.858032712164,0.48182068759732927
180.0,3.0,4.0,False,300.0,0.0,20000.0,0.0,27.78961849421114,-0.07923833734276979,31.60496117833621,31.83136813316407,1.1761730692377275,300.11493641570183,101324.94874519098,-0.0512548090191558,546.9132890483526,27.063507034550483,15243.202977320947,298.6595785654931,25.509578565493143,30.0,101325.0,287.81814991639067,26.964936415701857,7.517640842930689,11893.330095187988,0.49822845713059327
185.0,3.0833333333333335,4.0,False,300.0,0.0,20000.0,0.0,27.9034200125667,-0.08439883022225206,31.751228174680033,31.971021913617932,1.1760986611326492,300.13390333542776,101324.94185173434,-0.05814826565620024,545.6062645537397,27.18396251112814,15242.238648279132,298.65991622567753,25.509916225677557,30.0,101325.0,287.1121515585675,26.983903335427783,7.5511006975355945,12052.844073707936,0.5148577447478822
190.0,3.1666666666666665,4.0,False,300.0,0.0,20000.0,0.0,28.015357558714186,-0.10021233085456961,31.908557295399365,32.109330271869105,1.176025283042659,300.152559593119,101324.91802031628,-0.08197968371678144,544.3069066661212,27.303265274020795,15241.287668232859,298.6602569603475,25.510256960347533,30.0,101325.0,286.41052519244914,27.00255959311903,7.584240353894665,12212.2311608872,0.5317084914385731
195.0,3.25,4.0,False,300.0,0.0,20000.0,0.0,28.125700578432657,-0.09623367614237796,32.041375376404936,32.24617990641903,1.175953305825771,300.1709500964054,101324.9244006496,-0.07559935039898846,543.0152760319666,27.421309797479847,15240.354843501993,298.66060071778884,25.51060071778886,30.0,101325.0,285.71339028107366,27.020950096405443,7.617030499299958,12371.314180787263,0.5487803979258471
200.0,3.3333333333333335,4.0,False,300.0,0.0,20000.0,0.0,28.2343945900991,-0.08099030750973496,32.15952920119605,32.38148453844257,1.175882595874841,300.1890657650165,101324.94645363338,-0.05354636661650147,541.7314871134972,27.538025183841743,15239.43844253794,298.66094744976164,25.51094744976166,30.0,101325.0,285.02077148615155,27.039065765016517,7.64945143995604,12529.958387266279,0.5660729483203287
205.0,3.4166666666666665,4.0,False,300.0,0.0,20000.0,0.0,28.341173536583483,-0.09314915252839008,32.307982431663255,32.515171408225626,1.1758126880860924,300.2068622560972,101324.92916926843,-0.07083073156536557,540.4556869183574,27.65335987414084,15238.532437595759,298.66129710933734,25.511297109337363,30.0,101325.0,284.332630749606,27.056862256097247,7.681488853928011,12688.052495744165,0.5835854558779748
210.0,3.5,4.0,False,300.0,0.0,20000.0,0.0,28.446320651422525,-0.09727867712985476,32.44541095381858,32.647183752143526,1.1757439797592057,300.22438677523706,101324.92274986919,-0.07725013080926146,539.1879312098421,27.767255724183865,15237.641977679306,298.6616496471048,25.511649647104832,30.0,101325.0,283.64909113215697,27.074386775237087,7.713126590051073,12845.4738761835,0.6013170714140358
215.0,3.5833333333333335,4.0,False,300.0,0.0,20000.0,0.0,28.5497909638824,-0.1021035186586366,32.58194173864182,32.777486815425696,1.1756763571463884,300.2416318273137,101324.91489691002,-0.0851030899793841,537.9283264808919,27.879685268982943,15236.765588617194,298.6620050175931,25.51200501759314,30.0,101325.0,282.9701784923456,27.091631827313734,7.744357019161929,13002.140378588276,0.619266803535405
220.0,3.6666666666666665,4.0,False,300.0,0.0,20000.0,0.0,28.651582444432393,-0.11018796070457978,32.72050765946238,32.906026270527384,1.175609766389378,300.25859707407204,101324.90088663931,-0.09911336068762466,536.6769702758647,27.99060301411996,15235.90257240634,298.66236317129693,25.512363171296954,30.0,101325.0,282.2959286308151,27.108597074072065,7.775167503922211,13157.943423516732,0.6374335283979778
225.0,3.75,4.0,False,300.0,0.0,20000.0,0.0,28.751696158738582,-0.12261170331852006,32.86234966994759,33.032785208282014,1.1755441664920707,300.2752826931231,101324.8772764915,-0.12272350849525537,535.4339556206093,28.099995006444384,15235.052397737238,298.6627240632363,25.512724063236305,30.0,101325.0,281.626378185122,27.125282693123097,7.805554168456774,13312.81750267065,0.6558160012633858
230.0,3.8333333333333335,4.0,False,300.0,0.0,20000.0,0.0,28.850386894316898,-0.11624479787292173,32.98053488862615,33.15777406856193,1.175479920174782,300.2917311490528,101324.88969099565,-0.11030900434707291,534.199332478463,28.207860891091784,15234.219765465175,298.66308765036655,25.513087650366572,30.0,101325.0,280.9616377425912,27.141731149052816,7.835516914192162,13466.716267992328,0.674412899715235
235.0,3.9166666666666665,4.0,False,300.0,0.0,20000.0,0.0,28.94757614539526,-0.099755408077579,33.0851229954672,33.28095483216988,1.1754168536442668,300.30792935756585,101324.91876619232,-0.08123380767938215,532.9732001575333,28.31417188632738,15233.4024232297,298.6634538846328,25.51345388463284,30.0,101325.0,280.30171512008394,27.157929357565877,7.86504774620205,13619.552652291033,0.6932228086876541
240.0,4.0,4.0,False,300.0,0.0,20000.0,0.0,29.04277138304394,-0.1279164705850987,33.239903775034456,33.402317355450904,1.175354150163735,300.3237952305073,101324.8664275637,-0.13357243630161975,531.7557146685114,28.418938539331084,15232.589786122006,298.6638227242668,25.513822724266845,30.0,101325.0,279.64649537968234,27.173795230507324,7.894149594258634,13771.295862106841,0.712244231267097
245.0,4.083333333333333,4.0,False,300.0,0.0,20000.0,0.0,29.13670947181538,-0.1259277330083861,33.357769925487155,33.521883817802944,1.1752929281129205,300.3394515786359,101324.8705486209,-0.12945137910719495,530.5468426782811,28.522152236231452,15231.796348343449,298.6641941242456,25.51419412424565,30.0,101325.0,278.9962251575058,27.189451578635897,7.922820065619848,13921.887857521086,0.7314756088501719
250.0,4.166666666666667,4.0,False,300.0,0.0,20000.0,0.0,29.229105866899204,-0.12497397441615857,33.475026858996365,33.639634658230015,1.1752326926961225,300.3548509778165,101324.8725020875,-0.12749791250098497,529.3467014513557,28.623807750835045,15231.015697341747,298.6645680401484,25.514568040148447,30.0,101325.0,278.3508458129643,27.204850977816534,7.95105770856529,14071.275605595441,0.7509153056995583
255.0,4.25,4.0,False,300.0,0.0,20000.0,0.0,29.320279869074852,-0.0923990489652336,33.55366632781649,33.755600457180094,1.1751739082914578,300.3700466448458,101324.9303054347,-0.06969456530350726,528.1553142043311,28.723919259112993,15230.253851457293,298.66494443065915,25.51494443065917,30.0,101325.0,277.7104769975057,27.22004664484581,7.978866460864721,14219.435062665993,0.7705616325525176
260.0,4.333333333333333,4.0,False,300.0,0.0,20000.0,0.0,29.409240515160946,-0.13577794267597815,33.71895299863677,33.86974013487628,1.1751149654955715,300.38487341919347,101324.84950490027,-0.15049509973323438,526.9728902648103,28.822490674852972,15229.489952822607,298.66532325317957,25.515323253179588,30.0,101325.0,277.07484628788404,27.23487341919349,8.006247409681382,14366.327826706776,0.7904128567812487
265.0,4.416666666666667,4.0,False,300.0,0.0,20000.0,0.0,29.49727769677952,-0.1238597396040528,33.818071055482854,33.98212426283366,1.1750578605452655,300.39954628279656,101324.8747654278,-0.12523457220231649,525.7993039036845,28.919532734383676,15228.74987266664,298.6657044663788,25.51570446637885,30.0,101325.0,276.4443567581596,27.249546282796587,8.033203537328799,14511.92633469523,0.810467199948889
270.0,4.5,4.0,False,300.0,0.0,20000.0,0.0,29.58353932647458,-0.14065172517830682,33.948852636723885,34.09272770294611,1.1750012052192695,300.4139232210791,101324.83850687514,-0.16149312486231793,524.634734472452,29.015057645480447,15228.015619641732,298.66608802952175,25.516088029521768,30.0,101325.0,275.81877325732574,27.263923221079096,8.05973823485568,14656.206101223019,0.8307228474738322
275.0,4.583333333333333,4.0,False,300.0,0.0,20000.0,0.0,29.668566995617084,-0.13952616371427698,34.05700666931063,34.2015766258749,1.1749458099317704,300.4280944992695,101324.84108122154,-0.1589187784556998,523.4791583045055,29.109067275077987,15227.297696715745,298.66647390033273,25.516473900332755,30.0,101325.0,275.1982717719503,27.278094499269514,8.085852020854997,14799.127773469809,0.8511779404423688
280.0,4.666666666666667,4.0,False,300.0,0.0,20000.0,0.0,29.75227157124141,-0.12998943148608902,34.153631527431905,34.308695841250795,1.1748914956473429,300.44204526187355,101324.86206324655,-0.13793675345368683,522.3326369406532,29.20158667277386,15226.593783589562,298.6668620408082,25.516862040808235,30.0,101325.0,274.5828401877596,27.292045261873568,8.111551853548294,14940.688081536826,0.8718305903416791
285.0,4.75,4.0,False,300.0,0.0,20000.0,0.0,29.834479368099096,-0.12908170094014348,34.25856597950266,34.41407367240593,1.1748379408305933,300.4557465613498,101324.86398297537,-0.13601702463347465,521.1952393834832,29.292613454478392,15225.899713164488,298.66725240882204,25.51725240882206,30.0,101325.0,273.97243747088487,27.30574656134985,8.136837070688442,15080.842781471498,0.8926788756632126
290.0,4.833333333333333,4.0,False,300.0,0.0,20000.0,0.0,29.91508657445854,-0.1469787559718033,34.3836925341955,34.517738794548656,1.174784944028126,300.46918109574307,101324.82365098198,-0.17634901801648084,520.0670194996839,29.382176686903687,15225.212874604511,298.6676449676969,25.517644967696924,30.0,101325.0,273.3670432430565,27.31918109574309,8.161715746362136,15219.596841690882,0.913720847623742
295.0,4.916666666666667,4.0,False,300.0,0.0,20000.0,0.0,29.994557268348444,-0.14567922306543643,34.48477574577693,34.61972534909378,1.1747331960874656,300.4824262113914,101324.82675562422,-0.17324437577917706,518.9479511322611,29.47028777632001,15224.542221293554,298.6680396783946,25.518039678394643,30.0,101325.0,272.76680266895767,27.332426211391407,8.186191048977781,15356.92914902035,0.9349545462284025
300.0,5.0,4.0,False,300.0,0.0,20000.0,0.0,30.072711054603587,-0.14219051082475526,34.58163511255861,34.72004046534876,1.174682369758882,300.4954518424339,101324.83495394801,-0.165046051988611,517.838091849325,29.556960553068894,15223.88351207511,298.66843650263513,25.518436502635154,30.0,101325.0,272.17166767118385,27.34545184243393,8.210266820296916,15492.82325243461,0.9563779853960795
305.0,5.083333333333333,4.0,False,300.0,0.0,20000.0,0.0,30.14963850937454,-0.13000193232783533,34.66670354413775,34.818701648893224,1.1746325656762195,300.50827308489573,101324.86203671503,-0.13796328497119248,516.7374589448923,29.64220698993526,15223.238051163804,298.66883540233067,25.518835402330694,30.0,101325.0,271.58166860479395,27.358273084895757,8.233946386093129,15627.260697046666,0.9779891548054416
310.0,5.166666666666667,4.0,False,300.0,0.0,20000.0,0.0,30.224828669209614,-0.15402033969050116,34.79230127466607,34.91571528220787,1.1745829380452064,300.5208047782016,101324.80634885683,-0.19365114317042753,515.6461435323705,29.726053521870636,15222.594877065876,298.6692363422474,25.51923634224744,30.0,101325.0,270.9966560878101,27.370804778201602,8.257237089408509,15760.246890502885,0.9997860350745733
315.0,5.25,4.0,False,300.0,0.0,20000.0,0.0,30.299101649680892,-0.14757588518643186,34.88081312064545,35.01113420583557,1.1745347414076712,300.5331836082801,101324.82221516826,-0.17778483174333815,514.5640610483811,29.808513083125135,15221.97024864342,298.66963928529765,25.51963928529767,30.0,101325.0,270.4168736380068,27.38318360828015,8.280142523090316,15891.767012808798,1.0217666002852064
320.0,5.333333333333333,4.0,False,300.0,0.0,20000.0,0.0,30.37192444651555,-0.15525905382357288,34.98416862363905,35.1049410136454,1.1744870891839672,300.5453207410859,101324.80322143841,-0.19677856158523355,513.4912983805755,29.889592943960153,15221.352675824215,298.67004419401076,25.52004419401078,30.0,101325.0,269.8421605449858,27.395320741085925,8.302664706655598,16021.79800649018,1.043928798215275
325.0,5.416666666666667,4.0,False,300.0,0.0,20000.0,0.0,30.44362382032682,-0.15289334446808947,35.07425055520966,35.19718456208253,1.17444046157623,300.5572706367211,101324.80917245075,-0.1908275492460234,512.4278282033366,29.969322169677284,15220.748382027941,298.6704510350611,25.520451035061114,30.0,101325.0,269.27261116898995,27.407270636721137,8.324811713799246,16150.352718534872,1.066270569552098
330.0,5.5,4.0,False,300.0,0.0,20000.0,0.0,30.51399119513428,-0.1579972035695076,35.17146939564818,35.28786622697178,1.1743944859768123,300.56899853252236,101324.79621945848,-0.20378054151660763,511.37368831565,30.04771109566374,15220.152538259486,298.6708597722271,25.52085977222714,30.0,101325.0,268.7081580730171,27.41899853252238,8.34658641546215,16277.414962966577,1.0887898526642519
335.0,5.583333333333333,4.0,False,300.0,0.0,20000.0,0.0,30.583287036591628,-0.1520827719098259,35.25432158483435,35.377021451929274,1.1743495353378208,300.5805478394319,101324.81119045297,-0.18880954703490715,510.32885434986724,30.12478004834608,15219.569977978157,298.67127037165926,25.521270371659284,30.0,101325.0,268.1488721140965,27.430547839431938,8.36799445787391,16402.985627285507,1.1114845752963713
340.0,5.666666666666667,4.0,False,300.0,0.0,20000.0,0.0,30.651360087104763,-0.14788428724546315,35.33765232594073,35.464659834640145,1.174305329964316,300.59189334785077,101324.82147132723,-0.17852867276815232,509.2933497701538,30.200544040550188,15218.997076337535,298.6716827991148,25.521682799114842,30.0,101325.0,267.59469988641956,27.441893347850794,8.38904001126394,16527.057952227682,1.1343526611154777
345.0,5.75,4.0,False,300.0,0.0,20000.0,0.0,30.71804386796498,-0.1597212632723016,35.43816203480462,35.55079963169962,1.1742615688104756,300.6030073113275,101324.79174790252,-0.20825209747999907,508.2671957041909,30.275026089555585,15218.429931783763,298.67209702212494,25.522097022124967,30.0,101325.0,267.04558243852813,27.453007311327497,8.409729469320995,16649.63927165338,1.1573920341876174
350.0,5.833333333333333,4.0,False,300.0,0.0,20000.0,0.0,30.783853025951657,-0.14946256416325202,35.51146427438856,35.635478065390956,1.1742190247948487,300.61397550432525,101324.81764034215,-0.18235965784697328,507.25032950411367,30.348237690678648,15217.87856134124,298.67251300679567,25.52251300679569,30.0,101325.0,266.50166111726935,27.463975504325276,8.430066025188513,16770.71894968083,1.1806006162857663
355.0,5.916666666666667,4.0,False,300.0,0.0,20000.0,0.0,30.84819219338158,-0.16372576776158923,35.61186418602693,35.7186896825815,1.1741767181720975,300.6246986988969,101324.78117447323,-0.21882552676834166,506.24281703217633,30.42019921684928,15217.330267510384,298.6729307212381,25.52293072123814,30.0,101325.0,265.9627464106396,27.47469869889693,8.450055338013689,16890.301886000576,1.2039763251994338
360.0,6.0,4.0,False,300.0,0.0,20000.0,0.0,30.911705750569013,-0.15527067283999027,35.684375631028274,35.80048502778803,1.1741356296684218,300.6352842917615,101324.80319198495,-0.19680801505455747,505.2445757741426,30.49092806927097,15216.797760502746,298.6733501335154,25.523350133515407,30.0,101325.0,265.4290158240279,27.485284291761502,8.469702241464159,17008.38902340881,1.2275170827754127
365.0,6.083333333333333,4.0,False,300.0,0.0,20000.0,0.0,30.97387492657151,-0.16401346088047716,35.77549596784384,35.88085743957485,1.1740948999087826,300.64564582109523,101324.78040477265,-0.21959522734687198,504.25565589680485,30.56044059331362,15216.269902817821,298.67377121202304,25.523771212023064,30.0,101325.0,264.90029967506564,27.495645821095252,8.48901127592045,17124.980437236125,1.2512208115675272
370.0,6.166666666666667,4.0,False,300.0,0.0,20000.0,0.0,31.035043106161424,-0.16574751554845804,35.85706001083874,35.95984375013555,1.174055034383291,300.65584051769355,101324.77573682522,-0.22426317477948032,503.2760052835334,30.628754783224093,15215.753245607451,298.6741939259324,25.524193925932423,30.0,101325.0,264.3766834280197,27.50584051769357,8.50798743978447,17240.07984835351,1.2750854367658533
375.0,6.25,4.0,False,300.0,0.0,20000.0,0.0,31.095237624853553,-0.15992760125507557,35.92845268732963,36.03746441015776,1.1740160385687375,300.66587293747557,101324.79120948863,-0.20879051137308124,502.3056060992789,30.695887642294593,15215.247859850839,298.67461824470695,25.52461824470697,30.0,101325.0,263.8581573126763,27.515872937475592,8.526635456192944,17353.6901936622,1.2991088881839197
380.0,6.333333333333333,4.0,False,300.0,0.0,20000.0,0.0,31.15431003889887,-0.15847211970272934,36.00357132671185,36.11373108120795,1.1739776401200088,300.67571833981646,101324.7949925492,-0.20500745080062188,501.34445733564326,30.76185597326731,15214.750215955313,298.6750441382864,25.525044138286432,30.0,101325.0,263.344658090242,27.52571833981648,8.544959992574253,17465.814920923593,1.3232891000690488
385.0,6.416666666666667,4.0,False,300.0,0.0,20000.0,0.0,31.21224290281748,-0.16394684688278058,36.08542530004148,36.18866400392831,1.173939774916652,300.6853738171362,101324.78058311345,-0.21941688655351754,500.3925405312295,30.826678486549834,15214.259482919811,298.67547157739665,25.525471577396672,30.0,101325.0,262.8361604601244,27.535373817136247,8.562966246263843,17576.461573414836,1.3476240143012281
390.0,6.5,4.0,False,300.0,0.0,20000.0,0.0,31.269200788042212,-0.16546549395773938,36.16135651629625,36.262288335760154,1.1739026661538396,300.694866798007,101324.77649934946,-0.22350065053615253,499.4498153397634,30.890370540318706,15213.77855335376,298.6759005326845,25.525900532684545,30.0,101325.0,262.33269195767986,27.544866798007035,8.580658483421862,17685.63280899491,1.3721115798445682
395.0,6.583333333333333,4.0,False,300.0,0.0,20000.0,0.0,31.325140567738572,-0.16737321788840337,36.236444599277256,36.33462140944908,1.173866209394882,300.7041900946231,101324.7713159668,-0.22868403319444042,498.5162618790967,30.952949423579767,15213.306073757669,298.6763309756024,25.526330975602434,30.0,101325.0,261.8342174303036,27.554190094623095,8.598041506549935,17793.335378039337,1.3967497521966752
400.0,6.666666666666667,4.0,False,300.0,0.0,20000.0,0.0,31.380111727957228,-0.16731235236508418,36.30796404736439,36.405684704691566,1.1738304470367187,300.7133519546595,101324.77148225915,-0.2285177408484742,497.5918481640228,31.014432106950412,15212.842593595873,298.6767628780129,25.526762878012903,30.0,101325.0,261.3407282523765,27.563351954659538,8.615120029708448,17899.576282749098,1.4215364964055561
405.0,6.75,4.0,False,300.0,0.0,20000.0,0.0,31.434127913214866,-0.165446265390346,36.37612392303809,36.475497015807015,1.1737953649044486,300.72235465220245,101324.77655129199,-0.22344870801316574,496.67654403407823,31.074834767963374,15212.387929161652,298.6771962121211,25.527196212121112,30.0,101325.0,260.8522041332957,27.572354652202478,8.631898546656492,18004.361926610032,1.4464697868287222
410.0,6.833333333333333,4.0,False,300.0,0.0,20000.0,0.0,31.487131927000405,-0.16694581990021382,36.44696520403103,36.54407486638327,1.1737608374386617,300.73118865450004,101324.77248239362,-0.2275176063849358,495.77032455525995,31.134174612716187,15211.940453205054,298.6776309507676,25.527630950767616,30.0,101325.0,260.3686028613908,27.581188654500068,8.648381836865608,18107.701252119565,1.4715476084806178
415.0,6.916666666666667,4.0,False,300.0,0.0,20000.0,0.0,31.539129454220983,-0.17240180237176572,36.521194902607306,36.61143691207459,1.1737268387413198,300.7398549090368,101324.7573683146,-0.24263168539619073,494.87315620910204,31.19246804591768,15211.499830087503,298.67806706711997,25.52806706711999,30.0,101325.0,259.88990000378465,27.58985490903683,8.664574457199356,18209.602556031674,1.4967679583473894
420.0,7.0,4.0,False,300.0,0.0,20000.0,0.0,31.590194055433244,-0.17763702332836775,36.59396756536027,36.6776045132624,1.173693450596876,300.7483656759055,101324.74240888117,-0.25759111883235164,493.9849968415241,31.249730919611242,15211.067119735513,298.6785045347153,25.528504534715296,30.0,101325.0,259.4160904498764,27.59836567590554,8.680480811003124,18310.073886201862,1.5221288447656072
425.0,7.083333333333333,4.0,False,300.0,0.0,20000.0,0.0,31.64043761292669,-0.17631664109870931,36.6579250974857,36.74260067620638,1.1736608158118116,300.7567396021544,101324.74622401691,-0.253775983088417,493.1057990510012,31.305978849427483,15210.644172921078,298.6789433275038,25.52894332750384,30.0,101325.0,258.9471796835066,27.606739602154448,8.696105235952079,18409.12356828606,1.5476282874423348
430.0,7.166666666666667,4.0,False,300.0,0.0,20000.0,0.0,31.689844222017882,-0.17044520409562477,36.715420239342954,36.8064425758579,1.173628875480045,300.76497403700296,101324.76284434613,-0.23715565387101378,492.23552664997607,31.361227850501805,15210.230226221383,298.6793834199513,25.52938341995133,30.0,101325.0,258.48313444655884,27.61497403700298,8.711452180694947,18506.761311055812,1.5732643186085444
435.0,7.25,4.0,False,300.0,0.0,20000.0,0.0,31.738161597552562,-0.17819177089082947,36.787629371358676,36.86913736878865,1.1735971973864043,300.7730269329254,101324.74079749214,-0.25920250786293764,491.3741644209944,31.415495410943425,15209.8196781278,298.67982478721325,25.529824787213272,30.0,101325.0,258.02385052870505,27.623026932925427,8.72652650303984,18603.00011279575,1.5990349862639968
440.0,7.333333333333333,4.0,False,300.0,0.0,20000.0,0.0,31.78569874599748,-0.17956879808568055,36.851295209438916,36.930715829072675,1.1735662371339637,300.78094979099956,101324.73677589187,-0.263224108130089,490.52164104541583,31.468795420753914,15209.418433256169,298.68026740429286,25.530267404292886,30.0,101325.0,257.5693897928277,27.63094979099958,8.741332061320533,18697.847253257634,1.6249383524904226
445.0,7.416666666666667,4.0,False,300.0,0.0,20000.0,0.0,31.832480808514106,-0.17401104748396232,36.90577745670496,36.99119639264217,1.173536001882225,300.788746801419,101324.75281759472,-0.24718240527727176,489.6779117361248,31.521143222970828,15209.026584393634,298.68071124686884,25.53071124686886,30.0,101325.0,257.1197291019942,27.638746801419018,8.755873117491896,18791.313205992374,1.6509724916982351
450.0,7.5,4.0,False,300.0,0.0,20000.0,0.0,31.878199433940154,-0.18295842393777068,36.976061010161246,37.05058332221679,1.1735059719108298,300.79636657232334,101324.72674461314,-0.27325538685545325,488.8429612763053,31.572556262229334,15208.637395964355,298.68115629140016,25.53115629140018,30.0,101325.0,256.67474561269285,27.64636657232336,8.770154517285926,18883.412833448703,1.6771354958922913
455.0,7.583333333333333,4.0,False,300.0,0.0,20000.0,0.0,31.923335253191,-0.17555255792111019,37.02622860724197,37.10891403478413,1.173476875370984,300.80388920886514,101324.74841877067,-0.2515812293277122,488.01669935306603,31.62304670303152,15208.260304807953,298.6816025139031,25.531602513903124,30.0,101325.0,256.2345503174372,27.653889208865166,8.784179639730977,18974.152147588855,1.7034254715735673
460.0,7.666666666666667,4.0,False,300.0,0.0,20000.0,0.0,31.967410698955632,-0.18416690112487463,37.09399703653646,37.166185208507294,1.1734479257329393,300.8112351164926,101324.7231228778,-0.2768771222035866,487.19912321632313,31.67263275470292,15207.885117498894,298.682049891813,25.532049891813017,30.0,101325.0,255.79896894273233,27.661235116492605,8.797953542973033,19063.5485956804,1.7298405415341709
465.0,7.75,4.0,False,300.0,0.0,20000.0,0.0,32.01091908437854,-0.17735219672156374,37.142760472740136,37.222434439065886,1.1734198720212232,300.81848651406307,101324.74323427198,-0.2567657280160347,486.3901398748221,31.721326122549815,15207.521541395052,298.68249840191345,25.53249840191347,30.0,101325.0,255.36811517505524,27.66848651406309,8.81147947848606,19151.60849002775,1.7563788450659126
470.0,7.833333333333333,4.0,False,300.0,0.0,20000.0,0.0,32.053400492903734,-0.18602763532577032,37.2085419328267,37.27765878646613,1.1733919563757254,300.82556674881727,101324.71749974608,-0.282500253917533,485.5897415280018,31.76914464422121,15207.159754629402,298.68294802241144,25.53294802241146,30.0,101325.0,254.94181896294597,27.67556674881729,8.824762401172558,19238.34977192709,1.783038538303381
475.0,7.916666666666667,4.0,False,300.0,0.0,20000.0,0.0,32.0953494195312,-0.17894699589286356,37.25497150122668,37.33189548601753,1.1733649305002152,300.8325582365885,101324.73859569519,-0.2614043048088206,484.79783388972675,31.81609959154194,15206.80949928279,298.68339873084227,25.533398730842293,30.0,101325.0,254.52019339158772,27.682558236588534,8.837805442094982,19323.77903064292,1.809817794416277
480.0,8.0,4.0,False,300.0,0.0,20000.0,0.0,32.13630949846208,-0.1865150609171925,37.3174728980312,37.38514139553768,1.1733380429203324,300.8393849164103,101324.7160174045,-0.283982595501584,484.01440571983323,31.8622085264443,15206.461036247509,298.68385050618235,25.533850506182375,30.0,101325.0,254.10306856369496,27.689384916410347,8.85061347956786,19407.914808070887,1.836714804026495
485.0,8.083333333333334,4.0,False,300.0,0.0,20000.0,0.0,32.17666349605702,-0.18487723758104235,37.36828342051552,37.4374286192159,1.1733118694668565,300.84611058267615,101324.72098291448,-0.2790170855150791,483.2393712907493,31.907483077135463,15206.12182829046,298.6843033268297,25.53430332682973,30.0,101325.0,253.6905235273232,27.69611058267617,8.86318974364874,19490.76535299007,1.863727776360565
490.0,8.166666666666666,4.0,False,300.0,0.0,20000.0,0.0,32.21629675337033,-0.182236447601331,37.416971871459715,37.48876806716308,1.173286199791291,300.8527161255617,101324.72889695645,-0.271103043545736,482.47268737076354,31.951938132257705,15205.78914929513,298.68475717211606,25.534757172116088,30.0,101325.0,253.28248914054168,27.70271612556172,8.875538370071585,19572.345351489636,1.8908549365720093
495.0,8.25,4.0,False,300.0,0.0,20000.0,0.0,32.25505219637182,-0.1894460091344456,37.47619336156145,37.53916866644157,1.1732607568464346,300.85917536606195,101324.70702211937,-0.29297788062831387,481.7143128508612,31.99558874477465,15205.459408729794,298.6852120217887,25.53521202178871,30.0,101325.0,252.87888330334107,27.70917536606197,8.887663540215181,19652.670295165477,1.9180945307710753
500.0,8.333333333333334,4.0,False,300.0,0.0,20000.0,0.0,32.29325290802501,-0.1867893072502583,37.52300323538817,37.58865940662058,1.1732360232936434,300.8655421513375,101324.715181671,-0.284818329004338,480.96416564582677,32.03844636571707,15205.138861885618,298.68566785538815,25.53566785538817,30.0,101325.0,252.47976627938883,27.7155421513375,8.89956843492141,19731.749515273703,1.9454448223061027
505.0,8.416666666666666,4.0,False,300.0,0.0,20000.0,0.0,32.33076645137953,-0.18339008204489962,37.568042063382926,37.63724985786394,1.1732117618349598,300.87179440856323,101324.72545369639,-0.2745463036117144,480.22220112517704,32.08052551314135,15204.824433381078,298.68612465334115,25.536124653341176,30.0,101325.0,252.08506266554812,27.721794408563255,8.91125708698371,19809.598438152072,1.972904091718204
510.0,8.5,4.0,False,300.0,0.0,20000.0,0.0,32.36743821099958,-0.18988151226406613,37.62370804501668,37.684948473688515,1.1731877004749942,300.8779063684999,101324.70567356164,-0.29432643836480565,479.48837512767494,32.12184074077049,15204.512598155925,298.68658239645504,25.53658239645506,30.0,101325.0,251.69469019022995,27.72790636849993,8.922733539102913,19886.233020203803,2.000470641342062
515.0,8.583333333333334,4.0,False,300.0,0.0,20000.0,0.0,32.40350679203539,-0.1918663780555311,37.67325047360177,37.73178008858061,1.1731641894666656,300.88391779867254,101324.69948810589,-0.3005118941073306,478.76261100469014,32.162403547055014,15204.207895487985,298.68704106540525,25.537041065405276,30.0,101325.0,251.3086831888595,27.733917798672564,8.934000985293059,19961.6639828961,2.0281427920386594
520.0,8.666666666666666,4.0,False,300.0,0.0,20000.0,0.0,32.43900139927837,-0.1884077575430701,37.71559333622426,37.777760499477814,1.1731412482992176,300.8898335665464,101324.71022462774,-0.2897753722645575,478.0448487439531,32.202226760201974,15203.91057795786,298.6875006414528,25.537500641452823,30.0,101325.0,250.92701353888302,27.739833566546395,8.945062988944992,20035.90491668509,2.0559188815522575
525.0,8.75,4.0,False,300.0,0.0,20000.0,0.0,32.473829905271714,-0.18590895711117503,37.75820843226993,37.82290019930859,1.173118704957794,300.89563831754526,101324.7178600789,-0.28213992109522223,477.33503718352495,32.241323950818234,15203.61841625301,298.6879611063418,25.53796110634181,30.0,101325.0,250.54961685216242,27.745638317545286,8.955923319671731,20108.97120413015,2.083797267747268
530.0,8.833333333333334,4.0,False,300.0,0.0,20000.0,0.0,32.5079152322204,-0.19000085326946617,37.8076678451878,37.867210129009074,1.1730964116046239,300.90131920537004,101324.70530347557,-0.2946965244336752,476.6331230664406,32.27970843181788,15203.329494395926,298.68842244213,25.538422442130013,30.0,101325.0,250.17643302728993,27.751319205370066,8.966585675504968,20180.87815169686,2.1117763297999255
535.0,8.916666666666666,4.0,False,300.0,0.0,20000.0,0.0,32.54137562716039,-0.1938820914624265,37.856065673581014,37.910709267095534,1.173074529698224,300.90689593786004,101324.6931406907,-0.30685930930485483,475.9390375658418,32.31739186839915,15203.045904888982,298.6888846309553,25.538884630955295,30.0,101325.0,249.80745984982582,27.756895937860065,8.977053296777541,20251.638361462054,2.139854466267397
540.0,9.0,4.0,False,300.0,0.0,20000.0,0.0,32.574264781274906,-0.1950133968421308,37.90045911148761,37.953413663341806,1.1730531189805904,300.9123774635458,101324.6895491841,-0.31045081590127666,475.25271659963573,32.35438621596623,15202.768421988452,298.6893476553505,25.539347655350525,30.0,101325.0,249.44267577593698,27.762377463545818,8.987329504435063,20321.26533798856,2.16803009383646
545.0,9.083333333333334,4.0,False,300.0,0.0,20000.0,0.0,32.606586465946634,-0.19388928599999694,37.941438136831195,37.995337073094184,1.173032160619847,300.9177644109911,101324.69311791653,-0.30688208347419277,474.574099487837,32.39070363852335,15202.496801633217,298.6898114982245,25.539811498224537,30.0,101325.0,249.0820443014999,27.767764410991106,8.997417677367597,20389.773332505916,2.1963016484687476
550.0,9.166666666666666,4.0,False,300.0,0.0,20000.0,0.0,32.63832875552953,-0.19188095471012526,37.9806134782203,38.03649239984608,1.1730116113305211,300.92305479258823,101324.69944244261,-0.30055755739158485,473.903126273865,32.42635625465133,15202.230482843554,298.6902761428156,25.540276142815628,30.0,101325.0,248.7255241515822,27.773054792588255,9.007321181847592,20457.176858487997,2.224667586101382
555.0,9.25,4.0,False,300.0,0.0,20000.0,0.0,32.66948035421399,-0.19033329039099328,38.01956503263178,38.076892382854304,1.1729914291927028,300.9282467257023,101324.70427133526,-0.2957286647433648,473.2397365204271,32.46135601268652,15201.96892233743,298.6907415726665,25.540741572666548,30.0,101325.0,248.3730741510049,27.77824672570233,9.017043336857368,20523.490445923366,2.2531263828405566
560.0,9.333333333333334,4.0,False,300.0,0.0,20000.0,0.0,32.700037975427335,-0.19012175112431914,38.05932582781855,38.11654990805252,1.1729715853211633,300.9333396625712,101324.70492832449,-0.29507167551491875,472.58386882752234,32.49571463200968,15201.711745762277,298.6912077716094,25.541207771609436,30.0,101325.0,248.0246554352508,27.783339662571223,9.026587397780466,20588.72851837735,2.281676534899099
565.0,9.416666666666666,4.0,False,300.0,0.0,20000.0,0.0,32.73000857037198,-0.19146575947932093,38.10016471585546,38.15547810243725,1.172952067388197,300.93833476172864,101324.70074173834,-0.29925826165708713,471.93546074855533,32.52944358365619,15201.458793351034,298.6916747237587,25.541674723758717,30.0,101325.0,247.68023212994555,27.788334761728663,9.035956551015607,20652.905343831728,2.3103165584145215
570.0,9.5,4.0,False,300.0,0.0,20000.0,0.0,32.75941947113779,-0.19329395304785654,38.14084717696094,38.1936907636236,1.1729328956657568,300.94323657852294,101324.69499957318,-0.30500042681524064,471.29444816804715,32.56255400863735,15201.210327828208,298.6921424134923,25.542142413492343,30.0,101325.0,247.33977438236968,27.793236578522965,9.045153891288152,20716.034866520014,2.339044989116155
575.0,9.583333333333334,4.0,False,300.0,0.0,20000.0,0.0,32.78829221270814,-0.1949020970956854,38.180566026627204,38.231201254069894,1.172914081616212,300.948048702118,101324.68990344937,-0.3100965506309876,470.6607672103874,32.595056921295864,15200.966497746107,298.69261082548064,25.542610825480665,30.0,101325.0,247.00325059618368,27.798048702118024,9.05418247813774,20778.13108233374,2.3678603821361923
580.0,9.666666666666666,4.0,False,300.0,0.0,20000.0,0.0,32.816638712774875,-0.19617744496435696,38.219202701570914,38.26802234376549,1.1728956218464721,300.9527731187958,101324.68583191908,-0.31416808092035353,470.0343545032548,32.6269632446242,15200.727259130277,298.69307994468784,25.54307994468786,30.0,101325.0,246.67062631106737,27.802773118795812,9.063045345728945,20839.208097235685,2.3967613121220044
585.0,9.75,4.0,False,300.0,0.0,20000.0,0.0,32.844468734082625,-0.19712845954331626,38.25677960248876,38.30416652695059,1.1728775099079196,300.9574114556804,101324.68277853419,-0.31722146581159905,469.41514666966765,32.65828375373808,15200.49252840664,298.6935497563577,25.54354975635772,30.0,101325.0,246.3418664353497,27.807411455680437,9.071745487149467,20899.28001033697,2.4257463733078186
590.0,9.833333333333334,4.0,False,300.0,0.0,20000.0,0.0,32.87179135293002,-0.1977934799282667,38.29335373336823,38.339646085125196,1.1728597386157265,300.9619652254883,101324.68063460651,-0.31936539348680526,468.8030802518192,32.68902906529621,15200.262212459815,298.6940202460076,25.54402024600762,30.0,101325.0,246.01693569650797,27.811965225488336,9.080285851471169,20958.360884295256,2.4548141794846465
595.0,9.916666666666666,4.0,False,300.0,0.0,20000.0,0.0,32.89861563209979,-0.19820057533065652,38.32896995044302,38.37447311669138,1.17284230110983,300.9664359386833,101324.67931862807,-0.3206813719298225,468.1980916930722,32.719209633195035,15200.036222383394,298.6944913994229,25.544491399422895,30.0,101325.0,245.6957988546766,27.8164359386833,9.088669342554176,21016.464727804585,2.4839633639374936
600.0,10.0,4.0,False,300.0,0.0,20000.0,0.0,32.924950831378055,-0.19835566907738955,38.36364713316348,38.4086595472424,1.1728251911844825,300.970825138563,101324.67881655955,-0.32118344045011327,467.6001173519712,32.74883574802139,15199.814477750891,298.6949632026525,25.544963202652525,30.0,101325.0,245.37842077819275,27.82082513856301,9.09689881889483,21073.60548548171,2.5131925793633867
605.0,10.083333333333334,4.0,False,300.0,0.0,20000.0,0.0,32.95080631932808,-0.19824819116914918,38.39738476833188,38.442217127379514,1.172808403145208,300.97513438655466,101324.67916452815,-0.3208354718517512,467.00909353520393,32.77791753903378,15199.596904761895,298.69543564200444,25.545435642004463,30.0,101325.0,245.06476642983108,27.82513438655468,9.10497709417605,21129.79703286373,2.5425004977789043
610.0,10.166666666666666,4.0,False,300.0,0.0,20000.0,0.0,32.9761912264604,-0.1978717913231349,38.430187073285225,38.47515741974166,1.172791931256623,300.97936520441004,101324.68038166693,-0.31961833307286724,466.42495654533684,32.80646497841804,15199.383429085834,298.6959087040427,25.545908704042745,30.0,101325.0,244.75480077566436,27.829365204410067,9.112906938449457,21185.05317608106,2.571885810424005
615.0,10.25,4.0,False,300.0,0.0,20000.0,0.0,33.00111379223222,-0.19726345173573556,38.46210854686888,38.50749177324593,1.17277576870587,300.983518965372,101324.68234392334,-0.31765607665874995,465.8476427449019,32.83448788828407,15199.173962428074,298.6963823755833,25.546382375583335,30.0,101325.0,244.4484886024198,27.833518965372036,9.12069108007891,21239.387657157444,2.6013472276693097
620.0,10.333333333333334,4.0,False,300.0,0.0,20000.0,0.0,33.02558029929605,-0.19656846204154058,38.4933296386321,38.539231280055105,1.1727599059130083,300.9875967165493,101324.68457828352,-0.31542171648470685,465.27708864178544,32.861995951380884,15198.968380632588,298.69685664369206,25.54685664369208,30.0,101325.0,244.14579421164993,27.837596716549342,9.128332208716913,21292.814166890475,2.63088347893601
625.0,10.416666666666666,4.0,False,300.0,0.0,20000.0,0.0,33.049588739562296,-0.19642413350080978,38.52460360740159,38.570386508543805,1.1727443205067867,300.99159812326036,101324.68504130431,-0.31495869568607304,464.7132312867769,32.88899876477432,15198.766393767955,298.69733149568896,25.54733149568898,30.0,101325.0,243.84667954720766,27.841598123260383,9.13583299021509,21345.346441793386,2.66049331269204
630.0,10.5,4.0,False,300.0,0.0,20000.0,0.0,33.073137267033076,-0.19744831753673592,38.55666087178797,38.60096785964329,1.1727289906918477,300.9955228778388,101324.68174826042,-0.3182517395762261,464.15600776106135,32.91550576989725,15198.567719366347,298.69780691913263,25.547806919132654,30.0,101325.0,243.5511067179658,27.845522877838846,9.143196047193682,21396.998121146356,2.6901754964163036
635.0,10.583333333333334,4.0,False,300.0,0.0,20000.0,0.0,33.096237725659535,-0.1994137223319959,38.589247457611535,38.63098614264627,1.172713916646779,300.99937295427657,101324.67538095792,-0.3246190420759376,463.6053544029588,32.941526142289234,15198.372359742256,298.6982829017975,25.548282901797506,30.0,101325.0,243.25904202927796,27.84937295427659,9.150423928413677,21447.782524162263,2.719928816308879
640.0,10.666666666666666,4.0,False,300.0,0.0,20000.0,0.0,33.11890673689277,-0.20179881398957045,38.62176655232173,38.66045220001561,1.1726991064216903,301.00315112281544,101324.66756929528,-0.33243070471507963,463.0612073970519,32.9670688655865,15198.180419225106,298.6987594316819,25.5487594316819,30.0,101325.0,242.97045334279096,27.85315112281546,9.157519129329582,21497.71278579622,2.7497520769407946
645.0,10.75,4.0,False,300.0,0.0,20000.0,0.0,33.14116427962006,-0.20389799050631757,38.65340680678701,38.689376849712836,1.172684573688317,301.00686071327,101324.66061722014,-0.3393827798572602,462.5235028920925,32.99214274476841,15197.992075000588,298.69923649700644,25.54923649700646,30.0,101325.0,242.6853096631659,27.85686071327001,9.164484095769003,21546.8018751497,2.7796441010108963
650.0,10.833333333333334,4.0,False,300.0,0.0,20000.0,0.0,33.163030972085835,-0.20498815640676435,38.68333632353029,38.71777077305633,1.172670333436543,301.0105051620143,101324.65697841415,-0.34302158585342113,461.992177184949,33.01675643110441,15197.807521337596,298.6997140862134,25.54971408621344,30.0,101325.0,242.40358033849412,27.860505162014306,9.171321230862336,21595.062637285977,2.809603729144532
655.0,10.916666666666666,4.0,False,300.0,0.0,20000.0,0.0,33.184523805486606,-0.20455293996767915,38.71096378033585,38.745644337539616,1.172656395221194,301.0140873009144,101324.65843342654,-0.3415665734646609,461.46716697846284,33.0409184612268,15197.626882066672,298.70019218796966,25.550192187969685,30.0,101325.0,242.125233799975,27.864087300914434,9.178032905896334,21642.50786343902,2.8396298197700354
660.0,11.0,4.0,False,300.0,0.0,20000.0,0.0,33.20565018121545,-0.20259537801261504,38.73630258362266,38.77300734835718,1.1726427537247968,301.0176083635359,101324.66493969639,-0.3350603036087705,460.9484097143279,33.06463731191629,15197.450088273365,298.70067079117115,25.55067079117117,30.0,101325.0,241.85023579683485,27.867608363535908,9.184621475532303,21689.150392986692,2.869721249114775
665.0,11.083333333333334,4.0,False,300.0,0.0,20000.0,0.0,33.226400132285676,-0.2001034807518795,38.76051305491524,38.79986872357935,1.1726293764471156,301.02106668871426,101324.67313140401,-0.32686859599198215,460.43584398008295,33.08792147194616,15197.27671875462,298.701149884951,25.55114988495103,30.0,101325.0,241.5785470909453,27.87106668871428,9.191089297762822,21735.003250101032,2.8998769113669196
670.0,11.166666666666666,4.0,False,300.0,0.0,20000.0,0.0,33.246724374605606,-0.20042296383290856,38.787501053234074,38.82623555837422,1.1726161689720829,301.02445406243424,101324.67208682097,-0.32791317903320305,459.92941064828085,33.11077962741155,15197.105549878195,298.70162945870635,25.551629458706373,30.0,101325.0,241.31011693740064,27.874454062434268,9.197438785392098,21780.080005628497,2.9300957191833987
675.0,11.25,4.0,False,300.0,0.0,20000.0,0.0,33.26662803918339,-0.2036627785199936,38.81740283270423,38.85211707230859,1.1726031232529612,301.0277713398639,101324.6613997767,-0.33860022330190986,459.4290477731516,33.133219843835576,15196.936477358377,298.70210950195957,25.552109501959592,30.0,101325.0,241.0449109573499,27.877771339863898,9.203672178843217,21824.393159571566,2.9603766033258987
680.0,11.333333333333334,4.0,False,300.0,0.0,20000.0,0.0,33.28617356992754,-0.20654767573927693,38.84641335692013,38.87752475998049,1.1725903222040617,301.03102892832123,101324.6517392461,-0.3482607539044693,458.9346906384389,33.155249556302216,15196.77057576464,298.70259000435266,25.55259000435268,30.0,101325.0,240.78291200792248,27.881028928321257,9.209791543417282,21867.954109427137,2.9907185111515924
685.0,11.416666666666666,4.0,False,300.0,0.0,20000.0,0.0,33.3054062199966,-0.20691951269835301,38.87202836111798,38.902469244741106,1.1725778218248355,301.0342343699994,101324.65048420624,-0.349515793757746,458.446275825365,33.17687621295682,15196.608570849867,298.70307095574935,25.553070955749376,30.0,101325.0,240.5240980377123,27.884234369999433,9.215798948043561,21910.774413367784,3.0211204059590884
690.0,11.5,4.0,False,300.0,0.0,20000.0,0.0,33.32433944757088,-0.20441100877577717,38.89382902958936,38.926959666736295,1.1725656280894283,301.03738990792846,101324.65890726115,-0.3410927388467826,457.9637419136369,33.19810741012736,15196.45054003899,298.7035523462537,25.553552346253696,30.0,101325.0,240.26843775018867,27.88738990792848,9.221696502813156,21952.86605517988,3.05158126739558
695.0,11.583333333333334,4.0,False,300.0,0.0,20000.0,0.0,33.34293598006229,-0.20150917267388213,38.91472045199786,38.951002887266206,1.1725536669817025,301.04048933001036,101324.66852288431,-0.33147711568744853,457.4870303467896,33.218951067315224,15196.295524082863,298.7040341662353,25.55403416623534,30.0,101325.0,240.01588497869443,27.890489330010382,9.227486407587563,21994.241790454074,3.0821000922883814
700.0,11.666666666666666,4.0,False,300.0,0.0,20000.0,0.0,33.361103853911345,-0.20398662466189196,38.94143386722385,38.97460328486639,1.172541778212016,301.0435173089852,101324.66032209762,-0.3396779023751151,457.01608548052485,33.23941543839737,15196.141445627727,298.70451640632774,25.554516406327764,30.0,101325.0,239.76637751126003,27.893517308985224,9.233170955110381,22034.915169563978,3.1126758957328384
705.0,11.75,4.0,False,300.0,0.0,20000.0,0.0,33.378918842912185,-0.20775352383176732,38.9692148023062,38.99777216568878,1.1725300671388537,301.0464864738187,101324.64766100682,-0.3523389931797283,456.55084345354567,33.25950716202024,15195.989670119543,298.70499905710346,25.554999057103487,30.0,101325.0,239.51990322885547,27.896486473818698,9.238751989450067,22074.896656385255,3.1433077095008586
710.0,11.833333333333334,4.0,False,300.0,0.0,20000.0,0.0,33.39646687114384,-0.2082790331281741,38.99279504570528,39.02052114190574,1.1725186554487177,301.0494111451906,101324.64587628048,-0.35412371951679233,456.09124040133077,33.27923266770775,15195.841774615383,298.70548210930207,25.55548210930209,30.0,101325.0,239.2764532586238,27.89941114519064,9.244231296585488,22114.19640888457,3.1739945796850737
715.0,11.916666666666666,4.0,False,300.0,0.0,20000.0,0.0,33.413764669088664,-0.20498609042375468,39.011510732207206,39.04285878004471,1.1725075556128368,301.05229411151475,101324.65698532843,-0.34301467156910803,455.63721630845464,33.29859888164056,15195.697920742365,298.7059655539426,25.5559655539426,30.0,101325.0,239.03599838672696,27.902294111514777,9.249610800455711,22152.825682620834,3.2047355672486195
720.0,12.0,4.0,False,300.0,0.0,20000.0,0.0,33.430724261920204,-0.20322990943101785,39.03160648229363,39.064789097085566,1.1724966146898947,301.05512071032,101324.66283758296,-0.337162417039508,455.18871648981263,33.317613550140216,15195.556126381036,298.7064493823734,25.556449382373444,30.0,101325.0,238.79847850235086,27.905120710320034,9.254892652816727,22190.797480200286,3.235529750000578
725.0,12.083333333333334,4.0,False,300.0,0.0,20000.0,0.0,33.44727547618788,-0.20743677385265172,39.058244901807484,39.08631667131022,1.1724857081338234,301.0578792460313,101324.64873457023,-0.35126542976649944,454.7456855413586,33.33628410151081,15195.414777414351,298.7069335860823,25.556933586082323,30.0,101325.0,238.56383902201887,27.907879246031314,9.260078917086336,22228.124281014574,3.2663762234458664
730.0,12.166666666666666,4.0,False,300.0,0.0,20000.0,0.0,33.46356059911204,-0.2097175721928665,39.082246233201865,39.10745493526666,1.1724750478104071,301.0605934331853,101324.64096767276,-0.35903232723649126,454.30805839385584,33.35461595391705,15195.276619622877,298.70741815641355,25.557418156413576,30.0,101325.0,238.33208877613214,27.91059343318534,9.26517109831029,22264.814646169965,3.2972740977008557
735.0,12.25,4.0,False,300.0,0.0,20000.0,0.0,33.47964172649233,-0.20694824833387818,39.09997985484172,39.12821382991607,1.1724647189558466,301.06327362108203,101324.65038712254,-0.34961287745682057,453.8757743268767,33.37261513912521,15195.142757667772,298.70790308499653,25.557903084996553,30.0,101325.0,238.10321299849102,27.913273621082055,9.270170871979225,22300.878453790472,3.3282224956869397
740.0,12.333333333333334,4.0,False,300.0,0.0,20000.0,0.0,33.49543616989763,-0.20409978053988986,39.1172423886807,39.14859707096903,1.1724545779629512,301.06590602831625,101324.65994513946,-0.3400548605422955,453.44877965227164,33.390288892032544,15195.011330399846,298.70838836383956,25.558388363839583,30.0,101325.0,237.87715412192043,27.91590602831627,9.275080247786818,22336.328086616748,3.359220555784445
745.0,12.416666666666666,4.0,False,300.0,0.0,20000.0,0.0,33.51082335735407,-0.2084464535872744,39.14251263616398,39.168606583029536,1.1724444214946486,301.068470559559,101324.64530674275,-0.35469325724989176,453.0270225404137,33.40764463111765,15194.879702570644,298.7088739851598,25.558873985159835,30.0,101325.0,237.65384356107836,27.91847055955901,9.279901286421568,22371.176394145285,3.390267433896085
750.0,12.5,4.0,False,300.0,0.0,20000.0,0.0,33.52597225640727,-0.2105853716785164,39.164847349844685,39.18825640350374,1.1724345045788134,301.07099537606786,101324.63799021416,-0.3620097858365625,452.6104385139091,33.424687051138754,15194.751179341421,298.7093599409004,25.559359940900436,30.0,101325.0,237.43329907583782,27.92099537606788,9.284635291982987,22405.430845374038,3.42136230003464
755.0,12.583333333333334,4.0,False,300.0,0.0,20000.0,0.0,33.54095165068793,-0.20699889055818863,39.18015701148216,39.20755625373247,1.1724249239656228,301.0734919417813,101324.65021599435,-0.3497840056515997,452.1989682046919,33.44142166571861,15194.627014594473,298.70984622331065,25.55984622331067,30.0,101325.0,237.21550889532122,27.92349194178132,9.289283796032946,22439.100629931912,3.4525043357813803
760.0,12.666666666666666,4.0,False,300.0,0.0,20000.0,0.0,33.555623159432685,-0.205794410448518,39.19789036168983,39.226506994380344,1.1724154488340943,301.07593719323876,101324.65427478064,-0.3457252193620661,451.79256166560316,33.457855774068015,15194.504216889864,298.71033282510194,25.560332825101966,30.0,101325.0,237.00039990704298,27.92593719323878,9.293848826130004,22472.19861248127,3.483692738033056
765.0,12.75,4.0,False,300.0,0.0,20000.0,0.0,33.56992815002491,-0.2106255147090278,39.2223090840326,39.24511265243449,1.1724059747424198,301.07832135833746,101324.63785218411,-0.36214781588932965,451.39116565346063,33.47399578124526,15194.38143266176,298.71081973900476,25.560819739004785,30.0,101325.0,236.78792296523034,27.928321358337485,9.298332161457015,22504.73594338315,3.5149267203635173
770.0,12.833333333333334,4.0,False,300.0,0.0,20000.0,0.0,33.58406660184835,-0.21042984752069674,39.24053681503236,39.263388104944596,1.1723968066860941,301.0806777669747,101324.63852472875,-0.3614752712455811,450.9947163730241,33.48984565722828,15194.262614651781,298.7113069575109,25.561306957510908,30.0,101325.0,236.57810608565188,27.930677766974725,9.302734904785634,22536.718936829606,3.5462055084747766
775.0,12.916666666666666,4.0,False,300.0,0.0,20000.0,0.0,33.5980337691708,-0.2057543850864664,39.2532171666699,39.281339507246315,1.1723879259459296,301.0830056281951,101324.65440924912,-0.3455907508759992,450.6031593103594,33.505411168024914,15194.147520259248,298.71179447356644,25.561794473566465,30.0,101325.0,236.37091667437062,27.933005628195133,9.307058657784697,22568.157595692373,3.5775283394001387
780.0,13.0,4.0,False,300.0,0.0,20000.0,0.0,33.611610988617144,-0.20930288174916292,39.275151206086356,39.29896381311674,1.17237897550343,301.08526849810283,101324.64238615258,-0.35761384741635993,450.21644906599636,33.520699905285674,15194.031522524452,298.71228228057527,25.56228228057529,30.0,101325.0,236.16625878874558,27.935268498102857,9.31130552924602,22599.06568670465,3.608894466679581
785.0,13.083333333333334,4.0,False,300.0,0.0,20000.0,0.0,33.62496082078678,-0.212069455698686,39.29585711587608,39.31627393608439,1.1723702017653614,301.0874934701311,101324.63286976294,-0.3671302370639751,449.8345248388934,33.535715831809554,15193.917814879085,298.7127703714979,25.562770371497948,30.0,101325.0,235.9641501076233,27.93749347013113,9.315476619947098,22629.449713307506,3.6403031579295893
790.0,13.166666666666666,4.0,False,300.0,0.0,20000.0,0.0,33.63819833953539,-0.20790806628654618,39.30818352098883,39.333280742567915,1.1723617762238097,301.0896997232559,101324.64713662019,-0.35286337981233373,449.45732846262007,33.5504632957762,15193.808619860574,298.7132587395085,25.563258739508512,30.0,101325.0,235.7645944600715,27.9396997232559,9.31957313771561,22659.317014353415,3.6717536903793535
795.0,13.25,4.0,False,300.0,0.0,20000.0,0.0,33.65112390948957,-0.20830464759162137,39.32551295434191,39.349981692635424,1.1723533725818351,301.0918539849149,101324.64578917381,-0.3542108261899557,449.0848147722542,33.56494945374385,15193.699708660582,298.7137473783915,25.563747378391497,30.0,101325.0,235.5675023603873,27.94185398491493,9.323597070484404,22688.680679848116,3.7032453554447713
800.0,13.333333333333334,4.0,False,300.0,0.0,20000.0,0.0,33.663752111006374,-0.2126792548169849,39.34717596060229,39.36638309607905,1.1723450036797542,301.0939586851677,101324.63075538425,-0.3692446157510858,448.71693031434955,33.57917931369684,15193.591247689614,298.71423628172397,25.564236281723993,30.0,101325.0,235.3728482839494,27.94395868516773,9.327549809360233,22717.549513107813,3.734777459745435
805.0,13.416666666666666,4.0,False,300.0,0.0,20000.0,0.0,33.676290912669856,-0.20962710101050352,39.3598965330475,39.382499410342554,1.1723369885918085,301.09604848544495,101324.64127737569,-0.35872262431075796,448.3536146841704,33.59315605801038,15193.487372149839,298.7147254429245,25.564725442924498,30.0,101325.0,235.1806644857166,27.946048485444976,9.331432238336216,22745.92866651568,3.7663493195923956
810.0,13.5,4.0,False,300.0,0.0,20000.0,0.0,33.68858538026552,-0.20805792057669178,39.3740566898972,39.398329678835225,1.172329072332508,301.09809756337756,101324.64662776886,-0.3533722311403835,447.99482202079054,33.60688616247219,15193.384777429303,298.7152148560933,25.56521485609335,30.0,101325.0,234.99087557682418,27.948097563377587,9.335246156242276,22773.83003168346,3.7979602631328113
815.0,13.583333333333334,4.0,False,300.0,0.0,20000.0,0.0,33.70055001277467,-0.2130455439766805,39.3955709727648,39.413875665650345,1.172321109939555,301.10009166879576,101324.62948241789,-0.3705175821087323,447.6405039967232,33.62037528069637,15193.281584816632,298.7157045153339,25.565704515333948,30.0,101325.0,234.80342707771572,27.95009166879578,9.33899313352677,22801.263891883063,3.829609633913066
820.0,13.666666666666666,4.0,False,300.0,0.0,20000.0,0.0,33.71243840882198,-0.21060226705167012,39.40815499220095,39.429153439903395,1.172313493253634,301.102073068137,101324.63793212337,-0.3620678766310448,447.2906000570324,33.633625874655664,15193.182872567098,298.71619441435877,25.56619441435879,30.0,101325.0,234.61836561966655,27.952073068136997,9.342673854071018,22828.23408892724,3.8612967852886286
825.0,13.75,4.0,False,300.0,0.0,20000.0,0.0,33.724117303726075,-0.2083968608318639,39.42074525093027,39.44416266135121,1.1723060021257181,301.104019550621,101324.6454754971,-0.3545245028944919,446.94506462674406,33.646643956294625,15193.085787549307,298.71668454759634,25.566684547596367,30.0,101325.0,234.43562306477745,27.954019550621013,9.346289987859619,22854.751734341567,3.8930210809992314
830.0,13.833333333333334,4.0,False,300.0,0.0,20000.0,0.0,33.73546474140767,-0.21352756544547125,39.44161359530666,39.45890325136047,1.1722984344419798,301.1059107902346,101324.62780390853,-0.37219609146995936,446.60385190597344,33.65943525305748,15192.98771036806,298.7171749095594,25.567174909559412,30.0,101325.0,234.25513490017303,27.95591079023461,9.3498431258493,22880.827416481996,3.9247818998539703
835.0,13.916666666666666,4.0,False,300.0,0.0,20000.0,0.0,33.74675419560219,-0.2109057287213388,39.45319315485213,39.47339182653326,1.1722912140308501,301.1077923659337,101324.6368879477,-0.3631120523059508,446.2669022818146,33.672001763799344,15192.894133839818,298.71766549427383,25.567665494273854,30.0,101325.0,234.07695447655288,27.9577923659337,9.353333823277596,22906.464167912618,3.956578630120911
840.0,14.0,4.0,False,300.0,0.0,20000.0,0.0,33.75783415839828,-0.2091957179926244,39.465579606839356,39.48762698540307,1.172284092391471,301.1096390263997,101324.64275225774,-0.3572477422567317,445.9341719514374,33.68434941810728,15192.801837393465,298.7181562965369,25.568156296536927,30.0,101325.0,233.90100903775325,27.959639026399714,9.356763727252021,22931.67307897407,3.9884106698756936
845.0,14.083333333333334,4.0,False,300.0,0.0,20000.0,0.0,33.76860641509484,-0.21412719087718388,39.48545066410701,39.501609360564984,1.1722769054867692,301.1114344025158,101324.62571058063,-0.37428941937105265,445.60561543115404,33.69648346365962,15192.70869510853,298.7186473111577,25.568647311157747,30.0,101325.0,233.72724193687878,27.961434402515806,9.360134295461005,22956.46389881562,4.020277431665825
850.0,14.166666666666666,4.0,False,300.0,0.0,20000.0,0.0,33.77934556678986,-0.2105837881972502,39.49520688448159,39.51535534965932,1.1722700794424077,301.1132242611316,101324.63799565836,-0.36200434164493345,445.28117477508624,33.70840563332886,15192.620229573604,298.71913853248645,25.569138532486477,30.0,101325.0,233.55570766769347,27.963224261131643,9.363446009258016,22980.839234956173,4.052178336619833
855.0,14.25,4.0,False,300.0,0.0,20000.0,0.0,33.789840743429295,-0.21051702859336807,39.508771861606185,39.52886075637063,1.1722632723057256,301.1149734572382,101324.63822514834,-0.3617748516553547,444.9608093136531,33.72012216899134,15192.532009082202,298.719629955733,25.569629955733035,30.0,101325.0,233.38631662425243,27.964973457238216,9.366700602497593,23004.810949207902,4.084112815914391
860.0,14.333333333333334,4.0,False,300.0,0.0,20000.0,0.0,33.800083861524286,-0.21457671635784567,39.52690706089078,39.54212974692101,1.1722564631528887,301.11668064358736,101324.62413741059,-0.3758625894115539,444.64447170104927,33.731637222599666,15192.443762461437,298.7201215758804,25.57012157588042,30.0,101325.0,233.21903976522057,27.96668064358738,9.369899228499907,23028.386673635636,4.116080314263589
865.0,14.416666666666666,4.0,False,300.0,0.0,20000.0,0.0,33.81031251365289,-0.209746030329693,39.53445787342484,39.55517691190338,1.172250020033895,301.1183854189421,101324.64087022662,-0.3591297733801184,444.33210694457955,33.74295264312272,15192.36025963928,298.7206133876453,25.570613387645324,30.0,101325.0,233.05392138243897,27.968385418942148,9.373042400867423,23051.569358055815,4.148080283730041
870.0,14.5,4.0,False,300.0,0.0,20000.0,0.0,33.82023685486911,-0.21236420591065525,39.550457523237995,39.56799442439302,1.1722434764732796,301.1200394758115,101324.63184852284,-0.3681514771596994,444.0236779952794,33.75407517168208,15192.275455093704,298.7211053866611,25.571105386661145,30.0,101325.0,232.8908491806759,27.970039475811518,9.376131992133912,23074.372009356746,4.180112187457411
875.0,14.583333333333334,4.0,False,300.0,0.0,20000.0,0.0,33.830003625002405,-0.21441285827406156,39.565572283913056,39.58059275167749,1.1722370570203633,301.1216672708337,101324.62471123434,-0.37528876565920655,443.71913377658046,33.765007269335904,15192.192258983909,298.7215975679671,25.571597567967103,30.0,101325.0,232.72984095823992,27.971667270833734,9.37916868592664,23096.798900939797,4.212175500589561
880.0,14.666666666666666,4.0,False,300.0,0.0,20000.0,0.0,33.839737609610665,-0.20915843843314905,39.57196477106205,39.59298148717808,1.1722309516707572,301.12328960160175,101324.64287957251,-0.3571204274921911,443.4184245842345,33.77575163899827,15192.113133653012,298.72208992674825,25.572089926748276,30.0,101325.0,232.57090825645523,27.973289601601778,9.382153233055075,23118.85482875477,4.244269704568516
885.0,14.75,4.0,False,300.0,0.0,20000.0,0.0,33.849123681707624,-0.21434799709074953,39.5903074466702,39.60515142891445,1.1722246543610928,301.12485394695125,101324.62493825423,-0.37506174576992635,443.1215150840923,33.78631500503696,15192.031520519762,298.7225824589576,25.57258245895764,30.0,101325.0,232.41393204873447,27.97485394695127,9.385087501399155,23140.55287835988,4.276394293254012
890.0,14.833333333333334,4.0,False,300.0,0.0,20000.0,0.0,33.85846627730393,-0.2131897369478713,39.60104887271398,39.617119517751675,1.1722186396531489,301.1264110462173,101324.62898070253,-0.3710192974685924,442.82835077579705,33.796698139413735,15191.953569904808,298.7230751596717,25.573075159671703,30.0,101325.0,232.25897782247074,27.976411046217322,9.387971705392705,23161.89394357861,4.308548770213691
895.0,14.916666666666666,4.0,False,300.0,0.0,20000.0,0.0,33.8676808671363,-0.21055509220352217,39.60986655127934,39.62888625329707,1.1722127667239122,301.12794681118936,101324.6380943114,-0.36190568859456107,442.538889912433,33.80690551942329,15191.8774567419,298.7235680246774,25.5735680246774,30.0,101325.0,232.10599565659055,27.977946811189383,9.39080708872869,23182.886556323796,4.340732645560846
900.0,15.0,4.0,False,300.0,0.0,20000.0,0.0,33.876606263274994,-0.2155872535207247,39.62741263945598,39.640448663826746,1.1722067735275135,301.1294343772125,101324.62058886628,-0.37941113371925894,442.2530933503742,33.81694216331563,15191.799784916575,298.7240610499509,25.5740610499509,30.0,101325.0,231.95491308324833,27.9794343772125,9.393595045365453,23203.54039534764,4.3729454420550615
905.0,15.083333333333334,4.0,False,300.0,0.0,20000.0,0.0,33.88555642821177,-0.2110376979014872,39.6336035829605,39.651823923583514,1.1722011501389145,301.1309260713686,101324.63643338828,-0.3635666117188521,441.97090803447213,33.82680858049361,15191.726905800331,298.72455423082306,25.574554230823082,30.0,101325.0,231.80579920623003,27.98092607136863,9.396335716803781,23223.85588772609,4.405186689473863
910.0,15.166666666666666,4.0,False,300.0,0.0,20000.0,0.0,33.89423679170068,-0.2134033113636203,39.6476556006398,39.66300337209114,1.1721954237224461,301.13237279861676,101324.62823695265,-0.3717630473547615,441.69229964239,33.83651101975518,15191.652691442901,298.7250475636646,25.57504756366461,30.0,101325.0,231.65854241130455,27.98237279861678,9.399030838820883,23243.845301178746,4.437455926410602
915.0,15.25,4.0,False,300.0,0.0,20000.0,0.0,33.902787406980906,-0.21505898582917593,39.66069229500502,39.67399656803952,1.1721898093650276,301.13379790116346,101324.62244598052,-0.3775540194765199,441.4172212692369,33.84605142534964,15191.579929370759,298.7255410442324,25.57554104423241,30.0,101325.0,231.5131605896852,27.983797901163484,9.401680951486012,23263.512066718267,4.469752702360531
920.0,15.333333333333334,4.0,False,300.0,0.0,20000.0,0.0,33.9113152272522,-0.21025132323671075,39.66601712336141,39.68481175279886,1.1721844699437372,301.135219204542,101324.63913780471,-0.36086219528806396,441.1456275920651,33.85543211872075,15191.510730470833,298.72603466843606,25.57603466843608,30.0,101325.0,231.3696620518811,27.985219204542034,9.404286699644652,23282.860411948597,4.5020765721373825
925.0,15.416666666666666,4.0,False,300.0,0.0,20000.0,0.0,33.91951904915868,-0.21584754601426784,39.68327729825513,39.695439678582915,1.172178922477937,301.1365865081931,101324.6196721378,-0.3803278622071957,440.8774853766518,33.86465915516415,15191.438835314064,298.7265284328906,25.576528432890598,30.0,101325.0,231.22793396788134,27.986586508193113,9.406849765323374,23301.902291860875,4.534427101792806
930.0,15.5,4.0,False,300.0,0.0,20000.0,0.0,33.92775009344575,-0.21253375182947715,39.68998350286173,39.70589871472187,1.1721737166498825,301.1379583489076,101324.63126044354,-0.36873955646296963,440.61274321904506,33.87373232374025,15191.371367782478,298.7270223332679,25.577022333267905,30.0,101325.0,231.0880577941079,27.987958348907625,9.409370089927847,23320.636755142878,4.566803865019891
935.0,15.583333333333334,4.0,False,300.0,0.0,20000.0,0.0,33.93577850411725,-0.21317057176353063,39.70111685400902,39.71618260726618,1.172168482665917,301.13929641735285,101324.62904740681,-0.37095259319175966,440.3513666091497,33.88265696833771,15191.303535350286,298.72751636623997,25.57751636623999,30.0,101325.0,230.9499424262876,27.989296417352875,9.411849157871586,23339.074336761423,4.5992064421670475
940.0,15.666666666666666,4.0,False,300.0,0.0,20000.0,0.0,33.943640722840314,-0.2158826986364593,39.714496786636246,39.72629617026548,1.1721632722543105,301.14060678714003,101324.6195482484,-0.38045175159641076,440.09331390800537,33.891435698939496,15191.236008415863,298.7280105281151,25.5780105281151,30.0,101325.0,230.8135761984159,27.990606787140052,9.41428769414986,23357.219950513325,4.631634424310988
945.0,15.75,4.0,False,300.0,0.0,20000.0,0.0,33.95152096619847,-0.21064189428692945,39.71844791433146,39.73625057893616,1.1721583711790982,301.14192016103306,101324.63779585609,-0.3622041439084569,439.8385399888014,33.90006978234916,15191.17249048111,298.72850481506214,25.57850481506216,30.0,101325.0,230.6789916496781,27.99192016103308,9.416686050652546,23375.075750529406,4.664087407436712
950.0,15.833333333333334,4.0,False,300.0,0.0,20000.0,0.0,33.959082288986,-0.21623486120640256,39.734852561161546,39.7460347388472,1.1721532404799788,301.14318038149764,101324.61830599836,-0.381694001640426,439.5870141793374,33.90856533619427,15191.105996620525,298.72899922413126,25.57899922413128,30.0,101325.0,230.54606656043265,27.993180381497666,9.419045926720631,23392.653943122445,4.696564997501748
955.0,15.916666666666666,4.0,False,300.0,0.0,20000.0,0.0,33.96668256143971,-0.21300466999510886,39.74082154746719,39.75566697388938,1.1721484409560465,301.14444709357326,101324.629624576,-0.370375423997757,439.3386876209458,33.91692176927969,15191.043794790363,298.7294937513481,25.57949375134814,30.0,101325.0,230.4148856004968,27.994447093573285,9.421367158133247,23409.95287541007,4.729066807792396
960.0,16.0,4.0,False,300.0,0.0,20000.0,0.0,33.97409162577401,-0.2137905664778735,39.7513107682755,39.76514069286428,1.1721436029013517,301.145681937629,101324.62688647906,-0.3731135209382046,439.0935275096156,33.92514414994503,15190.981093601516,298.72998839374736,25.579988393747385,30.0,101325.0,230.28535880026269,27.995681937629,9.423651152762508,23426.982623512515,4.761592457444426
965.0,16.083333333333332,4.0,False,300.0,0.0,20000.0,0.0,33.98135660630942,-0.21611865705336394,39.76344220999904,39.77446084546679,1.1721387955135607,301.1468927677182,101324.61871613121,-0.38128386878815945,438.85149408839254,33.93323469686882,15190.918789855747,298.7304831479733,25.580483147973325,30.0,101325.0,230.1574788885846,27.996892767718236,9.425898526908005,23443.747384145587,4.794141575505299
970.0,16.166666666666668,4.0,False,300.0,0.0,20000.0,0.0,33.988638514295076,-0.21124494281289138,39.76703578505492,39.78363732346423,1.1721342683896974,301.14810641904916,101324.63571897254,-0.3642810274614021,438.6125452085638,33.9411946193842,15190.860118330478,298.73097801057787,25.580978010577894,30.0,101325.0,230.03127271374598,27.99810641904918,9.428109616495611,23460.249276057373,4.826713795408217
975.0,16.25,4.0,False,300.0,0.0,20000.0,0.0,33.99561908428677,-0.2168704707457365,39.7827091535079,39.7926594980111,1.1721295126592761,301.1492698473811,101324.61605876668,-0.38394123331818264,438.37665122860636,33.94902958098142,15190.798484064218,298.731472978921,25.581472978921,30.0,101325.0,229.9066248095184,27.99926984738113,9.43028599471706,23476.499669251178,4.859308759953571
980.0,16.333333333333332,4.0,False,300.0,0.0,20000.0,0.0,34.00267047881323,-0.21258397212178984,39.78669431243339,39.80154602705447,1.172125112289009,301.1504450798022,101324.63108616161,-0.3689138383924728,438.14376558906594,33.95673858512185,15190.741455265557,298.73196804933866,25.581968049338684,30.0,101325.0,229.78362529172867,28.000445079802205,9.43242738475607,23492.496138203056,4.891926118153192
985.0,16.416666666666668,4.0,False,300.0,0.0,20000.0,0.0,34.00949128886214,-0.21511882364117887,39.79848196145791,39.810286980788646,1.1721205853138197,301.151581881477,101324.62223585074,-0.37776414926338475,437.91385889458985,33.96432711752944,15190.682785667104,298.73246321930435,25.582463219304373,30.0,101325.0,229.66216418029563,28.001581881477023,9.434535310424845,23508.249719255928,4.92456552499865
990.0,16.5,4.0,False,300.0,0.0,20000.0,0.0,34.016243226652705,-0.21567501697816222,39.80782638504377,39.818891891285595,1.1721161828024926,301.1527072044421,101324.6202798943,-0.3797201057022903,437.68689071240766,33.97179603482642,15190.625729120306,298.73295848560036,25.582958485600386,30.0,101325.0,229.54226945971604,28.002707204442117,9.436610009674006,23523.761858181144,4.957226644149649
995.0,16.583333333333332,4.0,False,300.0,0.0,20000.0,0.0,34.02296111833505,-0.21245670221316978,39.81263903365781,39.82736502676318,1.1721119551492853,301.1538268530558,101324.63152775253,-0.3684722474718001,437.46282419682586,33.9791475138487,15190.570938734738,298.7334538452932,25.583453845293207,30.0,101325.0,229.42393161521846,28.00382685305584,9.438652087180195,23539.03675273819,4.9899091431850096
1000.0,16.666666666666668,4.0,False,300.0,0.0,20000.0,0.0,34.029432115635245,-0.21730519583966215,39.826713015007,39.83569991946363,1.1721075608014302,301.15490535260585,101324.61451797438,-0.3854820256237872,437.2416287042014,33.986385935626856,15190.513987986535,298.7339492958803,25.583949295880302,30.0,101325.0,229.30706768678223,28.004905352605874,9.440662759896348,23554.083196314627,5.022612698705185
1005.0,16.75,4.0,False,300.0,0.0,20000.0,0.0,34.035994452158775,-0.21171361101487723,39.82849790765718,39.843913565704625,1.1721035305321104,301.1559990753598,101324.63410079111,-0.36589920888945926,437.02326105868934,33.99351040911576,15190.46175569615,298.7344448340561,25.584444834056114,30.0,101325.0,229.1917588506772,28.005999075359796,9.442641780309932,23568.89903654922,5.055336991922452
1010.0,16.833333333333332,4.0,False,300.0,0.0,20000.0,0.0,34.04226754396768,-0.21675237475598258,39.84253503779435,39.85199234925454,1.172099257515303,301.15704459066126,101324.61647680031,-0.38352319969271775,436.80769518733837,34.00052691248653,15190.406377398327,298.73494045771014,25.58494045771016,30.0,101325.0,229.07787271175096,28.00704459066128,9.444590809024037,23583.496416493428,5.0880817109870655
1015.0,16.916666666666668,4.0,False,300.0,0.0,20000.0,0.0,34.04858265074597,-0.21428322189196825,39.84770308793562,39.85995278307975,1.1720952616457856,301.15809710845764,101324.62516490462,-0.3748350953828776,436.59488900613593,34.00743445299045,15190.35459092938,298.73543616364833,25.585436163648353,30.0,101325.0,228.96548881384072,28.00809710845766,9.446509570275126,23597.87299261987,5.1208465508545045
1020.0,17.0,4.0,False,300.0,0.0,20000.0,0.0,34.054754284373416,-0.21461143025384993,39.856006241347025,39.86778951176343,1.17209124507499,301.1591257140622,101324.62401578779,-0.3759842122090049,436.384812629016,34.0142370991029,15190.30253617187,298.73593194956993,25.585931949569954,30.0,101325.0,228.85453323386093,28.009125714062236,9.44839919419525,23612.03696247823,5.153631210545544
1025.0,17.083333333333332,4.0,False,300.0,0.0,20000.0,0.0,34.060802028817534,-0.21676247939655052,39.86631197211181,39.87550566494544,1.1720872345630855,301.16013367146957,101324.61644104103,-0.3835589589725714,436.1774318583465,34.02093674350927,15190.250559937589,298.7364278128782,25.58642781287824,30.0,101325.0,228.74499325115613,28.01013367146959,9.450260206530352,23625.99200825102,5.186435397330773
1030.0,17.166666666666668,4.0,False,300.0,0.0,20000.0,0.0,34.066879393230806,-0.21240760051334165,39.8689230961641,39.88311019585626,1.172083468973907,301.16114656553844,101324.63169805097,-0.36830194902722724,435.9727100065129,34.02753408916489,15190.201757901834,298.73692375083874,25.586923750838764,30.0,101325.0,228.63689620434727,28.011146565538468,9.452092802545803,23639.73934257414,5.219258821879958
1035.0,17.25,4.0,False,300.0,0.0,20000.0,0.0,34.07269332279327,-0.21775913904636007,39.88272290245405,39.89059288839179,1.172079480417678,301.16211555379886,101324.61290577438,-0.38709422561805695,435.7706204404346,34.03403400098475,15190.150066213107,298.737419761461,25.587419761461035,30.0,101325.0,228.53013681718042,28.01211555379888,9.453898333606874,23653.28886167153,5.25210120257735
1040.0,17.333333333333332,4.0,False,300.0,0.0,20000.0,0.0,34.078618134216526,-0.21234118517012432,39.8838674483971,39.89797192785146,1.172075857389216,301.1631030223694,101324.63192833535,-0.3680716646485962,435.5711225438317,34.04043490557316,15190.10311176424,298.7379158417515,25.58791584175151,30.0,101325.0,228.4248085270497,28.01310302236942,9.45567636265921,23666.637052056052,5.284962262239661
1045.0,17.416666666666668,4.0,False,300.0,0.0,20000.0,0.0,34.084275710215934,-0.21703062506703247,39.896672352855475,39.90523347034293,1.1720719975461262,301.16404595170263,101324.6154914921,-0.38450850789377,435.37419209497716,34.04674248159613,15190.053088197796,298.73841198996587,25.58841198996589,30.0,101325.0,228.32078118410814,28.014045951702656,9.457428467110036,23679.795530387324,5.3178417293108025
1050.0,17.5,4.0,False,300.0,0.0,20000.0,0.0,34.08997900080078,-0.214720438356614,39.90121691758325,39.91239292478568,1.1720683923929878,301.16499650013344,101324.62363374165,-0.3763662583514815,435.17979066720665,34.0529555986894,15190.006365413123,298.7389082032948,25.588908203294807,30.0,101325.0,228.21813038867398,28.014996500133464,9.459154332969279,23692.76172173526,5.350739338513666
1055.0,17.583333333333332,4.0,False,300.0,0.0,20000.0,0.0,34.09555315425848,-0.21509892359401409,39.90878646968037,39.91944506392458,1.1720647614779316,301.1659255257097,101324.62230573934,-0.37769426066370215,434.9878903988673,34.05907794172362,15189.959308753992,298.7394044797737,25.589404479773748,30.0,101325.0,228.11678686698298,28.015925525709747,9.460854983812117,23705.543105290657,5.383654827976878
1060.0,17.666666666666668,4.0,False,300.0,0.0,20000.0,0.0,34.10102186504139,-0.2169547752077288,39.91797239085429,39.92639287609667,1.1720611386245654,301.1668369775069,101324.61576020828,-0.38423979171784595,434.79845963754707,34.065111076842804,15189.912356574368,298.73990081714345,25.589900817143473,30.0,101325.0,228.01674059450227,28.016836977506898,9.462530854678556,23718.14274879814,5.416587943153329
1065.0,17.75,4.0,False,300.0,0.0,20000.0,0.0,34.10651878140766,-0.2130487218505402,39.92034600446372,39.93324417046643,1.1720577318147143,301.1677531302346,101324.62947136423,-0.3705286357726436,434.6114649414208,34.07105561996268,15189.868204318698,298.74039721303865,25.59039721303867,30.0,101325.0,227.91801446377235,28.01775313023461,9.4641821166563,23730.561742019065,5.449538432383062
1070.0,17.833333333333332,4.0,False,300.0,0.0,20000.0,0.0,34.11177792395563,-0.21806271445080858,39.93300798738257,39.93998955992872,1.172054116535237,301.1686296539926,101324.61182573524,-0.38817426476452965,434.4268811430665,34.07691590043398,15189.82135029667,298.74089366575646,25.590893665756482,30.0,101325.0,227.82051269557073,28.018629653992605,9.465809972342772,23742.80894125754,5.482506050913115
1075.0,17.916666666666668,4.0,False,300.0,0.0,20000.0,0.0,34.11715817901745,-0.2123901707129901,39.933126505031375,39.94664630504605,1.1720508574018371,301.16952636316955,101324.63175849293,-0.3682415070652496,434.24467113814944,34.08269022864625,15189.77911192781,298.7413901726526,25.59139017265261,30.0,101325.0,227.72432557414496,28.019526363169575,9.467413952401737,23754.880632655924,5.515490557561667
1080.0,18.0,4.0,False,300.0,0.0,20000.0,0.0,34.12226475385319,-0.2177830741239903,39.94603601059689,39.953199524609104,1.172047326173054,301.1703774589755,101324.61282067449,-0.38717932550935075,434.0648128393188,34.08838417392539,15189.73334720278,298.7418867323257,25.591886732325747,30.0,101325.0,227.62931940510458,28.02037745897553,9.468995603868164,23766.78828321231,5.54849171653102
1085.0,18.083333333333332,4.0,False,300.0,0.0,20000.0,0.0,34.127465540641765,-0.214131578604416,39.94831841020487,39.959666712999706,1.17204410183887,301.1712442567736,101324.62569524118,-0.37430475882138126,433.8872698141903,34.093995823455174,15189.691559831757,298.7423833421914,25.592383342191397,30.0,101325.0,227.53558754004982,28.021244256773628,9.470554395404214,23778.52772287692,5.581509297090804
1090.0,18.166666666666668,4.0,False,300.0,0.0,20000.0,0.0,34.13248969183621,-0.21636226051924778,39.957359255764054,39.966038256306895,1.1720407524897294,301.172081615306,101324.61785609978,-0.3821439002203988,433.7120181534115,34.09952953547758,15189.648152266893,298.74288000074233,25.592880000742355,30.0,101325.0,227.4430335423167,28.022081615306035,9.47209153763266,23790.107904053224,5.6145430718317275
1095.0,18.25,4.0,False,300.0,0.0,20000.0,0.0,34.137487445189436,-0.21631885533950815,39.96366151172519,39.97232225850137,1.172037512730681,301.1729145741982,101324.61800941081,-0.38199058918689843,433.53902632854823,34.104985398779206,15189.606164989626,298.7433767058161,25.593376705816127,30.0,101325.0,227.35168640588412,28.02291457419824,9.473607055216446,23801.528854423213,5.6475928195806695
1100.0,18.333333333333332,4.0,False,300.0,0.0,20000.0,0.0,34.14245243406344,-0.21442713547917241,39.96772297267656,39.97852031279654,1.1720343694096653,301.1737420723439,101324.62466125363,-0.3753387463657418,433.3682661138499,34.11036515331293,15189.565427549262,298.74387345556494,25.59387345556496,30.0,101325.0,227.2615287434543,28.023742072343907,9.475101431475814,23812.794062177432,5.680658321606086
1105.0,18.416666666666668,4.0,False,300.0,0.0,20000.0,0.0,34.14725438939388,-0.21789670399847055,39.977941696310204,39.984628513135156,1.1720311132695238,301.1745423982323,101324.61241654193,-0.38758345806854777,433.19971181791146,34.11567155550432,15189.523227973028,298.74437024835356,25.594370248353584,30.0,101325.0,227.1725064908714,28.024542398232313,9.476575432084534,23823.909151713982,5.7137393655046225
1110.0,18.5,4.0,False,300.0,0.0,20000.0,0.0,34.15214701549053,-0.2129076688698207,39.97822480415329,39.99065943028731,1.1720281429217105,301.17535783591507,101324.62996183295,-0.37003816704964265,433.0333311998485,34.120903727273905,15189.484732265368,298.74486708199044,25.594867081990458,30.0,101325.0,227.08467998916322,28.025357835915088,9.47802881313164,23834.87214004265,5.746835741401675
1115.0,18.583333333333332,4.0,False,300.0,0.0,20000.0,0.0,34.15678535899872,-0.2184351812948842,39.990672542755355,39.99659998980253,1.172024909433788,301.17613089316643,101324.61049854345,-0.389501456549624,432.8691029777898,34.12606649215768,15189.442826261893,298.745363955265,25.595363955265043,30.0,101325.0,226.99793168824695,28.026130893166453,9.479462914488247,23845.69299594767,5.7799472449683345
1120.0,18.666666666666668,4.0,False,300.0,0.0,20000.0,0.0,34.1615632987008,-0.21296465411418217,39.99023062462004,40.00246860871321,1.1720220333955642,301.1769272164501,101324.62976372325,-0.37023627675080206,432.70699320545367,34.13115749438487,15189.405552806513,298.74586086582633,25.595860865826353,30.0,101325.0,226.91236398620165,28.026927216450133,9.480877081773576,23856.366648087464,5.813073675276692
1125.0,18.75,4.0,False,300.0,0.0,20000.0,0.0,34.166091678449675,-0.21788929045621463,40.00181537290537,40.008250328918464,1.1720188960419944,301.17768194640826,101324.61244291514,-0.3875570848613279,432.5469818707474,34.1361819882168,15189.364892704247,298.7463578126159,25.596357812615906,30.0,101325.0,226.82784654940102,28.02768194640828,9.482272774504665,23866.903983097694,5.846214835437237
1130.0,18.833333333333332,4.0,False,300.0,0.0,20000.0,0.0,34.17070870805264,-0.21474642572960667,40.00392664659223,40.01396106564443,1.172016029946901,301.1784514513421,101324.62354263377,-0.376457366233808,432.3890367695966,34.14113804182123,15189.327748111835,298.7468547934328,25.59685479343284,30.0,101325.0,226.74446557192013,28.028451451342107,9.483649456061453,23877.300825046153,5.879370533220671
1135.0,18.916666666666668,4.0,False,300.0,0.0,20000.0,0.0,34.175178666242346,-0.21650300177997261,40.01166749680106,40.01959238949841,1.1720130593348175,301.1791964443737,101324.61735877731,-0.3826412226917455,432.23313578283205,34.14602940705435,15189.289248979234,298.74735180704903,25.59735180704905,30.0,101325.0,226.66213671574002,28.029196444373724,9.485008168626209,23887.564923377584,5.912540578879298
1140.0,19.0,4.0,False,300.0,0.0,20000.0,0.0,34.17962130921819,-0.2166711913835096,40.01748363345707,40.0251508066198,1.1720101711018343,301.1799368848697,101324.61676403938,-0.38323596061673015,432.0792511027045,34.15085619008853,15189.251817479771,298.7478488516762,25.597848851676247,30.0,101325.0,226.5808815443033,28.0299368848697,9.48634894169126,23897.696384723604,5.945724788121034
1145.0,19.083333333333332,4.0,False,300.0,0.0,20000.0,0.0,34.18404691534249,-0.2147526791703737,40.02079634549221,40.03063832365927,1.1720073789651888,301.1806744858904,101324.62352070848,-0.3764792915171711,431.92735709169614,34.15561970181782,15189.215631388846,298.7483459257599,25.59834592575993,30.0,101325.0,226.5006892395586,28.030674485890415,9.487672139393839,23907.697847259355,5.978922978559911
1150.0,19.166666666666668,4.0,False,300.0,0.0,20000.0,0.0,34.188322403605525,-0.2180882625673959,40.030156181959846,40.03605061715377,1.1720044697234728,301.18138706726756,101324.61173477331,-0.3882652266911464,431.77743070496876,34.16032246583499,15189.177927616209,298.7488430279829,25.598843027982923,30.0,101325.0,226.42150650113754,28.031387067267588,9.488978462731941,23917.574500933377,6.012134973246156
1155.0,19.25,4.0,False,300.0,0.0,20000.0,0.0,34.19269327200141,-0.21331214388445,40.029998800803725,40.04139963764376,1.172001829512414,301.18211554533355,101324.62855452466,-0.37144547533534933,431.6294431438955,34.164963423565744,15189.143710480885,298.7493401564733,25.599340156473318,30.0,101325.0,226.34339281577434,28.032115545333568,9.490267617657151,23927.324016622777,6.045360597216681
1160.0,19.333333333333332,4.0,False,300.0,0.0,20000.0,0.0,34.19682702581247,-0.21867988426812784,40.0415861263878,40.04667254016331,1.1719989295961448,301.18280450430206,101324.6096253732,-0.3903746268042596,431.4833750690506,34.16954702677319,15189.106127566038,298.74983731030153,25.599837310301552,30.0,101325.0,226.2662359039189,28.032804504302078,9.49154084077033,23936.95564469912,6.078599680314822
1165.0,19.416666666666668,4.0,False,300.0,0.0,20000.0,0.0,34.20111157212841,-0.21301851979149863,40.04026143708572,40.05188724188408,1.171996381613925,301.1835185953547,101324.62957641,-0.37042358999315184,431.3391961394263,34.174070731114114,15189.073105716467,298.75033448742073,25.600334487420753,30.0,101325.0,226.1901379421761,28.033518595354735,9.492797425309476,23946.46393988199,6.111852055026336
1170.0,19.5,4.0,False,300.0,0.0,20000.0,0.0,34.20514515706873,-0.21837832489500547,40.05170600402782,40.05702794589017,1.1719935473127863,301.18419085951143,101324.6107012834,-0.3892987166036619,431.1968885508913,34.17853966665193,15189.036373173709,298.7508316870805,25.60083168708053,30.0,101325.0,226.11496638030528,28.034190859511455,9.494038796292203,23955.859589540953,6.145117557477324
1175.0,19.583333333333332,4.0,False,300.0,0.0,20000.0,0.0,34.20930124386052,-0.2143732788830291,40.052179463756175,40.06211183900358,1.171991015550505,301.1848835406434,101324.62484977389,-0.37515022611478344,431.0564229016015,34.182951325941424,15189.003561534546,298.7513289073071,25.601328907307106,30.0,101325.0,226.04081942036535,28.03488354064342,9.495264257205951,23965.13722986283,6.178396027490799
1180.0,19.666666666666668,4.0,False,300.0,0.0,20000.0,0.0,34.21328260898099,-0.21731292001306018,40.0606774017389,40.06712758713692,1.1719883136417748,301.1855471014968,101324.61449056976,-0.3855094302416546,430.9177802498041,34.187309822769855,15188.9685447974,298.7518261472473,25.601826147247323,30.0,101325.0,225.96759592919062,28.03554710149683,9.496474950769404,23974.305422421206,6.211687307110441
1185.0,19.75,4.0,False,300.0,0.0,20000.0,0.0,34.217292370386076,-0.21614654019082624,40.064331307718234,40.072085012098114,1.1719857608875905,301.1862153950643,101324.61861774011,-0.3813822598895058,430.780934427514,34.19161422383661,15188.935461103174,298.7523234052506,25.602323405250615,30.0,101325.0,225.89534375365017,28.036215395064346,9.497670617732393,23983.36211800468,6.244991242902403
1190.0,19.833333333333332,4.0,False,300.0,0.0,20000.0,0.0,34.221241710241884,-0.2157789793532241,40.068854761615114,40.076981645515296,1.1719832145831153,301.1868736183736,101324.61991373118,-0.38008626882219687,430.6458638948891,34.19586658480517,15188.902460997175,298.7528206801875,25.602820680187506,30.0,101325.0,225.824024067893,28.036873618373647,9.498851829112546,23992.31155777042,6.278307682955025
1195.0,19.916666666666668,4.0,False,300.0,0.0,20000.0,0.0,34.225104590276715,-0.2176844248451499,40.07596576325335,40.08181747391246,1.1719806313853263,301.18751743171276,101324.61317135657,-0.38682864342990797,430.5125464325742,34.20006815857887,15188.868982753827,298.75331797082845,25.60331797082847,30.0,101325.0,225.7536168642403,28.037517431712786,9.500018932938577,24001.15629808633,6.311636480077148
1200.0,20.0,4.0,False,300.0,0.0,20000.0,0.0,34.229021831964815,-0.21422102031505497,40.076765869546136,40.08659977023218,1.1719782321703949,301.18817030532745,101324.62538248535,-0.37461751465161797,430.380957736647,34.20421870463884,15188.837888928318,298.7538152757263,25.603815275726333,30.0,101325.0,225.68415193209924,28.03817030532747,9.501171862399678,24009.89575390602,6.344977488446587
1205.0,20.083333333333332,4.0,False,300.0,0.0,20000.0,0.0,34.232751862542045,-0.21864032879880152,40.08668906020067,40.09131929680258,1.1719756325148942,301.1887919770903,101324.60976658468,-0.39023341532447375,430.2510791693583,34.208321559358936,15188.804197393029,298.7543125940528,25.60431259405283,30.0,101325.0,225.6155454552508,28.03879197709034,9.502311544266371,24018.53687491364,6.378330566661045
1210.0,20.166666666666668,4.0,False,300.0,0.0,20000.0,0.0,34.23661978064263,-0.2132206445139962,40.085097750983614,40.095991110655824,1.1719733450643453,301.1894366301071,101324.62887311635,-0.3711268836486852,430.1228844429124,34.21237460691089,15188.774552033916,298.75480992411013,25.604809924110157,30.0,101325.0,225.54788233721612,28.039436630107105,9.503437390808582,24027.075131283986,6.411695574998682
1215.0,20.25,4.0,False,300.0,0.0,20000.0,0.0,34.24024437341302,-0.21885784395664615,40.09632853311157,40.10060001025539,1.1719707644489805,301.19004072890215,101324.60898974807,-0.3910102519294014,429.99635729741397,34.21638254697359,15188.741107258787,298.7553072653502,25.605307265350234,30.0,101325.0,225.481037522778,28.04004072890217,9.504550707492664,24035.52035262983,6.445072377418067
1220.0,20.333333333333332,4.0,False,300.0,0.0,20000.0,0.0,34.244030082199515,-0.2134773608871819,40.09467435430432,40.105164343671795,1.1719685289751316,301.19067168036656,101324.6279789093,-0.3720210907049477,429.8714709984232,34.22034240010109,15188.712135517704,298.7558046159889,25.605804615988916,30.0,101325.0,225.41511980813522,28.040671680366586,9.505650666694747,24043.86619213157,6.478460840296374
1225.0,20.416666666666668,4.0,False,300.0,0.0,20000.0,0.0,34.247589042201184,-0.2183358253361039,40.10489195561075,40.10966863733074,1.1719660228356137,301.19126484036684,101324.6108527949,-0.3891472051036544,429.7482097772066,34.22425894249388,15188.679655949554,298.7563019755445,25.60630197554451,30.0,101325.0,225.35000245203898,28.041264840366864,9.50673859513719,24052.122649494835,6.511860832547503
1230.0,20.5,4.0,False,300.0,0.0,20000.0,0.0,34.2512604315848,-0.21493288510264608,40.10543673130285,40.11412835343512,1.171963781093224,301.19187673859744,101324.62288861144,-0.3771113885595696,429.62654840909545,34.22812974306775,15188.650602968182,298.75679934237627,25.60679934237629,30.0,101325.0,225.28577512135067,28.041876738597466,9.507813817518818,24060.28453552963,6.5452722264259915
1235.0,20.583333333333332,4.0,False,300.0,0.0,20000.0,0.0,34.25478991307659,-0.21720689708723784,40.11254252363579,40.11853372570796,1.171961399392482,301.19246498551274,101324.61486664374,-0.3851333562633954,429.5064697681439,34.23195827653069,15188.619736126568,298.7572967158399,25.607296715839936,30.0,101325.0,225.22235108041647,28.042464985512765,9.508877299036303,24068.359114157807,6.578694895627163
1240.0,20.666666666666668,4.0,False,300.0,0.0,20000.0,0.0,34.258335663463185,-0.216562000792345,40.11619947899604,40.12289240886618,1.1719591263481595,301.1930559439105,101324.61715020255,-0.38284979744639713,429.38795158314014,34.235743812917484,15188.590277472147,298.7577940946259,25.607794094625945,30.0,101325.0,225.15976643280084,28.04305594391053,9.509928836921523,24076.344785710826,6.61212871777985
1245.0,20.75,4.0,False,300.0,0.0,20000.0,0.0,34.2618484510657,-0.21572719588812725,40.119586923966274,40.12720337412784,1.171956882350638,301.1936414085109,101324.6200961384,-0.3799038615979953,429.2709745301301,34.23948779893949,15188.561195264268,298.7582914778059,25.60829147780595,30.0,101325.0,225.097995732866,28.04364140851095,9.510968833038747,24084.24454307901,6.645573571480399
1250.0,20.833333333333332,4.0,False,300.0,0.0,20000.0,0.0,34.26526984687382,-0.2179336567130373,40.12646880542764,40.13146498058812,1.1719545732107086,301.1942116411456,101324.6122850716,-0.38771492839441635,429.15551961341333,34.243191586038364,15188.531268810782,298.7587888644616,25.608788864461644,30.0,101325.0,225.03701092452556,28.044211641145637,9.511997662788433,24092.061181380435,6.679029339344607
1255.0,20.916666666666668,4.0,False,300.0,0.0,20000.0,0.0,34.2687637572169,-0.21427333502185963,40.126471810864054,40.1356852548789,1.1719524567712232,301.1947939595361,101324.62519949305,-0.37480050695012324,429.0415653282133,34.24685448883682,15188.503839755052,298.75928625336184,25.60928625336186,30.0,101325.0,224.97685023414604,28.04479395953615,9.513015135788004,24099.79319882131,6.712495904886414
1260.0,21.0,4.0,False,300.0,0.0,20000.0,0.0,34.272073980083746,-0.21877920954932906,40.13593972580532,40.1398540897108,1.171950125851792,301.19534566334727,101324.60927067322,-0.39072932678391226,428.92909557824714,34.250479780900676,15188.473631039224,298.7597836439509,25.609783643950948,30.0,101325.0,224.91742704264806,28.04534566334729,9.5140221613613,24107.447452560307,6.7459731553387625
1265.0,21.083333333333332,4.0,False,300.0,0.0,20000.0,0.0,34.27553271511874,-0.21334084124171854,40.1337819978691,40.143986632859324,1.1719481047544673,301.19592211918643,101324.62845457517,-0.3715454248304013,428.81808733997894,34.25406506482624,15188.447437617895,298.76028103476233,25.61028103476235,30.0,101325.0,224.8588299015063,28.045922119186457,9.515018073562844,24115.018828985194,6.779460979145391
1270.0,21.166666666666668,4.0,False,300.0,0.0,20000.0,0.0,34.278756301785506,-0.21896727978455816,40.144466794510095,40.148067333629854,1.171945784612568,301.1964593836309,101324.60859861538,-0.3914013846224407,428.7085264455253,34.25761486646103,15188.417368578881,298.7607784254912,25.61077842549122,30.0,101325.0,224.8009345394845,28.046459383630918,9.51600412957251,24122.516835831928,6.8129592678015145
1275.0,21.25,4.0,False,300.0,0.0,20000.0,0.0,34.28215007864014,-0.21353616592116917,40.142231167656846,40.152114381647955,1.171943805556529,301.19702501310667,101324.62777392525,-0.3722260747454129,428.60038956541837,34.26112599535491,15188.391720012616,298.7612758145847,25.6112758145847,30.0,101325.0,224.74385152077602,28.04702501310669,9.516979443154142,24129.93468560937,6.846467914691404
1280.0,21.333333333333332,4.0,False,300.0,0.0,20000.0,0.0,34.28532251816739,-0.21848619501341202,40.15204367234961,40.15611190776585,1.1719415463422196,301.1975537530279,101324.61031659256,-0.38968340744031593,428.4936629799456,34.26460307094517,15188.362440595165,298.7617732017959,25.611773201795927,30.0,101325.0,224.68745449151564,28.0475537530279,9.51794529748477,24137.28209055041,6.879986815230404
1285.0,21.416666666666668,4.0,False,300.0,0.0,20000.0,0.0,34.28862076019743,-0.21488010322880938,40.151850650162366,40.16007552522263,1.1719395550215834,301.1981034600329,101324.62307380601,-0.3769261939887656,428.38832460020785,34.268043392803655,15188.336633079722,298.7622705856954,25.6122705856954,30.0,101325.0,224.63183695292915,28.048103460032905,9.518900942445459,24144.553298993967,6.913515867584254
1290.0,21.5,4.0,False,300.0,0.0,20000.0,0.0,34.291775966469345,-0.21743476680750043,40.158792397614846,40.16399462414129,1.1719374046360669,301.19862932774487,101324.61405814027,-0.38594185972760897,428.2843596530253,34.27145039082851,15188.308764083426,298.76276796588166,25.612767965881687,30.0,101325.0,224.57690929936277,28.04862932774489,9.519847330785698,24151.755515638924,6.9470549709277485
1295.0,21.583333333333332,4.0,False,300.0,0.0,20000.0,0.0,34.2949666685555,-0.21643712284477923,40.161557747583316,40.1678775376574,1.1719353763847313,301.1991611114259,101324.61759160698,-0.38240839302306995,428.181748491348,34.27482295275537,15188.282477946119,298.7632653412271,25.613265341227134,30.0,101325.0,224.52271511978074,28.049161111425917,9.52078415354316,24158.886346641444,6.980604027776555
1300.0,21.666666666666668,4.0,False,300.0,0.0,20000.0,0.0,34.298117723099836,-0.2160206793463704,40.16496152041936,40.171721927151324,1.1719333499867288,301.1996862871833,101324.61906176404,-0.38093823596136644,428.08047455561217,34.27816259995181,15188.256215828005,298.76376271105573,25.613762711055756,30.0,101325.0,224.46922267216792,28.049686287183306,9.521711833319948,24165.94896682277,7.014162941188683
1305.0,21.75,4.0,False,300.0,0.0,20000.0,0.0,34.301200055918684,-0.21780523324382667,40.17089083752706,40.17552720812738,1.171931278059922,301.20020000931976,101324.61274188058,-0.3872581194154918,427.98052096526277,34.2814702195133,15188.229363656588,298.76426007460793,25.614260074607955,30.0,101325.0,224.41641402778677,28.05020000931978,9.522630616531472,24172.945212181727,7.0477316177018805
1310.0,21.833333333333332,4.0,False,300.0,0.0,20000.0,0.0,34.30434666278052,-0.2145643625603257,40.17093062329429,40.17929990681629,1.1719293698585478,301.20072444379673,101324.62418068832,-0.3758193116809707,427.88186931270195,34.28474525872318,15188.204633366779,298.7647574309046,25.614757430904604,30.0,101325.0,224.3643195983048,28.050724443796753,9.523540349645327,24179.873874191773,7.081309964289639
1315.0,21.916666666666668,4.0,False,300.0,0.0,20000.0,0.0,34.30733067019071,-0.21871646649396181,40.17954411485798,40.183030964203134,1.171927264944844,301.2012217783651,101324.60949475334,-0.3905052466579946,427.784505257584,34.28799053164304,15188.17735368518,298.76525477954004,25.615254779540066,30.0,101325.0,224.31286284958003,28.051221778365118,9.52444181434529,24186.74086858701,7.114897891194347
1320.0,22.0,4.0,False,300.0,0.0,20000.0,0.0,34.310459473999344,-0.21350452093623123,40.177216769691555,40.18673430975358,1.1719254486936068,301.20174324566653,101324.62788424114,-0.37211575885885395,427.688409000406,34.291203723369414,15188.153815069145,298.7657521192822,25.615752119282206,30.0,101325.0,224.26212630399132,28.051743245666557,9.525334367602616,24193.541260004575,7.148495309339202
1325.0,22.083333333333332,4.0,False,300.0,0.0,20000.0,0.0,34.31336594203992,-0.21901990751292214,40.18734783963704,40.19039488996778,1.1719233386989556,301.20222765700663,101324.6084104499,-0.3915895500977058,427.59356802790245,34.29438902939359,15188.126469538465,298.76624944998804,25.61624944998806,30.0,101325.0,224.21199193407887,28.052227657006654,9.526219174831553,24200.28389219816,7.182102132361566
1330.0,22.166666666666668,4.0,False,300.0,0.0,20000.0,0.0,34.31645063496137,-0.21339908438056188,40.184475621965326,40.19403054805991,1.1719215678559307,301.20274177249354,101324.62825167988,-0.3717483201180585,427.4999620649355,34.297543155209794,15188.103519412862,298.76674677029956,25.616746770299585,30.0,101325.0,224.1625702010451,28.05274177249356,9.52709532089161,24206.961756670054,7.21571827517328
1335.0,22.25,4.0,False,300.0,0.0,20000.0,0.0,34.31931105979584,-0.21867235967657037,40.19425747764137,40.19762473891681,1.1719194978446614,301.20321850996595,101324.60965223766,-0.39034776233893353,427.4075792775907,34.30067066282826,15188.076692066812,298.76724408016815,25.617244080168177,30.0,101325.0,224.11373278412276,28.053218509965973,9.527964073007851,24213.584478369605,7.249343654503169
1340.0,22.333333333333332,4.0,False,300.0,0.0,20000.0,0.0,34.322318817210316,-0.21455706201887634,40.19307271216041,40.201193985554916,1.1719177157522207,301.20371980286836,101324.62420626235,-0.37579373765038326,427.31640017959825,34.30376846871959,15188.05359614878,298.76774137830444,25.61774137830446,30.0,101325.0,224.06558174779042,28.053719802868386,9.52882457464433,24220.14549519889,7.282978189207035
1345.0,22.416666666666668,4.0,False,300.0,0.0,20000.0,0.0,34.3251690015436,-0.2177351173670831,40.200349951878465,40.20472594465192,1.1719157378014164,301.2041948335906,101324.61299117278,-0.3870088272233261,427.2264122697921,34.306840200028695,15188.027961906357,298.7682386645384,25.61823866453841,30.0,101325.0,224.0180180222659,28.0541948335906,9.529677833341303,24226.65245738108,7.316621798896327
1350.0,22.5,4.0,False,300.0,0.0,20000.0,0.0,34.328084143355,-0.21608255264450965,40.201970103214784,40.20823068722283,1.1719139151353601,301.20468069055914,101324.61884351382,-0.38115648618259,427.1375980079893,34.30988417146548,15188.004340154268,298.7687359378434,25.61873593784344,30.0,101325.0,223.9710995397377,28.054680690559167,9.530523380962633,24233.10176437999,7.350274405994773
1355.0,22.583333333333332,4.0,False,300.0,0.0,20000.0,0.0,34.33094052785668,-0.2163772046302397,40.205827423287296,40.21170362952785,1.1719120508581782,301.20515675464276,101324.6178033087,-0.3821966912946664,427.0499434514529,34.31290223535227,15187.980179121989,298.76923319778876,25.619233197788787,30.0,101325.0,223.92478134574708,28.05515675464278,9.531361732042296,24239.497310568324,7.383935933130153
1360.0,22.666666666666668,4.0,False,300.0,0.0,20000.0,0.0,34.33375896111272,-0.21751002676908474,40.21063083961592,40.2151461654768,1.1719101768206526,301.20562649351876,101324.61379092453,-0.38620907547010574,426.963433429854,34.31589464866578,15187.955891595659,298.7697304436982,25.619730443698245,30.0,101325.0,223.87906157239934,28.055626493518787,9.532192957962717,24245.83961176995,7.417606305992888
1365.0,22.75,4.0,False,300.0,0.0,20000.0,0.0,34.336624137855324,-0.2148840715664659,40.211027426459346,40.21856261137687,1.171908426088436,301.20610402297586,101324.62305988398,-0.3769401160243433,426.8780523772915,34.318861197727955,15187.933202106131,298.77022767483163,25.620227674831654,30.0,101325.0,223.83395747143007,28.056104022975887,9.533016999368876,24252.128186635502,7.451285450297337
1370.0,22.833333333333332,4.0,False,300.0,0.0,20000.0,0.0,34.339352611693016,-0.21853939323788502,40.21871042176,40.22194560046141,1.1719065072212207,301.2065587686155,101324.61012680492,-0.3898731950757792,426.79378741413734,34.321804130804026,15187.90833358702,298.7707248908699,25.620724890869894,30.0,101325.0,223.78940661864388,28.056558768615503,9.533834480778896,24258.367773987215,7.484973294714436
1375.0,22.916666666666668,4.0,False,300.0,0.0,20000.0,0.0,34.34221599069849,-0.21366893934943298,40.21643608945162,40.225307408412164,1.171904849211123,301.2070359984497,101324.62731089271,-0.3726891072874423,426.71062163561686,34.324721358982465,15187.886845776155,298.7712220907934,25.621222090793424,30.0,101325.0,223.7454820713322,28.05703599844975,9.534644821939574,24264.553918126432,7.518669768111737
1380.0,23.0,4.0,False,300.0,0.0,20000.0,0.0,34.344872265687854,-0.21898358778709467,40.22599577775859,40.22863388443759,1.1719029096568585,301.20747871094795,101324.60854031249,-0.3914596875110874,426.62854393578425,34.32761669327779,15187.861709152887,298.7717192745684,25.62171927456842,30.0,101325.0,223.7020744367015,28.057478710947976,9.535449081466053,24270.694674862643,7.552374801856868
1385.0,23.083333333333332,4.0,False,300.0,0.0,20000.0,0.0,34.34770979399775,-0.2132811881965892,40.222697910449696,40.23194224238388,1.1719013023997575,301.20795163233294,101324.62866232458,-0.3713376754167257,426.54753677591805,34.33048684219314,15187.840879100857,298.7722164410057,25.62221644100572,30.0,101325.0,223.65929169917916,28.05795163233296,9.53624634505365,24276.783038042347,7.586088328046386
1390.0,23.166666666666668,4.0,False,300.0,0.0,20000.0,0.0,34.35032289154708,-0.21876423395786143,40.23240021966352,40.2352156282058,1.1718993842901932,301.20838714859116,101324.60932416278,-0.3906758372177137,426.46758990289015,34.333336263825956,15187.816020400905,298.7727135902049,25.62271359020491,30.0,101325.0,223.6170057209644,28.05838714859118,9.537037851062767,24282.828440141995,7.619810280461792
1395.0,23.25,4.0,False,300.0,0.0,20000.0,0.0,34.353099719952525,-0.21423383906124183,40.23041485390138,40.238471172519546,1.1718977688855425,301.2088499533254,101324.62533765062,-0.37466234937892295,426.3886862117489,34.33616160118279,15187.79508475663,298.7732107209931,25.623210720993143,30.0,101325.0,223.57532461859876,28.05884995332542,9.53782266699522,24288.82373530308,7.653540594472517
1400.0,23.333333333333332,4.0,False,300.0,0.0,20000.0,0.0,34.35570718870804,-0.21791243776298044,40.23796437750123,40.24169516570667,1.1718959280074301,301.2092845314513,101324.61236056709,-0.3876394329126924,426.3108150857018,34.33896663002274,15187.771226976294,298.77370783338336,25.623707833383378,30.0,101325.0,223.53414204312188,28.05928453145134,9.538601841672984,24294.776912408215,7.687279206033428
1405.0,23.416666666666668,4.0,False,300.0,0.0,20000.0,0.0,34.358402819718435,-0.21575407942740257,40.238691221585775,40.24489906862313,1.1718942684289315,301.2097338032864,101324.62000144662,-0.37999855338421185,426.23396096459777,34.3417492113656,15187.749718838952,298.7742049264291,25.624204926429115,30.0,101325.0,223.49352743290854,28.059733803286406,9.53937478093489,24300.68340969752,7.721026053479335
1410.0,23.5,4.0,False,300.0,0.0,20000.0,0.0,34.361025486503536,-0.21657602517956354,40.242864635396174,40.24807655685499,1.1718925342454725,301.21017091441723,101324.61710061484,-0.38289938516390976,426.15811204738606,34.34451144683575,15187.727243821322,298.77470199989267,25.624701999892693,30.0,101325.0,223.45342578395955,28.060170914417256,9.540142068565487,24306.547666213366,7.754781075059828
1415.0,23.583333333333332,4.0,False,300.0,0.0,20000.0,0.0,34.36363289332826,-0.21724923498413512,40.24684091890816,40.251230484300564,1.1718908159381896,301.21060548222135,101324.61471648897,-0.38528351103013847,426.0832548354617,34.34725312022889,15187.704974558936,298.7751990531689,25.6251990531689,30.0,101325.0,223.41384727330743,28.060605482221376,9.540903644508026,24312.369202072357,7.788544211773916
1420.0,23.666666666666668,4.0,False,300.0,0.0,20000.0,0.0,34.36627560965064,-0.21503299011722996,40.24742879923818,40.25436358864988,1.1718891927666237,301.21104593494175,101324.6225372503,-0.3774627497041365,426.0093760765037,34.34997424425122,15187.683938255444,298.77569608570036,25.625696085700383,30.0,101325.0,223.37480005604442,28.061045934941774,9.541659512292007,24318.14802342353,7.822315404291622
1425.0,23.75,4.0,False,300.0,0.0,20000.0,0.0,34.368799344894,-0.21837251794161658,40.25446403916556,40.25746962143147,1.1718874196468634,301.2114665574823,101324.610721987,-0.38927801299723797,425.9364643444329,34.35267667056504,15187.66095862335,298.77619309724537,25.62619309724539,30.0,101325.0,223.33623142177544,28.061466557482333,9.542410186268066,24323.888042881183,7.856094596004333
1430.0,23.833333333333332,4.0,False,300.0,0.0,20000.0,0.0,34.371452710691756,-0.21370877474349523,40.25215622682533,40.26055977458751,1.1718858893814674,301.21190878511527,101324.62717191508,-0.3728280849172734,425.86450512112725,34.35535843497307,15187.641126383818,298.77669008694465,25.626690086944677,30.0,101325.0,223.29820861740035,28.061908785115293,9.543155120825853,24329.58506878743,7.889881730109658
1435.0,23.916666666666668,4.0,False,300.0,0.0,20000.0,0.0,34.3739093362758,-0.2188974712517019,40.26130065050191,40.263620430499195,1.1718840845119545,301.2123182227126,101324.60884813943,-0.3911518605746096,425.7934886447824,34.35802308661567,15187.61773527493,298.77718705485813,25.627187054858155,30.0,101325.0,223.2606279157776,28.062318222712634,9.543895301837685,24335.246622053048,7.923676752117186
1440.0,24.0,4.0,False,300.0,0.0,20000.0,0.0,34.37654906944044,-0.21319141413408035,40.257735471326086,40.26666835238524,1.171882605619973,301.21275817824005,101324.62897486481,-0.371025135187665,425.72339972454995,34.360667322203795,15187.59856883485,298.7776839999288,25.62768399992882,30.0,101325.0,223.22359577617559,28.062758178240074,9.544629811723278,24340.865665742436,7.9574796078726
1445.0,24.083333333333332,4.0,False,300.0,0.0,20000.0,0.0,34.378967658950614,-0.21871767290536331,40.2672304596964,40.26968661130415,1.1718808119999171,301.21316127649175,101324.60949044538,-0.3905095546215307,425.65422945860564,34.36329548103139,15187.575323518926,298.77818092236765,25.628180922367676,30.0,101325.0,223.18698547487958,28.06316127649177,9.545359855842054,24346.451403078932,7.991290244725948
1450.0,24.166666666666668,4.0,False,300.0,0.0,20000.0,0.0,34.3815563830957,-0.21409414135110905,40.26488428034933,40.27269238944722,1.1718793223463266,301.2135927305159,101324.62582611134,-0.37417388866015244,425.58596294348484,34.36590408371878,15187.556017608393,298.7786778211103,25.62867782111033,30.0,101325.0,223.1509070371337,28.06359273051595,9.546084467699663,24351.996421885386,8.025108611271062
1455.0,24.25,4.0,False,300.0,0.0,20000.0,0.0,34.38397657113228,-0.2178514969424323,40.27227836410848,40.27567161193,1.1718775998180928,301.2139960951887,101324.61257734922,-0.3874226507759886,425.51859101409116,34.3684968619435,15187.533693642483,298.77917469628824,25.62917469628826,30.0,101325.0,223.11525341781808,28.063996095188713,9.546804683873194,24357.508637391937,8.058934656451116
1460.0,24.333333333333332,4.0,False,300.0,0.0,20000.0,0.0,34.38649067746826,-0.21566330175220408,40.272728381581,40.27863586386823,1.1718760591869264,301.21441511291135,101324.62032114512,-0.3796788548788754,425.45210010360677,34.37107153790175,15187.513727062567,298.77967154705556,25.62967154705558,30.0,101325.0,223.08009647891694,28.064415112911377,9.547519871639373,24362.9831907577,8.092768331331776
1465.0,24.416666666666668,4.0,False,300.0,0.0,20000.0,0.0,34.388935600013724,-0.21645421936825082,40.27662855616253,40.28157862596655,1.1718744415913422,301.21482260000226,101324.61753119116,-0.3824688088352559,425.38647998435755,34.373630140159335,15187.492763023794,298.7801683732832,25.630168373283198,30.0,101325.0,223.0453815699735,28.064822600002287,9.548230594488704,24368.424379063967,8.126609586588595
1470.0,24.5,4.0,False,300.0,0.0,20000.0,0.0,34.391366818652614,-0.217211045562235,40.28046998889709,40.28450256128501,1.1718728341661835,301.21522780310875,101324.61485193213,-0.3851480678713415,425.3217189451551,34.3761723855886,15187.47193079374,298.780665174473,25.630665174472995,30.0,101325.0,223.01111913732643,28.06522780310877,9.548936773774612,24373.831584863798,8.160458375452434
1475.0,24.583333333333332,4.0,False,300.0,0.0,20000.0,0.0,34.39384130866506,-0.21483775092252813,40.280647508681845,40.28741058797479,1.1718713264831309,301.2156402181108,101324.6232223737,-0.37677762629755307,425.25780542780916,34.37869813649266,15187.452391221377,298.78116195015866,25.631161950158685,30.0,101325.0,222.97732016109453,28.065640218110843,9.54963837124796,24379.20449984079,8.194314650511256
1480.0,24.666666666666668,4.0,False,300.0,0.0,20000.0,0.0,34.39619444492371,-0.2183446569470343,40.2876548914154,40.29029591222387,1.1718696572584661,301.21603240748726,101324.61082131251,-0.38917868748831097,425.1947295915254,34.38120926049158,15187.43075806972,298.7816587002145,25.63165870021453,30.0,101325.0,222.9439297628696,28.066032407487285,9.550335905692105,24384.54708236056,8.228178366887784
1485.0,24.75,4.0,False,300.0,0.0,20000.0,0.0,34.398687026992775,-0.21349522992357237,40.28491261945836,40.293170167175475,1.171868238760111,301.2164478378321,101324.62791662694,-0.3720833730621962,425.1324787299628,34.383703589242636,15187.412374331037,298.7821554238586,25.63215542385865,30.0,101325.0,222.91101971308552,28.06644783783213,9.551028774789621,24389.85470454275,8.262049479239801
1490.0,24.833333333333332,4.0,False,300.0,0.0,20000.0,0.0,34.40098064871847,-0.21881027177154777,40.2939904557364,40.29601911442685,1.1718665346251795,301.2168301081197,101324.60915971402,-0.39084028598153964,425.07104446890935,34.38618470943493,15187.390288742326,298.7826521212658,25.632652121265835,30.0,101325.0,222.87848358694822,28.066830108119746,9.551717974843037,24395.134984571094,8.295927944301685
1495.0,24.916666666666668,4.0,False,300.0,0.0,20000.0,0.0,34.403462545886214,-0.21312235384039657,40.29023705859583,40.29885975933031,1.1718651572987844,301.2172437576477,101324.6292152024,-0.3707847976038465,425.0104135467072,34.388649161838266,15187.372438592247,298.78314879145984,25.63314879145986,30.0,101325.0,222.84643091758224,28.067243757647702,9.552402544955074,24400.380546865148,8.329813718976293
1500.0,25.0,4.0,False,300.0,0.0,20000.0,0.0,34.40572974160523,-0.21849672513680546,40.29935011400011,40.301675127694786,1.1718634682337628,301.21762162360085,101324.61027902942,-0.3897209705755813,424.95057824969086,34.39110119921874,15187.350548309565,298.7836454347417,25.63364543474171,30.0,101325.0,222.8147362208757,28.06762162360087,9.55308366644965,24405.600430132203,8.363706761321431
1505.0,25.083333333333332,4.0,False,300.0,0.0,20000.0,0.0,34.40815978018941,-0.21428838832502412,40.297286635038034,40.30448173730869,1.1718620645425992,301.21802663003155,101324.62514682963,-0.37485317037499044,424.8915257092477,34.393537393874354,15187.332356472087,298.78414205015764,25.634142050157664,30.0,101325.0,222.78350629012914,28.068026630031568,9.553760387187321,24410.787324691337,8.397607030595614
1510.0,25.166666666666668,4.0,False,300.0,0.0,20000.0,0.0,34.41044298084387,-0.21744576040197858,40.3037852594673,40.30726666686749,1.1718604554162186,301.21840716347396,101324.61401911252,-0.38598088748403825,424.83324779727724,34.395961123674276,15187.311502194192,298.7846386378809,25.634638637880926,30.0,101325.0,222.75264354418766,28.068407163473978,9.554433645465076,24415.94840959197,8.431514485966645
1515.0,25.25,4.0,False,300.0,0.0,20000.0,0.0,34.412799005419856,-0.21597313455657166,40.30487595320494,40.310039586930586,1.1718589880307646,301.2187998342366,101324.6192294298,-0.380770570205641,424.77573300302646,34.39837045126826,15187.29248487871,298.7851351972194,25.635135197219427,30.0,101325.0,222.7222079459389,28.068799834236643,9.555102903130074,24421.07954740463,8.465429088714558
1520.0,25.333333333333332,4.0,False,300.0,0.0,20000.0,0.0,34.415118256452956,-0.21587179389829983,40.30754826897358,40.31279619290065,1.1718574883654622,301.21918637607547,101324.61958668244,-0.3804133175581228,424.71897211232624,34.40076681092852,15187.27304921639,298.7856317280423,25.635631728042313,30.0,101325.0,222.69216158191279,28.069186376075493,9.555768558591257,24426.18378049385,8.499350799358933
1525.0,25.416666666666668,4.0,False,300.0,0.0,20000.0,0.0,34.417394270888735,-0.2175087057073511,40.31222979722308,40.31553640974458,1.1718559456308684,301.21956571181477,101324.61379561585,-0.38620438415091485,424.6629553549223,34.40315045552866,15187.253055376053,298.78612823003334,25.636128230033364,30.0,101325.0,222.66249728015234,28.06956571181479,9.556430682091294,24431.261636095584,8.53327958089823
1530.0,25.5,4.0,False,300.0,0.0,20000.0,0.0,34.419749737622055,-0.214191304002413,40.31112673223456,40.31826590199494,1.1718545535676148,301.21995828960365,101324.62548641053,-0.3745135894714622,424.6076722803267,34.40552053089635,15187.235014236288,298.78662470270035,25.636624702700374,30.0,101325.0,222.6332463704426,28.069958289603676,9.557089036360097,24436.311282985745,8.56721539542537
1535.0,25.583333333333332,4.0,False,300.0,0.0,20000.0,0.0,34.42195517746552,-0.21848096435805234,40.31886835830566,40.32097501286866,1.1718529483480646,301.2203258629109,101324.61033525072,-0.38966474928020034,424.5531147653893,34.407879478144636,15187.214210590919,298.7871211461019,25.637121146101947,30.0,101325.0,222.60433546861603,28.07032586291092,9.557744299484622,24441.33791133256,8.601158207365868
1540.0,25.666666666666668,4.0,False,300.0,0.0,20000.0,0.0,34.42432747701196,-0.21305661506003712,40.31528279879352,40.323677712718506,1.1718516311679477,301.22072124616864,101324.6294439084,-0.37055609159870073,424.49927142049467,34.41022450301935,15187.197139936601,298.78761755944134,25.637617559441367,30.0,101325.0,222.57585381155687,28.07072124616866,9.558395695283153,24446.33555599409,8.635107980607067
1545.0,25.75,4.0,False,300.0,0.0,20000.0,0.0,34.426488170504626,-0.21864657334951107,40.32451063964723,40.326357969679826,1.1718500023647873,301.22108136175075,101324.60974429357,-0.39025570642843377,424.44613524662003,34.41255953262059,15187.176030647644,298.7881139430357,25.638113943035705,30.0,101325.0,222.5476838246757,28.07108136175077,9.55904431461683,24451.31257590407,8.669064680698662
1550.0,25.833333333333332,4.0,False,300.0,0.0,20000.0,0.0,34.42883702596782,-0.21337636068138371,40.32107701417292,40.3290332534361,1.1718486943543895,301.2214728376613,101324.62833084655,-0.3716691534500569,424.3936946356278,34.41488090376267,15187.159078832889,298.78861029595987,25.638610295959893,30.0,101325.0,222.5199395303643,28.071472837661304,9.559689139934076,24456.26115292012,8.703028273565902
1555.0,25.916666666666668,4.0,False,300.0,0.0,20000.0,0.0,34.43099617306075,-0.21794255592534942,40.32908559665634,40.331687607941845,1.1718471084529207,301.2218326955101,101324.61225340667,-0.38774659333284944,424.3419427729616,34.41719258170801,15187.138525549854,298.78910661855014,25.63910661855016,30.0,101325.0,222.49250366280629,28.071832695510125,9.560331272696668,24461.189729945985,8.736998725567892
1560.0,26.0,4.0,False,300.0,0.0,20000.0,0.0,34.433282624576805,-0.21500397790802728,40.32834095242166,40.33433487148513,1.1718457460661502,301.2222137707628,101324.62263909783,-0.37736090217367746,424.2908688262941,34.419491649721174,15187.120869017308,298.78960291001806,25.639602910018084,30.0,101325.0,222.46546574804583,28.0722137707628,9.560969902700327,24466.092078867896,8.77097600460179
1565.0,26.083333333333332,4.0,False,300.0,0.0,20000.0,0.0,34.43547817375918,-0.21650609679867114,40.33275520204332,40.33696599580403,1.1718442613144682,301.2225796956265,101324.61734783713,-0.38265216286526993,424.2404652326045,34.421780544931536,15187.101626635507,298.7900991704612,25.640099170461212,30.0,101325.0,222.43875614940316,28.07257969562653,9.561605706925427,24470.97338673099,8.80496007784179
1570.0,26.166666666666668,4.0,False,300.0,0.0,20000.0,0.0,34.43768702418663,-0.21676116441639212,40.33570452390724,40.33958561810571,1.1718428187032994,301.2229478373644,101324.6164456947,-0.3835543052991852,424.19072265751936,34.42405839269758,15187.08293039476,298.7905953994402,25.6405953994402,30.0,101325.0,222.41240120226442,28.07294783736444,9.562238442415994,24475.831779287357,8.838950914762636
1575.0,26.25,4.0,False,300.0,0.0,20000.0,0.0,34.43992876759978,-0.21470774505811266,40.3359531163514,40.342194925598356,1.1718414488479598,301.2233214612666,101324.62367823847,-0.37632176153420005,424.14163238050867,34.42632530643021,15187.065177069559,298.79109159668286,25.641091596682884,30.0,101325.0,222.38640214020486,28.07332146126663,9.562868140675057,24480.667489164745,8.872948483699062
1580.0,26.333333333333332,4.0,False,300.0,0.0,20000.0,0.0,34.44206244686143,-0.21806747220126,40.34249380295209,40.344787999954214,1.1718399281440066,301.2236770744769,101324.61180879647,-0.3881912035285495,424.09318668505625,34.42858280469538,15187.045468746324,298.79158776215576,25.64158776215578,30.0,101325.0,222.36071248158038,28.073677074476905,9.563495223526495,24485.48374718544,8.906952755390972
1585.0,26.416666666666668,4.0,False,300.0,0.0,20000.0,0.0,34.44433764791256,-0.21319508510922902,40.33943554784318,40.34737589536376,1.1718386513377719,301.22405627465207,101324.62896208723,-0.37103791277331766,424.0453757925329,34.43082872313792,15187.028921337524,298.7920838952242,25.642083895224232,30.0,101325.0,222.33540200380583,28.074056274652094,9.564119089760533,24490.275927040184,8.940963699609185
1590.0,26.5,4.0,False,300.0,0.0,20000.0,0.0,34.44641739843621,-0.21855197672410173,40.348278789275234,40.34994428269276,1.1718370845263997,301.22440289973935,101324.61008190588,-0.3899180941225495,423.99819326570486,34.43306652050551,15187.008615462139,298.7925799961854,25.642579996185418,30.0,101325.0,222.31036602773813,28.07440289973937,9.56474070014042,24495.051400567256,8.974981288031135
1595.0,26.583333333333332,4.0,False,300.0,0.0,20000.0,0.0,34.4486890474318,-0.21293256084550505,40.3443276336375,40.352510088011584,1.1718358405631293,301.2247815079053,101324.6298753023,-0.3701246976997936,423.9516288207345,34.435292633326576,15186.992493698155,298.7930760641866,25.64307606418663,30.0,101325.0,222.28571543064098,28.0747815079053,9.565359064812938,24499.802555100036,9.009005492167013
1600.0,26.666666666666668,4.0,False,300.0,0.0,20000.0,0.0,34.45075618513761,-0.2180643026203891,40.35288625533434,40.35505647338413,1.1718342914773388,301.22512603085625,101324.611820081,-0.3881799189985031,423.9056765128811,34.4375111454609,15186.97241754631,298.79357209963854,25.64357209963856,30.0,101325.0,222.26132796743792,28.075126030856268,9.565975318183584,24504.53809880276,9.043036284287778
1605.0,26.75,4.0,False,300.0,0.0,20000.0,0.0,34.45297479323676,-0.2144529513296441,40.35125171905559,40.35759894154935,1.17183300046198,301.22549579887277,101324.62457087074,-0.3754291292570997,423.86032647851283,34.439718736064684,15186.95568598726,298.79406810173987,25.64406810173989,30.0,101325.0,222.2373052931541,28.075495798872794,9.566588537795745,24509.250935542175,9.077073637783851
1610.0,26.833333333333332,4.0,False,300.0,0.0,20000.0,0.0,34.45507837740297,-0.21669608430920478,40.35642474450058,40.36012630045334,1.1718315452578012,301.2258463962338,101324.61667597588,-0.3833240241219755,423.81557225333876,34.44191826357957,15186.936826541103,298.79456407071024,25.64456407071026,30.0,101325.0,222.21356392898448,28.07584639623383,9.567199517660992,24513.94715985459,9.111117525350098
1615.0,26.916666666666668,4.0,False,300.0,0.0,20000.0,0.0,34.45722159853199,-0.21633724184260336,40.35855701346394,40.3626453265617,1.171830170333332,301.2262035997553,101324.61794447177,-0.3820555282291025,423.7714052638785,34.44410832593632,15186.919007519982,298.79506000607483,25.645060006074857,30.0,101325.0,222.19014574197485,28.07620359975533,9.567807868315644,24518.623771043123,9.14516792182989
1620.0,27.0,4.0,False,300.0,0.0,20000.0,0.0,34.45937821872667,-0.21481981211975965,40.3593298133808,40.36515519112752,1.1718288338214566,301.2265630364544,101324.62328529241,-0.37671470758505166,423.7278179850192,34.44628944612373,15186.901686326077,298.79555590767933,25.645555907679352,30.0,101325.0,222.16703884316206,28.076563036454445,9.568413735034369,24523.281878425918,9.179224800753133
1625.0,27.083333333333332,4.0,False,300.0,0.0,20000.0,0.0,34.46144482580473,-0.21781362088976253,40.365346371705066,40.3676515429652,1.171827371626615,301.22690747096743,101324.61271205351,-0.3872879464906873,423.68480336863945,34.44846273468661,15186.88273628093,298.79605177547256,25.646051775472586,30.0,101325.0,222.1442084261034,28.076907470967456,9.569017426301835,24527.923846968122,9.213288138062433
1630.0,27.166666666666668,4.0,False,300.0,0.0,20000.0,0.0,34.463643977296215,-0.21314361818995395,40.362427834892316,40.370144246256736,1.1718261357828519,301.227273996216,101324.62914120837,-0.3708587916335091,423.6423528359915,34.4506262605988,15186.86671974576,298.79654760890645,25.646547608906474,30.0,101325.0,222.12171672764939,28.077273996216036,9.56961840572189,24532.54554508038,9.247357908473578
1635.0,27.25,4.0,False,300.0,0.0,20000.0,0.0,34.46565464402147,-0.21840737042134004,40.371068571567534,40.3726195996651,1.171824617687685,301.2276091073369,101324.61059771874,-0.3894022812601179,423.6004606004169,34.45278328367157,15186.847045232396,298.797043408293,25.64704340829303,30.0,101325.0,222.09946430297475,28.07760910733691,9.570217578797658,24537.153929819156,9.281434088664481
1640.0,27.333333333333332,4.0,False,300.0,0.0,20000.0,0.0,34.46785723801236,-0.21276507811944784,40.3669986558284,40.37509421241464,1.17182341929141,301.22797620633537,101324.63045731864,-0.3695426813646918,423.5591175244579,34.45493028022008,15186.831514016676,298.79753917283205,25.64753917283207,30.0,101325.0,222.07756045425307,28.077976206335393,9.570813966727801,24541.741466393698,9.31551665491185
1645.0,27.416666666666668,4.0,False,300.0,0.0,20000.0,0.0,34.469856051114675,-0.2179188827343038,40.375492719762555,40.37755121850705,1.1718219137895425,301.2283093418524,101324.61233763713,-0.3876623628748348,423.51831833945016,34.45707128648117,15186.81200271247,298.7980349029722,25.6480349029722,30.0,101325.0,222.0558836233191,28.078309341852446,9.571408690689212,24546.316772757236,9.349605584244594
1650.0,27.5,4.0,False,300.0,0.0,20000.0,0.0,34.47200701385998,-0.21436171695682296,40.37383287110541,40.38000609799245,1.1718206643692541,301.2286678356433,101324.62489023921,-0.37510976078920066,423.47805424984875,34.45920295297698,15186.795810225532,298.7985305979516,25.648530597951606,30.0,101325.0,222.03453592600997,28.07866783564333,9.572000820271384,24550.872685044735,9.3837008547014
1655.0,27.583333333333332,4.0,False,300.0,0.0,20000.0,0.0,34.4740481831426,-0.2164499377490782,40.37873885979412,40.38244780697132,1.1718192560337886,301.22900803052374,101324.61754632203,-0.3824536779720802,423.43831949992426,34.46132805809339,15186.777558197899,298.79902625802026,25.649026258020285,30.0,101325.0,222.01343570431004,28.079008030523767,9.572591127248165,24555.415135096955,9.417802443465387
1660.0,27.666666666666668,4.0,False,300.0,0.0,20000.0,0.0,34.4761228280405,-0.21634340488437073,40.3810801020575,40.384882601225875,1.1718179152826405,301.2293538046734,101324.61792270337,-0.3820772966282675,423.3991065070143,34.46344527979427,15186.760182063019,298.7995218827594,25.649521882759416,30.0,101325.0,221.99262189875384,28.079353804673417,9.573179244387298,24559.941291361592,9.451910329872652
1665.0,27.75,4.0,False,300.0,0.0,20000.0,0.0,34.47822355902406,-0.2144530602381255,40.381335454692476,40.387310427948265,1.171816630150246,301.229703926504,101324.62457048942,-0.37542951057548635,423.36040849231625,34.4655549245533,15186.743526747188,298.80001747202056,25.65001747202058,30.0,101325.0,221.97208868406673,28.07970392650401,9.573765256820362,24564.451802954656,9.486024491743704
1670.0,27.833333333333332,4.0,False,300.0,0.0,20000.0,0.0,34.48022209320743,-0.2178144252139651,40.38769860639573,40.38972582708848,1.1718151972233406,301.23003701553455,101324.61270919321,-0.3872908067860408,423.32221930639105,34.467658315742476,15186.724956014496,298.8005130258283,25.65051302582833,30.0,101325.0,221.95179430405486,28.08003701553457,9.574349532150688,24568.949493905104,9.520144909310968
1675.0,27.916666666666668,4.0,False,300.0,0.0,20000.0,0.0,34.48236725821391,-0.21280173011638687,40.384301151656786,40.3921397664807,1.1718140101905616,301.23039454303563,101324.63032998906,-0.36967001094308216,423.2845311867308,34.46975323320472,15186.70957206968,298.8010085436273,25.651008543627313,30.0,101325.0,221.9318092567133,28.080394543035652,9.574931453667977,24573.42961111098,9.55427156146723
1680.0,28.0,4.0,False,300.0,0.0,20000.0,0.0,34.484315671397326,-0.21825279688016566,40.393081834415796,40.394537542480435,1.171812525110494,301.2307192785662,101324.61114870738,-0.3888512926205294,423.2473391061298,34.47184312923392,15186.690325432004,298.8015040258001,25.651504025800136,30.0,101325.0,221.91202788407813,28.08071927856622,9.575511980342755,24577.899532295356,9.588404428927927
1685.0,28.083333333333332,4.0,False,300.0,0.0,20000.0,0.0,34.486456028529005,-0.21285489031412538,40.3892199074917,40.39693609335315,1.1718113571113833,301.2310760047548,101324.63014527077,-0.36985472922970075,423.2106348771974,34.473924363504295,15186.675188163528,298.8019994715659,25.651999471565944,30.0,101325.0,221.8925623871566,28.081076004754834,9.576090100973415,24582.35146615251,9.622543492121295
1690.0,28.166666666666668,4.0,False,300.0,0.0,20000.0,0.0,34.48840788039911,-0.2174833555196844,40.397027087497655,40.39931917907324,1.1718099035966307,301.23140131339983,101324.61388563324,-0.38611436676001176,423.1744137727436,34.476000804461364,15186.656350612335,298.80249488138304,25.652494881383063,30.0,101325.0,221.87329617397737,28.08140131339985,9.576666890128157,24586.793682426785,9.656688731807808
1695.0,28.25,4.0,False,300.0,0.0,20000.0,0.0,34.4904878379823,-0.21477580716842623,40.39628314878533,40.401700551803486,1.1718086655604,301.231747972997,101324.62343961351,-0.3765603864885634,423.1386681174654,34.47806944872009,15186.640305662784,298.8029902545837,25.6529902545837,30.0,101325.0,221.8543200846936,28.08174797299705,9.577241513533359,24591.21975101971,9.69084013002548
1700.0,28.333333333333332,4.0,False,300.0,0.0,20000.0,0.0,34.492495611604795,-0.21571497739285403,40.39977887391028,40.404071797218045,1.1718073256669896,301.2320826019341,101324.62013917166,-0.3798608283395879,423.10339254662176,34.48013245199688,15186.622940644185,298.8034855913511,25.653485591351114,30.0,101325.0,221.83557122039235,28.082082601934133,9.577814569999134,24595.634279154146,9.724997667546434
1705.0,28.416666666666668,4.0,False,300.0,0.0,20000.0,0.0,34.49449561747895,-0.21677679895969706,40.40341016825049,40.40643574019079,1.1718059856273904,301.23241593624647,101324.61639036272,-0.38360963728337083,423.06858064030234,34.482189232509334,15186.605573730978,298.8039808914234,25.65398089142343,30.0,101325.0,221.81706547244517,28.08241593624649,9.57838589791926,24600.036017375165,9.75916132747458
1710.0,28.5,4.0,False,300.0,0.0,20000.0,0.0,34.49656737250734,-0.21360949600156054,40.40210916828124,40.40879604646742,1.1718047711196515,301.2327612287512,101324.62751823035,-0.3724817696493119,423.03422600846216,34.48423922003415,15186.589833710685,298.8044761545428,25.654476154542806,30.0,101325.0,221.79882327799493,28.082761228751224,9.578955338898373,24604.423740388847,9.793331091195247
1715.0,28.583333333333332,4.0,False,300.0,0.0,20000.0,0.0,34.498496458013165,-0.21797850234990485,40.409578021053406,40.41114351467337,1.1718033424059486,301.23308274300217,101324.6121254899,-0.38787451009557117,423.0003235461224,34.486284560087654,15186.571317581094,298.80497138090277,25.654971380902793,30.0,101325.0,221.78077765363489,28.083082743002194,9.579523488913237,24608.802036047193,9.827506942428885
1720.0,28.666666666666668,4.0,False,300.0,0.0,20000.0,0.0,34.50060225077914,-0.21237208775884708,40.40542267037665,40.413492122578475,1.1718022049216366,301.23343370846317,101324.63182119462,-0.3681788053800119,422.9668660465956,34.48832230630689,15186.55657578441,298.8054665698615,25.655466569861517,30.0,101325.0,221.76302048316083,28.08343370846319,9.580089529529692,24613.16459267743,9.861688863698832
1725.0,28.75,4.0,False,300.0,0.0,20000.0,0.0,34.50250003034489,-0.21791591038213046,40.414246274275364,40.41582536579213,1.1718007493233153,301.23375000505746,101324.61234821226,-0.38765178773610387,422.93384922897343,34.49035630770097,15186.537711230167,298.80596172189917,25.65596172189919,30.0,101325.0,221.74543419936813,28.08375000505748,9.580654529916936,24617.51964624557,9.89587683886475
1730.0,28.833333333333332,4.0,False,300.0,0.0,20000.0,0.0,34.50457409362309,-0.21351660444860818,40.411483515364644,40.41815995177326,1.17179958382284,301.2340956822705,101324.62784211939,-0.37215788061439525,422.90126580441273,34.49238292090393,15186.522606344008,298.8064568362665,25.6564568362665,30.0,101325.0,221.72813007989618,28.084095682270515,9.581217478028869,24621.859391660873,9.93007085208552
1735.0,28.916666666666668,4.0,False,300.0,0.0,20000.0,0.0,34.506507553419965,-0.21656555832713553,40.417388675773495,40.420482375568305,1.1717982065035963,301.23441792556997,101324.61713762405,-0.38286237594729755,422.8691113449891,34.49440539440205,15186.50475628661,298.8069519133503,25.656951913350326,30.0,101325.0,221.71101082427768,28.084417925569994,9.581779276222793,24626.1907808375,9.964270886927533
1740.0,29.0,4.0,False,300.0,0.0,20000.0,0.0,34.50850728211424,-0.21571668994424725,40.41874809878567,40.42280161151629,1.1717969446608174,301.2347512136857,101324.62013314024,-0.3798668597592041,422.8373794332103,34.49642175267565,15186.488402804192,298.8074469526827,25.657446952682733,30.0,101325.0,221.69413499767185,28.084751213685706,9.582339375743237,24630.509579111786,9.998476928844164
1745.0,29.083333333333332,4.0,False,300.0,0.0,20000.0,0.0,34.51051067814865,-0.214406639947287,40.4195643324191,40.42511517081568,1.1717956989970726,301.23508511302475,101324.62473300201,-0.3752669979876373,422.8060647816917,34.49843279456914,15186.472259002061,298.8079419542534,25.65794195425343,30.0,101325.0,221.67748103741692,28.085085113024775,9.582897998491429,24634.817493248192,10.032688961533303
1750.0,29.166666666666668,4.0,False,300.0,0.0,20000.0,0.0,34.5124300817248,-0.21745060138142153,40.42544520384553,40.427419289371464,1.1717943304921399,301.2354050136208,101324.6140019262,-0.38599807380524,422.77516225824166,34.500439400822515,15186.454523178132,298.8084369180704,25.658436918070436,30.0,101325.0,221.6610199537391,28.0854050136208,9.583455389117365,24639.116406282083,10.066906971185755
1755.0,29.25,4.0,False,300.0,0.0,20000.0,0.0,34.51449028337879,-0.21252201356833422,40.422035336855,40.42972387252907,1.1717931948705727,301.2357483805631,101324.63130117346,-0.36869882653991226,422.74466562811983,34.50243955119967,15186.439805522621,298.8089318436657,25.658931843665698,30.0,101325.0,221.6448157674461,28.085748380563132,9.584010986444353,24643.40198605901,10.10113094229155
1760.0,29.333333333333332,4.0,False,300.0,0.0,20000.0,0.0,34.51635747877651,-0.21795762649904812,40.4306898619288,40.432014556816604,1.1717917634186779,301.23605957979606,101324.61219978001,-0.38780021999264136,422.7145708127264,34.50443655522638,15186.421253906066,298.80942673145216,25.659426731452186,30.0,101325.0,221.62876633084423,28.086059579796085,9.584565709785105,24647.681320112828,10.135360861254169
1765.0,29.416666666666668,4.0,False,300.0,0.0,20000.0,0.0,34.51841532672279,-0.2126910352238005,40.42687487706951,40.434308047585695,1.171790643384808,301.2364025544538,101324.63071447784,-0.36928552215977106,422.6848711452313,34.506426788652334,15186.406738267111,298.8099215807041,25.659921580704122,30.0,101325.0,221.61298300455394,28.086402554453798,9.585118552403426,24651.94663846179,10.169596714003179
1770.0,29.5,4.0,False,300.0,0.0,20000.0,0.0,34.520294708446954,-0.21699937072426334,40.43420536122133,40.436588526769455,1.1717892501712859,301.23671578474114,101324.61560222943,-0.3843977705691941,422.6555627900351,34.508413966810714,15186.388682219866,298.81041639190613,25.660416391906153,30.0,101325.0,221.59735321115878,28.08671578474116,9.58567054633631,24656.205899910423,10.20383848659927
1775.0,29.583333333333332,4.0,False,300.0,0.0,20000.0,0.0,34.522286872464065,-0.21488782284462024,40.43405373501433,40.438868626032225,1.1717880447034277,301.2370478120773,101324.62304672321,-0.37695327679102775,422.62663957645157,34.51039529616216,15186.373059356423,298.81091116447527,25.660911164475294,30.0,101325.0,221.58196088513668,28.087047812077344,9.586220915600599,24660.453113598145,10.238086166469763
1780.0,29.666666666666668,4.0,False,300.0,0.0,20000.0,0.0,34.5242359535207,-0.21491320707420897,40.43638550007066,40.4411417985712,1.1717867800465493,301.2373726589201,101324.62295766061,-0.37704233938711695,422.5980970156437,34.512372461621965,15186.35666940328,298.8114058985668,25.66140589856684,30.0,101325.0,221.5667569735633,28.087372658920117,9.586770128228324,24664.69188767014,10.272339739387311
1785.0,29.75,4.0,False,300.0,0.0,20000.0,0.0,34.52614436755823,-0.21694817470809868,40.44105235611121,40.44340815324229,1.1717854598217416,301.23769072792635,101324.61578358768,-0.38421641231980175,422.5699301106494,34.51434544971633,15186.339559289772,298.81190059406066,25.661900594060683,30.0,101325.0,221.55173954281926,28.087690727926372,9.587318180476759,24668.922190194768,10.30659919360805
1790.0,29.833333333333332,4.0,False,300.0,0.0,20000.0,0.0,34.52816294505999,-0.2127190966399043,40.4384189859744,40.44567439859745,1.1717843226882947,301.23802715751,101324.63061702796,-0.36938297204324044,422.5421334198511,34.51631295578987,15186.3248220403,298.8123952506252,25.662395250625195,30.0,101325.0,221.53695086212934,28.08802715751,9.58786470994163,24673.141220324567,10.340864515420913
1795.0,29.916666666666668,4.0,False,300.0,0.0,20000.0,0.0,34.53000774838688,-0.2178308196891652,40.446658898082255,40.4479282864052,1.1717829189023168,301.2383346247311,101324.61265088974,-0.3873491102567641,422.51470306569837,34.51827777477362,15186.306628974025,298.8128898686072,25.662889868607238,30.0,101325.0,221.5223038682836,28.088334624731147,9.588410492992672,24677.3549684123,10.375135693329756
1800.0,30.0,4.0,False,300.0,0.0,20000.0,0.0,34.532043461397734,-0.2122501268142781,40.44244145253214,40.45018571634042,1.1717818257081858,301.23867391023293,101324.6322439483,-0.36775605169532355,422.4876330112415,34.52023647140429,15186.292461178089,298.81338444732984,25.66338444732986,30.0,101325.0,221.50790452472592,28.088673910232956,9.58895457539008,24681.556063999917,10.409412714880043
1805.0,30.083333333333332,4.0,False,300.0,0.0,20000.0,0.0,34.53388555976687,-0.21711814353106307,40.450387798826256,40.452430158459045,1.1717804341301772,301.2389809266278,101324.6151813204,-0.38481867959490046,422.4609198268032,34.522192878640475,15186.274426327096,298.81387898731475,25.663878987314774,30.0,101325.0,221.49363591096912,28.088980926627812,9.589498021844577,24685.75272513345,10.44369556820583
1810.0,30.166666666666668,4.0,False,300.0,0.0,20000.0,0.0,34.535862192705736,-0.21439589908954268,40.44948972514349,40.45467585057278,1.1717792635536546,301.23931036545093,101324.62477059962,-0.37522940037888475,422.4345577440321,34.524143845903104,15186.259255655363,298.8143734879374,25.66437348793744,30.0,101325.0,221.47959318247368,28.089310365450956,9.590039957195307,24689.93819076036,10.47798424245298
1815.0,30.25,4.0,False,300.0,0.0,20000.0,0.0,34.53777343949673,-0.21506588202003685,40.452537657628895,40.456914313488994,1.171777997310709,301.23962890658277,101324.62242176646,-0.37757823354331776,422.4085428208984,34.52609146642086,15186.242845146788,298.81486794943703,25.664867949437053,30.0,101325.0,221.46571441394326,28.08962890658279,9.590580962894684,24694.11694837356,10.512278725188489
1820.0,30.333333333333332,4.0,False,300.0,0.0,20000.0,0.0,34.53966471442152,-0.21663759796187407,40.45663115321197,40.45914750375646,1.171776707126568,301.23994411907023,101324.61688286652,-0.3831171334750252,422.38287035717434,34.52803529690433,15186.22612436032,298.81536237163937,25.66536237163939,30.0,101325.0,221.45201069906028,28.089944119070253,9.591120915806759,24698.28804429964,10.5465790064334
1825.0,30.416666666666668,4.0,False,300.0,0.0,20000.0,0.0,34.54165249369714,-0.21271836702010946,40.45432544715401,40.461380637267695,1.1717755772947014,301.24027541561617,101324.6306195619,-0.3693804381036898,422.35753549175496,34.52997435795819,15186.21148173933,298.81585675428255,25.665856754282572,30.0,101325.0,221.43851431662875,28.09027541561619,9.591659543877274,24702.449373864598,10.580885074084902
1830.0,30.5,4.0,False,300.0,0.0,20000.0,0.0,34.543475378786184,-0.21768329201387088,40.462361859425314,40.46360241374531,1.1717741937740482,301.2405792297977,101324.61317538268,-0.3868246173224179,422.33253462901024,34.53191120673192,15186.193551311664,298.81635109768996,25.666351097689983,30.0,101325.0,221.42514513596265,28.090579229797697,9.592197557425534,24706.606422350036,10.615196918387829
1835.0,30.583333333333332,4.0,False,300.0,0.0,20000.0,0.0,34.54548755912094,-0.21206449777180622,40.45806814705251,40.46582828276662,1.1717731172244594,301.2409145931868,101324.63288692886,-0.3671130711445585,422.3078622757736,34.53384250580582,15186.179599228995,298.8168454012165,25.666845401216506,30.0,101325.0,221.41200622424017,28.090914593186824,9.592734029390506,24710.752023893758,10.649514528419942
1840.0,30.666666666666668,4.0,False,300.0,0.0,20000.0,0.0,34.54730477839166,-0.2170022637121563,40.46606444930307,40.468041695962306,1.1717717391081632,301.24121746306525,101324.61559197995,-0.38440802005061414,422.28351532184166,34.53577206663354,15186.161738841794,298.8173396653953,25.667339665395332,30.0,101325.0,221.39898096074475,28.091217463065277,9.593270018509317,24714.89435731492,10.683837893962448
1845.0,30.75,4.0,False,300.0,0.0,20000.0,0.0,34.54925834329106,-0.21427028890414165,40.465124384964035,40.4702570291307,1.1717705838389663,301.24154305721515,101324.62521014933,-0.374789850669913,422.25948847769564,34.53769670214936,15186.146766553004,298.8178338896107,25.667833889610733,30.0,101325.0,221.38616566058178,28.091543057215176,9.593804639485933,24719.02657832906,10.718167005723311
1850.0,30.833333333333332,4.0,False,300.0,0.0,20000.0,0.0,34.55114829409854,-0.21485973409589618,40.46804846235832,40.47246578139575,1.1717693347044555,301.2418580490164,101324.62314526257,-0.37685473743476905,422.23577815754163,34.53961849206759,15186.130577769745,298.81832807411433,25.668328074114356,30.0,101325.0,221.3734986019998,28.091858049016423,9.594338470018775,24723.153149349055,10.752501852756422
1855.0,30.916666666666668,4.0,False,300.0,0.0,20000.0,0.0,34.55301445604573,-0.21658503133628543,40.47229134574341,40.47466965731,1.1717680546026181,301.2421690760076,101324.61706876899,-0.38293123101175297,422.21238008777465,34.54153703740983,15186.113987649931,298.8188222187533,25.66882221875335,30.0,101325.0,221.36098942903635,28.09216907600762,9.594871399280509,24727.273211509746,10.78684242661813
1860.0,31.0,4.0,False,300.0,0.0,20000.0,0.0,34.55498421213338,-0.2124494112391721,40.46970473369941,40.476874335636936,1.1717669451183341,301.2424973686889,101324.63155304216,-0.36844695784384385,422.1892897948595,34.543451241961144,15186.099608733612,298.81931632326064,25.66931632326066,30.0,101325.0,221.3486738764185,28.092497368688896,9.595403122766985,24731.384408009068,10.821188716631683
1865.0,31.083333333333332,4.0,False,300.0,0.0,20000.0,0.0,34.556783075841395,-0.21755893539278404,40.47788120962442,40.479067932524345,1.171765571503964,301.2427971793069,101324.61361722148,-0.38638277852442116,422.1665040511059,34.54536378003439,15186.081806691374,298.8198103879926,25.66981038799264,30.0,101325.0,221.33646812606162,28.0927971793069,9.595934383342888,24735.492480431083,10.855540714470877
1870.0,31.166666666666668,4.0,False,300.0,0.0,20000.0,0.0,34.55877171593056,-0.2120749907288346,40.473716756603686,40.48126617234856,1.1717645047031302,301.24312861932174,101324.63285059843,-0.36714940157253295,422.1440178073662,34.547271239116945,15186.067980952568,298.820304412305,25.67030441230503,30.0,101325.0,221.3244773788931,28.09312861932176,9.59646423308804,24739.590096424596,10.889898410704804
1875.0,31.25,4.0,False,300.0,0.0,20000.0,0.0,34.56057483325799,-0.2166552390331337,40.481269446954286,40.48345288043088,1.1717631503747377,301.2434291388763,101324.61682046857,-0.38317953143268824,422.1218282207033,34.54917733800043,15186.0504288566,298.8207983967289,25.670798396728912,30.0,101325.0,221.31258788065483,28.09342913887633,9.59699370500012,24743.685242454194,10.924261796356804
1880.0,31.333333333333332,4.0,False,300.0,0.0,20000.0,0.0,34.56249723551116,-0.21452030466801933,40.48099797947891,40.485641275588016,1.1717619909985224,301.24374953925184,101324.6243350113,-0.37566498869273346,422.0999305244087,34.55107913262145,15186.03540334085,298.8212923407013,25.671292340701314,30.0,101325.0,221.30088826216922,28.09374953925186,9.597521981283737,24747.77159137721,10.958630863602519
1885.0,31.416666666666668,4.0,False,300.0,0.0,20000.0,0.0,34.56438230256879,-0.21428384690146043,40.48293400580258,40.487824722502175,1.1717607784994042,301.2440637170948,101324.62516271802,-0.37483728198276367,422.0783213345566,34.552978274586245,15186.019689352277,298.821786244416,25.671786244416012,30.0,101325.0,221.28932989364253,28.094063717094798,9.598049520718401,24751.852689523297,10.993005602686477
1890.0,31.5,4.0,False,300.0,0.0,20000.0,0.0,34.56621517382132,-0.21676736263354301,40.48803421869141,40.49000254722597,1.1717594892079046,301.24436919563686,101324.61642375916,-0.38357624084164854,422.0569969048225,34.554874886993,15186.002980134444,298.8222801078184,25.672280107818438,30.0,101325.0,221.27790634220472,28.094369195636887,9.598576357498054,24755.928799608573,11.027386006498373
1895.0,31.583333333333332,4.0,False,300.0,0.0,20000.0,0.0,34.568177824762074,-0.2119662188395591,40.48464733337116,40.49218278199246,1.1717584111660748,301.244696304127,101324.63322711895,-0.366772881054203,422.03595299496436,34.556767330303764,15185.98900871233,298.822773930564,25.672773930564006,30.0,101325.0,221.26666977831889,28.094696304127012,9.599102036195491,24759.996395669892,11.061772065661764
1900.0,31.666666666666668,4.0,False,300.0,0.0,20000.0,0.0,34.56995242487062,-0.2173866768767993,40.493161210142475,40.49435165813036,1.171757041013275,301.24499207081175,101324.6142288385,-0.38577116149826907,422.0151867953152,34.55865869866072,15185.971251532044,298.8232677130898,25.673267713089842,30.0,101325.0,221.25552367612107,28.09499207081177,9.599627416294645,24764.06212639275,11.096163772968751
1905.0,31.75,4.0,False,300.0,0.0,20000.0,0.0,34.57191284908254,-0.2124449520338759,40.48960398228098,40.496525456333735,1.1717559706219844,301.2453188081804,101324.63156850902,-0.3684314909769455,421.994693643994,34.560545430664725,15185.957379260917,298.8237614547388,25.673761454738838,30.0,101325.0,221.24457735323634,28.095318808180423,9.600151508517978,24768.118334117986,11.130561120510771
1910.0,31.833333333333332,4.0,False,300.0,0.0,20000.0,0.0,34.573716673183185,-0.21599321772980773,40.495931051234194,40.49868942762196,1.171754657719442,301.2456194455305,101324.61915861139,-0.380841388614499,421.97447087938747,34.56243093280601,15185.940364043967,298.824255156002,25.674255156002005,30.0,101325.0,221.2337270215081,28.09561944553053,9.60067525911278,24772.17234027666,11.164964100145768
1915.0,31.916666666666668,4.0,False,300.0,0.0,20000.0,0.0,34.57559816590515,-0.2151299762208008,40.49711728159419,40.50085371466081,1.171753473114078,301.24593302765084,101324.62219668026,-0.3778033197449986,421.9545143259988,34.56431292413826,15185.925011558451,298.82474881643634,25.674748816436363,30.0,101325.0,221.22304050526782,28.095933027650858,9.601198034482849,24776.21923897715,11.199372705409138
1920.0,32.0,4.0,False,300.0,0.0,20000.0,0.0,34.57749406266407,-0.21333705481115844,40.49721777048954,40.50301572258604,1.1717523165609998,301.246249010444,101324.62846776363,-0.3715322363714222,421.9348206578792,34.56619214669802,15185.910022630558,298.82524243609714,25.675242436097165,30.0,101325.0,221.21249713191398,28.096249010444012,9.60172004074945,24780.26062365942,11.233786927535968
1925.0,32.083333333333336,4.0,False,300.0,0.0,20000.0,0.0,34.57928749264272,-0.21705420693349786,40.50373224505042,40.50517034914089,1.171751002888361,301.24654791544043,101324.61540792859,-0.3845920714084059,421.9153867267294,34.56806970874855,15185.89299743316,298.82573601510205,25.675736015102075,30.0,101325.0,221.20206029313607,28.096547915440453,9.602241585763487,24784.298876182293,11.26820676052197
1930.0,32.166666666666664,4.0,False,300.0,0.0,20000.0,0.0,34.58124668671519,-0.21151911668350604,40.49946858678367,40.50732934865645,1.1717499567262344,301.24687444778584,101324.63477276145,-0.3652272385515971,421.8962084301715,34.569943114681514,15185.879439171997,298.8262295529764,25.676229552976395,30.0,101325.0,221.19180799940497,28.096874447785865,9.602761976300421,24788.328626988077,11.30263219628806
1935.0,32.25,4.0,False,300.0,0.0,20000.0,0.0,34.58300440107223,-0.2169763156407671,40.5080036636737,40.50947681644105,1.1717485964908363,301.2471674001787,101324.61568390572,-0.38431609427789226,421.87728335035547,34.57181594905188,15185.861810521237,298.82672305024784,25.67672305024786,30.0,101325.0,221.181629194917,28.097167400178705,9.603282208069967,24792.3575849284,11.33706322837967
1940.0,32.333333333333336,4.0,False,300.0,0.0,20000.0,0.0,34.584926072780604,-0.2132835768442239,40.50587981900062,40.51162864081822,1.171747500707747,301.24748767879674,101324.62865400693,-0.3713459930731915,421.858607235385,34.57368470284665,15185.8476091724,298.82721650627815,25.67721650627817,30.0,101325.0,221.1716308568306,28.097487678796767,9.603801306346291,24796.37819959403,11.371499850452254
1945.0,32.416666666666664,4.0,False,300.0,0.0,20000.0,0.0,34.586749410534026,-0.2148838847227714,40.509917513061296,40.51377355746282,1.1717462540000245,301.2477915684223,101324.62306053948,-0.3769394605187699,421.8401774747458,34.575552018331415,15185.831451840317,298.8277099214419,25.67770992144193,30.0,101325.0,221.16173320901967,28.097791568422338,9.60432000509206,24800.39615390369,11.405942054864406
1950.0,32.5,4.0,False,300.0,0.0,20000.0,0.0,34.588579609380645,-0.2159831778003414,40.5133689297572,40.51591609132427,1.1717450228177975,301.2480966015634,101324.61919401557,-0.38080598443048075,421.8219905696501,34.57741684610882,15185.815495718654,298.8282032955088,25.67820329550881,30.0,101325.0,221.15196583581266,28.09809660156344,9.604838012808004,24804.40918849504,11.440389836352184
1955.0,32.583333333333336,4.0,False,300.0,0.0,20000.0,0.0,34.59049726555236,-0.21214663546423823,40.51106940314308,40.51805987910806,1.1717439347145073,301.24841621092537,101324.6326024903,-0.3673975097044604,421.80404313387106,34.57927852554252,15185.801393900014,298.828696628312,25.678696628312025,30.0,101325.0,221.14235103417207,28.098416210925393,9.605355145984033,24808.41587976634,11.474843187094033
1960.0,32.666666666666664,4.0,False,300.0,0.0,20000.0,0.0,34.592252192506066,-0.2171703285408663,40.519085854450104,40.52019403924587,1.171742593444977,301.248708698751,101324.61499631348,-0.3850036865187576,421.7863326292256,34.58113946350166,15185.784011046902,298.8291899201923,25.6791899201923,30.0,101325.0,221.13281268967606,28.09870869875101,9.605872073194904,24812.42140643217,11.509302101876115
1965.0,32.75,4.0,False,300.0,0.0,20000.0,0.0,34.5941940771811,-0.21178577807198276,40.51497824167638,40.522333829969035,1.1717415526246209,301.2490323461968,101324.63385129964,-0.36614870035555214,421.76885510067467,34.58299634352113,15185.770522015087,298.82968317054906,25.679683170549083,30.0,101325.0,221.12345320908807,28.09903234619685,9.606387873200314,24816.418628411368,11.543766574122532
1970.0,32.833333333333336,4.0,False,300.0,0.0,20000.0,0.0,34.59595917907427,-0.21604767113448117,40.52210237130109,40.52446352466336,1.1717402362353866,301.2493265298457,101324.61896656161,-0.3810334383888403,421.7516083557076,34.58485274420716,15185.75346161061,298.8301763799172,25.680176379917214,30.0,101325.0,221.11416273761373,28.09932652984571,9.606903540057544,24820.415247657078,11.57823659764758
1975.0,32.916666666666664,4.0,False,300.0,0.0,20000.0,0.0,34.597826203716636,-0.21458218902403023,40.52255384551797,40.52659520920937,1.171739085480971,301.2496377006194,101324.62411823799,-0.37588176201097667,421.7345887018885,34.586705958156344,15185.738547833385,298.8306695477995,25.68066954779954,30.0,101325.0,221.10502259970332,28.09963770061944,9.607418321710096,24824.405434190765,11.612712167565531
1980.0,33.0,4.0,False,300.0,0.0,20000.0,0.0,34.59968817305571,-0.21328267456177466,40.52319619893337,40.52872436965015,1.171737930919966,301.2499480288426,101324.62865714883,-0.37134285116917454,421.71779340740784,34.588557133957295,15185.72358472276,298.83116267433286,25.68116267433288,30.0,101325.0,221.09599938699247,28.09994802884262,9.60793253721036,24828.391659272307,11.647193276658214
1985.0,33.083333333333336,4.0,False,300.0,0.0,20000.0,0.0,34.601461541501294,-0.2167594150582877,40.52939853952661,40.53084733049808,1.1717366401653109,301.2502435902502,101324.61645188558,-0.38354811441968195,421.70121971587827,34.59040704298528,15185.706856542429,298.83165575959464,25.681655759594662,30.0,101325.0,221.0870666748967,28.100243590250216,9.608446400829243,24832.37558282084,11.681679920576332
1990.0,33.166666666666664,4.0,False,300.0,0.0,20000.0,0.0,34.60339589912837,-0.21126097350175196,40.52514601930704,40.5329750421099,1.1717356083623707,301.25056598318804,101324.63566368225,-0.3643363177543506,421.68486414339435,34.592253365722314,15185.693484376325,298.8321488031537,25.682148803153723,30.0,101325.0,221.07829719395895,28.100565983188062,9.608959268256198,24836.35220791984,11.716172092653236
1995.0,33.25,4.0,False,300.0,0.0,20000.0,0.0,34.605130593048784,-0.21669311957540893,40.533620956314394,40.5350918511868,1.171734264371837,301.25085509884144,101324.61668646472,-0.3833135352761019,421.66872464242334,34.594099604074934,15185.676066259008,298.8326418055381,25.68264180553814,30.0,101325.0,221.0695821086134,28.100855098841464,9.609472112243036,24840.329075760354,11.750669787989125
2000.0,33.333333333333336,4.0,False,300.0,0.0,20000.0,0.0,34.60702535246537,-0.2132029948437434,40.53170269330219,40.5372134071548,1.1717331777140987,301.25117089207754,101324.62893455502,-0.3710654449823778,421.65279756233724,34.59594229996774,15185.66198317472,298.8331347661322,25.68313476613224,30.0,101325.0,221.06102695792367,28.101170892077562,9.60998397221326,24844.298736288612,11.785173001747491
2005.0,33.416666666666664,4.0,False,300.0,0.0,20000.0,0.0,34.60883384189731,-0.2143688196533085,40.53520456515053,40.53932911387228,1.1717319582887482,301.25147230698286,101324.6248653809,-0.3751346190983895,421.63708066150326,34.59778392754414,15185.646179422178,298.8336276852964,25.683627685296415,30.0,101325.0,221.05255696663852,28.101472306982885,9.610495535428928,24848.26651790686,11.81968172761846
2010.0,33.5,4.0,False,300.0,0.0,20000.0,0.0,34.6106320521327,-0.21599972401871537,40.53924582757733,40.54144222163855,1.1717307263267047,301.25177200868876,101324.61913566713,-0.38086433286662214,421.6215710075011,34.59962371110057,15185.630213194092,298.8341205628588,25.684120562858823,30.0,101325.0,221.04419328110515,28.101772008688783,9.611006586416826,24852.23074838448,11.854195961831165
2015.0,33.583333333333336,4.0,False,300.0,0.0,20000.0,0.0,34.612538363888575,-0.2115728775328369,40.53623010065768,40.54355799860773,1.171729669230724,301.25208972731474,101324.63458708157,-0.365412918428774,421.60626561837745,34.601460612690474,15185.616513230183,298.8346133986038,25.6846133986038,30.0,101325.0,221.03596968968773,28.102089727314763,9.611516836858465,24856.18918962871,11.88871569789923
2020.0,33.666666666666664,4.0,False,300.0,0.0,20000.0,0.0,34.614266604184536,-0.2168909809495127,40.544561219800805,40.54566398388546,1.1717283337875917,301.25237776736407,101324.6159861419,-0.3840138580999337,421.59116242757756,34.603297381076636,15185.599205887189,298.83510619294105,25.685106192941078,30.0,101325.0,221.02779961364942,28.10237776736409,9.612027050299066,24860.147764088106,11.923240931894867
2025.0,33.75,4.0,False,300.0,0.0,20000.0,0.0,34.61617707955702,-0.2120720961737388,40.54108469350026,40.54777589093888,1.1717272904536293,301.25269617992615,101324.63286062061,-0.3671393793920288,421.57625800312167,34.60513058054744,15185.585684279036,298.8355989452629,25.68559894526294,30.0,101325.0,221.01978886263964,28.10269617992617,9.612536272374289,24864.09906592326,11.957771658860151
2030.0,33.833333333333336,4.0,False,300.0,0.0,20000.0,0.0,34.617942150848535,-0.21519244197053308,40.54685219862578,40.54987955155673,1.1717260203862827,301.25299035847473,101324.62197724832,-0.3780227516836021,421.56155042868795,34.60696344200725,15185.569224206225,298.83609165605947,25.68609165605949,30.0,101325.0,221.01183856139588,28.102990358474756,9.613045400557569,24868.050057750297,11.99230787352937
2035.0,33.916666666666664,4.0,False,300.0,0.0,20000.0,0.0,34.61976332348843,-0.21512446234400925,40.548904525505954,40.55198368510707,1.1717248425712539,301.25329388724805,101324.62221604654,-0.37778395345958415,421.54703668977106,34.608793986239185,15185.553959723451,298.83658432496514,25.686584324965168,30.0,101325.0,221.00400729889796,28.10329388724807,9.61355388506644,24871.996472200626,12.026849572508503
2040.0,34.0,4.0,False,300.0,0.0,20000.0,0.0,34.62163555197037,-0.2121472655457596,40.54756684782792,40.554088196089715,1.1717237489844188,301.2536059253284,101324.63260030793,-0.3673996920697391,421.5327142493918,34.61062236831814,15185.539786838066,298.83707695196523,25.687076951965253,30.0,101325.0,220.99629222957137,28.103605925328395,9.614061768977262,24875.938642085137,12.061396749671202
2045.0,34.083333333333336,4.0,False,300.0,0.0,20000.0,0.0,34.623368308932754,-0.21678699222261497,40.55509788425192,40.5561847537446,1.1717224378581228,301.25389471815544,101324.61635428574,-0.38364571426063776,421.51858098422025,34.612450392159616,15185.522794641272,298.83756953731853,25.687569537318552,30.0,101325.0,220.98863532448317,28.10389471815546,9.61456955337767,24879.88045598189,12.095949401822637
2050.0,34.166666666666664,4.0,False,300.0,0.0,20000.0,0.0,34.62528351246874,-0.21127967790952182,40.55080976456772,40.55828743341845,1.1717214188820209,301.25421391874477,101324.63559916492,-0.36440083508205134,421.5046337472193,34.61427501437713,15185.509588710991,298.838062080486,25.68806208048602,30.0,101325.0,220.98113106260317,28.10421391874479,9.615076392882536,24883.81535009793,12.130507523910191
2055.0,34.25,4.0,False,300.0,0.0,20000.0,0.0,34.62701731563902,-0.21572228765910836,40.5581074899346,40.56038045075515,1.1717201158743307,301.2545028859398,101324.62011342536,-0.3798865746357478,421.4908708299526,34.6160997846224,15185.492701731326,298.83855458201475,25.688554582014774,30.0,101325.0,220.97366988091318,28.104502885939837,9.615583273506223,24887.750978356147,12.165071111638285
2060.0,34.333333333333336,4.0,False,300.0,0.0,20000.0,0.0,34.628855779105606,-0.21430281262390746,40.5585763519278,40.56247622658238,1.1717189817237768,301.2548092965176,101324.62509636328,-0.37490363672259264,421.4772892313634,34.61792192434129,15185.478003140146,298.83904704141173,25.689047041411754,30.0,101325.0,220.96633561812126,28.1048092965176,9.616089423428136,24891.68134720159,12.199640161864366
2065.0,34.416666666666664,4.0,False,300.0,0.0,20000.0,0.0,34.630696079408494,-0.21269463908284192,40.558823701640634,40.56457040304822,1.1717178535852784,301.2551160132347,101324.63070196331,-0.36929803669045214,421.4638867725196,34.61974252498313,15185.463382465208,298.8395394588203,25.68953945882032,30.0,101325.0,220.95909641968842,28.10511601323475,9.616595145828647,24895.608809499838,12.23421466891763
2070.0,34.5,4.0,False,300.0,0.0,20000.0,0.0,34.632436326933885,-0.21653086454733603,40.5654097978868,40.566658489409924,1.171716570044893,301.25540605448896,101324.61726028325,-0.3827397167478921,421.4506612964428,34.62156252331198,15185.446747781813,298.8400318343607,25.690031834360695,30.0,101325.0,220.95192071639627,28.10540605448898,9.617100700919995,24899.53538536329,12.268794630164063
2075.0,34.583333333333336,4.0,False,300.0,0.0,20000.0,0.0,34.63434660101723,-0.2109051907489243,40.56097483039517,40.568752327128635,1.1717155587235277,301.25572443350285,101324.63688980012,-0.36311019987624604,421.437609946992,34.62337939023735,15185.43364105692,298.84052416758226,25.690524167582282,30.0,101325.0,220.94488764778689,28.10572443350287,9.617605386177043,24903.45561712913,12.30338004058246
2080.0,34.666666666666664,4.0,False,300.0,0.0,20000.0,0.0,34.63606174216727,-0.21600557502876852,40.56902973685113,40.57083603948934,1.1717142413551993,301.2560102903612,101324.61911503311,-0.38088496688578743,421.42473114076626,34.62519666276762,15185.416567963384,298.8410164590341,25.69101645903413,30.0,101325.0,220.93788734117172,28.106010290361212,9.618110184102116,24907.3771356526,12.337970896660782
2085.0,34.75,4.0,False,300.0,0.0,20000.0,0.0,34.637910792374896,-0.21363436258863683,40.568381502744984,40.57292394114147,1.1717131389023814,301.2563184653958,101324.62743150303,-0.3725684969685972,421.412021974143,34.627011163456544,15185.402280174862,298.841508708161,25.691508708160995,30.0,101325.0,220.93101650875013,28.106318465395816,9.618614212071261,24911.293083494806,12.372567195424077
2090.0,34.833333333333336,4.0,False,300.0,0.0,20000.0,0.0,34.63972531905472,-0.21308889413714374,40.56985792993377,40.57500880516645,1.1717119846328594,301.2566208865091,101324.62933161792,-0.3706683820782928,421.39948053677847,34.6288246064839,15185.387320841857,298.8420009152126,25.692000915212645,30.0,101325.0,220.9242238531942,28.10662088650912,9.61911794624553,24915.20715881882,12.407168931703461
2095.0,34.916666666666664,4.0,False,300.0,0.0,20000.0,0.0,34.64147146296693,-0.2162437377349578,40.5756420822396,40.577089094394104,1.171710724859057,301.25691191049447,101324.61827466033,-0.3817253396700835,421.38710468386745,34.63063726695431,15185.37099417338,298.8424930802041,25.692493080204144,30.0,101325.0,220.9174981282747,28.10691191049449,9.619621463042865,24919.11995479873,12.44177610331014
2100.0,35.0,4.0,False,300.0,0.0,20000.0,0.0,34.6433725822593,-0.21076754072607107,40.57137294451046,40.57917462939577,1.1717097132324363,301.25722876370986,101324.63736362266,-0.36263637733645737,421.37489181927026,34.632447073813694,15185.357883492376,298.8429852027635,25.69298520276351,30.0,101325.0,220.91090465087424,28.107228763709884,9.62012418717047,24923.026999661324,12.476388705361847
2105.0,35.083333333333336,4.0,False,300.0,0.0,20000.0,0.0,34.64507713576961,-0.21610885914806308,40.57970032348808,40.58125010021935,1.1717083930471486,301.2575128559616,101324.61875070202,-0.3812492979777744,421.36284044907694,34.63425741509252,15185.340773891046,298.8434772834188,25.693477283418815,30.0,101325.0,220.90433767672639,28.107512855961602,9.620627059747921,24926.93560678602,12.511006734949659
2110.0,35.166666666666664,4.0,False,300.0,0.0,20000.0,0.0,34.64693041738542,-0.21316433541949747,40.57837643630953,40.583330547213855,1.1717073110130962,301.2578217362309,101324.62906911106,-0.370930888937437,421.3509478122505,34.636064967559335,15185.326750729728,298.8439693215943,25.693969321594295,30.0,101325.0,220.89789883234684,28.107821736230903,9.621129157655371,24930.838600427225,12.545630189260224
2115.0,35.25,4.0,False,300.0,0.0,20000.0,0.0,34.648726861242494,-0.21328617372562106,40.58062216987121,40.5854071129584,1.171706141599509,301.2581211435404,101324.62864496406,-0.3713550359389046,421.33921219486314,34.63787179399334,15185.311595129635,298.84446131760023,25.694461317600258,30.0,101325.0,220.8915258456852,28.108121143540416,9.62163105388704,24934.740433514566,12.580259063589349
2120.0,35.333333333333336,4.0,False,300.0,0.0,20000.0,0.0,34.650474931090685,-0.21600820155425385,40.58589455638359,40.58748010047884,1.1717048981404048,301.2584124885151,101324.6191057703,-0.38089422970369924,421.3276315132838,34.639677759216184,15185.295479899647,298.84495327138745,25.694953271387476,30.0,101325.0,220.88522013918399,28.108412488515114,9.622132710893384,24938.64081361587,12.614893356122078
2125.0,35.416666666666664,4.0,False,300.0,0.0,20000.0,0.0,34.65236738404906,-0.21068438115491964,40.58179530494015,40.589558004398164,1.171703885840331,301.2587278973415,101324.63764972684,-0.36235027316433843,421.31620338363774,34.64148108998363,15185.28236049069,298.8454451826362,25.695445182636206,30.0,101325.0,220.8790379983726,28.10872789734151,9.622633636106563,24942.53590985993,12.64953306218005
2130.0,35.5,4.0,False,300.0,0.0,20000.0,0.0,34.654065113973274,-0.21608680262200644,40.59018639410807,40.59162603821742,1.1717025676817434,301.25901085232886,101324.61882852027,-0.38117147973389365,421.3049263987393,34.64328504334461,15185.265277155395,298.8459370518559,25.695937051855935,30.0,101325.0,220.8728774507784,28.10901085232888,9.623134734262393,24946.432756637158,12.68417817930956
2135.0,35.583333333333336,4.0,False,300.0,0.0,20000.0,0.0,34.6559169836122,-0.21290669729244413,40.588580827532,40.593699409998834,1.1717014960367882,301.2593194972687,101324.62996521019,-0.3700347898120526,421.293797954034,34.64508626753883,15185.251388636776,298.84642887846957,25.69642887846959,30.0,101325.0,220.86684125797703,28.1093194972687,9.623635074316342,24950.32411288456,12.718828704913395
2140.0,35.666666666666664,4.0,False,300.0,0.0,20000.0,0.0,34.65770340374718,-0.2132762514758564,40.5911078511276,40.59576864032891,1.1717003231696044,301.25961723395784,101324.62867951475,-0.37132048525381833,421.2828164776267,34.6468869535787,15185.236188278073,298.8469206628112,25.696920662811237,30.0,101325.0,220.86086304516343,28.109617233957863,9.624135264882971,24954.21471097466,12.753484634652185
2145.0,35.75,4.0,False,300.0,0.0,20000.0,0.0,34.65944836650135,-0.21586910092634462,40.596222715699824,40.597834707529465,1.171699087007783,301.25990806108354,101324.6195961736,-0.38040382640610915,421.271979991474,34.64868681532035,15185.220167620868,298.8474124048097,25.69741240480971,30.0,101325.0,220.85494892561093,28.10990806108356,9.624635226477876,24958.103932221362,12.788145967043295
2150.0,35.833333333333336,4.0,False,300.0,0.0,20000.0,0.0,34.6613348445519,-0.2105750315452832,40.59215115187432,40.59990568260164,1.1716980772693684,301.26022247409196,101324.638025764,-0.36197423600242473,421.26128627327455,34.65048417355036,15185.207081411014,298.8479041041637,25.69790410416374,30.0,101325.0,220.8491523428542,28.110222474091984,9.625134492652878,24961.988147006337,12.82281269765387
2155.0,35.916666666666664,4.0,False,300.0,0.0,20000.0,0.0,34.663027515154454,-0.21596731964175228,40.60052359098196,40.6019669325925,1.1716967629270434,301.26050458585905,101324.61924993344,-0.3807500665570842,421.2507340125079,34.65228224337137,15185.190047534483,298.84839576137875,25.698395761378777,30.0,101325.0,220.84337251748065,28.110504585859076,9.625633956492045,24965.87430280554,12.85748482435513
2160.0,36.0,4.0,False,300.0,0.0,20000.0,0.0,34.664872753187524,-0.21286431685356558,40.599001084189815,40.60403356341541,1.1716956924223,301.26081212553123,101324.6301125111,-0.36988748889416456,421.2403207613793,34.65407769783026,15185.176173793008,298.84888737588426,25.698887375884283,30.0,101325.0,220.8377115389026,28.110812125531254,9.62613269384174,24969.755208479095,12.892162344849076
2165.0,36.083333333333336,4.0,False,300.0,0.0,20000.0,0.0,34.66665723014796,-0.2130573126856253,40.60131586349379,40.60609636131449,1.1716945279341167,301.26110953835797,101324.62944148172,-0.3705585182760842,421.2300450465344,34.655872664105964,15185.161082026152,298.8493789480067,25.69937894800671,30.0,101325.0,220.8321049611519,28.111109538357994,9.626631295584989,24973.635460938553,12.926845255036172
2170.0,36.166666666666664,4.0,False,300.0,0.0,20000.0,0.0,34.668393789638685,-0.21583669006623024,40.606641442124996,40.60815581726882,1.171693289740748,301.26139896493976,101324.61971039364,-0.38028960635710973,421.21990503387076,34.65766696184963,15185.145035040092,298.8498704776948,25.699870477694844,30.0,101325.0,220.82655564557268,28.11139896493978,9.627129711624898,24977.514669948654,12.961533553738176
2175.0,36.25,4.0,False,300.0,0.0,20000.0,0.0,34.67027722632304,-0.2104335734858984,40.602436471013135,40.610220517406,1.171692286285899,301.2617128710538,101324.63851192775,-0.36148807224526536,421.20989861618943,34.65945879539306,15185.132030265251,298.85036196463096,25.700361964630986,30.0,101325.0,220.82112061858635,28.11171287105384,9.627627443164739,24981.388952306694,12.996227236809187
2180.0,36.333333333333336,4.0,False,300.0,0.0,20000.0,0.0,34.671966533131354,-0.21574579720593917,40.61070935967432,40.612275575983155,1.17169097754174,301.26199442218854,101324.62003062031,-0.3799693796900101,421.20002458932805,34.661251434392305,15185.11506894095,298.85085340933176,25.700853409331785,30.0,101325.0,220.815697472474,28.11199442218856,9.628125398442307,24985.265377090407,13.030926302315713
2185.0,36.416666666666664,4.0,False,300.0,0.0,20000.0,0.0,34.6737997735853,-0.2130384806117793,40.609641463141884,40.61433573678188,1.1716898987953923,301.2622999622642,101324.62950698595,-0.3704930140520446,421.1902806615248,34.663041627769644,15185.101088388285,298.85134481124163,25.701344811241654,30.0,101325.0,220.8103858869225,28.112299962264217,9.628622674380457,24989.136913599752,13.065630748350914
2190.0,36.5,4.0,False,300.0,0.0,20000.0,0.0,34.67559037163517,-0.2126283534587948,40.61124773870513,40.61639294947017,1.1716887545902241,301.2625983952725,101324.63093210862,-0.36906789138447493,421.1806654189189,34.66483124494523,15185.086259489306,298.85183617064723,25.701836170647255,30.0,101325.0,220.80512943861558,28.112598395272528,9.629119790262566,24993.00760371769,13.100340570932385
2195.0,36.583333333333336,4.0,False,300.0,0.0,20000.0,0.0,34.67731361967492,-0.21588710032223088,40.61712558216039,40.61844606562562,1.1716875057455558,301.26288560327913,101324.619532734,-0.38046726600441616,421.1711772042118,34.666620465308895,15185.070074462405,298.85232748755885,25.702327487558875,30.0,101325.0,220.79991987591242,28.112885603279153,9.629616795919137,24996.877835133844,13.135055769153809
2200.0,36.666666666666664,4.0,False,300.0,0.0,20000.0,0.0,34.67919525530738,-0.2103282244616077,40.612733296606905,40.62050501769001,1.171686509707883,301.2631992092179,101324.63887377955,-0.36112622045038734,421.1618139877865,34.66840719009152,15185.057165814163,298.852818761611,25.702818761611013,30.0,101325.0,220.79482349379703,28.113199209217896,9.630113108358756,25000.74306708951,13.169776339224796
2205.0,36.75,4.0,False,300.0,0.0,20000.0,0.0,34.680884738841314,-0.2153850951352848,40.620702980825435,40.62255450592916,1.1716852113564031,301.26348078980686,101324.62130008811,-0.3786999118892709,421.1525746711712,34.670194786279154,15185.040339178986,298.85330999333877,25.70330999333879,30.0,101325.0,220.78973510732962,28.113480789806886,9.63060966285532,25004.610582881844,13.204502279259499
2210.0,36.833333333333336,4.0,False,300.0,0.0,20000.0,0.0,34.682699986328316,-0.21342414788158845,40.620498575273466,40.62460838926641,1.171684114078884,301.2637833310547,101324.62816435185,-0.3718356481549563,421.1434571268851,34.67198018742733,15185.026118462338,298.8538011822193,25.70380118221931,30.0,101325.0,220.78474845991997,28.11378333105472,9.631105607618702,25008.47374774784,13.239233587822437
2215.0,36.916666666666664,4.0,False,300.0,0.0,20000.0,0.0,34.68450447744203,-0.21199767186841786,40.620915569635635,40.62666080130383,1.171683001685225,301.26408407957365,101324.63311826222,-0.3668817377765663,421.1344599613559,34.67376478353849,15185.011701840518,298.8542923284623,25.704292328462316,30.0,101325.0,220.7798220817214,28.114084079573672,9.631601328760691,25012.335568325092,13.273970260958597
2220.0,37.0,4.0,False,300.0,0.0,20000.0,0.0,34.68621076133684,-0.21595886926381902,40.627605934388896,40.62870785505543,1.1716817356428386,301.2643684602228,101324.61927972887,-0.38072027113230433,421.1255817207874,34.675549357065506,15184.99529393119,298.8547834321794,25.704783432179397,30.0,101325.0,220.77492910748734,28.114368460222806,9.632097043629306,25016.19773756564,13.308712297976577
2225.0,37.083333333333336,4.0,False,300.0,0.0,20000.0,0.0,34.68808767355472,-0.21042782017329018,40.623240581752796,40.630761356023136,1.1716807416477026,301.26468127892576,101324.63853169385,-0.36146830614598,421.11682043016884,34.67733138541238,15184.982411754227,298.85527449293767,25.70527449293769,30.0,101325.0,220.77014871383514,28.114681278925787,9.632592051503439,25020.05479523678,13.343459695568798
2230.0,37.166666666666664,4.0,False,300.0,0.0,20000.0,0.0,34.68978497621811,-0.21482204839226166,40.63043317137227,40.63280602767258,1.1716794650608442,301.264964162703,101324.62327744918,-0.3767225508199772,421.1081750750834,34.679114245262085,15184.96586718854,298.85576551127565,25.705765511275672,30.0,101325.0,220.76537586169604,28.114964162703018,9.633087290350579,25023.91404934666,13.378212451710871
2235.0,37.25,4.0,False,300.0,0.0,20000.0,0.0,34.691575575890056,-0.21399191190918393,40.631540405256246,40.634853751787226,1.1716783379983375,301.26526259598165,101324.6261833603,-0.3738166396942688,421.09964371878806,34.68089528838322,15184.951260458454,298.85625648674124,25.706256486741268,30.0,101325.0,220.76069095556795,28.115262595981676,9.633582024550893,25027.769767112783,13.412970565472301
2240.0,37.333333333333336,4.0,False,300.0,0.0,20000.0,0.0,34.69340034367917,-0.21121056273241823,40.63037429086726,40.63690204184075,1.171677266824597,301.2655667239465,101324.63583753625,-0.36416246375301853,421.091224946915,34.68267516359025,15184.937378046776,298.8567474194244,25.706747419424403,30.0,101325.0,220.75607561017748,28.11556672394653,9.634076434330625,25031.623352155548,13.44773403291624
2245.0,37.416666666666664,4.0,False,300.0,0.0,20000.0,0.0,34.69508871141659,-0.21594834802697582,40.637963927565664,40.63894338482711,1.1716759813914344,301.2658481185694,101324.61931682436,-0.38068317563738674,421.08291752526117,34.68445545548008,15184.92071883299,298.8572383095703,25.7072383095703,30.0,101325.0,220.75147828000433,28.11584811856943,9.634570959855576,25035.478235035276,13.482502853462899
2250.0,37.5,4.0,False,300.0,0.0,20000.0,0.0,34.696952104416596,-0.21095332199938954,40.63421775130324,40.640991432193566,1.1716749748384439,301.2661586840694,101324.63672404847,-0.36327595153125003,421.074719531271,34.68623321736247,15184.907673906231,298.8577291566784,25.707729156678397,30.0,101325.0,220.74699086829406,28.116158684069433,9.635064782600686,25039.328034571718,13.517277024483459
2255.0,37.583333333333336,4.0,False,300.0,0.0,20000.0,0.0,34.69867004053128,-0.21398553866489603,40.63981915651355,40.643032224674705,1.1716737396517773,301.2664450067552,101324.62620562647,-0.3737943735322915,421.06662998650376,34.688011559219426,15184.891665887035,298.85821996124486,25.70821996124488,30.0,101325.0,220.74251724363032,28.116445006755214,9.63555876644984,25043.179484899745,13.552056543594203
2260.0,37.666666666666664,4.0,False,300.0,0.0,20000.0,0.0,34.70042946174681,-0.21466241498188024,40.642676540275566,40.645073872473056,1.1716725718191507,301.26673824362445,101324.62383712322,-0.3761628767824732,421.0586471913646,34.68978864066699,15184.876530776195,298.85871072295265,25.708710722952674,30.0,101325.0,220.7381122801336,28.116738243624468,9.636052400185275,25047.028599994774,13.586841410319824
2265.0,37.75,4.0,False,300.0,0.0,20000.0,0.0,34.702276970760295,-0.21040422056204847,40.63978564287419,40.64711850689165,1.1716715451381223,301.26704616179336,101324.6386127671,-0.36138723290059716,421.0507696724139,34.691564095379626,15184.863224990066,298.8592014417261,25.709201441726123,30.0,101325.0,220.73378910735642,28.117046161793382,9.636545582049896,25050.874585463815,13.621631620865282
2270.0,37.833333333333336,4.0,False,300.0,0.0,20000.0,0.0,34.703951549331464,-0.21571103077029188,40.64803319295878,40.64915467364713,1.171670246233111,301.2673252582219,101324.62015307105,-0.3798469289467903,421.0429964103739,34.69334038679662,15184.84639118112,298.85969211795697,25.70969211795699,30.0,101325.0,220.7294693140096,28.11732525822191,9.637038996332395,25054.722777360068,13.656427174589465
2275.0,37.916666666666664,4.0,False,300.0,0.0,20000.0,0.0,34.70579095505241,-0.2118460054995414,40.64559830073154,40.65119715538096,1.1716692099417647,301.26763182584205,101324.63364302003,-0.3663569799682591,421.03532555528403,34.695114295443034,15184.832960845271,298.86018275110143,25.710182751101456,30.0,101325.0,220.72525268847085,28.117631825842068,9.637531748734176,25058.566200457044,13.69122806971295
2280.0,38.0,4.0,False,300.0,0.0,20000.0,0.0,34.70754196485552,-0.2128361779852151,40.64881690843804,40.65323494948101,1.171668035264201,301.26792366080923,101324.63021029666,-0.3697897033416666,421.02775611023657,34.69688830447103,15184.817737024045,298.86067334155405,25.71067334155407,30.0,101325.0,220.72106316414713,28.117923660809254,9.63802452901973,25062.410234115127,13.72603430334807
2285.0,38.083333333333336,4.0,False,300.0,0.0,20000.0,0.0,34.70926575194926,-0.2152834668421859,40.6537315443536,40.65527065805423,1.1716668190269428,301.2682109586582,101324.62165737881,-0.3783426211884944,421.0202866521266,34.69866176787187,15184.80197458918,298.8611638891959,25.711163889195916,30.0,101325.0,220.7169182362737,28.11821095865821,9.638517157742186,25066.253478394316,13.760845875370647
2290.0,38.166666666666664,4.0,False,300.0,0.0,20000.0,0.0,34.711129935996496,-0.20990234891150109,40.6495283753857,40.657311692899555,1.1716658266655935,301.2685216559994,101324.64033472589,-0.3596652741107391,421.0129156321339,34.70043315046996,15184.789113586092,298.8616543937608,25.711654393760796,30.0,101325.0,220.71286709465036,28.118521655999416,9.639009208463879,25070.092605587626,13.795662782373412
2295.0,38.25,4.0,False,300.0,0.0,20000.0,0.0,34.71280359076775,-0.21508029951664445,40.6576214164408,40.65934356522266,1.1716645341077996,301.26880059846127,101324.6223711409,-0.3776288591034245,421.00564220313487,34.70220560715699,15184.772362037083,298.8621448557555,25.712144855755525,30.0,101325.0,220.70881057226725,28.11880059846129,9.639501557543609,25073.93445299477,13.830485023386316
2300.0,38.333333333333336,4.0,False,300.0,0.0,20000.0,0.0,34.714606893008636,-0.21302368836187524,40.65728821578016,40.661380263405746,1.1716634483484565,301.26910114883475,101324.62955843426,-0.3704415657412028,420.99846464331176,34.70397606131767,15184.758290595997,298.86263527466156,25.71263527466158,30.0,101325.0,220.70484327126047,28.119101148834773,9.639993350366018,25077.77235168142,13.86531259755623
2305.0,38.416666666666664,4.0,False,300.0,0.0,20000.0,0.0,34.716400654020276,-0.21144367950853163,40.657509272827625,40.66341578374197,1.1716623489733147,301.26940010900336,101324.63503322772,-0.36496677227842156,420.9913818757515,34.70574591679407,15184.74404269416,298.86312565069716,25.71312565069718,30.0,101325.0,220.70092310646567,28.11940010900338,9.640484976887242,25081.609343980323,13.90014550151155
2310.0,38.5,4.0,False,300.0,0.0,20000.0,0.0,34.71808988890268,-0.21562395109590532,40.66443788173329,40.66544589966519,1.171661085524377,301.2696816481504,101324.62045968746,-0.3795403125404846,420.98439277602273,34.70751602325801,15184.727668395924,298.8636159839909,25.713615983990906,30.0,101325.0,220.69702114775419,28.119681648150447,9.640976673127225,25085.447271858506,13.93498373527255
2315.0,38.583333333333336,4.0,False,300.0,0.0,20000.0,0.0,34.71994905365716,-0.21034749521086754,40.66035238401708,40.667482673432495,1.1716600926178136,301.26999150894284,101324.63880760211,-0.36119239788968116,420.9774957443883,34.70928380138822,15184.714800326863,298.8641062741066,25.714106274106598,30.0,101325.0,220.69321842191152,28.11999150894286,9.641467722607837,25089.280542187425,13.969827296254525
2320.0,38.666666666666664,4.0,False,300.0,0.0,20000.0,0.0,34.72164839492416,-0.21392047530737002,40.66657214179139,40.669511703423915,1.1716588480488184,301.27027473248734,101324.62643289995,-0.3735671000467846,420.9706900003683,34.71105242891434,15184.698670712685,298.8645965215555,25.714596521555507,30.0,101325.0,220.68941615654626,28.12027473248736,9.641959008031762,25093.116045122024,14.00467618277349
2325.0,38.75,4.0,False,300.0,0.0,20000.0,0.0,34.72340503590749,-0.21426243055041208,40.669028220024956,40.671542437695294,1.1716576956142941,301.27056750598456,101324.62523763963,-0.3747623603703687,420.9639740547324,34.712819785109176,15184.68373516125,298.8650867259782,25.71508672597821,30.0,101325.0,220.6856783283988,28.12056750598458,9.642449940308104,25096.949181464697,14.039530394736397
2330.0,38.833333333333336,4.0,False,300.0,0.0,20000.0,0.0,34.725241516285905,-0.2101246610366045,40.666266472167955,40.67357595222666,1.1716566710126293,301.2708735860476,101324.63957246387,-0.3604275361285545,420.9573466937557,34.7145857301983,15184.670456323674,298.8655768873402,25.715576887340205,30.0,101325.0,220.6820110240245,28.12087358604765,9.642940480610639,25100.779647196458,14.074389928645191
2335.0,38.916666666666664,4.0,False,300.0,0.0,20000.0,0.0,34.72690812735743,-0.21540217057809105,40.67446894632601,40.67560126750321,1.1716553787739166,301.27115135455955,101324.62124004008,-0.37875995991635136,420.9508070700088,34.716352610499136,15184.653708909958,298.86606700601754,25.716067006017568,30.0,101325.0,220.67833931214872,28.121151354559572,9.643431280694205,25104.612531515886,14.109254784324852
2340.0,39.0,4.0,False,300.0,0.0,20000.0,0.0,34.72873509852468,-0.21175022509572358,40.67227140874658,40.677632854331726,1.1716543418313725,301.2714558497541,101324.63397422181,-0.3660257781884866,420.9443536022991,34.7181172825681,15184.640270134587,298.86655708148277,25.71655708148279,30.0,101325.0,220.67476085769283,28.121455849754113,9.643921467380029,25108.44101496545,14.144124960398798
2345.0,39.083333333333336,4.0,False,300.0,0.0,20000.0,0.0,34.73048672453649,-0.21223881650207102,40.67489522163065,40.67966045964068,1.1716531869229518,301.2717477874227,101324.63228314098,-0.367716859022039,420.9379854537253,34.71988205526537,15184.625302521456,298.8670471141051,25.717047114105128,30.0,101325.0,220.67120491876614,28.12174778742275,9.64441168201816,25112.2701059754,14.179000454232785
2350.0,39.166666666666664,4.0,False,300.0,0.0,20000.0,0.0,34.73219319205964,-0.21518896162278967,40.6803849718719,40.68168533041322,1.1716519618124406,301.2720321986766,101324.62198947588,-0.37801052411668934,420.93170145936284,34.721646577949905,15184.609425089231,298.8675371038177,25.717537103817733,30.0,101325.0,220.66767988132958,28.122032198676607,9.644901827208306,25116.099043717564,14.213881266142295
2355.0,39.25,4.0,False,300.0,0.0,20000.0,0.0,34.734051650821925,-0.2096660595396594,40.676006308485505,40.683716171555844,1.1716509787080347,301.27234194180363,101324.64114402838,-0.3588559716154123,420.92550026122734,34.72340902784657,15184.596684056129,298.8680270503106,25.71802705031064,30.0,101325.0,220.66424383402497,28.122341941803654,9.645391396624047,25119.92387210048,14.24876739316717
2360.0,39.333333333333336,4.0,False,300.0,0.0,20000.0,0.0,34.7357258914335,-0.21437167777932828,40.6835390373113,40.685738254627005,1.171649705168468,301.27262098190556,101324.62485537768,-0.37514462231774814,420.9193811853982,34.72517261358157,15184.580178983346,298.8685169541024,25.718516954102427,30.0,101325.0,220.66079614495095,28.122620981905584,9.645881281550436,25123.751554121147,14.283658834435379
2365.0,39.416666666666664,4.0,False,300.0,0.0,20000.0,0.0,34.73750041461176,-0.21346239279904414,40.68453191144867,40.687764008426065,1.1716485917039554,301.2729167357686,101324.62803107641,-0.3719689235877013,420.9133427948727,34.726934591585106,15184.565748483263,298.86900681473287,25.719006814732893,30.0,101325.0,220.65742090793844,28.122916735768626,9.646370719884752,25127.576135006362,14.31855558977505
2370.0,39.5,4.0,False,300.0,0.0,20000.0,0.0,34.73931296406795,-0.2103916428100966,40.68300688353939,40.6897907907268,1.1716475397316781,301.27321882734464,101324.63865597254,-0.3613440274639288,420.9073841014989,34.728695628077084,15184.552114922548,298.86949663230195,25.71949663230197,30.0,101325.0,220.65409903763594,28.123218827344658,9.64685989668808,25131.399060042222,14.353457655882721
2375.0,39.583333333333336,4.0,False,300.0,0.0,20000.0,0.0,34.74098066699594,-0.21534766224083837,40.69082908650059,40.69181052710718,1.1716462596177255,301.27349677783263,101324.62143170912,-0.3785682908783201,420.9015042761241,34.7304574167153,15184.535524645722,298.8699864070804,25.7199864070804,30.0,101325.0,220.6507755533409,28.123496777832656,9.647349282420917,25135.22400584268,14.388365033011809
2380.0,39.666666666666664,4.0,False,300.0,0.0,20000.0,0.0,34.74281458401538,-0.21104915800984383,40.687872786941746,40.69383687527753,1.171645243953544,301.2738024306692,101324.63639390125,-0.3636060987482779,420.89570189957055,34.73221701302877,15184.52236163793,298.8704761385748,25.72047613857484,30.0,101325.0,220.64754247895132,28.12380243066923,9.64783805917466,25139.044579333677,14.423277719529292
2385.0,39.75,4.0,False,300.0,0.0,20000.0,0.0,34.74454446206346,-0.21249868898087151,40.69160999155419,40.69585804589803,1.1716440647607165,301.2740907436772,101324.63138209944,-0.3686179005599115,420.88997627545524,34.73397704123504,15184.507079298884,298.87096582720835,25.720965827208374,30.0,101325.0,220.64431885022682,28.124090743677243,9.648326955898623,25142.86647786054,14.45819571331901
2390.0,39.833333333333336,4.0,False,300.0,0.0,20000.0,0.0,34.746257411455304,-0.21484242767789286,40.696387874905675,40.6978777842358,1.171642859952668,301.2743762352425,101324.62320596955,-0.3767940304533113,420.8843262852977,34.73573660994265,15184.491464986579,298.8714554728269,25.721455472826904,30.0,101325.0,220.64113005350313,28.12437623524255,9.648815724984068,25146.687765778588,14.493119014877093
2395.0,39.916666666666664,4.0,False,300.0,0.0,20000.0,0.0,34.74810940528869,-0.20942468739692555,40.6921261131578,40.69990300160874,1.1716418765375318,301.2746849008814,101324.64196979844,-0.35803020156163257,420.87875074479473,34.737494294661275,15184.478719926412,298.8719450751875,25.721945075187534,30.0,101325.0,220.63802198339897,28.124684900881448,9.649303970739243,25150.50534874221,14.528047621206623
2400.0,40.0,4.0,False,300.0,0.0,20000.0,0.0,34.74977524173096,-0.2143572662475599,40.69991764708503,40.701919427698996,1.1716405994981707,301.27496254028847,101324.62490581557,-0.37509418443369213,420.8732490554891,34.73925318492051,15184.462169496292,298.8724346347911,25.722434634791114,30.0,101325.0,220.63489734012074,28.124962540288493,9.649792551366808,25154.325936815156,14.562981531821594
2405.0,40.083333333333336,4.0,False,300.0,0.0,20000.0,0.0,34.751551161745056,-0.21312998877919556,40.70053474565278,40.70394002372417,1.1716394979477787,301.2752585269575,101324.62918863578,-0.3708113642205717,420.867819893172,34.74101043454101,15184.44789340321,298.87292415116195,25.722924151161976,30.0,101325.0,220.63184377038917,28.12525852695751,9.650280676261392,25158.14334752145,14.597920746602384
2410.0,40.166666666666664,4.0,False,300.0,0.0,20000.0,0.0,34.75335534849364,-0.21028337724542898,40.699265372507746,40.70596128366872,1.1716384423271355,301.2755592247489,101324.63902776534,-0.36097223465912975,420.8624623959149,34.742766892163075,15184.434212559676,298.87341362443163,25.723413624431657,30.0,101325.0,220.6288364239377,28.12555922474894,9.65076858115641,25161.959423646207,14.632865262415695
2415.0,40.25,4.0,False,300.0,0.0,20000.0,0.0,34.75502004617442,-0.2151739389219238,40.70700602604427,40.707975786563516,1.171637166940109,301.2758366743624,101324.62204225313,-0.3779577468667412,420.8571758116152,34.74452410286537,15184.417683543814,298.8739030548479,25.723903054847938,30.0,101325.0,220.62582487399354,28.125836674362404,9.65125669524038,25165.7775220308,14.667815079739082
2420.0,40.333333333333336,4.0,False,300.0,0.0,20000.0,0.0,34.75684905732112,-0.2109115659621801,40.704086553426365,40.709996883803036,1.1716361528932877,301.2761415095535,101324.6368678477,-0.36313215229893103,420.8519588527412,34.746279195356045,15184.404541497008,298.87439244193104,25.72439244193106,30.0,101325.0,220.62289904096897,28.12614150955352,9.651744220932235,25169.59140345135,14.702770197048444
2425.0,40.416666666666664,4.0,False,300.0,0.0,20000.0,0.0,34.75857761988584,-0.21220410400538384,40.7076357311256,40.712013014902155,1.171634980900265,301.2764296033143,101324.63240341423,-0.3675965857692063,420.8468109034992,34.74803473656933,15184.389352467437,298.8748817860961,25.724881786096148,30.0,101325.0,220.6199796480939,28.126429603314307,9.652231871269258,25173.40664542114,14.73773061236016
2430.0,40.5,4.0,False,300.0,0.0,20000.0,0.0,34.76028278576007,-0.2147535452736709,40.71264804132514,40.71402748663453,1.171633772949689,301.27671379762666,101324.62351767177,-0.37648232822539285,420.8417309639078,34.74978993148469,15184.373697427971,298.87537108720636,25.725371087206383,30.0,101325.0,220.6170891424337,28.126713797626678,9.652719425412416,25177.22152020952,14.77269632636407
2435.0,40.583333333333336,4.0,False,300.0,0.0,20000.0,0.0,34.76213159780718,-0.20928362457533128,40.70832043475115,40.71604769731776,1.1716327935847517,301.27702193296784,101324.64245195498,-0.3575480450235773,420.83671794629765,34.751543248240864,15184.361004858381,298.87586034500265,25.725860345002673,30.0,101325.0,220.61427676647656,28.127021932967864,9.653206457844684,25181.032697639173,14.807667336237575
2440.0,40.666666666666664,4.0,False,300.0,0.0,20000.0,0.0,34.76379831775273,-0.213948650041758,40.71579535744719,40.71805934650057,1.171631526935764,301.27729971962543,101324.62633449098,-0.37366550901788287,420.8317713334403,34.753297782104646,15184.344589087501,298.876349559988,25.726349559988023,30.0,101325.0,220.61144511217023,28.127299719625455,9.653693828362401,25184.846905680653,14.84264364151766
2445.0,40.75,4.0,False,300.0,0.0,20000.0,0.0,34.765559569165134,-0.21331220590870417,40.71709557672056,40.72007453847614,1.1716304110554416,301.2775932615275,101324.62855430866,-0.371445691343979,420.8268899377175,34.7550508711994,15184.330127278523,298.8768387317184,25.72683873171843,30.0,101325.0,220.60867604056617,28.127593261527522,9.654180797555389,25188.658357584027,14.877625242394927
2450.0,40.833333333333336,4.0,False,300.0,0.0,20000.0,0.0,34.76737253972772,-0.20975219094416223,40.714990466624315,40.722091474575784,1.1716293781543348,301.27789542328793,101324.64084912975,-0.3591508702520514,420.8220729453343,34.75680299065666,15184.316740880178,298.87732786026555,25.727327860265575,30.0,101325.0,220.60595635989873,28.127895423287953,9.654667497404628,25192.46808557426,14.912612135758232
2455.0,40.916666666666664,4.0,False,300.0,0.0,20000.0,0.0,34.76902903989526,-0.21489150105368962,40.72301595616596,40.724100959401966,1.1716280985036467,301.2781715066492,101324.62303381857,-0.37696618142945226,420.81731973545726,34.75855607373453,15184.300156607262,298.8778169459421,25.727816945942095,30.0,101325.0,220.6032236601906,28.12817150664921,9.655154464926259,25196.28029325629,14.94760432213242
2460.0,41.0,4.0,False,300.0,0.0,20000.0,0.0,34.77084128104502,-0.21134675628312052,40.72092742612947,40.72611671215117,1.1716270665317694,301.2784735468408,101324.63536774374,-0.3646322562563,420.81262912142273,34.760307162165454,15184.286782251731,298.87830598825536,25.728305988255386,30.0,101325.0,220.6005704146016,28.128473546840837,9.655640878379293,25200.088547340736,14.982601800493946
2465.0,41.083333333333336,4.0,False,300.0,0.0,20000.0,0.0,34.772589119605755,-0.21134860605082376,40.72296872079301,40.72812912997297,1.171625933611797,301.2787648532676,101324.63536136098,-0.3646386390173575,420.80800051705603,34.762058402394246,15184.272099608888,298.8787949875525,25.728794987552533,30.0,101325.0,220.59793067347496,28.128764853267626,9.656127333998402,25203.897515313198,15.017604568593011
2470.0,41.166666666666664,4.0,False,300.0,0.0,20000.0,0.0,34.77427357798069,-0.21484151285424732,40.7290750877003,40.730138182274274,1.1716247013303545,301.2790455963301,101324.6232091784,-0.37679082159593236,420.80343310136834,34.763809721684844,15184.256129241394,298.8792839438168,25.729283943816824,30.0,101325.0,220.5953043056935,28.129045596330116,9.656613811579124,25207.707039067118,15.05261262731133
2475.0,41.25,4.0,False,300.0,0.0,20000.0,0.0,34.77611574202922,-0.2095375865575413,40.724936136921265,40.73215363218418,1.1716237198182107,301.2793526236715,101324.641583672,-0.35841632800293155,420.7989258264997,34.765559064051885,15184.24340884401,298.87977285670405,25.729772856704074,30.0,101325.0,220.592756684907,28.129352623671537,9.657099740014413,25211.51264575531,15.087625974314678
2480.0,41.333333333333336,4.0,False,300.0,0.0,20000.0,0.0,34.77779964737249,-0.2130406307594162,40.73105321884058,40.734161620544455,1.1716224886861704,301.27963327456206,101324.62949950731,-0.3705004926887341,420.7944782374278,34.76730944813357,15184.227453372767,298.8802617267057,25.73026172670575,30.0,101325.0,220.5901933589418,28.12963327456208,9.657585957814879,25215.32090198596,15.122644608722831
2485.0,41.416666666666664,4.0,False,300.0,0.0,20000.0,0.0,34.77953020443658,-0.21389995342536833,40.73409084756721,40.73617109184005,1.1716213324189522,301.2799217007394,101324.62650457081,-0.3734954291867325,420.790089325673,34.76905887991588,15184.21246814962,298.8807505534891,25.730750553489145,30.0,101325.0,220.58767489306746,28.12992170073943,9.658071911087745,25219.127469493462,15.157668531203026
2490.0,41.5,4.0,False,300.0,0.0,20000.0,0.0,34.78136248361318,-0.20905605031634983,40.730486008094836,40.7381845419577,1.1716203382415156,301.2802270806022,101324.64322912511,-0.3567708748887526,420.7857582571566,34.77080690072487,15184.199583610043,298.8812393369732,25.731239336973204,30.0,101325.0,220.58521727166925,28.130227080602197,9.658557472423576,25222.931349497776,15.192697738716213
2495.0,41.583333333333336,4.0,False,300.0,0.0,20000.0,0.0,34.78301456980455,-0.21425654315731069,40.73857828561372,40.74018954987793,1.1716190596708893,301.28050242830074,101324.6252582344,-0.37474176559771877,420.78148456532585,34.77255615944141,15184.183013334725,298.8817280775893,25.73172807758931,30.0,101325.0,220.58273618903334,28.13050242830076,9.659043377622613,25226.738306209078,15.227732231532677
2500.0,41.666666666666664,4.0,False,300.0,0.0,20000.0,0.0,34.78479358594518,-0.21235817791022507,40.73840269848322,40.742199596995654,1.1716179830781641,301.28079893099084,101324.63186942265,-0.3681305773498025,420.777267168249,34.77430372821237,15184.169060693008,298.8822167748511,25.73221677485111,30.0,101325.0,220.58032264852588,28.130798930990863,9.659528813392324,25230.541967536188,15.262772009500555
2505.0,41.75,4.0,False,300.0,0.0,20000.0,0.0,34.78657997285643,-0.21000374733047017,40.7376954962096,40.74420950300351,1.1716169191304717,301.2810966621427,101324.6399871519,-0.36001284810481593,420.7731054469178,34.776050804423576,15184.155271930913,298.8827054289506,25.732705428950624,30.0,101325.0,220.57794067911004,28.13109666214274,9.660014112339882,25234.344938945593,15.297817069852277
2510.0,41.833333333333336,4.0,False,300.0,0.0,20000.0,0.0,34.788238515281705,-0.2147555755087724,40.74526366384547,40.74621325780619,1.1716156536606723,301.28137308588026,101324.62351055337,-0.37648944662942085,420.76899880572756,34.77779861552384,15184.138871442314,298.8831940400857,25.73319404008572,30.0,101325.0,220.57554964798834,28.131373085880284,9.660499615423289,25238.14989240158,15.332867413485157
2515.0,41.916666666666664,4.0,False,300.0,0.0,20000.0,0.0,34.79005635657279,-0.21062262609429805,40.74248412054776,40.748223508137265,1.1716146414125435,301.2816760594288,101324.63786211736,-0.36213788263557944,420.7649462189941,34.77954445756127,15184.125752706565,298.8836826078071,25.73368260780711,30.0,101325.0,220.57323463052288,28.1316760594288,9.660984571544796,25241.95094106361,15.367923039063955
2520.0,42.0,4.0,False,300.0,0.0,20000.0,0.0,34.791784435371824,-0.211462015372119,40.745494869345784,40.750229357012145,1.171613487954958,301.28196407256195,101324.63496992698,-0.36503007302235346,420.76094722851326,34.781290737904826,15184.110803896256,298.8841711325062,25.73417113250622,30.0,101325.0,220.5709211284607,28.13196407256197,9.661469649418008,25245.753325774327,15.402983944804813
2525.0,42.083333333333336,4.0,False,300.0,0.0,20000.0,0.0,34.793472005827766,-0.21451940672310968,40.751088149528364,40.75223289565229,1.1716122712616355,301.2822453343046,101324.62433815624,-0.37566184376191813,420.75700107483704,34.78303692719843,15184.095035550796,298.88465961409247,25.734659614092493,30.0,101325.0,220.5686234237524,28.132245334304628,9.661954701999564,25249.55589403661,15.438050131763015
2530.0,42.166666666666664,4.0,False,300.0,0.0,20000.0,0.0,34.79531037984577,-0.20915435950138528,40.746872194815126,40.754242592945296,1.1716112943201689,301.2825517299743,101324.64289350124,-0.35710649876273237,420.7531068642608,34.78478125852574,15184.082374389387,298.88514805227067,25.735148052270688,30.0,101325.0,220.56639808829897,28.132551729974296,9.662439238479372,25253.354797526295,15.473121597521045
2535.0,42.25,4.0,False,300.0,0.0,20000.0,0.0,34.79698610305559,-0.21285813000437329,40.75321726344561,40.75624467542767,1.171610060707073,301.2828310171759,101324.63013401217,-0.3698659878282342,420.7492642276082,34.78652671421331,15184.066386763667,298.8856364475276,25.73563644752761,30.0,101325.0,220.5641514719032,28.13283101717593,9.662924087281475,25257.15653110161,15.50819834149926
2540.0,42.333333333333336,4.0,False,300.0,0.0,20000.0,0.0,34.798712867540075,-0.21367104343288396,40.75619512192144,40.75824848835889,1.1716089088239134,301.28311881125666,101324.62730355264,-0.372696447360795,420.7454722669933,34.78827122377629,15184.051458357917,298.88612479951917,25.73612479951919,30.0,101325.0,220.56194681110884,28.13311881125668,9.663408673271192,25260.956585168562,15.543280364496669
2545.0,42.416666666666664,4.0,False,300.0,0.0,20000.0,0.0,34.80054145026327,-0.20877023827006277,40.75251834676633,40.760256338358666,1.1716079190989772,301.28342357504386,101324.64420398051,-0.35579601948847994,420.7417302612456,34.79001436735359,15184.038631522746,298.8866131081722,25.736613108172207,30.0,101325.0,220.55979886831358,28.133423575043878,9.663892879820441,25264.754044407906,15.578367663544986
2550.0,42.5,4.0,False,300.0,0.0,20000.0,0.0,34.80219066529094,-0.21388397937652004,40.76050397153814,40.76225582315897,1.171606646198246,301.28369844421513,101324.62656035401,-0.3734396459913114,420.7380378302846,34.79175878305972,15184.022134729266,298.88710137391735,25.73710137391737,30.0,101325.0,220.55762360824716,28.133698444215156,9.66437743973881,25268.554655972133,15.61346023903136
2555.0,42.583333333333336,4.0,False,300.0,0.0,20000.0,0.0,34.80395736944274,-0.21241574696502155,40.76082374679817,40.764259984791536,1.1716055602442945,301.2839928949071,101324.63166979952,-0.36833020047924947,420.7343940232252,34.793501642559356,15184.008060766057,298.8875895962859,25.737589596285943,30.0,101325.0,220.55550903464066,28.133992894907124,9.6648615673776,25272.352257607094,15.648558091054678
2560.0,42.666666666666664,4.0,False,300.0,0.0,20000.0,0.0,34.80575067486916,-0.2094186153573867,40.75936253653237,40.766264896728536,1.1716045173095282,301.28429177914484,101324.64199055952,-0.3580094404751435,420.73079828674366,34.795243868079446,15183.994544331485,298.8880777754256,25.73807777542561,30.0,101325.0,220.55342776221624,28.13429177914486,9.665345518910957,25276.148858099863,15.683661216829474
2565.0,42.75,4.0,False,300.0,0.0,20000.0,0.0,34.80740055139324,-0.21441557434121053,40.767210707568964,40.76826301504031,1.1716032480892709,301.2845667585655,101324.62470172637,-0.3752982736332342,420.72725015205225,34.796987018880266,15183.978095236951,298.88856591159026,25.738565911590285,30.0,101325.0,220.55132884903395,28.13456675856554,9.66582972746674,25279.947855453527,15.718769617325
2570.0,42.833333333333336,4.0,False,300.0,0.0,20000.0,0.0,34.80920111969033,-0.21099705601740792,40.7652577598171,40.77026729745905,1.1716022183846866,301.2848668532817,101324.63657340695,-0.3634265930450056,420.7237487013298,34.79872832066663,15183.964750265537,298.8890540043201,25.73905400432011,30.0,101325.0,220.54929950010936,28.13486685328172,9.666313422407399,25283.743203126403,15.753883291671235
2575.0,42.916666666666664,4.0,False,300.0,0.0,20000.0,0.0,34.8109484717088,-0.21051021466395842,40.766718605092706,40.77226882851599,1.1716011052715394,301.2851580786181,101324.63824856753,-0.3617514324723743,420.720293515589,34.80046975464938,15183.95032431915,298.8895420539375,25.739542053937498,30.0,101325.0,220.54727870595318,28.135158078618133,9.666797154069272,25287.539218829843,15.789002237797593
2580.0,43.0,4.0,False,300.0,0.0,20000.0,0.0,34.812615974385494,-0.2144491684919684,40.77333321346184,40.77426636189338,1.1715998665424465,301.2854359957309,101324.62458411537,-0.3754158846277278,420.71688400838,34.80221151119101,15183.934270390106,298.8900300604713,25.740030060471327,30.0,101325.0,220.54525821422192,28.135435995730916,9.667280975330836,25291.33631768803,15.824126456920176
2585.0,43.083333333333336,4.0,False,300.0,0.0,20000.0,0.0,34.814439746790185,-0.20966263247441827,40.769785690332455,40.77627033284304,1.17159887615022,301.28573995779834,101324.64115575954,-0.3588442404579837,420.71351934736197,34.803951388917845,15183.921434906852,298.8905180235562,25.740518023556206,30.0,101325.0,220.54330798245854,28.135739957798364,9.667764274699401,25295.12970012818,15.859255947210325
2590.0,43.166666666666664,4.0,False,300.0,0.0,20000.0,0.0,34.816141538115176,-0.2116686584121697,40.7741483266093,40.778268524817506,1.1715976934234502,301.28602358968584,101324.63425615548,-0.3657438445225125,420.7101992063265,34.80569205087964,15183.906106767916,298.89100594362714,25.741005943627158,30.0,101325.0,220.54134488657033,28.136023589685863,9.66824779191101,25298.925171946885,15.894390707538156
2595.0,43.25,4.0,False,300.0,0.0,20000.0,0.0,34.8178357627811,-0.2140537746541505,40.77895196054779,40.78026590734191,1.1715964995380843,301.2863059604635,101324.62596719638,-0.374032803621958,420.7069228866308,34.80743235697615,15183.890634013573,298.8914938204943,25.741493820494327,30.0,101325.0,220.5394026653703,28.136305960463517,9.668731210271153,25302.720247341877,15.929530739079327
2600.0,43.333333333333336,4.0,False,300.0,0.0,20000.0,0.0,34.81966901228816,-0.20865848149153723,40.77469413022925,40.782268996536246,1.171595526666947,301.286611502048,101324.64458480083,-0.35541519917023834,420.7036896687996,34.80917097093828,15183.878025603633,298.8919816539346,25.7419816539346,30.0,101325.0,220.53752464517618,28.136611502048027,9.669214158593967,25306.51201166816,15.964676039259196
2605.0,43.416666666666664,4.0,False,300.0,0.0,20000.0,0.0,34.82133382321808,-0.21267736920286245,40.781399570791834,40.78426425024149,1.171594287861771,301.2868889705363,101324.63076193166,-0.3692380683351075,420.7004992735818,34.81091080144748,15183.861970688555,298.8924694444241,25.742469444424103,30.0,101325.0,220.53561901764277,28.136888970536347,9.669697444846522,25310.306808367888,15.99982660788422
2610.0,43.5,4.0,False,300.0,0.0,20000.0,0.0,34.82305800587312,-0.21333675064177005,40.78419207090057,40.786261656479745,1.171593143895751,301.28717633431216,101324.62846882307,-0.3715311769337859,420.6973509193045,34.81264965486084,15183.847144888932,298.89295719159975,25.74295719159977,30.0,101325.0,220.53375328388614,28.137176334312187,9.670180459683568,25314.099852917712,16.034982445843447
2615.0,43.583333333333336,4.0,False,300.0,0.0,20000.0,0.0,34.82488129545277,-0.20842599551361515,40.78049720715183,40.788263035133966,1.1715921577128219,301.2874802159088,101324.6453763624,-0.3546236375987064,420.6942440121564,34.81438721368763,15183.83436395817,298.8934448954062,25.743444895406242,30.0,101325.0,220.53193898026544,28.137480215908795,9.67066311491323,25317.89045203623,16.070143550221886
2620.0,43.666666666666664,4.0,False,300.0,0.0,20000.0,0.0,34.82652731506096,-0.2134320482918863,40.78835096027207,40.790256177696236,1.1715908915869169,301.28775455251014,101324.62813682255,-0.3718631774536334,420.6911782617339,34.81612606465892,15183.817954966444,298.893932556267,25.743932556266998,30.0,101325.0,220.5300935600826,28.13775455251016,9.671146129071921,25321.684248865888,16.105309921541956
2625.0,43.75,4.0,False,300.0,0.0,20000.0,0.0,34.82828053674655,-0.21241909124070776,40.78919454238411,40.792253597436996,1.1715897960385844,301.2880467561244,101324.63165820144,-0.3683417985594133,420.6881528584994,34.81786350083026,15183.803756660052,298.8944201737346,25.744420173734625,30.0,101325.0,220.52830140151843,28.138046756124425,9.67162875023063,25325.47533741809,16.14048156014354
2630.0,43.833333333333336,4.0,False,300.0,0.0,20000.0,0.0,34.83008009108096,-0.208773564364577,40.78697185604247,40.79425268185815,1.1715887746797673,301.2883466818468,101324.64419264345,-0.3558073565509403,420.68516732463917,34.81960015621396,15183.790519849783,298.89490774791045,25.744907747910474,30.0,101325.0,220.52654411035576,28.138346681846826,9.672111154503877,25329.265100410244,16.175658463225368
2635.0,43.916666666666664,4.0,False,300.0,0.0,20000.0,0.0,34.831722665563916,-0.2139027965402544,40.79496775769549,40.79624441609493,1.1715875054923024,301.28862044426063,101324.6264946419,-0.373505358104012,420.6822213197991,34.82133790676805,15183.77407118024,298.89539527910154,25.745395279101558,30.0,101325.0,220.52476089521468,28.138620444260653,9.672593862991125,25333.05763171591,16.210840631789345
2640.0,44.0,4.0,False,300.0,0.0,20000.0,0.0,34.83350127594315,-0.21141791321159473,40.79409585078138,40.798241716839044,1.17158645253696,301.28891687932384,101324.63512217121,-0.3648778287897585,420.67931405150887,34.823073985273815,15183.760424879,298.8958827668505,25.745882766850514,30.0,101325.0,220.52303868989492,28.138916879323858,9.673076107020504,25336.84689188469,16.24602806548629
2645.0,44.083333333333336,4.0,False,300.0,0.0,20000.0,0.0,34.83527061365817,-0.20940749376706064,40.793776122881425,40.800238242646216,1.171585385692528,301.289211768943,101324.64202858412,-0.3579714158840943,420.67644513966366,34.82480981830365,15183.746598575162,298.89637021138947,25.74637021138949,30.0,101325.0,220.52133397974325,28.139211768943028,9.673558282862125,25340.635994024437,16.281220761934836
2650.0,44.166666666666664,4.0,False,300.0,0.0,20000.0,0.0,34.83691967517484,-0.21410573531084023,40.80126881609094,40.802229031923474,1.1715841291312976,301.2894866125291,101324.62578558455,-0.37421441545302514,420.6736141774451,34.82654639763461,15183.730313541617,298.8968576128801,25.74685761288015,30.0,101325.0,220.5196134566025,28.13948661252914,9.674040666009613,25344.427103240352,16.31641872241905
2655.0,44.25,4.0,False,300.0,0.0,20000.0,0.0,34.838718457327104,-0.21043449611248374,40.79901402240568,40.80422601009253,1.1715831104656869,301.2897864095545,101324.63850875793,-0.36149124207440764,420.67082041748193,34.828281191142686,15183.717111635302,298.8973449709039,25.747344970903896,30.0,101325.0,220.51795721550624,28.139786409554517,9.67452255309519,25348.21469135699,16.35162194588752
2660.0,44.333333333333336,4.0,False,300.0,0.0,20000.0,0.0,34.840456277058934,-0.21013637176807984,40.80068716604258,40.80621993970966,1.1715819960324014,301.29007604617647,101324.63953228784,-0.3604677121620625,420.66806355726493,34.83001623266761,15183.702668579923,298.897832285793,25.747832285793038,30.0,101325.0,220.51630229450484,28.14007604617649,9.675004509074336,25352.003198389284,16.386830430533177
2665.0,44.416666666666664,4.0,False,300.0,0.0,20000.0,0.0,34.842117657685776,-0.2140825590704105,40.807302766226464,40.80821006555542,1.1715807612944538,301.2903529429476,101324.62586659512,-0.37413340488274116,420.66534312206375,34.83175160751814,15183.686666376121,298.8983195575605,25.748319557560535,30.0,101325.0,220.514643826696,28.14035294294763,9.675486557643929,25355.792810819585,16.422044177761794
2670.0,44.5,4.0,False,300.0,0.0,20000.0,0.0,34.84393075642606,-0.20954687312404105,40.80404000579426,40.8102064873772,1.1715797676067574,301.290655126071,101324.64155190175,-0.35844809825357515,420.66265842508096,34.833485193024615,15183.673788183576,298.89880678585484,25.748806785854867,30.0,101325.0,220.513049466136,28.14065512607101,9.675968109173505,25359.578892826918,16.457263185889328
2675.0,44.583333333333336,4.0,False,300.0,0.0,20000.0,0.0,34.8456391846662,-0.21084426065456874,40.8075700358452,40.81219793328224,1.1715786089128926,301.290939864111,101324.63709957346,-0.3629004265385447,420.6600092215736,34.835219440505035,15183.658771511087,298.8992939710776,25.749293971077634,30.0,101325.0,220.5114426567426,28.140939864111033,9.676449844584733,25363.366797643594,16.492487453729932
2680.0,44.666666666666664,4.0,False,300.0,0.0,20000.0,0.0,34.847315704369635,-0.21388628381589767,40.81313141948164,40.81418754314903,1.1715774004273143,301.2912192840616,101324.6265523069,-0.3734476930985693,420.65739497683614,34.83695360482603,15183.643109537994,298.899781113105,25.74978111310503,30.0,101325.0,220.50984480397995,28.141219284061606,9.676931556896118,25367.154897973436,16.527716982685224
2685.0,44.75,4.0,False,300.0,0.0,20000.0,0.0,34.84913733999781,-0.20880631964393134,40.80923358281559,40.81618317616382,1.1715764225273995,301.2915228899996,101324.64408098675,-0.3559190132509684,420.6548150710757,34.8386860569561,15183.630435955096,298.90026821166714,25.750268211667162,30.0,101325.0,220.50830835430955,28.141522889999635,9.677412793598917,25370.939634801005,16.562951770555205
2690.0,44.833333333333336,4.0,False,300.0,0.0,20000.0,0.0,34.850820514819134,-0.21146827114619351,40.81435155798029,40.81817233878525,1.1715752260896504,301.2918034191365,101324.63494832897,-0.36505167103314307,420.6522692992782,34.84041948806264,15183.61493012187,298.90075526720517,25.750755267205193,30.0,101325.0,220.50674866813162,28.141803419136522,9.677894302239624,25374.72688706429,16.598191816750944
2695.0,44.916666666666664,4.0,False,300.0,0.0,20000.0,0.0,34.85251286512562,-0.2135717185267112,40.818818671111565,40.820161484894655,1.1715740449168508,301.2920854775209,101324.62764996772,-0.37235003228124697,420.64975707972746,34.842152454642125,15183.599622122387,298.9012422794806,25.751242279480607,30.0,101325.0,220.50520944587382,28.142085477520936,9.678375681845035,25378.513501139918,16.633437122576087
2700.0,45.0,4.0,False,300.0,0.0,20000.0,0.0,34.8543376737332,-0.20824744599283773,40.81463512292898,40.822156112953074,1.171573074275061,301.29238961228884,101324.64598368357,-0.35401631642889697,420.6472778599774,34.84388384242508,15183.587042604791,298.9017292483082,25.75172924830821,30.0,101325.0,220.5037271491904,28.142389612288866,9.678856622895855,25382.297041648973,16.668687685453026
2705.0,45.083333333333336,4.0,False,300.0,0.0,20000.0,0.0,34.8560008182377,-0.21198102472911304,40.820999909647725,40.824143240130574,1.1715718483310378,301.2926668030396,101324.63317587881,-0.3668241211853456,420.64483145901625,34.845616424026055,15183.57115437025,298.90221617414295,25.752216174142973,30.0,101325.0,220.50221400770766,28.142666803039617,9.679337895562794,25386.083567381258,16.703943505320407
2710.0,45.166666666666664,4.0,False,300.0,0.0,20000.0,0.0,34.857708262938104,-0.21318950934052192,40.8244235643101,40.82613191032251,1.1715706932722976,301.2929513771563,101324.62898149475,-0.37101850524777547,420.64241726336155,34.84734821787972,15183.556184808976,298.90270305665786,25.75270305665788,30.0,101325.0,220.50073109221105,28.14295137715635,9.679818949411032,25389.868747812616,16.73920458331707
2715.0,45.25,4.0,False,300.0,0.0,20000.0,0.0,34.85953022574256,-0.20796137884591595,40.82035080916742,40.828125285452955,1.1715697203233424,301.29325503762374,101324.6469556319,-0.3530443680938333,420.6400347854114,34.84907861410482,15183.543575390519,298.90318989575076,25.75318989575078,30.0,101325.0,220.49929908020925,28.14325503762376,9.680299615029115,25393.651249232702,16.77447091664835
2720.0,45.333333333333336,4.0,False,300.0,0.0,20000.0,0.0,34.86118024250493,-0.2123775438710083,40.82750935231272,40.830110699821624,1.1715684757732279,301.29353004041747,101324.6318022764,-0.36819772359740455,420.6376838516351,34.85081029760041,15183.527446021033,298.9036766918624,25.753676691862438,30.0,101325.0,220.49783248836602,28.143530040417488,9.680780638222336,25397.43694058903,16.80974250566906
2725.0,45.416666666666664,4.0,False,300.0,0.0,20000.0,0.0,34.86290115643942,-0.2127828685403388,40.8299964810231,40.83209884131758,1.1715673442238466,301.29381685940655,101324.63039551719,-0.3696044828102458,420.6353638357183,34.85254095091606,15183.512781141051,298.9041634446108,25.75416344461081,30.0,101325.0,220.4964033736879,28.14381685940657,9.68126137525446,25401.220755727896,16.8450193512915
2730.0,45.5,4.0,False,300.0,0.0,20000.0,0.0,34.86471643761229,-0.20786965933684143,40.82628932429984,40.83409081028269,1.1715663628615534,301.2941194062687,101324.64726697736,-0.35273302263522055,420.6330743076679,34.854270406454255,15183.500062685733,298.90465015396654,25.754650153966566,30.0,101325.0,220.49501850904426,28.144119406268715,9.681741779570626,25405.00232751541,16.880301450654866
2735.0,45.583333333333336,4.0,False,300.0,0.0,20000.0,0.0,34.86635869734005,-0.2126657802097056,40.833889201155976,40.83607476644644,1.1715651081815603,301.2943931162233,101324.63080217084,-0.3691978291608393,420.6308150912768,34.85600115714437,15183.483802033023,298.9051368203391,25.755136820339146,30.0,101325.0,220.4935980961412,28.14439311622334,9.682222543651214,25408.78710696098,16.915588804428808
2740.0,45.666666666666664,4.0,False,300.0,0.0,20000.0,0.0,34.8680909639113,-0.21238628223477699,40.83557763716001,40.838062303423555,1.1715639967602822,301.2946818273185,101324.63177197648,-0.3682280235225335,420.6285855616165,34.85773070558054,15183.469398013258,298.90562344331676,25.75562344331678,30.0,101325.0,220.49222020923057,28.14468182731855,9.682702973772374,25412.569632824132,16.95088141327588
2745.0,45.75,4.0,False,300.0,0.0,20000.0,0.0,34.86989797341653,-0.20788016678622478,40.8323434378831,40.84005281113684,1.1715630044371994,301.2949829955694,101324.64723131638,-0.35276868361688685,420.62638533790795,34.85945924927509,15183.456537506105,298.90611002293053,25.756110022930557,30.0,101325.0,220.4908801011704,28.14498299556942,9.683183124798637,25416.350336364816,16.986179274365597
2750.0,45.833333333333336,4.0,False,300.0,0.0,20000.0,0.0,34.87153597279678,-0.2128599781406003,40.84015609656862,40.84203548009532,1.1715617451373648,301.2952559954661,101324.63012758944,-0.3698724105634028,420.62421423724174,34.861189049243514,15183.440216980247,298.9065965595518,25.756596559551838,30.0,101325.0,220.48950501586222,28.14525599546613,9.683663624789865,25420.134163019473,17.021482388601278
2755.0,45.916666666666664,4.0,False,300.0,0.0,20000.0,0.0,34.87327726052945,-0.21202560765737877,40.841197196155804,40.84402232595385,1.1715606501242735,301.2955462100882,101324.63302156488,-0.36697843512229156,420.62207164493435,34.86291752938383,15183.426025610583,298.9070830527561,25.757083052756116,30.0,101325.0,220.48817579578028,28.14554621008824,9.684143758162175,25423.91547772793,17.056790756407352
2760.0,46.0,4.0,False,300.0,0.0,20000.0,0.0,34.8750759724079,-0.20793022418000692,40.83844020619898,40.846011385561255,1.1715596467719056,301.2958459954013,101324.64706140304,-0.3529385969595751,420.61995722123385,34.86464517458212,15183.413022163895,298.90756950262164,25.757569502621664,30.0,101325.0,220.4868785941372,28.145845995401316,9.684623659606146,25427.695340570033,17.09210437503117
2765.0,46.083333333333336,4.0,False,300.0,0.0,20000.0,0.0,34.87671182103361,-0.21297616710761666,40.846328754696756,40.84799287616787,1.1715583861671248,301.2961186368389,101324.62972369179,-0.3702763082110323,420.61787077658647,34.866374018119856,15183.396684725938,298.90805590948275,25.758055909482778,30.0,101325.0,220.4855476463379,28.146118636838935,9.685103893922182,25431.478200237845,17.127423245545618
2770.0,46.166666666666664,4.0,False,300.0,0.0,20000.0,0.0,34.878459759146835,-0.21171905090169033,40.84687640787733,40.8499789413617,1.1715573037816054,301.2964099598578,101324.63408198763,-0.3659180123650003,420.6158117115331,34.86810146589014,15183.382657009606,298.90854227291186,25.758542272911882,30.0,101325.0,220.48426459354363,28.146409959857806,9.68558374052504,25435.25838055474,17.162747368171168
2775.0,46.25,4.0,False,300.0,0.0,20000.0,0.0,34.880251195938854,-0.2079785055102025,40.84453154774668,40.85196661159459,1.1715562909937778,301.29670853265645,101324.64689747956,-0.353102520442917,420.6137797196632,34.869828215374724,15183.369531279359,298.9090285930224,25.759028593022435,30.0,101325.0,220.48300883238446,28.146708532656476,9.686063393159646,25439.03740715996,17.198076740245973
2780.0,46.333333333333336,4.0,False,300.0,0.0,20000.0,0.0,34.88188601074944,-0.21302920430977956,40.85242452357667,40.85394698796663,1.171555030828377,301.29698100179155,101324.62953924989,-0.37046075011312496,420.61177460742255,34.871556105290104,15183.353199535766,298.9095148701168,25.759514870116845,30.0,101325.0,220.48172060776471,28.146981001791573,9.686543362580585,25442.819304284596,17.233411362962254
2785.0,46.416666666666664,4.0,False,300.0,0.0,20000.0,0.0,34.883638283273854,-0.2114785841895362,40.852629259391236,40.85593218424982,1.17155395737809,301.2972730472123,101324.63491272187,-0.36508727812906727,420.60979579284793,34.8732825551496,15183.339287620045,298.9100011037698,25.76000110376981,30.0,101325.0,220.48048130927432,28.14727304721231,9.687022931986,25446.59842384228,17.268751236384563
2790.0,46.5,4.0,False,300.0,0.0,20000.0,0.0,34.88542413533605,-0.20799894570289112,40.85058715096522,40.857918552684474,1.1715529378079244,301.29757068922265,101324.6468280701,-0.3531719299062388,420.60784299579694,34.87500840477011,15183.3260739907,298.91048729411847,25.76048729411849,30.0,101325.0,220.47926579077895,28.147570689222675,9.687502334658364,25450.376603508776,17.304096357931332
2795.0,46.583333333333336,4.0,False,300.0,0.0,20000.0,0.0,34.887058361804634,-0.21303091363720703,40.858457215923856,40.859897848406895,1.1715516787642397,301.29784306030075,101324.62953330477,-0.37046669522533193,420.60591602287894,34.876735349401045,15183.309756784545,298.9109734414418,25.76097344144182,30.0,101325.0,220.47801874357776,28.147843060300772,9.68798204150029,25454.157554654066,17.339446728874503
2800.0,46.666666666666664,4.0,False,300.0,0.0,20000.0,0.0,34.88881273946333,-0.2113114209498965,40.858464193037406,40.861882090336564,1.171550610695526,301.2981354565772,101324.63548966021,-0.3645103397866478,420.6040143101149,34.87846083412281,15183.295914614018,298.91145954531856,25.761459545318587,30.0,101325.0,220.47682087971165,28.148135456577222,9.688461342811893,25457.93568346877,17.374802349178754
2805.0,46.75,4.0,False,300.0,0.0,20000.0,0.0,34.890595086988924,-0.20797645303294465,40.856589481121404,40.863867261154226,1.1715495876150832,301.29843251449813,101324.64690444885,-0.35309555115236435,420.60213759715253,34.880185775440005,15183.282655491477,298.91194560589884,25.76194560589886,30.0,101325.0,220.47564458873012,28.148432514498154,9.688940493177778,25461.71299610269,17.410163216317347
2810.0,46.833333333333336,4.0,False,300.0,0.0,20000.0,0.0,34.892228765927825,-0.21298897955776702,40.86443582112741,40.865845491103784,1.1715483297359297,301.2987047943213,101324.62967913949,-0.37032086051476654,420.60028569569806,34.88191178618731,15183.26635337765,298.9124316234479,25.762431623447924,30.0,101325.0,220.47443711849112,28.148704794321304,9.689419940607586,25465.493024564454,17.445529331609478
2815.0,46.916666666666664,4.0,False,300.0,0.0,20000.0,0.0,34.893983094520195,-0.2112212481448221,40.864385541775526,40.86782869562233,1.171547263615338,301.29899718242,101324.63580068843,-0.36419931157433894,420.59845805920423,34.883636337049005,15183.25253645478,298.9129175975491,25.76291759754912,30.0,101325.0,220.473278456782,28.148997182420032,9.689898982513613,25469.2702294491,17.48090069498032
2820.0,47.0,4.0,False,300.0,0.0,20000.0,0.0,34.89576419939385,-0.20790421377709314,40.86253064149683,40.8698127804264,1.1715462405858568,301.2992940332323,101324.64714969709,-0.35285030290833674,420.59665444112716,34.88536035930479,15183.239277992703,298.91340352835476,25.763403528354786,30.0,101325.0,220.4721404962799,28.14929403323231,9.690377877584664,25473.04664986834,17.51627730392429
2825.0,47.083333333333336,4.0,False,300.0,0.0,20000.0,0.0,34.897397197831424,-0.2129063543620227,40.870363815091274,40.87178995102468,1.1715449836401082,301.29956619963855,101324.62996640222,-0.3700335977773648,420.5948746634382,34.887085448509126,15183.222987975802,298.9138894161276,25.763889416127597,30.0,101325.0,220.4709710140001,28.14956619963857,9.690857069030313,25476.82578103102,17.55165915977908
2830.0,47.166666666666664,4.0,False,300.0,0.0,20000.0,0.0,34.89914936151183,-0.21120898896016627,40.8703944175763,40.873772035927686,1.1715439160961618,301.2998582269186,101324.63584296312,-0.3641570368781686,420.5931181960358,34.888809095717,15183.209152606256,298.9143752604543,25.7643752604543,30.0,101325.0,220.46984939573196,28.14985822691864,9.69133585992139,25480.60212651956,17.58704626249266
2835.0,47.25,4.0,False,300.0,0.0,20000.0,0.0,34.90093149519009,-0.20778243565225968,40.86841091015724,40.87575514613227,1.1715428966953536,301.3001552491983,101324.64756293416,-0.3524370658415137,420.5913848005675,34.89053218745395,15183.195941171783,298.9148610614801,25.764861061480133,30.0,101325.0,220.46874893305747,28.15015524919835,9.691814496514986,25484.37762799598,17.622438609544407
2840.0,47.333333333333336,4.0,False,300.0,0.0,20000.0,0.0,34.9025637193555,-0.21278103546344554,40.87623890103111,40.8777312648221,1.171541640515197,301.3004272865592,101324.63040188528,-0.3695981147175189,420.5896743142542,34.89225636644525,15183.179661076954,298.9153468194754,25.76534681947544,30.0,101325.0,220.4676159221122,28.15042728655925,9.692293435123682,25488.15588506029,17.65783620226181
2845.0,47.416666666666664,4.0,False,300.0,0.0,20000.0,0.0,34.90431159677223,-0.21127296739557486,40.87648890325246,40.87971214690514,1.171540568168855,301.300718599462,101324.63562231223,-0.3643776877725031,420.58798622255,34.893979139622175,15183.165763468362,298.9158325340298,25.765832534029812,30.0,101325.0,220.46652924683153,28.15071859946204,9.692771983228381,25491.931434473943,17.69323904067815
2850.0,47.5,4.0,False,300.0,0.0,20000.0,0.0,34.90609686962296,-0.20761845438019064,40.87423886419427,40.88169438617236,1.1715395557205066,301.30101614493714,101324.64811899919,-0.35188100080995355,420.58632028991707,34.8957012902819,15183.152642137766,298.9163182052714,25.766318205271432,30.0,101325.0,220.46546546051312,28.15101614493716,9.693250358411639,25495.70599223443,17.728647122224476
2855.0,47.583333333333336,4.0,False,300.0,0.0,20000.0,0.0,34.90772847767653,-0.21260615721765516,40.88205311655213,40.88366947089462,1.1715383005383038,301.30128807961273,101324.63100915847,-0.368990841525374,420.58467637323525,34.89742456743343,15183.136374976417,298.9168038334883,25.766803833488325,30.0,101325.0,220.4643675376021,28.151288079612755,9.693729046509286,25499.483391948845,17.764060448185713
2860.0,47.666666666666664,4.0,False,300.0,0.0,20000.0,0.0,34.90946990847692,-0.21140843973369425,40.882663506946216,40.885649064551096,1.1715372199498477,301.30157831807946,101324.63515487028,-0.3648451297194697,420.58305397321516,34.899146496004086,15183.122370550027,298.917289418273,25.767289418273037,30.0,101325.0,220.46331375081036,28.151578318079487,9.694207360001135,25503.258208238338,17.7994790187414
2865.0,47.75,4.0,False,300.0,0.0,20000.0,0.0,34.91126006515151,-0.2074282228220906,40.88003311408022,40.88763051971132,1.1715362171996264,301.30187667752523,101324.6487635296,-0.3512364703929052,420.5814528519212,34.90086769783933,15183.109374907159,298.91777495972724,25.767774959727262,30.0,101325.0,220.4622857673373,28.15187667752525,9.694685471622037,25507.031803659054,17.834902831249664
2870.0,47.833333333333336,4.0,False,300.0,0.0,20000.0,0.0,34.91289169682523,-0.21237043807623013,40.88779335453923,40.88960460914109,1.1715349640115833,301.3021486161375,101324.63182691454,-0.3681730854586931,420.5798728892781,34.902590076463824,15183.093133590119,298.9182604581645,25.768260458164548,30.0,101325.0,220.46122174856043,28.152148616137538,9.69516391012884,25510.808351698815,17.870331886913107
2875.0,47.916666666666664,4.0,False,300.0,0.0,20000.0,0.0,34.91462447564345,-0.21160655887387958,40.88890795611861,40.891582826168026,1.1715338716710306,301.3024374126072,101324.6344707285,-0.3655292714975076,420.5783136020489,34.90431118977538,15183.078976856556,298.91874591318305,25.768745913183068,30.0,101325.0,220.460198837676,28.15243741260724,9.695641997159827,25514.582497707994,17.905766186114082
2880.0,48.0,4.0,False,300.0,0.0,20000.0,0.0,34.916420620230156,-0.20723929580488984,40.88582577987539,40.8935635550181,1.1715328803510614,301.30273677003834,101324.6494030553,-0.350596944699646,420.5767747448691,34.90603144041842,15183.066129349756,298.9192313248484,25.76923132484842,30.0,101325.0,220.45920564746606,28.15273677003836,9.696119844560672,25518.355123954054,17.941205726129127
2885.0,48.083333333333336,4.0,False,300.0,0.0,20000.0,0.0,34.91805366017513,-0.21205911358594376,40.89344244985317,40.895536720303674,1.171531631334287,301.3030089433625,101324.63290557016,-0.36709442983556073,420.57525622247533,34.907752916348244,15183.049942092359,298.9197166935046,25.76971669350462,30.0,101325.0,220.45817462451953,28.153008943362522,9.696598032318956,25522.13080960045,17.976650508027426
2890.0,48.166666666666664,4.0,False,300.0,0.0,20000.0,0.0,34.919775574766504,-0.21185293325030166,40.89520551938018,40.89751347165558,1.1715305237217348,301.3032959291277,101324.63361905856,-0.36638094144291244,420.5737575701389,34.90947324337037,15183.035587433684,298.92020201876096,25.770202018760983,30.0,101325.0,220.45718062806836,28.15329592912775,9.697075900936214,25525.904347407468,18.012100532442016
2895.0,48.25,4.0,False,300.0,0.0,20000.0,0.0,34.92157778859632,-0.2070955057897509,40.891667936563046,40.89949348598884,1.1715295439451494,301.30359629809936,101324.64988939985,-0.3501106001494918,420.5722785303515,34.91119254940765,15183.022889529137,298.9206873006381,25.770687300638144,30.0,101325.0,220.45622096956868,28.153596298099387,9.69755348594657,25529.676017288548,18.047555796584163
2900.0,48.333333333333336,4.0,False,300.0,0.0,20000.0,0.0,34.92321467971749,-0.21165558933072295,40.898981104462365,40.90146584471675,1.1715283029539056,301.3038691132862,101324.63430131841,-0.36569868159131147,420.5708190320045,34.91291310810614,15183.006806282616,298.9211725395105,25.77117253951053,30.0,101325.0,220.45522240090796,28.153869113286248,9.698031418918372,25533.45080707182,18.083016301323305
2905.0,48.416666666666664,4.0,False,300.0,0.0,20000.0,0.0,34.92492360943663,-0.2121260423839138,40.90153116134567,40.90344104492753,1.171527176695452,301.3041539349061,101324.63267381341,-0.3673261865915265,420.5693786336448,34.914632676558654,15182.99220997306,298.9216577350093,25.77165773500934,30.0,101325.0,220.45425543575874,28.154153934906105,9.698509076821848,25537.223796073547,18.11848204757549
2910.0,48.5,4.0,False,300.0,0.0,20000.0,0.0,34.92673042361889,-0.20706357974316775,40.89763732008829,40.90542028710783,1.171526206120846,301.3044550706031,101324.64999733832,-0.35000266168208327,420.5679570615237,34.91635105846564,15182.979631326163,298.9221428871018,25.772142887101836,30.0,101325.0,220.45332763639024,28.15445507060315,9.698986405129343,25540.9945528959,18.15395303254005
2915.0,48.583333333333336,4.0,False,300.0,0.0,20000.0,0.0,34.928375046270844,-0.2111441533245509,40.90439104639583,40.90739202020009,1.1715249792871323,301.30472917437845,101324.63606650218,-0.3639334978215629,420.5665542645022,34.91807067152086,15182.963731561234,298.92262799618624,25.77262799618626,30.0,101325.0,220.45236145808133,28.154729174378474,9.699464075422462,25544.7683828738,18.189429256801002
2920.0,48.666666666666664,4.0,False,300.0,0.0,20000.0,0.0,34.93006913665272,-0.2123958518938043,40.90784992976542,40.909365595175096,1.1715238314313465,301.30501152277543,101324.63173879264,-0.3682612073607743,420.56516983226913,34.91978950628155,15182.94885535025,298.9231130619322,25.773113061932236,30.0,101325.0,220.45141976941414,28.155011522775453,9.699941529522654,25548.540876287607,18.224910721564306
2925.0,48.75,4.0,False,300.0,0.0,20000.0,0.0,34.931876820512,-0.20724193622087128,40.903848572482225,40.911343906524316,1.1715228641356121,301.30531280341864,101324.6493941214,-0.35060587860061787,420.5638034718546,34.92150700508098,15182.936319197534,298.9235980842477,25.773598084247737,30.0,101325.0,220.45052153179248,28.155312803418667,9.700418612522496,25552.310808505117,18.26039742412319
2930.0,48.833333333333336,4.0,False,300.0,0.0,20000.0,0.0,34.93353495296037,-0.21051421254166838,40.90965996368133,40.91331527875512,1.171521660598479,301.3055891588267,101324.63823482709,-0.36176517291460186,420.56245514290805,34.92322562593875,15182.920721356288,298.92408306353747,25.77408306353749,30.0,101325.0,220.4495882926316,28.15558915882673,9.700896007205209,25556.083574860302,18.295889364667197
2935.0,48.916666666666664,4.0,False,300.0,0.0,20000.0,0.0,34.93521288171098,-0.2126230549946586,40.91411607225358,40.915287177617515,1.1715204890376647,301.3058688136185,101324.63095050192,-0.3690494980837684,420.56112447818475,34.92494374658955,15182.905537928134,298.92456799953504,25.774567999535066,30.0,101325.0,220.4486703311945,28.155868813618497,9.70137326294154,25559.85561432905,18.33138654465969
2940.0,49.0,4.0,False,300.0,0.0,20000.0,0.0,34.93701585495603,-0.20769506282933173,40.910376819345295,40.91726431718931,1.1715195161688745,301.3061693091593,101324.64785927246,-0.3521407275402453,420.5598111633331,34.926660420474875,15182.892929548612,298.9250528920844,25.77505289208443,30.0,101325.0,220.44779885393746,28.15616930915934,9.701850116798576,25563.62484818168,18.366888961647543
2945.0,49.083333333333336,4.0,False,300.0,0.0,20000.0,0.0,34.938694382523295,-0.20976665573152972,40.91478891451262,40.919235641646424,1.1715183468216204,301.30644906375386,101324.640799593,-0.35920040699420497,420.5585151557706,34.92837799140071,15182.877774808201,298.9255377415715,25.775537741571497,30.0,101325.0,220.446899478163,28.156449063753882,9.70232721983353,25567.39642246169,18.402396615307712
2950.0,49.166666666666664,4.0,False,300.0,0.0,20000.0,0.0,34.94035573172448,-0.2127594442372773,40.920273469297356,40.921205853301444,1.1715171508813187,301.3067259552874,101324.63047688888,-0.36952311111963354,420.5572361454075,34.93009540877562,15182.86227542189,298.926022547824,25.776022547824027,30.0,101325.0,220.44600400921806,28.156725955287413,9.70280428021545,25571.168030458677,18.437909507288907
2955.0,49.25,4.0,False,300.0,0.0,20000.0,0.0,34.942149187481846,-0.20832789011567532,40.91711136752574,40.92318161518492,1.1715161648135888,301.3070248645803,101324.64571012408,-0.3542898759187665,420.55597379433254,34.931811309404004,15182.849495984112,298.92650731061764,25.77650731061766,30.0,101325.0,220.44515676592565,28.157024864580308,9.70328091927889,25574.936677945843,18.47342763555863
2960.0,49.333333333333336,4.0,False,300.0,0.0,20000.0,0.0,34.943852947185405,-0.20892309772076648,40.91980309312253,40.925153112364164,1.1715150373056067,301.3073088245309,101324.6436827693,-0.35631723070400767,420.5547280470049,34.93352779020987,15182.834883480664,298.9269920302975,25.77699203029755,30.0,101325.0,220.44429161216874,28.1573088245309,9.703757719502743,25578.7069701306,18.508950999203126
2965.0,49.416666666666664,4.0,False,300.0,0.0,20000.0,0.0,34.94549869607886,-0.21274999892851065,40.926258065353565,40.927121687426386,1.171513818525111,301.3075831160131,101324.6305096976,-0.3694903024006635,420.55349865960676,34.935244501812186,15182.819088085438,298.92747670680694,25.777476706806965,30.0,101325.0,220.4434178604046,28.157583116013143,9.704234583836719,25582.478139869687,18.54447959997396
2970.0,49.5,4.0,False,300.0,0.0,20000.0,0.0,34.9472773778956,-0.2091080295051403,40.92401451904697,40.92909584554083,1.1715128109211528,301.3078795629826,101324.64305168977,-0.3569483102328377,420.55228527249807,34.9369596849381,15182.80602953814,298.9279613398565,25.777961339856517,30.0,101325.0,220.44259223382983,28.1578795629826,9.704711023593918,25586.246322095467,18.58001343640588
2975.0,49.583333333333336,4.0,False,300.0,0.0,20000.0,0.0,34.94900966802663,-0.20803889623797928,40.92476698902565,40.93106766688518,1.171511730465236,301.3081682780044,101324.646692389,-0.3533076110034017,420.5510878060922,34.938675049058574,15182.792026829458,298.92844592972733,25.778445929727354,30.0,101325.0,220.44176124510764,28.15816827800444,9.705187513627383,25590.015272022792,18.615552506957354
2980.0,49.666666666666664,4.0,False,300.0,0.0,20000.0,0.0,34.95064282021292,-0.21253739197586738,40.93200311762262,40.933034745591904,1.171510493591025,301.30844047003546,101324.63124781234,-0.3687521876563551,420.5499060883467,34.940391033220784,15182.775996939683,298.9289304764927,25.778930476492746,30.0,101325.0,220.4409090796331,28.158440470035487,9.705664175894661,25593.785954591243,18.651096813364724
2985.0,49.75,4.0,False,300.0,0.0,20000.0,0.0,34.952401405517776,-0.20997954127057936,40.93102114710783,40.93500707064893,1.1715094560094494,301.3087335675863,101324.6400701408,-0.35992985920165665,420.5487397438921,34.94210555507351,15182.762549882464,298.9294149798102,25.779414979810213,30.0,101325.0,220.44010247413556,28.158733567586296,9.706140431964865,25597.553793813346,18.686646354856673
2990.0,49.833333333333336,4.0,False,300.0,0.0,20000.0,0.0,34.95416267884673,-0.20722087826736543,40.929805030840896,40.93697924056302,1.1715084233118425,301.3090271131411,101324.64946536825,-0.3505346317542717,420.5475886587184,34.94381980185391,15182.749166121479,298.929899439875,25.77989943987501,30.0,101325.0,220.43930478721208,28.15902711314112,9.706616611626087,25601.321398221637,18.722201129295584
2995.0,49.916666666666664,4.0,False,300.0,0.0,20000.0,0.0,34.95578903730643,-0.21206978696609338,40.93744827663612,40.9389450872798,1.1715071775251806,301.3092981728844,101324.63286861597,-0.36713138403138146,420.54645273175265,34.945535010518405,15182.733020726342,298.9303838568917,25.780383856891717,30.0,101325.0,220.43847495062042,28.159298172884405,9.707093058477335,25605.091486662957,18.757761138243424
3000.0,50.0,4.0,False,300.0,0.0,20000.0,0.0,34.9575227619697,-0.2108584548786211,40.938033479079664,40.940915374505416,1.1715061024097198,301.3095871269949,101324.63705071025,-0.36294928974530194,420.5453315836161,34.9472489219581,15182.719087229969,298.93086823048884,25.780868230488863,30.0,101325.0,220.43768497645533,28.15958712699495,9.70756914498836,25608.859093446892,18.79332638170183
3005.0,50.083333333333336,4.0,False,300.0,0.0,20000.0,0.0,34.95930883776555,-0.20665047075488202,40.93512852392475,40.94288771089467,1.1715051108379386,301.30988480629424,101324.65139251377,-0.34860748623032123,420.5442250578448,34.94896209339589,15182.706236459684,298.931352560758,25.781352560758023,30.0,101325.0,220.43691838802582,28.159884806294258,9.708045025943303,25612.625442848097,18.82889685707426
3010.0,50.166666666666664,4.0,False,300.0,0.0,20000.0,0.0,34.96093794053695,-0.21131305730002126,40.9425538167346,40.94485275579326,1.17150387123698,301.3101563234228,101324.63548401481,-0.36451598518760875,420.54313311359755,34.950676443399175,15182.690171231263,298.93183684801585,25.78183684801587,30.0,101325.0,220.43611277334935,28.160156323422825,9.708521234277548,25616.394752932036,18.86447256554355
3015.0,50.25,4.0,False,300.0,0.0,20000.0,0.0,34.962643393678945,-0.21163670120398728,40.94492567585939,40.94682086023935,1.1715027531753888,301.31044056561313,101324.63436658533,-0.3656334146653535,420.54205538690525,34.95238978248401,15182.675681153038,298.9323210919025,25.78232109190253,30.0,101325.0,220.43533748169804,28.160440565613158,9.708997161801115,25620.162209792612,18.900053507878777
3020.0,50.333333333333336,4.0,False,300.0,0.0,20000.0,0.0,34.96444322777097,-0.20661206158060835,40.94106867931315,40.94879287532301,1.1715017852259335,301.3107405379618,101324.65152208987,-0.34847791012725793,420.5409916752109,34.954101984083366,15182.6631365281,298.9328052923973,25.782805292397313,30.0,101325.0,220.43459778307053,28.16074053796183,9.70947277335649,25623.92753444529,18.935639681312278
3025.0,50.416666666666664,4.0,False,300.0,0.0,20000.0,0.0,34.966089456687655,-0.21026891434757833,40.94732174806576,40.95075776379711,1.1715005745819738,301.3110149094479,101324.63907741763,-0.36092258237476926,420.53994197281054,34.955815346833745,15182.64744658238,298.93328944987906,25.783289449879078,30.0,101325.0,220.43381976231458,28.161014909447943,9.709948707453819,25627.69578187708,18.971231086393058
3030.0,50.5,4.0,False,300.0,0.0,20000.0,0.0,34.96776555791871,-0.21219033734929754,40.95155341046474,40.952723643796915,1.1714994118539326,301.3112942596531,101324.63245110805,-0.3675488919543568,420.5389059606338,34.9575281296881,15182.632377626966,298.93377356406205,25.783773564062074,30.0,101325.0,220.43305793468508,28.16129425965312,9.710424480468916,25631.46312315965,19.006827724521553
3035.0,50.583333333333336,4.0,False,300.0,0.0,20000.0,0.0,34.96956085651607,-0.20739147613014214,40.947958382547604,40.95469452769997,1.1714984385406544,301.311593476086,101324.64888796431,-0.35111203568521887,420.5378833915712,34.959239534896504,15182.619763486882,298.93425763481514,25.784257634815162,30.0,101325.0,220.4323387953755,28.16159347608601,9.710899870804584,25635.22780299222,19.04242959322027
3040.0,50.666666666666664,4.0,False,300.0,0.0,20000.0,0.0,34.97124239996447,-0.20900082565471031,40.951826000597386,40.95666007351017,1.171497285655004,301.3118737333274,101324.64341759082,-0.3565824091783725,420.5368742554024,34.96095174527921,15182.604822088853,298.9347416624981,25.784741662498107,30.0,101325.0,220.43159290929273,28.16187373332741,9.711375484799781,25638.99462288738,19.07803669212713
3045.0,50.75,4.0,False,300.0,0.0,20000.0,0.0,34.97289157079001,-0.21239287455459513,40.95776938982854,40.95862384281327,1.1714960820876057,301.31214859513165,101324.63174911705,-0.36825088295154274,420.5358783152263,34.9626639551581,15182.58922385537,298.93522564697923,25.785225646979256,30.0,101325.0,220.43084440477912,28.16214859513167,9.711851098655028,25642.76181065159,19.113649022983754
3050.0,50.833333333333336,4.0,False,300.0,0.0,20000.0,0.0,34.97466869538994,-0.20858538498930954,40.95532794130064,40.96059299627758,1.1714950817996015,301.31244478256497,101324.6448337728,-0.3551662271929672,420.534895279827,34.964374697464066,15182.576260122836,298.9357095880174,25.785709588017426,30.0,101325.0,220.43014091491668,28.16244478256499,9.71232630485113,25646.526137997087,19.149266584059205
3055.0,50.916666666666664,4.0,False,300.0,0.0,20000.0,0.0,34.97639388287712,-0.20766980473245109,40.956254104123396,40.96255957050881,1.1714939998569023,301.31273231381283,101324.64794491594,-0.35205508406215813,420.5339251068115,34.96608567821293,15182.562238145454,298.93619348589357,25.78619348589359,30.0,101325.0,220.4294288037288,28.162732313812853,9.712801577281368,25650.29135847194,19.18488937398731
3060.0,51.0,4.0,False,300.0,0.0,20000.0,0.0,34.9780234235061,-0.2121349788139025,40.963446298387304,40.964521559611754,1.1714927670055395,301.31300390391766,101324.63264286338,-0.36735713662346825,420.53296765698144,34.96779725266374,15182.546260391793,298.93667734066736,25.78667734066738,30.0,101325.0,220.42869496747704,28.163003903917684,9.713277014628817,25654.05825415365,19.22051739455163
3065.0,51.083333333333336,4.0,False,300.0,0.0,20000.0,0.0,34.97977170141348,-0.2099082992159292,40.96284489367101,40.96648851528489,1.1714917228300854,301.3132952835689,101324.64031433404,-0.3596856659569312,420.5320226074774,34.96950743819017,15182.532727877908,298.93716115201295,25.78716115201297,30.0,101325.0,220.42800313337102,28.163295283568914,9.713752066163936,25657.822461366726,19.256150645048518
3070.0,51.166666666666664,4.0,False,300.0,0.0,20000.0,0.0,34.9815385591578,-0.20658148581061733,40.96096201027299,40.96845603002047,1.1714907086951374,301.3135897598596,101324.6516252222,-0.34837477779365145,420.5310898646746,34.97121720722233,15182.519584688982,298.9376449200904,25.78764492009043,30.0,101325.0,220.4273234032917,28.163589759859633,9.714227002006202,25661.586119915282,19.291789123229965
3075.0,51.25,4.0,False,300.0,0.0,20000.0,0.0,34.98316224136204,-0.2113526065029381,40.968509565081796,40.970416857181256,1.1714894683666637,301.3138603735603,101324.63534755693,-0.3646524430660065,420.5301693808074,34.972928023248734,15182.503510031962,298.9381286451417,25.78812864514174,30.0,101325.0,220.4266075393384,28.16386037356034,9.714702228680204,25665.352451550247,19.327432830571258
3080.0,51.333333333333336,4.0,False,300.0,0.0,20000.0,0.0,34.984874447024026,-0.21110242450795447,40.97020902798968,40.97238130051277,1.1714883688515108,301.31414574117065,101324.63621033769,-0.36378966231131926,420.52926082786155,34.97463772575119,15182.489260315579,298.9386123268119,25.788612326811915,30.0,101325.0,220.4259244254297,28.16414574117067,9.715177146041997,25669.116699925038,19.363081767482004
3085.0,51.416666666666664,4.0,False,300.0,0.0,20000.0,0.0,34.98666767163684,-0.20624298715099215,40.96654031439779,40.974349074483676,1.171487398275479,301.31444461193945,101324.65276596123,-0.3472340387670556,420.5283640520228,34.97634642489635,15182.476681650207,298.9390959651194,25.78909596511943,30.0,101325.0,220.42527174652156,28.164444611939473,9.71565178469343,25672.87910692782,19.398735931236764
3090.0,51.5,4.0,False,300.0,0.0,20000.0,0.0,34.98830755781569,-0.21006671767490087,40.97298361336838,40.97630972689059,1.171486185409738,301.3147179263026,101324.63977121735,-0.3602287826506654,420.527479063379,34.97805628203695,15182.460962910205,298.9395795604207,25.789579560420748,30.0,101325.0,220.4245796580307,28.164717926302615,9.716126745010264,25676.644431737343,19.43439532258306
3095.0,51.583333333333336,4.0,False,300.0,0.0,20000.0,0.0,34.98998164118166,-0.211907889736862,40.97711771195099,40.97827157311358,1.171485027300873,301.3149969401969,101324.63342894912,-0.3665710508794291,420.526605572525,34.97976552677623,15182.445953819315,298.9400631124255,25.790063112425514,30.0,101325.0,220.42390390012682,28.164996940196943,9.716601535215618,25680.408775906886,19.470059942866147
3100.0,51.666666666666664,4.0,False,300.0,0.0,20000.0,0.0,34.99177138423477,-0.20722056999793032,40.97364849002053,40.98023827858429,1.1714840529960693,301.3152952307058,101324.64946641118,-0.35053358881850727,420.525743368419,34.98147343429675,15182.433326829057,298.94054662101456,25.790546621014585,30.0,101325.0,220.42326864327705,28.165295230705794,9.717075953971321,25684.170542528085,19.505729789615057
3105.0,51.75,4.0,False,300.0,0.0,20000.0,0.0,34.99345637404679,-0.20843870635692777,40.977056414388116,40.98220004660515,1.1714829133635531,301.3155760623411,101324.64533310769,-0.35466689230815973,420.52489245671524,34.98318206702423,15182.418557191648,298.94103008652803,25.791030086528053,30.0,101325.0,220.42260819866098,28.16557606234113,9.717550574173396,25687.934274035113,19.541404862404338
3110.0,51.833333333333336,4.0,False,300.0,0.0,20000.0,0.0,34.99509743345948,-0.21209842403772342,40.98330744256277,40.98415952869984,1.171481704730361,301.3158495722432,101324.63276945731,-0.36723054268804844,420.5240526447432,34.9848908123863,15182.402893305478,298.9415135088662,25.791513508866217,30.0,101325.0,220.42194059002162,28.165849572243246,9.71802522566286,25691.69862135792,19.577085163026137
3115.0,51.916666666666664,4.0,False,300.0,0.0,20000.0,0.0,34.9968617869697,-0.20881279256410776,40.981469667212544,40.986124198040045,1.171480691988776,301.3161436311616,101324.64405891969,-0.3559410803136416,420.52322366679664,34.986598138855825,15182.389768174535,298.9419968877775,25.791996887777543,30.0,101325.0,220.4213155192626,28.166143631161617,9.718499483015508,25695.4602101554,19.612770689992466
3120.0,52.0,4.0,False,300.0,0.0,20000.0,0.0,34.998601972337156,-0.2068453690376465,40.981166793018495,40.98808752777907,1.171479641567151,301.31643366205617,101324.65073463925,-0.349265360753634,420.52240548219385,34.988305450146036,15182.376154710275,298.9424802234933,25.792480223493328,30.0,101325.0,220.42068901696743,28.166433662056193,9.718973736151677,25699.222132649647,19.648461441619414
3125.0,52.083333333333336,4.0,False,300.0,0.0,20000.0,0.0,35.00022448084371,-0.2115277021929043,40.9886078207991,40.990045295834044,1.171478405329075,301.3167040801406,101324.63474311188,-0.36525688812253065,420.5215980134694,34.99001356693358,15182.36013306481,298.94296351614986,25.792963516149882,30.0,101325.0,220.42003316988675,28.16670408014062,9.719448213037104,25702.986197408234,19.6841574196264
3130.0,52.166666666666664,4.0,False,300.0,0.0,20000.0,0.0,35.00194942981466,-0.21041419755405208,40.989298749549654,40.992007312985415,1.1714773319455098,301.31699157163575,101324.63857849361,-0.36142150638625026,420.520800963754,34.99172045003097,15182.346222013806,298.9434467654122,25.793446765412227,30.0,101325.0,220.41941342681113,28.166991571635776,9.719922347230824,25706.74791068744,19.71985862386813
3135.0,52.25,4.0,False,300.0,0.0,20000.0,0.0,35.00373244954494,-0.20597247725636034,40.98611339951142,40.99397164999633,1.171476351146616,301.3172887415908,101324.65367623357,-0.3463237664254848,420.5200142250068,34.993426550926365,15182.333510860142,298.94392997135503,25.793929971355055,30.0,101325.0,220.41881650931822,28.167288741590824,9.720396264146213,25710.508266866873,19.755565051769214
3140.0,52.333333333333336,4.0,False,300.0,0.0,20000.0,0.0,35.00536274300089,-0.21019225606431866,40.993014818651865,40.9959288823605,1.171475129014587,301.3175604571668,101324.63934053462,-0.36065946538292337,420.519237807718,34.99513379925117,15182.317672029048,298.9444131342967,25.794413134296747,30.0,101325.0,220.4181795946965,28.167560457166815,9.720870499791992,25714.271519114005,19.791276704398364
3145.0,52.416666666666664,4.0,False,300.0,0.0,20000.0,0.0,35.00704264742262,-0.21155971250658243,40.996594126548665,40.997888003363066,1.1714739860499834,301.3178404412371,101324.63463255546,-0.36536744453769643,420.51847143363614,34.99684029826489,15182.302859207786,298.9448962539263,25.79489625392631,30.0,101325.0,220.41756284080836,28.167840441237104,9.721344527295804,25718.03348662921,19.826993582874575
3150.0,52.5,4.0,False,300.0,0.0,20000.0,0.0,35.008830837479195,-0.20680215708962765,40.99304001365888,40.99985166689706,1.1714730152057318,301.3181384729132,101324.65088055366,-0.3491194463422289,420.517714927738,34.998545536020515,15182.290277066284,298.9453793301598,25.795379330159847,30.0,101325.0,220.41698364525456,28.1681384729132,9.721818204450143,25721.79304019771,19.862715684629315
3155.0,52.583333333333336,4.0,False,300.0,0.0,20000.0,0.0,35.01050796961886,-0.20831920036257442,40.996792943258406,41.0018101079348,1.1714718690366972,301.31841799493645,101324.64573967968,-0.3542603203241015,420.51696831139475,35.00025155674514,15182.275422715597,298.94586236333436,25.79586236333438,30.0,101325.0,220.41637664607742,28.168417994936476,9.722292099095872,25725.554686609743,19.8984430094396
3160.0,52.666666666666664,4.0,False,300.0,0.0,20000.0,0.0,35.01214826976809,-0.21187632374366847,41.00292139643311,41.003766581730126,1.171470665103594,301.31869137829466,101324.6335381505,-0.36646184949495364,420.5162314018909,35.001957627427345,15182.259819742578,298.9463453533305,25.796345353330537,30.0,101325.0,220.41576386707152,28.16869137829468,9.722766007618707,25729.316809917014,19.934175559089965
3165.0,52.75,4.0,False,300.0,0.0,20000.0,0.0,35.01390863612437,-0.20866388094585625,41.00116576880339,41.0057281086759,1.17146965194593,301.3189847726874,101324.64456640644,-0.3554335935623385,420.5155039609002,35.003662314735365,15182.246689219251,298.946828299913,25.796828299913045,30.0,101325.0,220.415191946741,28.168984772687395,9.723239531870934,25733.07624901156,19.969913332047554
3170.0,52.833333333333336,4.0,False,300.0,0.0,20000.0,0.0,35.01564984133677,-0.20648608587125683,41.00061481389345,41.00768852100737,1.1714686090323838,301.3192749735561,101324.65194690891,-0.3480530910892412,420.51478595858663,35.00536694267815,15182.233173059694,298.9473112033001,25.797311203300126,30.0,101325.0,220.41461937575264,28.169274973556128,9.72371303963282,25736.835923354723,20.005656326611696
3175.0,52.916666666666664,4.0,False,300.0,0.0,20000.0,0.0,35.01727004797033,-0.21115821255654402,41.00804087166335,41.009643223102515,1.171467375031767,301.31954500799503,101324.63601803486,-0.36398196514346637,420.514077340266,35.00707240949877,15182.2171804117,298.947794063641,25.79779406364105,30.0,101325.0,220.4140157706614,28.169545007995055,9.724186780416325,25740.597814352535,20.041404544485104
3180.0,53.0,4.0,False,300.0,0.0,20000.0,0.0,35.018984534415836,-0.21048349985723228,41.00923973607266,41.01160181775578,1.171466290955166,301.31983075573595,101324.63834037786,-0.3616596221399959,420.51337783235135,35.008776722304646,15182.203130778953,298.94827688060843,25.798276880608455,30.0,101325.0,220.41344515006827,28.169830755735973,9.72466020064018,25744.35752603122,20.077157985693706
3185.0,53.083333333333336,4.0,False,300.0,0.0,20000.0,0.0,35.02076972361806,-0.20576805249937613,41.00573253097344,41.013563298418234,1.1714653194675704,301.32012828726965,101324.65436333527,-0.3456366647296818,420.5126873293279,35.01048013701238,15182.190540299713,298.9487596542448,25.798759654244805,30.0,101325.0,220.41290043387696,28.170128287269677,9.725133371392328,25748.115622299058,20.112916647602265
3190.0,53.166666666666664,4.0,False,300.0,0.0,20000.0,0.0,35.02240669955552,-0.20946753305515664,41.01202494565371,41.015517877721905,1.1714641137874122,301.32040111659256,101324.6418232865,-0.3581767135037808,420.5120058624776,35.012184662760454,15182.174914684862,298.9492423848819,25.79924238488195,30.0,101325.0,220.41231639101824,28.170401116592586,9.725606850766793,25751.87653583062,20.14868053104541
3195.0,53.25,4.0,False,300.0,0.0,20000.0,0.0,35.02407084354638,-0.2115755522112612,41.016463638631876,41.01747334906109,1.1714629517190975,301.3206784739244,101324.6345778425,-0.36542215749796014,420.51133319119907,35.01388864997293,15182.159854279504,298.9497250722494,25.79972507224943,30.0,101325.0,220.41174516471403,28.170678473924397,9.726080180548035,25755.6366271574,20.184449637408594
3200.0,53.333333333333336,4.0,False,300.0,0.0,20000.0,0.0,35.025848483129266,-0.20727156224939217,41.01343467472194,41.01943359725318,1.1714619700193833,301.3209747471882,101324.64929387333,-0.3507061266718665,420.5106691386116,35.015591326942065,15182.147131451207,298.9502077162208,25.800207716220825,30.0,101325.0,220.4112123930579,28.17097474718821,9.726553146372796,25759.39419281828,20.220223964366912
3205.0,53.416666666666664,4.0,False,300.0,0.0,20000.0,0.0,35.02754952979433,-0.20727741591432725,41.01542463178246,41.02139016477583,1.1714608675827642,301.3212582549657,101324.6492740641,-0.3507259359030286,420.5100137203631,35.01729447388276,15182.132843872625,298.9506903170896,25.800690317089618,30.0,101325.0,220.41066143100178,28.17125825496572,9.727026242745211,25763.153161241222,20.256003511140566
3210.0,53.5,4.0,False,300.0,0.0,20000.0,0.0,35.02917601700233,-0.21147950999927753,41.02230115318758,41.02334308548968,1.1714596476136507,301.32152933616703,101324.63490952531,-0.3650904746900778,420.50936682061445,35.01899802443664,15182.117033072913,298.95117287484624,25.80117287484626,30.0,101325.0,220.41009282083178,28.171529336167055,9.7274994512324,25766.91338626766,20.291788279576334
3215.0,53.583333333333336,4.0,False,300.0,0.0,20000.0,0.0,35.03091272664392,-0.20945267386753985,41.02192321467209,41.025300622380854,1.1714586028227676,301.32181878777396,101324.6418741013,-0.3581258986960165,420.50872819931163,35.020700282131656,15182.103492583068,298.9516553892123,25.80165538921233,30.0,101325.0,220.40956151024102,28.171818787773987,9.727972300592127,25770.671123028227,20.3275782688189
3220.0,53.666666666666664,4.0,False,300.0,0.0,20000.0,0.0,35.032679583494314,-0.20566492442450063,41.0194942717865,41.02725924499616,1.1714576063773405,301.3221132639157,101324.65470970499,-0.34529029500845354,420.50809780053874,35.02240202432113,15182.090578650334,298.95213786031604,25.802137860316066,30.0,101325.0,220.40904360624927,28.17211326391572,9.72844500675587,25774.428086967277,20.36337347660362
3225.0,53.75,4.0,False,300.0,0.0,20000.0,0.0,35.0343021125791,-0.21007829614496867,41.02661593880257,41.029211124570345,1.1714563818845194,301.3223836854298,101324.63973150603,-0.3602684939687606,420.50747563437534,35.024104831429355,15182.074709223372,298.95262028841904,25.802620288419064,30.0,101325.0,220.40848711101643,28.17238368542985,9.728918008730377,25778.18776740788,20.399173904280268
3230.0,53.833333333333336,4.0,False,300.0,0.0,20000.0,0.0,35.0359837084867,-0.21110365857366867,41.02979164970791,41.031165326932914,1.171455251531657,301.3226639514144,101324.63620608438,-0.3637939156178618,420.50686145273534,35.025806810192186,15182.060059850273,298.9531026732105,25.803102673210503,30.0,101325.0,220.40795251386373,28.17266395141445,9.72939078060894,25781.94598424753,20.434979552718918
3235.0,53.916666666666664,4.0,False,300.0,0.0,20000.0,0.0,35.03776619142491,-0.2064086025063385,41.0263051368893,41.03312375608737,1.1714542815751803,301.32296103190413,101324.65220807193,-0.3477919280703645,420.50625512027466,35.02750760440495,15182.047489214337,298.95358501463244,25.80358501463246,30.0,101325.0,220.40745220981347,28.17296103190415,9.72986322344582,25785.701950304305,20.470790419340133
3240.0,54.0,4.0,False,300.0,0.0,20000.0,0.0,35.039441741634164,-0.20776672819817402,41.02986780535476,41.035077142052934,1.1714531428143056,301.32324029027234,101324.64761621758,-0.35238378241774626,420.5056566739301,35.0292091440124,15182.032730873401,298.95406731300324,25.80406731300326,30.0,101325.0,220.4069242795154,28.17324029027236,9.730335873336777,25789.459927467546,20.506606503977473
3245.0,54.083333333333336,4.0,False,300.0,0.0,20000.0,0.0,35.041075300558646,-0.21146293758318294,41.036153053166,41.037028333818434,1.1714519381065598,301.3235125500931,101324.63496674309,-0.36503325690864585,420.50506596504596,35.03091078593234,15182.017117861016,298.9545495682184,25.80454956821842,30.0,101325.0,220.40638799761797,28.173512550093108,9.730808551647874,25793.21849573281,20.54242780843803
3250.0,54.166666666666664,4.0,False,300.0,0.0,20000.0,0.0,35.04282199951069,-0.20876855549777706,41.034995579256986,41.03898428193965,1.1714509131987914,301.3238036665851,101324.6442097162,-0.355790283792885,420.50448278501824,35.03261111460286,15182.003835056335,298.9550317800457,25.805031780045738,30.0,101325.0,220.40588949154596,28.173803666585115,9.731280865167461,25796.97452805028,20.578254331371213
3255.0,54.25,4.0,False,300.0,0.0,20000.0,0.0,35.04457445496155,-0.20569322766973971,41.03339419837396,41.04094023012027,1.1714498979970782,301.32409574249357,101324.65461466197,-0.345385338034248,420.5039071060038,35.03431115602234,15181.990678042133,298.95551394865447,25.805513948654493,30.0,101325.0,220.40539674380446,28.17409574249359,9.731753098895094,25800.730290356998,20.614086070828442
3260.0,54.333333333333336,4.0,False,300.0,0.0,20000.0,0.0,35.04619281450721,-0.21023889625098077,41.04066781598316,41.04288988414573,1.1714486709488692,301.3243654690845,101324.63918046125,-0.360819538749638,420.50333892327666,35.03601216338496,15181.974775497343,298.95599607425225,25.805996074252278,30.0,101325.0,220.4048680673911,28.174365469084535,9.732225600940266,25804.488551468257,20.649923028357488
3265.0,54.416666666666664,4.0,False,300.0,0.0,20000.0,0.0,35.04788150148204,-0.21076483569794044,41.04325978782426,41.04484237005627,1.1714475558771116,301.32464691691365,101324.63737293088,-0.36262706911657006,420.5027779988978,35.03771224254618,15181.960324167365,298.9564781565285,25.8064781565285,30.0,101325.0,220.4043642640625,28.174646916913673,9.732697845151716,25808.245126429214,20.685765204522696
3270.0,54.5,4.0,False,300.0,0.0,20000.0,0.0,35.04966308404266,-0.2060100124672424,41.03970156222976,41.04679873359315,1.1714465885421494,301.3249438473404,101324.65354999807,-0.3464500019326806,420.50222422038405,35.03941121607207,15181.947787506257,298.9569601954543,25.806960195454337,30.0,101325.0,220.40389200295942,28.174943847340444,9.733169782242241,25811.999622537045,20.72161259670948
3275.0,54.583333333333336,4.0,False,300.0,0.0,20000.0,0.0,35.051329100362295,-0.20781105185329823,41.04377792813629,41.048749662616885,1.1714454387204367,301.325221516727,101324.64746585084,-0.35253414916223846,420.5016776333702,35.04111101192575,15181.93288581686,298.9574421913479,25.807442191347945,30.0,101325.0,220.4033891774689,28.17522151672705,9.733641947757153,25815.75630024969,20.757465204989195
3280.0,54.666666666666664,4.0,False,300.0,0.0,20000.0,0.0,35.0529641036552,-0.21132487922621235,41.04984866390118,41.05069888885506,1.171444240338927,301.32549401727584,101324.63544322792,-0.36455677208141424,420.501138085548,35.0428108101655,15181.917354792493,298.9579241440759,25.807924144075912,30.0,101325.0,220.40288090574126,28.175494017275867,9.73411411393486,25819.51334771665,20.793323031133617
3285.0,54.75,4.0,False,300.0,0.0,20000.0,0.0,35.054710638163556,-0.2085358412845562,41.04857884777827,41.05265280608992,1.1714432192083912,301.32578510636057,101324.64500247265,-0.3549975273490418,420.50060538684966,35.044509313760386,15181.90412094075,298.95840605342534,25.808406053425358,30.0,101325.0,220.40240957358117,28.175785106360593,9.734585920488996,25823.26789772525,20.829186073665173
3290.0,54.833333333333336,4.0,False,300.0,0.0,20000.0,0.0,35.05645997620809,-0.2055327609516462,41.047059499691365,41.05460659274278,1.1714422031032266,301.3260766627013,101324.65515334021,-0.34484665979107376,420.50007951880883,35.046207558500505,15181.890952217816,298.9588879195675,25.808887919567496,30.0,101325.0,220.40194276764794,28.176076662701348,9.735057655139029,25827.022239412476,20.86505433070485
3295.0,54.916666666666664,4.0,False,300.0,0.0,20000.0,0.0,35.058077361547134,-0.21003549246357392,41.054281006168196,41.0565541781362,1.171440978541307,301.3263462269245,101324.63987830127,-0.3601216987299267,420.4995604814645,35.04790674922465,15181.875081895338,298.9593697427018,25.809369742701847,30.0,101325.0,220.40144032223108,28.176346226924522,9.735529652562404,25830.779036576714,20.900927803813172
3300.0,55.0,4.0,False,300.0,0.0,20000.0,0.0,35.05976215661428,-0.21067948977339165,41.05700836328712,41.05850446914357,1.1714398613324863,301.32662702610236,101324.63766655175,-0.3623334482545033,420.49904805016416,35.04960504113327,15181.860602869023,298.95985152252587,25.80985152252589,30.0,101325.0,220.40096153787013,28.17662702610238,9.736001400314798,25834.534210522215,20.936806493568103
3305.0,55.083333333333336,4.0,False,300.0,0.0,20000.0,0.0,35.06154036466762,-0.20601321861705074,41.05355116220962,41.06045866391435,1.171438892678624,301.32692339411125,101324.65353921433,-0.34646078567311633,420.4985421188951,35.05130222373366,15181.848049114968,298.9603332590055,25.810333259005517,30.0,101325.0,220.4005141108446,28.17692339411127,9.736472839926016,25838.28729519074,20.972690397391514
3310.0,55.166666666666664,4.0,False,300.0,0.0,20000.0,0.0,35.06321202258414,-0.20739060621946984,41.057132048498644,41.06240782698299,1.171437755816294,301.327202003764,101324.64889090981,-0.35110909018840175,420.4980427351066,35.05300014713068,15181.83331537917,298.9608149524461,25.81081495244615,30.0,101325.0,220.40003846849237,28.177202003764023,9.736944485314078,25842.042381732634,21.008579515222713
3315.0,55.25,4.0,False,300.0,0.0,20000.0,0.0,35.06484155500209,-0.21111748243280332,41.06344879870635,41.06435479133972,1.1714365527876343,301.3274735925003,101324.63615843764,-0.3638415623572655,420.4975497689516,35.05469817688379,15181.817724127739,298.96129660274477,25.81129660274479,30.0,101325.0,220.39955374154349,28.17747359250035,9.737416160245496,25845.798067324264,21.04447384886789
3320.0,55.333333333333336,4.0,False,300.0,0.0,20000.0,0.0,35.06657851040984,-0.20876710880415805,41.06268774845707,41.06630626609102,1.1714355205009124,301.3277630850683,101324.6442146472,-0.3557853528036503,420.4970630346715,35.05639495081286,15181.804345691824,298.9617782096781,25.811778209678096,30.0,101325.0,220.39910440564626,28.177763085068307,9.737887486336906,25849.551338757192,21.08037339706656
3325.0,55.416666666666664,4.0,False,300.0,0.0,20000.0,0.0,35.06833628225024,-0.20517886212758682,41.06048482650005,41.06825841611807,1.1714345217713265,301.3280560470417,101324.65633987376,-0.3436601262365002,420.49658250664396,35.058091299903595,15181.79140215639,298.9622597733833,25.812259773383346,30.0,101325.0,220.39866463671967,28.178056047041707,9.738358694417666,25853.304033653174,21.116278157741846
3330.0,55.5,4.0,False,300.0,0.0,20000.0,0.0,35.06995609692683,-0.20945107618871842,41.06743578042722,41.07020409809343,1.1714333050695347,301.32832601615445,101324.64187956476,-0.3581204352376517,420.49610820856424,35.05978865408437,15181.77563370117,298.96274129409727,25.812741294097293,30.0,101325.0,220.3981871234085,28.17832601615447,9.738830181690103,25857.05931553024,21.152188132289886
3335.0,55.583333333333336,4.0,False,300.0,0.0,20000.0,0.0,35.07162650109569,-0.21080490324080522,41.07098770488622,41.07215173520824,1.171432169073732,301.32860441684926,101324.63723504302,-0.3627649569825735,420.4956399319861,35.06148526524124,15181.760911195566,298.9632227715332,25.81322277153322,30.0,101325.0,220.39772795104443,28.178604416849282,9.73930146256701,25860.813316905696,21.18810332161797
3340.0,55.666666666666664,4.0,False,300.0,0.0,20000.0,0.0,35.07339719254128,-0.2064697525460568,41.0679140263239,41.07410358263089,1.1714311925203928,301.3288995320902,101324.65200196966,-0.34799803033820353,420.49517756302123,35.0631807014272,15181.748255064293,298.9637042056208,25.81370420562081,30.0,101325.0,220.39730187363966,28.178899532090213,9.739772417063111,25864.565081434917,21.224023723283484
3345.0,55.75,4.0,False,300.0,0.0,20000.0,0.0,35.0750901480402,-0.2065264979062873,41.0699548223017,41.07605169148215,1.1714300934014228,301.32918169134,101324.65181065847,-0.3481893415300874,420.4947211413537,35.06487661778577,15181.734010482438,298.9641855966333,25.81418559663331,30.0,101325.0,220.3968558539219,28.179181691340034,9.740243504940493,25868.31827151481,21.259949336723032
3350.0,55.833333333333336,4.0,False,300.0,0.0,20000.0,0.0,35.07670991467637,-0.21071695643171465,41.076809365825454,41.07799621327021,1.171428878904881,301.32945165244604,101324.63753766753,-0.36246233247220516,420.4942705852353,35.066572929013226,15181.718270607258,298.96466694455813,25.814666944558155,30.0,101325.0,220.39639120149485,28.179451652446062,9.740714702503674,25872.072698660377,21.295880163785654
3355.0,55.916666666666664,4.0,False,300.0,0.0,20000.0,0.0,35.078426762288245,-0.20939930442201354,41.07724892298714,41.079944782893776,1.1714278187654352,301.3297377937147,101324.6420565821,-0.35794341789733153,420.4938257032803,35.06826807834206,15181.704531200041,298.96514824914,25.81514824914001,30.0,101325.0,220.3959585647995,28.179737793714708,9.741185577317239,25875.824917066308,21.331816203796574
3360.0,56.0,4.0,False,300.0,0.0,20000.0,0.0,35.08019801363173,-0.20494321133822438,41.074033227463595,41.08189552859209,1.171426845386971,301.33003300227193,101324.65712881736,-0.34287118264182936,420.4933864476494,35.06996249093219,15181.691916215144,298.9656295104494,25.815629510449412,30.0,101325.0,220.39554520093802,28.180033002271955,9.741656247481163,25879.575867233492,21.367757454341227
3365.0,56.083333333333336,4.0,False,300.0,0.0,20000.0,0.0,35.08183091791204,-0.208377895214588,41.08000672245729,41.083839796580165,1.171425653416939,301.3303051529853,101324.64554002274,-0.35445997725764755,420.4929528714819,35.07165792104898,15181.67646828353,298.96611072877636,25.81611072877638,30.0,101325.0,220.39509368787483,28.18030515298534,9.742127200291383,25883.32943271683,21.40370391635508
3370.0,56.166666666666664,4.0,False,300.0,0.0,20000.0,0.0,35.083478481295515,-0.21092258543478903,41.08494342999801,41.08578441131349,1.1714244852318068,301.33057974688256,101324.63682990166,-0.3631700983387418,420.49252479813407,35.07335293848092,15181.661328604216,298.96659190388675,25.816591903886774,30.0,101325.0,220.39464953444067,28.180579746882586,9.742598038466923,25887.082447338264,21.439655591271787
3375.0,56.25,4.0,False,300.0,0.0,20000.0,0.0,35.08523206594998,-0.2074652598963078,41.08288996668523,41.08773348928933,1.171423485569916,301.33087201099164,101324.64863808927,-0.35136191072524525,420.4921020933361,35.07504672343111,15181.64837298611,298.9670730356464,25.817073035646445,30.0,101325.0,220.39423990163385,28.180872010991664,9.743068534286419,25890.83309543792,21.475612477065383
3380.0,56.333333333333336,4.0,False,300.0,0.0,20000.0,0.0,35.086960470870395,-0.20538926447406558,41.082444922165394,41.08968118561537,1.1714224465972078,301.3311600784784,101324.6556346942,-0.34436530580569524,420.4916847720167,35.07674050892078,15181.634907899814,298.967554124259,25.817554124259004,30.0,101325.0,220.39382569484943,28.1811600784784,9.743539030255771,25894.58410698979,21.511574572344845
3385.0,56.416666666666664,4.0,False,300.0,0.0,20000.0,0.0,35.0885740972451,-0.2098483285718211,41.089610201088874,41.091623438027476,1.1714212263608805,301.3314290162075,101324.64051982854,-0.3594801714643836,420.4912728221305,35.07843507811626,15181.619093637011,298.96803516985483,25.818035169854852,30.0,101325.0,220.3933802005229,28.181429016207517,9.744009743921183,25898.33721664198,21.54754187881959
3390.0,56.5,4.0,False,300.0,0.0,20000.0,0.0,35.090259421705355,-0.2102051973415246,41.091997807434666,41.093568599846954,1.1714201202691394,301.33170990361754,101324.63929612254,-0.36070387746440247,420.4908660490856,35.080128716250414,15181.604758688049,298.96851617215276,25.818516172152783,30.0,101325.0,220.39295889535222,28.18170990361756,9.744480198958447,25902.088626520945,21.58351439676623
3395.0,56.583333333333336,4.0,False,300.0,0.0,20000.0,0.0,35.092031175521356,-0.20563549268544307,41.08864771085608,41.09551736385592,1.1714191516678085,301.3320051959202,101324.65480852366,-0.34519147634273395,420.4904643735734,35.08182131506571,15181.592205614797,298.9689971311357,25.818997131135745,30.0,101325.0,220.39256613001768,28.182005195920226,9.744950365296031,25905.83809622148,21.61949212365702
3400.0,56.666666666666664,4.0,False,300.0,0.0,20000.0,0.0,35.093702717762426,-0.20676006946612613,41.09192881857733,41.097461373733275,1.1714180248883561,301.3322837862937,101324.65102264224,-0.3489773577603046,420.4900678507255,35.0835145956117,15181.577602553094,298.9694780470879,25.819478047087898,30.0,101325.0,220.39214630586375,28.182283786293738,9.745420721003251,25909.58943814059,21.655475059444772
3405.0,56.75,4.0,False,300.0,0.0,20000.0,0.0,35.095325569348915,-0.21061615070924983,41.09839068238668,41.09940289185311,1.1714168215350385,301.33255426155813,101324.63788438417,-0.36211561583331786,420.48967637844595,35.08520804575434,15181.562007094099,298.96995891992657,25.81995891992659,30.0,101325.0,220.39171472257428,28.182554261558153,9.74589112382065,25913.341517972443,21.69146320594207
3410.0,56.833333333333336,4.0,False,300.0,0.0,20000.0,0.0,35.09704686992802,-0.20888806081600247,41.09834898702992,41.10134852876341,1.1714157747063703,301.332841144988,101324.64380226978,-0.35619773021608125,420.48928979236683,35.08690032714129,15181.548440194558,298.97043974943216,25.820439749432182,30.0,101325.0,220.39131514941462,28.182841144988004,9.74636120198369,25917.09137010393,21.727456562114348
3415.0,56.916666666666664,4.0,False,300.0,0.0,20000.0,0.0,35.09881117563759,-0.20466093057023788,41.095396681810726,41.10329583636475,1.1714147965799697,301.3331351959396,101324.65807268162,-0.341927318382659,420.4889080632842,35.088591979859565,15181.535763676407,298.97092053569446,25.820920535694484,30.0,101325.0,220.39093104801591,28.1831351959396,9.746831105516545,25920.840190731305,21.76345512569826
3420.0,57.0,4.0,False,300.0,0.0,20000.0,0.0,35.10043931713096,-0.20821243738530565,41.10150296440975,41.105236755847045,1.1714136033120424,301.33340655285514,101324.64610270137,-0.3538972986279987,420.48853124451693,35.09028462673349,15181.52029892407,298.9714012789818,25.821401278981796,30.0,101325.0,220.39050904372837,28.18340655285516,9.747301285203747,25924.591576281284,21.799458897758687
3425.0,57.083333333333336,4.0,False,300.0,0.0,20000.0,0.0,35.102085519456864,-0.21067907488456675,41.106345513659605,41.10717817830449,1.1714124392156273,301.33368091990945,101324.63766797882,-0.3623320211772807,420.4881591697473,35.091976832540446,15181.50521223453,298.97188197905916,25.821881979059185,30.0,101325.0,220.39009501465281,28.183680919909477,9.747771342372346,25928.342346088233,21.83546787964922
3430.0,57.166666666666664,4.0,False,300.0,0.0,20000.0,0.0,35.103834153127536,-0.2073410916408778,41.104427780762464,41.10912391017642,1.1714114379553522,301.33397235885457,101324.64905854463,-0.35094145537004806,420.48779171991225,35.09366784221487,15181.492235901364,298.97236263580317,25.822362635803188,30.0,101325.0,220.38971404606764,28.18397235885459,9.748241067281908,25932.09082604384,21.871482069352087
3435.0,57.25,4.0,False,300.0,0.0,20000.0,0.0,35.10556455706262,-0.20498797899634638,41.10365675613861,41.111068571675176,1.1714104083903756,301.3342607595104,101324.6569790079,-0.343020992106176,420.48742891213743,35.09535878903921,15181.478892739267,298.972843249401,25.822843249401046,30.0,101325.0,220.38933018559575,28.184260759510437,9.748710774733114,25935.839527921788,21.907501465431228
3440.0,57.333333333333336,4.0,False,300.0,0.0,20000.0,0.0,35.107177204581376,-0.20935370248365115,41.11071007717965,41.113007653424376,1.1714091928385195,301.3345295340969,101324.6422124674,-0.35778753260092344,420.4870707502225,35.09705054798205,15181.463139187214,298.9733238199984,25.82332381999845,30.0,101325.0,220.38891376891263,28.184529534096896,9.749180707772792,25939.590391719168,21.94352606954209
3445.0,57.416666666666664,4.0,False,300.0,0.0,20000.0,0.0,35.10885124125241,-0.2101904598162286,41.113653305516685,41.114949187088285,1.1714080750989426,301.3348085402087,101324.6393466988,-0.36065330120618455,420.48671705513163,35.09874147283433,15181.448653282296,298.9738043473254,25.82380434732545,30.0,101325.0,220.38851809618862,28.184808540208735,9.749650409120646,25943.33976757293,21.979555882152713
3450.0,57.5,4.0,False,300.0,0.0,20000.0,0.0,35.11061548762052,-0.2058919882625643,41.11061583196948,41.11689449444894,1.1714071008369864,301.33510258127006,101324.65394685036,-0.3460531496384647,420.4863677478772,35.100431323209804,15181.436026847345,298.9742848313431,25.824284831343107,30.0,101325.0,220.3881517174335,28.185102581270087,9.750119812002724,25947.08712186791,22.015590900825938
3455.0,57.583333333333336,4.0,False,300.0,0.0,20000.0,0.0,35.1123039467567,-0.20588691555196909,41.112578120469834,41.11883614398752,1.1714060070852472,301.3353839911261,101324.65396390208,-0.3460360979224788,420.4860228783997,35.10212163441225,15181.421851824804,298.9747652723052,25.82476527230523,30.0,101325.0,220.38776518418797,28.185383991126116,9.750589342892292,25950.835859061943,22.05163112511825
3460.0,57.666666666666664,4.0,False,300.0,0.0,20000.0,0.0,35.11391861428956,-0.2100635955327817,41.11941010219346,41.12077417691611,1.1714047969911747,301.33565310238157,101324.63978192516,-0.3602180748421233,420.48568238675887,35.103812347821474,15181.406169005624,298.97524567020366,25.825245670203685,30.0,101325.0,220.38735905724388,28.185653102381593,9.751058985505965,25954.585849442265,22.087676556860266
3465.0,57.75,4.0,False,300.0,0.0,20000.0,0.0,35.11561902988831,-0.20935621121631617,41.12055386387072,41.122715762025734,1.1714037233000374,301.33593650498136,101324.64220389245,-0.3577961075498024,420.4853461103678,35.10550200931261,15181.392253968485,298.97572602480005,25.825726024800076,30.0,101325.0,220.38698080272863,28.185936504981385,9.75152833592017,25958.333867579437,22.12372719555264
3470.0,57.833333333333336,4.0,False,300.0,0.0,20000.0,0.0,35.11738688240689,-0.20477385850237603,41.11718462247063,41.12466011091747,1.1714027570125851,301.3362311470678,101324.65769523979,-0.34230476021184586,420.48501400437635,35.107190814367904,15181.379730883102,298.97620633612723,25.826206336127257,30.0,101325.0,220.38662494117548,28.186231147067815,9.751997448435528,25962.080346499533,22.159783038756864
3475.0,57.916666666666664,4.0,False,300.0,0.0,20000.0,0.0,35.1190373811761,-0.20689186279243624,41.121618231659355,41.12659892272198,1.1714016053800582,301.336506230196,101324.65057760906,-0.3494223909365246,420.484686133806,35.108880450422944,15181.364805725556,298.9766866044642,25.826686604464214,30.0,101325.0,220.3862364291743,28.186506230196017,9.752466791784151,25965.829029652647,22.195844086934745
3480.0,58.0,4.0,False,300.0,0.0,20000.0,0.0,35.12066315493257,-0.21036886201352034,41.12763419581897,41.1285363184388,1.171400415134893,301.33677719248874,101324.63873421955,-0.36126578044786584,420.48436238234234,35.11057003825855,15181.349380148211,298.9771668296677,25.827166829667703,30.0,101325.0,220.38584281189802,28.186777192488762,9.752936121738486,25969.577966641693,22.23191034179328
3485.0,58.083333333333336,4.0,False,300.0,0.0,20000.0,0.0,35.12238534811547,-0.20837340234229595,41.127276707393335,41.13047775335455,1.171399378199998,301.3370642246859,101324.64555530772,-0.35444469227513764,420.4840426158992,35.11225848229208,15181.335941471974,298.9776470115582,25.827647011558213,30.0,101325.0,220.38548012719346,28.187064224685912,9.753405133970022,25973.32472617196,22.267981801996623
3490.0,58.166666666666664,4.0,False,300.0,0.0,20000.0,0.0,35.12414291469031,-0.2043066943819914,41.124506813880075,41.132420521161244,1.17139839787502,301.33735715244836,101324.65925530311,-0.34074469689221587,420.483726820538,35.1139463702338,15181.323236460259,298.9781271502334,25.8281271502334,30.0,101325.0,220.38513017462475,28.187357152448385,9.753873991731611,25977.070611881194,22.30405846542583
3495.0,58.25,4.0,False,300.0,0.0,20000.0,0.0,35.12576883923202,-0.20777532181069602,41.13051215712255,41.13435709525948,1.1713972095633212,301.337628139872,101324.6475870665,-0.35241293349827174,420.48341505222936,35.11563520848213,15181.30783594064,298.97860724594244,25.828607245942464,30.0,101325.0,220.38474320272226,28.187628139872004,9.75434311346726,25980.81896702368,22.340140333188955
3500.0,58.333333333333336,4.0,False,300.0,0.0,20000.0,0.0,35.12740920849683,-0.21036260547089944,41.135490794031824,41.13629401434741,1.1713960446918623,301.33790153474945,101324.63875570791,-0.3612442920857575,420.48310716276484,35.117323641952694,15181.292739206536,298.9790872984636,25.829087298463605,30.0,101325.0,220.38436267414298,28.18790153474947,9.754812122764639,25984.566784198723,22.376227406627304
3505.0,58.416666666666664,4.0,False,300.0,0.0,20000.0,0.0,35.12914743464114,-0.207397801304563,41.13400324998742,41.13823504515881,1.1713950354096703,301.33819123910683,101324.64886654705,-0.3511334529466694,420.4828030458089,35.1190109242452,15181.279658909327,298.9795673076749,25.82956730767495,30.0,101325.0,220.3840133954026,28.188191239106857,9.755280812290334,25988.312406140205,22.412319683842817
3510.0,58.5,4.0,False,300.0,0.0,20000.0,0.0,35.130885703388344,-0.20437278661047187,41.1324453291424,41.140175825592785,1.1713940267656697,301.3384809505647,101324.65903480892,-0.3409651910769753,420.48250271413394,35.120697976567904,15181.26658688308,298.9800472737289,25.83004727372895,30.0,101325.0,220.38366622094983,28.188480950564724,9.75574943793553,25992.057877426712,22.448417163206404
3515.0,58.583333333333336,4.0,False,300.0,0.0,20000.0,0.0,35.132499839686034,-0.20845305017429122,41.1391617976741,41.14211073828047,1.1713928220269387,301.338749973281,101324.64528429284,-0.35471570715890266,420.48220619823155,35.1223859021857,15181.250973469125,298.9805271968085,25.830527196808532,30.0,101325.0,220.3832841538587,28.188749973281006,9.756218306162694,25995.805647670175,22.484519846209945
3520.0,58.666666666666664,4.0,False,300.0,0.0,20000.0,0.0,35.134154806801234,-0.2101559299833845,41.14310929565779,41.1440471845426,1.1713916825300779,301.3390258011335,101324.63946518443,-0.36053481556882616,420.4819133405832,35.124073184194,15181.23620558981,298.9810070766653,25.831007076665344,30.0,101325.0,220.38291627890501,28.18902580113354,9.756686995609444,25999.55234891615,22.520627733707578
3525.0,58.75,4.0,False,300.0,0.0,20000.0,0.0,35.13590350585014,-0.20653202603555962,41.140853006452765,41.145987564621976,1.1713906920892545,301.339317250975,101324.65179201814,-0.34820798186410684,420.481624057602,35.12575935808003,15181.223369476738,298.98148691322376,25.831486913223785,30.0,101325.0,220.38257832084017,28.189317250975023,9.757155377244453,26003.29694914554,22.556740823497897
3530.0,58.833333333333336,4.0,False,300.0,0.0,20000.0,0.0,35.13762076901969,-0.204653227232409,41.14062878166653,41.14792627966661,1.1713896524162637,301.33960346150326,101324.65809842109,-0.3419015789113473,420.4813383823776,35.12744558976549,15181.209895314778,298.9819667066766,25.83196670667661,30.0,101325.0,220.38223299151232,28.189603461503282,9.757623774934858,26007.0420372807,22.592859114460694
3535.0,58.916666666666664,4.0,False,300.0,0.0,20000.0,0.0,35.1392305405102,-0.20891844831973422,41.14755947537389,41.14985986694162,1.1713884430076624,301.3398717567517,101324.64369862818,-0.356301371823065,420.48105631649713,35.129132537183864,15181.194221379305,298.98244645713373,25.832446457133756,30.0,101325.0,220.38185762057478,28.1898717567517,9.758092371439963,26010.78907484395,22.628982608288556
3540.0,59.0,4.0,False,300.0,0.0,20000.0,0.0,35.14089812261818,-0.20985157755589853,41.150609360631336,41.15179575458009,1.171387325741317,301.340149687103,101324.64050869712,-0.35949130287917797,420.48077770510145,35.13081868846158,15181.179741607468,298.98292616434725,25.83292616434727,30.0,101325.0,220.38150139588328,28.19014968710303,9.758560746794885,26014.53470366225,22.665111305356962
3545.0,59.083333333333336,4.0,False,300.0,0.0,20000.0,0.0,35.14265268396457,-0.20582825242482725,41.14788674676414,41.15373527901764,1.1713863468345016,301.3404421139941,101324.65416106534,-0.34583893466333393,420.48050248269186,35.13250379793953,15181.16705497514,298.9834058282778,25.83340582827782,30.0,101325.0,220.38117297825096,28.190442113994095,9.759028832760979,26018.278377456067,22.701245203329957
3550.0,59.166666666666664,4.0,False,300.0,0.0,20000.0,0.0,35.14435128524792,-0.20496444849308015,41.148843399488314,41.15567203337623,1.1713852798413442,301.34072521420796,101324.65705775391,-0.3429422460903879,420.480230696237,35.134189187481056,15181.153226743822,298.9838854491438,25.83388544914385,30.0,101325.0,220.38082978940815,28.190725214207987,9.759496996522516,26022.023032677782,22.73738430153144
3555.0,59.25,4.0,False,300.0,0.0,20000.0,0.0,35.1459604623866,-0.2092003570135137,41.15573878525216,41.157604467306136,1.171384071733166,301.34099341039774,101324.64273641327,-0.35726358673127834,420.47996232203275,35.1358751245523,15181.137569661832,298.98436502699093,25.83436502699095,30.0,101325.0,220.38046184031194,28.190993410397766,9.759965312375638,26025.769263874532,22.77352860173738
3560.0,59.333333333333336,4.0,False,300.0,0.0,20000.0,0.0,35.14763769373599,-0.20953199256411564,41.1580870099619,41.15953966584163,1.1713829719960995,301.341272948956,101324.64160280892,-0.35839719108480494,420.47969721302877,35.13756017445222,15181.12331706945,298.984844561584,25.83484456158402,30.0,101325.0,220.38011599143158,28.191272948955998,9.760433381792284,26029.513882981984,22.809678103922696
3565.0,59.416666666666664,4.0,False,300.0,0.0,20000.0,0.0,35.149394766163596,-0.20530016792156097,41.15512041743944,41.161478185538286,1.1713819993109782,301.3415657943606,101324.65593339634,-0.3440666036622133,420.4794353174825,35.13924425144828,15181.110711070278,298.9853240529098,25.83532405290981,30.0,101325.0,220.37979573015258,28.1915657943606,9.760901180957855,26033.256698902693,22.84583280571567
3570.0,59.5,4.0,False,300.0,0.0,20000.0,0.0,35.15107896862071,-0.20520773591242347,41.156974228834315,41.16341317104307,1.1713809117476706,301.3418464947701,101324.65624314385,-0.34375685614941176,420.4791766908821,35.14092876042201,15181.096616249812,298.9858035012007,25.8358035012007,30.0,101325.0,220.37945556963035,28.191846494770118,9.761369100117223,26037.000833792437,22.881992706780043
3575.0,59.583333333333336,4.0,False,300.0,0.0,20000.0,0.0,35.15268894000985,-0.20933741965359598,41.16374473804155,41.16534451662448,1.1713797071369596,301.34211482333495,101324.64226812027,-0.3577318797324551,420.4789212910336,35.142613676686615,15181.081004494996,298.986282906454,25.836282906454016,30.0,101325.0,220.37909507967686,28.192114823334975,9.76183713241295,26040.746233065714,22.918157808909804
3580.0,59.666666666666664,4.0,False,300.0,0.0,20000.0,0.0,35.154372479678614,-0.20925623153267114,41.165611026978205,41.16727887820163,1.1713786196335239,301.34239541327975,101324.64254554747,-0.3574544525326928,420.4786689797295,35.14429765764478,15181.066910450469,298.9867622684499,25.836762268449945,30.0,101325.0,220.3787582408693,28.19239541327977,9.762304904901328,26044.489912112243,22.954328111788403
3585.0,59.75,4.0,False,300.0,0.0,20000.0,0.0,35.15612993043612,-0.2049391849116483,41.1625440236323,41.16921629824025,1.171377649788067,301.34268832173933,101324.6571422897,-0.34285771030408796,420.47841971495853,35.145980722518345,15181.05434125335,298.98724158719244,25.837241587192466,30.0,101325.0,220.37844513475204,28.192688321739354,9.762772422921763,26048.23191308985,22.990503613055903
3590.0,59.833333333333336,4.0,False,300.0,0.0,20000.0,0.0,35.15780467902596,-0.20533412384662078,41.164964252157496,41.171149738207646,1.171376549485368,301.3429674465043,101324.65581957212,-0.3441804278845666,420.47817355679314,35.14766430683264,15181.04008133037,298.98772086291905,25.83772086291907,30.0,101325.0,220.37810911335893,28.192967446504326,9.763240085231288,26051.975427529,23.026684312597997
3595.0,59.916666666666664,4.0,False,300.0,0.0,20000.0,0.0,35.15941538581285,-0.2093634153547749,41.17161667928884,41.17307999523108,1.1713753482761466,301.34323589763545,101324.64217926784,-0.3578207321552327,420.47793045233277,35.14934820493141,15181.02451365886,298.9882000955973,25.8382000955973,30.0,101325.0,220.37775570855405,28.193235897635475,9.763707834703169,26055.719998428514,23.062870212199357
3600.0,60.0,4.0,False,300.0,0.0,20000.0,0.0,35.16114350933685,-0.20669086566911296,41.17046388140377,41.175015182372725,1.1713743336243785,301.3435239182228,101324.65125621264,-0.34874378735548817,420.47769024405017,35.15103071703141,15181.011363771946,298.98867928494843,25.838679284948455,30.0,101325.0,220.37743892006637,28.19352391822281,9.764175199175392,26059.461845567486,23.099061310702133
