sample,station_volume_m3,passenger_heat_W_per_person,passenger_co2_L_s_person,train_direct_heat_W,structure_outdoor_UA_W_K,structure_capacitance_J_K,base_airflow_m3_s,maximum_airflow_m3_s,leakage_coefficient,outdoor_temperature_C,scenario,maximum_air_temperature_C,mean_air_temperature_C,maximum_structure_temperature_C,maximum_co2_ppm,mean_co2_ppm,maximum_absolute_pressure_difference_Pa,mean_ventilation_airflow_m3_s,maximum_ventilation_airflow_m3_s,total_fan_energy_proxy_kWh,total_passenger_heat_kWh,total_train_heat_kWh,time_above_27_C_s,time_above_29_C_s,time_above_1000_ppm_s,time_above_1200_ppm_s,minimum_air_mass_kg,maximum_air_mass_kg,minimum_air_changes_per_hour,mean_air_changes_per_hour,maximum_air_changes_per_hour,solver_function_evaluations,solver_success,analysis_threshold_note
0,1.068259334929615,85.10285414390094,0.00380214328781471,388600.26695161255,3970.041979011345,924458643.643328,30.6960637233119,106.53830114235637,0.36477631779747954,34.92528609200469,baseline,34.17986937400161,32.41793247300715,26.632110893279332,600.0,443.481204256557,2.8535758132784395,65.82928697688573,75.59449339319879,182.1076125482802,11.971134816242065,77.05596545168336,3537.5,3387.5,0.0,0.0,15901.52089466754,16336.226722018984,6.500710283895621,17.117484913286283,19.656716024281877,11618,True,"27/29 °C and 1000/1200 ppm are illustrative experiment targets, not universal regulatory limits."
1,0.8635289925475682,77.3106553988941,0.00413936768592151,337217.1344744871,7329.953703566716,1619683713.921419,30.751218890118572,87.86406858738582,0.5661628598699662,33.56279440551867,baseline,33.02246036488407,31.394965378823592,26.12434340332618,600.0,442.68625246151146,0.813932427787222,59.809059001390764,68.66105043624094,134.94374507984304,10.875032192777772,70.6330738920427,3537.5,3372.5,0.0,0.0,12902.560911875195,13205.412713967231,8.041935481467814,19.23922374785945,22.086709507922286,35060,True,"27/29 °C and 1000/1200 ppm are illustrative experiment targets, not universal regulatory limits."
2,0.8566349248708917,99.40458195463256,0.003352331751601548,151062.52107993688,3957.8684265426605,1238541811.9897873,26.659640900676607,100.767796160883,0.4881587434173891,31.326865891452318,baseline,30.58846409285553,29.622303079935968,26.01552305682185,600.0,445.80855946920644,0.42311086297559086,45.21429523838411,50.9670821985858,57.95561587469112,13.982911194951651,47.36374721772392,3497.5,2757.5,0.0,0.0,12902.082223070865,13099.986017545663,8.106655755940702,14.66146906980195,16.52690361074674,77378,True,"27/29 °C and 1000/1200 ppm are illustrative experiment targets, not universal regulatory limits."
3,0.9572262329489397,92.37886356480476,0.004542666347771811,308356.8408437287,6682.262330683014,990830612.3334745,21.576599047653268,82.68420837500634,0.5676915953991195,32.798735450926436,baseline,32.171647587971734,30.616484405576795,26.35333347956032,600.0,452.04507705299415,0.6715761501691304,46.074336002134444,54.785952098416985,63.6762456935452,12.99462680811587,67.02553718819789,3497.5,3137.5,0.0,0.0,14342.415427679516,14638.26643438445,6.451408181362984,13.37032587148315,15.898352451598372,42422,True,"27/29 °C and 1000/1200 ppm are illustrative experiment targets, not universal regulatory limits."
4,0.8518038365834735,77.26521703370587,0.0033425671505757544,335723.0839788899,6136.283410191734,1717198647.1257706,28.88256137107862,82.59820151376188,0.22989448448721983,31.21561804337395,baseline,31.297279785464923,29.769915080600242,25.912953114817583,600.0,444.30072075913415,6.882534947159002,48.29719255082083,56.430262316317126,71.014091371084,10.868640529407958,70.44631758009305,3502.5,2727.5,0.0,0.0,12799.920996203227,13026.107184010776,8.152633442340589,15.749972286439386,18.402209748802356,10226,True,"27/29 °C and 1000/1200 ppm are illustrative experiment targets, not universal regulatory limits."
5,0.897843104813214,67.97305177873854,0.0039639480444136725,170862.07956599648,7767.486562638825,1813831746.7308207,21.083307188948183,110.46892826495392,0.3820182631746524,29.11191744526477,baseline,29.03788674697762,28.17523319104244,25.75688601614138,600.0,458.0026358370645,0.7434349092945922,31.098077171409045,36.15040565334361,19.024846773046146,9.561542616875888,49.83869202848136,3277.5,85.0,0.0,0.0,13592.130738352924,13730.157127058023,6.553047037014609,9.621229726582305,11.184336432856028,69062,True,"27/29 °C and 1000/1200 ppm are illustrative experiment targets, not universal regulatory limits."
6,0.8947316902183937,67.24637598712818,0.0043595793188034295,241528.02859165313,7449.517876213541,1569617422.902765,35.42405343347154,118.60818550102991,0.5315619344043984,33.77213989129657,baseline,32.7758150029772,31.545879989572494,26.16162470147401,600.0,441.5132117177977,1.0773345375491772,65.34090632832736,72.49399700123755,174.08640228453112,9.459323555522698,58.67193565668845,3542.5,3402.5,0.0,0.0,13379.521127582067,13682.576195550851,7.761482599045291,20.285692298926445,22.50643585041387,56798,True,"27/29 °C and 1000/1200 ppm are illustrative experiment targets, not universal regulatory limits."
7,1.1495565949251996,99.35938153925163,0.0034960674132811145,226296.50064474397,7721.408256471501,1229567656.5108156,26.01418821974657,88.14516557988628,0.25296983248851973,31.62965768929318,baseline,30.947888940385383,29.825450429826812,26.105747534418754,600.0,451.22657861644893,1.9097481720818905,45.780835086093816,52.42083757359049,61.06725998059006,13.97655300318806,56.76799466332481,3467.5,2822.5,0.0,0.0,17293.364012245824,17579.455241294498,6.040976560093862,11.062438066264617,12.666922041701909,10172,True,"27/29 °C and 1000/1200 ppm are illustrative experiment targets, not universal regulatory limits."
8,1.1793584327979452,78.12965576718462,0.005091541105927957,161217.0894446575,4787.392839474628,914152739.7171459,28.393259057061627,117.63565306100122,0.4262094950721126,33.227527716020475,baseline,31.90751940323952,30.850666194777208,26.413119181657066,600.0,451.48631078715056,1.231761562419706,54.228348707428395,60.6489900859195,101.23971762755609,10.990238244583969,48.633068263313994,3507.5,3242.5,0.0,0.0,17685.876524249376,18035.19624378628,5.888323898247997,12.772563266259057,14.284835909101025,27836,True,"27/29 °C and 1000/1200 ppm are illustrative experiment targets, not universal regulatory limits."
9,1.0294251835108956,94.54946986874504,0.003122705453151583,369901.5214217895,4592.488304426236,1795328305.495195,31.801599595148446,102.29218647368556,0.3110208215383593,28.550076294457316,baseline,29.59405231640244,28.252851747322747,25.739198073939463,600.0,448.3741183069876,8.0554831737536,42.19608624370787,49.203235306294594,46.907064309221404,13.299958761536802,74.71862226045549,3292.5,725.0,0.0,0.0,15556.326320065837,15742.36015667302,6.745943809884405,11.386097071883585,13.276890425631352,42194,True,"27/29 °C and 1000/1200 ppm are illustrative experiment targets, not universal regulatory limits."
10,0.8086327845910164,96.68978019301704,0.005566754758435509,364857.93733393797,3583.867503852743,988386884.3943865,22.549019049419275,105.00999194990834,0.411677857335344,28.376227439323653,baseline,29.76823681108607,28.17235339484571,25.898456273302656,600.0,460.6929770504226,4.8700481467094505,32.54396778438471,40.63859860405405,22.266642594944983,13.601029080484398,74.08817424947405,3087.5,755.0,0.0,0.0,12212.444255310758,12365.919090991849,7.755885013657352,11.179352635065554,13.959982611818837,126152,True,"27/29 °C and 1000/1200 ppm are illustrative experiment targets, not universal regulatory limits."
11,1.1390973922849776,72.84931791164257,0.005035306030828958,357380.4260534216,6691.554496485322,889726209.6766136,20.268312343879714,75.25139105064204,0.16034128785429527,29.005779902006612,baseline,29.714350621838435,28.38670611045129,26.01803843097599,600.0,467.4634651560068,26.002402412341326,31.554847129245097,38.65345473688557,20.53933514121802,10.247470719571055,73.1534853394095,3142.5,1105.0,0.0,0.0,17207.40354169104,17419.509149483878,4.950023532526711,7.6948954260149165,9.425946221075897,11390,True,"27/29 °C and 1000/1200 ppm are illustrative experiment targets, not universal regulatory limits."
12,1.0954876167136485,65.86924590080628,0.00582719959105529,314436.72888780106,7547.819771599278,1784161830.777124,21.171859647031585,96.45552529778135,0.17571856716045306,28.649737538902777,baseline,29.277066366236284,28.111849406333246,25.748074976178486,600.0,469.54934849261554,17.128633461426944,30.82583025456947,37.12380455940938,18.841010163487475,9.265607256713416,67.78552319370694,3032.5,480.0,0.0,0.0,16572.02820031083,16752.611929178718,5.3724184500214385,7.816364599315708,9.413313099882158,15146,True,"27/29 °C and 1000/1200 ppm are illustrative experiment targets, not universal regulatory limits."
13,1.038295728756275,73.15262020153222,0.0038576883982522014,259470.11403968648,5017.411713371785,1283912061.099568,20.621838180533715,101.05121720628108,0.5358923613113815,33.62961145382065,baseline,32.37074485815117,30.962915576075062,26.187077590515457,600.0,451.4146592437522,0.8851609371195082,47.18480925160751,55.41312317036674,68.69534341656437,10.290135241682199,60.91469633769261,3502.5,3197.5,0.0,0.0,15546.872483159039,15878.011897348886,5.7383996205198935,12.623466605684666,14.824807410532971,40568,True,"27/29 °C and 1000/1200 ppm are illustrative experiment targets, not universal regulatory limits."
14,1.0518927045601774,76.95412439659627,0.0038090702378006658,257889.939781869,5020.51847417265,1253903324.2021534,33.142958076985494,66.50637744190199,0.42719411913753236,29.909376842353765,baseline,29.947571999779427,28.916761943204786,25.93012916586656,600.0,448.04314671539726,1.3292235343105858,47.45649232352639,53.34837460438062,66.38013646021119,10.82488016512121,60.71717455546543,3447.5,2107.5,0.0,0.0,15876.556520781673,16085.942005894101,6.601856267601066,12.532037651377383,14.08793204993039,47432,True,"27/29 °C and 1000/1200 ppm are illustrative experiment targets, not universal regulatory limits."
15,0.8813498903443534,84.61137493557709,0.003526646592853637,281718.94846772635,3680.6960779039728,812409884.7233934,30.709235700227897,86.09865385099312,0.5478234344818008,31.394570869480148,baseline,31.251274477550965,29.92944864598343,26.307742833142186,600.0,444.001733938204,0.7313859099231195,51.05407125420993,58.373455582989536,83.4670603638668,11.902000074271177,63.69580064119759,3507.5,3027.5,0.0,0.0,13245.472397339236,13477.936638897305,7.8793275185308875,16.090869942653324,18.3977429970716,51566,True,"27/29 °C and 1000/1200 ppm are illustrative experiment targets, not universal regulatory limits."
16,1.033098577481534,99.76886848890688,0.0031014748609842144,311391.1557832004,6270.9251309198335,1363567542.0907688,19.695834678811636,109.51320225845893,0.2681543262615718,28.59847527424584,baseline,29.392936038916616,28.149841576765077,25.813962706353323,600.0,460.00048030537937,7.869322886588634,29.590350749297798,36.298676557013074,16.85467490570132,14.034154167439565,67.40482655563184,2987.5,600.0,0.0,0.0,15621.974909175546,15798.535089839037,5.300555617201828,7.956202877408244,9.759926041967313,36956,True,"27/29 °C and 1000/1200 ppm are illustrative experiment targets, not universal regulatory limits."
17,0.8955741380669847,67.62058492841186,0.004488999259467555,270989.49078043376,7141.028504857175,1633754619.045908,25.556169004236974,76.14122378409296,0.52590031036212,34.2058642249506,baseline,33.04215231052086,31.590364063629135,26.142352432642383,600.0,445.99463667916916,1.0955637080478482,55.8139481204158,64.10453435141066,110.95584953836068,9.511962279929934,62.35461843028602,3532.5,3352.5,0.0,0.0,13380.463631707842,13695.459227419668,7.754181534801123,17.311659435987043,19.883127862589312,45800,True,"27/29 °C and 1000/1200 ppm are illustrative experiment targets, not universal regulatory limits."
18,0.9906100057691475,67.43041630127811,0.00428499576690539,301410.98984577286,3159.296537349731,855980718.4159101,32.62420150223075,73.77825299290342,0.39566538968938325,31.339457558327272,baseline,31.17724944999577,29.892399707706794,26.252613736522903,600.0,446.5813750895161,1.6987489748134976,52.73284434967518,59.87675742782315,91.8011828447755,9.485211893046454,66.15730581345342,3502.5,2997.5,0.0,0.0,14891.202180330003,15148.783743988133,7.0102708472569,14.78686085749855,16.79009148098167,23018,True,"27/29 °C and 1000/1200 ppm are illustrative experiment targets, not universal regulatory limits."
19,0.8273070990598304,67.49004360700074,0.004279373722524434,184006.3328015504,5331.873605146692,1834431199.2097428,16.17570223076171,81.72583585800335,0.5728239364611918,34.97294331385497,baseline,33.04399788771309,31.622756293339677,26.05678968757678,600.0,450.20392420166894,1.0798389677947853,46.696816756279006,54.96459722488878,67.22640083038647,9.493599467384772,51.481723682925605,3527.5,3297.5,0.0,0.0,12360.382270283317,12651.493787196983,6.096337848336611,15.678987890465569,18.454989315250693,51920,True,"27/29 °C and 1000/1200 ppm are illustrative experiment targets, not universal regulatory limits."
20,1.163444338342467,80.5626805970031,0.0059301481815716,355713.64284601744,5561.352951471347,1929740375.3846128,29.205955548707863,88.79288105501567,0.28030715101461245,30.21100879422087,baseline,30.432593737842524,29.115602187663125,25.806765704562167,600.0,457.68775838528256,6.972517191665247,44.7343216786142,51.93568273605716,56.49398614818023,11.332483737311769,72.94513743848398,3427.5,2562.5,0.0,0.0,17532.824718331085,17791.83187841198,5.968866937234004,10.680528545082828,12.399887181837059,14624,True,"27/29 °C and 1000/1200 ppm are illustrative experiment targets, not universal regulatory limits."
21,0.925152287882264,76.01304089829125,0.0047137166580821545,303983.05058995495,3444.1816922034245,1295245269.962798,34.64395796750395,70.36648578970126,0.350927841714303,35.05660017465933,baseline,34.00219764895161,32.493324427299925,26.321869157843253,600.0,442.09333552604295,3.5942199425044237,67.29906498812475,70.36648578970122,189.31981846208532,10.692501086359636,66.47881340647618,3547.5,3432.5,0.0,0.0,13779.200477088267,14147.779507337542,7.506271708348413,20.206602700746483,21.127598459965395,18254,True,"27/29 °C and 1000/1200 ppm are illustrative experiment targets, not universal regulatory limits."
22,0.9362698209773669,69.31390791786507,0.0038900998709473942,235303.22830311314,7904.585828651977,1646134880.1674333,27.072334539223746,73.00279084328014,0.32401089086268964,29.07447764282611,baseline,29.306033746834203,28.324064538581272,25.794573257408274,600.0,452.1560579908474,2.3117612245259807,37.919961670069625,43.50228203588074,34.06596711851018,9.750156380446352,57.89383562062095,3352.5,665.0,0.0,0.0,14161.350301658604,14317.793038034299,7.417140111592166,11.250306749324434,12.906500841365053,43886,True,"27/29 °C and 1000/1200 ppm are illustrative experiment targets, not universal regulatory limits."
23,0.8862657895003634,81.98187762950866,0.005212062980066875,191033.03671704864,7733.5277500986385,1313295643.8707943,15.534542431766923,114.99583729852657,0.549419360630166,32.1800039789931,baseline,31.071909887681727,29.81263076557296,26.07948902038737,600.0,461.2845590593344,0.4207346412149491,35.303421623857275,42.62293864602441,29.291617626300052,11.532117453217552,52.36006167236288,3457.5,2707.5,0.0,0.0,13327.148566246022,13553.112432386115,5.183928408339021,11.064971843441553,13.359090827736805,74336,True,"27/29 °C and 1000/1200 ppm are illustrative experiment targets, not universal regulatory limits."
24,1.139249805051465,74.64564888982355,0.0037950683531308895,394829.269302282,7798.224833892457,1733251051.0356421,33.84694428099034,101.54094749474734,0.24329455540639305,32.68404144982676,baseline,32.386883418663956,30.830420250390567,26.0343562748684,600.0,445.3245667210894,6.933374600324896,59.521774310903766,68.0529221771763,132.97635528890575,10.500154610501847,77.83459074551705,3512.5,3262.5,0.0,0.0,17058.34396677114,17421.839903287993,6.095629258528364,14.512906760362679,16.59301534206198,7238,True,"27/29 °C and 1000/1200 ppm are illustrative experiment targets, not universal regulatory limits."
25,0.9440971486247499,83.90892779575805,0.0034791835826653086,266868.6910830493,5591.668244579285,986904962.2027743,27.039938180851095,75.84882420444416,0.4984123656946059,28.900908047598755,baseline,29.42099517012008,28.320267979747538,25.946707431155346,600.0,451.1381974625456,1.4441176135733258,37.86702329753989,43.933594050541686,34.061339023828914,11.803189176603299,61.83951846811296,3327.5,735.0,0.0,0.0,14274.384656605851,14437.491499722537,7.355646031301225,11.141456785429611,12.926398668746641,126008,True,"27/29 °C and 1000/1200 ppm are illustrative experiment targets, not universal regulatory limits."
26,1.0206871030268252,72.34298400453247,0.0030480362940300382,377654.7533382672,4454.598256625595,1638258229.604187,20.505078174596143,83.58968238622118,0.371664404470641,33.398079771181635,baseline,32.69381212103508,30.92976217616368,26.030865682730507,600.0,449.31347727694384,2.7192335191357415,46.87314599795296,56.571500132050026,67.84695985778214,10.176246416637566,75.6877762500152,3497.5,3172.5,0.0,0.0,15267.239761046843,15608.734117343882,5.80356756648961,12.756424857483985,15.395810866656088,15530,True,"27/29 °C and 1000/1200 ppm are illustrative experiment targets, not universal regulatory limits."
27,0.8339127962736044,88.36245236278504,0.0042277232889408566,215496.11603869498,4301.854531129906,1969951354.1397047,19.318484441230673,104.60718965290938,0.5176235571620087,30.319445102435537,baseline,30.021239080577686,28.88434353688356,25.77513275454288,599.9999999999999,456.4514290241688,0.5600501532317139,33.55084128827635,40.0921087403571,24.345965069519593,12.429651632365093,55.41794658756867,3417.5,2072.5,0.0,0.0,12583.364596063371,12752.510613179911,6.581974371437376,11.175842578837898,13.354749947580249,85736,True,"27/29 °C and 1000/1200 ppm are illustrative experiment targets, not universal regulatory limits."
28,0.9476123346768184,84.438149961994,0.004096241037495111,315363.94157754787,6593.794165578114,859760537.941862,17.14372620350446,80.85760097781096,0.5186910012965678,34.160493650804476,baseline,33.123347867288714,31.36931477633946,26.6205633365185,600.0,452.331297307411,0.9806478594109649,46.144977183830406,56.03395653343034,65.92619463879907,11.877633094653822,67.90142477992528,3507.5,3212.5,0.0,0.0,14154.230030835117,14491.247057421877,5.438580778358837,13.526680424756442,16.42548050122341,30950,True,"27/29 °C and 1000/1200 ppm are illustrative experiment targets, not universal regulatory limits."
29,0.8177186087258275,77.0050082684812,0.004759861163496944,173295.508632884,6192.239239010269,1143921890.290666,33.09943800432356,81.04836707815826,0.4674664162126807,35.8252250530341,baseline,34.20754174491668,33.02136122094609,26.57293270168867,600.0,440.301455404073,2.358580835396424,71.80687703826767,78.93453977192932,232.1220094805455,10.832037829766357,50.1428706618423,3557.5,3462.5,0.0,0.0,12170.800372246578,12504.862958056156,8.492462285119457,24.39268780238794,26.81394408025486,22454,True,"27/29 °C and 1000/1200 ppm are illustrative experiment targets, not universal regulatory limits."
30,0.8699021498284918,98.4078378999503,0.004405116850660454,312292.793288479,3361.0492629930145,1076040123.6588755,37.888498967210204,90.54852049375171,0.41902567120685497,31.80001361220739,baseline,31.76519924211243,30.351908068618247,26.173928393472067,600.0,442.07933803641316,1.5007583488768432,60.6896380516007,68.37977564592025,138.85490902655417,13.842702531259675,67.51753124379168,3527.5,3282.5,0.0,0.0,13051.440278797052,13302.87345114217,7.983017912777429,19.37945870743628,21.835078954123322,25058,True,"27/29 °C and 1000/1200 ppm are illustrative experiment targets, not universal regulatory limits."
31,1.0860381274946795,71.08124579497337,0.004817186165674571,394244.7516320679,6206.2465615540095,1600575265.46049,15.261649804262735,118.97958388713164,0.4037803389318184,31.497567218382862,baseline,31.300584721094822,29.586153858157477,25.93127675489052,600.0,466.3273834581707,4.4187381271476625,33.689944958780465,43.037728433567224,26.382028738798233,9.998761908492922,77.76152603674029,3387.5,2677.5,0.0,0.0,16319.319322608188,16608.106757783684,4.025480001502206,8.616933243120906,11.007831366342478,25982,True,"27/29 °C and 1000/1200 ppm are illustrative experiment targets, not universal regulatory limits."
32,1.1344848676473092,73.09635157630524,0.005273069185536643,360495.598154546,3414.306117493877,1481080668.7785594,36.23348105461485,98.18635574186335,0.23739962205346782,28.940258664743045,baseline,29.672497151989546,28.453328180123748,25.80120070477375,600.0,452.3893255038221,11.635904310605838,47.7759126002515,54.28534199074975,67.5658963744631,10.282220121733603,73.54288185205006,3372.5,1055.0,0.0,0.0,17139.92233021803,17348.972674137454,6.121231443876206,11.697896738741635,13.291725693414026,17792,True,"27/29 °C and 1000/1200 ppm are illustrative experiment targets, not universal regulatory limits."
33,0.9486463255810619,74.29684801305956,0.005538253077354883,179494.8128458569,6402.590541123753,1364131265.6910448,24.68269208813087,115.77796490916919,0.3706357087262341,28.845474628419872,baseline,28.94439588644383,28.11378239655662,25.814727882789953,600.0,460.8938534663092,0.9511599719407968,34.305514964242626,39.19617813297888,25.24764001358664,10.451089953837045,50.91778368846391,3272.5,0.0,0.0,0.0,14365.659325149882,14507.059238310838,7.229834970294025,10.04516589093702,11.477224931527376,66410,True,"27/29 °C and 1000/1200 ppm are illustrative experiment targets, not universal regulatory limits."
34,1.0994203129064681,92.72292914060874,0.004953819568305444,364454.22202165006,3454.775611960318,872623001.5136119,28.575340336019465,107.23625874546994,0.47901909229807627,29.124708994226165,baseline,29.90930324859761,28.57354203111378,26.016777747983554,600.0,456.3853715898478,3.1992326116451295,40.894644296452576,48.032527617497834,43.16624110495302,13.043025365778961,74.03770983543805,3342.5,1397.5,0.0,0.0,16596.222632139354,16812.75221022663,6.316460013446409,10.332375418506276,12.135821601627416,82148,True,"27/29 °C and 1000/1200 ppm are illustrative experiment targets, not universal regulatory limits."
35,1.0854050719046695,60.99876946470614,0.0037372325435940093,158133.02981103768,6103.072661831871,1591586068.0747483,36.68814343050401,112.16277185165976,0.32251005338663163,28.779011368946982,baseline,28.788962494885027,28.12005199939771,25.769247150965327,600.0,448.00174632105035,0.7593715107941534,46.24716430898725,50.31024934141903,60.573008702623056,8.580493571368665,48.24756080911151,3367.5,0.0,0.0,0.0,16445.097936836723,16598.425831712742,6.398021000821683,11.835613139094056,12.875441273718968,41018,True,"27/29 °C and 1000/1200 ppm are illustrative experiment targets, not universal regulatory limits."
36,0.998579315380129,75.5172366266685,0.0034548058680585196,215672.57545283792,5608.267012697458,1798755116.911919,19.810435483950254,117.50401459121004,0.19982674111511836,28.463296737577593,baseline,28.806493967403924,27.898989213736474,25.71644542511666,600.0,461.40367479274215,6.000772784856963,28.21587118658857,33.465147319272006,14.347765017183017,10.62275795215137,55.440004014336544,2862.5,0.0,0.0,0.0,15128.736742309677,15270.65344768844,5.514306111394811,7.848892797555105,9.309099549908737,23714,True,"27/29 °C and 1000/1200 ppm are illustrative experiment targets, not universal regulatory limits."
37,1.1160293776435632,94.94982813253517,0.004835793081455441,305240.77913153433,6820.834920122217,1735195630.1499577,18.71112668329688,65.82270935447113,0.19582286478797797,34.26177549384076,baseline,32.957300644206384,31.332386481272277,26.082063929421338,600.0,455.97126511064215,7.4631255803542444,47.48505631339679,56.87455459741232,71.44607455310474,13.356275823976615,66.6360294741736,3497.5,3192.5,0.0,0.0,16678.62839493594,17066.7443246075,4.914517375323839,11.818948214641624,14.15597806352352,5876,True,"27/29 °C and 1000/1200 ppm are illustrative experiment targets, not universal regulatory limits."
38,1.0160280610267138,85.7846427393504,0.0040639876397206495,157703.25104003944,3099.006325988151,880616621.7203076,21.839418107742006,73.84982967340848,0.23593318373598315,29.4231844818079,baseline,29.242193312034942,28.383150642414545,25.982469935276924,600.0,459.09432512521937,1.4135872323968215,33.081815305487694,38.17103739609059,22.94621480112379,12.06703974533529,48.19383846273673,3312.5,845.0,0.0,0.0,15370.883692463764,15537.486280856456,5.994916440175075,9.044428488645488,10.435800299298739,24248,True,"27/29 °C and 1000/1200 ppm are illustrative experiment targets, not universal regulatory limits."
39,1.0028379112110632,88.10041812936966,0.0036219062915337835,244686.09669646513,6646.5414228547,1015824519.3687173,19.493853176432744,84.83787032975863,0.5504652151138739,31.940973328379084,baseline,31.185678995403862,29.89373815757816,26.219594051160925,600.0,454.2001942252395,0.4407294398843078,39.7142345867926,47.23073736561414,40.99178216573379,12.392792150197998,59.06669416978995,3462.5,2722.5,0.0,0.0,15074.46214041021,15335.777509549476,5.576483178479034,11.000513349502604,13.08252223171578,49832,True,"27/29 °C and 1000/1200 ppm are illustrative experiment targets, not universal regulatory limits."
40,0.8542413021436335,86.2508935804398,0.0030613877009810137,384132.0296535668,4013.3192402227583,908174584.2014818,31.67271652356542,72.68722939562632,0.5840674684094154,30.15789111546387,baseline,30.910892652597852,29.26925473622842,26.121294914402824,600.0,443.2321990482254,2.064955720459693,48.09039310675946,56.597484993271195,69.85821258590515,12.132625696981863,76.49743578942766,3477.5,2592.5,0.0,0.0,12852.550248626994,13063.381831388895,8.129370971665796,15.637785829523487,18.404078062943576,91796,True,"27/29 °C and 1000/1200 ppm are illustrative experiment targets, not universal regulatory limits."
41,1.0269601984553722,61.35875196160182,0.0050102362966965835,286353.32797123323,5031.429310711129,1642652567.0046992,20.074785946062214,91.71004309566138,0.20371980167475345,31.417457160960286,baseline,30.86378262240612,29.5458474458695,25.90187114915301,600.0,459.5358216101157,5.975474275270244,38.22588635210851,45.700838975274074,36.40719270959184,8.631131109265324,64.27509807913596,3442.5,2687.5,0.0,0.0,15453.558103002222,15704.664670739285,5.556382085930631,10.339545564127349,12.361411388898487,8360,True,"27/29 °C and 1000/1200 ppm are illustrative experiment targets, not universal regulatory limits."
42,1.1504752212225524,97.04326356382231,0.004469478141237138,188093.1683635281,7492.035820037622,1653377495.646778,27.54872187834929,100.62501254347552,0.5850133176776031,35.373670822240385,baseline,33.62013816742092,32.343189097225064,26.2219827709103,600.0,447.3119261741858,1.2506442861631513,62.264436826105545,69.94526632113654,154.66352104541443,13.650752407977672,51.99257812817282,3532.5,3362.5,0.0,0.0,17156.383616717176,17593.50322288069,6.036152988210325,15.033506656285198,16.888013132619815,34814,True,"27/29 °C and 1000/1200 ppm are illustrative experiment targets, not universal regulatory limits."
43,0.946747414859099,96.5674181609632,0.004019123974496747,373658.30782655487,7586.095234424256,1045354032.1518633,31.519368997444843,77.590997993915,0.4717543821518756,31.08692508876965,baseline,31.41293074102242,29.83362599592911,26.189752468432346,600.0,446.05613563168197,2.508898962129024,51.29049965790908,59.69973383130889,84.957264210575,13.583816821308822,75.18822056105117,3497.5,2777.5,0.0,0.0,14220.915630450392,14478.020375682128,7.335055090145624,15.048745623674336,17.51603346078725,34892,True,"27/29 °C and 1000/1200 ppm are illustrative experiment targets, not universal regulatory limits."
44,0.9842005672940212,74.77389000676192,0.003030199840618451,303059.98601781164,4068.732086463221,1121673785.252944,26.931640735981848,91.35503746637053,0.5046740379011462,29.56464527598188,baseline,29.92948637602325,28.70115326584399,25.935833750327674,600.0,449.4664964529012,1.6828762188379187,40.01661999152513,46.713972179777834,40.41130038277213,10.518193860951177,66.36343033495827,3397.5,1592.5,0.0,0.0,14855.776875517397,15050.768181037409,7.055924041516889,11.294169242337901,13.184409575121819,85964,True,"27/29 °C and 1000/1200 ppm are illustrative experiment targets, not universal regulatory limits."
45,0.8941879649399371,97.28804243516149,0.005102606235451388,323304.02105254657,5984.966205316766,978368687.2137182,31.135996561951366,80.75951979000155,0.5295576970551562,34.81774871818921,baseline,34.019686511366274,32.37307359513729,26.625908427118418,600.0,443.53107837493457,1.4327334571426036,66.00333122109873,75.15468339603706,181.9576248286882,13.685184635879382,68.89393471430012,3547.5,3417.5,0.0,0.0,13317.267861544802,13674.261342468904,7.7662020925442725,20.503808361767586,23.346658378192213,30830,True,"27/29 °C and 1000/1200 ppm are illustrative experiment targets, not universal regulatory limits."
46,0.9821153893301126,73.8204662282322,0.003543755822078595,184734.9487361619,5230.252189114239,1832872631.768938,34.795752980674465,60.97535461453762,0.3123208196079326,28.32773881677305,baseline,28.633106489228737,27.90056175357112,25.709081954988164,600.0,447.5633751370577,1.5692897278204327,43.07192108863174,47.445779230653685,48.988229763214385,10.384078916104663,51.57280067475204,3277.5,0.0,0.0,0.0,14887.833461291779,15018.880849131796,7.070904824311077,12.18229818471809,13.419383570209098,51908,True,"27/29 °C and 1000/1200 ppm are illustrative experiment targets, not universal regulatory limits."
47,0.8711490703708349,74.8626420906983,0.004160121441392801,255376.94137511257,3101.8580630758897,1356310409.235392,32.91275497617689,62.074180797162654,0.3873207430569142,33.479326827552974,baseline,32.58231242547157,31.275413942140787,26.14406342484631,599.9999999999999,442.40531083102866,1.80405992269516,59.20870849544446,62.07418079302574,128.5739940613996,10.530678320758227,60.403049754620874,3537.5,3377.5,0.0,0.0,13035.134636559076,13321.941832777611,7.971591407987499,18.879505276812864,19.793200250701865,25202,True,"27/29 °C and 1000/1200 ppm are illustrative experiment targets, not universal regulatory limits."
48,0.9720585507221704,83.4998671964401,0.005647181858436216,154705.24502176538,3917.754539170759,1607630864.243847,37.54057490693031,79.49550109859635,0.4914683982591682,33.29907372989585,baseline,32.109398401636895,31.15178388395561,26.049088683581715,600.0,444.75798295967866,1.1311004846502328,65.09823341810073,70.92239352980829,171.3253599975089,11.745647985632573,47.81908771045248,3537.5,3377.5,0.0,0.0,14567.528443287794,14865.087860637177,7.144059829817058,18.602626974172313,20.266952906031225,36170,True,"27/29 °C and 1000/1200 ppm are illustrative experiment targets, not universal regulatory limits."
49,1.117839453960732,78.7930801914357,0.005107586842305303,231852.8542577035,7637.508449280023,1052235520.7242596,20.403636042981905,106.28321794460979,0.39912571375599865,35.46423878028375,baseline,33.70891844979883,32.20668433719502,26.59479954861888,600.0,452.9503262242807,2.3746762110095005,54.356422823157864,63.25876699666657,106.07102699136391,11.083559946928624,57.46253886494474,3517.5,3302.5,0.0,0.0,16664.773183549263,17094.42469784138,5.331251092459154,13.507312061913034,15.71950216914919,27446,True,"27/29 °C and 1000/1200 ppm are illustrative experiment targets, not universal regulatory limits."
50,0.9421112650819173,77.44212952116072,0.0035984728692040483,248565.65362823734,5885.302909812931,1448906740.5033746,20.152772119026082,99.05967793765993,0.2933354699388114,31.234906818824992,baseline,30.695150318156777,29.45386657831571,25.95308944081745,600.0,453.68533139208813,2.0137283058429603,37.75756158316766,44.89643308120518,34.87420954391584,10.89352621930994,59.55163878626147,3452.5,2687.5,0.0,0.0,14184.483389956042,14407.122615746086,6.092039839657081,11.132667594169938,13.237535600809846,17510,True,"27/29 °C and 1000/1200 ppm are illustrative experiment targets, not universal regulatory limits."
51,1.0489299434193518,97.96188580953164,0.0054255855681084025,168924.13131454642,4589.491708200524,898655204.033701,38.99626419224181,105.47240174902248,0.267194433234768,29.405365810135166,baseline,29.38772131859872,28.6245705845934,26.028105794949738,600.0,449.3876700096331,1.1902487112820381,51.52776522003449,56.1827620971972,83.9862738015058,13.77997193720745,49.596448497050105,3442.5,1312.5,0.0,0.0,15861.015213016979,16040.634339359267,6.62050357892026,13.64559016212005,14.878327101524784,26000,True,"27/29 °C and 1000/1200 ppm are illustrative experiment targets, not universal regulatory limits."
52,0.9535416361129299,70.0543059139827,0.0037879604522191223,334438.912846053,3211.3681218876595,828866256.4583423,19.76761517002641,95.6726230549292,0.29744360785801816,33.81382720482113,baseline,32.96196095057735,31.231778262518564,26.52317468770019,600.0,449.855850472434,2.644575079975766,47.932403964217436,57.56255473164838,72.63902090583534,9.8543056985669,70.28579618848843,3512.5,3227.5,0.0,0.0,14250.388358394692,14581.920182754215,6.06997450792032,13.963267205618063,16.768642218655373,11354,True,"27/29 °C and 1000/1200 ppm are illustrative experiment targets, not universal regulatory limits."
53,0.9112206758103841,96.32587742853556,0.004725941394151928,320652.12722884654,7748.32576717919,1640926304.9421444,37.919260561454365,111.93589112376593,0.22440668012082765,29.474166783853835,baseline,30.09750091545817,28.807723764876098,25.841092328259037,600.0,446.01689122062857,9.247726721907384,51.54806867064732,58.40588955508719,84.6393911311191,13.549840091614003,68.56244798633763,3462.5,1642.5,0.0,0.0,13747.240175840143,13934.732014123321,7.621034760068936,15.713984926136952,17.804532579682668,16070,True,"27/29 °C and 1000/1200 ppm are illustrative experiment targets, not universal regulatory limits."
54,1.0894207319155553,86.93737675194592,0.004587227590393508,197401.29180102499,4145.166740448694,1562356680.9152083,34.37846968070643,114.04619876792822,0.38592346604909394,31.13028361252716,baseline,30.561715763866857,29.62432139420058,25.914263300346022,600.0,448.21369822661495,0.7546505942009389,52.88434330233709,58.503920076082366,91.87200627455555,12.229190996440392,53.156093557859926,3492.5,2867.5,0.0,0.0,16409.589424855432,16659.834826917733,6.374437571271346,13.48431779513719,14.917183447985417,25448,True,"27/29 °C and 1000/1200 ppm are illustrative experiment targets, not universal regulatory limits."
55,0.8347898853780605,79.67183518834909,0.00504110142637342,284813.9110965959,5890.228993292227,831810118.2980196,36.36210572498681,115.47918156548101,0.46309868772705487,34.73866937149702,baseline,33.93715562368703,32.44619770095174,26.812169774326662,600.0,440.71631429494875,1.8344786786765326,71.62256968628101,80.00027548345878,229.81163248862458,11.207171483161106,64.0826709698063,3552.5,3447.5,0.0,0.0,12435.975266242396,12765.923392265759,8.318793226992009,23.832533904239902,26.620229993971666,37868,True,"27/29 °C and 1000/1200 ppm are illustrative experiment targets, not universal regulatory limits."
56,0.8244229644343997,64.74500113198113,0.004957474578280977,243481.83390962938,4840.789789596266,1759995306.6620376,35.10862243503838,118.0168416338179,0.5591631916677119,29.571311263244567,baseline,29.772801295601937,28.715663127207357,25.79095361198881,600.0,446.9105628044551,0.6973226672271267,48.2103023120933,54.0595893575344,69.11617460159074,9.107463492565346,58.916161321435474,3467.5,1477.5,0.0,0.0,12450.417317824873,12607.388507142525,8.423400055587635,16.243786527023335,18.214621919972,117278,True,"27/29 °C and 1000/1200 ppm are illustrative experiment targets, not universal regulatory limits."
57,0.896283690791956,63.214761976632204,0.003530091488593371,294677.52046385617,3025.1398075670177,1597556243.6327763,15.768428528846405,106.87252586668113,0.2753117588549109,32.712361129598605,baseline,31.793589092426657,30.219261868430717,25.954644847417626,600.0,454.3386178928515,2.825311905675335,37.950647499356435,46.787034872560646,36.71540705444732,8.892209851379596,65.31562214071383,3477.5,2882.5,0.0,0.0,13446.027822323575,13706.309976678152,5.243521609686429,11.761729724529784,14.500318045760352,12530,True,"27/29 °C and 1000/1200 ppm are illustrative experiment targets, not universal regulatory limits."
58,1.154535143303697,64.18614647793416,0.004128456214763791,326054.20320939616,3270.424374131129,1855128597.799264,33.86249329310925,68.64327954069988,0.4831418613271151,35.30871464846386,baseline,33.98871842970476,32.511751680893695,26.083592479704464,600.0,444.19292188145045,1.9725189178570872,65.51183071169716,68.64327954069982,175.25342911384155,9.028851271229405,69.23770748390633,3537.5,3402.5,0.0,0.0,17196.350593884657,17655.589090443624,6.01492686014992,15.761954808215268,16.515372235125394,22730,True,"27/29 °C and 1000/1200 ppm are illustrative experiment targets, not universal regulatory limits."
59,0.9891828643747642,75.41959731187873,0.0035006651426743064,343577.6098164567,4791.513072007075,1474012288.9035454,28.46789237859221,96.90050728951104,0.2712048662978095,28.181753775649636,baseline,29.255451437723593,27.99327745083007,25.762028812815117,600.0,451.9856995577284,9.450127431438887,37.35542558123676,43.93334426431822,32.681541336916,10.609023355204277,71.42813330978889,3062.5,275.0,0.0,0.0,14965.045469359195,15126.959356762385,7.020384900049638,10.4899786274177,12.33715946727608,40910,True,"27/29 °C and 1000/1200 ppm are illustrative experiment targets, not universal regulatory limits."
60,0.8738368562759609,94.62723464818579,0.005797060937932684,332788.75500991323,5782.860902377997,1392093093.3907216,25.46484920734939,64.19223227346697,0.1878875068350794,34.5988637879575,baseline,33.734568247219784,31.989871851861068,26.264770673420855,600.0,448.0280233934978,8.997914052713895,57.604322172129606,64.18883359466369,121.9007553653732,13.310897673844801,70.07952645897096,3537.5,3377.5,0.0,0.0,13026.382344680087,13363.044473766262,7.947072035894265,18.311427915231004,20.404531379072885,5768,True,"27/29 °C and 1000/1200 ppm are illustrative experiment targets, not universal regulatory limits."
61,1.1153019347352748,98.54706729600605,0.004114138159848275,362130.03622965986,7938.925088595119,1376447959.29149,18.330116957220312,79.88238352768653,0.5215177248571079,33.743571096624706,baseline,32.85252986031753,31.08197985384633,26.21398457816042,600.0,455.3137779740121,1.2378709112672368,45.617595087293736,55.5811893050996,63.811937793320865,13.862287466304851,73.74718661143929,3487.5,3127.5,0.0,0.0,16673.776299348094,17055.619991883646,4.804038052209231,11.36154596012838,13.843084792174388,27146,True,"27/29 °C and 1000/1200 ppm are illustrative experiment targets, not universal regulatory limits."
62,0.9129551203929746,90.88708772603059,0.004340799167303976,357644.87038037775,7161.855003674749,1553127047.3618777,18.774988101539055,70.74786180978697,0.36848865992122914,31.180813148886198,baseline,31.23208846755415,29.557957311807577,25.94812371142274,600.0,456.6690665291272,3.9433586177183315,37.01004716995625,45.989683672301936,33.546363186857015,12.784783673461636,73.18654088027903,3442.5,2687.5,0.0,0.0,13721.541521444396,13961.255798200378,5.892737464809044,11.260760171755198,13.992924565334736,25058,True,"27/29 °C and 1000/1200 ppm are illustrative experiment targets, not universal regulatory limits."
63,0.961046206973848,81.79004668612987,0.004027129721081475,267556.5989294593,4768.912686557223,1913647475.774332,17.55849905506937,97.72671173806509,0.5207682763458502,30.611387561616947,baseline,30.314087050960325,29.03285144741801,25.800297901391957,600.0,460.1075923412202,1.0368834630789934,32.68717554639417,39.946827407316626,23.020494595413528,11.505133233848936,61.92550694891421,3387.5,2497.5,0.0,0.0,14487.800621885783,14696.682925308198,5.190431602464956,9.447798575367116,11.546105552424073,69596,True,"27/29 °C and 1000/1200 ppm are illustrative experiment targets, not universal regulatory limits."
64,1.1021968021114503,67.0496190881286,0.004003863515788059,224787.97096736182,7819.783104770908,906561105.9014556,18.163972587326874,67.21212186668902,0.44694535162986027,28.085996602062874,baseline,28.61806160937664,27.73951218923541,25.901674176684082,600.0,469.5833036479816,1.5340217158081941,25.66320225832037,30.726540635787426,10.909464619417005,9.431646418396756,56.57942845365203,2692.5,0.0,0.0,0.0,16708.98094121548,16855.2113357037,4.577848590320972,6.467690053465655,7.743762420882595,101306,True,"27/29 °C and 1000/1200 ppm are illustrative experiment targets, not universal regulatory limits."
65,1.0807030761456593,98.73148329433997,0.004042985447418837,219739.5096310504,4423.063246709097,1982831558.9643998,26.608836047693856,85.5370517549195,0.487140978683142,29.823730490072382,baseline,29.697924680907875,28.724940137054308,25.759381301713745,600.0,454.2680669570152,0.7177893110201694,39.841333139280806,45.55864557777452,39.720583488957324,13.88822865007049,55.94837078661309,3397.5,1777.5,0.0,0.0,16324.730658273767,16526.521130060664,6.425857941676163,10.240589878400533,11.710135379918082,70286,True,"27/29 °C and 1000/1200 ppm are illustrative experiment targets, not universal regulatory limits."
66,1.053380980135639,61.70727492680963,0.005755369676129272,317654.59004039166,6464.985142511966,1506750181.7021103,37.192673332148416,94.95006710296386,0.26946904709524155,35.87942282304206,baseline,34.67472521710749,33.170070876182976,26.34851589006388,600.0,443.39910765592464,7.410373932943912,76.74971260239606,85.36253761284313,284.4565457329263,8.680156673037889,68.18775583778076,3547.5,3442.5,0.0,0.0,15654.743995073792,16108.70128019259,6.592528795754638,20.238987615887545,22.510199491654266,12800,True,"27/29 °C and 1000/1200 ppm are illustrative experiment targets, not universal regulatory limits."
67,0.835761006244868,98.8244272353734,0.005795402111735296,207309.62871427904,7899.383635579333,1219480880.1064007,17.085142277050156,67.60375428948639,0.21469084351741163,35.55346277014075,baseline,33.77262745634857,32.23354499795115,26.465354577233484,600.0,452.0227894997838,7.85953907520161,51.229476813320915,60.23641579462974,88.76448399873074,13.901302764442526,54.39463567201669,3532.5,3342.5,0.0,0.0,12456.589991161974,12780.774140708505,6.348628167814154,17.026889409283033,20.0204814482911,9434,True,"27/29 °C and 1000/1200 ppm are illustrative experiment targets, not universal regulatory limits."
68,1.1220228060346527,94.81270556362398,0.00475266151497846,163817.2882901826,5729.200601019645,1293666834.1003556,24.94560804341893,60.127835577186694,0.2780335825169364,35.73157452322259,baseline,33.67855018409227,32.41387030239253,26.380103848742692,600.0,449.39959642728957,5.519129803229589,56.531434407834944,60.12783557718668,114.45946460613483,13.336987249283107,48.95809311900464,3532.5,3362.5,0.0,0.0,16728.58519860823,17158.3981036456,6.180706644715412,13.99541626065096,14.885772784107466,7736,True,"27/29 °C and 1000/1200 ppm are illustrative experiment targets, not universal regulatory limits."
69,0.8193982573006413,78.06323319386648,0.003132874832594328,334646.23247208376,7104.492756513665,1400051822.9068663,27.65527254951868,84.04019869754465,0.5091516585139203,33.03456120868054,baseline,32.63544189147967,30.971624325871186,26.162506167797403,600.0,441.76869104525025,0.9005329953652108,54.220487074735026,63.18661090288479,101.09766916109075,10.980894802603885,70.31171114174228,3532.5,3322.5,0.0,0.0,12258.679590580277,12530.548780809377,8.475053958891314,18.380862145429937,21.420397475256753,32642,True,"27/29 °C and 1000/1200 ppm are illustrative experiment targets, not universal regulatory limits."
70,0.96947692612809,99.24070929340476,0.005361971177086625,200359.95777326298,5164.910949497795,1108737851.156691,39.336962136747914,85.80505098127983,0.16421428112653325,35.32935080600491,baseline,33.9763392587019,32.8097883509528,26.540988017028553,600.0,441.4914816558537,16.915898712322814,76.73642363837652,83.84037669684707,282.1083502456598,13.959859773938938,53.52592680438967,3552.5,3452.5,0.0,0.0,14439.52519726325,14825.608678662311,7.163083779806148,21.986777259375515,24.022225696400906,4508,True,"27/29 °C and 1000/1200 ppm are illustrative experiment targets, not universal regulatory limits."
71,1.0422059535264023,97.39632887234765,0.003338760398555068,369037.54331623024,3192.379985262092,1198424446.020446,38.19134949852102,96.81293415827139,0.5100683180433409,28.433284236337233,baseline,29.523811451852282,28.229262447422524,25.836155546477755,600.0,445.50009442810864,3.15328869438963,48.391096017498185,55.17982368034222,70.01294001378615,13.700416928043568,74.61062499726059,3332.5,635.0,0.0,0.0,15752.596871949652,15937.808536882168,6.66321701670122,12.897614977624663,14.707005605017168,132548,True,"27/29 °C and 1000/1200 ppm are illustrative experiment targets, not universal regulatory limits."
72,0.9862779375097869,92.61967043248356,0.005500579194176151,189698.4821020143,5256.308315971697,1737505615.4522471,25.854857791353627,101.03693146346319,0.22200116123015412,34.40833382846006,baseline,32.873338373093986,31.6374293911824,26.080203505028578,600.0,449.3405796621618,6.552167105837725,56.39106986359235,63.72856739975579,114.37087683349365,13.02850030750269,52.19324234548359,3527.5,3342.5,0.0,0.0,14743.37289133947,15082.536113898535,7.041062341897447,15.882121537433923,17.94867264085975,9044,True,"27/29 °C and 1000/1200 ppm are illustrative experiment targets, not universal regulatory limits."
73,0.8908298461983328,61.533260373116086,0.005054313687409688,254189.8889961156,3120.923824842149,1921714175.3361945,17.7435956287962,80.60998489040627,0.36909774707147014,30.647189049799415,baseline,30.258353997017423,29.015022467082463,25.783187444811006,600.0,461.94944750831877,1.6909926093067043,32.76218146514688,39.80954281183216,23.031826501027897,8.655678625818329,60.254668207246254,3407.5,2382.5,0.0,0.0,13431.716963452845,13622.907717624685,5.685057556420323,10.215874559410144,12.413376565470466,33632,True,"27/29 °C and 1000/1200 ppm are illustrative experiment targets, not universal regulatory limits."
74,1.1187925281898923,66.7155372612179,0.003767673001403037,327308.54999496514,3291.4999756508246,1711376229.6455278,25.389171734877785,104.09820655235958,0.5552107509683332,32.251069517956395,baseline,31.648456621317564,30.24102650333034,25.927873035179005,600.0,450.8789363265286,0.9416279246506747,47.62797867149105,55.55819685178879,69.30253827647061,9.384652241411318,69.39450083210245,3487.5,3042.5,0.0,0.0,16792.013503305676,17108.999470259823,6.20708868665752,11.82524350320711,13.794186205193187,34106,True,"27/29 °C and 1000/1200 ppm are illustrative experiment targets, not universal regulatory limits."
75,1.0729460618585214,84.95174403614345,0.003448651253098112,271068.6086841003,6542.921518115423,945767905.2327385,28.720374232957692,95.84387539184985,0.47411203037009464,32.76747295753742,baseline,32.01592041037219,30.7229987394277,26.401104709683523,600.0,446.30604665792225,0.8445790912082884,53.794949592874296,61.30798537173956,98.8240386790246,11.94987866108418,62.36450816824434,3507.5,3227.5,0.0,0.0,16084.47846341395,16407.897926932772,6.472314584402789,13.927113472686926,15.872182714474512,25688,True,"27/29 °C and 1000/1200 ppm are illustrative experiment targets, not universal regulatory limits."
76,1.1172779551531995,84.32577684147475,0.004355167225069331,249575.0218116408,6080.079855429281,1502216886.5982015,30.364888435495633,104.74722789423157,0.2192321292528827,35.624313019092966,baseline,34.066682292447865,32.698084667416204,26.296110822751757,600.0,444.82703963101636,9.36466965713771,67.16825059082622,75.3547585607088,193.04565349643784,11.861825942367448,59.677809809186904,3537.5,3397.5,0.0,0.0,16636.43786334093,17085.83804521494,6.215502966307281,16.69937843155805,18.734709014378183,10580,True,"27/29 °C and 1000/1200 ppm are illustrative experiment targets, not universal regulatory limits."
77,0.9040463452971399,76.62437420554465,0.0035631846196787272,194474.72489658417,5391.397276083024,848146040.6130315,16.853470451449038,68.97790507938853,0.5456856425298067,32.3411408308076,baseline,31.261885712568755,30.00701285668651,26.346424356214357,599.9999999999999,454.14526470421686,0.4294745813967893,37.76410960138568,45.08348524949252,35.605365836370495,10.77849530491328,52.79027269480482,3472.5,2807.5,0.0,0.0,13586.035879588555,13825.019432158588,5.485436261857252,11.603421107113173,13.852376498425159,69248,True,"27/29 °C and 1000/1200 ppm are illustrative experiment targets, not universal regulatory limits."
78,1.1961282686975232,62.96480103804541,0.005371319081643183,313094.74636595184,6955.420684798329,1899994491.6739042,16.523618320216546,109.24574477187427,0.18269110873114452,32.09522281903655,baseline,31.237718683942944,29.796823412608507,25.896669626979758,600.0,467.308654604286,9.276270990550984,36.19220151690318,44.46454674858586,32.09454658900516,8.85704867935172,67.61777537847578,3412.5,2692.5,0.0,0.0,17976.929791428385,18291.64693173146,3.9580543506818118,8.40494249099064,10.326035517217326,6404,True,"27/29 °C and 1000/1200 ppm are illustrative experiment targets, not universal regulatory limits."
79,0.8188462618652125,62.54145995079481,0.0037842744889906286,341312.29723213776,7514.714989179116,1299544296.5870256,18.404851987200725,116.74164112690949,0.522851318304229,34.76825785767393,baseline,33.744173696902294,31.841600803606497,26.343606868298593,600.0,446.8657240826017,1.1677985579008237,50.20877581351451,60.60692438050181,83.4815485922193,8.797498699745137,71.14496923674903,3532.5,3322.5,0.0,0.0,12206.146700114068,12522.107457351829,6.819321723310563,17.032357378846342,20.559728433043524,31850,True,"27/29 °C and 1000/1200 ppm are illustrative experiment targets, not universal regulatory limits."
80,1.0193258416024251,76.29521926694521,0.0030286060021341983,231120.7216514618,5638.380093225364,1285507722.1740713,23.461239620449177,82.97669794671957,0.25072419392472745,33.328264643453466,baseline,32.13038102087381,30.849704152655853,26.182285138020916,600.0,447.1963288710695,3.46461511409143,49.33085525557822,56.860143339082704,77.23048121524552,10.732194176883628,57.37102228916453,3507.5,3222.5,0.0,0.0,15274.686620744249,15587.917191593915,6.490754525450582,13.443213925813932,15.49502976989839,10244,True,"27/29 °C and 1000/1200 ppm are illustrative experiment targets, not universal regulatory limits."
81,1.1273965602958107,87.49488871567132,0.003874639677492769,310942.3390033671,4188.790926251883,1306709984.0156298,31.453467168205535,87.33398165680657,0.45502835899435723,28.66376277174243,baseline,29.337340096934327,28.236065911608513,25.820311559132563,600.0,452.3737154567419,2.5646788746817037,41.75098409044839,47.77534223190167,45.29797272113975,12.307614346004433,67.34872445815269,3287.5,555.0,0.0,0.0,17050.663248646404,17240.575590973127,6.159717608702242,10.286970875303284,11.771304672304824,88208,True,"27/29 °C and 1000/1200 ppm are illustrative experiment targets, not universal regulatory limits."
82,1.1712441687900759,65.83500767302564,0.003753278320939293,321430.49692783307,6502.7067968973115,840071585.5246933,39.93928158792782,79.76916684696079,0.20594280229864853,32.95317925733511,baseline,32.453702917301655,31.130138785872525,26.571058426800505,600.0,442.73566999532534,5.354715879599098,67.34305978559439,74.901745020333,190.69705977263968,9.26079107933894,68.65974419871092,3527.5,3332.5,0.0,0.0,17533.27288508041,17911.109842497208,5.929117625079173,15.971396908061125,17.7640502619697,5522,True,"27/29 °C and 1000/1200 ppm are illustrative experiment targets, not universal regulatory limits."
83,1.0697881088900745,75.01067415998004,0.004827707469905802,160544.33191109868,7704.3666267484,1263182543.7832484,37.9837116729503,119.85781857278195,0.15278331065658332,35.406191565892385,baseline,33.80100455104241,32.72031967799761,26.476923877442687,600.0,442.2006638342626,19.479052452152246,74.85950071649715,81.48773375109504,262.6666022419563,10.551501498503859,48.54897357161914,3547.5,3432.5,0.0,0.0,15942.472127065937,16359.605312973614,6.491420484799964,19.437779857318684,21.15884576527135,3566,True,"27/29 °C and 1000/1200 ppm are illustrative experiment targets, not universal regulatory limits."
84,1.0463624827632156,79.94903618105496,0.003572528361471321,296412.7463599576,3050.4041043196357,1503388045.7805173,30.52557853061778,65.23543634383492,0.3559441199579118,30.550376886435004,baseline,30.513985788373645,29.30331922393915,25.883041843542628,600.0,448.05110145567,2.4313106949994108,47.15578754268168,53.91462506084792,65.72066654557514,11.246164422801733,65.5325253777265,3467.5,2682.5,0.0,0.0,15763.733407991165,16001.371757692925,6.6367483150826265,12.518443740811477,14.312711881235758,22754,True,"27/29 °C and 1000/1200 ppm are illustrative experiment targets, not universal regulatory limits."
85,0.8005459312472807,95.05747935560208,0.004463246399784314,297158.47081820655,5680.579526237031,869754622.5782367,34.45515112407627,119.63525718840532,0.5936787747044303,29.857907896916416,baseline,30.38984258253413,29.04798666806771,26.13336909814592,600.0,444.97659876458965,1.0961663376365323,49.535753425286565,56.67518199230967,75.46954110447986,13.371418762688025,65.62574093500761,3482.5,2142.5,0.0,0.0,12065.274271067974,12242.251863969968,8.674635862085688,17.18818492473699,19.665462648028896,135476,True,"27/29 °C and 1000/1200 ppm are illustrative experiment targets, not universal regulatory limits."
86,1.0455614319018038,65.68602767050419,0.0030039988726484387,208863.20475957255,3717.705598276807,950220987.749684,34.057340179731966,86.49035812795276,0.1836599999963552,35.96254392940756,baseline,34.37087711368724,33.096272070292265,26.703704408286967,600.0,439.6093539613406,15.20338918203197,73.19724107603038,80.91563771928277,247.53998602665666,9.239834558984256,54.58883267767837,3547.5,3432.5,0.0,0.0,15552.751013681083,15989.121784245464,6.641833021530816,19.446554114549215,21.497126182486273,4550,True,"27/29 °C and 1000/1200 ppm are illustrative experiment targets, not universal regulatory limits."
87,1.1376606637485698,91.77360836803862,0.003272683313805746,370353.81337091373,5294.714693473425,1319207295.4043548,39.49734612014247,112.68273080748129,0.581002800304907,33.79071697072796,baseline,33.267068822984925,31.747135587648906,26.25749264281086,600.0,440.8788664012918,0.9055671883543255,70.57638087707005,79.07532959560594,220.19877105112536,12.9094875771041,74.77515875409603,3532.5,3377.5,0.0,0.0,16984.998436629892,17397.538152047848,6.104143938283526,17.23233550067026,19.307487752751594,26438,True,"27/29 °C and 1000/1200 ppm are illustrative experiment targets, not universal regulatory limits."
88,1.064924108166318,81.1079972970527,0.0055457977792770525,225634.06643147158,4963.292835921271,1060020441.3499539,38.5707924519095,109.1576208202234,0.39173096184832285,32.6597368207989,baseline,31.874387423842904,30.809130645799975,26.285028573988313,600.0,445.8762223004041,1.3538472239451949,64.08082581315107,70.47327832703265,163.62359684263964,11.409191619785416,56.685190386665745,3527.5,3322.5,0.0,0.0,15971.536584902306,16285.223169985287,6.521069803182512,16.715021526925515,18.382446689187567,23234,True,"27/29 °C and 1000/1200 ppm are illustrative experiment targets, not universal regulatory limits."
89,0.9740988908578219,79.51184254346583,0.004296863920022707,295526.0182944058,3835.737905327822,1958410529.429493,35.50848683383714,84.59127575416875,0.3852485640828761,28.614147120507347,baseline,29.307711692279497,28.20351511161801,25.712893878669206,600.0,448.4679540974542,3.110562536108773,45.57446872278437,51.52427203120796,58.41335748734849,11.184665851114193,65.42168436953253,3357.5,430.0,0.0,0.0,14733.679976236577,14896.289515475266,7.129095936377619,12.99619039096684,14.692859134499987,69308,True,"27/29 °C and 1000/1200 ppm are illustrative experiment targets, not universal regulatory limits."
90,1.093204600449602,95.54205205763361,0.005188690720943415,247005.48775245552,6047.214086994283,1037327776.5979556,24.768056432475472,108.5239462157677,0.532815849394359,31.87371960805795,baseline,31.204783996850153,29.99492823380824,26.205404621990965,600.0,455.29558475465944,0.46756350483337883,45.549672905742206,52.64949543664075,60.48579063115429,13.439581989440462,59.35661805178874,3477.5,2922.5,0.0,0.0,16431.79612658294,16717.699178987797,6.3028680813120594,11.573942254778343,13.37797136738773,40928,True,"27/29 °C and 1000/1200 ppm are illustrative experiment targets, not universal regulatory limits."
91,0.9006387731544058,98.27266907092284,0.0052752447457450145,291830.6748523449,3390.13613870421,1524947942.1679041,16.849800505622845,114.48549830373133,0.47711359043116175,35.615336076583986,baseline,34.06066103814288,32.27565095331904,26.18837969283743,600.0,452.11325380274155,1.7741411238530418,51.2468718056037,61.440445742716335,89.78563276059054,13.823688782643146,64.95976643927492,3527.5,3322.5,0.0,0.0,13411.508003781455,13772.909547156734,5.7814773358549205,15.805717666768444,18.94965106189353,40574,True,"27/29 °C and 1000/1200 ppm are illustrative experiment targets, not universal regulatory limits."
92,0.971241287088743,82.21110962730243,0.0031520732720212285,272441.2822166701,6830.039017079079,1612239134.4971395,17.455786575072107,99.23907744281381,0.3184119649444658,28.487463697232418,baseline,29.125858841872173,27.991936933694806,25.75615421624144,600.0,462.6272770672471,4.323568469524616,26.435820157270374,32.6518604855178,12.110566934493121,11.564362754240541,62.53609235981557,2732.5,165.0,0.0,0.0,14699.328322862684,14852.589955333868,4.9953777920576465,7.560719951507361,9.338525211550689,59090,True,"27/29 °C and 1000/1200 ppm are illustrative experiment targets, not universal regulatory limits."
93,1.1540162386748407,99.01112525196334,0.004536258511469609,193265.0969383145,6280.237363154394,1977215799.7463508,18.517833811568014,86.78525153881276,0.5524693155714131,35.701085634936824,baseline,33.628292195384404,32.14863131377324,26.078461674327002,600.0,453.7240794843747,1.488176960076089,52.144410247896204,60.94198246868727,94.5505315641198,13.92756495210951,52.63906920002111,3512.5,3277.5,0.0,0.0,17208.714840265366,17647.65380414476,4.764412995491684,12.551433781231742,14.669055682407969,33512,True,"27/29 °C and 1000/1200 ppm are illustrative experiment targets, not universal regulatory limits."
94,1.0869505402353714,83.78171225018184,0.003178497633382118,339803.1838675884,5717.033355844413,1755446530.6863976,34.857109150712404,68.83471805133983,0.20407333605453137,30.98311727435051,baseline,31.011023178865685,29.687305049203523,25.890734731422242,600.0,444.62939232878887,9.10091632726835,53.73342275367751,61.001503755986754,96.84960569921834,11.785294189858913,70.95633006618036,3487.5,2727.5,0.0,0.0,16349.136583592463,16622.059719305882,6.388924047032236,13.731950270412772,15.589358970070041,7172,True,"27/29 °C and 1000/1200 ppm are illustrative experiment targets, not universal regulatory limits."
95,0.9795747970454938,68.71458486902293,0.0030933761125511512,155118.49122172306,7091.316094178512,1874892527.1431503,32.11260016803405,66.01379872308623,0.5749606396625435,31.375426498701838,baseline,30.555360539510048,29.682282781895864,25.884830043297143,600.0,444.0125295602622,0.373548969233525,50.97968458318552,56.246280677828594,82.30670843237041,9.665851604909227,47.870743485447186,3502.5,2997.5,0.0,0.0,14755.331245677164,14980.029148788377,7.089243685515041,14.456296280835858,15.949743605160121,86300,True,"27/29 °C and 1000/1200 ppm are illustrative experiment targets, not universal regulatory limits."
96,1.1579114257300125,77.57923317028585,0.003218146115494217,164652.68224374938,6897.596075906275,1097583955.1265035,36.415151197542535,103.70331349817683,0.5063772078205353,34.42427318114054,baseline,32.988204361101225,31.93468113262322,26.47465880279725,600.0,441.75813887127873,1.3748439391929423,68.63103413924865,75.09337795294158,202.7398287045427,10.912812132620207,49.06251736320047,3532.5,3382.5,0.0,0.0,17302.928629595674,17707.220481240216,5.997388306334637,16.464278463935322,18.014565872725562,27116,True,"27/29 °C and 1000/1200 ppm are illustrative experiment targets, not universal regulatory limits."
97,1.1085860870726307,98.61459215672207,0.003471240375018946,280152.16643721453,3730.9582497180136,1290323802.2382853,36.02237404586343,76.86203798807723,0.3085877315909714,30.928334498377474,baseline,30.78014366739751,29.6381910666276,25.9904865945511,600.0,445.1114903319734,2.4556661515962332,54.59762746075441,61.121880661173705,101.22223089162672,13.871785963378905,63.499952887383614,3487.5,2742.5,0.0,0.0,16686.50373376294,16952.91870347906,6.264235610950319,13.680496088522272,15.3152744578392,14852,True,"27/29 °C and 1000/1200 ppm are illustrative experiment targets, not universal regulatory limits."
98,0.8816170830141388,64.27288405344032,0.005063199431969548,224352.91196834436,4260.366821587579,1927882252.3937552,35.88707443822764,106.3584683433947,0.3807882954591768,31.722751257057432,baseline,31.138383600332304,30.077835235316712,25.87677636812515,600.0,444.83386854671966,1.060213304750505,57.074695978088755,63.24916427824449,115.18627826342393,9.041052356850605,56.52504607877485,3522.5,3237.5,0.0,0.0,13254.370913468878,13482.022650495193,7.876939521977337,17.98295713818593,19.928393673413648,26588,True,"27/29 °C and 1000/1200 ppm are illustrative experiment targets, not universal regulatory limits."
99,1.0812282251043943,78.99479525840039,0.004392205219346929,180260.99658150595,3079.0142251105467,1941859848.7117934,34.707909479310786,109.56938485521678,0.28212958360715545,34.799497951185515,baseline,33.24329612695368,32.13175758197578,26.025177477427974,600.0,443.3838132332945,5.008467197782011,68.11313012962319,74.84467874130799,198.3979713695072,11.111934533014988,51.01355665542005,3537.5,3402.5,0.0,0.0,16143.302486542276,16534.55190701923,6.422736923810833,17.49890863519452,19.228307268102338,8576,True,"27/29 °C and 1000/1200 ppm are illustrative experiment targets, not universal regulatory limits."
100,0.9280507360794543,72.07300155137531,0.004527480628792853,217762.0929315678,5190.51591141344,918335302.5120757,34.9153116526155,81.12575622056855,0.1585771180972558,33.89653547515987,baseline,32.82568738571041,31.65323349787288,26.546995096750948,600.0,442.33775910780764,11.685567156091565,65.47127924448304,72.46044990834012,175.50897954320249,10.138268884893462,55.701193699177786,3542.5,3397.5,0.0,0.0,13874.972774354768,14192.103675957562,7.482828442959073,19.59641402110135,21.688364622549543,9530,True,"27/29 °C and 1000/1200 ppm are illustrative experiment targets, not universal regulatory limits."
101,1.0372371902160478,98.0186079905765,0.005778499126858768,219222.01968170883,5093.268914804823,1177876872.739292,26.48427341831682,75.64277609608098,0.43251416618584104,29.442698846571542,baseline,29.507696529757936,28.546491607206416,25.907997971533007,600.0,459.59225103145576,1.0207879982772283,38.65827460736219,44.28995097710238,36.258083143532446,13.787950857341094,55.88368454294541,3372.5,1295.0,0.0,0.0,15677.991572053634,15861.824324704563,6.695136377628318,10.352896824803825,11.861090478006918,68384,True,"27/29 °C and 1000/1200 ppm are illustrative experiment targets, not universal regulatory limits."
102,1.1816540842995005,76.70245275146155,0.0031873253411873535,386636.0986510674,6948.692546493012,1017884813.8755574,32.47522303775889,69.78529206007165,0.39784449245947046,30.81191678153631,baseline,31.024278219944733,29.60954036670407,26.16083474666857,600.0,447.47786333511397,3.9043904402351473,50.906378896547835,58.619253435449544,83.06002343958953,10.789478353705592,76.81044441411524,3467.5,2692.5,0.0,0.0,17772.259018843597,18070.30221681915,5.876884391730596,11.966836143065832,13.77994302278774,22028,True,"27/29 °C and 1000/1200 ppm are illustrative experiment targets, not universal regulatory limits."
103,0.8625389743541823,65.96193079566584,0.005760070338384287,308688.2126026243,4952.073775998537,1566031916.3244312,39.57382653729931,81.27623373512054,0.29898362534442424,30.07081431763009,baseline,30.427706124148983,29.15310871487189,25.869995358001006,600.0,446.303842143865,4.112944557433366,55.23757748804164,62.047640955124656,103.95587585356107,9.27864493192366,67.06695865805985,3497.5,2387.5,0.0,0.0,12998.171201913457,13190.27298044256,8.051165977333406,17.789076181681544,19.982234233267942,19934,True,"27/29 °C and 1000/1200 ppm are illustrative experiment targets, not universal regulatory limits."
104,1.0324179412516858,90.27963875909093,0.004243938314400175,391564.0531418086,6328.966161746854,1685039597.8556068,35.332248342204345,81.50389767191155,0.3172076007092678,34.23172537940197,baseline,33.69363813854693,31.999020717924342,26.143397766599833,600.0,442.5610710834996,3.3421179730357835,67.94386857146077,77.22464924170993,197.60574573693975,12.699335852112124,77.42643872545788,3537.5,3392.5,0.0,0.0,15392.43414323131,15788.126542586086,6.72638876851086,18.280674977930065,20.777720532465136,9644,True,"27/29 °C and 1000/1200 ppm are illustrative experiment targets, not universal regulatory limits."
105,0.9562860196105596,89.78727589634295,0.005357120520125334,227373.24459004827,3479.6502091414013,1006409554.0998021,22.26247452071447,98.09650420089434,0.21671206695562034,32.16912381011396,baseline,31.346476226386415,30.109047879159625,26.19274376826462,600.0,455.05854034647086,2.9623542777844705,43.74116789438204,50.972356786022516,53.83899942274908,12.630076809418908,56.90258765648783,3487.5,3002.5,0.0,0.0,14367.009980810339,14623.888335583322,6.605079279799301,12.705743016147252,14.806227117995,8912,True,"27/29 °C and 1000/1200 ppm are illustrative experiment targets, not universal regulatory limits."
106,1.1602532853335659,69.99733676839988,0.004532923527469633,368821.3203918757,3378.657959390494,1403143591.1904755,37.49486342873504,109.94163526882144,0.4091643220328207,30.25607244386202,baseline,30.564335909413387,29.27035372292315,25.9072704866349,600.0,448.28096673053614,3.46214462032367,53.87275535293011,60.9120159591163,97.17127291986237,9.846292038754916,74.58359713171626,3467.5,2682.5,0.0,0.0,17476.764103028276,17743.03308608612,5.985283155175861,12.897747805472113,14.583026522716082,26900,True,"27/29 °C and 1000/1200 ppm are illustrative experiment targets, not universal regulatory limits."
107,0.9932326872131685,93.395324177487,0.0050511421297249025,295164.69802394067,3236.293443656693,1991062203.0167928,37.020728649452295,69.4677827639932,0.18485882085617944,34.553036835874714,baseline,33.528135810453534,32.1212615067396,26.012929897391473,600.0,443.30775432466584,10.861673535764567,66.80594690642775,69.46778276399318,184.35033246252323,13.137608934299836,65.37651933572438,3542.5,3417.5,0.0,0.0,14816.039729579406,15188.890782876757,6.9917598704179795,18.683645547425428,19.428082232648055,5336,True,"27/29 °C and 1000/1200 ppm are illustrative experiment targets, not universal regulatory limits."
108,0.963986499407242,71.39878838623508,0.00307010050268382,245321.63404802483,6499.660834753566,1822765140.7088397,20.988508158943038,89.96893395989774,0.4452486242803759,35.727389536513506,baseline,33.93433760124782,32.42563064798688,26.15052362715403,600.0,444.93493419399806,2.2145550574932713,56.245087544793044,65.11794442983512,116.00985423931938,10.043429566330401,59.146136338734905,3532.5,3357.5,0.0,0.0,14360.583571732343,14741.646991851203,6.384987133663952,16.20731767376016,18.764078032523255,34532,True,"27/29 °C and 1000/1200 ppm are illustrative experiment targets, not universal regulatory limits."
109,0.9876262367073043,80.28644886026822,0.004643455528361326,202242.24853808185,7976.282198499783,1356893885.389061,17.17666716560067,87.7443423404365,0.24984910025328794,35.92920056818078,baseline,33.8944944702738,32.36915412203459,26.396449167591868,600.0,451.6410474162416,6.60342359310016,52.1225505289979,61.111007415439026,94.38273557125645,11.29362713967773,53.761213149992045,3522.5,3317.5,0.0,0.0,14714.312987908936,15103.15481636109,5.3211844384894285,14.659884194982011,17.187959580961188,9122,True,"27/29 °C and 1000/1200 ppm are illustrative experiment targets, not universal regulatory limits."
110,1.1440594952197514,93.97520884283105,0.0038105100077916155,185068.7414438546,7989.502623364677,1252067433.5962152,16.759645360725713,117.8556826709339,0.26027335032262433,29.963864033583604,baseline,29.57254695113477,28.569170093817608,25.92867890913675,600.0,466.87118561567763,1.877245478608529,29.1513259089366,35.05748051898243,16.329339957135964,13.2191793772249,51.61452476321363,3257.5,1487.5,0.0,0.0,17288.917594049144,17495.391508673187,4.097792773040494,7.077945302752616,8.51196032526277,23408,True,"27/29 °C and 1000/1200 ppm are illustrative experiment targets, not universal regulatory limits."
111,0.8428741118419056,88.6401312060471,0.004183615910049558,341761.9026806457,5663.382626297093,881731528.7401261,22.35406786482308,62.85401716223397,0.5955717483791064,28.74384946078093,baseline,29.808509318053098,28.325026210747033,25.994395875274563,600.0,455.96224650883903,1.9174915525363758,33.25022995870332,40.92909173598921,23.69721275969589,12.468711789650627,71.2011699178125,3237.5,970.0,0.0,0.0,12727.596798027373,12889.550448044516,7.386028936609153,10.957953102089213,13.488600479188005,212474,True,"27/29 °C and 1000/1200 ppm are illustrative experiment targets, not universal regulatory limits."
112,0.9781099673323956,76.78855983910447,0.0044244005004996645,372668.66145753313,5928.021514248527,1019127391.3486531,30.455480978933473,91.44785221895793,0.17192096225514414,33.12953011643663,baseline,32.79383869779019,31.13409504024654,26.387929496933623,600.0,445.5565264167611,10.396642327468726,57.96091955327496,66.97098985284383,123.47105761484526,10.801590750700695,75.06451476492346,3522.5,3312.5,0.0,0.0,14626.298060042474,14957.628417505372,7.099860625471452,16.460578022096612,19.01938775620216,4862,True,"27/29 °C and 1000/1200 ppm are illustrative experiment targets, not universal regulatory limits."
113,0.8152079255496467,80.98675134243777,0.00548067144893526,239097.72279509992,5444.718963676107,852881676.5620738,26.115365579347237,72.51197620000488,0.1911552236025853,30.101557517727308,baseline,30.15562453765392,28.993097220250792,26.13827560188571,600.0,453.4240744930805,5.22774237608246,40.93543380936151,47.437405989171324,43.18015113232987,11.392136355502913,58.36814743211929,3457.5,2207.5,0.0,0.0,12295.934919447878,12466.46863913738,8.51861743096059,13.948531999694417,16.16404454155637,12842,True,"27/29 °C and 1000/1200 ppm are illustrative experiment targets, not universal regulatory limits."
114,1.1998136649142026,83.68199902243049,0.004483419732300433,156898.84213612735,6459.122366386317,1581905942.8710327,36.70483295012173,80.95449424218747,0.33339308309017657,35.50015585276761,baseline,33.77831197556259,32.67882543838878,26.26227660133037,600.0,443.55472634474734,4.397777848280384,73.34414275173569,80.11943483794147,248.20200033670176,11.771267862488555,48.09328734974772,3542.5,3412.5,0.0,0.0,17882.675233726655,18348.00540779393,5.787935783296012,16.980447533117673,18.549045753438982,9200,True,"27/29 °C and 1000/1200 ppm are illustrative experiment targets, not universal regulatory limits."
115,1.1498741795754481,81.62016434382163,0.004920602049264999,237591.76497021824,7718.8290497007265,1280414378.372923,20.73579878369444,83.17544159917227,0.4649737289982224,28.754997915373956,baseline,29.038751458634408,28.090005354253904,25.841204190618612,600.0,467.9891032809093,1.3968315801466815,30.264625549095427,35.764851345619704,17.74854126124674,11.481236451030908,58.17990270400908,3057.5,85.0,0.0,0.0,17407.492421781757,17584.311866161002,5.013027553378565,7.311095926519738,8.639798254281045,87188,True,"27/29 °C and 1000/1200 ppm are illustrative experiment targets, not universal regulatory limits."
116,0.9450796023402677,71.65723063365462,0.005077887086638068,396911.12775829266,5124.570941840131,1086198418.0811076,26.367901505844397,67.9181309805362,0.2984347925209422,33.535201551300915,baseline,33.1427111546202,31.319900230661634,26.34864128395759,600.0,448.3268583410154,4.31396818702342,55.009594261974115,64.82223734857618,106.88505594741946,10.07978377580075,78.09482305251838,3522.5,3307.5,0.0,0.0,14115.78266409511,14452.515554383988,7.3479994989291475,16.168418842931263,19.05255070227216,10790,True,"27/29 °C and 1000/1200 ppm are illustrative experiment targets, not universal regulatory limits."
117,0.9543941893723142,95.75194945433846,0.00523918523736276,225498.2562259397,5200.789897527676,1304910802.1186893,20.94006198701766,108.83362705501082,0.4970536262664713,28.236166267494323,baseline,28.829900670998313,27.872086804216,25.785032690655555,600.0,466.04947940166477,1.177684439229779,29.179419374219076,34.638562117697916,15.815696724432394,13.469107556576944,56.66821411097426,2772.5,0.0,0.0,0.0,14458.18254131433,14594.957750395799,6.097113881572785,8.49271125167596,10.081602463233478,125954,True,"27/29 °C and 1000/1200 ppm are illustrative experiment targets, not universal regulatory limits."
118,0.8682833896116038,72.11134521834776,0.003913866715788545,175148.78157036405,5620.922720029648,803953940.8491185,17.803159291533667,115.23210561250187,0.3159862225827489,32.28752629430845,baseline,31.18834360183638,30.000398083204075,26.392129159062904,600.0,453.4973586764324,1.3172314376424765,38.66675616526416,45.62138548450658,37.823668090062334,10.143662560714251,50.37452977902732,3482.5,2872.5,0.0,0.0,13051.713188667354,13278.118756240852,6.018386506522138,12.370115252655902,14.59501267748339,28604,True,"27/29 °C and 1000/1200 ppm are illustrative experiment targets, not universal regulatory limits."
119,0.9035147324871365,85.91422113633618,0.004899089647059241,379166.3362866105,4241.654715442002,1787837221.714931,15.845276728694246,94.24538960147147,0.174610181974807,32.855208670707526,baseline,32.37439585477887,30.45691106770468,25.944176030311212,600.0,457.90648903922335,14.102056152696605,39.44085849135551,49.77708071042379,41.64961636167128,12.085267106511289,75.87672411855812,3477.5,2947.5,0.0,0.0,13529.516040143177,13816.889807536008,5.234701733176972,12.125750285463676,15.303532268859227,6374,True,"27/29 °C and 1000/1200 ppm are illustrative experiment targets, not universal regulatory limits."
120,1.1265528185670743,71.88647296129062,0.003657873397461384,309400.1746039319,4400.096965606854,1595456855.0236926,37.82653666176594,83.39742476525538,0.34024634547874344,30.364252017760467,baseline,30.42547627393992,29.28200076782825,25.872332020727754,600.0,445.56024388729674,2.9889409355964744,54.27097817828522,60.665133477198246,99.03625256442086,10.112030529888214,67.1559539082233,3472.5,2687.5,0.0,0.0,16976.749398983593,17227.672772598624,6.1643309838569955,13.381770892345218,14.958398477332535,19562,True,"27/29 °C and 1000/1200 ppm are illustrative experiment targets, not universal regulatory limits."
121,1.1518443514732688,69.01435000380059,0.005389779134556254,294076.72127402737,7427.383045224145,1102906298.0027542,28.520275166398385,98.44110728995672,0.49255636414852566,28.895503586913474,baseline,29.358149435329324,28.306089004569348,25.918922683184576,600.0,459.479143982823,1.8620195180265,39.255032270483916,45.116132129241315,37.881381550284985,9.708018567201282,65.24052224198523,3287.5,720.0,0.0,0.0,17419.11648448734,17614.44048170572,6.028978164942285,9.466709296914093,10.880167019753879,93554,True,"27/29 °C and 1000/1200 ppm are illustrative experiment targets, not universal regulatory limits."
122,1.0978135556596471,99.861088670765,0.003842618827515527,255618.314232808,7392.187268837585,1937611371.9919481,20.693181628158957,77.95515620733434,0.554320733621315,31.53992290151899,baseline,30.886365350546384,29.634529313442236,25.87509483272794,600.0,456.36134323171837,0.5913021098967874,39.36957223166422,46.6567268170625,39.68621650303034,14.047126473020942,60.4332213618328,3442.5,2692.5,0.0,0.0,16518.366005748703,16788.18106929385,5.337744464546601,9.961611632680421,11.805467173195025,50384,True,"27/29 °C and 1000/1200 ppm are illustrative experiment targets, not universal regulatory limits."
123,1.0580630993883235,94.26847403310089,0.005693196217344506,213018.58703534832,3255.862160528328,1681359465.4304624,30.24822946613998,65.5866778648473,0.19713993376251804,34.8121591272674,baseline,33.29251095507391,32.04829119079426,26.099754077564853,600.0,447.9831854353567,9.365086160731153,61.70932669133027,65.58671776208325,147.71508728899525,13.260432013989526,55.10825546215034,3537.5,3382.5,0.0,0.0,15794.568348576444,16180.302022774844,6.563355671754449,16.20081037358763,17.218758240621096,7976,True,"27/29 °C and 1000/1200 ppm are illustrative experiment targets, not universal regulatory limits."
124,0.8448453365810213,79.09742682978425,0.00521642473862748,243823.15646074427,5280.1524401452825,897851138.1426122,20.45900999536662,74.85221505826722,0.5470314659445579,33.26581733264779,baseline,32.25094709914231,30.83469373183914,26.440100485885807,600.0,451.94756467793474,0.665497720168787,46.26130493831678,54.42812084708255,64.22760050992699,11.126371374056319,58.958826640324844,3517.5,3227.5,0.0,0.0,12655.228927934311,12919.695164037445,7.067802563910895,15.210313564456083,17.895491402849228,55568,True,"27/29 °C and 1000/1200 ppm are illustrative experiment targets, not universal regulatory limits."
125,0.8308978355858668,88.8134277004757,0.0031711289443506234,186799.1316234588,4506.540232484173,1878818326.5460005,38.669441363473126,99.93657229856521,0.4159460025039893,33.96406275534476,baseline,32.80632871528752,31.733018678063488,26.029277650450524,600.0,437.20015954058255,1.9465709599171532,69.67614372431827,76.13416616909414,209.7773811308157,12.493088829866915,51.830823535664145,3552.5,3437.5,0.0,0.0,12423.644443586814,12706.404691385085,8.357759699238969,23.29345864069958,25.45244262972872,31196,True,"27/29 °C and 1000/1200 ppm are illustrative experiment targets, not universal regulatory limits."
126,1.061650572124277,62.32506380691072,0.0055298800080397625,275254.91150474397,4200.647401431658,1368880354.1534379,21.785343512771533,95.44280850282402,0.19775246686153686,30.333655555877353,baseline,30.131797456267066,28.958840231366896,25.896367389190516,600.0,462.48124129639956,7.231758221169002,36.44027020268303,43.10202656346454,31.126270101207847,8.767058975505442,62.8877960208248,3392.5,2332.5,0.0,0.0,16014.167664337983,16235.16301584771,5.7484504319839616,9.534490485197182,11.277519619813658,10064,True,"27/29 °C and 1000/1200 ppm are illustrative experiment targets, not universal regulatory limits."
127,1.0212338064806037,95.20456895366975,0.0054728180658370155,221528.82562257734,7285.71753696507,1953213547.8977323,33.45404592181826,92.80759649151824,0.46852427172926825,35.41102873924585,baseline,33.90545986247571,32.64243247858852,26.133460057590753,600.0,444.49189752764534,2.0996937618911033,69.90619724178866,77.49881916073913,215.27828077311577,13.392109366149544,56.17203528555397,3547.5,3422.5,0.0,0.0,15214.8618557598,15617.094513811864,6.800053425940263,19.01463504193923,21.079844429612358,28262,True,"27/29 °C and 1000/1200 ppm are illustrative experiment targets, not universal regulatory limits."
128,1.069505820203272,64.71193980282128,0.003293485257512146,261265.53763227165,4932.265849466247,928214614.8670623,39.60675768581311,96.5975274943103,0.5865914635173352,28.499750699707935,baseline,29.035835248050148,28.126232590232497,25.92997112629348,600.0,445.1641012098801,1.0176749367383309,49.178930110945025,54.29584969656516,72.96310700241226,9.10281286559686,61.13912428676576,3347.5,35.0,0.0,0.0,16191.081725832282,16355.288447360665,6.493133850477385,12.773015033345546,14.10200878420798,168770,True,"27/29 °C and 1000/1200 ppm are illustrative experiment targets, not universal regulatory limits."
129,1.1801490497917289,74.53130818127826,0.0035349013867182594,317336.4105229785,7202.525109951629,1340487975.6662555,31.760306405315617,82.38408172180823,0.3395078072629132,34.08637860904429,baseline,33.10711473800785,31.67916836111159,26.283181387273657,600.0,444.93782742934144,2.7100144078140147,62.49395136447229,70.73224597627224,154.96738799881777,10.484070684166475,68.14798339810413,3522.5,3337.5,0.0,0.0,17628.523521135197,18047.28665857454,5.884379134711833,14.709524138191872,16.648614094963254,10682,True,"27/29 °C and 1000/1200 ppm are illustrative experiment targets, not universal regulatory limits."
130,0.9992838366000284,86.36576297594684,0.0032523014665573366,342002.68926225416,3726.3914286715208,1948603737.0121574,37.58999055371348,77.05642214591359,0.54316389358264,33.28191258259664,baseline,32.79345116324396,31.311089665940482,25.965357466293938,600.0,440.24552671509184,0.9105963102920214,66.09534445973485,74.29405501148949,180.39041744641742,12.148783991949854,71.23126824051357,3537.5,3372.5,0.0,0.0,14942.15481438832,15281.427253263944,6.949421365677523,18.372975958411875,20.652027729586656,28058,True,"27/29 °C and 1000/1200 ppm are illustrative experiment targets, not universal regulatory limits."
131,0.816434266241918,65.41025073844432,0.004155327803681359,230547.79582417998,6416.998813381988,1428379125.5578341,17.760520900427867,103.97297768977727,0.45230521900179443,29.05568661832721,baseline,29.29556194046262,28.202101959521432,25.813273705661004,600.0,461.2032936988595,1.2723251169954892,27.96179905136487,34.10270283150109,14.210813939568684,9.201041937207835,57.2994065607543,3197.5,610.0,0.0,0.0,12349.205051405832,12485.222305903795,6.085401152773897,9.513523285725755,11.602860634885898,117200,True,"27/29 °C and 1000/1200 ppm are illustrative experiment targets, not universal regulatory limits."
132,0.8873058907042609,87.19196335682713,0.0056242733777911984,373350.15342066996,7650.5986007760275,1898212688.9630132,15.122675470139963,113.57168959403782,0.5734255821030416,34.685160065584164,baseline,33.66781859028373,31.61811161441054,26.073519209682274,600.0,456.2522387334401,0.9230406326823868,45.62333573982853,56.83899256907195,64.61565906669472,12.265002845527016,75.14970126031554,3512.5,3232.5,0.0,0.0,13229.942839909168,13569.01805429377,5.299042265053302,14.282728143008573,17.79387380650984,35906,True,"27/29 °C and 1000/1200 ppm are illustrative experiment targets, not universal regulatory limits."
133,0.8825844833070011,64.43501390432844,0.004849750707358991,356209.2134018275,6318.677465784665,821969044.7816015,31.717556977455448,93.76850078730054,0.5880594991424165,29.724253097863436,baseline,30.418268119873858,28.952936609989024,26.159186410328402,600.0,449.05464373295285,1.7754843145230552,46.25461286316948,53.91084922260361,61.96533194802801,9.0638586225422,73.00708375796025,3457.5,1912.5,0.0,0.0,13300.519751169075,13496.816502510714,7.868305613558885,14.557817201770774,16.967481502797543,116804,True,"27/29 °C and 1000/1200 ppm are illustrative experiment targets, not universal regulatory limits."
134,1.0764152516419125,72.78308631298948,0.00429323335624504,324538.230618273,7352.849813275418,956510355.9262216,27.443849701695775,67.13473998763052,0.43795027754034144,30.395694946540516,baseline,30.52004152429612,29.22393407918273,26.14286701309976,600.0,452.87994755738583,2.2721457552106585,43.62540898728084,50.774557713539046,52.61387556323412,10.238154141360521,69.04821091001594,3437.5,2672.5,0.0,0.0,16216.113951632668,16460.95009225452,6.451454895173327,11.257894334597255,13.102790756450883,38834,True,"27/29 °C and 1000/1200 ppm are illustrative experiment targets, not universal regulatory limits."
135,1.0781539908925242,85.66702522606923,0.005435441979961993,318271.8689476246,4122.972563340432,922367554.4844105,24.48271558587994,104.35640337950444,0.4533331475384692,32.723449710760576,baseline,32.09566630852612,30.61748925895944,26.347673756566394,600.0,454.1818177412168,1.1578150925925002,48.96309235450896,57.325586938912,75.75837562262589,12.050494881800406,68.26491570118488,3497.5,3142.5,0.0,0.0,16158.379921053105,16487.53955202305,6.335108165660069,12.614950278210678,14.769480319333288,23522,True,"27/29 °C and 1000/1200 ppm are illustrative experiment targets, not universal regulatory limits."
136,1.0318734146577693,66.82707022142633,0.005942573914336098,168071.4781892064,3486.356580433845,862494478.2447865,16.373848807633138,104.917914546021,0.15268609202154815,35.909875868561436,baseline,33.77542891555845,32.26881975328655,26.68277345621715,600.0,456.4956860100805,16.627824478418916,50.72426054464039,59.6770280119695,87.73465642384656,9.400341211147305,49.489866856382605,3517.5,3287.5,0.0,0.0,15378.814810649345,15779.799435484349,4.868545743596141,13.654845810892732,16.064908728213517,4442,True,"27/29 °C and 1000/1200 ppm are illustrative experiment targets, not universal regulatory limits."
137,0.9163767929668062,90.64914720199204,0.004502442719674163,398433.1347853436,5940.255802541149,1411340772.3302846,37.11496450419569,95.39994913808057,0.4951765506274479,32.577248727510685,baseline,32.630367059356786,30.9223173969769,26.125790226149547,600.0,442.38990051884684,1.906183293860522,63.31321096134377,72.3926801628995,158.65565494549503,12.751313373080215,78.28507393089976,3532.5,3342.5,0.0,0.0,13709.858378435452,14013.581312339988,7.578153983975882,19.191890475400506,21.944115103486745,27170,True,"27/29 °C and 1000/1200 ppm are illustrative experiment targets, not universal regulatory limits."
138,0.9373118535654928,96.19636306830108,0.004608312050769085,185667.70644808677,5963.401336887453,973511143.4050367,38.25456699166702,71.65280856799636,0.34347084252985954,30.124054522618746,baseline,29.971636200121566,29.10516409605723,26.087832877149594,600.0,445.2836908668629,0.6987172475783154,53.64370356216545,58.85231672391985,95.03002684353902,13.531621738274351,51.68939538874265,3487.5,2672.5,0.0,0.0,14145.915706541427,14333.728195401753,7.4088942949223195,15.897621171209268,17.44122374475245,32714,True,"27/29 °C and 1000/1200 ppm are illustrative experiment targets, not universal regulatory limits."
139,1.057433939453355,80.94306598061542,0.003433186873115989,197630.87972179064,6793.227942507952,1065491794.5659475,38.00862110447358,64.21529490868481,0.49069000884892666,31.384948644790395,baseline,30.830161346610566,29.897090142552333,26.178383009784056,600.0,442.99689586404037,0.5255181545362575,58.10338742238721,63.7290756211483,121.43767588223264,11.385991281273235,53.18479204795564,3507.5,3127.5,0.0,0.0,15913.720902258283,16170.680670537622,6.5672607860822065,15.263203910303423,16.741018370401388,43202,True,"27/29 °C and 1000/1200 ppm are illustrative experiment targets, not universal regulatory limits."
140,1.0771945646317012,63.2905186387042,0.005725698176517142,352792.74944876635,4528.141231388652,1119627744.4561162,28.992611211541856,72.79307095588037,0.22582835601962964,32.7765815329308,baseline,32.27368942170324,30.765359923210124,26.234216154602677,600.0,451.41503306937824,5.583906353596831,54.31675183680086,62.68040026431915,101.95942193477822,8.902866288511058,72.58002576382759,3507.5,3227.5,0.0,0.0,16134.954679024597,16472.867641928395,6.446787490817677,14.006742251333437,16.163488813738304,7070,True,"27/29 °C and 1000/1200 ppm are illustrative experiment targets, not universal regulatory limits."
141,0.826248865369245,71.19799897172166,0.004769770669118668,382011.35574069025,7153.991543469995,1129280466.496938,23.570300327869546,108.90828864202105,0.31177426349810394,33.31624341031312,baseline,33.01122227122261,31.112832317683967,26.334918133303972,599.9999999999999,447.7528323113012,3.800131383104599,51.004320418692856,61.08562872136983,85.66038185908867,10.015185188688847,76.23235155031809,3527.5,3292.5,0.0,0.0,12346.152172111819,12635.310876428955,8.069023172340927,17.147214812378245,20.536464147273012,13466,True,"27/29 °C and 1000/1200 ppm are illustrative experiment targets, not universal regulatory limits."
142,0.8042701586552378,80.45754886283483,0.005168723661911803,393568.16713189334,3385.2550959544537,1049888328.2561033,23.861930135495612,88.63893984715065,0.5978492780954536,35.217526680643616,baseline,34.55905755005284,32.492848023422724,26.501887051293636,600.0,445.4378497402825,1.099196664916235,59.499232067650155,70.53795381580149,135.94768211483503,11.317695206705432,77.67695297421848,3547.5,3402.5,0.0,0.0,11957.12076524882,12299.20416133019,8.399520661475954,20.54976712162329,24.36230643283641,36008,True,"27/29 °C and 1000/1200 ppm are illustrative experiment targets, not universal regulatory limits."
143,0.8103574249444097,60.827235034269584,0.005397574654090024,323844.8728260087,4772.8035223875395,1534790518.137175,15.860103783912356,92.36711381964344,0.2805887045242671,30.707984055244143,baseline,30.734505174704452,29.131360340700855,25.880938652750785,600.0,463.4865144156157,5.7461022650823,31.58267866917575,40.14050371800265,21.187231444366546,8.556364394820589,68.9615411859829,3407.5,2437.5,0.0,0.0,12199.48168935234,12392.292945079287,5.651650087370486,10.826045430008971,13.759533236130093,19748,True,"27/29 °C and 1000/1200 ppm are illustrative experiment targets, not universal regulatory limits."
144,1.0084258524113547,68.88400774514908,0.004207752659768685,230259.6740800633,6717.428969308598,867276603.730885,18.6756402442246,91.82001798997794,0.4850349250849344,31.816904607025872,baseline,30.997159701102134,29.75821623297775,26.31048907982887,600.0,457.38322737216794,0.495952178913285,38.095065490471626,45.31559141327644,36.31099518914602,9.68968375615097,57.26339134273971,3452.5,2697.5,0.0,0.0,15167.845086344976,15421.230424747533,5.319988908922568,10.493545569997494,12.482488674170709,41000,True,"27/29 °C and 1000/1200 ppm are illustrative experiment targets, not universal regulatory limits."
145,0.8929819987462811,72.57723635187395,0.004399104111668397,272823.77843957546,4463.616455776165,946961291.755414,19.55933815207807,108.47948749883469,0.20914239942130675,28.316314376755287,baseline,29.10468558111245,27.95377302331235,25.891238517299428,600.0,463.0090350665439,9.637500640092185,28.289135993957785,34.480217774285656,14.628473870130579,10.209197913496936,62.583904387678736,2742.5,110.0,0.0,0.0,13516.148188643348,13655.819250259192,6.088590327977683,8.799833975026885,10.725678999220467,29858,True,"27/29 °C and 1000/1200 ppm are illustrative experiment targets, not universal regulatory limits."
146,1.1428559576636936,91.28532601573357,0.004033260809828953,329881.3244720218,5643.637525769305,1911598394.8683295,35.75480720691917,90.21205168897578,0.32043868252179974,33.46018594047641,baseline,32.760836546589246,31.3515681040222,26.00505612900622,600.0,444.20218801896704,2.7044307462056167,64.51351672829789,72.51723660003948,168.6972564140944,12.840802526213187,69.71609764173454,3527.5,3337.5,0.0,0.0,17090.853999350038,17476.986556110314,6.076395190379691,15.68038491049236,17.625735507844244,10094,True,"27/29 °C and 1000/1200 ppm are illustrative experiment targets, not universal regulatory limits."
147,1.0973295303807504,72.97177399366859,0.0045931074791901476,352247.16394530796,3048.09217378113,1182549683.244144,30.935550412969008,70.47941429810153,0.4590048852341281,35.43689998745202,baseline,34.316699835973566,32.6693635947391,26.409410771164573,600.0,445.1018736399094,2.1542713487287983,65.88002295211676,70.47941542859769,180.59650522327,10.264696208442714,72.5118275758953,3537.5,3397.5,0.0,0.0,16326.894858470516,16780.77917123717,6.328494998248035,16.676855829477468,17.841145120773035,17408,True,"27/29 °C and 1000/1200 ppm are illustrative experiment targets, not universal regulatory limits."
148,0.9186657893919151,94.11560546549453,0.003860648782738555,269158.1956741721,6239.558787585243,1805018913.3500376,18.926665961261566,119.51484045230863,0.16845865678795852,31.481584280545896,baseline,30.98508542977146,29.6081742096074,25.885875071489636,600.0,454.72939739701815,7.095885802060366,37.459152963149,45.23661455734649,34.38570163610867,13.23892850214623,62.12570654200332,3457.5,2692.5,0.0,0.0,13818.48209936986,14048.58551342093,5.921184213173877,11.326556825882127,13.678234686683075,6890,True,"27/29 °C and 1000/1200 ppm are illustrative experiment targets, not universal regulatory limits."
149,0.9057995689261112,93.05601394566986,0.005162736026216646,316049.1454052045,5386.780306925248,1034011460.2109193,36.97711477222585,94.38796959320665,0.3215986231318093,28.125588684392067,baseline,29.219732120311846,28.00789155420853,25.871405788391485,600.0,449.4419140778493,5.83311355994374,45.87324833049903,52.21600866184827,59.52283630402566,13.089879295024225,67.98707525838236,3267.5,200.0,0.0,0.0,13704.862106837843,13851.830392531954,7.66664578199962,14.067757832785661,16.012865702408586,70292,True,"27/29 °C and 1000/1200 ppm are illustrative experiment targets, not universal regulatory limits."
150,1.111823151605875,77.68435393755804,0.003899976981985817,378579.4664515427,4948.327137057789,1742669550.8608088,22.22283649957248,72.27179410285909,0.2384900495650235,31.530296863976,baseline,31.359045707743576,29.79261372906911,25.89951559900254,600.0,455.0062830545749,9.487225454577128,41.82399677409703,50.384542825092815,47.693669399836935,10.92759912054983,75.80336538917466,3452.5,2697.5,0.0,0.0,16704.096989379254,17002.421121477935,5.625158812065842,10.449302899398477,12.588068813002046,9392,True,"27/29 °C and 1000/1200 ppm are illustrative experiment targets, not universal regulatory limits."
151,1.0799599523089816,95.29372564171457,0.005807954704998181,370987.64377975056,5511.362494904608,1931379730.933524,19.383642266243044,114.4732934031654,0.4609503287397776,35.50593241906322,baseline,34.20746365784254,32.30233790874971,26.08709549516425,600.0,454.53457128933,1.973270839691395,53.91780829872554,64.64616225858096,104.52269670861789,13.404650740267849,74.85438755520062,3517.5,3302.5,0.0,0.0,16074.19294286226,16515.15699863531,5.306342322516876,13.86826329980722,16.627715921925788,18392,True,"27/29 °C and 1000/1200 ppm are illustrative experiment targets, not universal regulatory limits."
152,0.9676021458238075,86.85572401347068,0.00301244197987138,385703.5421516184,4476.478669063425,1146838814.5639806,35.36302515908053,99.37848417027949,0.35637057286157137,34.65563645152416,baseline,34.099478844248836,32.35843357160281,26.4283668885123,600.0,439.04834261198863,3.0520260856865207,70.11041257574809,79.61538615826154,217.05743581580433,12.217705177894874,76.6938748516841,3547.5,3417.5,0.0,0.0,14406.977887188923,14796.938827528502,7.176962633264944,20.12719245035731,22.855866059632085,11840,True,"27/29 °C and 1000/1200 ppm are illustrative experiment targets, not universal regulatory limits."
153,1.1972483500693816,86.79951957291539,0.003278111974752284,264471.49413428275,5345.04547014785,1437886562.5469856,19.885834184270823,67.96096974594886,0.2762795672978533,31.64574238160152,baseline,30.90970967435402,29.649745447131913,25.973469253538212,600.0,457.3857623416197,2.650456018091063,38.65738060435245,46.01654834405562,37.92416846038666,12.209799086590097,61.53986884951715,3427.5,2692.5,0.0,0.0,18013.083298143338,18308.775640687694,4.701178761211572,8.969034100873477,10.676460351166657,11978,True,"27/29 °C and 1000/1200 ppm are illustrative experiment targets, not universal regulatory limits."
154,1.090708794916119,98.64861977816005,0.003929490216104873,388308.8167082927,7034.875631387542,1397295853.3129396,33.1590771041583,70.81201381336355,0.22085869354980467,34.53646359587733,baseline,33.865890313907414,32.15836059412865,26.303962408144116,600.0,443.46843382157607,7.112048817158211,65.63089655388715,70.81204379667092,177.98974729503715,13.876572515461183,77.01953417126838,3537.5,3382.5,0.0,0.0,16252.523259844138,16679.532374621198,6.366909735039322,16.714639767532113,18.034155640282194,5726,True,"27/29 °C and 1000/1200 ppm are illustrative experiment targets, not universal regulatory limits."
155,0.8052533164342484,89.0619619236046,0.0055527299856159345,374352.6742691378,4698.602251431069,1703592250.5144188,31.202518051417726,113.13704562439793,0.4749472319707917,35.54883243764799,baseline,34.81771101016949,32.91420894473893,26.195323571006895,600.0,442.43572653853715,2.158057555760024,69.2931191802674,79.53340931834263,210.2845972184144,12.528049310587047,75.27501636637403,3552.5,3452.5,0.0,0.0,11961.634968274602,12314.23898279748,8.623925294955903,23.903147330604092,27.435607216581467,23222,True,"27/29 °C and 1000/1200 ppm are illustrative experiment targets, not universal regulatory limits."
156,1.0234558905002666,75.99768833414161,0.0059483680219472096,366975.3705379969,3327.5767839371383,1903308424.4821403,28.802707175114886,100.01331313343782,0.17855296349463398,32.81300832232904,baseline,32.37708585892119,30.782626625517604,25.92944769848077,600.0,451.18722372007585,9.580497639981331,54.23479550941167,62.94034357529877,101.4157984723765,10.69034149233592,74.35285339998141,3512.5,3247.5,0.0,0.0,15325.20072278431,15651.075465022535,6.785289438365527,14.719951406477003,17.08273794034289,5354,True,"27/29 °C and 1000/1200 ppm are illustrative experiment targets, not universal regulatory limits."
157,0.9768138733778196,76.14297034731598,0.005577469958934069,183788.97762343197,5500.469793158838,1864675308.3192644,29.42148395214575,61.54642110353197,0.25164827142231744,28.857955499513874,baseline,28.95899346621428,28.159177793289807,25.731650027151602,600.0,456.65334725449173,2.0328090350813,39.273696440539915,44.015078897758144,37.48289946476841,10.710777828855779,51.4545542856608,3337.5,0.0,0.0,0.0,14791.498430121175,14937.808057408643,7.109281137081495,11.168309971527803,12.51662280619943,29126,True,"27/29 °C and 1000/1200 ppm are illustrative experiment targets, not universal regulatory limits."
158,1.0678548669677697,65.2077222829298,0.0038810383448479825,213941.82251210313,5952.508164010821,1687043457.235702,25.103787180596782,97.27502415746946,0.4934201011117896,34.34294117575594,baseline,32.789045341556914,31.52375867539753,26.09908398185729,600.0,447.62023209404884,1.3679166103975149,54.96695756154736,62.464591766896305,106.52615540290763,9.172552934465457,55.2236598967447,3522.5,3312.5,0.0,0.0,15967.568966122528,16330.04144461447,6.503172537072909,14.298384354428277,16.248720708718025,37634,True,"27/29 °C and 1000/1200 ppm are illustrative experiment targets, not universal regulatory limits."
159,0.8995142039648987,86.60828334980359,0.004411914684912957,211346.38718055532,3513.8365162080836,933677029.0520003,38.41304285747291,62.993265772575675,0.4617129238149499,32.10225124799724,baseline,31.493381677352545,30.446154612903257,26.289218685314495,600.0,442.33913818394285,0.7920882876642281,60.3091209322812,62.99326571244012,134.9136226236336,12.182898524539036,54.89923048030121,3532.5,3312.5,0.0,0.0,13507.650516455078,13755.712208791703,7.720216550038419,18.623978941586632,19.452866099765917,41270,True,"27/29 °C and 1000/1200 ppm are illustrative experiment targets, not universal regulatory limits."
160,0.9753640255944973,62.827106735718964,0.0033331454061358724,178431.81125556713,5805.85341795773,1575498249.502134,33.57419844885155,76.40267716964367,0.31763089055472804,30.897091726720994,baseline,30.312432602091917,29.43051259703327,25.910648266118358,600.0,444.3089169539142,1.0127477805508533,50.93320694668132,56.2077497763481,81.85312557470894,8.837679680824467,50.78490848967769,3492.5,2697.5,0.0,0.0,14703.656905871218,14915.636435475353,7.1198488586983855,14.505469413967107,16.00762732380546,21350,True,"27/29 °C and 1000/1200 ppm are illustrative experiment targets, not universal regulatory limits."
161,0.8773713739159993,60.9346263879153,0.0052955256485254405,276342.7701691978,5412.33054748903,1907197516.2964578,36.1292823640309,82.03625453201695,0.34643798824652416,32.52683413909904,baseline,31.972447959577494,30.689132871936824,25.94552566004296,600.0,444.17642810019515,1.7703750402433798,60.948463703533406,68.12725584262452,140.79486692233078,8.571470778566752,63.02377835388153,3532.5,3337.5,0.0,0.0,13154.477966444229,13417.09565743736,7.91505701109108,19.296422598075296,21.56924456014244,16370,True,"27/29 °C and 1000/1200 ppm are illustrative experiment targets, not universal regulatory limits."
162,1.137036885310904,93.81878448962449,0.005331637244228242,260494.85684528312,7590.841823005295,1693205662.1799893,23.778572491616394,64.51591658182679,0.5612071183035295,28.262977482859192,baseline,28.886133725250886,27.914857071583373,25.739053995665643,600.0,466.0124741887537,1.2792558168439427,32.25202225699079,37.73232040288451,21.183541584343217,13.197175684873844,61.0427891883922,2882.5,0.0,0.0,0.0,17221.97472673296,17387.999095707488,5.809682834323651,7.879159583232578,9.217994813815078,131888,True,"27/29 °C and 1000/1200 ppm are illustrative experiment targets, not universal regulatory limits."
163,0.8325991959089207,89.558658587796,0.003868018175316484,265206.1265752058,3170.7438106011127,1325793704.710662,22.008937690135053,104.42773932989417,0.24590763636356708,31.57147730562587,baseline,31.162402510213553,29.781943577748798,25.990868663878643,600.0,449.73025671222103,2.935450922130258,41.54840294989506,49.248592306654224,46.04544594085528,12.597917974683307,61.63169790463253,3487.5,2722.5,0.0,0.0,12516.577293851644,12732.422538423221,7.519051829971107,13.861679303014878,16.43067228126733,12296,True,"27/29 °C and 1000/1200 ppm are illustrative experiment targets, not universal regulatory limits."
164,0.9763202536971052,77.78187848376746,0.005660742472351778,193986.23133021663,6053.555233273037,1487677311.6609483,22.308188412004917,88.07382736474702,0.3629525246408165,28.970827122626734,baseline,29.052837259740443,28.16566408619292,25.793929896484258,600.0,464.45932711537034,1.2348628922482021,32.260260722817776,37.45494357323289,21.212997097367797,10.941317573383289,52.72921099900888,3247.5,100.0,0.0,0.0,14779.423134757315,14930.259438122173,6.361063522151137,9.178528766746428,10.656494068587138,60326,True,"27/29 °C and 1000/1200 ppm are illustrative experiment targets, not universal regulatory limits."
165,0.9203639797884228,91.1296577959606,0.005502542693352135,309836.4383647995,4095.8602276413176,1577783128.4535506,37.255254798271345,99.81291669211237,0.16793706972412983,31.76717193895353,baseline,31.62512899340038,30.263344087976236,25.97103066663385,600.0,445.45827170546204,8.05963771569077,59.535820148903696,66.99779276815597,131.15742459080528,12.81890519663179,67.21048687833175,3522.5,3252.5,0.0,0.0,13815.370001926074,14074.554884740615,7.545324020656331,17.968682154359932,20.22080220418089,5738,True,"27/29 °C and 1000/1200 ppm are illustrative experiment targets, not universal regulatory limits."
166,1.1030996634586319,77.19674992083185,0.003607033141252352,239969.34145036625,6704.457690846162,1744484914.1963468,30.040670467353664,77.27392169203615,0.19459448341304553,33.24631363397834,baseline,32.155644165209424,30.960745064705254,26.033832943538982,600.0,445.90806616490124,6.151036126349936,56.52056993288045,63.61367641243486,114.1281240425545,10.85900948886368,58.47709976402758,3517.5,3282.5,0.0,0.0,16528.5258967908,16869.01823369545,6.295391680812413,14.23276503000927,16.018920370909413,6134,True,"27/29 °C and 1000/1200 ppm are illustrative experiment targets, not universal regulatory limits."
167,0.9947778789460773,66.08355677258712,0.005172163617012402,340239.89525116317,6786.643228237419,1767478209.315706,31.423930693988233,83.68152322702457,0.21592249961256976,33.38607273285936,baseline,32.746362054791064,31.22437075896051,26.05070390130993,600.0,446.7119558993669,5.3721473984915065,59.460314718980094,67.87416015669432,132.73160658568997,9.295753652677254,71.01091898912719,3527.5,3332.5,0.0,0.0,14877.253474400652,15212.520440631588,6.980899546943859,16.603459363314695,18.952907755482492,6446,True,"27/29 °C and 1000/1200 ppm are illustrative experiment targets, not universal regulatory limits."
168,1.1103670636451373,67.83473860646785,0.005465908426396323,345578.3534475593,4830.689390834111,885433070.8952917,33.9465968651577,103.43406113708875,0.21750890258342984,33.648823697032284,baseline,33.01949434151254,31.518588672439105,26.54863010035058,600.0,447.2134059930269,5.7321577669499675,63.7072005553989,72.14305645396249,163.24744234049052,9.542086563976477,71.6782262636767,3527.5,3342.5,0.0,0.0,16591.14058888362,16980.154072385983,6.254188071507697,15.937472551308971,18.04784972465914,5858,True,"27/29 °C and 1000/1200 ppm are illustrative experiment targets, not universal regulatory limits."
169,0.9940847458265152,87.95051878061557,0.0031471385831455772,192814.4883144723,6472.466975399986,1226389528.1819737,32.753013002278465,115.14757609844372,0.18621970131244542,28.166774921308516,baseline,28.613710630175717,27.848098597320863,25.807021195077482,600.0,448.0630126505253,5.2097080692474265,40.73951243687367,45.28901416837848,41.583355833788126,12.371706308473255,52.582743122040846,3182.5,0.0,0.0,0.0,15070.268586959348,15201.920786203616,6.985767032035686,11.383869715308796,12.655140083634219,22340,True,"27/29 °C and 1000/1200 ppm are illustrative experiment targets, not universal regulatory limits."
170,1.0017508729454938,65.64284733208231,0.005923805384543435,166393.59212418064,6888.718704156445,1343349819.5242996,24.086530646037595,85.08143620650117,0.45670466283064615,29.788966072600573,baseline,29.434780986928047,28.579734584524243,25.886827366977855,600.0,461.6239936352212,0.33179238556476776,36.47309220239993,41.54658854133573,30.508276260828964,9.233760524712913,49.28013109825439,3387.5,1347.5,0.0,0.0,15145.243542339613,15319.154108301105,6.69391675860889,10.113706685252778,11.520548023408477,69290,True,"27/29 °C and 1000/1200 ppm are illustrative experiment targets, not universal regulatory limits."
171,0.9269003320623344,79.2469161393806,0.0056991212603836345,258262.74674421555,4621.967712765771,1233462963.770021,27.988858978125172,105.94989801838898,0.5017740289697985,29.161538122757097,baseline,29.523055317821616,28.440702185544442,25.87052849863477,600.0,456.46920889735543,1.207526122845593,39.52048046273196,45.52930519244064,38.596865126107005,11.147399536939536,60.763775425758745,3377.5,1015.0,0.0,0.0,14009.627907644304,14174.51126161481,7.492115607503556,11.843680339634941,13.644432721243088,110504,True,"27/29 °C and 1000/1200 ppm are illustrative experiment targets, not universal regulatory limits."
172,0.9629122850460488,66.2361503069044,0.0036963887986236504,254523.24368344186,3427.1758190596493,1962177331.6813588,21.223640323919284,95.89553022782596,0.19290669913118083,34.564352599550496,baseline,33.03890911715223,31.592068632958018,25.986226162429944,600.0,447.7521905610735,8.54882904891565,51.52419324649681,59.97452053731852,88.87606622053642,9.317218476504554,60.29633754316204,3522.5,3307.5,0.0,0.0,14386.128824704014,14725.219698610035,6.402005207939264,14.86353027588616,17.301252976897405,9578,True,"27/29 °C and 1000/1200 ppm are illustrative experiment targets, not universal regulatory limits."
173,1.1682761010572387,65.29347923868065,0.005736706124641668,271608.0122138666,3338.214941134213,1266049378.1958842,17.380391311836547,98.56608037957619,0.5574797250706791,30.571395895811936,baseline,30.150851873103306,28.95507580201096,25.91820470287945,600.0,471.2460057515625,0.9999578064162051,32.0500809791833,38.959739491311836,21.86447682319611,9.184616079574411,62.431933609465126,3332.5,2512.5,0.0,0.0,17621.21711690535,17865.72102554563,4.184065709358933,7.620459122581312,9.263349518922935,71888,True,"27/29 °C and 1000/1200 ppm are illustrative experiment targets, not universal regulatory limits."
174,0.8039015231380365,88.30721867253675,0.005619509195631528,368074.1100978425,6604.191007910091,969813159.4726505,29.99117525190071,110.92688174208874,0.3292341984666709,34.14890246680034,baseline,33.777257503952114,31.925529695124936,26.5770956524791,600.0,444.50186481554204,2.887843152275309,62.20833069047115,72.10922781628958,152.44661188333478,12.421882093270169,74.49019584496213,3547.5,3407.5,0.0,0.0,11982.166000996061,12293.566847253094,8.638426778116735,21.49528438634028,24.916411380702236,13634,True,"27/29 °C and 1000/1200 ppm are illustrative experiment targets, not universal regulatory limits."
175,1.10368330581095,63.761272040480414,0.004274937919547027,262865.4195579792,6874.879740751801,1477925615.766014,18.11362336753603,80.04337915962651,0.5771762823601154,35.19598110328133,baseline,33.42939705403205,31.86496701126393,26.243388116405015,600.0,453.3643830087071,1.1436421757971402,50.05355496076212,59.24512458719446,83.8287680741795,8.969085600360913,61.33910952747921,3507.5,3257.5,0.0,0.0,16468.83960553278,16877.94351380327,4.883266653639009,12.597604035210388,14.91096129238488,52664,True,"27/29 °C and 1000/1200 ppm are illustrative experiment targets, not universal regulatory limits."
176,0.968472048521303,61.87506042399691,0.005338973259764831,314730.4190906658,6637.642847308389,1632341567.132924,17.617760001560022,105.50331758226548,0.399620277409792,31.456558705054743,baseline,31.02939444814257,29.551977110792294,25.924743130063348,600.0,462.2806748777262,2.2653884735773318,35.82370320125487,44.0154004085402,30.53183526448864,8.703758499642232,67.82223446906502,3432.5,2687.5,0.0,0.0,14565.51327973189,14810.241709354774,5.231184563943769,10.274977664258685,12.624525542220075,28298,True,"27/29 °C and 1000/1200 ppm are illustrative experiment targets, not universal regulatory limits."
177,0.8475710633370944,67.30331390054764,0.005075029236964538,200892.78125018114,7920.936859031688,1264390677.047242,17.327019558459,62.628491143084176,0.3480560555813048,33.02308207240743,baseline,31.737741556248807,30.42834439019367,26.1872073486644,600.0,455.5068271948511,1.439469506003661,40.73870201615424,48.3364556995787,44.391977391614404,9.467332822010368,53.59252973900444,3497.5,3097.5,0.0,0.0,12717.386822623053,12961.378010901979,6.101118364513422,13.351454061023908,15.841495575625727,32186,True,"27/29 °C and 1000/1200 ppm are illustrative experiment targets, not universal regulatory limits."
178,0.9229857244062007,96.29442405598634,0.005861713899456572,322409.597825034,3774.526412343402,1482084036.3962874,34.988476663450435,74.21849582347323,0.2584195524199228,33.602060798192966,baseline,33.03501920250466,31.51742619816635,26.12747570403883,600.0,445.1079644350467,4.11446539183089,64.74143541863162,73.13467250504057,170.03798369535556,13.545415650542079,68.78213181086105,3537.5,3387.5,0.0,0.0,13790.462144828078,14114.647597327184,7.523891497793343,19.48430142004717,22.010293626183014,8672,True,"27/29 °C and 1000/1200 ppm are illustrative experiment targets, not universal regulatory limits."
179,0.9387577859233713,80.71820702445656,0.00412569385457967,371312.105971882,7297.185206583861,1223496990.8461893,37.77833230995387,80.33703385812534,0.26504713092013266,31.666934809623644,baseline,31.81921820856809,30.280200971526376,26.151998499066508,600.0,442.5596708468948,6.252055956094409,60.15309802720068,68.37734003015139,135.57990478007335,11.354361121440224,74.89494532921705,3522.5,3237.5,0.0,0.0,14082.267396333606,14355.839941164839,7.397482661210444,17.79925998697237,20.232807491709426,10502,True,"27/29 °C and 1000/1200 ppm are illustrative experiment targets, not universal regulatory limits."
180,0.8577258548523136,62.19201343613503,0.005484042368869823,248426.96122006627,6939.435767262537,1048509893.8333542,33.724884119664246,115.86538131985313,0.4476372871781822,34.696963540045616,baseline,33.596457976635236,32.24409316620416,26.563021418421783,600.0,442.9414486771942,1.9243850944330916,67.80409575920902,75.61769411922315,195.43848942486227,8.74834322334966,59.53430223524009,3547.5,3432.5,0.0,0.0,12791.85124247369,13116.668932388178,8.096345009490433,21.958614092923334,24.489077616453855,41480,True,"27/29 °C and 1000/1200 ppm are illustrative experiment targets, not universal regulatory limits."
181,0.9222449413199405,85.71043050776615,0.005634493165737055,236149.10683392157,4294.966814873525,1169352722.767439,25.288741414111243,62.49855201677063,0.452855472187464,31.915914126345697,baseline,31.248336611825607,30.037240030695052,26.105180844391157,600.0,453.0268627649961,0.6413961747894064,46.317998734738254,53.34965160399146,63.09487465926808,12.056600558092438,57.999570436972,3497.5,3042.5,0.0,0.0,13860.137721458848,14103.31926154458,7.5299349807279805,13.950860756400798,16.068776312901836,35792,True,"27/29 °C and 1000/1200 ppm are illustrative experiment targets, not universal regulatory limits."
182,1.198495449497295,66.43008638322475,0.004334511742552744,201717.0944816267,3868.7083503341455,1476753163.4976795,31.177190685640348,88.92017527704435,0.595321308900847,34.04373183206714,baseline,32.60811980326457,31.468497559528924,26.13111808670027,600.0,447.3230660856944,0.8766299609415,60.664044011805395,67.52550220335698,141.2819286406297,9.344498817906947,53.695568892935135,3522.5,3322.5,0.0,0.0,17931.67818247931,18327.846757909087,5.794301886884317,14.060231387345492,15.650525793188898,41024,True,"27/29 °C and 1000/1200 ppm are illustrative experiment targets, not universal regulatory limits."
183,1.0634216321379428,66.24770916325176,0.004663746169863217,325082.319688707,6581.855408690984,817144454.1126806,39.72308020697835,94.0236225507186,0.42775007990387237,30.421673152111232,baseline,30.64805538106532,29.424813126033094,26.260436876612005,600.0,445.9216657711854,2.249090645069373,56.99707850120098,63.724847178942625,114.63917453855042,9.318844422297413,69.11622204382019,3487.5,2692.5,0.0,0.0,16013.63545080986,16262.246736977515,6.530283224052037,14.888282622254794,16.64565201951715,33014,True,"27/29 °C and 1000/1200 ppm are illustrative experiment targets, not universal regulatory limits."
184,0.9259618456449739,79.58733166346029,0.005384093679317597,180805.14930442904,6729.248243806182,1163538378.9170513,20.13430805748438,118.17641126082935,0.3365776239389864,32.97175940727588,baseline,31.687512950081498,30.48112476877812,26.22322584132371,600.0,455.13374378253343,1.567389632749837,43.839041108680796,50.926997763644714,54.57937549922766,11.195284653993415,51.081575745785436,3502.5,3142.5,0.0,0.0,13895.895900775857,14160.159571544584,6.3103858618954405,13.151202154118797,15.27750666424651,32264,True,"27/29 °C and 1000/1200 ppm are illustrative experiment targets, not universal regulatory limits."
185,1.1827910231671925,94.40028185158744,0.004049111806907554,234859.3881232972,5317.990907130759,1217413062.4597714,23.94234527544071,63.2773024194683,0.48428455049152286,33.17262720168914,baseline,32.01495838369351,30.74028566740492,26.197343275413516,600.0,452.3972191712229,0.8942297616886208,49.15801743346425,56.70448286683498,76.76800175545037,13.278972980456631,57.83835559814395,3492.5,3157.5,0.0,0.0,17731.116663135595,18087.68871699227,5.670147396349591,11.544731550349926,13.317014529422066,33452,True,"27/29 °C and 1000/1200 ppm are illustrative experiment targets, not universal regulatory limits."
186,1.1523832666678353,66.53917935419314,0.005248309353415042,277583.9384952407,7450.424445834482,998690955.4826951,21.39121994356162,86.62015468712505,0.36660129998125246,35.244906957357095,baseline,33.697757035142104,32.12316484373633,26.626711264780454,600.0,453.347323118841,2.7410032921034144,54.83863819794592,64.1365993621347,108.74112892134652,9.359844562489833,63.17892439463688,3517.5,3297.5,0.0,0.0,17180.369543066143,17622.68177716134,5.355512634519544,13.218653459826527,15.459893041099361,19292,True,"27/29 °C and 1000/1200 ppm are illustrative experiment targets, not universal regulatory limits."
187,0.9328728285015702,94.75854139794389,0.003982865320429129,347240.2179498008,6353.102405147636,1325371793.259907,32.800008753035485,105.18632166395932,0.20265337626540833,29.363884343517803,baseline,30.122042682603023,28.731638382936495,25.894755657152643,600.0,447.39266604893703,13.978039628535043,46.019553318949846,53.32588413592864,60.79180248303661,13.329368156644106,71.8859593264569,3432.5,1557.5,0.0,0.0,14073.229637013827,14265.844941309952,7.444149119016554,13.703056691871833,15.878633336450081,13820,True,"27/29 °C and 1000/1200 ppm are illustrative experiment targets, not universal regulatory limits."
188,1.0947138470431426,97.80755532515892,0.0054557878715723405,381191.23697859223,3631.637115318684,844765395.3836579,32.65299973429282,65.09173284013735,0.42275776707008506,33.066260040340005,baseline,32.76760618046768,31.155638980617546,26.494490250968738,600.0,448.42041328699236,2.155747617551242,59.56934383720353,65.09124631666671,133.05747552869636,13.758262782405687,76.12983670505584,3522.5,3297.5,0.0,0.0,16370.61703192917,16740.779150044764,6.343616154305176,15.115402074681754,16.51655526553057,17780,True,"27/29 °C and 1000/1200 ppm are illustrative experiment targets, not universal regulatory limits."
189,0.9697397071485673,94.65078788259072,0.004373783251370381,263733.7462953485,3227.329078615572,1766832558.6429462,34.149964220478346,72.22704143186024,0.25365281905805714,34.88154560297111,baseline,33.68393544633375,32.315333724502295,26.09255878897045,600.0,442.1021683556074,6.1837167224730365,67.72365048823488,72.2270052280383,194.24413957843237,13.31421082881776,61.447650369650376,3547.5,3422.5,0.0,0.0,14458.252213724838,14829.627225646544,7.161142720311991,19.399149067471072,20.6891157079481,16094,True,"27/29 °C and 1000/1200 ppm are illustrative experiment targets, not universal regulatory limits."
190,0.9158159206555805,87.69283601497128,0.0032450924625894825,166661.2649439874,5770.568609677829,1443209405.880938,34.252295877836715,77.79027814210106,0.5339893944422447,33.500430331959876,baseline,32.30129214574015,31.264744633458726,26.154786605499964,600.0,440.2712033427286,1.0078324466157937,62.50743421465691,68.73680802023055,152.31052333474506,12.335458932772626,49.31359020073023,3537.5,3377.5,0.0,0.0,13716.043664630715,14005.00424033257,7.582795065926908,18.959242549866048,20.848685148134773,43844,True,"27/29 °C and 1000/1200 ppm are illustrative experiment targets, not universal regulatory limits."
191,0.8014787969026811,81.91100608213952,0.0035575495392509574,302114.85321123956,4259.421878932407,1610021817.250341,21.864802989696084,97.95789212783987,0.30530032482811653,34.142519835313244,baseline,33.18431845781686,31.497857793991496,26.091464426218067,600.0,444.46717949857225,2.9860124390543206,51.603560316610064,60.90757737246423,88.68520680173864,11.522148188887625,66.24528873413674,3532.5,3337.5,0.0,0.0,11969.0824559072,12256.517599217495,7.912967749459433,17.884842824993658,21.10944364059767,13334,True,"27/29 °C and 1000/1200 ppm are illustrative experiment targets, not universal regulatory limits."
192,1.0727873567719868,96.83549052937141,0.003711394282482982,347665.3260192049,3319.533854865814,1179384228.2855968,25.20265475129849,65.46272500315014,0.20146537715354942,32.83144742021698,baseline,32.307739645877064,30.72853078172833,26.17181630310364,600.0,449.0628786505818,7.090790480258875,50.339675435981505,59.123477005472346,82.21097596507998,13.621525667798245,71.93909783513242,3502.5,3177.5,0.0,0.0,16067.297727167423,16405.4709485851,6.473272080070232,13.034496620781455,15.308894119047938,6248,True,"27/29 °C and 1000/1200 ppm are illustrative experiment targets, not universal regulatory limits."
193,1.1068743499717055,87.78211976000699,0.005978624357699996,227864.15407348008,7252.482539931475,819355440.3442558,20.386966390539882,111.50755338320249,0.3957860772879491,28.02725341282243,baseline,28.667391424980394,27.775067672055634,25.93916200345666,600.0,473.71756672213144,2.0197565236885566,28.07417216685967,33.22580273572995,14.12896414494536,12.348018179574318,56.96395134191682,2697.5,0.0,0.0,0.0,16777.149960256727,16926.74217081993,5.116485844798953,7.045407780621501,8.338245121544103,87332,True,"27/29 °C and 1000/1200 ppm are illustrative experiment targets, not universal regulatory limits."
194,1.1436170987659637,95.77892982772687,0.005733385038940748,206045.5974310081,7489.118666782018,877281222.4628711,25.50378997001914,84.35512490354094,0.40153678543728566,34.45644217484805,baseline,33.021401073634536,31.721920961181212,26.68735736844559,600.0,452.3491673849138,1.8148522670235252,56.537861871589314,64.30895545214852,116.52667451538693,13.472902795766915,54.23663176160781,3517.5,3307.5,0.0,0.0,17087.434688656787,17488.626214391374,6.07235100973739,13.73270970497354,15.620262023000437,27206,True,"27/29 °C and 1000/1200 ppm are illustrative experiment targets, not universal regulatory limits."
195,1.1063252638658705,65.11673140064117,0.005711090620032373,350557.4410773794,7419.872038830323,1148135313.3446782,36.51865373752324,102.8775551827296,0.43831639916581544,34.27618572219441,baseline,33.5280312514401,32.012590453867475,26.45356126350265,600.0,445.7436907283892,1.8386699152033543,69.19684820817817,77.72814775446682,208.47493911697165,9.159753550356859,72.30061221740424,3537.5,3387.5,0.0,0.0,16503.104305629047,16918.345337933446,6.277036845545977,17.374046631935464,19.5160978956332,16202,True,"27/29 °C and 1000/1200 ppm are illustrative experiment targets, not universal regulatory limits."
196,1.0707118421103734,69.10390031942488,0.0032225591649387747,362597.35929554724,7696.560116395319,984003653.458803,25.183810908610113,110.29253994298904,0.5519318509256488,32.91720236775096,baseline,32.41361862221618,30.804915072474728,26.410781101882947,600.0,447.72298874968027,1.1241043314366834,50.771068335542786,59.67850463193784,84.4691902623371,9.7206153115991,73.8056019946752,3502.5,3187.5,0.0,0.0,16030.144884767185,16373.731391561505,6.485820153774466,13.171680729572966,15.482561923557812,31508,True,"27/29 °C and 1000/1200 ppm are illustrative experiment targets, not universal regulatory limits."
197,0.8751428727257496,75.8947507377535,0.005095295567609993,360675.5366952707,6867.631911389757,1071489074.099649,22.493846516516747,93.64426604447905,0.15019390603851682,28.144165169030277,baseline,29.475677738391994,28.008984775180032,25.871757771096668,600.0,461.2568304573922,32.12867009379261,31.527397223818447,38.95818461841526,20.181987051160974,10.675861603777326,73.56537416964063,2752.5,465.0,0.0,0.0,13231.392926234055,13383.016572421353,7.1426329501728025,10.007063546861575,12.365658553390379,16598,True,"27/29 °C and 1000/1200 ppm are illustrative experiment targets, not universal regulatory limits."
198,1.0758785956242929,74.44508980771727,0.004327931519334711,250217.44800963305,5614.566753983419,1876564481.830898,32.05925890051408,102.53228470365208,0.5044496529048638,29.177960080267514,baseline,29.38305741100379,28.43212499862388,25.754377715976545,600.0,451.7239895405914,1.0724956505728187,43.508807456724654,48.958597385446,51.05001893113596,10.47194263295223,59.758113083935946,3382.5,855.0,0.0,0.0,16268.85903811712,16452.743344989216,6.454672927492194,11.233404863935643,12.640469324473134,89714,True,"27/29 °C and 1000/1200 ppm are illustrative experiment targets, not universal regulatory limits."
199,0.924252752956598,83.52305471771254,0.0036133032403135134,196003.70027914966,3012.596711417874,1777641485.597189,30.104275147234794,106.1217620628124,0.3229778933891014,29.064578712751885,baseline,29.175967484005184,28.315138599031346,25.740194946613315,600.0,448.7836543457929,1.396303321569576,40.874072045281,45.94097020950054,42.27433419294466,11.748909696958231,52.98139461762551,3387.5,500.0,0.0,0.0,13985.556114162015,14134.023478244642,7.513577235480032,12.284419889631762,13.807241117678783,44762,True,"27/29 °C and 1000/1200 ppm are illustrative experiment targets, not universal regulatory limits."
200,1.0344122561592675,61.647366955087136,0.005903524980478287,287267.46177489834,7381.407750944018,940482141.8319929,31.868088930524905,83.08814837883162,0.23677816010601802,29.79434289841972,baseline,29.997110283184327,28.875678271453033,26.0882578524251,600.0,454.2991201912383,5.825532400558586,45.9461218324713,52.17829715243439,60.46611155238311,8.671729618348925,64.38936480459411,3437.5,1947.5,0.0,0.0,15610.602362054426,15818.624362188573,6.713420498543682,12.338225445547927,14.01179398729026,15806,True,"27/29 °C and 1000/1200 ppm are illustrative experiment targets, not universal regulatory limits."
201,0.9148415987863593,81.69130037563832,0.005115408553854674,278519.76930138736,4386.075141687642,1138181671.547872,16.677118367647555,105.64693056593542,0.4828154236633543,32.19707499842554,baseline,31.47213897493333,29.98723041742176,26.12089551174506,600.0,459.6203470601506,0.8923891461017774,37.47420888357214,45.886796276483224,35.115596017157955,11.49124291950646,63.29590324540522,3462.5,2722.5,0.0,0.0,13738.82193975147,13990.104540947434,5.34951216727624,11.378475226168453,13.93282981002675,37514,True,"27/29 °C and 1000/1200 ppm are illustrative experiment targets, not universal regulatory limits."
202,1.1766919685187107,70.31798574056806,0.0049041485167112585,189120.2677017221,6012.337509808776,1627018700.7229004,15.689248039384768,111.18216924835619,0.35922704133039707,31.995249301880317,baseline,30.730776091194855,29.55437949091133,25.925700914546667,600.0,467.57715412160616,1.0072750776453177,33.92573113707967,40.87353043481121,26.26554983847206,9.891396660839908,52.12096554544706,3402.5,2677.5,0.0,0.0,17714.251491275256,17994.419661183696,3.824021788695097,8.008735044403853,9.648879025159834,23702,True,"27/29 °C and 1000/1200 ppm are illustrative experiment targets, not universal regulatory limits."
203,1.0132573825044904,66.93243898365547,0.004148381986168275,277250.6745111762,6335.646206330313,1452342577.7628813,32.8777715083194,84.18949194969251,0.19007321979171177,30.916585814650738,baseline,30.708097994335446,29.548852932889375,25.96169678993681,600.0,447.0967982551899,5.753078361434746,50.945655654423156,57.48369497793715,82.464189107284,9.415163083700868,63.137266396628824,3487.5,2697.5,0.0,0.0,15255.42566666375,15495.116014542939,6.853583861663766,13.966412936601357,15.758772968383699,7154,True,"27/29 °C and 1000/1200 ppm are illustrative experiment targets, not universal regulatory limits."
204,0.9733135814034761,77.65224207399373,0.003564310809028945,354762.27732219105,4851.510161097898,875225563.2008629,29.738353480450627,80.23220625506502,0.290693490382154,33.258447104543144,baseline,32.82528790914495,31.206137418969053,26.506164093372774,600.0,443.8246197358413,3.3007730070967227,57.676588052343675,66.55282845151152,121.84092900726529,10.923082051741785,72.82621674800568,3527.5,3317.5,0.0,0.0,14552.44984581721,14884.280265592153,7.134847984378124,16.460547520442862,18.993772557277197,10256,True,"27/29 °C and 1000/1200 ppm are illustrative experiment targets, not universal regulatory limits."
205,1.1448060300644587,83.63331222024473,0.004303595346132755,390455.60232411104,5573.624114311596,1371331071.8512244,29.170354502653034,66.28338136981543,0.2548361846318102,32.50254455045069,baseline,32.20447537592696,30.61938333773603,26.106412655291933,600.0,449.3815363788375,6.790845241339412,53.627279352422,62.339303225625635,98.35738455779976,11.764419252314427,77.2878823732457,3502.5,3172.5,0.0,0.0,17151.765306289544,17506.80780252643,6.066044606747429,13.012218747611888,15.126119764807958,8126,True,"27/29 °C and 1000/1200 ppm are illustrative experiment targets, not universal regulatory limits."
206,1.1315584417424862,89.63094317253753,0.004948774026999161,253636.13407899858,5307.778627480719,1972990842.2244267,38.31963747430332,68.61609280198815,0.34125689904851486,32.90436372035997,baseline,32.07788094190289,30.93692852300519,25.95100138863654,600.0,445.46764388390125,2.0758469865104416,64.11987299811622,68.6159081877108,163.81483766471464,12.608086006270279,60.185448842606625,3522.5,3322.5,0.0,0.0,16959.615314758765,17304.220659806095,6.137062115634698,15.740305737441892,16.844003626746744,13388,True,"27/29 °C and 1000/1200 ppm are illustrative experiment targets, not universal regulatory limits."
207,0.8573789037096706,67.7340967184703,0.004053750855403042,307225.67301685666,4878.527210489787,966273304.0750439,31.94426398963163,73.32326739533677,0.23537981192928042,33.593917595873776,baseline,32.979469727511,31.460486177131255,26.459106844674295,600.0,441.8555288791085,4.8880112320621265,61.379159553716676,69.75625494282497,145.42810715803824,9.527929605064823,66.88414120983889,3537.5,3382.5,0.0,0.0,12812.532460721872,13111.363223987279,8.099621316080343,19.885917963375203,22.599969978593595,8102,True,"27/29 °C and 1000/1200 ppm are illustrative experiment targets, not universal regulatory limits."
208,1.049628668773098,87.66530799412317,0.0049410961031843325,245669.74921886058,3692.256728427884,1214394228.0545309,25.969230017480974,63.898564217657295,0.4236764888597324,34.33455494123626,baseline,33.00610266836628,31.653727731534527,26.27938629852099,600.0,449.0404754080792,1.7177440860396018,56.53826730311344,63.85911909712134,115.78248696366644,12.331586657839992,59.18965073508938,3522.5,3327.5,0.0,0.0,15683.887942737349,16051.31951235237,6.616096388222462,14.9625050440194,16.899923488541297,33974,True,"27/29 °C and 1000/1200 ppm are illustrative experiment targets, not universal regulatory limits."
209,1.0428058024720643,84.82424255508576,0.005439317600431199,281062.0803680975,6163.646894507616,1458011570.276368,15.432840077415099,73.28662718847112,0.38429055328529194,35.44905256223343,baseline,33.70133294801769,31.97985573265665,26.252112249020797,600.0,457.29870528293213,2.519826242918498,48.07640696841615,58.136885136926146,75.72339941723875,11.931943452748731,63.61369212874399,3507.5,3242.5,0.0,0.0,15546.547478107852,15946.981654359253,4.546255957797596,12.806370524184405,15.486234083061579,23690,True,"27/29 °C and 1000/1200 ppm are illustrative experiment targets, not universal regulatory limits."
210,1.025975379640734,92.95652369127993,0.004869670326875752,258808.41150467098,4540.366928475966,1655444260.4368205,20.325831987034885,112.49626569109613,0.3532200165948063,35.103641796812035,baseline,33.499730688719126,31.966732568552906,26.12922084279478,600.0,451.44879473510207,2.9614063070184784,52.859371185557265,61.863282318322106,96.97310638049923,13.075884332573377,60.83198352081567,3522.5,3307.5,0.0,0.0,15305.666102323186,15689.604448085485,5.805788527297055,14.31141424445916,16.749178810158405,25784,True,"27/29 °C and 1000/1200 ppm are illustrative experiment targets, not universal regulatory limits."
211,1.1706178423837779,64.52674402326194,0.004456366194853491,216710.15109459875,5491.600882818539,1986565885.5424109,36.751405274855024,107.8178650197453,0.43607470998997655,34.4742886611191,baseline,33.07567179050562,31.944174994913716,26.03563233192932,600.0,444.0759013046274,2.0006499469454866,69.02351638527945,75.87203832722777,206.2095698949161,9.076761992605514,55.569700969556656,3532.5,3387.5,0.0,0.0,17487.73850994892,17901.531821654597,5.932289935290225,16.37870046202933,18.003797173542697,23690,True,"27/29 °C and 1000/1200 ppm are illustrative experiment targets, not universal regulatory limits."
212,1.0667660854175636,67.87579918287744,0.0059627386230382785,235763.3777725849,5067.891943654737,1388289760.0760226,31.35279025476707,76.59032783456686,0.32834270488900086,35.07847994737905,baseline,33.60045868046086,32.31996829370501,26.289761252516143,600.0,447.3843054945588,3.7618994772055885,65.9004265953148,73.55893926556638,181.23383995439022,9.547862418391427,57.95135430430492,3537.5,3392.5,0.0,0.0,15908.89447946796,16313.391384396567,6.509809919319084,17.159970029501576,19.15418849942296,19622,True,"27/29 °C and 1000/1200 ppm are illustrative experiment targets, not universal regulatory limits."
213,1.1045293622107575,93.6705475142645,0.003127550381385744,333941.30468995345,7966.027774159408,1573962551.6492572,39.81376381383002,74.04499904923689,0.47366746527028014,31.007635991887067,baseline,31.069180856073785,29.79241968615375,25.96884069258965,600.0,442.4561825103517,1.7177160953579005,59.274630645913874,66.34439457524536,129.16708563392544,13.176323683673205,70.22359516897599,3497.5,2977.5,0.0,0.0,16609.602990348187,16890.881729005272,6.2872429489288315,14.906960143155311,16.684933079766544,30080,True,"27/29 °C and 1000/1200 ppm are illustrative experiment targets, not universal regulatory limits."
214,1.1733634380015974,78.38779381577642,0.005601032109636065,238251.61923369244,3789.5921830232614,999206492.3239217,22.051841790336002,69.50079891965538,0.2661194280392411,29.217498167731293,baseline,29.309029121591664,28.34043734713024,25.929616600387362,600.0,467.6312714110982,3.7127555009064963,33.045870034650434,38.696850761438576,23.04112976872885,11.026549663419216,58.262384486943354,3237.5,865.0,0.0,0.0,17747.193273279012,17943.518510685153,5.229126411010871,7.823158661388218,9.160951213733048,26132,True,"27/29 °C and 1000/1200 ppm are illustrative experiment targets, not universal regulatory limits."
215,0.8237269559213354,79.72029777042762,0.0035213775109521677,261745.50795987586,7138.681370587842,1382283765.493612,29.617771446893855,75.96528066609196,0.37659643230191764,34.626595811500394,baseline,33.52894160969038,32.08162031945739,26.30801431084427,600.0,440.3011980777049,2.5271043223619927,62.76629030962145,70.99197375651119,156.00693632629046,11.213988553040151,61.19912057771628,3547.5,3417.5,0.0,0.0,12287.469753026659,12596.744881107072,8.430517411776467,21.16609213311521,23.93996283402582,33434,True,"27/29 °C and 1000/1200 ppm are illustrative experiment targets, not universal regulatory limits."
216,0.917066639313046,82.02170494952327,0.00560668854036964,379981.8621474934,7360.186254811865,1492423462.1059523,18.227262493066895,64.91322244740931,0.4077187136395497,30.637855169058216,baseline,30.962975581442436,29.255098450863564,25.931105103055245,600.0,462.9274824345832,4.173864035925362,34.66876263916583,43.702672000347675,27.76373444468959,11.537719829566273,75.97866485116847,3407.5,2652.5,0.0,0.0,13795.573510304968,14024.130704184312,5.657837048479658,10.501103661808596,13.23745798920481,34856,True,"27/29 °C and 1000/1200 ppm are illustrative experiment targets, not universal regulatory limits."
217,1.1257774810652463,94.01843305887141,0.0037273167695531777,365442.12802747195,3613.6128383799773,1549166208.984136,24.105379456113774,97.07798665975895,0.2287757215527353,29.902821210271263,baseline,30.315734250581045,28.90930697068245,25.838462910744397,600.0,455.9951611705083,12.139427634247113,38.452883630028985,46.05231301587333,36.52909536281963,13.225259583614578,74.1611980861658,3372.5,2112.5,0.0,0.0,16972.13119847146,17215.816017593737,5.958229249372397,9.487982077763629,11.363088519919083,12704,True,"27/29 °C and 1000/1200 ppm are illustrative experiment targets, not universal regulatory limits."
218,0.8290126914920172,85.99050478997594,0.005342685400965793,283795.2274745405,6120.197906932697,1003926688.1436093,33.40133521463673,60.586993322981286,0.4729336752364638,29.974126724930034,baseline,30.33067208470868,29.062904283614433,26.06522815934835,600.0,448.16932233237543,1.451626425347058,48.57879706841728,55.417275552946194,71.23231483652843,12.095997673789947,63.95533551704936,3482.5,2227.5,0.0,0.0,12496.741552090942,12677.57635325235,8.376764934618995,16.277326553947592,18.568699624961525,69476,True,"27/29 °C and 1000/1200 ppm are illustrative experiment targets, not universal regulatory limits."
219,0.9183760716853372,80.7427030543602,0.00497949636184662,274121.0911470321,6573.03492013363,1202861080.9706702,39.145340383576524,66.70329349508621,0.2958287627107914,32.642014846683374,baseline,32.14288417342857,30.874825576807037,26.234992283002555,600.0,442.8845207980076,2.410180512611987,63.59742130891874,66.70329910746199,158.56741165097813,11.357806896313337,62.746068476110814,3537.5,3362.5,0.0,0.0,13761.618998170743,14044.155040421272,7.561656557210275,19.23607431449,20.175497563339928,12014,True,"27/29 °C and 1000/1200 ppm are illustrative experiment targets, not universal regulatory limits."
220,0.9383674131334099,78.61228074028836,0.004349550314419544,240241.02350379145,6037.237852479027,1384079022.2320917,38.53480225351649,75.1281822418787,0.22116930235466786,30.83149527083163,baseline,30.625214683561637,29.57792638676272,25.980770214067945,600.0,443.7527263826385,2.7692637542349985,56.73030154715286,62.74722762722477,112.73614397635326,11.058127490800562,58.51106002070574,3507.5,2802.5,0.0,0.0,14131.567466237371,14349.870212472193,7.400560108172828,16.79344026217899,18.574585187059185,9752,True,"27/29 °C and 1000/1200 ppm are illustrative experiment targets, not universal regulatory limits."
221,0.8525148587722244,66.99366926638605,0.0030202779799445335,301595.5372101589,6174.759892036147,1690193152.4991875,28.141333751411995,85.01234688059765,0.42017138406741517,32.03711830700909,baseline,31.66901037327267,30.230017241457116,25.96741355477974,600.0,442.9764210010559,1.2048627645563101,50.29463235022707,58.161017114922586,80.27015106545583,9.423776143471637,66.18037423400168,3517.5,3182.5,0.0,0.0,12794.58724798269,13036.980404866446,8.145833908919428,16.38766886540463,18.950799415679185,25598,True,"27/29 °C and 1000/1200 ppm are illustrative experiment targets, not universal regulatory limits."
222,1.0901917304875213,87.06913985051327,0.005030323650616697,275881.5463773861,7944.70933654075,1322549028.0179539,21.749594138570185,70.22693710847142,0.5691096934534507,28.72081152029006,baseline,29.231992578164636,28.15421445019886,25.838610013973494,600.0,465.4633239972398,1.3300343824812444,31.648053417832447,37.669440166125646,20.28309043161193,12.247725672305533,62.96612537990506,3112.5,480.0,0.0,0.0,16493.56250023749,16671.6252293623,5.546554120092314,8.063834739845817,9.598067098527784,144806,True,"27/29 °C and 1000/1200 ppm are illustrative experiment targets, not universal regulatory limits."
223,1.0303972700448083,78.44816470861011,0.004056202429608974,195478.65602301728,7051.248453362439,1159917356.0330105,28.326719908536944,92.42250828822239,0.5781076424949395,35.16574923886555,baseline,33.5566669830834,32.300791378878145,26.48742676014689,600.0,444.5148015080204,1.1678649913083063,62.782982444038076,70.2977675978491,157.56677673767194,11.035041835677822,52.91576408560897,3537.5,3387.5,0.0,0.0,15368.912049328135,15757.225672463213,6.739579622665785,16.92523636520091,18.951096080854356,40406,True,"27/29 °C and 1000/1200 ppm are illustrative experiment targets, not universal regulatory limits."
224,1.1196688698370132,83.40823966911849,0.005227104121990179,220530.96686823346,5876.103440515138,1923614097.238421,26.340411801386246,118.3927862716603,0.404407442336835,35.75043349698257,baseline,33.94827216143494,32.58055943771541,26.117984385132786,600.0,448.64616482850926,2.8591498332098126,62.4767691816862,70.64299859930696,156.86380580998755,11.732759046789333,56.04730294126098,3532.5,3372.5,0.0,0.0,16678.990583093124,17122.40081894475,6.202230526830068,15.499813001454806,17.525766496777415,19232,True,"27/29 °C and 1000/1200 ppm are illustrative experiment targets, not universal regulatory limits."
225,0.8487735600250009,79.42170675221092,0.00488460037963721,348296.9206587025,4671.669275423179,1094313762.3045135,16.979263543505528,79.1459353502259,0.38222668184585307,33.04708275141101,baseline,32.49406407220624,30.65187795993814,26.243714456766725,599.9999999999999,454.8196827391274,2.271912188443821,41.722467010090945,51.71530408624622,48.589988936609586,11.171986749811003,72.01804716506962,3497.5,3092.5,0.0,0.0,12704.090930671851,12979.767046114497,5.987549399596629,13.65449480910825,16.92484653475347,21320,True,"27/29 °C and 1000/1200 ppm are illustrative experiment targets, not universal regulatory limits."
226,0.861507849895087,91.10825220762493,0.005000783694790846,190501.80219726524,4344.329400540034,1078830772.2987127,38.726884538300325,103.31606067620747,0.5416244301457925,33.215596248548394,baseline,32.29142392070162,31.23957617427927,26.31988433794612,599.9999999999999,441.61731338172933,0.8801321785431355,66.79648543652033,73.12471628487606,184.76809803221596,12.815894143872574,52.29365735738996,3542.5,3402.5,0.0,0.0,12903.104966888599,13174.50463431946,8.060802284378637,21.537330495806692,23.577755202946747,60410,True,"27/29 °C and 1000/1200 ppm are illustrative experiment targets, not universal regulatory limits."
227,0.884081883557158,84.75679417106892,0.005853604378651565,284124.3168102453,4727.292315731702,980107701.4813895,33.244871192679156,90.08060148048841,0.5401399101545118,28.241978249203157,baseline,29.14797402382254,28.01977944267586,25.88842664343514,600.0,453.4856261853096,1.601126968715107,42.240828522543154,48.244697263288764,46.62633342442278,11.922455713397026,63.99647168401247,3262.5,150.0,0.0,0.0,13379.023972406385,13519.715314793766,7.854978790542617,13.272032485580965,15.158442950371308,185294,True,"27/29 °C and 1000/1200 ppm are illustrative experiment targets, not universal regulatory limits."
228,1.1201916806063492,61.429143424323044,0.004573598451375407,330287.89673761977,5112.740606247442,1039651080.089133,30.297257871368117,107.44050553835102,0.2591689857939295,32.99334914820157,baseline,32.344748159884944,30.917747995947817,26.322941193878478,600.0,448.3477405816183,3.168341162847355,56.51584754337081,64.57330797652891,114.54721414320122,8.641032841688109,69.76691917493427,3512.5,3257.5,0.0,0.0,16774.89479366158,17130.395839424626,6.199335849990853,14.014428790729447,16.01246492365584,8228,True,"27/29 °C and 1000/1200 ppm are illustrative experiment targets, not universal regulatory limits."
229,1.1780348960500884,79.82727959787363,0.004929237937163718,346850.28892416804,3802.0057656109275,1456554178.532308,25.703303844488858,114.78251645526367,0.2518359319582011,35.94806062938618,baseline,34.53457316617704,32.82421195610381,26.283063242375476,600.0,448.9084045743956,7.459909546611016,63.289751468665,73.10967756511482,164.79471865827878,11.22903733010089,71.83721819825281,3532.5,3362.5,0.0,0.0,17515.2675652779,18014.956218091265,5.894939502835557,14.923570242291122,17.239085052726633,6602,True,"27/29 °C and 1000/1200 ppm are illustrative experiment targets, not universal regulatory limits."
230,0.8888634077756683,96.94174788881412,0.0032473822722257793,380771.59645809414,7570.3139254768685,1843167525.398889,30.563509565862816,100.40362026260082,0.2572200378656269,35.02168373745387,baseline,34.34126189314037,32.487930657735866,26.157754397701012,600.0,439.89773087526163,6.000240244859015,66.12240871023153,76.16030443756813,183.36625868295218,13.636472536359852,76.07738163999358,3547.5,3422.5,0.0,0.0,13224.226234134436,13592.8361957974,7.812723961516802,20.663845076945325,23.800777415832123,7718,True,"27/29 °C and 1000/1200 ppm are illustrative experiment targets, not universal regulatory limits."
231,1.0142792234933398,62.56404292843268,0.003109175782043242,299986.5897667777,3840.410501934584,1188405464.0034428,37.33944918606339,101.82727692774992,0.5377915597845037,29.54522698723493,baseline,29.897961032775413,28.775622715076878,25.918185012013737,600.0,443.8272260163109,1.3604615261137951,50.77998321830358,56.93058163436223,80.88655567001261,8.800675371932863,65.97925580357902,3447.5,1642.5,0.0,0.0,15311.308563840155,15510.742394319714,6.846679182214408,13.906970158958245,15.59141712429383,87410,True,"27/29 °C and 1000/1200 ppm are illustrative experiment targets, not universal regulatory limits."
232,0.8441019348226096,65.16445276896937,0.005068261056175602,391425.32473384787,5541.247850872054,1352802961.3138108,19.436778184928706,92.06500710313684,0.5999779289033282,35.29209442178067,baseline,34.374269154408466,32.29591739921475,26.321367161178728,599.9999999999999,448.7795492792482,1.094357966503594,53.93455652550652,65.13939706609719,103.35135408240545,9.166466356168359,77.4090976744628,3537.5,3357.5,0.0,0.0,12556.840832052341,12908.326782527573,6.919918388432446,17.74882942334875,21.43612781388463,35678,True,"27/29 °C and 1000/1200 ppm are illustrative experiment targets, not universal regulatory limits."
233,1.0658903648645806,68.132982848661,0.004470972298246948,398561.56749974034,7687.782903775376,1413494474.937777,18.47633204547427,116.30806540731217,0.16155694094655743,32.45483419755644,baseline,32.0548929353493,30.28401315701435,26.090713508723866,600.0,457.81994636109744,19.685761832166463,41.02180854074093,50.652926196100815,46.249306767899675,9.584039587378314,78.30112802019934,3462.5,2847.5,0.0,0.0,15977.775533564893,16299.999533718654,5.002831740685066,10.690543035652814,13.200473276144374,5354,True,"27/29 °C and 1000/1200 ppm are illustrative experiment targets, not universal regulatory limits."
234,1.0565278502823894,60.115142350573734,0.004221301227240968,182618.4744153327,4923.540578181233,1175910982.2459464,29.076460385641724,115.93981748231639,0.4813967998037606,29.742172685180286,baseline,29.476943236150532,28.64563675672633,25.92226123914537,600.0,452.5935284390885,0.3708596639626194,41.813037108315655,46.771956179363364,45.4743234034392,8.456196690647372,51.30824138464838,3412.5,1497.5,0.0,0.0,15971.20685876649,16156.824411440914,6.572892936602031,10.993304650685063,12.297082416095886,68714,True,"27/29 °C and 1000/1200 ppm are illustrative experiment targets, not universal regulatory limits."
235,1.141153719335781,91.39372079749705,0.004879986158649072,386249.49891402427,3905.4660155029687,1142513932.3388224,36.30263785176578,86.90404403118879,0.47629235756781707,28.464931824781623,baseline,29.524291976767074,28.244275311906506,25.859729841947114,600.0,452.0228209597488,3.9565090515534393,46.6092711620953,53.36205413563566,62.77893988361842,12.856050058847918,76.76211944698484,3292.5,675.0,0.0,0.0,17248.10381065919,17450.955282289036,6.085459238994131,11.345552792646222,12.989304214056359,102794,True,"27/29 °C and 1000/1200 ppm are illustrative experiment targets, not universal regulatory limits."
236,1.0556133559365601,80.35881967214456,0.004918178713633162,365919.60178060253,5401.09447770967,1662488240.8336458,30.80890966271734,101.19368623937666,0.3195030386848163,33.80254235469616,baseline,33.13989337902956,31.526126932874725,26.091860648931913,600.0,446.8034798232609,2.766453767500934,60.64348003006313,69.57664574114867,141.56922910679086,11.303807300548334,74.22088230530713,3527.5,3337.5,0.0,0.0,15766.708940688102,16142.839617223832,6.578587136464565,15.95793670544876,18.308641066842906,10586,True,"27/29 °C and 1000/1200 ppm are illustrative experiment targets, not universal regulatory limits."
237,0.8528262588489185,73.98166401454587,0.004634725422094739,319472.7912690568,5910.619045898847,894181852.53413,16.34054773386657,74.94553835820028,0.23153828398864523,32.2916350839936,baseline,31.82742866337577,30.13865401889516,26.337331923341992,600.0,456.68403396355353,5.636926180115552,38.03744093890218,47.28097497417724,36.962591829231826,10.406754071379453,68.4150309913639,3472.5,2767.5,0.0,0.0,12792.83106303949,13041.74245288961,5.679258415160365,12.389341564860887,15.400093539826553,10556,True,"27/29 °C and 1000/1200 ppm are illustrative experiment targets, not universal regulatory limits."
238,0.9456603231531032,77.98591116085294,0.005585896189914858,304279.2717036926,7129.104825485585,962333920.6374179,37.05334668763588,79.38763208438887,0.5600546678213202,29.846546842083328,baseline,30.242568699261255,29.022548372429362,26.0936288589715,599.9999999999999,448.58138866939936,1.2506124865467427,51.961471706142234,58.58512863480465,86.84088506444117,10.970018169959978,66.51584104569338,3472.5,2182.5,0.0,0.0,14259.284281759783,14461.3961572025,7.343487163857812,15.263136019568657,17.208765604905867,91208,True,"27/29 °C and 1000/1200 ppm are illustrative experiment targets, not universal regulatory limits."
239,0.809416913658264,60.64256879720161,0.0031198208364252447,363361.7175133766,7046.326519667203,1984146394.5008147,24.19993079695852,101.69803345383625,0.365147152908024,28.826907499971842,baseline,29.869102917124337,28.31848933699655,25.73784126681562,600.0,449.77210694601104,5.5993385457550175,35.039387238428226,42.92802867870252,27.495471116639,8.53038801080636,73.90114677190387,3302.5,935.0,0.0,0.0,12220.134730083235,12377.910289947979,8.315081633517758,12.02490701336513,14.732151267826366,60386,True,"27/29 °C and 1000/1200 ppm are illustrative experiment targets, not universal regulatory limits."
240,0.9396450695755001,68.1682291517475,0.004451233583744986,162645.6931049275,4884.567646248844,810758551.6227833,28.924940471524494,98.9749650674725,0.5940121415859195,28.566169727348676,baseline,28.756234104396185,28.007407908773363,25.96852127668319,600.0,453.4815431265558,0.30288892501266673,37.87988172225866,42.33450032781798,33.60507475304336,9.588997567345814,48.811643720847734,3277.5,0.0,0.0,0.0,14238.229215877558,14369.408619138405,7.390497400876812,11.198046696554949,12.51492058560629,159266,True,"27/29 °C and 1000/1200 ppm are illustrative experiment targets, not universal regulatory limits."
241,1.1698870666468264,95.6160767406659,0.003838993423943696,397868.7342507751,3886.3600221484803,824670234.9476414,28.25308367106966,89.40671302636855,0.19936407543214868,35.89506295375379,baseline,34.91070745972178,33.0473576827252,26.871199393242932,600.0,445.1598647615144,11.222471044413396,67.14366030925848,77.6164989921948,195.84030894844173,13.44999479485367,78.21452386407869,3532.5,3382.5,0.0,0.0,17373.24231918748,17890.356522051363,5.935995569511567,15.942578804661919,18.429247765546698,4622,True,"27/29 °C and 1000/1200 ppm are illustrative experiment targets, not universal regulatory limits."
242,1.1814212000502538,73.58469370885769,0.0036698667766831296,234336.3086207664,4289.478934463267,1277184023.2840233,35.6120002882082,93.53563073313174,0.17742773681688218,30.461461711940846,baseline,30.176602974773402,29.236045916494646,25.95483967750647,600.0,447.4916859352148,4.360769291568431,51.80129645835147,57.39955253645838,86.19550953711833,10.350913581712648,57.7729706603276,3467.5,2682.5,0.0,0.0,17817.946014920468,18066.740862594303,5.878042855629348,12.17960962237403,13.495881188130024,6776,True,"27/29 °C and 1000/1200 ppm are illustrative experiment targets, not universal regulatory limits."
243,0.8214834810004266,84.53887490115686,0.0033119262135509115,265508.6677234473,7675.264395112,1361119121.9621673,17.985277846265923,111.29823392988746,0.5115276125931524,34.38417606381697,baseline,33.104877780562106,31.487620047232287,26.26843370837406,600.0,446.6924629529155,1.0647126840631245,47.68951902095386,56.89639087142937,71.32957058459387,11.891801736096065,61.66951554816271,3527.5,3292.5,0.0,0.0,12270.98789804559,12562.436812125354,6.641358311667878,16.125812537093182,19.23903935425974,48344,True,"27/29 °C and 1000/1200 ppm are illustrative experiment targets, not universal regulatory limits."
244,0.931823847562961,84.67356535210263,0.00490996902135901,330763.1125286247,6291.427003516701,800419262.8331364,20.036573837602397,82.91229434894689,0.5791502713578986,34.122855281315694,baseline,33.276997482520414,31.510372704051203,26.707532880456654,600.0,451.41624340001414,0.7513803279725835,49.85523269679085,59.69699305757951,81.62495471690792,11.910748192862435,69.8263211488099,3517.5,3272.5,0.0,0.0,13911.432156593859,14249.80352713282,6.310752766265225,14.861903121848199,17.795743385317714,36698,True,"27/29 °C and 1000/1200 ppm are illustrative experiment targets, not universal regulatory limits."
245,1.1959541601582713,78.84947443311377,0.004511395487617958,325534.07785421493,3286.6343879480273,916692809.0835015,15.613108947639438,102.10371873932411,0.5760193635370685,28.528202342144116,baseline,29.261214584864206,28.057424421967067,25.910442234157586,600.0,476.6432431555123,2.058660019902163,25.01565875311189,31.592886534218298,10.562545207770105,11.09149273692467,69.17269181450867,2697.5,490.0,0.0,0.0,18091.981365673313,18288.98439794546,3.6266410866725893,5.8102512032459845,7.337908180276122,139046,True,"27/29 °C and 1000/1200 ppm are illustrative experiment targets, not universal regulatory limits."
246,0.9886730354239289,90.76656342181259,0.005221597646891109,381591.3026360354,3659.2573072295,1837344653.4080396,19.942591660855463,61.12944574062305,0.47073857734591396,28.295378912320587,baseline,29.54552362711371,28.076290269162296,25.713908817291156,600.0,467.2305963428947,4.259235323683242,29.405377995806518,36.99078269003866,16.657388621005506,12.767829921334972,76.17984491223623,2727.5,570.0,0.0,0.0,14942.466820373727,15119.162859172364,5.605210905020184,8.261741002057681,10.392937852799596,114134,True,"27/29 °C and 1000/1200 ppm are illustrative experiment targets, not universal regulatory limits."
247,1.040306140428418,68.26124127254855,0.004568935051046329,307504.1515443714,7173.649675887483,1132103170.8995585,23.25498538765247,64.77709150709092,0.15462294952093525,29.150172041021257,baseline,29.624252836435403,28.41928823401632,25.92546229732386,600.0,459.80131453553355,18.56839418162417,34.70238261617518,41.24482681580501,26.684937679431915,9.602081272338497,66.91895102577823,3282.5,1105.0,0.0,0.0,15719.305505897648,15908.755874777253,6.219613692826801,9.266071161269485,11.013004626700988,10664,True,"27/29 °C and 1000/1200 ppm are illustrative experiment targets, not universal regulatory limits."
248,0.9711919012650935,92.28244774649863,0.0042677126424317275,390521.5702510412,6487.897684762309,1490695104.827664,16.251839476806936,85.41433841610251,0.5194746258077896,31.035346074592802,baseline,31.201982549988884,29.43710349460595,25.94452756442422,600.0,461.31646053485053,2.7168214476987487,33.78961595069759,43.22897193385476,26.258327836209332,12.981064316340808,77.29612836411196,3397.5,2677.5,0.0,0.0,14598.19563943446,14851.834728596674,4.792420328358229,9.664417936890679,12.36423794696206,51800,True,"27/29 °C and 1000/1200 ppm are illustrative experiment targets, not universal regulatory limits."
249,0.9925759433043324,95.89894397750831,0.004790390810178222,355060.3664361185,3303.2525992487504,860002292.705178,23.844689790372648,103.18077791332307,0.46550005881247747,29.435756937101793,baseline,30.150366122874516,28.708858133723705,26.046826882345783,600.0,457.8868103514046,3.1215582210425055,37.00331073751126,44.668854591315146,32.53643213571876,13.489784786169505,72.8634778872466,3352.5,1652.5,0.0,0.0,14971.437347467712,15178.847606054196,6.686691811517964,10.355577823967998,12.500821975341589,77306,True,"27/29 °C and 1000/1200 ppm are illustrative experiment targets, not universal regulatory limits."
250,1.006574395950324,97.20133631746674,0.005825321808021869,279772.9186831113,5366.929042311427,1387755581.3759596,31.001986023732787,118.69528673763347,0.4556494958379319,34.356701016773215,baseline,33.30881530465501,31.892763886923976,26.24530325121043,600.0,447.2362883274746,1.6137493466958404,63.01519116718877,71.1844969501087,158.3312276279194,13.672987975323656,63.45254691812072,3537.5,3377.5,0.0,0.0,15025.805720662818,15392.917250666693,6.899087114060831,17.389891734865277,19.644321825175897,28076,True,"27/29 °C and 1000/1200 ppm are illustrative experiment targets, not universal regulatory limits."
251,1.1864487197135483,70.86372275453856,0.004379856399551494,171363.37988369045,6814.186368960665,1675688221.4124823,39.082896887323486,63.810944573585104,0.36167304217676477,32.689920625087666,baseline,31.579926122264283,30.667473956635934,26.0243484925129,600.0,445.34683417796117,1.6848833479598397,61.34131599994297,63.81094457358508,142.09136229625628,9.968163667471757,49.901354568193106,3517.5,3302.5,0.0,0.0,17811.312788904033,18143.623599195336,5.85313493036689,14.361559974157586,14.939762744934255,22928,True,"27/29 °C and 1000/1200 ppm are illustrative experiment targets, not universal regulatory limits."
252,1.1530161455756174,90.42188403755388,0.005136277543084456,382763.94088589016,4719.003079201696,1812208264.8382344,21.332529970818857,83.82498990168355,0.2734240846237691,28.072939908781102,baseline,29.28636485724155,27.960853485716463,25.711415092770096,600.0,468.9657157325416,12.484974234510446,30.114512357026996,37.043176539140006,17.684326395466456,12.71934502128258,76.32642469346808,2697.5,320.0,0.0,0.0,17442.163008837386,17632.360001340672,5.139556872067289,7.255008833566921,8.92422131325428,40724,True,"27/29 °C and 1000/1200 ppm are illustrative experiment targets, not universal regulatory limits."
253,1.105219310706362,92.20473093668713,0.005313584577085723,222335.3660629001,4496.87243632337,1762614793.9185855,32.37725079735622,76.2595399958395,0.5267091481710031,33.10994495024697,baseline,32.061632712715095,30.92582073333764,25.992265457463418,600.0,448.528018621968,0.842041582451202,58.6324702167777,65.41685873395049,126.675248327719,12.970132151760655,56.27285284059432,3517.5,3297.5,0.0,0.0,16565.713490921407,16901.43268295641,6.28331805024846,14.736258337749378,16.44139717094339,50450,True,"27/29 °C and 1000/1200 ppm are illustrative experiment targets, not universal regulatory limits."
254,1.0833525705837965,79.19331649738527,0.0036057178867986827,195779.30486477097,5359.117384846078,1884448536.6151605,19.610577731725797,85.62066612294258,0.3937201495682999,30.052740395110096,baseline,29.633244657244518,28.652441498657932,25.77666014540648,600.0,460.29744591463617,0.8240841943916166,32.46915742210407,38.22923463079603,22.060221047916524,11.139859853965529,52.953345190828166,3337.5,1702.5,0.0,0.0,16368.234414398967,16567.03820342,5.072961180165789,8.325277144234438,9.80219379196682,45230,True,"27/29 °C and 1000/1200 ppm are illustrative experiment targets, not universal regulatory limits."
255,1.0055795144671547,84.19852949235971,0.0032157630002412623,338660.92113954783,7999.161679393132,1111125653.0667992,31.991021569854592,61.926797656720325,0.45998020433140174,29.01678616144799,baseline,29.779432770983647,28.50146354462016,25.947824195323506,600.0,447.49663948592433,2.904515656613512,43.85216961588036,50.65351252745782,52.61134034590284,11.843926481925266,70.81354722517527,3377.5,1175.0,0.0,0.0,15186.126496093355,15377.703145871006,6.905912804045364,12.113570385419091,13.992349629329729,85340,True,"27/29 °C and 1000/1200 ppm are illustrative experiment targets, not universal regulatory limits."
256,0.9746465551279682,87.55414352286043,0.004864904801612863,322706.3015552012,4750.7763160411905,1858224149.82177,19.299431950743188,116.91068012341601,0.22305725185994124,35.15117184394571,baseline,33.80105873696431,32.034486671970015,26.072349859519534,600.0,451.2032436176833,7.325712112840847,52.24413168481829,62.22774136830886,94.22027909784461,12.3159495222157,68.81921977713195,3522.5,3312.5,0.0,0.0,14525.926393336775,14904.664605111386,5.887195172732986,14.889765654004698,17.735130363385522,6872,True,"27/29 °C and 1000/1200 ppm are illustrative experiment targets, not universal regulatory limits."
257,0.9140816629979928,86.40697996500388,0.004991295315875749,282768.78347985307,7824.450781685831,1308898417.5355375,23.315269521598836,110.80742825123497,0.18925861480896847,31.559806685042073,baseline,31.199636925806203,29.821122278257874,26.070788778502447,600.0,453.3702827067332,5.8307365952350665,43.07648036920542,50.76906769063659,51.237416421487744,12.154581848410546,63.82703001771344,3482.5,2727.5,0.0,0.0,13740.034398659098,13978.483314783516,7.172211920240865,13.090393862842676,15.428073195015594,7514,True,"27/29 °C and 1000/1200 ppm are illustrative experiment targets, not universal regulatory limits."
258,1.1145371051402715,69.82137578905271,0.0038208398884920533,359363.9062421091,6182.4906529658365,1432816287.1021676,26.998741633002687,90.93965352807578,0.5538545703323101,30.27680932977608,baseline,30.49965652339199,29.136247268035138,25.917450017565102,600.0,452.8057155289417,1.9139672941091703,42.66545014957531,50.08330735155423,49.348402546994265,9.821540194326747,73.40142036299544,3422.5,2597.5,0.0,0.0,16791.491595028783,17043.92392777342,6.230788021696633,10.633575029290746,12.482338861320603,61922,True,"27/29 °C and 1000/1200 ppm are illustrative experiment targets, not universal regulatory limits."
259,0.8622479659015393,63.58245113772403,0.004565627989310117,236820.3996630551,3340.2828390702193,1820752928.9094248,35.05995563253653,88.2228252881249,0.43523829425270333,28.867987433008054,baseline,29.24152268195911,28.27384190851256,25.73242543988954,600.0,447.51543901202155,1.3131020342261763,45.54136889287761,50.92696813750051,58.12980814658866,8.943931460039847,58.08348204061369,3412.5,465.0,0.0,0.0,13044.565241744274,13185.822768864757,8.053883243648539,14.671394712766551,16.406394213297535,90770,True,"27/29 °C and 1000/1200 ppm are illustrative experiment targets, not universal regulatory limits."
260,0.9586450536303666,89.5188885191786,0.0034304309724780516,344127.8407671462,4361.398472886707,975989122.3764418,34.19333069423111,113.91786157838968,0.49428165055514617,33.36071990696139,baseline,32.94389282388363,31.37983666410478,26.422541707945186,600.0,441.2271192985115,1.022586445295019,63.131266500613094,71.73439215015233,158.16337333101689,12.592323651697791,71.49691217862508,3532.5,3362.5,0.0,0.0,14327.450000858698,14659.963578113322,7.244020524745832,18.29296761134561,20.78581636263479,25010,True,"27/29 °C and 1000/1200 ppm are illustrative experiment targets, not universal regulatory limits."
261,1.1926726169846789,62.6851544852222,0.003299107471417273,177252.05154041262,7195.090580641955,1583578918.4446926,22.57497459595337,89.17763941338059,0.4397695203766191,31.282571478348196,baseline,30.33920258658827,29.35969417546053,25.924595658540852,600.0,455.46696962869294,0.5454221727413824,39.602581379813635,45.449284524549704,39.75975984101834,8.817711730921257,50.63743852528338,3432.5,2677.5,0.0,0.0,17978.011819412997,18238.801795716732,5.305598769899773,9.223584823939616,10.585303189686245,37730,True,"27/29 °C and 1000/1200 ppm are illustrative experiment targets, not universal regulatory limits."
262,1.1740872302144303,62.26250275287974,0.003442686086255794,339377.85585082124,6211.786683839613,1394872911.668241,34.34783170554668,103.91228040747801,0.24229753474058585,31.748194645332404,baseline,31.453767042198137,30.144506949770005,26.0490788425696,600.0,445.8992022175989,5.346300116492785,55.94166932464063,63.27441965714917,109.76291902033799,8.758258720571751,70.90316406408445,3497.5,3107.5,0.0,0.0,17633.692944749222,17954.587015590147,5.914760220308453,13.23526241516136,14.970120814048364,7802,True,"27/29 °C and 1000/1200 ppm are illustrative experiment targets, not universal regulatory limits."
263,0.8255731234563946,82.92667979052311,0.005875022243697577,221299.16181406952,6988.01546176444,1916719974.2256403,34.421622680143514,65.28999367634405,0.3570303462131674,32.623482754618635,baseline,31.858500826467377,30.70613660021373,25.96510836032121,600.0,445.4052008034147,1.5726217183691915,59.29248646432177,65.2443819712015,129.54032046790994,11.665019623866918,56.143327309490495,3537.5,3347.5,0.0,0.0,12382.486068961436,12624.977174926948,8.411664875148082,19.949941030085135,21.952555045116018,28022,True,"27/29 °C and 1000/1200 ppm are illustrative experiment targets, not universal regulatory limits."
264,1.1225933008704088,83.34645844062928,0.00526494217662014,367422.32120163477,6513.147541858761,1544162648.957369,28.434048273303794,78.32643393522413,0.38808414673503266,29.759925927802726,baseline,30.23690302855931,28.88253925656851,25.8621522836371,600.0,456.66732964823643,4.430663776292931,42.58591441560137,49.88504966981688,48.81740984249266,11.724068487315186,74.40872223293616,3397.5,1982.5,0.0,0.0,16927.825652932137,17167.12232694599,6.186073299261658,10.53758352363975,12.343702951791832,32750,True,"27/29 °C and 1000/1200 ppm are illustrative experiment targets, not universal regulatory limits."
265,1.0008365318948227,82.49417195847003,0.003087324642060471,242730.40688535635,5278.480678851578,1113426330.0113437,21.91238693177054,88.49984881077128,0.27732723792440833,34.836248402108254,baseline,33.32783381763534,31.880943392817443,26.42161789524073,600.0,446.04525856242464,4.2925160797458375,53.92160711145821,62.4454704623336,101.99809217447711,11.604180188824785,58.82223294340135,3522.5,3322.5,0.0,0.0,14938.92276098897,15305.171658331692,6.310412638988282,14.965704908143113,17.331465693478272,18866,True,"27/29 °C and 1000/1200 ppm are illustrative experiment targets, not universal regulatory limits."
266,1.128115842516705,88.75884646066159,0.005285840872007499,190063.99456719495,6442.912618315564,1468516414.604596,19.158731145169764,69.61300832467379,0.5406475546974698,35.64663803361955,baseline,33.62033613869454,32.17433074749684,26.273975248299223,600.0,454.465822296508,1.4577483648608904,52.93155748034897,61.534809279011625,98.38617116700424,12.485411068799731,52.23893140363117,3517.5,3292.5,0.0,0.0,16822.922435877503,17251.575127371678,5.020550601344734,13.033422505978436,15.151815029359554,32774,True,"27/29 °C and 1000/1200 ppm are illustrative experiment targets, not universal regulatory limits."
267,1.0396409106702715,71.23118386607588,0.00572019045147378,199342.75263297907,3031.1124475447473,1298803892.8031428,36.59233999380814,112.89246326470328,0.2940145963173677,34.85181759481013,baseline,33.42418450635955,32.287518489849866,26.286719634134954,600.0,444.46667526976324,4.8393357469612965,70.90704569371182,77.78616129626486,223.24144800838232,10.019853197161341,53.39877616185419,3542.5,3417.5,0.0,0.0,15513.238968279238,15898.582929130089,6.679656767226735,18.945389104482302,20.783394347967437,11006,True,"27/29 °C and 1000/1200 ppm are illustrative experiment targets, not universal regulatory limits."
268,1.0924851299502938,74.09863278473014,0.0058910751303512116,354187.2079241484,7868.422841371338,1105743491.238809,33.34300924232151,111.11386030893581,0.2399801017921781,30.3410023945393,baseline,30.63317358430703,29.30081671098924,26.076947483150434,600.0,452.9616666277073,8.815738655437599,49.93426272859899,57.1624660042375,77.89575497086226,10.423207678385372,72.75433307325035,3462.5,2682.5,0.0,0.0,16452.821036904257,16706.69676336437,6.356557406653585,12.69640030373048,14.534259866472787,11012,True,"27/29 °C and 1000/1200 ppm are illustrative experiment targets, not universal regulatory limits."
269,0.9871432356703451,69.65752979158077,0.0030067087950785025,274576.01948218874,7831.997813026507,1852256530.2325344,23.051826037909727,76.93831064417105,0.3583029326949887,28.278588411676832,baseline,28.969382344777955,27.91159564093495,25.72050409448144,600.0,455.54115642911574,3.4126104888273403,31.503539475027363,37.27699415953051,19.801008433843215,9.798492524015694,62.802934518005394,2882.5,0.0,0.0,0.0,14947.597948010716,15095.768581400405,6.488596871590297,8.864957861525555,10.48958269246301,73136,True,"27/29 °C and 1000/1200 ppm are illustrative experiment targets, not universal regulatory limits."
270,0.9121943934779969,88.46330580624615,0.005766742858148358,268859.0491897906,3753.10104477225,1073891067.6538477,32.53535611164257,91.05452554257644,0.5620318148870492,35.99585651787037,baseline,34.67973310967574,33.19939044351951,26.588475582566502,600.0,443.32645101898856,1.7342830994457472,72.30494901325217,80.8641108206087,238.65645049248377,12.443838350078625,62.088313231455636,3552.5,3447.5,0.0,0.0,13556.300714258581,13949.622473828415,7.612899721918705,22.01801304945334,24.624414671176613,47054,True,"27/29 °C and 1000/1200 ppm are illustrative experiment targets, not universal regulatory limits."
271,0.9899645688984482,99.198607034242,0.0031642394733511357,152447.35787724605,6303.565822534589,1208583157.560119,31.26085280492906,100.91241453233414,0.48030401037350734,35.66256381011209,baseline,33.93195463371757,32.76212335919729,26.490929974107075,600.0,440.4382794046526,2.038736992093618,68.43950313065828,75.528423480278,202.56761925301112,13.953937389483375,47.53685181738756,3547.5,3422.5,0.0,0.0,14747.739915637907,15138.913478679206,7.014841402022757,19.20369040379231,21.19279648235847,20270,True,"27/29 °C and 1000/1200 ppm are illustrative experiment targets, not universal regulatory limits."
272,1.1619156367014571,81.20992318812677,0.005997700814411368,278240.7137727781,7016.118278666655,1585693109.8180318,22.652675762557212,60.89819330991492,0.40289412146477177,35.793247319755025,baseline,34.029871079588986,32.47181902038263,26.259336575428676,600.0,453.8476624163188,2.807040182655328,56.131902527882225,60.8981933098154,114.24858727749805,11.42352919512983,63.26102130432907,3522.5,3332.5,0.0,0.0,17303.746200213147,17768.45439339379,5.567432705900295,13.419386618204378,14.558858039216231,27914,True,"27/29 °C and 1000/1200 ppm are illustrative experiment targets, not universal regulatory limits."
273,1.0882230159874968,75.27029806600899,0.0033914762906458256,247822.49422186398,4892.551747273166,1623386430.6820273,22.61004960072385,63.3971059418703,0.5320398422919795,30.841274125309113,baseline,30.364008109893803,29.236076193416714,25.87244840211787,600.0,454.3120923224112,0.6700208793190541,38.904312629633246,45.468767012533604,37.745416308214324,10.58802192795193,59.45874386046481,3427.5,2672.5,0.0,0.0,16402.22946177148,16641.51890089718,5.822260461191532,9.930642294332452,11.606272678928734,56138,True,"27/29 °C and 1000/1200 ppm are illustrative experiment targets, not universal regulatory limits."
274,0.8408871456257119,97.89318384991807,0.004655802037351516,393022.01617114915,4226.910947739585,1951694653.766688,36.45334529669596,93.34177114314232,0.3671017727340029,31.118877263955795,baseline,31.6190665625993,29.916770294333567,25.856108113940138,600.0,443.5046586962353,4.481641085832962,56.683002570693354,65.53867750360354,113.5091401416781,13.770307861555144,77.60868410412544,3517.5,3077.5,0.0,0.0,12622.397659416238,12859.165007416588,8.25847378042272,18.72460362102819,21.64997799068361,21758,True,"27/29 °C and 1000/1200 ppm are illustrative experiment targets, not universal regulatory limits."
275,0.8020926971232124,96.75359457118063,0.0052348866359613975,273915.8431844148,7615.602537734842,1100705036.0911298,27.84115547382494,70.9678134656269,0.5166117062877621,35.11111418865004,baseline,34.03429007446425,32.46139775052281,26.57029525440396,600.0,443.72092822248067,1.567983256682055,63.151627550506674,70.90357723437853,159.605867595045,13.610005636346076,62.72041248078366,3547.5,3427.5,0.0,0.0,11945.095077474874,12265.905594116655,8.657907582691383,21.87043820115336,24.5550647590988,55310,True,"27/29 °C and 1000/1200 ppm are illustrative experiment targets, not universal regulatory limits."
276,0.8594788782097234,76.80561049984287,0.003717530590405342,298240.9555762392,3594.0865746835975,1166404871.7315361,16.054232471861372,74.01069213989223,0.21093473841233867,29.947931632297397,baseline,30.163272577714963,28.73647390567593,25.923380084598023,600.0,460.25604704143274,9.267675968716503,29.435764945226822,37.1573350922557,17.0889335636336,10.803989210311233,65.7610515297617,3322.5,1762.5,0.0,0.0,12963.670263864642,13143.476830132908,5.287328340768875,9.513440738306226,12.00900014153979,15542,True,"27/29 °C and 1000/1200 ppm are illustrative experiment targets, not universal regulatory limits."
277,1.1840180632308823,65.59516849648668,0.00417494299246614,285806.03506587434,3601.0441737434153,1189685811.8829613,38.11605444929231,91.20160349929877,0.3732355530654668,31.83772511700588,baseline,31.365784490894384,30.227998476945473,26.10408911032073,600.0,445.6966058777864,1.240527176472824,60.175804111054376,66.77512940488239,135.62609919873532,9.227053701839127,64.20668646596609,3507.5,3187.5,0.0,0.0,17787.491159403915,18106.453078811548,5.865150760871698,14.117606530720675,15.665848041454083,15842,True,"27/29 °C and 1000/1200 ppm are illustrative experiment targets, not universal regulatory limits."
278,0.9976729122810944,82.71194016447159,0.0030567785303527327,233338.4822294744,6247.314498673693,1860791443.394889,22.92215141447268,102.8006506282104,0.4006882827416439,33.69852514042358,baseline,32.38663745455136,31.064501445399,26.00855095426016,600.0,446.77379935119876,1.615313871880062,50.07459143884211,57.83682632452048,80.9088149114609,11.634812916469002,57.6482423614161,3512.5,3257.5,0.0,0.0,14937.778534133384,15256.792387884696,6.522861015490652,13.94205311358866,16.1032587858996,30848,True,"27/29 °C and 1000/1200 ppm are illustrative experiment targets, not universal regulatory limits."
279,1.1244591295538304,61.82266941489734,0.00357802966193498,397154.9929478424,4634.475397217729,1543328853.9867692,38.480372710049785,70.11377212722694,0.3800099768202439,32.49073748091767,baseline,32.29395958243566,30.784633228892382,26.042232043173613,600.0,442.8393846432553,3.059912345954217,63.606159739043164,70.09433690978916,160.52977090150253,8.696388831028894,78.12530620121211,3522.5,3292.5,0.0,0.0,16841.609640888095,17195.655286500078,6.175808672743759,15.712778918252308,17.31556855190796,14372,True,"27/29 °C and 1000/1200 ppm are illustrative experiment targets, not universal regulatory limits."
280,1.0479169497278784,61.16416512618761,0.003923530337776395,366178.0594268256,5760.2185419401785,1345495367.6504974,38.61987190063084,91.67711339527055,0.1698456795885995,29.03187098099753,baseline,29.809921384941163,28.532857356377825,25.85869254004649,600.0,446.20300264120556,21.78118555416586,50.61132529885247,57.31966600152176,80.10290064956497,8.603759227750393,74.253189511085,3412.5,1175.0,0.0,0.0,15825.512427158625,16025.143255807938,6.626903445208867,13.415854639582086,15.194075684148245,9872,True,"27/29 °C and 1000/1200 ppm are illustrative experiment targets, not universal regulatory limits."
281,1.1677896987569527,97.74539902643303,0.0035932523834254783,210807.0412217311,5216.240211813558,806454530.7289379,26.523935910327136,103.50022249541337,0.5249571480638621,34.48342206551761,baseline,33.076366413466076,31.77820141395694,26.715054589602573,600.0,447.33226661115214,1.0897323379613226,57.88440661276382,65.66102493327135,124.78802327880963,13.749519463051579,54.8318122354482,3517.5,3312.5,0.0,0.0,17445.53141526539,17858.282777176748,5.946656706970802,13.768747792512677,15.618542972240604,39698,True,"27/29 °C and 1000/1200 ppm are illustrative experiment targets, not universal regulatory limits."
282,1.046660502387133,64.99099123788427,0.0033672352963280924,212939.6755691514,5900.67229774396,1012974854.9388843,39.66135557928489,100.45748823466322,0.5138189476840993,32.46682041157171,baseline,31.681168535413747,30.67577288387833,26.318207610285356,600.0,441.0626040741425,0.8031830500694923,64.3689432341179,70.43407552435556,165.40718211960558,9.14206610079572,55.09839152887573,3527.5,3317.5,0.0,0.0,15707.594707593522,16005.92918675976,6.634858608504051,17.083153485487834,18.6928052929918,47444,True,"27/29 °C and 1000/1200 ppm are illustrative experiment targets, not universal regulatory limits."
283,1.0607316083713116,79.90541607302117,0.003675729824578744,327693.5988328826,5005.900295666321,1205617930.2761834,26.74750555344825,94.17498977668782,0.5899750391357147,30.656971110991115,baseline,30.69659135153387,29.356144123788436,26.006370984713385,600.0,451.03024936653867,1.2264335824147565,43.720805902380285,51.10597078137401,53.08973434393925,11.240028527604977,69.44263193684213,3452.5,2682.5,0.0,0.0,15970.486944831284,16221.109873762365,6.546844074069984,11.44933196142249,13.383312878385288,67868,True,"27/29 °C and 1000/1200 ppm are illustrative experiment targets, not universal regulatory limits."
284,1.1332321316371048,76.35688553976279,0.004476937158606899,333109.3354622368,6091.096982094628,827204675.2980404,23.156424595691277,69.33972546602956,0.5281914550815613,35.97873305719905,baseline,34.63620613337383,32.84629462560483,26.922745828806455,600.0,448.8509402597087,1.6499982186942361,60.68906236801683,69.32811827661575,146.48262719949508,10.740868565926633,70.11959901551141,3527.5,3352.5,0.0,0.0,16843.562644246813,17329.81536016286,5.8093854051814295,14.876098558598887,16.993703315288805,26276,True,"27/29 °C and 1000/1200 ppm are illustrative experiment targets, not universal regulatory limits."
285,1.0444220164895557,60.53104684625921,0.003420071381282628,181175.7927505016,4049.3068144715317,929724110.5219923,24.395074619835253,100.2318685524962,0.2703737057038035,30.01140207768889,baseline,29.62973367436871,28.737961467126873,26.0306228874324,600.0,453.54734428809763,1.1876901848736452,37.71662520727511,43.007406395384656,33.832725757592236,8.514700589707129,51.12790617654449,3397.5,1847.5,0.0,0.0,15780.222978667816,15971.697411814142,6.498937425625591,10.031232748777434,11.438385621790657,22754,True,"27/29 °C and 1000/1200 ppm are illustrative experiment targets, not universal regulatory limits."
286,1.1950592024865114,71.7981115636288,0.00489012287730741,276752.36167128955,4330.139533579116,1124541710.5195549,37.619987616705636,88.83975605392361,0.5927136789713694,33.92386538624087,baseline,32.926315557938665,31.68053835216121,26.351259588704863,600.0,445.2631455893489,0.9240173406287795,68.31553836154514,75.69060706949757,199.97631633515365,10.099601026617117,63.07497729164299,3532.5,3362.5,0.0,0.0,17861.731876367598,18275.29836595451,5.810962695400713,15.879161797406203,17.593411762923353,38714,True,"27/29 °C and 1000/1200 ppm are illustrative experiment targets, not universal regulatory limits."
287,1.04107627673245,64.90596581925256,0.00557010681726325,228094.5299523597,6396.655897668467,1659970539.2044253,16.028393910244333,60.83511589930291,0.5382013365752001,28.521657501551132,baseline,28.830769945930342,27.88084765071359,25.737799468047456,600.0,477.8022066142132,1.0315871442580828,24.367899459071584,29.82250726906913,9.507556675349761,9.13010585857486,56.99274832677677,2702.5,0.0,0.0,0.0,15771.300507226886,15920.533091093695,4.277782990739687,6.50179157102508,7.957178529669436,136766,True,"27/29 °C and 1000/1200 ppm are illustrative experiment targets, not universal regulatory limits."
288,1.0038675692662204,70.5748784803729,0.00374533036377584,206861.81467845885,3507.803855865553,1560608618.582468,16.578786827340643,89.07099866826718,0.23233296162378522,31.309849572871183,baseline,30.43872160337918,29.277517253942136,25.87848217858675,600.0,460.06219882215873,1.9203812185442075,33.16479709152795,39.922956490343346,24.127603184418643,9.92753290623912,54.33865891753916,3407.5,2667.5,0.0,0.0,15127.024763292386,15351.523430867644,4.73666135912174,9.176951142339822,11.046985155933006,12110,True,"27/29 °C and 1000/1200 ppm are illustrative experiment targets, not universal regulatory limits."
289,1.0548312246562948,68.42483162909173,0.0031942435506901816,244229.79381296044,6772.377479284458,1408736869.6367426,19.05467670411322,80.4790322676396,0.34966747281563104,32.542630648413926,baseline,31.46405864914061,30.158656630334367,26.066928048020827,600.0,453.4632677444124,1.3513927517924458,40.851652623638564,48.46293427037899,44.8006096715439,9.625092982492236,59.009656309351854,3467.5,2922.5,0.0,0.0,15841.458872969228,16130.878969183585,5.209549995729698,10.75781700341831,12.76216125532576,17510,True,"27/29 °C and 1000/1200 ppm are illustrative experiment targets, not universal regulatory limits."
290,0.9198406561914131,67.12159226508702,0.0030386382636534105,351512.1423605641,5141.09395240153,1116257010.9503217,38.76674121524357,83.93662613373121,0.596575652490817,29.60991486468045,baseline,30.2769279215791,28.912460297758347,25.975940529746254,600.0,441.5180940604836,1.6576155734073836,53.007755803955064,60.18226871424555,92.10227751427084,9.441770645288905,72.41994987780231,3472.5,1792.5,0.0,0.0,13868.422219219618,14066.552021905534,7.5496167707979085,16.00752968799597,18.17412260758938,112778,True,"27/29 °C and 1000/1200 ppm are illustrative experiment targets, not universal regulatory limits."
291,1.1209243373859952,70.77587753096178,0.00518304778666393,313542.0845767868,6422.832231911807,1617347067.8307362,15.945913327204646,92.20062568965395,0.5391353240878134,35.68920891487841,baseline,33.9273658183572,32.13919093445851,26.203574140106127,600.0,457.1768142075324,1.4833765225776006,49.53068405160515,59.93678901540315,83.04363141824754,9.955806772688623,67.67369265483015,3502.5,3242.5,0.0,0.0,16699.011511544486,17141.59990464584,4.326853670339535,12.274265879312681,14.853016840244603,33122,True,"27/29 °C and 1000/1200 ppm are illustrative experiment targets, not universal regulatory limits."
292,1.1360492032916005,86.69422772284992,0.005717692717194497,156078.98500184523,4175.144372715951,1587506480.1522017,24.64990742318885,60.01051915973293,0.41514751201522127,34.3113318085289,baseline,32.585254390165005,31.41717192378292,26.092669680730182,600.0,453.35767213451743,1.82460798228567,53.798773000440704,60.007445476092805,99.99674822059634,12.194988033014221,47.99080520796246,3517.5,3287.5,0.0,0.0,16998.582802765177,17372.895087842517,6.049881501310757,13.15445102899974,14.672546581762534,20102,True,"27/29 °C and 1000/1200 ppm are illustrative experiment targets, not universal regulatory limits."
293,1.018000480872711,83.22039559434042,0.0044201173980527855,260723.51924299903,3793.292293402522,1937336369.803146,30.860910311497847,74.42328744953765,0.48857473614634106,30.790326564043877,baseline,30.536887702586455,29.412899058898716,25.816248599479025,600.0,449.2900689020339,0.8056513871415518,48.13963508075647,54.566681732506886,69.73645793700848,11.706335646937221,61.071371988106684,3477.5,2692.5,0.0,0.0,15335.14305929044,15567.649272876877,6.821651438210632,13.135672435343094,14.889395316757499,43526,True,"27/29 °C and 1000/1200 ppm are illustrative experiment targets, not universal regulatory limits."
294,0.8924081306113059,77.10147829062926,0.0047814675157578,251838.23683307128,7919.062396706002,1547470840.633113,39.257797234421595,86.1661379498842,0.24429751405447567,35.66558033348889,baseline,34.416256545184865,33.083605879762224,26.347503039222147,600.0,439.38841272349714,8.718312725788564,78.27706759138687,85.86923228123882,299.2542225790613,10.845607946215184,59.960711686865714,3557.5,3467.5,0.0,0.0,13273.527792720986,13647.04344118834,7.7816911413474585,24.365118537862056,26.728313766288935,11108,True,"27/29 °C and 1000/1200 ppm are illustrative experiment targets, not universal regulatory limits."
295,1.0646844719139485,93.32170418568994,0.0047167874218050805,229018.51734558932,7644.811044709566,1153345367.1486194,29.920326479006178,68.35337513663278,0.3326233642738551,35.270525850398265,baseline,33.77609645557652,32.454105351939,26.528647983023404,600.0,445.57994424711876,3.6669456523668487,63.962916537366155,68.35337495092988,165.2742938011629,13.127253055453718,57.10824675093046,3537.5,3392.5,0.0,0.0,15868.80214925692,16281.558561569036,6.522537547636666,16.68802099085284,17.833498185005105,19262,True,"27/29 °C and 1000/1200 ppm are illustrative experiment targets, not universal regulatory limits."
296,1.096282393023554,90.82249463334638,0.0033621046208335494,356555.4807633157,7074.459428795904,1058830010.5701816,27.568876290591582,110.1822602918461,0.23454758773747308,31.903898022788,baseline,31.713668360038753,30.210319595832317,26.239456973466417,600.0,448.23536796607686,7.117569341105991,49.60754909468181,57.90067429799573,77.94907591955823,12.775697578424058,73.05036717814626,3487.5,3027.5,0.0,0.0,16451.26196403957,16764.765949805893,6.334539794342243,12.569639753601933,14.67096501839612,8300,True,"27/29 °C and 1000/1200 ppm are illustrative experiment targets, not universal regulatory limits."
297,1.185581771327763,95.15429412847536,0.004967191727236682,361163.8565982826,3852.9417080359117,866809881.1949021,28.16080005986057,61.70319887882341,0.5672665342487648,28.398951798944672,baseline,29.39513290972252,28.16407656046042,25.951941901660803,600.0,459.79143641892415,2.501353527928586,38.0670459012311,44.65746619180617,34.75202151171109,13.3850373740722,73.62641415751713,3127.5,560.0,0.0,0.0,17927.158553816902,18130.365895823703,5.857414994384728,8.918979418152109,10.46309248332458,142106,True,"27/29 °C and 1000/1200 ppm are illustrative experiment targets, not universal regulatory limits."
298,0.8328516251318989,62.46532058399727,0.004751153368136422,209176.5791667145,7660.216968092556,1337716980.0714583,33.048786988588866,118.2568659789263,0.37311461791667666,33.67205833310154,baseline,32.56665703563027,31.41052401071404,26.25814438688991,600.0,442.54230070480406,2.0388640643359395,62.1789972628552,69.01830228385303,150.14464828189296,8.786788428815616,54.628004478571114,3542.5,3397.5,0.0,0.0,12462.621141445741,12736.282781795777,8.338153201471693,20.738320203663033,23.019407125930005,34076,True,"27/29 °C and 1000/1200 ppm are illustrative experiment targets, not universal regulatory limits."
299,0.8422129890616206,87.91718774604837,0.005006500177286013,399421.5479432307,3529.801848102821,1439702143.4832458,28.668721443804934,81.9488026099054,0.30755306942014526,32.35716751200822,baseline,32.44963710101467,30.604242473353683,26.043506075943696,600.0,446.7505152979875,5.358568549156189,53.04379217913365,62.728021369762196,94.74645644380914,12.367017742944137,78.40862557563563,3522.5,3252.5,0.0,0.0,12607.85706526973,12879.440307859744,8.245472979681573,17.49484620611565,20.6888882109305,13802,True,"27/29 °C and 1000/1200 ppm are illustrative experiment targets, not universal regulatory limits."
300,0.9407747605323612,73.2461810580052,0.004141976785240077,305654.85035522905,4800.964431550366,1269877879.3832307,37.74117315539442,108.99119930410461,0.30659181169951205,29.50431407938134,baseline,29.979634387371334,28.783437762671753,25.90296611078014,600.0,445.1275703112236,4.417866689909715,51.22519367643702,57.671053504196124,83.0012778105965,10.303296135492731,66.68778837713543,3457.5,1612.5,0.0,0.0,14198.187003740466,14386.684281511452,7.381622823846544,15.125002351917889,17.028238592873972,26666,True,"27/29 °C and 1000/1200 ppm are illustrative experiment targets, not universal regulatory limits."
301,1.1236813507527565,91.5027056469421,0.005743525184976754,186364.0623210765,4087.35393469214,1944435643.138417,23.74799440682498,68.42879012851019,0.37773959767809,33.6813492111413,baseline,32.18476296828828,30.981598629498137,25.95092545527814,600.0,454.99591186690935,1.8131635046738666,50.4017303325399,57.56592942831953,82.42409379872821,12.871380594336523,51.77643987286637,3507.5,3232.5,0.0,0.0,16835.583433774602,17183.761198221633,5.940369843908909,12.459475845664608,14.23048975725982,25364,True,"27/29 °C and 1000/1200 ppm are illustrative experiment targets, not universal regulatory limits."
302,1.158524542139543,68.72085310084086,0.0037612340749835884,203833.66103926813,6111.2405410615775,816347685.1000967,18.02727029949947,116.08826306693827,0.24859339164084665,30.089692796877138,baseline,29.69025393152043,28.681606946943518,26.126956188884606,600.0,464.58130521242936,2.458395995563478,31.070038891674454,37.00500859776176,19.653285772727777,9.666733336184947,53.96013971264032,3297.5,1847.5,0.0,0.0,17500.70684707097,17716.596489804408,4.356132227809396,7.449618928969497,8.872638154000976,19832,True,"27/29 °C and 1000/1200 ppm are illustrative experiment targets, not universal regulatory limits."
303,0.8129371179764313,63.44343470872582,0.005405904838416176,165689.8234898577,3004.771301349132,1466169204.242279,35.49195056949128,89.32315693417809,0.24684174016066632,29.24712916667419,baseline,29.21423839595309,28.437307491759686,25.8012806713524,600.0,448.33154256724737,1.2506792454514652,46.93675002578386,51.5762599492096,63.440098685358144,8.924376482360765,49.19216001896401,3452.5,655.0,0.0,0.0,12299.58732270114,12431.742588874906,8.542412802764627,16.038123773616753,17.623428132353784,27644,True,"27/29 °C and 1000/1200 ppm are illustrative experiment targets, not universal regulatory limits."
304,0.9301140651601288,60.76203579100861,0.0035064210347149614,304696.63693744305,7605.841900664693,1996036080.3409867,17.26604002725466,88.36397747345306,0.4691439826802005,30.14256486945601,baseline,30.169431226440906,28.800867590154304,25.790506763937685,599.9999999999999,459.0879855234347,1.9652925425762078,31.019885925192728,38.50295809080988,19.770474326727033,8.547193034601879,66.56801169991219,3347.5,1887.5,0.0,0.0,14028.275596121128,14223.656886457944,5.24676047738441,9.264062658526466,11.498875822821555,62156,True,"27/29 °C and 1000/1200 ppm are illustrative experiment targets, not universal regulatory limits."
305,1.1671141566920384,64.32152570599125,0.004838302652672629,336488.3745958648,5863.305155768994,1670262540.7750862,16.447861341874912,102.23411050215793,0.3548389760236447,29.207806303347596,baseline,29.605616116179704,28.33396991526079,25.77899851499268,600.0,473.65656611994063,5.189621878002072,27.457970857276255,34.422170587097845,13.884174624393898,9.047894615976103,70.5419789072149,3032.5,1015.0,0.0,0.0,17635.894656256343,17847.952131825143,3.920571356342806,6.535105485001621,8.192612519646296,43712,True,"27/29 °C and 1000/1200 ppm are illustrative experiment targets, not universal regulatory limits."
306,1.1120377105875126,73.67009906485843,0.005965578383840465,298980.3047376948,3766.1583764952047,1988471525.482636,18.855237320738564,91.14722261273941,0.1959822595046064,29.493243739493263,baseline,29.674607841077545,28.474566464039935,25.734402922860454,600.0,471.5991999614513,11.2880372354266,30.670600065764344,37.346354611433604,18.870427477865597,10.362927268456753,65.85347017494365,3232.5,1282.5,0.0,0.0,16799.84110772865,17005.702238763475,4.729376146630761,7.661260988062982,9.328808990285138,13652,True,"27/29 °C and 1000/1200 ppm are illustrative experiment targets, not universal regulatory limits."
307,1.1557831922775264,96.54575964067342,0.0038478341165997234,380059.98621153424,7263.359658469061,934446841.5968622,17.85299998171039,62.31629560540037,0.4421924193910741,29.5970628126632,baseline,30.195034225423967,28.714617535687516,26.06386604516149,600.0,465.3630294198739,4.284548567418824,31.101078863299012,39.10040369022403,20.191218498692137,13.580770189454725,75.98843035917358,3222.5,1832.5,0.0,0.0,17430.694547568077,17674.674728481135,4.308494397380586,7.474748405117986,9.397284300251751,61334,True,"27/29 °C and 1000/1200 ppm are illustrative experiment targets, not universal regulatory limits."
308,0.8497271204900333,98.38879348044739,0.003779648250058259,293373.1747718904,5810.316184102517,1043678926.8631222,19.149758924818414,73.13042453287657,0.4667534354815468,29.29463863798388,baseline,29.877995990653403,28.50943633563279,25.958341113585504,600.0,457.3652529511621,2.0736197876685765,31.163506549372094,38.510508826167815,19.76485425679614,13.8400236162496,65.15257892921811,3292.5,1315.0,0.0,0.0,12828.20698233368,12994.349254236222,6.314876925707423,10.187422983575749,12.589175165617025,109898,True,"27/29 °C and 1000/1200 ppm are illustrative experiment targets, not universal regulatory limits."
309,0.9595720456740884,81.55877125111085,0.005291849366282316,346311.5579553701,7464.732517915803,1850830158.4958115,35.25121173558654,75.5701503754606,0.5243007718431798,29.267476065443667,baseline,29.978866055637468,28.654479434631895,25.78780164472886,600.0,449.95708793444663,2.2062619963107863,47.9926173930539,54.98553079171524,68.59039180887854,11.472600489322929,71.76987682715307,3432.5,1405.0,0.0,0.0,14481.71172741789,14674.1394918644,7.23702245782499,13.89294599533333,15.917260847802828,97466,True,"27/29 °C and 1000/1200 ppm are illustrative experiment targets, not universal regulatory limits."
310,0.9964760365737265,82.35065039025679,0.0039005133099218343,181892.96579992256,7347.465891853965,1135081774.2107043,25.317545245453196,75.11496606458864,0.4125331434508329,34.579869637892756,baseline,33.01136367278417,31.773853591560645,26.440698296705136,600.0,446.00980898535346,1.8993809284147574,56.664905543140364,64.03501076908042,116.43826975129423,11.583991488229454,51.217552807722114,3527.5,3347.5,0.0,0.0,14889.394920598352,15238.489310837464,6.969002955978906,15.795915769216428,17.8504071734345,25748,True,"27/29 °C and 1000/1200 ppm are illustrative experiment targets, not universal regulatory limits."
311,1.1940201004063162,64.04744471095248,0.004089906677866108,209965.2547257224,3248.8641529186602,1446835631.3724074,36.072038477660705,65.98105064394618,0.2554082635627453,34.937136214223905,baseline,33.2814022647342,32.152001382896486,26.202725877799537,600.0,444.41723978569047,6.16273887566058,63.71817571987582,65.98105064394616,159.80012030991088,9.009340556007315,54.726588923447096,3537.5,3392.5,0.0,0.0,17825.035158643383,18259.408023025273,5.81601971531409,14.823446648425817,15.349883655293132,8888,True,"27/29 °C and 1000/1200 ppm are illustrative experiment targets, not universal regulatory limits."
312,1.1009614252142312,84.28846831786706,0.0044400704670862524,201342.04249499328,7559.844917820784,847655919.481579,33.383299502563226,97.81892692224415,0.3907564414157395,31.044702710417823,baseline,30.57289018245376,29.61689763646281,26.300747873001512,600.0,448.64636447661167,0.6545289645000594,51.84993454367305,57.58494138109064,86.85337438509785,11.8565778767133,53.64868739460596,3482.5,2757.5,0.0,0.0,16582.82125346809,16836.31948386564,6.30761831014484,13.081983860299344,14.528953225759384,27224,True,"27/29 °C and 1000/1200 ppm are illustrative experiment targets, not universal regulatory limits."
313,0.8833660628595272,69.5160442419623,0.003644238047272415,151849.73653003713,5325.618500981955,1317018619.3107145,33.2777980337098,110.74773469282042,0.41036867157420587,32.56076056850281,baseline,31.50134658585955,30.55428211984198,26.118979804769992,600.0,441.98683558544593,1.1389788085070904,57.316243230715884,63.0061498801161,117.09263912104788,9.778590223369365,47.46214914898644,3527.5,3317.5,0.0,0.0,13264.787363075971,13508.768713321211,7.86134393930045,18.023308053810354,19.812520579948256,34046,True,"27/29 °C and 1000/1200 ppm are illustrative experiment targets, not universal regulatory limits."
314,1.1770371373050412,97.67106489162308,0.0059140618711060544,268051.161652156,4863.816611852834,1055495944.8663728,34.675615177376336,63.09446656043103,0.3773212809818258,35.782483939996794,baseline,34.12317320633855,32.77482355224074,26.58424387413828,600.0,448.5980429836455,3.232320448398241,61.29415108742901,63.094466560431016,141.72407784678902,13.739063128088313,61.987327289251304,3542.5,3412.5,0.0,0.0,17523.60724259677,17999.698113116185,5.899936564741305,14.465264128220014,14.890134011709378,24260,True,"27/29 °C and 1000/1200 ppm are illustrative experiment targets, not universal regulatory limits."
315,0.8027820957383671,75.78837529748901,0.005654030509941445,214359.68213392398,5083.065029316383,1761899192.2268944,33.9892490552032,87.36764456058017,0.2902666416647404,28.809931874671268,baseline,29.168202972260474,28.233632154770742,25.747214092430056,600.0,450.35677644800177,2.3532858966937056,44.24066569544687,49.512228833716755,53.29220041750423,10.66089812518012,55.27589234947231,3412.5,345.0,0.0,0.0,12147.890925437556,12276.448139087493,8.65047250220151,15.30810648310211,17.132166961951018,44138,True,"27/29 °C and 1000/1200 ppm are illustrative experiment targets, not universal regulatory limits."
316,1.0366430423259887,92.04653906079179,0.0032863211324698554,306803.4622070655,6621.746267134194,1828647840.66911,28.035071290015473,81.3677005529656,0.45131369275814825,32.00659021214243,baseline,31.56568610730949,30.194810340958735,25.935917459676375,600.0,446.73990693792354,1.1560578494390938,49.980792506346106,57.68165753323455,79.16820586531858,12.947879827884709,66.83136485861499,3497.5,3097.5,0.0,0.0,15563.240938899258,15852.738389931004,6.69897366875941,13.39280051774961,15.456316199421444,25532,True,"27/29 °C and 1000/1200 ppm are illustrative experiment targets, not universal regulatory limits."
317,1.0062964094292128,71.69863657337226,0.00542177066421704,152683.10240422378,4667.949763985071,1139363853.6215556,30.056780235627485,86.2930120280225,0.1670834600406365,31.262273371631572,baseline,30.476321145007773,29.592294719204972,26.064845708365965,600.0,451.66315699743495,3.8390374119917396,48.40450998162902,53.74158689645512,70.75665679868648,10.085608211321032,47.566319883259766,3487.5,2802.5,0.0,0.0,15161.695084966792,15388.66617540243,6.900992967254491,13.361567318664868,14.834812528861317,9128,True,"27/29 °C and 1000/1200 ppm are illustrative experiment targets, not universal regulatory limits."
318,1.0126242635687397,99.62343613651203,0.003725532475939008,194954.03684567078,3747.7045212525045,1303552978.9404964,24.511176160482325,93.18681471507446,0.495980420198751,32.21154248357851,baseline,31.26418238394126,30.134765831514343,26.050696557161245,600.0,449.7492829325639,0.6181904417899204,46.127239401362075,52.80046131454281,62.53561381690447,14.013696683202692,52.85018668844066,3492.5,3067.5,0.0,0.0,15217.626681967151,15485.434119764917,6.750067040942153,12.653382421212466,14.483945662042297,49448,True,"27/29 °C and 1000/1200 ppm are illustrative experiment targets, not universal regulatory limits."
319,1.0158666629117696,81.32772387560854,0.004366528788287674,246309.89886776396,4559.257745431778,1751235692.4977174,32.02857686241227,110.61311262312688,0.32681643392989046,32.37398683460364,baseline,31.616715662039724,30.453831189004585,25.952399452643135,600.0,446.275363034237,1.711041706497781,55.481447901575706,62.28744909663034,107.01535728620011,11.440099825168934,59.269669441202296,3517.5,3242.5,0.0,0.0,15248.673291001018,15535.018119697437,6.835980250143897,15.170803284182362,17.031830874256332,14378,True,"27/29 °C and 1000/1200 ppm are illustrative experiment targets, not universal regulatory limits."
320,1.1077574212031351,77.36473168608393,0.003945999660749955,241002.06677680608,4102.809783254414,1965177422.2301993,30.608161755272867,111.71710509055634,0.32599600929296635,35.208782754402655,baseline,33.66179063544922,32.35364933427251,26.05425296635724,600.0,444.2550376218817,3.992892112073605,65.36349588252904,73.18733939445991,177.34537084805297,10.882638923842473,58.606190429832566,3537.5,3387.5,0.0,0.0,16516.877833038194,16940.24643085926,6.268921617245484,16.390345292668894,18.35222776154447,19172,True,"27/29 °C and 1000/1200 ppm are illustrative experiment targets, not universal regulatory limits."
321,1.1977351364105844,99.0561187924537,0.0035869623987063648,285032.1141353487,4321.069111120725,995818203.155182,27.300235232416163,105.78582643752276,0.17985787687386545,32.83595804693904,baseline,32.0394813122777,30.706647901404455,26.307596394111272,600.0,449.3985289606006,5.756567173142685,52.289528274069646,60.06895179362765,91.53005463759223,13.933894043471822,64.10994634965039,3497.5,3172.5,0.0,0.0,17953.680159944302,18316.219761955865,5.7979800653221245,12.126945702326138,13.931143401769951,5144,True,"27/29 °C and 1000/1200 ppm are illustrative experiment targets, not universal regulatory limits."
322,0.8762187108719869,91.71733275522212,0.005364838095176894,216375.6601435789,5539.177491944529,993861627.4269335,17.230680990616133,74.6289401886202,0.5065102567680605,28.407374869467578,baseline,28.933756032700728,27.93097454351233,25.88216736733682,600.0,470.34666423134803,1.0168609019892756,25.846923021738558,31.57049424502458,11.251011635803781,12.901571474234578,55.52788960067916,2727.5,0.0,0.0,0.0,13269.334236409508,13399.468697198981,5.466931804490679,8.193959738918148,10.008439246865457,142070,True,"27/29 °C and 1000/1200 ppm are illustrative experiment targets, not universal regulatory limits."
323,0.8669761479569498,82.96268302037392,0.004075173815439801,302768.99812562513,5471.822454948893,1315299491.2595148,21.412106451303266,104.16605738041332,0.1806457890304732,29.998901998928588,baseline,30.280147471666623,28.8846909753363,25.91434891432624,599.9999999999999,454.6600490647072,11.714299668863532,35.62989367326611,43.133410661670816,29.16866483368039,11.670084078199263,66.32705684843495,3407.5,1947.5,0.0,0.0,13071.956638672224,13258.127921288495,6.944182790175033,11.41576121827727,13.819876117480197,10388,True,"27/29 °C and 1000/1200 ppm are illustrative experiment targets, not universal regulatory limits."
324,0.9851167576157508,64.10310750613908,0.0055253612472133135,211719.12251354154,4398.31332353313,963483912.9828868,35.8049426517382,60.689986610218035,0.39415219369330345,34.3729144028905,baseline,32.95615992557549,31.817362659533934,26.5098156853918,600.0,446.00503128759834,2.3065486195118865,59.20264369989125,60.68998661021801,127.0821126454908,9.017170455863564,54.9458223969245,3542.5,3407.5,0.0,0.0,14722.307419917004,15064.778910760897,7.0493618048401485,16.693634209742946,17.113026941853235,28238,True,"27/29 °C and 1000/1200 ppm are illustrative experiment targets, not universal regulatory limits."
325,1.0222473251837199,86.17703419131007,0.005316066658936023,205816.0413705525,5229.057895851034,1860806732.0796313,17.663186009933877,90.6441040369787,0.15386173435768102,30.605619859461374,baseline,30.036122028488307,28.938947913346915,25.805685884297475,600.0,466.18644644370335,5.155998022586573,32.23508376867348,38.63251641355551,21.928530634982412,12.122236142910952,54.20793725405087,3372.5,2462.5,0.0,0.0,15424.447913964419,15632.593626040269,4.891006811545048,8.759318528061076,10.497708621925065,8036,True,"27/29 °C and 1000/1200 ppm are illustrative experiment targets, not universal regulatory limits."
326,0.9522641776979065,90.06567485094286,0.0034133688600856403,196750.35585517104,6375.94868464343,1906308390.8655312,28.231569209365777,111.75810403237196,0.512909012383245,32.13636417000877,baseline,31.252138254219858,30.17176415903575,25.915750839537964,600.0,445.52719840985696,0.6296425009059021,50.0391239734672,56.420550840278445,78.77781805804541,12.669238262365962,53.074726564628186,3507.5,3167.5,0.0,0.0,14311.105887829452,14562.384804392976,7.292560832470462,14.59653422320162,16.458011968168922,55400,True,"27/29 °C and 1000/1200 ppm are illustrative experiment targets, not universal regulatory limits."
327,0.8799139415305949,66.75166460659202,0.0044389069595444485,167692.73282467603,4053.602868920455,1556892357.5578198,15.077739847628374,76.75355455666772,0.30970521169469345,34.724273788496994,baseline,32.73241471221462,31.346618639555693,26.099217826243034,600.0,453.4466491029166,3.1510273177700583,43.96356273091661,52.0668362940379,56.72840527333403,9.38973415466061,49.44252368581631,3512.5,3237.5,0.0,0.0,13159.62534082486,13455.97756527562,5.3381728641434165,13.878744479653559,16.4368461494303,15734,True,"27/29 °C and 1000/1200 ppm are illustrative experiment targets, not universal regulatory limits."
328,1.0111754291858686,78.93062734939866,0.005408333835636479,321727.7456746643,5844.9593772004855,1259514567.4053571,15.244482276104865,67.78687641458441,0.2628651880590567,29.30991742803856,baseline,29.775205956096897,28.414431522230363,25.874993893439296,600.0,474.06492870664886,8.31778445209784,26.735427757203368,34.11343918553204,12.975110849245526,11.102908247148747,68.69690029206484,3087.5,1232.5,0.0,0.0,15271.214966657082,15463.277995135499,4.202494982410373,7.3444305468474465,9.37122783624585,27626,True,"27/29 °C and 1000/1200 ppm are illustrative experiment targets, not universal regulatory limits."
329,0.8467799637992838,65.44956014060946,0.003910715907189529,159827.68221631175,4418.480885458135,1082265711.316493,38.05765993875653,95.11559165781306,0.3794642743304445,34.43281619250913,baseline,33.09199170509049,32.06446836595122,26.438109516508575,600.0,438.6239800232047,2.7182015223806957,71.0354011435131,77.25310467978211,222.70794026300217,9.206571459779063,48.45939235977077,3552.5,3442.5,0.0,0.0,12649.265273284911,12949.28021686753,8.201002316217437,23.30245957245543,25.34211561655525,18038,True,"27/29 °C and 1000/1200 ppm are illustrative experiment targets, not universal regulatory limits."
330,0.9434748590633544,70.71773151259549,0.003462877513687627,387758.80839334824,4000.9715307432443,901742928.7512345,16.46229170050001,92.91120009251775,0.18578245150641887,31.092519295376007,baseline,31.244991688054427,29.484107545307968,26.17234992605995,600.0,457.5544039715477,18.540954107011203,34.27331475225909,43.641093767128304,27.34272718688276,9.947627566105098,76.95078313190034,3407.5,2682.5,0.0,0.0,14180.690442024392,14427.975211842522,5.010347735247104,10.090746051688448,12.848806653374217,8342,True,"27/29 °C and 1000/1200 ppm are illustrative experiment targets, not universal regulatory limits."
331,1.024631594421234,62.072195233762095,0.004819548024490679,377026.44955395785,5267.496555864298,1692605310.365722,27.259641472823713,66.86189763187812,0.2859086185789015,35.57536339813784,baseline,34.44532010682684,32.650954724822014,26.19013797189615,600.0,446.2801103195007,5.54818602425803,62.07660926376017,66.86191134461365,151.92947485946482,8.731488796215867,75.60923827697654,3537.5,3392.5,0.0,0.0,15238.901439334155,15669.054775086,6.777503721585935,16.82897801234282,18.126274118818714,8180,True,"27/29 °C and 1000/1200 ppm are illustrative experiment targets, not universal regulatory limits."
332,0.8662994077923681,89.73026148313735,0.0053062616822007296,359709.2822446808,4440.973314857535,1754380714.281455,22.170910653813714,113.00993161482401,0.4053794477667688,28.131628065664,baseline,29.47733289605935,27.995034257565845,25.719844807959873,600.0,462.2824972673326,5.021273252074025,31.127011999730342,38.680076531346366,19.448000019162816,12.622056781961321,73.4445923633169,2727.5,445.0,0.0,0.0,13095.95201908537,13247.778954142581,7.112211802507066,9.98083589157856,12.402716204703868,113204,True,"27/29 °C and 1000/1200 ppm are illustrative experiment targets, not universal regulatory limits."
333,0.9106344435791492,95.42296003335045,0.005938800250951122,174451.90191714893,5465.37659068774,1512181129.409478,24.316548383884708,118.84180783462128,0.4286614599539996,31.929226975940182,baseline,31.01174822983961,29.938136583809328,25.981965603088838,600.0,454.6071321774557,0.7232571984641254,44.766316504575336,51.098465887542595,56.86517499595294,13.422829711357963,50.28741982237542,3497.5,3017.5,0.0,0.0,13696.288007481526,13925.767128605294,7.462156798989464,13.655411351521954,15.586955229045724,48914,True,"27/29 °C and 1000/1200 ppm are illustrative experiment targets, not universal regulatory limits."
334,1.0338456953892774,63.624908956416306,0.0059898082931887624,288111.39799566835,7871.782806706013,1174191562.7797194,24.845775918782962,84.86031880134937,0.1932258027777613,34.878004560049256,baseline,33.568195551021915,32.04433419979938,26.462339488483792,600.0,450.9958348320786,9.154102617161698,57.80269679866435,66.60717088678373,124.62704112493384,8.949903859869227,64.49485683219035,3527.5,3347.5,0.0,0.0,15419.592361458324,15809.960300113262,6.689575161806158,15.530658721996147,17.896279875720587,5714,True,"27/29 °C and 1000/1200 ppm are illustrative experiment targets, not universal regulatory limits."
335,0.9607122490970808,60.02834836254544,0.005492905749747745,164063.7711803251,4811.8676493891435,891995190.5887481,29.481372264204023,92.69635999352249,0.34793612735359014,30.72025332159344,baseline,30.14587447902875,29.269084034042063,26.154260639920608,600.0,452.44267015893,0.6814393355452921,45.91199465663552,51.16669242070029,60.32003903284132,8.443987669664725,48.98890348027244,3477.5,2682.5,0.0,0.0,14490.750476771971,14691.575914854753,7.228433332635381,13.274871701752067,14.794201000579685,30482,True,"27/29 °C and 1000/1200 ppm are illustrative experiment targets, not universal regulatory limits."
336,0.9622233429895162,75.6889277090641,0.005200957182430035,266485.77301832236,7302.379948375546,1329351124.9143984,26.439177622922024,97.63900423968764,0.169014799416479,31.77921678980141,baseline,31.252027941585425,29.986674020645378,26.07567509898115,600.0,451.89346523334854,5.090135733917123,47.15869817025,54.36025027807831,66.50059180538601,10.646909164408351,61.7916537100221,3497.5,3002.5,0.0,0.0,14460.926096565443,14714.684135506724,7.217081663045985,13.61392703270526,15.692894619220375,6170,True,"27/29 °C and 1000/1200 ppm are illustrative experiment targets, not universal regulatory limits."
337,1.0280372031857865,68.61719946154743,0.005809385558503551,315886.4189626534,3163.2581239812757,1871693721.7687287,32.209649506988434,109.85204457691916,0.24017106680079342,34.66207006571108,baseline,33.59619936473774,32.10526303587764,26.042855232127636,600.0,446.5754199666386,6.428148943203269,65.47670246009618,73.93367488894982,177.43605185834173,9.652152724257672,67.96673445306348,3537.5,3392.5,0.0,0.0,15331.81957049844,15721.134635364397,6.755051687744658,17.691940378441092,19.97703181359061,6932,True,"27/29 °C and 1000/1200 ppm are illustrative experiment targets, not universal regulatory limits."
338,0.9496977424550626,84.11773878622367,0.004000854703409215,289562.12163856236,5132.095423372167,1615042323.396116,22.718247849569913,97.52176164154375,0.5089211745186605,29.666957890956283,baseline,29.928317671303773,28.678713301049523,25.8166022311853,600.0,455.54593890083873,1.5095419446006417,35.70592641125707,42.5616494470868,29.105809653799326,11.832561922595463,64.67619728755209,3372.5,1602.5,0.0,0.0,14334.992438768937,14523.13790373543,6.679099801494978,10.44365217334942,12.448887549638435,90908,True,"27/29 °C and 1000/1200 ppm are illustrative experiment targets, not universal regulatory limits."
339,1.0505364104562225,88.52512961561416,0.004843497601082861,293551.25905301527,7568.3329953809525,1792929083.8029706,23.97707621429671,89.75891180328237,0.5905639922501106,33.10079122079875,baseline,32.205231672493085,30.771255257056534,26.015958582460087,600.0,452.1199480752309,0.6081198889442021,49.378404257258524,57.58886350402725,77.59918723887536,12.452534899263059,65.1748394643587,3502.5,3197.5,0.0,0.0,15738.73016147639,16065.201042291472,6.400791809105876,13.056399824197822,15.227369912813767,41696,True,"27/29 °C and 1000/1200 ppm are illustrative experiment targets, not universal regulatory limits."
340,1.1561813749621301,69.43500670110008,0.004671254430284738,264790.32672225975,7376.361739921459,1666757715.5557847,27.478994135333533,65.68345850742058,0.3135675471543081,29.52292100513328,baseline,29.588443726846492,28.57963276552667,25.81535093584364,600.0,457.2486170347251,3.064716176231741,39.841879746000686,45.63753115886015,39.704703202837614,9.767190942621411,61.579722923014266,3362.5,1397.5,0.0,0.0,17471.283151077612,17680.763889043348,6.006362491933331,9.572190884579872,10.96462221508065,28274,True,"27/29 °C and 1000/1200 ppm are illustrative experiment targets, not universal regulatory limits."
341,0.9555863776149331,83.05335817812636,0.004984959665519078,169722.34140346205,5043.760608558499,1061900606.1300488,31.59452502543902,115.39446066018195,0.1564369865791248,34.51350997686196,baseline,33.06998263683522,31.941935178374813,26.45808470188939,600.0,444.46803830201463,13.630903179844609,63.89371760267561,70.67639630964835,164.1146987663024,11.682839050389772,49.69622475816456,3542.5,3397.5,0.0,0.0,14275.017556830217,14613.189144955088,7.267207452012052,18.57315602795671,20.544801357713343,4658,True,"27/29 °C and 1000/1200 ppm are illustrative experiment targets, not universal regulatory limits."
342,1.0615261086928793,71.51459565422083,0.005787393645926979,383970.2081440446,4510.683807171089,1348444950.8146913,15.302760477807928,98.783332532947,0.5832208575050332,30.464946464752106,baseline,30.65128922988623,29.039504055927683,25.91587088385029,600.0,472.3059375728132,2.2965087668708293,30.490203764767752,39.19045982832687,19.49115191757138,10.05971978869373,76.47720810073739,3307.5,2472.5,0.0,0.0,15984.921426438208,16233.259673871253,4.067365587776669,7.9786083228775455,10.25527186948495,80558,True,"27/29 °C and 1000/1200 ppm are illustrative experiment targets, not universal regulatory limits."
343,1.0877503226439325,68.84253113734917,0.005868001339413169,208497.8960023165,3993.6036399991212,1773845838.0881414,24.88533540292608,113.65862523648947,0.4442320598467714,32.638938186963045,baseline,31.48025557868249,30.342614063779425,25.93316807974702,600.0,455.69793732364656,0.9389934147911845,47.732198136323355,54.4532815329309,69.3929753345576,9.683849379987116,54.54316908302137,3492.5,3127.5,0.0,0.0,16334.993016891427,16634.290295091487,6.361478368666693,12.18932658602089,13.905683337477264,36326,True,"27/29 °C and 1000/1200 ppm are illustrative experiment targets, not universal regulatory limits."
344,0.9830773448050169,71.35944641985077,0.0034881075609035123,153301.8050634786,7629.743222872635,1415222258.6171832,32.18973258670145,72.87477046069773,0.5887099010404502,33.846663269805696,baseline,32.43389007704462,31.406154866915166,26.221338218986432,600.0,442.26333163387204,0.8814219652413158,61.2996923451322,67.51040366400805,144.39798840194194,10.037895463059009,47.64365771566663,3532.5,3367.5,0.0,0.0,14717.02148928414,15033.591436926994,7.063985841136236,17.320806351680847,19.075701424477792,47462,True,"27/29 °C and 1000/1200 ppm are illustrative experiment targets, not universal regulatory limits."
345,0.8556982376820836,91.53615355876556,0.004873856736933047,172444.42731271163,7504.394979671088,1815959185.1292357,16.225606368925366,109.3866160045757,0.5747318289570413,30.04525446034537,baseline,29.643262949616656,28.60915361544939,25.801202904660272,600.0,464.73437363475404,0.27678974844457116,28.85105929883583,34.87974139436352,15.724447963715551,12.876085600599687,50.03648549682076,3342.5,1577.5,0.0,0.0,12928.204928899371,13085.661841960538,5.379351369706321,9.365665120772407,11.32270305970823,129362,True,"27/29 °C and 1000/1200 ppm are illustrative experiment targets, not universal regulatory limits."
346,1.165404933608497,93.1214662699133,0.003485241919921183,395773.6356054924,5107.979666002394,1637480473.3327003,20.227935380093022,84.69720671273308,0.34242814955964496,34.984611504024635,baseline,33.872011541606014,31.976751661232782,26.146767158172793,600.0,450.81625370268915,3.1172526899317745,52.81833782543818,63.466083208834114,98.33338618891536,13.099086255301138,77.95263653341834,3507.5,3262.5,0.0,0.0,17365.029843741428,17821.8140444729,5.046971415960182,12.589409984422591,15.127332182662503,10616,True,"27/29 °C and 1000/1200 ppm are illustrative experiment targets, not universal regulatory limits."
347,1.0043996876439527,90.39067255063746,0.0037396246170242104,212332.9567251389,7528.050501763502,1090983146.830474,39.419661094754275,113.50287295414367,0.30189053417587175,33.5700689363545,baseline,32.59672468464976,31.50153994010522,26.423132739618552,600.0,440.406012231434,3.2123850711795967,69.0392875985938,75.65277154314194,204.72374103843492,12.714954605456336,55.02255167337417,3537.5,3392.5,0.0,0.0,15028.116296722123,15359.660786823593,6.914024894545929,19.093574126335742,20.92260583162717,22400,True,"27/29 °C and 1000/1200 ppm are illustrative experiment targets, not universal regulatory limits."
348,0.8125095357980188,85.00005004438478,0.004680324647536137,263095.64887572604,6523.197788413834,1434750542.9985833,36.635504114945704,105.98669916314216,0.17337551435280632,30.302536452054884,baseline,30.45581444167334,29.261250516923173,25.932265555195272,600.0,444.18682085982755,7.182378911515116,52.96579363203216,59.49654040052195,91.81462928368707,11.95667370624346,61.36788819219755,3502.5,2687.5,0.0,0.0,12243.319590856874,12425.203840108152,8.546908237358533,18.107751115673917,20.340458849742234,8396,True,"27/29 °C and 1000/1200 ppm are illustrative experiment targets, not universal regulatory limits."
349,0.8148166027687197,95.95017459437527,0.0031423169880911888,160276.41892045803,3578.3250330278906,1171343254.4186418,25.043640235441913,113.80973886138756,0.4895395823439118,28.036321082164196,baseline,28.519947259272328,27.72912765157047,25.78456688187032,600.0,450.9661339717727,0.5442594458436361,32.391094875719155,37.0297625710031,21.132193257816724,13.496991226275455,48.515484447789056,2837.5,0.0,0.0,0.0,12356.3882262235,12460.48438282275,8.522708571287641,11.042394477227315,12.623754994265376,139682,True,"27/29 °C and 1000/1200 ppm are illustrative experiment targets, not universal regulatory limits."
350,1.0434010406368621,91.87126534298957,0.005954585079701051,378385.8193205309,6361.736219281585,1517655356.9089217,39.534756795944844,69.08550397085169,0.2056810042386381,34.02809603241662,baseline,33.485777096162565,31.88741157369548,26.198254315951942,600.0,445.30739411254,7.696265697290073,66.76363021372872,69.08550397085168,183.26523114204372,12.9232246582472,75.77915949779816,3542.5,3402.5,0.0,0.0,15566.97186425796,15956.084262027434,6.6555851240149755,17.774040963029183,18.392178100539116,5396,True,"27/29 °C and 1000/1200 ppm are illustrative experiment targets, not universal regulatory limits."
351,0.8378078417757935,95.49415791843965,0.0031067291294903147,361703.9988527758,3676.7301452786824,1705896407.995641,27.130762199874496,71.45493404383704,0.3145181759008673,29.352761352181215,baseline,30.252092628947594,28.684345003493704,25.786658037405573,600.0,446.9905628181118,6.836317948938813,40.11665184962082,48.20372146922727,40.87714506589534,13.432844880527178,73.69393193932876,3412.5,1482.5,0.0,0.0,12633.026947098897,12812.075125593494,8.288827220481965,13.300799833829407,15.982092745706476,33644,True,"27/29 °C and 1000/1200 ppm are illustrative experiment targets, not universal regulatory limits."
352,0.9549611467713045,61.060777561982455,0.004252964226242037,297983.2235442632,3356.66712826858,1894808894.860548,33.784038908358376,94.51683825605107,0.34506906837526785,32.55587427197412,baseline,31.98681751150815,30.65558718926871,25.920613136911243,600.0,444.0296194660601,1.7425145022571087,58.42183422319108,65.86289321446225,124.6956376113165,8.589216043718865,65.72883502576471,3527.5,3302.5,0.0,0.0,14317.168760236236,14603.627877872139,7.271965428042185,16.99366234855429,19.158107297856144,14828,True,"27/29 °C and 1000/1200 ppm are illustrative experiment targets, not universal regulatory limits."
353,0.8754137863077447,93.24811989905793,0.005684176052909622,384526.7016323048,7532.18517363287,1417909497.0447288,20.80471099912485,82.1415828280016,0.5813502757165004,30.184909708717786,baseline,30.81873938714932,29.098226641511047,25.9311849756391,599.9999999999999,460.0130605032038,2.189323915357818,36.29607086670477,45.26952996064882,31.297758331835954,13.116902199134147,76.54676978676991,3412.5,2272.5,0.0,0.0,13175.093736693347,13387.159485619331,6.703014705919946,11.517115751560326,14.364486406538001,97034,True,"27/29 °C and 1000/1200 ppm are illustrative experiment targets, not universal regulatory limits."
354,0.934041750011986,88.01252854476377,0.00581588152657999,176422.696582934,7062.484508952679,1236797794.8522496,30.98852210089751,102.38007447989264,0.4063291465994462,35.0512214752587,baseline,33.5116566661128,32.329683837838154,26.43064339697372,600.0,445.4884173809934,2.5356410397362197,65.59869545059166,72.6878921010564,177.94689538134898,12.380429015296768,50.53376915559855,3542.5,3417.5,0.0,0.0,13933.692116188853,14283.720532180081,7.434833019354146,19.50861387850462,21.616893612007424,18392,True,"27/29 °C and 1000/1200 ppm are illustrative experiment targets, not universal regulatory limits."
355,1.0522460289488733,74.21252655598293,0.004119921826275389,372397.74211410794,6766.47654525639,1845180434.4889264,26.859896798229677,90.28201183081613,0.5463766848981405,32.73657670316207,baseline,32.290184004777245,30.684962425197845,25.97984530389914,600.0,448.7445543043869,1.2647237670025788,51.72559169701002,60.53237170182311,88.58399375920261,10.439228735541597,75.0306498469953,3507.5,3197.5,0.0,0.0,15760.06087930107,16091.345176389716,6.5996394886674,13.654810301530954,15.979673225041793,30746,True,"27/29 °C and 1000/1200 ppm are illustrative experiment targets, not universal regulatory limits."
356,1.0584982198912416,60.465527618281044,0.0031857289050460933,389209.6611541681,3927.9502560225956,837931358.4909052,17.534027382714978,99.52827378126221,0.41303982917657045,31.011656428063986,baseline,31.07603877895832,29.430819834010524,26.208434249252434,600.0,458.0839535022536,4.202802526910091,35.02013423134612,43.90942647808448,28.957645648418794,8.505484218304867,77.13213972700281,3392.5,2677.5,0.0,0.0,15917.243391943413,16186.956050457677,4.706256471351461,9.190204462755094,11.52298859022384,29714,True,"27/29 °C and 1000/1200 ppm are illustrative experiment targets, not universal regulatory limits."
357,0.8970397963986917,78.1688919919352,0.003992619848318052,340603.7283091544,5658.437007701204,1461428296.0045805,29.51034083582337,108.32589376866235,0.37538867329865167,35.17588892276554,baseline,34.231617125526896,32.51990749920515,26.284799867006086,600.0,441.8037690534696,3.0635532375454204,65.26491645143925,74.71309280414864,176.5405317481923,10.995757473532217,71.0563981213761,3547.5,3417.5,0.0,0.0,13350.531900047828,13717.872630252567,7.741512107181884,20.209965635321236,23.13569250033282,14906,True,"27/29 °C and 1000/1200 ppm are illustrative experiment targets, not universal regulatory limits."
358,1.025163762996515,61.45922524581562,0.005123256353871753,267220.8804420153,4999.927389411978,1978657906.5811973,36.869707672545246,82.52435945103991,0.407300017428597,35.00317834726364,baseline,33.74015887368415,32.433421426575194,26.069000914849482,600.0,442.9341887789542,2.656300261733122,72.05120953318536,79.70301427030236,234.39383368369292,8.645264351244728,61.883542137983724,3547.5,3427.5,0.0,0.0,15281.76742975986,15677.192898681893,6.773985479301468,19.522953885756202,21.596282452943438,30152,True,"27/29 °C and 1000/1200 ppm are illustrative experiment targets, not universal regulatory limits."
359,0.96580289938072,68.3658447694573,0.004235210185953932,259690.96291944606,6061.875922090063,1239573213.980916,18.958413979276095,115.67662566905824,0.4994132874480999,35.12158623530291,baseline,33.50627670443242,31.952421584710837,26.36511776375255,600.0,449.9489092927326,1.438567008866812,51.41398040778402,60.49902686295011,89.64785923474629,9.616795497570328,60.94230244766256,3522.5,3307.5,0.0,0.0,14407.801238724609,14769.424068834629,5.858748655362493,14.787345568688966,17.400325936569498,46952,True,"27/29 °C and 1000/1200 ppm are illustrative experiment targets, not universal regulatory limits."
360,1.1887783950814412,82.80337767353734,0.003546497613313176,198141.97224165878,6748.840193921707,1726202639.2624435,16.63820144989133,77.41631460142182,0.4429335403518767,30.022559182432705,baseline,29.567078289794324,28.55741567748529,25.805331487087983,600.0,467.09271340742214,0.7844222393323435,28.9621341042259,34.89033783579831,16.038043883735323,11.647675126077587,53.24867861293915,3247.5,1457.5,0.0,0.0,17965.0341905147,18179.249878090537,3.912520213407348,6.767482723828194,8.15270579448915,58970,True,"27/29 °C and 1000/1200 ppm are illustrative experiment targets, not universal regulatory limits."
361,0.8900114357845976,70.88426496251172,0.0038250378490555493,396265.90033514757,4169.809604104647,1350232130.1016026,32.73911478027625,73.64732439940614,0.4501172963066946,32.11692017687459,baseline,32.218955568468914,30.49951384508637,26.075040740866825,600.0,442.9587233572474,2.5016233814676525,56.457875806848236,65.52353061394969,113.15785787123085,9.971053271393314,78.01416962462524,3522.5,3257.5,0.0,0.0,13333.384976534782,13610.392275322165,7.802646309058385,17.62083345126325,20.450277372056345,25622,True,"27/29 °C and 1000/1200 ppm are illustrative experiment targets, not universal regulatory limits."
362,0.8384209232254605,82.78507589327361,0.003304455211943501,345235.26094758743,7311.107191498988,1070036260.4819021,38.812001454493235,100.08065419513261,0.3696578346209516,34.71912844508157,baseline,34.178623109947694,32.51399926648999,26.587199923681737,600.0,436.8962120900228,3.0138596174656413,74.45896683356375,83.5288546578817,257.7537296943919,11.645100675653822,71.63533970118023,3552.5,3452.5,0.0,0.0,12480.273797213791,12821.450599538202,8.282766152505724,24.66904840958353,27.67399880471491,14756,True,"27/29 °C and 1000/1200 ppm are illustrative experiment targets, not universal regulatory limits."
363,1.0789308291899193,71.00401014337491,0.003200732444385103,288617.55025634007,7780.631384385623,1800915107.788059,20.772427043201454,103.57510135250068,0.21346586198088444,33.15296599424104,baseline,32.08298663239543,30.64635723907397,26.00811657207538,600.0,451.12960798918004,4.602024571300717,45.454432418083094,53.7448719836549,61.45611170669318,9.987897426834738,64.55812586477433,3487.5,3117.5,0.0,0.0,16170.477965025184,16499.419257762696,5.524189495012292,11.702540038387172,13.836967767229217,6866,True,"27/29 °C and 1000/1200 ppm are illustrative experiment targets, not universal regulatory limits."
364,0.8724037639299359,88.9076778590937,0.0030754633821197877,192224.4607202828,7274.6818001422225,1441329027.751113,27.93267568696762,62.69427982753883,0.38952869592045525,33.746581327268196,baseline,32.49403644560164,31.30770618820646,26.19133359490479,600.0,441.736903417062,1.7550894544256153,56.423224221118325,62.6708673080036,113.2866244577811,12.506346685512513,52.50898967276716,3532.5,3357.5,0.0,0.0,13057.578834647435,13341.129082332032,7.9601266426931225,17.965440415566874,19.954721623164993,31742,True,"27/29 °C and 1000/1200 ppm are illustrative experiment targets, not universal regulatory limits."
365,1.0184267393695319,62.929941774831754,0.004071615915196248,187127.52982822835,4745.531909599844,1721557336.1138902,35.155813574076205,92.6259934518171,0.4696390972813179,34.05672514104681,baseline,32.69551648401114,31.625925309458236,26.07201873205304,600.0,442.4746679953064,1.5503155716869514,65.54957738838495,71.99187455565696,176.08184847314652,8.852145142992999,51.87187331126035,3537.5,3387.5,0.0,0.0,15233.124910248873,15574.167779402926,6.818796262894155,17.87876853320842,19.63591700715434,30836,True,"27/29 °C and 1000/1200 ppm are illustrative experiment targets, not universal regulatory limits."
366,0.9667149678311756,86.09568716203827,0.005325238422606346,395179.2319184473,5937.97908560253,1375359905.7675076,21.457822439471183,112.40626689868793,0.501907340909758,29.314833675827757,baseline,30.215695526384536,28.624080239186174,25.866497654474358,600.0,462.1734725009741,3.5494055665622,34.1352440309407,42.4186509754802,25.93736745373313,12.11079332746005,77.87833607253773,3302.5,1502.5,0.0,0.0,14578.244874565507,14783.371765340014,6.193481485337393,9.808488071814745,12.188658494380318,88988,True,"27/29 °C and 1000/1200 ppm are illustrative experiment targets, not universal regulatory limits."
367,1.193495603545008,99.55576992586931,0.004787361811192194,252802.80394331005,5370.184576501446,1918598846.5499842,26.21723914809932,93.45889221930562,0.28822849240583787,29.263388335927722,baseline,29.427258126068978,28.43624656040125,25.7487112076289,600.0,460.00816641222195,3.511615566749242,37.74572092325159,43.495662218688295,33.85599016699981,14.004178302905617,60.08128257564556,3312.5,990.0,0.0,0.0,18044.655604339718,18251.387218187763,5.818575639338383,8.785053290131872,10.123312024102024,27278,True,"27/29 °C and 1000/1200 ppm are illustrative experiment targets, not universal regulatory limits."
368,1.1631704868865331,84.04740457418156,0.005156194780776679,150753.7394494285,5175.282149938113,1781758882.6844692,25.437475093343487,78.62374349160136,0.46346195717838823,30.517537277366586,baseline,29.845055663314724,28.978598687074903,25.82019213204967,600.0,459.0543473375678,0.37501775394775905,40.18308620898647,45.39088832287042,40.858691492207896,11.82266824343487,47.32514951391036,3422.5,2632.5,0.0,0.0,17561.900540462942,17787.64403813199,5.970272219537386,9.596158531551513,10.839838382966288,55532,True,"27/29 °C and 1000/1200 ppm are illustrative experiment targets, not universal regulatory limits."
369,1.0275771209729765,82.25817379548779,0.003968363343742852,389818.9244824443,5157.408819905356,1594185984.8067145,35.7134670062526,119.73986781559067,0.20059704223244718,33.40947201832872,baseline,33.05439553873555,31.412642889784177,26.09754676717091,600.0,442.5853901749963,7.942578280431917,64.83588771677607,73.76242507159371,171.24299309892257,11.570983113898617,77.20829764303734,3532.5,3357.5,0.0,0.0,15352.725179845685,15714.098883751021,6.75807616061848,17.52663468525124,19.939683457029773,5420,True,"27/29 °C and 1000/1200 ppm are illustrative experiment targets, not universal regulatory limits."
370,1.082393945370217,64.87332546593987,0.0047422497355687175,202559.01719588396,3981.946392566784,1378947340.2533312,24.74175254715369,90.46461475284939,0.3922718874878279,28.197685584418178,baseline,28.562171445139597,27.77383462545711,25.752447552023455,600.0,462.2874015207371,1.4040229200618342,32.36558076453264,36.978522639456244,21.1673195325658,9.125514448875542,53.8008092322173,2837.5,0.0,0.0,0.0,16411.81342392657,16552.378543243463,6.349709257485723,8.306069282551295,9.48990142473504,82274,True,"27/29 °C and 1000/1200 ppm are illustrative experiment targets, not universal regulatory limits."
371,0.9655914361677171,89.25931696719296,0.004385674474379554,223375.30634279805,6261.809394637561,1722675861.3905764,29.875275623428152,112.30386927585047,0.4778939718298413,30.970128972760335,baseline,30.548928117911657,29.4945789416246,25.887977992998344,600.0,448.7663389553781,0.47410502609272953,47.64659580335967,53.822491409379865,67.62777635475278,12.555810586718477,56.402845375581556,3487.5,2697.5,0.0,0.0,14545.019503345435,14766.190293216643,7.191907658176701,13.706796689769293,15.48345552597075,44624,True,"27/29 °C and 1000/1200 ppm are illustrative experiment targets, not universal regulatory limits."
372,1.0751421241472137,75.62586814427854,0.003320817874686447,374655.22145354364,3117.3364290718873,1496651098.1551862,33.68989549559232,119.34910927654593,0.4570681267182206,30.372674658005167,baseline,30.71819875646139,29.319539858174007,25.885659069684607,600.0,446.09605250069507,2.8911193125968566,50.3909679659467,57.902982336868135,80.02719179054273,10.638038785628515,75.31283476442476,3467.5,2682.5,0.0,0.0,16186.484887892328,16441.48094396872,6.459094373176636,13.01920070591082,14.960033096088445,35060,True,"27/29 °C and 1000/1200 ppm are illustrative experiment targets, not universal regulatory limits."
373,0.935963799795875,74.01341209726674,0.004521757598514135,329122.25312990125,7231.444491955497,1028968530.1287796,30.429704602515024,107.01515958353767,0.28248240047296025,30.870253609177745,baseline,31.005402833087828,29.59745879691858,26.158185022774774,600.0,448.210366193163,4.889373322992469,48.80498808103612,56.41129022680118,73.07612031927042,10.411219968348856,69.62121372396946,3487.5,2697.5,0.0,0.0,14077.96534890142,14313.11324611568,7.4195652074994385,14.484471660739214,16.741889851077087,14708,True,"27/29 °C and 1000/1200 ppm are illustrative experiment targets, not universal regulatory limits."
374,0.8223273832116372,82.60054416853066,0.005633931919580464,161828.8919549249,5859.984225441016,1886448357.2357118,28.792220673255727,94.91390622174745,0.5221850604984318,31.504598535259948,baseline,30.72471141503894,29.75472814639174,25.876431768448015,600.0,449.67640480723935,0.44864297995809466,48.11690670713349,53.85068274252826,69.472029518713,11.61914321303998,48.70954357709741,3512.5,3037.5,0.0,0.0,12379.808961236658,12575.342084658692,8.444865860264313,16.253632910103786,18.19047168977206,84014,True,"27/29 °C and 1000/1200 ppm are illustrative experiment targets, not universal regulatory limits."
375,0.9065281099604303,90.54762642733152,0.00431228059365644,262493.3169277867,4035.2366377070184,1256942559.969071,15.177679340805776,93.84343359600385,0.38378392324464405,35.84476247851639,baseline,34.057099084391155,32.32309391787685,26.351847518607087,600.0,451.1362829756839,2.7826134525821544,49.86608037556589,59.96068187682143,83.68751850385787,12.737032784111301,61.29259669870514,3522.5,3302.5,0.0,0.0,13499.199623813623,13862.97151821537,5.286580961168108,15.279933232095107,18.373114725047795,32282,True,"27/29 °C and 1000/1200 ppm are illustrative experiment targets, not universal regulatory limits."
376,0.8460979532289258,88.5635428341999,0.005207555154600648,210069.03349227077,5798.889914906024,1728088775.614613,15.700041759988615,64.6613805332775,0.1765462814397185,34.759024011830846,baseline,33.02382554343467,31.51449716299625,26.08712781284055,600.0,453.82906259466534,9.735851489574998,45.581910329805005,54.35960957963916,63.02166168387463,12.457938358677453,54.73956126926565,3517.5,3267.5,0.0,0.0,12641.420401887186,12938.850652678495,5.778738956278987,14.96474694207581,17.846505232963544,11030,True,"27/29 °C and 1000/1200 ppm are illustrative experiment targets, not universal regulatory limits."
377,1.1354568442111144,76.54491197337173,0.003935255274881634,280541.48933800607,4022.7777540952175,1499549775.745912,24.258473149665235,117.78388685648002,0.30409777348743483,30.948702042784852,baseline,30.573241895508886,29.375228229705407,25.905264578488357,600.0,454.9110365195124,2.821339166854159,41.365770214334745,48.24820922697093,45.26636122490477,10.767317617587624,63.54861824998256,3437.5,2682.5,0.0,0.0,17102.470946616453,17363.836508223078,5.952175245384106,10.119708014255169,11.803425563158951,15572,True,"27/29 °C and 1000/1200 ppm are illustrative experiment targets, not universal regulatory limits."
378,1.0631969156368166,89.90887375633326,0.00570330343348476,204352.18029190635,5739.8363243282965,1271591971.2858732,38.21911676956,112.0198611835385,0.27507456890347604,32.26331935674503,baseline,31.498994051194927,30.49776175636321,26.13680471724598,600.0,446.82710545027027,2.430375809140969,61.882806028548565,67.92112146029413,147.1151204009672,12.647181575057546,54.0249546192201,3522.5,3282.5,0.0,0.0,15965.237226983867,16258.810287053288,6.531663459806947,16.16790651707967,17.745516287652507,13094,True,"27/29 °C and 1000/1200 ppm are illustrative experiment targets, not universal regulatory limits."
379,0.9519838906888282,93.91122562612631,0.0036333685469970237,179604.25627004413,3541.6975733995014,1807209244.7359953,39.217856037811444,78.85250372262428,0.2638604298532624,28.91416280445716,baseline,29.06168288687985,28.30034382642318,25.737642864077486,600.0,444.14625751274485,1.6963865010329755,49.82455004703425,54.41657567030678,75.71257307591527,13.210179071408433,50.93146411648732,3422.5,165.0,0.0,0.0,14410.61037837799,14558.098549194614,7.294707938198035,14.538221629809838,15.878121060469635,30740,True,"27/29 °C and 1000/1200 ppm are illustrative experiment targets, not universal regulatory limits."
380,1.0539415437863666,97.16709339489336,0.005195717530629074,331122.66470492055,6561.487651885087,1713337691.9185467,33.62310683448716,108.18536989915111,0.582706390610107,31.22460943065162,baseline,31.19194819245979,29.841384002219613,25.924425257505163,600.0,449.2069905767249,1.0653854552510893,53.42515918616055,60.87406553058976,95.4295069959896,13.668171137548331,69.87126517084688,3492.5,2937.5,0.0,0.0,15842.41578846164,16117.273632046656,6.589022403933325,14.080782832452647,16.044023263982453,47858,True,"27/29 °C and 1000/1200 ppm are illustrative experiment targets, not universal regulatory limits."
381,0.8495916207674628,70.51918975118394,0.005772329694898659,187751.5485788215,4530.623058245132,1155901134.7277112,29.557764871057785,68.16281945208249,0.3639445591652301,29.773884189520622,baseline,29.635776787266764,28.731562806169002,25.934755923466582,600.0,452.9922418588756,0.736621225340059,42.79795678297765,48.11777673267888,48.66069257998749,9.919699358333208,51.94987565508448,3452.5,1617.5,0.0,0.0,12836.271051727734,12992.277141111343,8.1738617409754,13.99298326161198,15.732322171841608,47834,True,"27/29 °C and 1000/1200 ppm are illustrative experiment targets, not universal regulatory limits."
382,0.8392437509385542,71.5910896029773,0.005517371033391178,283249.1584339304,4616.542133669581,1421350358.2335837,31.633556611838927,78.23659358794868,0.20960763171710117,30.886899725056164,baseline,30.854608760166798,29.55626944864623,25.950131067366385,600.0,448.56171477162667,5.278283368606935,49.75591492700019,56.831715080324074,76.85713126224158,10.070479937485473,63.88707688697312,3502.5,2697.5,0.0,0.0,12629.419768881598,12834.033592857091,8.274645401503724,16.468502105932508,18.81049159395894,9632,True,"27/29 °C and 1000/1200 ppm are illustrative experiment targets, not universal regulatory limits."
383,0.9425886826017066,72.29782210995458,0.003328945134497908,282312.49245655723,4197.777142504267,1421941212.897348,18.05988334238822,63.66490224454716,0.30357633584737603,31.983654963218314,baseline,31.294484903816,29.864765234259995,25.986173308663524,600.0,453.56165217630684,2.396473728949786,38.119887910676866,46.20760240563799,36.55596244067133,10.169893643466944,63.769993639801456,3462.5,2712.5,0.0,0.0,14163.863415358443,14414.423465445521,5.554583641066659,11.233805315526103,13.617228118259588,15566,True,"27/29 °C and 1000/1200 ppm are illustrative experiment targets, not universal regulatory limits."
384,1.132752105343958,83.14894635013431,0.00418841986325756,375338.2611132044,6386.598159727861,1796940799.1503234,23.531952417767197,79.04387259180966,0.5119290890823828,28.106051943359812,baseline,29.258518907230552,27.96670499375465,25.721849368414098,600.0,462.1313010473782,3.504759794479469,32.32092141530502,39.09771246412069,21.59339561319626,11.69628511991889,75.39821472188235,2717.5,290.0,0.0,0.0,17136.21406784294,17322.474616112268,5.770923113534128,7.925859227379194,9.587689692424105,128204,True,"27/29 °C and 1000/1200 ppm are illustrative experiment targets, not universal regulatory limits."
385,1.1661699839720572,99.93250500196632,0.005841208480549986,376763.60181235237,4138.639517421841,1998516517.2100697,19.20758298824006,71.07024487711347,0.29229268689202254,35.85967986701251,baseline,34.431115875987246,32.50255074892223,26.061487559973045,600.0,455.6819281863231,5.395085111827939,54.93163764047224,65.89065073947721,111.29548416107289,14.057172370276596,75.57638230927584,3512.5,3292.5,0.0,0.0,17344.79675680148,17833.513484659587,4.863002076952869,13.08453179483492,15.694931948430453,8234,True,"27/29 °C and 1000/1200 ppm are illustrative experiment targets, not universal regulatory limits."
386,1.023149180876983,63.41926868367107,0.004797590980759295,270277.58609511645,5698.5178153121415,1604362222.3546782,29.832262723375464,78.05736946955257,0.42141204718809755,30.676085875502235,baseline,30.451218950729242,29.31927927025169,25.89041264297731,600.0,451.26703943854613,1.2532967975421343,46.56135156035578,52.988307703640004,63.234069273406085,8.920977128169731,62.26563034462136,3467.5,2687.5,0.0,0.0,15417.089106527003,15646.385145191056,6.7873234658626,12.641078161915237,14.38595137173055,32378,True,"27/29 °C and 1000/1200 ppm are illustrative experiment targets, not universal regulatory limits."
387,1.0151014302831534,85.41305396462411,0.005299317475552269,363678.5279497022,6730.532803850872,1516799448.8604898,36.82450808115955,81.70481850538546,0.18773789317913578,32.39671140719383,baseline,32.22856835192454,30.720021056529163,26.07562337812442,600.0,445.6945331029687,9.30044004820229,61.82116938295845,70.03271083428031,147.6815278047452,12.014769591023791,73.94074807644458,3522.5,3297.5,0.0,0.0,15207.482602966951,15523.315892244414,6.841133543184305,16.917075021785422,19.164125088340874,5642,True,"27/29 °C and 1000/1200 ppm are illustrative experiment targets, not universal regulatory limits."
388,0.8590262161737893,96.97747739238946,0.0038333142672852677,287551.4480037432,6662.181143425996,1770916377.86466,22.42766316464143,61.81401563927851,0.44029931661490973,28.015462708820802,baseline,29.07762302613304,27.86007791312595,25.716713479142015,599.9999999999999,456.8331097097995,2.6432942368555814,30.583627433580933,36.993551805320735,18.223964207360627,13.64149848652945,64.4248630831997,2712.5,30.0,0.0,0.0,13002.992264666706,13136.554550677274,7.254350891671792,9.889630729459464,11.962366711413802,147548,True,"27/29 °C and 1000/1200 ppm are illustrative experiment targets, not universal regulatory limits."
389,1.00725979614113,97.58093551648327,0.005849228931300232,150371.3414919234,3261.0237468129285,1027533046.6874895,29.109034303536674,77.33816879923565,0.28548224062792094,30.772979681890547,baseline,30.188520255778656,29.304026522829624,26.05426037476775,600.0,454.2915872332826,1.00369893531024,45.75404885621811,51.08848947922227,59.80441590724108,13.726384929318645,47.277349769222226,3472.5,2682.5,0.0,0.0,15190.691214630328,15403.398650216606,6.8943925599423395,12.617854960861933,14.0889640705697,22628,True,"27/29 °C and 1000/1200 ppm are illustrative experiment targets, not universal regulatory limits."
390,1.1690407859302132,63.85013757123452,0.0032685108125233234,336666.37277401856,6533.748836241482,1244610583.3465183,25.800762302230485,97.12000727441652,0.3516491889921324,32.308865156839275,baseline,31.739454608325957,30.319928048386927,26.146100653074257,600.0,450.0131890481588,2.548347733390983,48.5029562195125,56.51669233760618,73.31824819326171,8.981586018353655,70.56422867948413,3482.5,3052.5,0.0,0.0,17541.10254548415,17877.414876511728,5.940292698101808,11.524870266684871,13.429027792557935,14234,True,"27/29 °C and 1000/1200 ppm are illustrative experiment targets, not universal regulatory limits."
391,1.112994929873847,62.73766482282009,0.005665804758628429,191616.76984435073,3182.540879390806,1336054159.8038268,20.590930727391992,102.9754662317103,0.33875529731069215,33.919179966483895,baseline,32.26530284944499,31.00844028154461,26.132246469409324,600.0,457.1476484770992,2.2855644788069185,47.424090924313084,54.87363731744183,69.6872892983932,8.825098185076692,52.43302831327564,3497.5,3197.5,0.0,0.0,16671.03447860924,17020.340398967597,5.3372528796993395,11.83595561534149,13.695189999068926,24752,True,"27/29 °C and 1000/1200 ppm are illustrative experiment targets, not universal regulatory limits."
392,0.828583537148388,73.31564929075944,0.005644244413354949,220248.13266293667,4359.250967323868,1824937615.6387484,39.369166286078254,106.56339447130333,0.5718292067961186,31.2714406979331,baseline,30.895374354588967,29.857202760285016,25.877801672573753,600.0,444.3376639493298,0.38271005828573834,59.21811863478437,65.20800730741672,127.97813326991803,10.313068000233494,56.01194866559889,3527.5,3207.5,0.0,0.0,12466.989713977619,12671.013562339103,8.381103573870295,19.852527429114655,21.860602523566026,64760,True,"27/29 °C and 1000/1200 ppm are illustrative experiment targets, not universal regulatory limits."
393,0.995925627784365,87.40330834866273,0.005611485473504335,159211.37102115582,6909.6754178284,1910411712.901777,21.67447489589582,71.30232520184482,0.22779013363200773,28.798584623855724,baseline,28.837131729163445,28.023420483114393,25.72412663040103,600.0,466.24594842972374,1.9587487082753796,30.792993149475663,35.57925189666262,18.410211004185317,12.294732041045224,48.38235346037628,3172.5,0.0,0.0,0.0,15086.986563111963,15230.072250973068,6.0553379260856,8.588602371059466,9.923557795010968,27416,True,"27/29 °C and 1000/1200 ppm are illustrative experiment targets, not universal regulatory limits."
394,1.1836130287267494,86.98838811765107,0.0055375106061514605,385186.29221641726,3941.9645998638243,1677805131.776555,33.51240827899814,117.16511228115367,0.59157926225868,34.95258497703479,baseline,34.05366039443663,32.40022318521535,26.143868665243417,600.0,447.03012275316905,1.1837874719203683,68.52055772572265,77.82758192670525,204.3897823724144,12.23636659521625,76.62921860978396,3532.5,3382.5,0.0,0.0,17625.74482688596,18100.2591376276,5.86715782599555,16.080837060082143,18.26506825518314,24482,True,"27/29 °C and 1000/1200 ppm are illustrative experiment targets, not universal regulatory limits."
395,1.1568178034807801,87.32820929887966,0.0033868968541245965,387300.8892225926,4238.4849915564755,943445084.720154,21.63691374655014,71.2272307847513,0.5276277126196878,34.250783630769476,baseline,33.3899736671429,31.58918195559759,26.49386302289139,600.0,450.30857226252635,1.221488644136116,51.91053116081751,62.0084068612265,92.5587444133068,12.284168108042405,76.89354323555588,3502.5,3237.5,0.0,0.0,17264.11457252052,17690.496395217713,5.355444933321412,12.464877308879998,14.889602675221951,23876,True,"27/29 °C and 1000/1200 ppm are illustrative experiment targets, not universal regulatory limits."
396,0.9325104157617411,80.20011915522576,0.005597588595049916,292585.6872073775,3134.8174718400874,1570947305.3513873,16.143016059104085,96.0006938262424,0.34532831051624785,30.530841313271903,baseline,30.394607002455814,28.99889536859142,25.841790609385555,600.0,467.34214365907764,3.128455901693087,31.080954730381208,38.819385762238156,20.10057892013429,11.28148342783509,65.05414298365399,3367.5,2377.5,0.0,0.0,14054.002971354219,14260.30278830346,4.927503134642473,9.258447294837412,11.563584201817589,30326,True,"27/29 °C and 1000/1200 ppm are illustrative experiment targets, not universal regulatory limits."
397,0.8138225649601235,74.37803347604215,0.004203643784404172,182307.5256365787,5249.169514135923,1847417975.4441702,24.237648514428997,78.7321511776834,0.1914091893902864,35.48042419660306,baseline,33.687499922695395,32.38724142113141,26.11339477053724,600.0,443.31558293921717,11.30269680795027,59.24573285483179,66.9058646160334,132.52173619857658,10.462510042296595,51.26937278730414,3547.5,3412.5,0.0,0.0,12132.759508153466,12445.283179818467,8.385459876652646,20.22203453653001,22.836627040752127,5702,True,"27/29 °C and 1000/1200 ppm are illustrative experiment targets, not universal regulatory limits."
398,1.0092134664759116,78.51566852002732,0.003381412510477934,399999.4725794015,4159.34126309727,1249639149.84864,16.72732763838475,119.98718869665882,0.20826910948760236,32.23539855984348,baseline,31.96416510160543,30.126807009178634,26.080597292580137,600.0,455.91052321574426,13.557081589227892,38.35307532778941,48.28250439995849,38.30744717368575,11.044537371817178,78.48086615515699,3452.5,2712.5,0.0,0.0,15132.661915192506,15433.274917603661,4.822020379247712,10.556371262760338,13.289365652837695,7820,True,"27/29 °C and 1000/1200 ppm are illustrative experiment targets, not universal regulatory limits."
399,0.9308188969877657,66.3802687460226,0.005379795888778845,343448.44254980143,4606.148927572536,1089555972.109841,19.950569880409233,79.61103285387631,0.4145505011372187,33.346939498038545,baseline,32.62246120349789,30.90614552152223,26.280801249036642,600.0,454.26385945621763,1.576304464644636,46.18087351197052,55.630889992136986,64.75117876499402,9.33749113694051,71.41198740145698,3507.5,3187.5,0.0,0.0,13926.231035441753,14234.43544196472,6.249571956256971,13.78143531626262,16.601537686679496,21308,True,"27/29 °C and 1000/1200 ppm are illustrative experiment targets, not universal regulatory limits."
400,1.1902784972549572,74.90894709597833,0.005086797536859153,344825.7999765258,5523.096351779024,1956058410.2332323,37.675502250754704,66.82828327898049,0.21157397288235674,30.249664390159907,baseline,30.44165835172049,29.229381398063957,25.81078356375724,600.0,449.9318854499549,10.021339428640204,53.80982305591051,60.48873048893649,96.69649322987692,10.537191891500951,71.58415707979752,3462.5,2682.5,0.0,0.0,17936.93473339764,18202.190009209884,5.834302191008116,12.557710742114308,14.116381312916063,8228,True,"27/29 °C and 1000/1200 ppm are illustrative experiment targets, not universal regulatory limits."
401,0.9914520103512747,66.00293361812402,0.0032360985899468958,338189.8008209934,4276.127832023289,1521274831.6793377,27.199196574787653,117.03107278401923,0.5645620614791151,31.7318863742398,baseline,31.477133183654985,30.01756570177684,25.968036098472624,600.0,446.76991207848965,1.0873221420915797,48.096466433017504,56.08730623832805,70.70064826096088,9.284412662282778,70.75465718535598,3492.5,2987.5,0.0,0.0,14889.142347735642,15161.659997258146,7.004317276016218,13.475316430084744,15.714131522013332,41750,True,"27/29 °C and 1000/1200 ppm are illustrative experiment targets, not universal regulatory limits."
402,1.1911421237690478,69.18947594604938,0.003512728552956213,183370.99730472942,4709.575219157898,1697016070.2879815,34.026762711543995,61.366082195367724,0.563543279980224,29.192347947077486,baseline,29.108731330473574,28.360116648961647,25.767882002791737,600.0,450.0524192681071,0.34671832258754876,45.033681510160584,49.55054903370601,56.2806378719159,9.732652949744281,51.402306745822976,3377.5,460.0,0.0,0.0,18028.052998786763,18215.396913260254,5.830072084488645,10.501984377365586,11.55533090769981,102902,True,"27/29 °C and 1000/1200 ppm are illustrative experiment targets, not universal regulatory limits."
403,0.9095309609922884,98.11540478876577,0.004557681123380373,252088.26634630095,7224.548694469486,1509468934.4695458,29.791111559004122,99.33057320963289,0.37461593986957675,29.935332212347696,baseline,30.054683821806748,28.928332856722022,25.88334155986945,600.0,449.8743292777646,1.6928841621993342,44.20132265290043,50.52057733235665,53.909543231782905,13.801566940286387,59.99196537601943,3452.5,2067.5,0.0,0.0,13722.986344183806,13908.892254561766,7.635193019562667,13.499425206994502,15.429374375691417,42470,True,"27/29 °C and 1000/1200 ppm are illustrative experiment targets, not universal regulatory limits."
404,0.9969491144322996,73.91796889360108,0.005023778726241661,253435.89817340556,5831.521401911996,1429847402.6502802,17.912108638809787,85.25091287842648,0.3888274739929052,31.697255915725552,baseline,30.936177054368613,29.639326124754856,25.98245687728297,600.0,461.00572233092004,1.150753330643056,36.63478758687499,44.131086988179376,32.43045065897432,10.39779429103322,60.16041935440751,3442.5,2692.5,0.0,0.0,14998.223131760455,15245.723796792436,5.169615157022856,10.207471713376103,12.29614941929589,25796,True,"27/29 °C and 1000/1200 ppm are illustrative experiment targets, not universal regulatory limits."
405,1.0827193508813926,89.19846307661463,0.003263045644778309,167010.737725523,7438.6951634941515,1471394522.5904074,23.21638140515424,110.09997151401308,0.4252201554809938,30.406087151933328,baseline,29.855947596960505,28.929369826589966,25.903291644436422,600.0,454.1710239850155,0.3775689137110021,37.68676104963414,43.20652690661283,33.954868250363795,12.547250472777126,49.35727429842217,3412.5,2482.5,0.0,0.0,16346.651190304436,16557.354767680117,5.988365467270896,9.668751858445605,11.084879031527924,47684,True,"27/29 °C and 1000/1200 ppm are illustrative experiment targets, not universal regulatory limits."
406,1.1107106915912386,99.51185282344412,0.003685494029431984,246790.74713049512,5701.445847670346,1680169567.8545885,39.76304085767947,116.77837133075305,0.4339358613099492,32.068952469260914,baseline,31.49516840661755,30.41428098105527,25.97931727457552,600.0,442.7971082406244,0.9514865407109028,62.91981430887509,69.32147080969422,154.5395162050969,13.998000630497804,59.32977547404369,3517.5,3262.5,0.0,0.0,16679.02092433176,16985.40896120556,6.252253171791853,15.735624343248748,17.33661542972748,25424,True,"27/29 °C and 1000/1200 ppm are illustrative experiment targets, not universal regulatory limits."
407,1.0169330310595583,76.18052056901672,0.003680755261428126,371566.9584056542,5581.634492827278,1194288719.3653305,22.992824729757565,72.02055575141249,0.17149440401201102,28.34394211229946,baseline,29.4817899965106,28.097677374046913,25.840121627178576,600.0,458.0982461491499,26.413555043152883,32.54912552749091,39.69932407442228,22.1537873029796,10.716059893375018,74.92680188343857,2952.5,555.0,0.0,0.0,15374.280337315824,15551.325425668756,6.282739125363208,8.890874306851812,10.843968760836727,16538,True,"27/29 °C and 1000/1200 ppm are illustrative experiment targets, not universal regulatory limits."
408,1.130646769441364,97.48370659741352,0.00362684774871204,223543.03285538463,4986.115640329208,1934207869.9098237,21.950375621014775,109.76875241076507,0.2789451135182377,35.35538478073254,baseline,33.55948672941997,32.11972027282529,26.06256692345886,600.0,448.8561630048639,5.346126736723818,55.38082301908802,63.92029867729674,111.07609200702518,13.712708061369502,56.423811189654884,3522.5,3312.5,0.0,0.0,16863.696658698056,17290.279021366492,5.580240620554671,13.605984084089735,15.703966085043623,13676,True,"27/29 °C and 1000/1200 ppm are illustrative experiment targets, not universal regulatory limits."
409,1.0102031946516157,89.4324570926556,0.0034020878643238697,240986.4883434177,6853.929885187154,1672491094.4244576,35.588209440056694,62.18669538985553,0.3966632245134044,31.955936538643364,baseline,31.371313448447495,30.263097554028217,25.982380408175345,600.0,442.79536219182035,1.066199614739162,57.56778997411264,62.18566422348958,118.43979691730846,12.580165631033553,58.60424312565901,3517.5,3232.5,0.0,0.0,15175.927910952192,15448.410216067996,6.874304576753338,15.8295408837047,17.09932784719923,22442,True,"27/29 °C and 1000/1200 ppm are illustrative experiment targets, not universal regulatory limits."
410,1.1467640593042026,71.98740779916432,0.004623791532813175,286643.34401124367,6920.109988926191,1009675598.3678241,27.770475237684757,66.43098082315342,0.23042460862840455,28.58083922501759,baseline,29.151621366063296,28.130574085857678,25.919131268100614,600.0,458.44317740935963,8.166115090760286,37.475046352895575,43.14623290026335,32.96096456519448,10.126228697082446,64.31135008413726,3197.5,310.0,0.0,0.0,17354.473791259334,17536.75072794061,6.055687207931836,9.077486352635292,10.451203625782899,23642,True,"27/29 °C and 1000/1200 ppm are illustrative experiment targets, not universal regulatory limits."
411,1.1255015824071934,78.31851204423242,0.004690854703627857,173931.32640042875,3439.2427824614174,1628050613.0043187,37.357547849488355,60.38029118632345,0.43308321664602345,34.50610645804567,baseline,32.80713728249418,31.776393365233695,26.096536918458412,600.0,445.6008735661543,1.846613134170184,59.02112132853789,60.38029118632342,125.66335203084866,11.016804027555361,50.2223478827854,3537.5,3397.5,0.0,0.0,16828.53738818021,17211.59687072286,6.170088565839106,14.566621834088567,14.902069770030794,21836,True,"27/29 °C and 1000/1200 ppm are illustrative experiment targets, not universal regulatory limits."
412,0.9084692975157095,73.48554670177792,0.004800884852638191,165400.26408508868,5055.91426355351,1398768244.7038283,18.55725013706432,97.369965792269,0.327580574495398,28.685575211597904,baseline,28.78457881355888,27.93706093661703,25.77778749334891,600.0,466.2990805420897,1.1390220922330627,27.18954438036205,32.1301676872817,12.851931439246398,10.33696690271676,49.15596509336789,3012.5,0.0,0.0,0.0,13764.531178571217,13892.656894206108,5.685563033141789,8.313600952085707,9.824268804908222,63230,True,"27/29 °C and 1000/1200 ppm are illustrative experiment targets, not universal regulatory limits."
413,1.0004200272413293,72.70630585330056,0.004698384855835193,226862.9025144825,6151.392379465593,1602889965.9082012,25.06057257638122,119.23786264876746,0.4490588082024508,32.940152355830215,baseline,31.83548046983759,30.61931755538395,26.036753954470782,600.0,450.4829621436103,0.9938934544770746,49.549993401033745,56.69753744803474,77.5871556083567,10.227353690030947,56.83879489704211,3507.5,3212.5,0.0,0.0,15006.02512454553,15298.802311275444,6.941528813246409,13.75810827557781,15.742703593426015,35240,True,"27/29 °C and 1000/1200 ppm are illustrative experiment targets, not universal regulatory limits."
414,0.9292554908716246,61.9260702553183,0.00544459655958182,269514.8766647241,4689.305367685537,1289586342.4635963,26.052718109641432,107.15319694142107,0.5694734870014925,32.5971661291468,baseline,31.823862152417576,30.49719668223967,26.115109405464693,600.0,450.8844939507632,0.5732565275538946,49.807738674230315,57.359330796664054,78.53007038156146,8.71093388258144,62.17029166582231,3512.5,3212.5,0.0,0.0,13939.171580853566,14210.527242956514,7.4731271568066635,14.888782580220804,17.146142906912278,44606,True,"27/29 °C and 1000/1200 ppm are illustrative experiment targets, not universal regulatory limits."
415,1.1004999736694905,68.53389520248702,0.003661699423458029,358135.92030168785,4376.543377919286,1529385414.9062622,30.182912952799747,67.54184473617191,0.5035347457513781,30.480500199119714,baseline,30.656411198725152,29.300980063099228,25.890479667523664,600.0,449.4204828451894,2.123173202155158,46.80158307733058,54.172107779155304,64.55921395518057,9.640434591816506,73.2479221204428,3452.5,2682.5,0.0,0.0,16571.538547025793,16829.262791909274,6.31026316274138,11.813212226034379,13.67361024667438,42992,True,"27/29 °C and 1000/1200 ppm are illustrative experiment targets, not universal regulatory limits."
416,1.09197995799931,81.17854499917343,0.0037078781942063575,228599.60009303928,7333.376992675298,1975467779.0126657,23.047268853604386,67.02198857619923,0.4300668914879836,29.835321854720526,baseline,29.658297342055903,28.65553342065335,25.777032042679025,600.0,457.0051973403946,1.0793891977518797,35.89651337177929,41.750480822870706,29.40223052686824,11.419115329883727,57.05588209436171,3362.5,1647.5,0.0,0.0,16497.23659246054,16698.971482381523,5.883768697861528,9.131352312227547,10.620484102454636,54170,True,"27/29 °C and 1000/1200 ppm are illustrative experiment targets, not universal regulatory limits."
417,0.9413343903219089,80.83269455459202,0.0033168406358237623,222537.9153672881,5675.585852350655,1068367855.4456296,36.19910947040022,75.74006430305266,0.28694892108667314,30.76730885979017,baseline,30.505985305210913,29.504737907005836,26.097050245119988,600.0,442.52841476005966,1.3788753458939027,53.97770611973504,59.84381572837413,97.32072487829531,11.37046570067928,56.29817150364281,3502.5,2707.5,0.0,0.0,14181.628881919032,14395.242352406332,7.377234398150105,15.928247612789871,17.65927423631672,16568,True,"27/29 °C and 1000/1200 ppm are illustrative experiment targets, not universal regulatory limits."
418,0.8173957963502536,69.7537390284321,0.003955049026943048,350399.6413259768,7841.051142220239,926116362.9111202,36.253280600638305,116.55826550487731,0.24472652755808733,35.591695008383745,baseline,34.92611034464676,33.13925373838248,26.87180428664027,600.0,437.9144804897471,8.205120890692342,75.63682293108167,85.38118750968366,271.43831806442904,9.812025956666114,72.28088724847892,3557.5,3467.5,0.0,0.0,12137.794938532359,12499.926388832171,8.495816195106482,25.7038618081714,29.015315024087748,7910,True,"27/29 °C and 1000/1200 ppm are illustrative experiment targets, not universal regulatory limits."
419,1.1479855936901584,88.23689878580441,0.004517104972592566,290345.1100075649,7953.947516805238,1331782850.3815904,19.50527247946995,80.02882678196943,0.4175556286273837,32.33367960561368,baseline,31.52178873054504,30.11895519142672,26.11003658770528,600.0,458.87504668697727,1.3084676561848028,41.06395815331543,49.189097067644575,45.76349479569514,12.411990429203154,64.77407083367741,3452.5,2822.5,0.0,0.0,17237.23646734642,17555.4308948488,4.855596349411718,9.936235354593027,11.902273120365946,22400,True,"27/29 °C and 1000/1200 ppm are illustrative experiment targets, not universal regulatory limits."
420,1.0358672990703286,82.44311925128522,0.003948044876993869,289355.35861950205,7083.318201471702,1730213862.2304204,34.5215449777065,93.04861671559836,0.30054257346062674,32.983962127970514,baseline,32.288004166346525,30.979901107937412,26.041350733164563,600.0,443.67061296879893,2.5765938630647724,61.08093003289913,68.54628684997749,142.7732806942744,11.59699877468079,64.65035191016956,3527.5,3322.5,0.0,0.0,15514.83105257696,15840.875429984699,6.703990415255846,16.37943877981875,18.38134600174508,10730,True,"27/29 °C and 1000/1200 ppm are illustrative experiment targets, not universal regulatory limits."
421,0.887066211027183,75.30311452635999,0.005670472267225042,353134.6809960939,3209.755075229107,1040274080.1077666,35.01413233314369,78.41406192762251,0.5151983088709795,31.196749987770268,baseline,31.423274739171745,29.909923868730377,26.12959509606776,600.0,447.1185610947132,1.6693794965540292,55.210194807640825,63.25537588433278,105.00481736345988,10.592638110041305,72.62276720724354,3512.5,3052.5,0.0,0.0,13323.928317789792,13565.352781810418,7.828552545590806,17.288636444156833,19.807921356063865,40862,True,"27/29 °C and 1000/1200 ppm are illustrative experiment targets, not universal regulatory limits."
422,0.9209889870771608,69.86109545124185,0.003976633054779717,176800.42868163774,5557.339598928945,1023143733.2823749,25.93089492355785,114.23484070901979,0.4309314727527308,29.687063375973043,baseline,29.489493084994933,28.609368519614268,25.983483116270577,600.0,452.09182346235116,0.4603386121307267,38.476264646413185,43.681776790629776,35.638329594974564,9.82712742680802,50.580985667936524,3412.5,1412.5,0.0,0.0,13921.720806147401,14084.112733137428,7.540203565824654,11.60475471545991,13.17477956473053,65882,True,"27/29 °C and 1000/1200 ppm are illustrative experiment targets, not universal regulatory limits."
423,0.8695450146681472,74.56160668496604,0.004237607911096518,232199.15223304008,5486.199377979892,1006362263.958041,27.246188931745664,116.25714683869829,0.437035918243301,32.048577487211745,baseline,31.39233603697693,30.1914010411537,26.24286567942454,600.0,446.85296295276055,0.7848124411248136,49.174595729008786,56.12553332897333,75.01325360979112,10.488332673685223,57.505826111861815,3512.5,3162.5,0.0,0.0,13061.945952991104,13297.412004881859,7.986296657792605,15.708916380755415,17.929406369680287,32672,True,"27/29 °C and 1000/1200 ppm are illustrative experiment targets, not universal regulatory limits."
424,1.1752011217608058,70.22922538986705,0.005970919991445464,238557.5243394061,6250.363268360383,1780858519.3948855,23.6240785744946,69.16862613941038,0.2072182006241562,30.697926714691352,baseline,30.19191475938362,29.133397865767176,25.844742824099058,600.0,463.0232392877011,3.8839358379191253,39.30177644932479,45.50697435980423,38.74682398464131,9.878911038174634,58.300622625157565,3412.5,2662.5,0.0,0.0,17723.2257777856,17971.62106738856,5.6068430193966,9.289610027307702,10.756308836837189,9200,True,"27/29 °C and 1000/1200 ppm are illustrative experiment targets, not universal regulatory limits."
425,1.1644336655363818,91.60172449480868,0.004430790608744465,174598.56541159723,7213.088892958115,1881822069.9160388,30.317543212317084,108.62939616293811,0.17398165041076738,33.440845383392855,baseline,32.10268772480521,31.024201860747546,26.010669978053897,600.0,448.2857331546428,8.18868536260561,57.173394645480116,63.68604944115858,118.0444916561334,12.88530924560309,50.30575275918146,3517.5,3282.5,0.0,0.0,17450.487244899265,17806.961044910782,5.963795663057864,13.6388177211604,15.192423418178809,7424,True,"27/29 °C and 1000/1200 ppm are illustrative experiment targets, not universal regulatory limits."
426,0.8510721569915976,70.38683923871794,0.0046491798230295376,326515.5753608671,5453.884229762878,1664505677.2174816,38.365148155276415,87.17222718379801,0.3441460760074762,31.607016898544256,baseline,31.612525899300636,30.178816194958788,25.955637834729316,600.0,442.4131202721155,2.5040997990290634,60.13396655227417,67.8261809326017,134.85277878278268,9.90108205291299,69.29537900284019,3527.5,3262.5,0.0,0.0,12775.385501006322,13014.918062315388,8.159642384485862,19.626866489087657,22.137495228618544,17780,True,"27/29 °C and 1000/1200 ppm are illustrative experiment targets, not universal regulatory limits."
427,0.8803902825370723,90.98221894626118,0.0055908911206297585,375675.8345710585,4977.512283356793,1869064489.2295709,20.850833891939704,71.82690629006709,0.15589392478365174,34.10151495453866,baseline,33.407885218126864,31.485144800817555,26.022638852478906,599.9999999999999,451.57476710356696,11.069231486893841,50.52135359772842,60.900973283557846,84.34956407697292,12.798165465107408,75.44041140411412,3522.5,3297.5,0.0,0.0,13138.483348848125,13463.261952525392,6.916730260913411,15.940327387826882,19.215270044167212,4994,True,"27/29 °C and 1000/1200 ppm are illustrative experiment targets, not universal regulatory limits."
428,1.1404738428851144,92.48815471938235,0.0036912918406258608,172563.39689761773,4488.214171489431,1513503713.144959,23.38239321192964,63.518959002642305,0.5008863968014754,34.07360324493712,baseline,32.44933977286763,31.236100827552615,26.107585660826203,600.0,449.9764036170791,1.1385581443755655,51.5498935251474,58.81525846265754,88.50773227165533,13.01000043052645,50.05135669493402,3507.5,3252.5,0.0,0.0,17072.42381796344,17440.55835386736,5.7856600942640295,12.555671449572179,14.325249015665863,36368,True,"27/29 °C and 1000/1200 ppm are illustrative experiment targets, not universal regulatory limits."
429,0.9017854332127292,81.4400587650493,0.004108771464627862,205153.61797297923,7809.689609943256,1533069797.044516,26.56471975025466,114.64778691428168,0.26081224238958844,35.390321227523565,baseline,33.75470254753429,32.43716396920728,26.290806331994872,600.0,443.3567578429563,6.304530176043045,61.8492311720174,69.66782855192467,150.618443984077,11.455901599616935,54.12513432935421,3542.5,3407.5,0.0,0.0,13441.575996706133,13790.44470746225,7.700772477222157,19.051474285872892,21.459843866419735,9776,True,"27/29 °C and 1000/1200 ppm are illustrative experiment targets, not universal regulatory limits."
430,0.9642035568778126,91.92615296330466,0.004214079942705777,353878.7595293913,4317.929964356734,1099831698.2392018,32.31925796107579,74.34075852980307,0.598643820615532,31.43784109913304,baseline,31.530396813065863,30.026259143133526,26.133609168195505,600.0,445.95703431253673,1.2163301895634504,53.22850231389101,61.347135003637426,94.73559698150494,12.93094551683819,72.71577702390572,3502.5,3057.5,0.0,0.0,14477.41900191446,14744.96631697667,7.202259725043174,15.334619937588183,17.673519987339365,51074,True,"27/29 °C and 1000/1200 ppm are illustrative experiment targets, not universal regulatory limits."
431,0.8603234205241674,60.37530687983444,0.005253648774289497,218748.0490910436,7852.104783889056,1464585217.5369282,35.95405887333918,82.21439979578297,0.3307746076625651,32.887354817678236,baseline,32.02149410028551,30.910509754719317,26.138623095173557,600.0,443.57288837258125,2.2095109193905955,62.089015570609725,68.62023720316897,148.72355103212178,8.492793167763379,55.824438219112245,3537.5,3367.5,0.0,0.0,12896.741310845953,13156.39189136755,8.071899798117105,20.04705248998777,22.1558271530803,26606,True,"27/29 °C and 1000/1200 ppm are illustrative experiment targets, not universal regulatory limits."
432,0.9232668378259508,72.21518760358796,0.0055088877290592544,316831.51861952234,3811.67880814004,1192917605.4310164,15.476069136174672,63.20604937755614,0.33424228724403987,32.02372676522745,baseline,31.469996684510875,29.86151469202352,26.06766618632207,600.0,463.2026294664571,3.0489941960258875,35.535182456397436,44.45002414115455,30.406337833585553,10.158269722904707,68.08487191017208,3447.5,2697.5,0.0,0.0,13865.598936631717,14118.946490310824,4.921011180780227,10.691258053748877,13.373413212991538,19256,True,"27/29 °C and 1000/1200 ppm are illustrative experiment targets, not universal regulatory limits."
433,0.9576107267250411,94.22088710799619,0.0047093959165171355,296991.6386718826,3490.234859537875,1452880833.555617,29.378317855387643,96.6306875174773,0.3254144619252547,33.860156939998475,baseline,32.989034090476025,31.511805139558387,26.13609076712237,600.0,445.6626259307077,2.6056705754454015,59.14057314999865,67.49062929387884,131.07777326472558,13.25373811985813,65.60488691671715,3532.5,3352.5,0.0,0.0,14309.837839579797,14644.146258968438,7.2518448787577166,17.155130500984555,19.577262976358032,12422,True,"27/29 °C and 1000/1200 ppm are illustrative experiment targets, not universal regulatory limits."
434,0.9013055834837744,85.23615736425332,0.00408257257051289,324368.9796163913,6431.216452043439,1620840577.1480176,15.00520851858203,86.69873423801211,0.30271426893374453,29.62553078909438,baseline,30.06621996322366,28.580855415500118,25.817959244595727,600.0,465.2917927630793,6.16638758823683,27.478272878795526,35.43204405288156,14.12660887768605,11.989886135904968,69.02705453478072,3217.5,1522.5,0.0,0.0,13598.684289617704,13783.106663498214,4.673129453679215,8.468663367134916,10.919975022334862,33242,True,"27/29 °C and 1000/1200 ppm are illustrative experiment targets, not universal regulatory limits."
435,0.8672578655889271,89.32344516647942,0.004601567671628508,299281.6653577892,7771.741467362171,1647406155.9062176,39.97347581546422,105.35138326586753,0.1823794874400424,28.36357791129349,baseline,29.288199069340294,28.11584291449566,25.764424771550807,600.0,445.49395227075155,14.127058820507955,49.4812410782188,55.647397023169034,74.40054643263979,12.564831286751437,65.89114025245546,3372.5,310.0,0.0,0.0,13119.315034345638,13262.43605411457,8.007358272534887,15.848561003318732,17.82354579594023,21104,True,"27/29 °C and 1000/1200 ppm are illustrative experiment targets, not universal regulatory limits."
436,0.8653534157293699,92.70030969956147,0.004013370108803501,229773.96904022127,5747.768036331237,1945764797.9601269,24.04269512020985,107.59759891093742,0.4579641794189663,28.98290183500277,baseline,29.31277174855211,28.270532764619745,25.733063795374107,600.0,454.0793898789031,1.1647691952821333,34.599982309982444,40.47460179244653,26.09835902986226,13.039843564404983,57.20267821275946,3322.5,610.0,0.0,0.0,13088.453608185988,13233.312484893906,7.729006327097064,11.106567585587618,12.992315900053454,110696,True,"27/29 °C and 1000/1200 ppm are illustrative experiment targets, not universal regulatory limits."
437,1.130353047387333,99.74526888094151,0.004775596086517649,232760.09044308373,4916.607607382073,1247449418.6119256,17.003728289854134,87.6389791198273,0.33484720507351307,32.427234799485916,baseline,31.35583775807538,30.02102948566894,26.085805569019783,600.0,462.4227397718953,1.3630181342741707,38.00088397465174,45.8173660278831,36.75706111207233,14.030834489252438,57.57594338811727,3442.5,2727.5,0.0,0.0,16981.694372504717,17285.787312367553,4.344696416384288,9.33849926663914,11.25935489648421,16742,True,"27/29 °C and 1000/1200 ppm are illustrative experiment targets, not universal regulatory limits."
438,1.1893603160574726,60.58037017350894,0.005125371946404177,349820.4289287116,6222.611412989185,835517138.7517173,28.080615237503817,95.21610491870544,0.5577231846615704,28.945424504135012,baseline,29.593796411145945,28.39963479476726,26.04271882631133,600.0,459.4659210823801,2.1975861766550224,39.37332506613551,45.850825369850504,38.476544275446734,8.521638737740258,72.20848569882075,3282.5,1020.0,0.0,0.0,17972.509112789674,18188.148834259613,5.838806247936788,9.195728655927926,10.708563425701671,110720,True,"27/29 °C and 1000/1200 ppm are illustrative experiment targets, not universal regulatory limits."
439,0.8550219789635094,66.62692699535633,0.004262144633257322,300030.8813373929,3968.898961405165,1494681050.6678228,39.86399903424376,114.29536758509451,0.1575461382504452,28.42477586852062,baseline,29.293173174390915,28.123477528850287,25.767602974387557,600.0,444.4865937014082,17.882755785336485,49.41568193529471,55.53278419220038,74.0941583234527,9.372187730680125,65.98479224990591,3382.5,330.0,0.0,0.0,12934.353151773501,13075.320237269485,8.121948458989053,16.0540648697704,18.04137643972854,15584,True,"27/29 °C and 1000/1200 ppm are illustrative experiment targets, not universal regulatory limits."
440,0.8915158524880276,93.75056025693665,0.003648577110293561,233651.34658412397,6550.560304844472,1739207675.1863277,21.5487243155397,61.66907761644637,0.5078388947183042,31.1473773926445,baseline,30.659574545328383,29.44935267485717,25.88636281735785,600.0,451.54199990303897,0.5267833806428825,39.117476584400656,46.09225744076356,38.39790245315787,13.187578809475756,57.687350405747296,3462.5,2687.5,0.0,0.0,13424.287171907708,13633.398385868575,6.853496035214625,12.188191256010219,14.36138775202372,54974,True,"27/29 °C and 1000/1200 ppm are illustrative experiment targets, not universal regulatory limits."
441,0.8201851651511917,60.28700039290301,0.004386193700671684,256701.582255241,5751.594829533318,1334929755.0806456,34.558995374040435,70.63753421343371,0.35015999057081354,30.58316371524442,baseline,30.53946732485207,29.374132062406368,25.969425601187538,600.0,444.31243969198266,1.540437914096401,51.57458875617087,58.01134301470276,84.98422062055084,8.48037138860169,60.568629864636925,3502.5,2692.5,0.0,0.0,12355.189455575539,12542.582473973196,8.466922762696294,17.46712238065294,19.647102426630777,26036,True,"27/29 °C and 1000/1200 ppm are illustrative experiment targets, not universal regulatory limits."
442,1.0118654681901924,96.43603672117123,0.004499337618807661,171936.44293403043,3897.756311668588,959327422.1374881,39.01835551462348,89.61960807539386,0.1645367323889194,28.70689849830101,baseline,28.92286067764121,28.193841907415674,25.919026103700617,600.0,447.52554734398467,4.194029209858854,48.99562895006724,53.42267683211009,72.00502127381053,13.56533583211142,49.97298744948561,3387.5,0.0,0.0,0.0,15324.10572610612,15473.830333180282,6.863011598631955,13.450302790663162,14.665618029149528,15236,True,"27/29 °C and 1000/1200 ppm are illustrative experiment targets, not universal regulatory limits."
443,1.108987054760755,86.5415404274197,0.004320641633912308,320190.3214360236,4210.318942378052,1701436022.621357,27.719805685648772,107.92354963244085,0.5560996934976294,32.864995025867074,baseline,32.16453682264034,30.73409321455415,25.9875426782084,600.0,449.4211145124288,0.6972379218350397,52.871172377430284,60.98076651424533,94.26597303590121,12.173510020123706,68.50472226223475,3507.5,3212.5,0.0,0.0,16616.679959712816,16959.05045337089,6.261970700769442,13.243109293711967,15.274390928906664,31064,True,"27/29 °C and 1000/1200 ppm are illustrative experiment targets, not universal regulatory limits."
444,0.9053427527266215,92.82062516518734,0.0033771012024338704,367535.9485192521,5825.3363416149605,1160658304.781043,25.798202060035425,101.3092998277045,0.5705672155580616,30.861305010680187,baseline,31.194693031158977,29.570893811720815,26.06474813829351,600.0,447.67684187415216,1.7259825315559283,44.05461430627821,52.659112275250266,54.62196705420054,13.05676793990302,74.42292564763832,3472.5,2692.5,0.0,0.0,13608.662174426227,13844.844586032405,7.670514204183837,13.5168617918459,16.156898747480746,62294,True,"27/29 °C and 1000/1200 ppm are illustrative experiment targets, not universal regulatory limits."
445,1.1873920422432882,91.25063242371559,0.004630358950171791,204556.9094583306,3554.2002954187187,951529821.939265,23.130519999271787,71.96659210661373,0.5510328251480805,35.31857653841885,baseline,33.56114710256662,32.17271346773843,26.56093800372105,600.0,451.1358284538657,1.3086310529906768,56.86168831237834,65.16620088920374,120.07015903185926,12.835922294269324,54.05054576502313,3517.5,3312.5,0.0,0.0,17710.308332098728,18158.049244929418,5.523295460757473,13.302189048079228,15.244941708573744,33878,True,"27/29 °C and 1000/1200 ppm are illustrative experiment targets, not universal regulatory limits."
446,0.8401273419022839,72.42795045786184,0.003079022396694073,251230.70089322142,5077.2498304978635,808230823.6764926,21.02262423266603,85.76682954667844,0.21292324354788889,30.227082287515366,baseline,30.20519426753782,28.97199097930999,26.163903059438553,600.0,450.8035574261476,4.982589330829796,35.75737809829322,42.646109337836364,29.406339368831727,10.188198364405899,59.88476969438449,3427.5,2212.5,0.0,0.0,12669.699576192173,12847.54580083978,7.06520824198724,11.822737496929298,14.100411796989414,14786,True,"27/29 °C and 1000/1200 ppm are illustrative experiment targets, not universal regulatory limits."
447,1.1594349243576063,80.01677786177089,0.004583704312204008,335469.1396896903,3565.655997823207,1841160854.3514585,29.26168616342924,104.84705677156333,0.48579503116291833,34.909485337535415,baseline,33.737750585837034,32.176961406101775,26.065498378631162,600.0,447.16612575565864,1.6577267872635275,62.97573330175428,71.91820616504704,159.8375998067191,11.255693419222439,70.41457454394309,3527.5,3357.5,0.0,0.0,17283.496880726423,17730.51839980481,5.989507732218836,15.087745662120343,17.230186076514304,19496,True,"27/29 °C and 1000/1200 ppm are illustrative experiment targets, not universal regulatory limits."
448,0.8062084884964367,73.38320229405358,0.004617582900709689,328273.67227127776,4115.53500009713,851166908.9602641,24.961984188780214,119.09245600571893,0.3149327611575464,32.43571519998097,baseline,32.18909927273029,30.536447483982553,26.394504857556058,600.0,447.45312995732786,2.8295920232048957,48.95860143206393,57.846961980082185,75.01400232165322,10.322570456030203,69.51514111664152,3517.5,3217.5,0.0,0.0,12079.024510515044,12328.845836073868,8.604688486393844,16.86860372094278,19.931073387716943,15812,True,"27/29 °C and 1000/1200 ppm are illustrative experiment targets, not universal regulatory limits."
449,0.8115570162291419,63.95989902343524,0.0038861384910297302,175788.20243069145,4643.4172251809205,1775953519.349944,18.849035174888858,69.84744859121118,0.2198068476624641,35.523000037864094,baseline,33.52558789067575,32.15350832388827,26.108128834671675,600.0,445.8274040602181,8.080305940893595,52.50639958144753,60.52530055659829,94.03522504070014,8.997025795963225,50.45445738656824,3537.5,3367.5,0.0,0.0,12105.563687058186,12410.637549765035,7.069114082785062,17.971763786376346,20.716453867976863,7286,True,"27/29 °C and 1000/1200 ppm are illustrative experiment targets, not universal regulatory limits."
450,1.1290400534710645,89.98492517659543,0.005837504843642986,349313.80217595294,7472.25290789876,841783748.4605292,37.24241731100003,64.39693225023836,0.3069411227887485,34.01393414024539,baseline,33.31326618316007,31.82067547144048,26.73331103476471,600.0,447.49218189793885,3.2284382931829896,62.33537424643568,64.39693225023834,149.10155356064234,12.657879474841092,72.14515735472592,3532.5,3377.5,0.0,0.0,16853.852210703415,17265.70851164993,6.150751182914008,15.336375075346059,15.843580288567466,9254,True,"27/29 °C and 1000/1200 ppm are illustrative experiment targets, not universal regulatory limits."
451,0.8365132210800693,69.55106361280104,0.003355949120897349,290585.8099817607,6913.529186619884,1893155551.9695077,38.89171115921101,70.04319239841669,0.24131727412773793,30.511717586481428,baseline,30.671512337049535,29.41413733720669,25.848909492274913,600.0,440.26161537487604,4.646614303230308,56.11206715476268,62.90284183317834,109.04456327617153,9.783516281534013,64.8041583304519,3507.5,2697.5,0.0,0.0,12595.89766363285,12792.277295129637,8.301655334841069,18.632921665771836,20.88790849924276,12356,True,"27/29 °C and 1000/1200 ppm are illustrative experiment targets, not universal regulatory limits."
452,0.8991353115986525,98.23628837577573,0.0055606383836830885,348647.6628385534,7007.630201699178,954201003.5298913,22.805408581539638,75.36369264098457,0.1592570955988448,31.15553709022691,baseline,31.326440123841735,29.700161899453775,26.223702126059266,600.0,455.6988068737989,16.76272720108682,41.852013379516315,50.54229914383854,47.407711143499895,13.818571231525784,72.06188993755099,3472.5,2697.5,0.0,0.0,13510.66842665187,13749.918043090687,7.143502687763206,12.929710491981181,15.614476885568013,6728,True,"27/29 °C and 1000/1200 ppm are illustrative experiment targets, not universal regulatory limits."
453,0.8302769133221289,63.70314972646826,0.004674947125140963,178861.2990187283,7409.062702272656,1151718036.3531241,31.07310460390265,118.54921008474749,0.3609379167868238,33.07423924828566,baseline,31.98793531576547,30.918348188351434,26.296417163601802,600.0,443.91341907544364,1.7074651966540841,57.2919357503283,63.63468691758719,117.53477601021638,8.960909728189868,50.83859446007284,3537.5,3352.5,0.0,0.0,12447.675433363718,12696.909312739192,8.36401004654956,19.167613048080707,21.2896464275094,32042,True,"27/29 °C and 1000/1200 ppm are illustrative experiment targets, not universal regulatory limits."
454,1.0713957554986397,83.92270812093749,0.004549374535007032,162263.89038505667,6995.166467026873,1830674864.5417786,32.28557953249349,116.41171740017373,0.5156010236766942,33.63593455378176,baseline,32.26465100603525,31.22790192951804,26.03895675782286,600.0,445.90489259124126,1.0880074217711808,60.336668675289175,66.61193223599412,137.889766240618,11.805127609011873,48.763918380863885,3527.5,3337.5,0.0,0.0,16048.059220548204,16384.190054363342,6.481680003681199,15.643319153654387,17.270289167224405,37040,True,"27/29 °C and 1000/1200 ppm are illustrative experiment targets, not universal regulatory limits."
455,0.8782787792037279,60.217721147747746,0.0046568252855681055,256297.32062709436,4652.189022391814,888156145.645104,15.388737686003632,67.3218427133376,0.23321145267097113,33.19204637135325,baseline,32.05229369902304,30.535758000760865,26.387707072028547,600.0,456.7042612192009,3.282107626859215,39.4497836985882,48.180876759603,41.30497594279951,8.470626108116516,60.518097161118604,3487.5,3037.5,0.0,0.0,13164.481737091504,13430.972043090538,5.296047259897545,12.476987386104115,15.238415403593637,9926,True,"27/29 °C and 1000/1200 ppm are illustrative experiment targets, not universal regulatory limits."
456,1.148188287625752,68.04292286340436,0.00568027613660544,310071.25532160874,5978.6449088062145,1127897191.827695,27.38771658003843,91.9381939558972,0.2841277341848847,30.439369238750952,baseline,30.399944198731703,29.187706730243328,26.029291055128795,600.0,458.03055087176836,4.566016815733747,43.35572036751403,50.15945959120672,51.607363599402944,9.571371149452213,67.23983899793289,3432.5,2672.5,0.0,0.0,17304.483799539128,17558.53056735225,6.048175651403232,10.488920491033824,12.134928887483232,15320,True,"27/29 °C and 1000/1200 ppm are illustrative experiment targets, not universal regulatory limits."
457,0.8108889435950406,75.04570355734401,0.00499701789270162,383381.8679174008,4902.1693872890255,1032660061.9207745,32.95962377212911,95.54447806878312,0.5794829385549356,33.72494251592789,baseline,33.50862751766073,31.674201307736656,26.432087726385532,600.0,442.50439836317037,0.9253480729530565,63.659652849815224,73.38703027350581,162.34622588796438,10.55642896706639,76.4036655724069,3547.5,3402.5,0.0,0.0,12096.843810454937,12400.421129781047,8.563989556518743,21.807224087097048,25.139430433849146,36386,True,"27/29 °C and 1000/1200 ppm are illustrative experiment targets, not universal regulatory limits."
458,1.1789220902394477,64.61778635223403,0.004256328234709544,332025.0355858749,7886.9224756961885,1085351381.7095397,28.639488531914,108.06313413330777,0.22682551633035047,33.43568497220873,baseline,32.63077564149364,31.166277596329326,26.392793840982904,600.0,448.9374206838433,4.577158216867247,56.34704775867385,64.69270331775907,114.40246282508454,9.089568613547588,69.98406153096616,3512.5,3262.5,0.0,0.0,17637.88066022073,18028.52352796625,5.890503284261962,13.27649879523736,15.242903254441782,6428,True,"27/29 °C and 1000/1200 ppm are illustrative experiment targets, not universal regulatory limits."
459,0.8855676402713607,92.46880845420208,0.005415613880701295,249236.18895280236,3538.4417516349663,1714740793.0562434,34.82356391507203,113.39726645075947,0.22522570575570802,28.05820561257503,baseline,28.851907983274316,27.862703831186366,25.708699865790777,600.0,451.5574912867893,6.741608119482407,42.877864852969616,48.26379186919956,48.49257039625322,13.007279055891091,59.6354557018321,3202.5,0.0,0.0,0.0,13415.118495378976,13542.436069710993,7.841800138853864,13.449585862310974,15.139000391260122,35588,True,"27/29 °C and 1000/1200 ppm are illustrative experiment targets, not universal regulatory limits."
460,1.0308686993836977,63.06121080811574,0.0036405125010517906,257063.6421404843,6142.565622974814,1541585085.3494825,22.889495916657733,76.5519741096473,0.2921229471004301,31.359417195917608,baseline,30.754493720427035,29.564102450630994,25.94175472022613,600.0,452.7020660534287,2.04186265959288,41.1269147900679,48.01509981925573,44.595333183351265,8.870610320341616,60.61388735029234,3457.5,2692.5,0.0,0.0,15517.774005498331,15764.434948630238,6.23712008985843,11.08205439167081,12.938144048359257,14660,True,"27/29 °C and 1000/1200 ppm are illustrative experiment targets, not universal regulatory limits."
461,0.9785017998253931,78.68556473417347,0.003161638338734709,155560.4820819318,4734.02592013215,1522957374.5195518,29.036080287824454,117.45624678354099,0.42931864280383747,31.059677463103903,baseline,30.32918693990922,29.437289598260037,25.914076910943606,600.0,446.3147973668049,0.5590728589013452,46.47277496968367,51.828531138676205,62.638449435407004,11.068436105940402,47.925992342973274,3482.5,2697.5,0.0,0.0,14750.147816749004,14963.620468530211,7.097017548341385,13.192723979198611,14.713119799837717,53192,True,"27/29 °C and 1000/1200 ppm are illustrative experiment targets, not universal regulatory limits."
462,1.1748112408043658,93.49473523657745,0.004607296650270523,342884.03794440755,5437.619768236386,1197611208.6594756,26.841547721260334,107.70269397926042,0.2724261252378367,33.145438145123514,baseline,32.46485354834414,30.94727682112429,26.23352830640374,600.0,451.2352280016127,3.43912349382299,53.26437679091383,61.85812625537274,97.16481442808019,13.151592756611896,71.34143682578274,3502.5,3212.5,0.0,0.0,17585.937340283424,17965.658860000574,5.911115082359737,12.594074440050505,14.626020122985867,8672,True,"27/29 °C and 1000/1200 ppm are illustrative experiment targets, not universal regulatory limits."
463,1.1137991580936042,81.36163949957367,0.005148041254433568,153834.51925178606,6610.167254883175,1889762501.0343287,22.114976397278575,65.02786675849583,0.283654231053982,34.22237919060576,baseline,32.42955947597011,31.24129548438841,26.025670091569452,600.0,453.8985092543138,3.636532844247995,50.3232852200046,57.45589870831481,82.5711534394095,11.444870622940028,47.71024698920507,3507.5,3252.5,0.0,0.0,16674.033469927454,17032.6389617834,5.670500344139898,12.550458704616284,14.32930860779076,10226,True,"27/29 °C and 1000/1200 ppm are illustrative experiment targets, not universal regulatory limits."
464,0.949135857728683,89.0347428137513,0.004736958509721997,242220.0200926344,5423.944531727487,1709044171.5692844,23.406225556173883,98.36436129334146,0.4411216365925771,32.15578554415198,baseline,31.364165720507856,30.10927138969061,25.9447085452573,600.0,452.2650423317512,0.7638355970266275,44.879672558054686,52.16484000961904,57.83396335636858,12.52422048913435,58.758434594311105,3492.5,3042.5,0.0,0.0,14258.8406023386,14514.545349491682,6.941318122681184,13.134658867913515,15.26676420241982,32054,True,"27/29 °C and 1000/1200 ppm are illustrative experiment targets, not universal regulatory limits."
465,1.0989822867488566,79.34443883963536,0.004810912192141961,306149.63145684276,3146.5422318851683,1211239943.9954233,27.638687080043503,106.70151823840277,0.5863396019597442,32.40561460685079,baseline,31.793601178366657,30.432437538222192,26.11463236910987,600.0,451.17962727069647,0.6115633592271479,50.99670946950929,58.74053817131779,84.4448195380801,11.161117730108707,66.74963601483714,3497.5,3147.5,0.0,0.0,16486.806595749596,16806.053748170703,6.318977592430854,12.889882577021421,14.847205778875455,42542,True,"27/29 °C and 1000/1200 ppm are illustrative experiment targets, not universal regulatory limits."
466,1.084571088516741,85.35939862584401,0.00341445274020132,237039.19061974567,7757.032603084917,1537259614.3464143,38.915786104375854,112.56236775072668,0.565798182983192,35.26047353538197,baseline,33.918573914871104,32.691357616634924,26.30779995647498,600.0,439.68301403367855,1.4623134070425294,75.61353163186749,83.02523415223118,270.7274344707021,12.007222073368723,58.110830910200015,3547.5,3432.5,0.0,0.0,16157.866791354083,16585.672241585216,6.402940773519663,19.365958588620124,21.26422627937353,37442,True,"27/29 °C and 1000/1200 ppm are illustrative experiment targets, not universal regulatory limits."
467,0.837497197683634,90.57635247169256,0.003769206927161889,292054.3091822141,3088.139002918331,1367325235.5080519,23.67700278766467,86.01332065928985,0.2994294367283444,28.21675205005641,baseline,29.221178196842175,27.96888444172132,25.768433381739555,600.0,454.34096992235857,5.594541729951743,32.45820870395771,39.02597737610366,21.698482617710006,12.741073581018087,64.98772073050857,2967.5,230.0,0.0,0.0,12671.322029774858,12807.324638372422,7.856592505272349,10.765611048454602,12.943982739432332,64880,True,"27/29 °C and 1000/1200 ppm are illustrative experiment targets, not universal regulatory limits."
468,0.8073328968957011,80.13405928609126,0.004024098245998846,328637.52068556054,4575.702396063263,1242935045.4509485,27.854747719168838,72.44947002896488,0.3602734695835093,29.38331949929475,baseline,30.12400592807228,28.67098406379227,25.89533331615877,600.0,448.69455568480925,4.139142955376883,40.75236195314312,48.316314494397545,42.62144706809005,11.272191006243505,69.56062216842687,3422.5,1437.5,0.0,0.0,12178.371507658616,12346.04071557355,8.601711228598175,14.02160197616993,16.624119396437603,48218,True,"27/29 °C and 1000/1200 ppm are illustrative experiment targets, not universal regulatory limits."
469,0.980440932964031,77.85332480231527,0.003938432854817708,291148.06743542326,5997.894297575838,1699390763.0807524,36.937685135438755,102.68712839302108,0.41999566987622394,34.611627707192184,baseline,33.61672179072252,32.22018229254962,26.15490320917405,600.0,440.49341758591885,2.287710528311436,70.85171226196739,78.8345973589108,222.68436447403275,10.951367688859014,64.87444051215971,3547.5,3422.5,0.0,0.0,14621.01336298081,14993.274427602852,7.082980943533507,20.073653110729374,22.335358031372085,25778,True,"27/29 °C and 1000/1200 ppm are illustrative experiment targets, not universal regulatory limits."
470,1.1613032740405724,96.00900765716108,0.005862297178668879,250968.70615399524,3406.570270421395,1117825254.4634109,37.44498641205574,61.22243500041044,0.2723863803886174,31.44715668530015,baseline,31.025442584524853,29.96326601001887,26.100952717843313,600.0,449.96028293922257,1.7828801364812534,57.355485821278606,61.22239246348472,116.83914760443986,13.505267077107327,59.8520203519812,3497.5,3097.5,0.0,0.0,17465.698385651187,17759.08991143963,5.979871580213789,13.719137585280752,14.644081790603483,10676,True,"27/29 °C and 1000/1200 ppm are illustrative experiment targets, not universal regulatory limits."
471,0.8313559781181198,92.09215164296722,0.0032071650794711836,217250.36915324046,7022.809036163581,1221753569.7315516,25.697725548064433,77.6939672562425,0.4450638459135816,35.81866569996611,baseline,34.22061373679213,32.81437071264278,26.508956835009656,599.9999999999999,440.3565386854597,2.469295020928257,63.232130220890376,71.54830451797314,161.181663810053,12.954295997777391,55.637228226886855,3547.5,3427.5,0.0,0.0,12373.254436358606,12713.410780668059,8.353153916285152,21.127508647587327,23.906160003514795,28616,True,"27/29 °C and 1000/1200 ppm are illustrative experiment targets, not universal regulatory limits."
472,0.983541590734532,93.53416280644399,0.00513045827194244,163225.6738752461,6344.433064566842,1185946181.424069,32.57381464778196,74.71416681429393,0.562231941963966,33.83605746287513,baseline,32.535370175458524,31.466484599736983,26.32947863935118,600.0,445.44897606196736,0.9046772755827988,62.03981890967587,68.48921811699441,149.76321982971848,13.15713890143979,48.88414131713756,3532.5,3372.5,0.0,0.0,14719.083714768778,15040.69086167467,7.060651537123276,17.521661709898105,19.343140126965114,46064,True,"27/29 °C and 1000/1200 ppm are illustrative experiment targets, not universal regulatory limits."
473,0.8789574192384113,80.51685190675653,0.005916537051754092,312666.41389371356,6960.7974851298195,1746485322.6757607,35.21309754473427,60.3336913376455,0.40958149552187184,29.10151547183588,baseline,29.792665106997674,28.528799041378868,25.788420952860747,600.0,450.7216720491725,2.903835362478276,47.207926242333954,53.89011612525135,65.11607514885742,11.326037168217086,67.564233819446,3432.5,1130.0,0.0,0.0,13273.304472277516,13441.350063770282,7.900774590948426,14.919167365871983,17.03094640742584,68582,True,"27/29 °C and 1000/1200 ppm are illustrative experiment targets, not universal regulatory limits."
474,1.1456668209818939,85.53539242713309,0.005452418487930953,273430.1331815662,3068.9207171688104,1960203221.737426,26.757867604613047,83.47603395703953,0.5365204511468774,30.74205058098338,baseline,30.43673293374519,29.292780650829307,25.797481027310425,600.0,457.4483876118323,0.8554826657200465,43.35742872010414,49.954206518739504,51.597972676220124,12.031978534750055,62.65969873042757,3442.5,2677.5,0.0,0.0,17263.974126382713,17519.971343557787,6.0614869150986745,10.51241947436939,12.111870766699056,52250,True,"27/29 °C and 1000/1200 ppm are illustrative experiment targets, not universal regulatory limits."
475,0.8732061808192939,72.91587521467531,0.005893046301784874,169228.03325856064,3706.554791813671,1808114912.2194586,26.277662947009247,101.46743767514505,0.3312108236448764,35.764355681412134,baseline,33.879162021518425,32.63267265644987,26.11846341215187,600.0,446.38465649993043,4.295415415937896,62.72829654125586,70.13065785970066,156.84951059771387,10.256833113530995,49.63443624005188,3547.5,3422.5,0.0,0.0,13010.428360300275,13353.399945596704,7.9528118295369294,19.954653551200003,22.30943701759338,12122,True,"27/29 °C and 1000/1200 ppm are illustrative experiment targets, not universal regulatory limits."
476,0.907978914535437,75.19208133332666,0.005750820997495105,351309.48997402046,7246.187689356247,1425899136.0372353,17.42628563776477,94.69806607474587,0.26556810387910545,33.50743598518572,baseline,32.73799404451893,30.918238297900142,26.157444773436055,600.0,457.0781166736448,4.179944382092799,43.748936875366745,53.72557448483649,55.93835555178614,10.577019440887948,72.39461832948436,3502.5,3152.5,0.0,0.0,13579.513069311617,13885.157771769815,5.72693568424035,13.384102065406893,16.436252484858674,10454,True,"27/29 °C and 1000/1200 ppm are illustrative experiment targets, not universal regulatory limits."
477,0.8642418646095726,76.42113504437201,0.005907736789816086,218230.64079031494,7182.911138201307,1888245103.4022317,16.9257641762846,111.42381422622141,0.1660567210988985,28.62807790167777,baseline,28.973445845186177,27.96810332591352,25.72205166144687,600.0,472.58562181488713,8.67707770819834,25.758860041835085,31.49114947081697,11.138500504309155,10.749906329574998,55.759762181521175,2862.5,0.0,0.0,0.0,13086.255989767207,13216.314223785972,5.449892236828358,8.27920885751372,10.121635942298566,19178,True,"27/29 °C and 1000/1200 ppm are illustrative experiment targets, not universal regulatory limits."
478,1.0388113190706594,90.1757881213059,0.0032315382966221864,318767.06529506063,3933.1726762485705,1818203655.9287672,21.11146373361263,66.13144065390136,0.16306312422045083,29.66179360325693,baseline,29.990248593945296,28.673266914965563,25.773084943327888,600.0,456.54034572275253,17.383486193502904,34.08348908792552,41.2490519913822,25.629113821587847,12.684727529063696,68.32681524461438,3327.5,1657.5,0.0,0.0,15677.748297146136,15885.896499894403,5.677596211223031,9.113912877101704,11.029981852582026,9164,True,"27/29 °C and 1000/1200 ppm are illustrative experiment targets, not universal regulatory limits."
479,0.90299729385781,73.7427732057239,0.004854904540360009,279384.8526966264,6657.715888679502,910465288.708113,26.16427906213306,71.52895249820858,0.4487880638351329,29.32906398513975,baseline,29.75908442779098,28.56558180873169,26.03951227369214,599.9999999999999,454.63141163791414,1.8127462363045197,38.44957602364487,44.95552944171759,35.83651844630297,10.373150097605162,63.40403866981011,3382.5,1337.5,0.0,0.0,13637.755877954276,13808.976939857708,7.690437714133335,11.827762781787015,13.829107963096659,83960,True,"27/29 °C and 1000/1200 ppm are illustrative experiment targets, not universal regulatory limits."
480,1.172436904746028,87.22668440659282,0.0034597990288395028,207528.7993528969,6021.559073030132,1995100360.3761997,15.571744450592957,78.58864517478744,0.28920272533693925,33.940334532494894,baseline,32.197574460539556,30.777035990935055,25.95547695520719,600.0,458.1043733689745,2.998177445930196,41.069029930718145,49.4434231572123,47.1240385742969,12.269886939860726,54.42203200184392,3467.5,3037.5,0.0,0.0,17565.24026441177,17929.349612896425,3.9281677538545736,9.730215607734669,11.714305609743542,19148,True,"27/29 °C and 1000/1200 ppm are illustrative experiment targets, not universal regulatory limits."
481,1.0597280947551966,70.47592928724539,0.004318600062274067,319564.5059900995,3626.2334709767633,1966917486.796624,21.280113495118883,87.09381563220504,0.17956380594853885,33.99628010743724,baseline,32.83828650146825,31.249143409312502,25.960488581335653,600.0,451.7583756733776,8.484376536041964,49.54081021033566,58.569058411149655,79.5898736313261,9.91361405307252,68.42649533149425,3507.5,3237.5,0.0,0.0,15843.533764378828,16205.763763117267,5.780081468186185,12.985723637643702,15.352223813358739,5228,True,"27/29 °C and 1000/1200 ppm are illustrative experiment targets, not universal regulatory limits."
482,1.0737925358400622,70.09076913026658,0.004731052662902654,177523.74890581067,6679.618334159679,904585334.4695237,35.900773227159355,84.3779629391681,0.2617985170694989,33.979844571115365,baseline,32.72258911799969,31.65648126405308,26.60701931113954,600.0,444.1718815427105,4.539521617407445,66.46612879136646,72.94552419164576,183.8196215946781,9.859434857657497,50.671400695958134,3537.5,3377.5,0.0,0.0,16059.683200539926,16420.842527952947,6.46721243877113,17.194022995059562,18.87016805619567,11042,True,"27/29 °C and 1000/1200 ppm are illustrative experiment targets, not universal regulatory limits."
483,0.8227967159186345,82.14681770807343,0.0049346953247471365,154229.37074947992,3668.481283338012,1486194323.472237,29.34043390500456,98.7403131243844,0.15155102867829523,33.88198455982686,baseline,32.48421784785904,31.39807263414579,26.115186177675582,600.0,444.31020684072257,11.984590902095078,58.4277381992889,64.8833633614519,125.11547328082838,11.555319024268995,47.759603426416795,3542.5,3387.5,0.0,0.0,12315.001605052461,12582.519298335996,8.44004881168142,19.725318494325656,21.904750153468633,4850,True,"27/29 °C and 1000/1200 ppm are illustrative experiment targets, not universal regulatory limits."
484,0.9274972328545458,85.51610392805398,0.004970297547047039,170459.92027133095,6750.9013983137775,1203641240.687428,29.680066957720946,73.53399459680185,0.4799369404485344,31.86386853191675,baseline,31.033022028831567,30.03985720444154,26.12998185158341,600.0,448.4713548523578,0.578259615926072,50.69018062101824,56.60845329246786,81.48844238818131,12.029265285879593,49.78842211664817,3507.5,3147.5,0.0,0.0,13948.939757665365,14183.639294811695,7.48729397614656,15.18129136054124,16.95376525342674,60998,True,"27/29 °C and 1000/1200 ppm are illustrative experiment targets, not universal regulatory limits."
485,0.9507125731680657,75.58211887383847,0.005468229203513211,158986.24848325818,3879.328447758169,1553876396.3875985,31.344894930191995,90.74614964718387,0.2156942212938308,30.20216214175212,baseline,29.777639170099576,28.95105842389712,25.84571926440657,600.0,451.8100170481434,1.4926073238893878,45.87560362442616,50.83767454315759,59.78796458857772,10.63188472158661,48.35421314313908,3467.5,2357.5,0.0,0.0,14357.342782181697,14538.6570797164,7.304462610927115,13.403865257133335,14.853675717079032,14552,True,"27/29 °C and 1000/1200 ppm are illustrative experiment targets, not universal regulatory limits."
486,1.133915879983685,63.18267505412548,0.004167886684441522,311831.20059028175,7118.2177165378525,1865665562.9132504,35.6603340981642,68.15132187755766,0.5440720270490279,28.69007968692713,baseline,29.27930385273612,28.22994276612437,25.744312131724314,600.0,450.37426978887277,1.7306905414297944,45.883331627149964,51.62325977320389,59.654488991904344,8.887696290946984,67.45983215651702,3332.5,480.0,0.0,0.0,17152.437470850575,17340.27149908467,6.124303016679123,11.240137051977724,12.646259422393705,118130,True,"27/29 °C and 1000/1200 ppm are illustrative experiment targets, not universal regulatory limits."
487,0.9103780528548336,85.13501657982968,0.005347814771182468,358861.3397470196,3643.718761399628,1531796433.3476286,22.780164772264797,96.29608850280627,0.2953391648075572,31.651883553337107,baseline,31.585341275934184,29.930682452875295,25.948154977620845,600.0,454.47036761680465,5.151872029033257,43.197513851845905,52.06986400398818,52.105846517123936,11.97565899889604,73.33859955110925,3482.5,2737.5,0.0,0.0,13667.05238692679,13921.846304452496,7.065397764644117,13.180578514236112,15.887741435398272,14576,True,"27/29 °C and 1000/1200 ppm are illustrative experiment targets, not universal regulatory limits."
488,1.048723731463584,94.99050658968167,0.004181057008041927,214851.39153385858,3820.56140211993,1650835916.3511348,19.74286354153795,117.27452280846286,0.16236938952761765,33.54789949931069,baseline,32.145619071507326,30.81312175384648,26.008301069056017,600.0,453.4939273849359,8.530433701642323,45.425623025777874,53.253780138561524,61.400484400234284,13.361997926948554,55.33735602446412,3497.5,3162.5,0.0,0.0,15714.145085534052,16037.480867957647,5.4655110800370075,12.0319853930089,14.105446707600937,6938,True,"27/29 °C and 1000/1200 ppm are illustrative experiment targets, not universal regulatory limits."
489,0.8267367062027433,61.24629774291299,0.005021753682416274,392811.1268807378,3468.1125221965344,1023432285.5660696,24.42216946198618,101.9466844156303,0.4170700757161936,30.171059890282237,baseline,30.87370275015934,29.1382635780739,26.031661836792637,599.9999999999999,453.3184002965787,4.26179314107867,40.118761736210146,49.037772464538925,41.482929901180874,8.61531254916976,77.58232294282404,3447.5,2222.5,0.0,0.0,12440.38830283558,12642.77112339306,8.230264889621592,13.47962464793198,16.47635016102872,40430,True,"27/29 °C and 1000/1200 ppm are illustrative experiment targets, not universal regulatory limits."
490,0.8067343867782134,69.27791843282051,0.005885190105690041,203436.03610801586,4568.841401345535,1277875358.5710917,19.023865400369523,94.67424930178895,0.5350724198112344,31.59686901383557,baseline,30.79956709036952,29.604966102673224,26.01141602213221,600.0,458.6072508807869,0.390396898103063,37.53266156957712,44.435904459164746,34.185245239197705,9.745093859550083,53.91043659623378,3477.5,2697.5,0.0,0.0,12142.068898304988,12336.888071964453,6.844765080955338,12.923385312133432,15.30033552122012,68990,True,"27/29 °C and 1000/1200 ppm are illustrative experiment targets, not universal regulatory limits."
491,1.0941360506379274,72.52399518175164,0.003987887307071504,337818.98657298053,6076.336589951867,1231431231.9217432,25.623243413742593,79.23982579725578,0.2566061982420709,29.8758217359972,baseline,30.1783970443542,28.876443936729274,25.94514167866123,600.0,454.88985763861734,7.9420904728613095,39.760028522549206,46.85513023295664,40.00779303421258,10.201708655566398,70.70830540435436,3392.5,2017.5,0.0,0.0,16502.257050192937,16731.943268376217,6.346966120342658,10.094222159059102,11.895516966112751,16022,True,"27/29 °C and 1000/1200 ppm are illustrative experiment targets, not universal regulatory limits."
492,1.1421155951899207,67.57519957418397,0.003397251571361769,392430.0049838055,6009.320900782153,1274758967.2049503,15.977324282860998,96.21286555633023,0.24720484875153093,29.711548436487163,baseline,30.18491017228814,28.673839321896967,25.90657507324846,600.0,466.4359096614786,13.855245620739879,28.998167712938013,37.102667490585624,16.651101823509826,9.505578073435213,77.5346827057075,3177.5,1732.5,0.0,0.0,17225.843929095015,17465.664652493317,3.903454819611783,7.052741964868946,9.02386463206367,16778,True,"27/29 °C and 1000/1200 ppm are illustrative experiment targets, not universal regulatory limits."
493,0.9815853955376297,92.96603643560196,0.0052588204768643666,198775.8197159172,4438.938452497391,1405458736.9630513,18.352738622175295,114.92401396070565,0.497997147351928,29.46341935537197,baseline,29.38086905511682,28.38652507584235,25.824186920226623,600.0,467.3440051858241,0.6777192476729397,29.646753092375953,35.44802932581209,16.876038769160676,13.07722245860801,53.32790954722146,3262.5,960.0,0.0,0.0,14843.031280633548,15010.775983138903,5.228795355729582,8.389702240645196,10.031399058593777,105158,True,"27/29 °C and 1000/1200 ppm are illustrative experiment targets, not universal regulatory limits."
494,1.191586662103182,86.02963439115896,0.005143806395376522,157385.7826320086,4074.4592324665546,1749760224.0359674,39.164071786279905,99.71319622856325,0.5446599001320791,34.184515882419575,baseline,32.75966832676829,31.764109949445775,26.064217178747697,600.0,444.8976908776372,1.2262272825901164,70.34758908585262,76.49468246936796,217.2877929218015,12.101501904356361,48.15415491173288,3532.5,3382.5,0.0,0.0,17819.46029152634,18222.194961988305,5.827897093264971,16.399140398065565,17.83212550453826,28256,True,"27/29 °C and 1000/1200 ppm are illustrative experiment targets, not universal regulatory limits."
495,0.8433236516808963,98.89328273628318,0.004098292275677017,331824.61362010683,6803.411495033433,972763281.9562879,32.44663322887001,64.00091252317156,0.5304405402385686,34.30216529826715,baseline,33.683565662436024,32.01186308387164,26.5945916707704,600.0,441.38648125307895,1.175552706932649,61.35930758254678,64.00091252317138,143.06887867048547,13.910988438237169,69.95900878524516,3547.5,3417.5,0.0,0.0,12573.502775009061,12896.424981680877,8.23461363926283,20.210807644598518,21.080911487542974,30800,True,"27/29 °C and 1000/1200 ppm are illustrative experiment targets, not universal regulatory limits."
496,0.8885643041556239,96.08831626575775,0.003043957359988145,199759.8770617926,4821.385136180213,1657303384.7757337,18.62211694623174,89.82059669378997,0.4218328194448564,29.646087754806207,baseline,29.538834757087955,28.500739638666733,25.79129522157183,600.0,455.8961135250303,0.8561343984765699,30.587730459675537,36.613255972392494,18.48597894740837,13.516423154716591,53.45091671545588,3327.5,1255.0,0.0,0.0,13429.401963231707,13588.262189850853,5.890317740465786,9.562157465270197,11.445822022846974,75560,True,"27/29 °C and 1000/1200 ppm are illustrative experiment targets, not universal regulatory limits."
497,0.871771620222661,94.32308222444652,0.004198792235029561,376480.9119810872,5185.941002356745,937233613.485132,34.21714312838445,113.25620909508197,0.3374219310670053,35.02663935344138,baseline,34.495360182283434,32.67413353980669,26.692962908103425,600.0,440.07968739286144,3.621572647083667,70.85141487302415,80.7197712681463,224.1450286113184,13.268113566238812,75.54104608036769,3552.5,3442.5,0.0,0.0,12963.393176768854,13331.462101117568,7.965898732366109,22.575807836934736,25.720220944872356,11996,True,"27/29 °C and 1000/1200 ppm are illustrative experiment targets, not universal regulatory limits."
498,1.1858706953996503,90.0888672080211,0.004696208408228573,188981.59392345397,6978.5250572047025,1563688720.774126,18.253158802020366,87.54924783009864,0.3534206565623234,31.85503855310783,baseline,30.763889480429043,29.617847359840912,25.958704742280702,600.0,463.34353575493026,1.0097805296973092,36.8483734080376,43.64103035371538,32.99242173579858,12.672500653928301,52.10363132316355,3422.5,2687.5,0.0,0.0,17850.485276525953,18134.78423226081,4.3853579381513415,8.63134515400174,10.222453829590753,22190,True,"27/29 °C and 1000/1200 ppm are illustrative experiment targets, not universal regulatory limits."
499,0.9351094557013421,62.14932669233583,0.005984002316085691,300519.2307929286,6845.712916259883,1789802265.581317,24.580539945781908,107.32730903483127,0.33566849961847783,31.695278296521813,baseline,31.271865757052296,29.886338767849875,25.919846552235867,600.0,455.23352546407364,2.2004470311658224,44.71881998022132,52.396797200169104,57.06826319482896,8.742338621388575,66.04583593184788,3487.5,2862.5,0.0,0.0,14052.543437635048,14300.048292344107,7.325645625520522,13.28389351985946,15.564665505408355,17558,True,"27/29 °C and 1000/1200 ppm are illustrative experiment targets, not universal regulatory limits."
