time_s,time_min,passengers,train_present,passenger_heat_W,train_heat_W,equipment_heat_W,piston_airflow_m3_s,target_ventilation_airflow_m3_s,leakage_airflow_signed_m3_s,total_mass_inflow_kg_s,total_mass_outflow_kg_s,air_density_kg_m3,air_temperature_K,internal_pressure_Pa,pressure_difference_Pa,co2_ppm,ventilation_airflow_m3_s,air_mass_kg,structure_temperature_K,structure_temperature_C,outdoor_temperature_C,outdoor_pressure_Pa,co2_moles,air_temperature_C,air_changes_per_hour,fan_power_proxy_W,cumulative_fan_energy_kWh
0.0,0.0,4.0,False,300.0,0.0,20000.0,0.0,40.0,0.0,28.63761840379836,29.206295254444697,1.168251810177788,302.15,101325.0,0.0,600.0,25.0,15140.543459904131,301.15,28.0,35.0,101325.0,313.62897808205975,29.0,6.944444444444445,9375.0,0.0
5.0,0.08333333333333333,4.466666666666667,False,335.0,0.0,20000.0,0.0,40.31523969232467,-0.03701599615047542,31.345977877141674,31.919638543345343,1.1680485727855483,302.20253994872076,101324.98881482473,-0.011185175273567438,598.2269134063739,27.32732121509619,15137.909503300707,301.1503167903528,28.000316790352827,35.0,101325.0,312.64775929683196,29.052539948720778,7.590922559748942,12244.538903848357,0.015013568683228024
10.0,0.16666666666666666,4.933333333333334,False,370.0,0.0,20000.0,0.0,40.65233274120192,-0.044572916232399076,33.668815675164645,34.27299019437671,1.1678314043852493,302.25872212353363,101324.9837816746,-0.01621832539967727,596.3267017533198,29.34754971109733,15135.095000832833,301.15064259418125,28.000642594181272,35.0,101325.0,311.59671890992644,29.108722123533653,8.15209714197148,15165.851220991974,0.03404856182547825
15.0,0.25,5.4,False,405.0,0.0,20000.0,0.0,41.00650813092909,-0.0317625656463623,35.67393935567916,36.32506423737642,1.1676034707604008,302.3177513551548,101324.99176440346,-0.008235596542363055,594.3226128955546,31.11078816314219,15132.140981054794,301.1509779468516,28.000977946851606,35.0,101325.0,310.48891658142827,29.16775135515485,8.64188560087283,18066.9270706466,0.0571268800835606
20.0,0.3333333333333333,5.866666666666667,False,440.00000000000006,0.0,20000.0,0.0,41.373913881807994,0.0492630870618055,37.4107903226252,38.18230461325587,1.1673673443474948,302.378985646968,101325.01981103467,0.01981103466823697,592.2335825822298,32.65878275483901,15129.080782743533,301.1513232630448,28.00132326304481,35.0,101325.0,309.33498519396267,29.228985646968,9.071884098566391,20900.23801442186,0.08418741139263593
25.0,0.4166666666666667,6.333333333333334,False,475.00000000000006,0.0,20000.0,0.0,41.75059904909972,-0.08051514769695463,39.06954154817918,39.71294133869627,1.1671241844762021,302.44176650818326,101324.94708008973,-0.05291991027479526,590.0759972829944,34.026320306711135,15125.92943081158,301.15167885749617,28.001678857496188,35.0,101325.0,308.1438379061197,29.291766508183287,9.451755640753094,23637.209701967673,0.11511619452901754
30.0,0.5,6.800000000000001,False,510.00000000000006,0.0,20000.0,0.0,42.13473465247239,-0.07673075928031113,40.4582028673748,41.123524832653324,1.166877229194682,302.5057891087454,101324.95193788229,-0.048062117712106556,587.8634824869464,35.24237495064896,15122.72889036308,301.1520449593079,28.00204495930791,35.0,101325.0,306.92348301392,29.355789108745398,9.789548597402488,26263.146283112754,0.14976921951865674
35.0,0.5833333333333334,7.266666666666667,False,545.0,0.0,20000.0,0.0,42.52332282904604,-0.11159348584830665,41.74528295860583,42.3848415991893,1.1666268440831307,302.570553804841,101324.89834199115,-0.10165800884715281,585.6076119496548,36.33110434082303,15119.483899317373,301.1524217305526,28.002421730552612,35.0,101325.0,305.68008714562654,29.420553804841006,10.091973428006398,28773.126015146463,0.1879888530591145
40.0,0.6666666666666666,7.733333333333333,False,580.0,0.0,20000.0,0.0,42.915077596252786,-0.10905738246060027,42.866718129847236,43.52052430191401,1.1663752016392241,302.6358462660421,101324.90291010066,-0.0970898993400624,583.318002619635,37.312628252684256,15116.222613244345,301.1528092735911,28.00280927359114,35.0,101325.0,304.41926111027885,29.48584626604213,10.36461895907896,31168.706119228555,0.22961512537465273
45.0,0.75,8.2,False,615.0,0.0,20000.0,0.0,43.30810210730351,-0.10648304463855304,43.884514117884436,44.55022592428398,1.1661228520520919,302.70135035121723,101324.9074396833,-0.09256031669792719,581.0029551706045,38.20371571133045,15112.95216259511,301.15320764334416,28.003207643344183,35.0,101325.0,303.14549417299855,29.551350351217252,10.612143253147348,33455.54155564979,0.27449307514887383
50.0,0.8333333333333334,8.666666666666668,False,650.0000000000001,0.0,20000.0,0.0,43.700957813221635,-0.116219324897705,44.82881755801262,45.490324574955125,1.1658704642109814,302.7668263022036,101324.88973933486,-0.11026066514023114,578.6694917552095,39.01833520222276,15109.681216174318,301.15361685364826,28.003616853648282,35.0,101325.0,301.86263343414953,29.616826302203606,10.838426445061877,35641.62172015459,0.3224772163126268
55.0,0.9166666666666666,9.133333333333333,False,685.0,0.0,20000.0,0.0,44.092763924073324,-0.11604285676874261,45.687508790123424,46.35449044241366,1.165619066303525,302.83212732067886,101324.89007392158,-0.10992607842490543,576.3235148869271,39.76812989977554,15106.423099293685,301.1540368854978,28.00403688549784,35.0,101325.0,300.5740287639652,29.682127320678887,11.04670274993765,37736.077621154036,0.37343395196631335
60.0,1.0,9.600000000000001,False,720.0000000000001,0.0,20000.0,0.0,44.48222065918901,-0.14206650006224966,46.513069892618795,47.154081620868396,1.1653686488024053,302.8970367765315,101324.8352417107,-0.16475828930560965,573.9701730005575,40.46280262415368,15103.177688479174,301.1544676921999,28.00446769219991,35.0,101325.0,299.2823633434104,29.747036776531502,11.239667395598246,39748.352444505486,0.4272425839563547
65.0,1.0833333333333333,10.066666666666666,False,755.0,0.0,20000.0,0.0,44.86909226734463,-0.1477076634109857,47.26139992358597,47.898611591153234,1.165120472634588,302.96151537789075,101324.82189751975,-0.17810248024761677,571.6136980977163,41.11043683134686,15099.961325344262,301.1549092034573,28.004909203457316,35.0,101325.0,297.9901652435518,29.81151537789077,11.41956578648524,41687.660658917725,0.4837953708337319
70.0,1.1666666666666667,10.533333333333333,False,790.0,0.0,20000.0,0.0,45.25257493574077,-0.15003417706578887,47.95977730925144,48.59598270740075,1.1648746617438557,303.0254291559568,101324.81624282214,-0.18375717785966117,569.2578495793413,41.71777814675011,15096.77561620037,301.1553613314133,28.005361331413326,35.0,101325.0,296.69941940190495,29.875429155956795,11.588271707430588,43562.69716190694,0.5429970082093045
75.0,1.25,11.0,False,825.0,0.0,20000.0,0.0,45.632252763714064,-0.14168391389150933,48.60618875662355,49.2527760662332,1.1646316847842095,303.0887087939523,101324.83612790648,-0.1638720935152378,566.9058184678877,42.290431137771314,15093.626634803357,301.15582396912214,28.00582396912216,35.0,101325.0,295.41189983331395,29.938708793952344,11.747341982714255,45381.36852599569,0.6047637204925703
80.0,1.3333333333333333,11.466666666666667,False,860.0,0.0,20000.0,0.0,46.00708734521311,-0.16917682682397053,49.25929703220944,49.87445599752598,1.1643908794542515,303.15118122420216,101324.76636082666,-0.23363917334063444,564.5604983102236,42.83308713385154,15090.505797727099,301.1562970002623,28.00629700026235,35.0,101325.0,294.1289365486214,30.001181224202185,11.898079759403208,47150.834165416934,0.6690221945838292
85.0,1.4166666666666667,11.933333333333334,False,895.0,0.0,20000.0,0.0,46.37760207047529,-0.16782526992182292,49.84948041624829,50.46566548525322,1.1641537819119174,303.2129336784125,101324.77007901041,-0.22992098958638962,562.2241381023832,43.34965557760956,15087.43301357845,301.15678029697307,28.00678029697309,35.0,101325.0,292.8520784333126,30.06293367841255,12.041570993780434,48877.4121909063,0.7357084767757203
90.0,1.5,12.4,False,930.0,0.0,20000.0,0.0,46.74291554756769,-0.18023598811757446,50.42926844511491,51.03017990025962,1.1639196600769108,303.2738192579279,101324.73481623337,-0.2651837666344363,559.8989583025113,43.84338683383661,15084.398794596764,301.1572737209474,28.00727372094741,35.0,101325.0,291.58228397229726,30.12381925792795,12.178718564954615,50566.5747262971,0.8047668010237782
95.0,1.5833333333333333,12.866666666666667,False,965.0,0.0,20000.0,0.0,47.10310165367491,-0.18597449494966864,50.978375704278434,51.571218436201576,1.1636891185625515,303.33385027561246,101324.71766112023,-0.282338879769668,557.5867505752735,44.317006676065674,15081.410976570667,301.15777712929423,28.007777129294254,35.0,101325.0,290.32062407704075,30.183850275612485,12.310279632240464,52223.083042996535,0.8761485078080099
100.0,1.6666666666666667,13.333333333333334,False,1000.0,0.0,20000.0,0.0,47.45785007765642,-0.19329068487721285,51.508852840783845,52.091437770586424,1.1634620805967686,303.3929750129427,101324.69500988685,-0.30499011314532254,555.2891655609005,44.77278515503267,15078.46856453412,301.15829037225734,28.008290372257363,35.0,101325.0,289.06792382363733,30.242975012942736,12.436884765286853,53850.97660534574,0.9498110492304699
105.0,1.75,13.8,False,1035.0,0.0,20000.0,0.0,47.8070655884361,-0.19907932724730404,52.0193137696048,52.59306697905856,1.1632387132223165,303.45117759807266,101324.67646874663,-0.3235312533652177,553.0076331649723,45.212617480181,15075.573723361222,301.15881329542134,28.008813295421362,35.0,101325.0,287.82495350834927,30.301177598072684,12.55906041116139,55453.658183859,1.025717045611862
110.0,1.8333333333333333,14.266666666666667,False,1070.0,0.0,20000.0,0.0,48.15058920450224,-0.20594279144964778,52.514557826325046,53.07796781754016,1.1630190189971603,303.5084315340837,101324.65377605429,-0.3462239457148826,550.7434383186318,45.638090994683694,15072.726486203199,301.1593457412965,28.0093457412965,35.0,101325.0,286.59236635161704,30.358431534083707,12.677247498523249,57033.977528261894,1.1038334593008348
115.0,1.9166666666666667,14.733333333333334,False,1105.0,0.0,20000.0,0.0,48.48836355113417,-0.21215931670728785,52.994131448756505,53.547700565156795,1.162803094984988,303.56472725852234,101324.632558566,-0.36744143400574103,548.4977133541556,46.050531509677576,15069.928111005443,301.1598875491764,28.009887549176426,35.0,101325.0,285.3707590245534,30.414727258522362,12.791814308243772,58594.27591576861,1.184130857525856
120.0,2.0,15.200000000000001,False,1140.0,0.0,20000.0,0.0,48.820415701497154,-0.21290174265276335,53.453777357819284,54.00357771628262,1.1625911167297738,303.62006928358284,101324.62998243245,-0.3700175675476203,546.2714594281177,46.45104967616479,15067.18087281787,301.16043855630187,28.010438556301892,35.0,101325.0,284.16067849908296,30.47006928358286,12.903069354490219,60136.458378175084,1.2665827563410945
125.0,2.0833333333333335,15.666666666666668,False,1175.0,0.0,20000.0,0.0,49.14638820651567,-0.2248153546588953,53.91363461123028,54.44667817002129,1.162382635460833,303.67439803441926,101324.58741270457,-0.41258729543187656,544.0656378899133,46.84058115547778,15064.478955572398,301.1609985990796,28.01099859907964,35.0,101325.0,282.962498185501,30.524398034419278,13.011272543188271,61662.06641502509,1.3511650652252614
130.0,2.1666666666666665,16.133333333333333,False,1210.0,0.0,20000.0,0.0,49.466664755486704,-0.2262726253947539,54.34982195701962,54.8779491368697,1.1621782879649516,303.72777745924776,101324.58204652242,-0.41795347757579293,541.880998061584,47.219905676404004,15061.830612025773,301.16156751175026,28.011567511750286,35.0,101325.0,281.77674604970946,30.577777459247784,13.11664046566778,63172.2864607548,1.437855588055664
135.0,2.25,16.6,False,1245.0,0.0,20000.0,0.0,49.78093967517259,-0.23240612263495916,54.78043372758039,55.298151580634475,1.161977636541651,303.78015661252874,101324.55908076867,-0.4409192313323729,539.71832075607,47.589686618424274,15059.230169579798,301.16214512918555,28.01214512918557,35.0,101325.0,280.60370441097444,30.630156612528765,13.219357394006742,64668.05294737672,1.5266336015335333
140.0,2.3333333333333335,17.066666666666666,False,1280.0,0.0,20000.0,0.0,50.08926012518748,-0.24057188504303564,55.203080013167494,55.70794652333838,1.1617807508601758,303.8315433541979,101324.52755239287,-0.4724476071278332,537.5782572915061,47.95048160515014,15056.678531147878,301.1627312855467,28.01273128554675,35.0,101325.0,279.44371194995756,30.681543354197913,13.319578223652817,66150.04909899649,1.6174795057324036
145.0,2.4166666666666665,17.53333333333333,False,1314.9999999999998,0.0,20000.0,0.0,50.39171689189152,-0.24682639930309414,55.613784337766035,56.10789722001629,1.161587743562354,303.88195281531523,101324.5026671723,-0.4973328276973916,535.4613879263665,48.30276277532401,15054.177156568108,301.1633258150644,28.013325815064434,35.0,101325.0,278.29708043947085,30.731952815315253,13.41743410425667,67618.75431528552,1.710374508103433
150.0,2.5,18.0,False,1350.0,0.0,20000.0,0.0,50.68831348444405,-0.2520234561871323,56.01398620709881,56.498478664381196,1.1613985751336076,303.93138558074065,101324.48150349005,-0.5184965099469991,533.3682476953751,48.64693299445593,15051.725533731555,301.16392855258493,28.013928552584957,35.0,101325.0,277.1640614502276,30.781385580740675,13.513036942904424,69074.48329479912,1.8053003675548804
155.0,2.5833333333333335,18.46666666666667,False,1385.0000000000002,0.0,20000.0,0.0,50.97908090601959,-0.2560578542488959,56.40395965953606,56.88009863084953,1.161213230264971,303.9798468176699,101324.46477041043,-0.5352295895718271,531.299313563832,48.983336693356804,15049.323464234023,301.1645393335992,28.014539333599203,35.0,101325.0,276.0448823466645,30.82984681766993,13.606482414821336,70517.40900869587,1.9022391816545299
160.0,2.6666666666666665,18.933333333333334,False,1420.0,0.0,20000.0,0.0,51.26405523345693,-0.2589067365352594,56.784017990486035,57.25310825066069,1.1610316861289671,304.02734253890947,101324.45279430022,-0.5472056997823529,529.255012256962,49.31227022886008,15046.970652231414,301.16515799449627,28.015157994496292,35.0,101325.0,274.9397427594798,30.877342538909488,13.697852841350022,71947.588365047,2.001173207608518
165.0,2.75,19.4,False,1455.0,0.0,20000.0,0.0,51.54316639845001,-0.26544759326790285,57.16004403464005,57.61780517383321,1.160853745741609,304.0738610664083,101324.42479653248,-0.5752034675242612,527.2357395608001,49.63399169378068,15044.664544811254,301.1657843729787,28.015784372978715,35.0,101325.0,273.8487853606296,30.923861066408335,13.78721991493908,73364.98979049255,2.102084720216532
170.0,2.8333333333333335,19.866666666666667,False,1490.0,0.0,20000.0,0.0,51.81651434088565,-0.2731599795768261,57.529406392425585,57.97445833973258,1.160679457970099,304.11941905681425,101324.39088673925,-0.6091132607543841,525.2418241694742,49.94872438004852,15042.405775292484,301.1664183076454,28.016418307645438,35.0,101325.0,272.77217658818364,30.969419056814274,13.874645661124587,74769.49625635846,2.2049558910824003
175.0,2.9166666666666665,20.333333333333336,False,1525.0000000000002,0.0,20000.0,0.0,52.0843315075972,-0.274439504782254,57.88361718146494,58.32331279060868,1.160509062293816,304.1640552512662,101324.38516700584,-0.6148329941643169,523.2735376932516,50.25666294697359,15040.197447327853,301.167059638193,28.017059638193018,35.0,101325.0,271.71009783699947,31.0140552512662,13.96018415193711,76160.92223426931,2.309768681700892
180.0,3.0,20.8,False,1560.0,0.0,20000.0,0.0,52.34637418210821,-0.28185314225205366,58.23727699116721,58.66455847945084,1.160342067519607,304.20772903035135,101324.3515004588,-0.6484995412029093,521.3311793311314,50.55798640900309,15038.033195054106,301.1677082068807,28.01770820688074,35.0,101325.0,270.66257372289016,31.057729030351368,14.043885113611971,77539.06447250106,2.4165047835805935
185.0,3.0833333333333335,21.266666666666666,False,1595.0,0.0,20000.0,0.0,52.60296293418878,-0.2845485901821609,58.57813003398028,58.99839772271237,1.1601788296435895,304.2504938223648,101324.3390375496,-0.66096245040535,519.414936887628,50.85284803967407,15035.917632180921,301.16836385632905,28.018363856329074,35.0,101325.0,269.62976979157145,31.100493822364797,14.125791122131686,78903.64984992295,2.52514555741561
190.0,3.1666666666666665,21.733333333333334,False,1630.0,0.0,20000.0,0.0,52.85394015434508,-0.2914734917999367,58.91659230702545,59.32498632899983,1.1600189728962076,304.2923233590575,101324.30647513125,-0.6935248687514104,517.525028604581,51.141393128151805,15033.84588873485,301.1690264319846,28.019026431984628,35.0,101325.0,268.61169691921225,31.142323359057514,14.205942535597725,80254.41131055338,2.635671988777052
195.0,3.25,22.2,False,1665.0,0.0,20000.0,0.0,53.099629905369284,-0.29231589821202836,59.24099618008132,59.644494728363966,1.1598628454347515,304.33327165089486,101324.30246053594,-0.6975394640612649,515.6615790024942,51.42374804325025,15031.822476834379,301.16969577996457,28.019695779964593,35.0,101325.0,267.6084858274619,31.18327165089488,14.284374456458403,81591.0330711212,2.7480646584865482
200.0,3.3333333333333335,22.666666666666668,False,1700.0,0.0,20000.0,0.0,53.33977395347665,-0.29991406398759346,59.56619126022616,59.95704615866065,1.159709907152377,304.37329565891275,101324.26572697324,-0.7342730267555453,513.8247568514079,51.70003790506789,15029.840396694808,301.1703717496577,28.020371749657727,35.0,101325.0,266.6200850450602,31.223295658912775,14.361121640296636,82913.23016907214,2.862303730181127
205.0,3.4166666666666665,23.133333333333333,False,1735.0,0.0,20000.0,0.0,53.57470010125576,-0.304173952692771,59.880739379146064,60.26279003291126,1.1595605017028634,304.41245001687594,101324.24472005309,-0.7552799469121965,512.0146290948766,51.9703714850694,15027.90410206911,301.17105419100926,28.021054191009284,35.0,101325.0,265.646594703102,31.26245001687596,14.436214301408167,84220.67424318093,2.978368941578525
210.0,3.5,23.6,False,1770.0,0.0,20000.0,0.0,53.80446852276907,-0.3056821876859897,60.18543420722997,60.561851589241144,1.159414562752101,304.4507447537948,101324.23721142964,-0.7627885703550419,510.23126990466534,52.23485501638477,15026.012733267231,301.1717429565932,28.021742956593243,35.0,101325.0,264.68802419795514,31.300744753794845,14.50968194899577,85513.05679191806,3.0962395881306772
215.0,3.5833333333333335,24.066666666666666,False,1805.0,0.0,20000.0,0.0,54.02900959543945,-0.30985644072741375,60.48659998219244,60.85434182083379,1.1592718234285857,304.48816826590655,101324.21623662155,-0.7837633784511127,508.47474288252477,52.493591745251784,15024.16283163447,301.1724379013824,28.022437901382432,35.0,101325.0,263.74433226218093,31.338168265906575,14.58155326256994,86790.08592668393,3.215894548351929
220.0,3.6666666666666665,24.533333333333335,False,1840.0000000000002,0.0,20000.0,0.0,54.248423109483724,-0.3157004372943425,60.78320625195288,61.140377083746024,1.1591322706229787,304.52473718491393,101324.18639374606,-0.8136062539415434,506.7450668494052,52.746678384586744,15022.354227273805,301.17313888204353,28.023138882043554,35.0,101325.0,262.8155129995757,31.374737184913954,14.65185510682965,88051.46748809457,3.337312293778858
225.0,3.75,25.0,False,1875.0,0.0,20000.0,0.0,54.46285849980791,-0.32051809975539336,61.07227079206847,61.420072710841104,1.1589959638254237,304.56047641663463,101324.16137263452,-0.8386273654759862,505.04223226457805,52.994207596820104,15020.58769117749,301.17384575724594,28.023845757245965,35.0,101325.0,261.90156247766714,31.41047641663465,14.720613221338917,89296.91565177978,3.4604708931815487
230.0,3.8333333333333335,25.46666666666667,False,1910.0000000000002,0.0,20000.0,0.0,54.67239269736376,-0.3243839744898217,61.35398352498268,61.69353632328745,1.1588628502525415,304.59539878289394,101324.14102071097,-0.8589792890270473,503.3662162059438,53.2362706336156,15018.86253927294,301.1745583880159,28.02455838801592,35.0,101325.0,261.00244459251144,31.44539878289396,14.787852953782112,90526.16508309799,3.5853480325807694
235.0,3.9166666666666665,25.933333333333334,False,1945.0,0.0,20000.0,0.0,54.87709050865146,-0.3278198302945729,61.62904464340546,61.960872201593396,1.1587328568013326,304.6295150847752,101324.12272782747,-0.8772721725254087,501.7169761723948,53.47295697874279,15017.177824145272,301.17527663761643,28.025276637616457,35.0,101325.0,260.11810892289054,31.479515084775244,14.853599160761888,91738.96841706283,3.7119210419558812
240.0,4.0,26.400000000000002,False,1980.0000000000002,0.0,20000.0,0.0,55.0770212917015,-0.3311907719894873,61.89797304385083,62.2221828367928,1.1586059156971227,304.6628368819502,101324.1045932453,-0.8954067547019804,500.094449233933,53.70435451242649,15015.532667434709,301.17600037152624,28.026000371526266,35.0,101325.0,259.2484961013523,31.51283688195025,14.917876253451803,92935.0963479855,3.8401669202649424
245.0,4.083333333333333,26.866666666666667,False,2015.0,0.0,20000.0,0.0,55.2722608283741,-0.33464703512634814,62.16104000119517,62.477569468028314,1.1584819676635218,304.695376804729,101324.08580703576,-0.9141929642355535,498.4985528837644,53.930549816011265,15013.926300919242,301.17672945745176,28.02672945745178,35.0,101325.0,258.3935389402363,31.545376804729017,14.98070828222535,94114.33850077837,3.9700623611321393
250.0,4.166666666666667,27.333333333333336,False,2050.0,0.0,20000.0,0.0,55.46288961262394,-0.33818852998298116,62.418343435689806,62.72713231014431,1.1583609596311308,304.72714826877063,101324.06635525051,-0.9336447494861204,496.92918624124746,54.151628461407384,15012.358036819456,301.1774637653454,28.02746376534543,35.0,101325.0,257.5531625122196,31.577148268770657,15.042119017057606,95276.50430360438,4.101583779746294
255.0,4.25,27.8,False,2085.0,0.0,20000.0,0.0,55.648991964051106,-0.3416978178876444,62.669845934877706,62.97097075906633,1.1582428436766634,304.7581653273418,101324.04687837756,-0.9531216224422678,495.38623112073117,54.367675227048835,15010.827254049558,301.17820316741813,28.028203167418155,35.0,101325.0,256.7272844443665,31.60816532734185,15.102132007513566,96421.42354331061,4.234707340751096
260.0,4.333333333333333,28.26666666666667,False,2120.0,0.0,20000.0,0.0,55.8306560891798,-0.34493980022448933,62.91537456904448,63.20918359600236,1.158127577380919,304.78844268152994,101324.0287064018,-0.9712935981951887,493.86955296887464,54.57877424778071,15009.33340285671,301.1789475381456,28.028947538145644,35.0,101325.0,255.91581546233553,31.638442681529966,15.16077062438353,97548.94661832706,4.369408986696678
265.0,4.416666666666667,28.733333333333334,False,2155.0,0.0,20000.0,0.0,56.00797277519007,-0.3476057022071471,63.15467142636056,63.44186905638345,1.1580151220929844,304.81799546253166,101324.01363490443,-0.9863650955667254,492.37900190513875,54.785009147133835,15007.875982325077,301.1796967542754,28.02969675427545,35.0,101325.0,255.11865952568337,31.667995462531678,15.218058096426065,98658.94472949459,4.505664466799332
270.0,4.5,29.200000000000003,False,2190.0,0.0,20000.0,0.0,56.1810291725576,-0.34951402615367816,63.38762401948456,63.66912454799889,1.1579054337208778,304.84683819542624,101324.00277506548,-0.9972249345155433,490.91441417788064,54.98646322385843,15006.454421022578,301.18045069484594,28.030450694845968,35.0,101325.0,254.33571254413457,31.696838195426267,15.274017562182896,99751.31039360735,4.643449366190375
275.0,4.583333333333333,29.666666666666668,False,2225.0,0.0,20000.0,0.0,56.34989375878365,-0.3510935496590819,63.61481893179189,63.89104577533047,1.1577984401126211,304.8749822931306,101323.99374138276,-1.0062586172425654,489.475614329603,55.183219774519365,15005.06778385957,301.18120924122866,28.03120924122868,35.0,101325.0,253.56685855999604,31.72498229313061,15.328672159588713,100825.95874170584,4.782739136423231
280.0,4.666666666666667,30.133333333333333,False,2260.0,0.0,20000.0,0.0,56.5145839590424,-0.35442226650971775,63.83873261720318,64.10772469961115,1.1576939920674258,304.9024306598404,101323.97457026124,-1.0254297387582483,488.06241872448874,55.37536269418372,15003.71413719384,301.1819722772173,28.031972277217335,35.0,101325.0,252.81196096176208,31.7524306598404,15.382045192828812,101882.83042041743,4.923509128896928
285.0,4.75,30.6,False,2295.0,0.0,20000.0,0.0,56.67519221115333,-0.35907485443169634,64.05897210394427,64.3192575402285,1.157592054941823,304.92919870185887,101323.94747141971,-1.0525285802868893,486.67462484315666,55.56297424956065,15002.393032046026,301.18273968865486,28.032739688654885,35.0,101325.0,252.07089889317479,31.77919870185889,15.434159513766847,102921.878906856,5.065734621485312
290.0,4.833333333333333,31.066666666666666,False,2330.0,0.0,20000.0,0.0,56.831876018635626,-0.3625538227662132,64.27276904687915,64.52574423226991,1.157492693769924,304.9553126697726,101323.92697735182,-1.073022648182814,485.3120135839355,55.746135227956586,15001.105311258214,301.1835113634495,28.03351136344952,35.0,101325.0,251.3435648499369,31.805312669772604,15.485037563321274,103943.07060833288,5.209390836426416
295.0,4.916666666666667,31.533333333333335,False,2365.0,0.0,20000.0,0.0,56.98475464674027,-0.3636454279304806,64.47882603058025,64.7272818634768,1.1573959165506993,304.98079244112336,101323.92050614486,-1.079493855140754,483.9743592445962,55.924926758320254,14999.851078497062,301.1842871918632,28.0342871918632,35.0,101325.0,250.6298356123894,31.83079244112338,15.534701877311182,104946.39441945382,5.354452964917934
300.0,5.0,32.0,False,2400.0,0.0,20000.0,0.0,57.133827446655914,-0.3649095457605667,64.6801704664841,64.92395942565499,1.1573015503183337,305.00563790777596,101323.91298794623,-1.0870120537729235,482.66143660994476,56.09943182725076,14998.628092125604,301.18506706674964,28.03506706674966,35.0,101325.0,249.92954932552232,31.855637907775986,15.583175507569656,105931.86994647363,5.50089620406094
305.0,5.083333333333333,32.46666666666667,False,2435.0,0.0,20000.0,0.0,57.27906570813468,-0.3697153612266368,64.88075697519193,65.11586350886252,1.1572093807182067,305.0298442846891,101323.88416776876,-1.115832231240347,481.3730132244688,56.26973354506444,14997.43357410796,301.1858508832612,28.03585088326122,35.0,101325.0,249.24253207994985,31.879844284689113,15.630481540295678,106899.53751353158,5.6486957925748325
310.0,5.166666666666667,32.93333333333334,False,2470.0000000000005,0.0,20000.0,0.0,57.42072364866647,-0.3725151853505085,65.07431940358617,65.30309828634684,1.1571196245972781,305.0534539414444,101323.86720356476,-1.1327964352385607,480.10882530060314,56.43590938929483,14996.270334780726,301.1866385378958,28.03663853789584,35.0,101325.0,248.56868705625567,31.90345394144441,15.676641497026342,107849.42473197103,5.7978270163564325
315.0,5.25,33.400000000000006,False,2505.0000000000005,0.0,20000.0,0.0,57.55891012063694,-0.37238282436390635,65.2598880958117,65.4857581604249,1.1570322795854553,305.07648502010613,101323.86800842546,-1.1319915745407343,478.8686138194072,56.59803906584811,14995.138343427501,301.18742992976996,28.037429929769985,35.0,101325.0,247.90787263845473,31.926485020106156,15.721677518291141,108781.59044536995,5.948265221340697
320.0,5.333333333333333,33.86666666666667,False,2540.0,0.0,20000.0,0.0,57.69346971399352,-0.3764988720156715,65.44578486992224,65.66391991251831,1.1569469434615074,305.0989116189989,101323.84284570915,-1.1571542908495758,477.652132960439,56.75620674190666,14994.032387261135,301.18822496096965,28.03822496096967,35.0,101325.0,247.25986878920858,31.94891161899892,15.765612983862962,109696.13762075097,6.099985865831059
325.0,5.416666666666667,34.333333333333336,False,2575.0,0.0,20000.0,0.0,57.824650174649264,-0.37953982156559446,65.62599868152044,65.83768549577572,1.1568638282173638,305.1207750291082,101323.82407774568,-1.1759222543187207,476.45909911761044,56.910488416969876,14992.955213697034,301.1890235344725,28.039023534472506,35.0,101325.0,246.62456790316548,31.97077502910821,15.808469004713855,110593.13999419649,6.252964530841439
330.0,5.5,34.8,False,2610.0,0.0,20000.0,0.0,57.952606383758166,-0.3791104158213121,65.79787417976787,66.0071503608565,1.1567830066792517,305.1421010639597,101323.82673708258,-1.1732629174221074,475.2892306801401,57.06096128637089,14991.907766563101,301.18982555566134,28.039825555661366,35.0,101325.0,246.00183353808688,31.992101063959694,15.850267023991915,111472.69522105125,6.407176916407583
335.0,5.583333333333333,35.266666666666666,False,2645.0,0.0,20000.0,0.0,58.07713093800646,-0.38376500878075814,65.97130602409767,66.17238579050256,1.1567040030834934,305.1628551563344,101323.79775035131,-1.202249648689758,474.1422670275064,57.207708812369425,14990.883879962075,301.1906309331356,28.040630933135617,35.0,101325.0,245.39142376338916,32.01285515633441,15.891030225658174,112334.95451994703,6.562598895394388
340.0,5.666666666666667,35.733333333333334,False,2680.0,0.0,20000.0,0.0,58.198576556274475,-0.38503777431493935,66.13667906426423,66.33349840330095,1.1566271947685909,305.1830960927124,101323.7897625498,-1.2102374501992017,473.01790208813725,57.35080301010254,14989.888444200937,301.19143957579973,28.041439575799757,35.0,101325.0,244.79325481650875,32.03309609271241,15.93077861391737,113180.01830449657,6.719206515411363
345.0,5.75,36.2,False,2715.0,0.0,20000.0,0.0,58.31690574737479,-0.38625967558317176,66.29789929545137,66.49056894322489,1.1565523682579337,305.20281762456244,101323.78206908586,-1.2179309141356498,471.9158538504353,57.49032276279615,14988.918692622821,301.1922513958346,28.042251395834626,35.0,101325.0,244.20713004308098,32.052817624562465,15.969534100776707,114008.04303421,6.876976002452131
350.0,5.833333333333333,36.66666666666667,False,2750.0000000000005,0.0,20000.0,0.0,58.432098219525756,-0.3901549429646337,66.45817635214463,66.6436782332235,1.1564793382636436,305.22201636992094,101323.75738057535,-1.2426194246509112,470.8358347928184,57.62634577915017,14987.97222389682,301.1930663073646,28.043066307364597,35.0,101325.0,243.63285645844095,32.07201636992096,16.00731827198616,114819.19372528803,7.035883805757339
355.0,5.916666666666667,37.13333333333333,False,2785.0,0.0,20000.0,0.0,58.54447356221385,-0.3893249092682292,66.6091156073514,66.79292838368119,1.156408438290109,305.2407455937023,101323.76266216346,-1.2373378365446115,469.7775313839893,57.75894240485022,14987.053360239812,301.1938842254238,28.043884225423824,35.0,101325.0,243.0703371733522,32.09074559370231,16.04415066801395,115613.60620029402,7.1959065834834375
360.0,6.0,37.6,False,2820.0,0.0,20000.0,0.0,58.65375649071666,-0.39397276468572145,66.76249782396448,66.93838190689772,1.15633909994377,305.2589594151194,101323.73294253621,-1.2670574637886602,468.74066680449215,57.8881937920743,14986.154735271259,301.19470506890167,28.044705068901692,35.0,101325.0,242.5193046637464,32.10895941511944,16.08005383113175,116391.49527675642,7.357021237286945
365.0,6.083333333333333,38.06666666666667,False,2855.0000000000005,0.0,20000.0,0.0,58.76037872698555,-0.3933857165317176,66.90612742700876,67.0801462964669,1.1562718316916396,305.2767297878309,101323.73671573901,-1.2632842609891668,467.7249156242478,58.01416626947302,14985.282938723649,301.19552875633417,28.045528756334193,35.0,101325.0,241.9796928079212,32.126729787830925,16.11504618596473,117153.00054794391,7.519204914942987
370.0,6.166666666666667,38.53333333333333,False,2890.0,0.0,20000.0,0.0,58.86407914693177,-0.3972042048022566,67.05113832537033,67.21828305647063,1.156206091247048,305.2940131911553,101323.71207199745,-1.28792800255178,466.7299949836609,58.13693905034791,14984.430942561743,301.1963552104022,28.046355210402226,35.0,101325.0,241.4512373004452,32.144013191155295,16.149149736207754,117898.35261890673,7.682435021308855
375.0,6.25,39.0,False,2925.0,0.0,20000.0,0.0,58.965201196543944,-0.3973274826917138,67.18832685081668,67.35289193839745,1.1561422575967175,305.31086686609063,101323.71127242039,-1.288727579609258,465.7555823643984,58.25657828510175,14983.60365845346,301.19718435367236,28.047184353672378,35.0,101325.0,240.93384640397173,32.16086686609066,16.18238285697271,118627.71587091993,7.846689235537902
380.0,6.333333333333333,39.46666666666667,False,2960.0,0.0,20000.0,0.0,59.06358425206952,-0.4003244901879865,67.32530411909137,67.48403892503238,1.156079945925367,305.32726404201156,101323.69175757188,-1.3082424281165004,464.80138519322105,58.37315936746553,14982.796099192756,301.19801611220953,28.048016112209552,35.0,101325.0,240.42728449906724,32.177264042011586,16.21476649096265,119341.32326104754,8.01194551271288
385.0,6.416666666666667,39.93333333333334,False,2995.0000000000005,0.0,20000.0,0.0,59.15948025962609,-0.4007530061806586,67.45591162999413,67.61181571583468,1.1560194009345215,305.34324670993766,101323.68895533092,-1.3110446690843673,463.86708512871786,58.48674828569274,14982.011436111397,301.1988504125086,28.048850412508614,35.0,101325.0,239.9314340737889,32.19324670993768,16.246318968247984,120039.36226740052,8.178182099885413
390.0,6.5,40.4,False,3030.0,0.0,20000.0,0.0,59.252782945978765,-0.4034930039465048,67.58582229628786,67.73628966633515,1.1559603252262691,305.3587971576631,101323.67096649605,-1.3290335039491765,462.95238450834313,58.59741739239741,14981.245814932447,301.19968718403857,28.04968718403859,35.0,101325.0,239.44607573669825,32.20879715766313,16.27706038677706,120722.07087536134,8.345377539567886
395.0,6.583333333333333,40.86666666666667,False,3065.0,0.0,20000.0,0.0,59.34372400920961,-0.40366631672432574,67.7095218486052,67.8575489887732,1.1559029375930747,305.3739540015349,101323.66982452851,-1.3301754714921117,462.0569659852247,58.70523102058405,14980.502071206249,301.2005263568695,28.05052635686951,35.0,101325.0,238.9710872342305,32.223954001534935,16.307008616828902,121389.6487468906,8.51351067819445
400.0,6.666666666666667,41.333333333333336,False,3100.0,0.0,20000.0,0.0,59.432174622026196,-0.406694057217556,67.83330126496165,67.97565729873988,1.1558469111924865,305.3886957703377,101323.64979545979,-1.3502045402128715,461.1805326846964,58.81025994057417,14979.775969054625,301.2013678640007,28.051367864000724,35.0,101325.0,238.50624407585744,32.2386957703377,16.33618331682616,122042.34597413152,8.682560674528492
405.0,6.75,41.800000000000004,False,3135.0000000000005,0.0,20000.0,0.0,59.51842013495548,-0.40614215008448346,67.94986028187387,68.09070410687626,1.1557925513029024,305.40307002249256,101323.65345758306,-1.3465424169407925,460.3227653017135,58.912565261057395,14979.071464885614,301.20221163870707,28.052211638707092,35.0,101325.0,238.05144098325349,32.25307002249258,16.36460146140483,122680.36289300454,8.85250700013067
410.0,6.833333333333333,42.266666666666666,False,3170.0,0.0,20000.0,0.0,59.602245370565356,-0.4097822736369876,68.06818207050327,68.20274501757237,1.1557394046461504,305.4170408950942,101323.62921214868,-1.3707878513232572,459.4833722525962,59.01221741111598,14978.38268421411,301.2030576176052,28.053057617605248,35.0,101325.0,237.6064307041758,32.267040895094226,16.39228261419888,123303.96770762194,9.023329451936661
415.0,6.916666666666667,42.733333333333334,False,3205.0,0.0,20000.0,0.0,59.68402997631938,-0.40848899706617636,68.17787869417425,68.31187349583253,1.1556879248123646,305.4306716627199,101323.63785093286,-1.3621490671357606,458.66203142155456,59.1092733853073,14977.715505568245,301.2039057369126,28.05390573691261,35.0,101325.0,237.17113708305303,32.2806716627199,16.419242607029805,123913.35405998169,9.19500814760861
420.0,7.0,43.2,False,3240.0,0.0,20000.0,0.0,59.763468664537186,-0.412466106268466,68.29071895728848,68.41813679597314,1.1556375263355536,305.4439114440895,101323.61119764228,-1.3888023577164859,457.85845740735675,59.20380330060958,14977.062341308776,301.2047559367486,28.05475593674862,35.0,101325.0,236.74528952278771,32.29391144408953,16.445500916835993,124508.80690044064,9.367523537164457
425.0,7.083333333333333,43.66666666666667,False,3275.0000000000005,0.0,20000.0,0.0,59.840980457986575,-0.4114695603626394,68.39503010062897,68.52162872736947,1.1555887276046128,305.4568300763311,101323.61790041547,-1.3820995845308062,457.07232933979276,59.295861140326295,14976.429909755781,301.2056081563335,28.055608156333506,35.0,101325.0,236.3288257649254,32.306830076331096,16.471072538979527,125090.51836285353,9.540856401930634
430.0,7.166666666666667,44.13333333333333,False,3310.0,0.0,20000.0,0.0,59.9163026037495,-0.414388700077111,68.50107167445108,68.6223968925623,1.1555410126325112,305.46938376729156,101323.59822045101,-1.4017795489926357,456.3033620653702,59.385513921508746,14975.811523717346,301.2064623387146,28.056462338714596,35.0,101325.0,235.92149019960297,32.31938376729158,16.495976089307984,125658.77105513096,9.714987852915346
435.0,7.25,44.6,False,3345.0,0.0,20000.0,0.0,59.989709866799785,-0.415008992359225,68.60178765173126,68.72052329732054,1.1554946853020043,305.4816183111333,101323.59402070417,-1.405979295828729,455.5512458028354,59.47281642352123,14975.211121513976,301.2073184266138,28.057318426613847,35.0,101325.0,235.52318239011527,32.3316183111333,16.520226784311454,126213.77814722108,9.88989934541698
440.0,7.333333333333333,45.06666666666667,False,3380.0000000000005,0.0,20000.0,0.0,60.06117729549578,-0.41547923698220574,68.6997080024414,68.81606882777956,1.1554495960377162,305.4935295492493,101323.59083268275,-1.4091673172515584,454.8156873960056,59.5578284537591,14974.626764648803,301.20817636521446,28.05817636521448,35.0,101325.0,235.13371789120632,32.3435295492493,16.543841237155306,126755.79220251857,10.065572658159855
445.0,7.416666666666667,45.53333333333334,False,3415.0000000000005,0.0,20000.0,0.0,60.130666129926794,-0.4182768175612195,68.79773831404914,68.9090923983059,1.155405576674795,305.50511102165444,101323.5717918685,-1.4282081315031974,454.0963961813723,59.640609141443775,14974.056273705344,301.20903610119774,28.059036101197762,35.0,101325.0,234.75291004745918,32.355111021654466,16.566835872623273,127285.06885805099,10.24198992278525
450.0,7.5,46.0,False,3450.0,0.0,20000.0,0.0,60.19846260824818,-0.41684580805180044,68.88842721209213,68.99967315765434,1.1553629556617078,305.516410434708,101323.58154752906,-1.418452470941702,453.3930691990817,59.72120952946457,14973.503905375734,301.2098975815062,28.05989758150622,35.0,101325.0,234.3806668803509,32.36641043470803,16.589224869295716,127801.81895534076,10.419133594877884
455.0,7.583333333333333,46.46666666666667,False,3485.0,0.0,20000.0,0.0,60.26428842806274,-0.42022631025950313,68.98220110051976,69.08785168973121,1.1553212051472987,305.5273814046771,101323.55844774013,-1.441552259871969,452.7054311621386,59.79969153333664,14972.962818708991,301.2107607564036,28.060760756403624,35.0,101325.0,234.0167369332276,32.377381404677124,16.611025425926844,128306.3296498138,10.596986475853686
460.0,7.666666666666667,46.93333333333334,False,3520.0000000000005,0.0,20000.0,0.0,60.32848785642477,-0.42021888142553676,69.06972205750328,69.17370874078205,1.1552807465268389,305.5380813094041,101323.5584987077,-1.4415012922981987,452.03318194741735,59.8761027990308,14972.438474987832,301.21162557534467,28.061625575344692,35.0,101325.0,233.66104861560376,32.38808130940413,16.632250777508553,128798.80285236,10.775531706757974
465.0,7.75,47.4,False,3555.0,0.0,20000.0,0.0,60.390968833289776,-0.42064378694451104,69.15543002675591,69.2572948229399,1.1552413397796018,305.5484948055483,101323.55558207759,-1.44441792240832,451.3760432603658,59.95049903265485,14971.92776354364,301.2124919905866,28.062491990586636,35.0,101325.0,233.31340760251425,32.398494805548296,16.65291639795968,129279.49829616967,10.954752749222232
470.0,7.833333333333333,47.86666666666667,False,3590.0,0.0,20000.0,0.0,60.45170731884548,-0.4233970765137122,69.24155798874004,69.33866391334689,1.1552028506362813,305.5586178864742,101323.53661155592,-1.4633884440845577,450.73373642507516,60.022933526484486,14971.428944246205,301.2133599554497,28.063359955449698,35.0,101325.0,232.97364104727777,32.40861788647425,16.673037090690134,129748.66606109338,11.134633418914776
475.0,7.916666666666667,48.333333333333336,False,3625.0,0.0,20000.0,0.0,60.51098434526341,-0.42199958972456253,69.32073624531914,69.41788903937862,1.1551656110855573,305.5684973908772,101323.54625588794,-1.45374411206285,450.1059733956635,60.09345185937775,14970.946319668821,301.2142294234245,28.064229423424536,35.0,101325.0,232.64166537323274,32.418497390877235,16.69262551649382,130206.51172945321,11.315157847935987
480.0,8.0,48.800000000000004,False,3660.0000000000005,0.0,20000.0,0.0,60.568551911174154,-0.424417086971285,69.40215357403457,69.49500686810013,1.1551291505643344,305.57809198519567,101323.52955213295,-1.4704478670464596,449.4924905212064,60.16210986810313,14970.473791313774,301.2151003510715,28.06510035107152,35.0,101325.0,232.31724789540812,32.42809198519569,16.711697185584203,130653.31269922701,11.496310503789239
485.0,8.083333333333334,49.266666666666666,False,3695.0,0.0,20000.0,0.0,60.624636813073835,-0.4256034086606519,69.48008072417566,69.57008463252771,1.1550937229689946,305.5874394688456,101323.52132031458,-1.4786796854168642,448.893008276898,60.22895220459537,14970.014649678169,301.21597269449495,28.065972694494974,35.0,101325.0,232.00029380233062,32.43743946884564,16.730264501276494,131089.2787507556,11.67807619229617
490.0,8.166666666666666,49.733333333333334,False,3730.0,0.0,20000.0,0.0,60.679326627440105,-0.4243099007255526,69.55314057247226,69.64317905868585,1.1550593725190441,305.59655443790666,101323.53029476038,-1.4697052396222716,448.3072561392264,60.294025325124665,14969.569467846812,301.2168464114326,28.066846411432607,35.0,101325.0,231.69067065706238,32.446554437906684,16.748340368090187,131514.63605437477,11.860440022021955
495.0,8.25,50.2,False,3765.0,0.0,20000.0,0.0,60.73240823589447,-0.4274229054457102,69.62928097937582,69.7143257433506,1.155025688107707,305.60540137264906,101323.5086502849,-1.4913497150992043,447.7349780052569,60.35738119172436,14969.132917875882,301.21772146182826,28.067721461828285,35.0,101325.0,231.3881622686163,32.45540137264908,16.765939219923432,131929.65141164095,12.043387443873355
500.0,8.333333333333334,50.66666666666667,False,3800.0000000000005,0.0,20000.0,0.0,60.784194848322045,-0.4275062642268118,69.70002910536718,69.7835943430478,1.1549930614275095,305.6140324747203,101323.50806852283,-1.4919314771686913,447.175901515068,60.41905936369783,14968.710076100522,301.21859780488495,28.068597804884973,35.0,101325.0,231.0927051357468,32.46403247472034,16.78307204547162,132334.51479259224,12.226904225959627
505.0,8.416666666666666,51.13333333333333,False,3835.0,0.0,20000.0,0.0,60.83463963006568,-0.42687642571853673,69.76809140538937,69.85102929041405,1.1549613384337758,305.62243993834426,101323.51246136462,-1.4875386353814974,446.6297711631779,60.47910606699431,14968.298946101735,301.2194754021445,28.06947540214452,35.0,101325.0,230.8041350655081,32.47243993834428,16.7997516852762,132729.46390261178,12.410976433386852
510.0,8.5,51.6,False,3870.0,0.0,20000.0,0.0,60.88362021884575,-0.42985034166297875,69.83846674331097,69.91666896214441,1.154930252200493,305.6306033698076,101323.49166272467,-1.5083372753288131,446.09633724976595,60.53756824616198,14967.896068518388,301.22035421648934,28.070354216489363,35.0,101325.0,230.52226853262624,32.480603369807625,16.81599117948944,133114.7452417723,12.595590467514896
515.0,8.583333333333334,52.06666666666667,False,3905.0000000000005,0.0,20000.0,0.0,60.93143412204222,-0.42938589140492045,69.90313046355112,69.9805787432111,1.1549001765740399,305.6385723536737,101323.49492045928,-1.5050795407150872,445.5753389747332,60.5944826771136,14967.506288399556,301.22123421034087,28.07123421034089,35.0,101325.0,230.24704431732155,32.4885723536737,16.831800743642667,133490.5420478121,12.780733028132664
520.0,8.666666666666666,52.53333333333334,False,3940.0000000000005,0.0,20000.0,0.0,60.977980863248376,-0.4291550742891013,69.96633970243815,70.04279627113883,1.1548708818079925,305.6463301438747,101323.4965381405,-1.5034618594945641,445.0665329388634,60.649893745250786,14967.126628231583,301.2221153485297,28.072115348529735,35.0,101325.0,229.97828968845275,32.49633014387473,16.847192707014106,133857.09124648408,12.966391106809258
525.0,8.75,53.0,False,3975.0,0.0,20000.0,0.0,61.02319265140045,-0.4319125345568656,70.03129893473671,70.10336041339319,1.1548421898120944,305.65386544190005,101323.47715561219,-1.5228443878149847,444.56967787920615,60.70384424109045,14966.754779964744,301.222997596767,28.07299759676704,35.0,101325.0,229.71584354418388,32.503865441900075,16.862178955858457,134214.62273683873,13.152552019297676
530.0,8.833333333333334,53.46666666666667,False,4010.0,0.0,20000.0,0.0,61.0673402662228,-0.431298993300283,70.09076295361099,70.16233168192433,1.1548144395036573,305.6612233777038,101323.48147900717,-1.518520992831327,444.0845251059133,60.75636854010963,14966.3951359674,301.22388092050824,28.07388092050826,35.0,101325.0,229.4596438658643,32.5112233777038,16.87676903891934,134563.31385176044,13.339203364150872
535.0,8.916666666666666,53.93333333333334,False,4045.0000000000005,0.0,20000.0,0.0,61.11031853173358,-0.4310242207258871,70.14902897470155,70.21974432164048,1.1547873995839009,305.6683864219556,101323.48341323386,-1.5165867661416996,443.61084184228673,60.80750824519079,14966.044698607357,301.2247652874752,28.074765287475202,35.0,101325.0,229.2095234211572,32.5183864219556,16.890974512552997,134903.39287290044,13.526333021598553
540.0,9.0,54.400000000000006,False,4080.0000000000005,0.0,20000.0,0.0,61.152062006841106,-0.4337004945153383,70.20913506340476,70.2756343259566,1.1547609010341155,305.6753436678068,101323.46452147802,-1.5354785219824407,443.14839736958646,60.857303241756036,14965.701277402139,301.2256506661717,28.075650666171725,35.0,101325.0,228.96532862168158,32.52534366780685,16.904806456043342,135235.079696904,13.713929183105362
545.0,9.083333333333334,54.86666666666667,False,4115.0,0.0,20000.0,0.0,61.19282986631265,-0.4332379662070796,70.26414168842098,70.33005849195501,1.15473527053756,305.6821383110521,101323.46779481336,-1.5322051866387483,442.69695464857216,60.90578532273852,14965.369106166778,301.22653702482063,28.076537024820652,35.0,101325.0,228.72700096984855,32.53213831105211,16.9182737007607,135558.5430621796,13.901980310021393
550.0,9.166666666666666,55.333333333333336,False,4150.0,0.0,20000.0,0.0,61.232544280360116,-0.43253522479718276,70.31741300604087,70.3830499679424,1.154710323692543,305.68875738006,101323.47276146375,-1.5272385362477507,442.2562907030998,60.95299273229918,14965.045795055355,301.2274243337081,28.07742433370811,35.0,101325.0,228.494387869692,32.53875738006002,16.931386870083106,135873.99728328796,14.090475129705744
555.0,9.25,55.800000000000004,False,4185.0,0.0,20000.0,0.0,61.27109983410446,-0.43519917752405063,70.37312431699425,70.43463916228733,1.1546858358315917,305.69518330568405,101323.4538912317,-1.5461087683070218,441.8261867277186,60.998963507299884,14964.728432377427,301.2283125640733,28.078312564073315,35.0,101325.0,228.26733109708164,32.54518330568408,16.94415652980552,136181.65789715253,14.279402668025494
560.0,9.333333333333334,56.266666666666666,False,4220.0,0.0,20000.0,0.0,61.30875288656,-0.4351709533170739,70.42436856760352,70.48487990048497,1.1546621344646433,305.70145881442664,101323.45409176644,-1.5459082335582934,441.4064170305291,61.04372681552005,14964.421262661777,301.22920168667395,28.07920168667397,35.0,101325.0,228.04577812295452,32.55145881442667,16.956590782088902,136481.68345653111,14.46875221063222
565.0,9.416666666666666,56.733333333333334,False,4255.0,0.0,20000.0,0.0,61.345478015690674,-0.4338843519874255,70.47282766115366,70.53380607880733,1.1546391199175776,305.70757966928176,101323.4632193396,-1.5367806604044745,440.99676784614167,61.087317121077874,14964.122994131805,301.23009167407014,28.08009167407016,35.0,101325.0,227.82959807162575,32.55757966928178,16.968699200299408,136774.27015889724,14.658513289531822
570.0,9.5,57.2,False,4290.0,0.0,20000.0,0.0,61.38111493587269,-0.43633506597821464,70.52426617332804,70.58144164725311,1.1546164888828543,305.71351915597876,101323.44580987917,-1.5541901208343916,440.5970325626916,61.12977107709935,14963.829695921791,301.2309825000941,28.080982500094137,35.0,101325.0,227.61862372076232,32.56351915597878,16.98049196586093,137059.63112190762,14.848675720976825
575.0,9.583333333333334,57.66666666666667,False,4325.0,0.0,20000.0,0.0,61.41589786301449,-0.43700806108580176,70.5723976733216,70.62783631191603,1.1545945399750812,305.7193163105024,101323.44101187385,-1.5589881261548726,440.20699725847163,61.171115804376086,14963.545238077053,301.2318741379183,28.081874137918305,35.0,101325.0,227.41280286672287,32.569316310502415,16.99197661232669,137337.91745268818,15.039229574153628
580.0,9.666666666666666,58.13333333333333,False,4360.0,0.0,20000.0,0.0,61.449871317460406,-0.4354238605418849,70.61670777531907,70.67302606363938,1.1545732846325356,305.72497855291004,101323.45229438099,-1.5477056190138683,439.826456979624,61.21138173237083,14963.269768837661,301.23276656212505,28.082766562125073,35.0,101325.0,227.21203123949383,32.57497855291007,17.00316159232523,137609.30434367695,15.23016514484555
585.0,9.75,58.6,False,4395.0,0.0,20000.0,0.0,61.482854514386986,-0.43704884291915663,70.66349793853988,70.71703085545104,1.154552392903031,305.7304757523978,101323.440720889,-1.5592791109957034,439.45521614612744,61.250603515392356,14962.999012023283,301.2336597488332,28.083659748833213,35.0,101325.0,227.0161423025901,32.58047575239783,17.014056532053434,137873.997341442,15.421472993237993
590.0,9.833333333333334,59.06666666666667,False,4430.0,0.0,20000.0,0.0,61.514996925052856,-0.43857185392254094,70.70900569524109,70.75989218350715,1.1545320389225404,305.7358328208421,101323.42983452202,-1.5701654779841192,439.09307399617757,61.28880775759447,14962.735224436125,301.2345536736766,28.084553673676623,35.0,101325.0,226.82506611687626,32.58583282084214,17.02466882155402,138132.14946178452,15.613143928518012
595.0,9.916666666666666,59.53333333333334,False,4465.0,0.0,20000.0,0.0,61.54642648654499,-0.43725683067503834,70.75012692517072,70.8016492160344,1.1545123654594025,305.7410710810908,101323.43923644105,-1.5607635589549318,438.73983405435257,61.326020694339704,14962.480256353856,301.2354483130354,28.085448313035442,35.0,101325.0,226.6387287059719,32.59107108109083,17.035005748427693,138383.91278443957,15.805168971744557
600.0,10.0,60.0,False,4500.0,0.0,20000.0,0.0,61.57700339625251,-0.437416470356325,70.79183785499225,70.84232222147999,1.15449310915588,305.74616723270873,101323.43809658336,-1.5619034166447818,438.39531019257737,61.3622737629652,14962.230694660206,301.23634364492165,28.08634364492167,35.0,101325.0,226.45698170765135,32.59616723270875,17.04507604526811,138629.47613923973,15.997539380719335
605.0,10.083333333333334,60.833333333333336,False,4562.5,0.0,20000.0,0.0,61.60675780843701,-0.43956268802988774,70.83475840954546,70.88194134223691,1.154474209022046,305.75112630140615,101323.42273178198,-1.577268218024983,438.0596038854187,61.3975962289196,14961.985748925716,301.23723964777554,28.08723964777556,35.0,101325.0,226.2798651662574,32.60112630140617,17.054887841366558,138869.01522110892,16.190246666386244
610.0,10.166666666666666,61.666666666666664,False,4625.0,0.0,20000.0,0.0,61.63591346978785,-0.4390553518617478,70.87360683030096,70.9205550710338,1.1544559028121126,305.75598557829795,101323.42637059593,-1.5736294040689245,437.73280615034264,61.43201736703849,14961.74850044498,301.23813630092576,28.088136300925783,35.0,101325.0,226.10747227761115,32.605985578297975,17.064449268621804,139102.70726252088,16.383282584777653
615.0,10.25,62.5,False,4687.5,0.0,20000.0,0.0,61.66442275619988,-0.43767086924262727,70.91045669460547,70.95819543629446,1.154438075365041,305.7607371260333,101323.43627926707,-1.5637207329273224,437.4147254480195,61.46557095655131,14961.517456730931,301.23903358535483,28.089033585354855,35.0,101325.0,225.9396810870186,32.610737126033314,17.07376971015314,139330.7615455076,16.576639160338782
620.0,10.333333333333334,63.333333333333336,False,4750.0,0.0,20000.0,0.0,61.69214033791741,-0.43975199000523013,70.95032161637407,70.99488565040106,1.154420463926037,305.7653567229862,101323.42137295744,-1.578627042559674,437.10517568778545,61.49829102037614,14961.289212481439,301.23993148295045,28.089931482950476,35.0,101325.0,225.77634367231948,32.615356722986235,17.08285861677115,139553.39050458046,16.770308710373566
625.0,10.416666666666666,64.16666666666667,False,4812.5,0.0,20000.0,0.0,61.71926723368563,-0.4404917906993693,70.98772339214197,71.03067048170676,1.1544033339635271,305.7698778722809,101323.41605699858,-1.5839430014166282,436.8039664270101,61.530202132932295,14961.067208167311,301.2408299748765,28.0908299748765,35.0,101325.0,225.61741325827393,32.61987787228094,17.091722814703417,139770.74362472928,16.96428380351892
630.0,10.5,65.0,False,4875.0,0.0,20000.0,0.0,61.74586167480925,-0.4388467486404009,71.02149660760328,71.06558322226861,1.1543867346370646,305.77431027913485,101323.42786556088,-1.5721344391204184,436.51091418334846,61.56133043629559,14960.852080896357,301.2417290433226,28.09172904332263,35.0,101325.0,225.46280428907517,32.624310279134875,17.100369565637667,139982.98220469747,17.1585572242338
635.0,10.583333333333334,65.83333333333333,False,4937.5,0.0,20000.0,0.0,61.7717668233978,-0.4394121808381874,71.05693908749177,71.09964101851209,1.1543703887734507,305.7786278038996,101323.42381171699,-1.5761882830120157,436.22584365908483,61.591705495891446,14960.64023850392,301.24262867176657,28.09262867176659,35.0,101325.0,225.31237173302532,32.62862780389963,17.10880708219207,140190.2920397501,17.353121998014664
640.0,10.666666666666666,66.66666666666667,False,5000.0,0.0,20000.0,0.0,61.79703550148372,-0.4412515529842297,71.09300517025108,71.1328739319615,1.154354339358902,305.78283925024726,101323.41058830195,-1.5894116980489343,435.94857836566234,61.62135100688999,14960.432238091369,301.2435288434235,28.09352884342354,35.0,101325.0,225.16603254704808,32.63283925024729,17.11704194635833,140392.81997027408,17.54797138135496
645.0,10.75,67.5,False,5062.5,0.0,20000.0,0.0,61.82183285683891,-0.4404740335231585,71.12526079143328,71.16531835326872,1.154338801331964,305.78697214280646,101323.41618470034,-1.583815299658454,435.67894298820124,61.650286961811176,14960.230865262254,301.2444295415682,28.094429541568218,35.0,101325.0,225.02373780387921,32.636972142806485,17.125079711614216,140590.68847612033,17.743098817776065
650.0,10.833333333333334,68.33333333333333,False,5125.0,0.0,20000.0,0.0,61.84609608718313,-0.4391585280632951,71.15611489291005,71.19699403365972,1.154323643626587,305.7910160145305,101323.42563091616,-1.5743690838426119,435.41677045759076,61.67853740739222,14960.034421400565,301.24533075076823,28.095330750768255,35.0,101325.0,224.88537533663248,32.64101601453052,17.13292705760895,140784.04864055573,17.938497940773757
655.0,10.916666666666666,69.16666666666667,False,5187.5,0.0,20000.0,0.0,61.86969440971461,-0.4411661375771658,71.19001863938429,71.2279150954938,1.154308632660419,305.79494906828575,101323.41120358412,-1.5887964158755494,435.16189830816205,61.706127009835875,14959.839879279032,301.24623245629726,28.096232456297287,35.0,101325.0,224.75081547005405,32.64494906828577,17.14059083606552,140973.05670381148,18.134162597262904
660.0,11.0,70.0,False,5250.0,0.0,20000.0,0.0,61.89282140177227,-0.44181668072838665,71.22162982605607,71.25811681019808,1.1542940295402282,305.798803566962,101323.40651445412,-1.5934855458763195,434.91416080593456,61.73307232523865,14959.650622841358,301.24713464268956,28.097134642689582,35.0,101325.0,224.6200232203826,32.648803566962044,17.148075645899624,141157.8141643763,18.330086813143588
665.0,11.083333333333334,70.83333333333333,False,5312.5,0.0,20000.0,0.0,61.915528751948955,-0.44015751165980255,71.24987881570495,71.28762387004386,1.1542798802883742,305.8025881253248,101323.41846012187,-1.5815398781269323,434.6733984617604,61.759392230101106,14959.46724853733,301.2480372954156,28.098037295415622,35.0,101325.0,224.49292489259946,32.652588125324826,17.15538673058364,141338.43911918352,18.526264766812726
670.0,11.166666666666666,71.66666666666667,False,5375.0,0.0,20000.0,0.0,61.93766785006494,-0.4404733286420576,71.27969967132836,71.31644651671083,1.1542659269171751,305.8062779750108,101323.41618976943,-1.5838102305715438,434.43945886278965,61.78510935273252,14959.28641284659,301.24894040109456,28.09894040109458,35.0,101325.0,224.36939134446007,32.65627797501082,17.162530375759033,141515.07614321148,18.722690819078277
675.0,11.25,72.5,False,5437.5,0.0,20000.0,0.0,61.95927020140027,-0.44231117719464424,71.31059410538414,71.34460657820561,1.1542521865207547,305.8098783669,101323.40294549003,-1.5970545099698938,434.2121891849154,61.81024165373999,14959.10833730898,301.24984394610243,28.099843946102453,35.0,101325.0,224.24934678156038,32.659878366900045,17.169511570483333,141687.83846930572,18.919359509781415
680.0,11.333333333333334,73.33333333333333,False,5500.0,0.0,20000.0,0.0,61.98050140521184,-0.4416984357225241,71.3380277897759,71.37213427934562,1.1542388811649622,305.8134169008686,101323.40736728066,-1.5926327193446923,433.99143727153,61.83480338776182,14958.93589989791,301.25074791671193,28.100747916711953,35.0,101325.0,224.13275555664666,32.66341690086864,17.176334274378284,141856.81445082973,19.116265518753732
685.0,11.416666666666666,74.16666666666667,False,5562.5,0.0,20000.0,0.0,62.0013176614857,-0.4401349283474576,71.36373976567538,71.39904488972256,1.1542259149774614,305.81688627691426,101323.41862240693,-1.5813775930728298,433.777058020313,61.85881287470207,14958.7678581079,301.25165230034,28.10165230034005,35.0,101325.0,224.01952388034135,32.66688627691428,17.18300357630613,142022.12096656603,19.313403668349146
690.0,11.5,75.0,False,5625.0,0.0,20000.0,0.0,62.02157178987761,-0.44182900170249517,71.39257372899773,71.42534602410888,1.1542130355270244,305.8202619649796,101323.40642557759,-1.5935744224116206,433.5689111356694,61.88229020606703,14958.600940430237,301.25255708515806,28.102557085158082,35.0,101325.0,223.9095301208118,32.6702619649796,17.189525057240843,142183.88769972304,19.510768952145177
695.0,11.583333333333334,75.83333333333333,False,5687.5,0.0,20000.0,0.0,62.041429330885535,-0.44277108071622184,71.41995107916321,71.4510660995699,1.15420046726201,305.82357155514757,101323.39962261291,-1.6003773870907025,433.36685360431375,61.90524794108414,14958.438055715651,301.25346225856146,28.10346225856148,35.0,101325.0,223.80274381121205,32.67357155514759,17.195902205856704,142342.19298305953,19.70835650817489
700.0,11.666666666666666,76.66666666666666,False,5749.999999999999,0.0,20000.0,0.0,62.06096780825203,-0.44126335670857303,71.44394295362972,71.4762269122961,1.154188301396016,305.826827968042,101323.41050326552,-1.5894967344793258,433.17074703177974,61.92770003459924,14958.280386092367,301.25436780860923,28.104367808609254,35.0,101325.0,223.69911097297617,32.676827968042005,17.20213889849979,142497.12521764523,19.906161590258716
705.0,11.75,77.5,False,5812.5,0.0,20000.0,0.0,62.080063208519164,-0.44086662207318417,71.46864885770945,71.50083595471538,1.1541763230796873,305.83001053475317,101323.41336017585,-1.5866398241487332,432.98045941663906,61.94966447061553,14958.125147112747,301.2552737244392,28.1052737244392,35.0,101325.0,223.5985216124335,32.680010534753194,17.208240130726537,142648.8010856348,20.104179594635994
710.0,11.833333333333334,78.33333333333333,False,5875.0,0.0,20000.0,0.0,62.0986804613583,-0.4428087581272257,71.49549316923975,71.52490634916788,1.1541644536258278,305.83311341022636,101323.3993502345,-1.6006497655034764,432.79585994423286,61.97115681779242,14957.971318990727,301.25617999520426,28.106179995204286,35.0,101325.0,223.5008927963129,32.68311341022638,17.21421022716456,142797.32108256625,20.30240606836391
715.0,11.916666666666666,79.16666666666666,False,5937.499999999999,0.0,20000.0,0.0,62.11700014914413,-0.4426603541284815,71.51941371196513,71.54846546181317,1.1541529433726123,305.836166691524,101323.40042294598,-1.5995770540175727,432.6168169427412,61.992187320284906,14957.822146109056,301.25708660958713,28.107086609587157,35.0,101325.0,223.40620486809487,32.68616669152402,17.220052033412475,142942.74931806602,20.50083667280879
720.0,12.0,80.0,False,6000.0,0.0,20000.0,0.0,62.13501606642899,-0.44087361224052507,71.54094449118799,71.57152738981611,1.1541417589767597,305.8391693444048,101323.41330986147,-1.5866901385306846,432.44320469669617,62.01276995060821,14957.677196338807,301.25799355726195,28.107993557261977,35.0,101325.0,223.31438628434978,32.68916934440483,17.2257694307245,143085.1760422926,20.699467176531265
725.0,12.083333333333334,80.83333333333333,False,6062.5,0.0,20000.0,0.0,62.152569380424325,-0.44189149740416517,71.56519441627454,71.59409534633234,1.154130635407877,305.84209489673736,101323.40597473079,-1.5940252692089416,432.27490262591607,62.03292170736854,14957.533034886088,301.2589008287682,28.108900828768242,35.0,101325.0,223.2253233597319,32.69209489673739,17.231367140935706,143224.71285544534,20.898293488265807
730.0,12.166666666666666,81.66666666666666,False,6124.999999999999,0.0,20000.0,0.0,62.16976323902429,-0.44328257531353266,71.58939059271316,71.61619011392537,1.154119707177784,305.84496053983736,101323.3959229259,-1.6040770740946755,432.1117884442517,62.052653350016314,14957.39140502408,301.2598084139905,28.10980841399055,35.0,101325.0,223.13897886034394,32.69496053983738,17.236848152782308,143361.42854409773,21.09731164201549
735.0,12.25,82.5,False,6187.5,0.0,20000.0,0.0,62.18671801391122,-0.4421695140681535,71.61024839308985,71.63783318931678,1.1541091356487851,305.84778633565185,101323.4039683333,-1.5960316667042207,431.95374226001627,62.07197480422456,14957.254398008256,301.26071630302874,28.110716303028767,35.0,101325.0,223.0553219433925,32.69778633565187,17.24221522339571,143495.38641866902,21.29651776351741
740.0,12.333333333333334,83.33333333333333,False,6250.0,0.0,20000.0,0.0,62.203353458816764,-0.44090457567602265,71.63047844084751,71.6590319159193,1.1540987773665852,305.85055890980277,101323.4130869808,-1.5869130192004377,431.80064993431677,62.09090012159132,14957.120154670944,301.26162448699466,28.111624486994685,35.0,101325.0,222.97426580629798,32.700558909802794,17.247472255997586,143626.67870403305,21.495908086519286
745.0,12.416666666666666,84.16666666666666,False,6312.499999999999,0.0,20000.0,0.0,62.21955408951851,-0.44276685312910813,71.65385358283689,71.6797908695279,1.154088435846728,305.85325901491973,101323.39965317363,-1.600346826366149,431.6524002864648,62.109443819994695,14956.986128573595,301.26253295740577,28.11253295740579,35.0,101325.0,222.89571497694305,32.70325901491975,17.25262328333186,143755.40120504523,21.695478975345036
750.0,12.5,85.0,False,6375.0,0.0,20000.0,0.0,62.235501028534145,-0.44325553742298834,71.67522672621739,71.70013461943252,1.1540783668035748,305.855916838089,101323.39611860036,-1.6038813996419776,431.508879976961,62.12761341157342,14956.855633774328,301.26344170495923,28.113441704959257,35.0,101325.0,222.81966023045103,32.705916838089024,17.257670392103726,143881.60139068545,21.895226893814293
755.0,12.583333333333334,85.83333333333333,False,6437.5,0.0,20000.0,0.0,62.25123571716483,-0.4415273669310989,71.69364366617435,71.72007774487989,1.1540686138419116,305.8585392861941,101323.40860068776,-1.5913993122376269,431.36998029160793,62.14541915850452,14956.729235391174,301.2643507211111,28.114350721111123,35.0,101325.0,222.74605372991064,32.70853928619414,17.262616432917923,144005.34606186164,22.09514838510078
760.0,12.666666666666666,86.66666666666666,False,6499.999999999999,0.0,20000.0,0.0,62.26661565971972,-0.441538246380396,71.71365203140482,71.73962185117105,1.1540589410698971,305.86110260995326,101323.40852226109,-1.5914777389116352,431.23559761848287,62.162875134144514,14956.603876265866,301.26525999823974,28.115259998239765,35.0,101325.0,222.67479633920803,32.711102609953286,17.26746531504014,144126.72877997428,22.295240103740944
765.0,12.75,87.5,False,6562.5,0.0,20000.0,0.0,62.28164888075105,-0.44330125588295427,71.7352787500552,71.75877860462187,1.1540493423448992,305.8636081467918,101323.3957877268,-1.6042122732033022,431.10562833842397,62.179991766050534,14956.479476789893,301.26616952842255,28.116169528422574,35.0,101325.0,222.60583329554947,32.71360814679184,17.272219935014036,144245.8180355771,22.4954988168073
770.0,12.833333333333334,88.33333333333333,False,6625.0,0.0,20000.0,0.0,62.29649733053486,-0.44279872091615213,71.75392913797586,71.77756988357949,1.1540400464125833,305.86608288842245,101323.399422798,-1.6005772019998403,430.97996886495025,62.196775672304646,14956.35900150708,301.26707930340115,28.11707930340117,35.0,101325.0,222.53915515178696,32.71608288842248,17.276882131195734,144362.65602961884,22.695921368241464
775.0,12.916666666666666,89.16666666666666,False,6687.499999999999,0.0,20000.0,0.0,62.31113117212715,-0.44101797510306323,71.77074634341578,71.79600405131173,1.1540309905110262,305.86852186202117,101323.41227057662,-1.587729423379642,430.8585206810677,62.2132374621232,14956.2416370229,301.26798931584324,28.11798931584326,35.0,101325.0,222.4746988343349,32.71852186202119,17.28145485058978,144477.31294151707,22.896504680026972
780.0,13.0,90.0,False,6750.0,0.0,20000.0,0.0,62.32539306159708,-0.4422852747634447,71.7907012384699,71.81408041003822,1.1540219182366431,305.8708988435995,101323.40313253655,-1.5968674634495983,430.74118922727956,62.22939033928475,14956.124060346896,301.26889955910696,28.11889955910698,35.0,101325.0,222.41236601109438,32.720898843599514,17.285941760912433,144589.8772618186,23.09724578433484
785.0,13.083333333333334,90.83333333333333,False,6812.5,0.0,20000.0,0.0,62.3394123925749,-0.4434074314902341,71.8101434782962,71.83181773859326,1.1540130102964818,305.87323539876246,101323.39501918122,-1.604980818781769,430.6278779513479,62.24524082283845,14956.008613442405,301.2698100257217,28.119810025721733,35.0,101325.0,222.35214159849696,32.72323539876248,17.29034467301068,144700.39111673244,23.298141804042167
790.0,13.166666666666666,91.66666666666666,False,6874.999999999999,0.0,20000.0,0.0,62.35328620502037,-0.4420446429837134,71.8264007292527,71.84923224478719,1.1540043985900459,305.8755477008367,101323.40486966212,-1.5951303378824377,430.5184929144895,62.26079582761734,14955.897005726994,301.27072070853444,28.120720708534463,35.0,101325.0,222.2940024267021,32.72554770083673,17.294665507671485,144808.89954733214,23.49918992255888
795.0,13.25,92.5,False,6937.5,0.0,20000.0,0.0,62.36691383416246,-0.4410116056038447,71.84270994225335,71.86632624226114,1.153995914434834,305.8778189723604,101323.41231643855,-1.587683561447193,430.4129449948239,62.2760664429713,14955.787051075447,301.27163160131704,28.121631601317063,35.0,101325.0,222.23786990488017,32.72781897236041,17.298907345269807,144915.4768912576,23.70038740619679
800.0,13.333333333333334,93.33333333333333,False,7000.0,0.0,20000.0,0.0,62.380204330549304,-0.442875504361265,71.86202404709482,71.88310248466068,1.1539874044052614,305.8800340550915,101323.39886765418,-1.601132345822407,430.31114688443233,62.29106332552007,14955.676761092189,301.27254269800875,28.122542698008772,35.0,101325.0,222.18366935144354,32.73003405509155,17.303073145977798,145020.19467001164,23.90173162255878
805.0,13.416666666666666,94.16666666666666,False,7062.499999999999,0.0,20000.0,0.0,62.3933391744489,-0.4430599312382183,71.87910564863816,71.8995822305004,1.15397913034709,305.88222319574146,101323.39753385576,-1.6024661442352226,430.21300951692155,62.30579075453009,14955.569529298287,301.2734539917416,28.1234539917416,35.0,101325.0,222.13140514268795,32.73222319574148,17.30716409848058,145123.08003625914,24.10322000777147
810.0,13.5,95.0,False,7125.0,0.0,20000.0,0.0,62.40633872888429,-0.4412047548621229,71.89355093848093,71.91577533955292,1.153971109179232,305.88438978814736,101323.41092542275,-1.5890745772485388,430.11844799616006,62.32025634567523,14955.465574962845,301.2743654764152,28.12436547641522,35.0,101325.0,222.08103662888632,32.73438978814738,17.31118231824312,145224.18357165065,24.304850051943628
815.0,13.583333333333334,95.83333333333333,False,7187.5,0.0,20000.0,0.0,62.419047519062474,-0.4415453499906289,71.91022454657993,71.93167930296433,1.1539630904760738,305.8865079198437,101323.40847105226,-1.5915289477416081,430.027381647006,62.33447143728706,14955.361652569918,301.2752771467535,28.125277146753547,35.0,101325.0,222.0324739010496,32.736507919843746,17.315130954801962,145323.5820389851,24.506619333617678
820.0,13.666666666666666,96.66666666666666,False,7249.999999999999,0.0,20000.0,0.0,62.431507907928335,-0.44313228157547935,71.92804658703568,71.94730507588127,1.1539551254946163,305.88858465132137,101323.39701045735,-1.602989542647265,429.93972896856343,62.34844274818981,14955.258426410226,301.2761889969393,28.126188996939334,35.0,101325.0,221.98568470114608,32.73858465132139,17.31901187449717,145421.32006454875,24.70852551563402
825.0,13.75,97.5,False,7312.5,0.0,20000.0,0.0,62.443865842879404,-0.4423057232429071,71.94282943150893,71.96267047779415,1.1539474236008844,305.89064430714654,101323.40298487499,-1.5970151250076015,429.85540894053145,62.36217439892986,14955.158609867463,301.2771010209377,28.127101020937744,35.0,101325.0,221.94066742211646,32.74064430714657,17.32282622192496,145517.42420993798,24.91056631026908
830.0,13.833333333333334,98.33333333333333,False,7375.0,0.0,20000.0,0.0,62.45606780159869,-0.44061297230723306,71.95635510460072,71.97777931991395,1.1539398907843668,305.8926779669331,101323.41518537661,-1.5848146233911393,429.77434495204164,62.3756747597906,14955.060984565393,301.27801321360533,28.128013213605357,35.0,101325.0,221.89736436687568,32.742677966933115,17.326576322164055,145611.95088788023,25.112739487420342
835.0,13.916666666666666,99.16666666666666,False,7437.499999999999,0.0,20000.0,0.0,62.467963354277344,-0.4421473943296754,71.9733244457227,71.99262852269622,1.153932285836938,305.8946605590462,101323.40412801378,-1.5958719862246653,429.69646334283914,62.3889541928195,14954.962424446718,301.2789255703163,28.128925570316312,35.0,101325.0,221.85569107790747,32.744660559046224,17.33026505356097,145704.9706034376,25.315042905122645
840.0,14.0,100.0,False,7500.0,0.0,20000.0,0.0,62.47970944254723,-0.4429360256794319,71.98919016973234,72.0072360593959,1.1539248359934324,305.8966182404245,101323.3984300176,-1.6015699824056355,429.62168818370594,62.40201598347929,14954.865874474885,301.2798380854803,28.129838085480344,35.0,101325.0,221.81565200836846,32.74661824042454,17.333893328744246,145796.5044169928,25.517474484997948
845.0,14.083333333333334,100.83333333333333,False,7562.5,0.0,20000.0,0.0,62.49137605135547,-0.44129024100201053,72.0020236571619,72.02161363001555,1.15391763639561,305.8985626752259,101323.41030957711,-1.5896904228866333,429.54994636708784,62.414865115488716,14954.772567687107,301.28075075396583,28.130750753965856,35.0,101325.0,221.77722765187167,32.74856267522591,17.3374625320802,145886.58536726117,25.72003218623701
850.0,14.166666666666666,101.66666666666666,False,7624.999999999999,0.0,20000.0,0.0,62.50283369904139,-0.44073181268734984,72.01586973366078,72.03575894301686,1.1539104787635488,305.90047228317354,101323.41433036151,-1.5856696384871611,429.48116893561587,62.42751085873267,14954.679804775591,301.2816635715165,28.131663571516526,35.0,101325.0,221.7403423284793,32.750472283173565,17.340975238536853,145975.27664792511,25.922714034858668
855.0,14.25,102.5,False,7687.5,0.0,20000.0,0.0,62.51403866124883,-0.44254064292932377,72.03220279203038,72.04967549479238,1.1539032857606335,305.9023397768748,101323.40128799474,-1.5987120052595856,429.4152874111433,62.43996042293826,14954.586583457809,301.28257653371173,28.132576533711756,35.0,101325.0,221.7049457918593,32.752339776874805,17.344433450816183,146062.6271283946,26.125518134703334
860.0,14.333333333333334,103.33333333333333,False,7750.0,0.0,20000.0,0.0,62.52516638864108,-0.44224637381126375,72.04590440122448,72.06338172541527,1.1538963141362686,305.9041943981068,101323.40341342735,-1.596586572646629,429.3522321536353,62.45221589026151,14954.49623120604,301.28348963546296,28.13348963546298,35.0,101325.0,221.6710513858506,32.75419439810685,17.347837747294864,146148.649786566,26.328442632560947
865.0,14.416666666666666,104.16666666666666,False,7812.499999999999,0.0,20000.0,0.0,62.53620356175941,-0.440318919437415,72.05751985231176,72.07688279997176,1.153889533463402,305.9060339269599,101323.41729999335,-1.5827000066492474,429.2919374242384,62.464283373498354,14954.40835368569,301.2844028724997,28.13440287249972,35.0,101325.0,221.63861928061763,32.7560339269599,17.351189825971765,146233.38595628104,26.531485712937922
870.0,14.5,105.0,False,7875.0,0.0,20000.0,20.0,62.55013168623486,-0.4411637189246598,94.98221871911659,95.16768182090594,1.1538807080632987,305.9083552810391,101323.41122100494,-1.5887789950647857,429.23218136619573,62.47618766470034,14954.293976500352,301.2853162437652,28.135316243765203,35.0,101325.0,221.60607295391048,32.758355281039144,17.35449657352787,146317.0082998956,26.734645708949156
875.0,14.583333333333334,105.83333333333333,False,7937.5,0.0,20000.0,20.0,62.66192365935126,-0.442673452438267,95.00716003127427,95.1852557596291,1.1538103087582134,305.9269872765585,101323.40032828168,-1.5996717183152214,429.1074594227859,62.496451138551606,14953.381601506448,301.28623124828806,28.136231248288084,35.0,101325.0,221.52816444567486,32.77698727655854,17.360125316264334,146459.4234847861,26.9379626754663
880.0,14.666666666666666,106.66666666666666,False,7999.999999999999,0.0,20000.0,20.0,62.76859045527033,-0.4434764705827525,95.04687718964863,95.21879561737694,1.1537431971513805,305.94476507587837,101323.39451934726,-1.605480652739061,428.9882252600798,62.5303203108581,14952.511835081892,301.2871491075795,28.137149107579546,35.0,101325.0,221.45372775993673,32.79476507587839,17.369533419682806,146697.66812608618,27.14154398908496
885.0,14.75,107.5,False,8062.5,0.0,20000.0,20.0,62.87090778457605,-0.44561892847510726,95.10053397161751,95.26504190527001,1.153678715821897,305.961817964096,101323.3789695558,-1.6210304442065535,428.87387462204146,62.57501902286708,14951.676157051787,301.28806969649094,28.13806969649096,35.0,101325.0,221.3823238081834,32.81181796409601,17.381949728574188,147012.48589140343,27.345509373819326
890.0,14.833333333333334,108.33333333333333,False,8125.0,0.0,20000.0,20.0,62.96912530142902,-0.4486424783556866,95.16496670623627,95.32132555482352,1.1536167436385858,305.97818755023815,101323.35689736012,-1.6431026398786344,428.7642270407884,62.628243808401706,14950.872997556073,301.28899289843287,28.13899289843289,35.0,101325.0,221.31383537424648,32.82818755023817,17.396734391222697,147387.94077168888,27.549954114557586
895.0,14.916666666666666,109.16666666666666,False,8187.499999999999,0.0,20000.0,20.0,63.06356480366651,-0.44969875029099315,95.23471538808768,95.38543559231623,1.1535573149530114,305.99392746727773,101323.34915129785,-1.6508487021492328,428.659114397927,62.68807657485283,14950.102801791028,301.28991860263943,28.139918602639455,35.0,101325.0,221.2481815134613,32.84392746727775,17.413354604125786,147810.77184838668,27.75495322054375
900.0,15.0,110.0,True,8250.0,250000.0,20000.0,20.0,63.15389783223418,-0.4542677967777065,95.31423095000463,95.45551110460302,1.1535001766104176,306.008982972039,101323.31543484743,-1.684565152565483,428.5583822855825,62.7529228344818,14949.36228887101,301.2908467037182,28.14084670371824,35.0,101325.0,221.18523327025719,32.85898297203903,17.431367454022723,148269.94500815115,27.960564829471902
905.0,15.083333333333334,110.83333333333333,True,8312.5,250000.0,20000.0,20.0,63.73529908903538,0.24383974307359252,94.91790963881668,95.83339725636677,1.1531597225979109,306.1058831815059,101325.48536996165,0.48536996165057644,428.46321605044005,62.86121099566297,14944.950004868924,301.29178410467705,28.141784104677072,35.0,101325.0,221.07084856307495,32.9558831815059,17.46144749879527,149038.84634593886,28.16702926791224
910.0,15.166666666666666,111.66666666666666,True,8375.0,250000.0,20000.0,20.0,64.283935707321,0.2326669904989057,95.12154180880117,95.99678906989699,1.1528148610636126,306.1973226178868,101325.44190962015,0.4419096201454522,428.37189811761186,63.03897732307997,14940.48059938442,301.29273691842786,28.142736918427886,35.0,101325.0,220.957633061317,33.047322617886834,17.510827034188882,150306.83410795368,28.374908212671887
915.0,15.25,112.5,True,8437.5,250000.0,20000.0,20.0,64.8096005622375,0.22072352314852156,95.38830768853718,96.22391463954816,1.152484603099012,306.28493342703956,101325.39770509119,0.3977050911926199,428.2840634298294,63.27185796627324,14936.200456163195,301.29370447136677,28.14370447136679,35.0,101325.0,220.8490403507673,33.134933427039584,17.575516101742565,151978.800763817,28.58482879244395
920.0,15.333333333333334,113.33333333333333,True,8500.0,250000.0,20000.0,20.0,65.31352691852419,0.21439887384728637,95.70457855072186,96.50833818877337,1.1521684064582094,306.36892115308734,101325.37523981312,0.3752398131182417,428.1994670632852,63.5479553512977,14932.102547698392,301.29468613857193,28.144686138571956,35.0,101325.0,220.7448370133393,33.218921153087365,17.652209819804916,153977.05026116307,28.797298133433518
925.0,15.416666666666666,114.16666666666666,True,8562.5,250000.0,20000.0,20.0,65.79646276284097,0.19961678893761847,96.05900989972314,96.8223149664825,1.1518652200993402,306.4494104604735,101325.3252805096,0.3252805095980875,428.11790875969615,63.85736598733915,14928.17325248745,301.2956813255783,28.145681325578323,35.0,101325.0,220.64471553648374,33.299410460473496,17.73815721870532,156237.1298923394,29.012724647429007
930.0,15.5,115.0,True,8625.0,250000.0,20000.0,0.0,66.25771618845772,0.19552896916497325,73.53205941270272,74.14696353508226,1.1515761870319918,306.5262860314096,101325.31209451251,0.31209451251197606,428.04082453349764,64.19184233119555,14924.427383934613,301.29668946266196,28.146689462661982,35.0,101325.0,220.549632079519,33.37628603140962,17.831067314220984,158705.05913661822,29.23143450092134
935.0,15.583333333333334,115.83333333333333,True,8687.5,250000.0,20000.0,0.0,66.62974119749447,0.18000999146983387,73.92914894019725,74.51317892080951,1.151342752602959,306.5882901995824,101325.26451915942,0.2645191594201606,428.0257441515792,64.53849260243621,14921.402073734347,301.29770893831153,28.147708938311553,35.0,101325.0,220.49715611820602,33.43829019958241,17.92735905623228,161290.096986033,29.453653359339846
940.0,15.666666666666666,116.66666666666666,True,8750.0,250000.0,20000.0,0.0,66.98994381732268,0.18409869462158002,74.32964263406005,74.90576272597444,1.1511174876877914,306.64832396955376,101325.27667207642,0.2766720764193451,428.01104301598394,64.88811463473628,14918.482640433778,301.2987383935027,28.148738393502697,35.0,101325.0,220.44644315067433,33.49832396955378,18.024476287426744,163925.57560198868,29.67949757641486
945.0,15.75,117.5,True,8812.5,250000.0,20000.0,0.0,67.3378382761124,0.1713360516692619,74.730875169718,75.28000813039677,1.1508994498789804,306.70630637935204,101325.2396411641,0.23964116409479175,427.9969436210182,65.23838165938936,14915.656870431587,301.2997774878631,28.149777487863105,35.0,101325.0,220.39742700359608,33.556306379352066,18.121772683163712,166594.54926781284,29.909025440907776
950.0,15.833333333333334,118.33333333333333,True,8875.0,250000.0,20000.0,0.0,67.67408525713336,0.16134301686703378,75.13064596362643,75.65631651548965,1.150688888551187,306.76234754285554,101325.21250260483,0.21250260483066086,427.9834362466814,65.58737261620668,14912.927995623382,301.30082588975023,28.15082588975025,35.0,101325.0,220.35015011345442,33.61234754285556,18.218714615612967,169282.4561057674,30.142273361306096
955.0,15.916666666666666,119.16666666666666,True,8937.5,250000.0,20000.0,0.0,67.99909189323512,0.1596019950048169,75.52715111501655,76.0391823929742,1.1504856851978271,306.81651531553916,101325.20794119845,0.20794119844504166,427.9705164168654,65.93351274018563,14910.29448016384,301.30188327695197,28.15188327695199,35.0,101325.0,220.30458718059108,33.666515315539186,18.314864650051565,171976.81167892035,30.379258963934348
960.0,16.0,120.0,True,9000.0,250000.0,20000.0,20.0,68.3130766260615,0.1601409807718609,98.82902060561003,99.42603771986576,1.1502895071785226,306.86884610434356,101325.20934803039,0.20934803038835526,427.95820885048886,66.27552334493518,14907.752013033654,301.3029493371728,28.1529493371728,35.0,101325.0,220.2606869445111,33.718846104343584,18.409867595815328,174666.95447036496,30.619983801538016
965.0,16.083333333333332,120.83333333333333,True,9062.5,250000.0,20000.0,20.0,68.67215947951149,0.14115201679869097,99.21996920201464,99.77727142510136,1.1500646854375494,306.9286932465852,101325.16264401507,0.16264401507214643,427.8869208430395,66.61681272075907,14904.83832327064,301.304024548743,28.154024548742996,35.0,101325.0,220.1809542419043,33.77869324658525,18.504670200210853,177379.244386083,30.864460328521663
970.0,16.166666666666668,121.66666666666666,True,9125.0,250000.0,20000.0,20.0,69.01689583388566,0.14309469277875222,99.6127866778704,100.15514254340671,1.1498494884948383,306.9861493056476,101325.1671517641,0.16715176409343258,427.81766864720976,66.95973358652114,14902.049370893103,301.3051093390752,28.15510933907524,35.0,101325.0,220.10412563769992,33.83614930564761,18.599925996255873,180132.63482555273,31.112732466863076
975.0,16.25,122.5,True,9187.5,250000.0,20000.0,20.0,69.34701191159365,0.1419791342679623,100.00458047116305,100.52911980890178,1.1496434151159263,307.04116865193225,101325.16455571075,0.16455571075493935,427.75097014596724,67.30176080031407,14899.378659902404,301.30620329470037,28.15620329470039,35.0,101325.0,220.03037011121535,33.891168651932276,18.6949335556428,182907.085891046,31.36484338402738
980.0,16.333333333333332,123.33333333333333,True,9250.0,250000.0,20000.0,20.0,69.66304085767047,0.13445195238866323,100.39299473915189,100.89295919630563,1.1494460402481657,307.09384014294506,101325.14757002042,0.14757002041733358,427.6867656416485,67.64083776414542,14896.820681616227,301.3073060167519,28.15730601675193,35.0,101325.0,219.9595740980232,33.94384014294508,18.789121601151503,185685.58237534194,31.62081051476793
985.0,16.416666666666668,124.16666666666666,True,9312.5,250000.0,20000.0,20.0,69.96553994513772,0.12021578785227216,100.77613092533525,101.24439875182004,1.1492570275440077,307.14425665752293,101325.11797416856,0.11797416856279597,427.6250015477635,67.97530708067607,14894.371076970341,301.3084171215151,28.15841712151513,35.0,101325.0,219.8916442780442,33.99425665752295,18.88202974463224,188453.75051705775,31.880629495943204
990.0,16.5,125.0,False,9375.0,120000.0,20000.0,20.0,70.25570312222692,0.1346987256782782,101.1524859716518,101.62266075270743,1.1490764447989699,307.1926171870378,101325.14811221795,0.1481122179538943,427.56562834651004,68.30385661385463,14892.03072459465,301.3095362418226,28.15953624182265,35.0,101325.0,219.8265668497661,34.04261718703782,18.97329350384851,191199.57725150665,32.14427764022693
995.0,16.583333333333332,125.83333333333333,False,9437.5,116712.5372539618,20000.0,20.0,70.27397347806823,-0.24888369594211868,101.78245902874046,101.81216641369022,1.1490576406472597,307.1956622463447,101324.49434208893,-0.5056579110678285,427.507957501015,68.60492529890827,14891.787022788485,301.31065941012196,28.16065941012198,35.0,101325.0,219.79331935054572,34.045662246344705,19.056923694141187,193739.0374628905,32.41159612266748
1000.0,16.666666666666668,126.66666666666666,False,9500.0,113515.13626881185,20000.0,20.0,70.28737705197545,-0.2592798213520591,102.08918066155881,102.10710764586605,1.1490487956918045,307.1978961753292,101324.45121611624,-0.5487838837580057,427.4526772856662,68.86229029498327,14891.672392165787,301.31178282518215,28.161782825182172,35.0,101325.0,219.76320665116438,34.04789617532924,19.128413970828685,195927.60912722122,32.682197960577284
1005.0,16.75,127.5,False,9562.5,110405.32975551879,20000.0,20.0,70.29472732559316,-0.2690844217212135,102.35177531444828,102.35879786418782,1.1490437339589756,307.19912122093217,101324.40892713459,-0.5910728654125705,427.39986696694774,69.08172495011608,14891.606792108323,301.31290631778194,28.16290631778196,35.0,101325.0,219.73508768698966,34.04912122093219,19.189368041698913,197806.59633276777,32.95562449214672
1010.0,16.833333333333332,128.33333333333331,False,9624.999999999998,107380.71801772437,20000.0,20.0,70.29649478059548,-0.27425212582044634,102.57124647351365,102.57288759260393,1.1490423722046035,307.1994157967659,101324.38600629782,-0.6139937021798687,427.3495519623416,69.26815065644887,14891.58914377166,301.31402972466674,28.16402972466676,35.0,101325.0,219.70895932353613,34.04941579676591,19.241152960124687,199412.3396374226,33.23147097545935
1015.0,16.916666666666668,129.16666666666666,False,9687.5,104438.96710000686,20000.0,20.0,70.29281368857471,-0.28454584321370174,102.7636195781069,102.75418447553699,1.1490441344963267,307.1988022814291,101324.3390503111,-0.6609496888995636,427.30174460580815,69.42579435434686,14891.611983072395,301.31515289362153,28.165152893621553,35.0,101325.0,219.68471753551134,34.04880228142912,19.284942876207463,200776.9363393626,33.509380194887676
1020.0,17.0,130.0,False,9750.0,101577.8069868737,20000.0,0.0,70.28420395671537,-0.28972197911887765,80.01121964207,79.92589041276527,1.1490492266426255,307.1973673261192,101324.31478510053,-0.685214899465791,427.2565358743468,69.55828223852382,14891.677977288427,301.3162756812102,28.16627568121021,35.0,101325.0,219.66244824591416,34.04736732611923,19.321745066256614,201928.5820696158,33.78903680489391
1025.0,17.083333333333332,130.83333333333331,False,9812.499999999998,98795.02985109364,20000.0,0.0,70.22840751745059,-0.2992437922279073,80.14484074822671,80.0513710745221,1.1490834922713486,307.1880679195751,101324.26900532909,-0.7309946709137876,427.2678263776908,69.66540866085167,14892.12205983668,301.3173973680791,28.16739736807915,35.0,101325.0,219.6748036491265,34.0380679195751,19.35150240579213,202862.98778583095,34.07014206173797
1030.0,17.166666666666668,131.66666666666666,False,9875.0,96088.48835001697,20000.0,0.0,70.16934003598817,-0.30409121289871205,80.2441015704541,80.1479215624331,1.149120047834505,307.17822333933134,101324.24513089174,-0.7548691082629375,427.2806503707466,69.74721371667856,14892.595819935184,301.31851723988416,28.16851723988418,35.0,101325.0,219.68838563692182,34.02822333933136,19.37422603241071,203578.46680317595,34.35239307186923
1035.0,17.25,132.5,False,9937.5,93456.09396856859,20000.0,0.0,70.10776394223296,-0.3081326685934802,80.31742821375036,80.21949961895713,1.1491582116107832,307.1679606570388,101324.22493272282,-0.7750672771799145,427.2942284299634,69.80718477964221,14893.09042247575,301.31963522457306,28.169635224573085,35.0,101325.0,219.70266323068557,34.01796065703883,19.390884661011725,204104.04984674687,34.6355059306539
1040.0,17.333333333333332,133.33333333333331,False,9999.999999999998,90895.81540763598,20000.0,0.0,70.04377490923423,-0.31532437801799407,80.3727681839397,80.26950963232368,1.1491976965165807,307.1572958182057,101324.18833091125,-0.8116690887545701,427.30859759895037,69.84830362576831,14893.602146854886,301.3207512554383,28.170751255438347,35.0,101325.0,219.71760065766085,34.007295818205705,19.40230656271342,204464.93537032773,34.9192343926102
1045.0,17.416666666666668,134.16666666666666,False,10062.5,88405.67701660791,20000.0,0.0,69.97766919606659,-0.3217786965362997,80.40859131446864,80.30088472507128,1.1492385385589583,307.1462781993444,101324.15476302413,-0.8452369758742861,427.3237845241797,69.87312209853437,14894.1314597241,301.3218652708237,28.17186527082373,35.0,101325.0,219.73321857159445,33.99627819934443,19.409200582926214,204682.9640318216,35.20336487830614
1050.0,17.5,135.0,False,10125.0,85983.75726885471,20000.0,0.0,69.90962472517822,-0.3278589584385743,80.42782286343945,80.3161312383117,1.1492806076587245,307.13493745419635,101324.12251839487,-0.8774816051300149,427.33980985081536,69.88383054851069,14894.67667525707,301.32297721458,28.172977214580044,35.0,101325.0,219.74950278933792,33.98493745419637,19.412175152364078,204777.08491024026,35.4877121345159
1055.0,17.583333333333332,135.83333333333331,False,10187.499999999998,83628.18727897346,20000.0,0.0,69.8398426011405,-0.3328225932839192,80.43176810108447,80.31740505049507,1.1493238257388194,307.12330710019006,101324.0957479298,-0.9042520702059846,427.35668793516794,69.882311017841,14895.236781575099,301.3240870356324,28.174087035632397,35.0,101325.0,219.76644583790286,33.973307100190084,19.41175306051139,204763.72738707476,35.77211547638903
1060.0,17.666666666666668,136.66666666666666,False,10250.0,81337.14936065403,20000.0,0.0,69.76846545443311,-0.33772272963899025,80.42348978588085,80.30655664840839,1.1493680413989653,307.11141090907216,101324.06892537049,-0.9310746295086574,427.3744285774066,69.87018409756932,14895.80981653059,301.3251946878855,28.17519468788555,35.0,101325.0,219.7840238816747,33.961410909072185,19.408384471547034,204657.14580118775,36.05643552721422
1065.0,17.75,137.5,False,10312.5,79108.87562405325,20000.0,0.0,69.6956766228634,-0.3419018822207209,80.40383504306931,80.28518527739335,1.1494131823502074,307.0992794371439,101324.04573961579,-0.9542603842128301,427.3930368382943,69.84884679435648,14896.394843258688,301.3263001298172,28.176300129817207,35.0,101325.0,219.80222577446858,33.9492794371439,19.4024574428768,204469.70541289795,36.340551396112886
1070.0,17.833333333333332,138.33333333333331,False,10374.999999999998,76941.64661159455,20000.0,0.0,69.62162622598908,-0.3455956262661418,80.374456737396,80.25466995814473,1.1494591417540418,307.0869377043315,101324.02500949474,-0.974990505259484,427.4125144391069,69.81950644690023,14896.990477132382,301.3274033244036,28.1774033244036,35.0,101325.0,219.82103204557822,33.93693770433151,19.394307346361177,204212.14815185862,36.62435823886619
1075.0,17.916666666666668,139.16666666666666,False,10437.5,74833.78997114078,20000.0,0.0,69.54646690809898,-0.34868892416734504,80.33642055754211,80.21620511840283,1.1495058329957046,307.0744111513498,101324.0074778299,-0.9925221700978,427.432859981884,69.78320841517868,14897.595595624332,301.3285042388597,28.178504238859716,35.0,101325.0,219.84042548614292,33.92441115134983,19.384224559771855,203893.8139310339,36.90776515697931
1080.0,18.0,140.0,False,10500.0,72783.679165516,20000.0,0.0,69.47031196661874,-0.3521261977467971,80.29184797514944,80.17082387393869,1.1495531250722824,307.0617186611031,101323.98781339478,-1.012186605221359,427.45406985289003,69.74086027463728,14898.20850093678,301.32960284450775,28.17960284450777,35.0,101325.0,219.86037925656825,33.91171866110312,19.372461187399246,203522.83850908797,37.19069338784051
1085.0,18.083333333333332,140.83333333333331,False,10562.499999999998,70789.73221738076,20000.0,0.0,69.39324819278602,-0.35744041819142336,80.2433998213441,80.11942246255437,1.1496008620372613,307.04887469879765,101323.9570314077,-1.0429685923008947,427.47613851348655,69.69325190011688,14898.827172002906,301.3306991165716,28.180699116571645,35.0,101325.0,219.88086075247577,33.89887469879767,19.359236638921356,203106.32033505896,37.473074748148946
1090.0,18.166666666666668,141.66666666666666,False,10625.0,68850.41048849192,20000.0,0.0,69.31546185750267,-0.362651846763636,80.18959503395727,80.06279046647839,1.149649055591086,307.03591030958376,101323.92639704522,-1.0736029547842918,427.49905759737084,69.6410700962256,14899.451760460477,301.33179303358304,28.181793033583062,35.0,101325.0,219.90186797654917,33.88591030958378,19.344741693396,202650.4431691543,37.75485027836021
1095.0,18.25,142.5,False,10687.5,66964.21749240565,20000.0,0.0,69.23714283254958,-0.365551585182263,80.128590582023,80.0016191643111,1.1496977376826247,307.02285713875824,101323.90915949854,-1.09084050146339,427.52281715799967,69.58491483645558,14900.082680366815,301.3328845774797,28.18288457747974,35.0,101325.0,219.92340199265118,33.87285713875826,19.32914301012655,202160.61520442402,38.035969068897415
1100.0,18.333333333333332,143.33333333333331,False,10749.999999999998,65129.69773970663,20000.0,0.0,69.15838670939672,-0.36676507229801314,80.06170675208062,79.9365071390309,1.149746810016585,307.00973111823276,101323.90190515708,-1.0980948429205455,427.54740690874206,69.52531326255892,14900.718657814943,301.3339737337003,28.183973733700327,35.0,101325.0,219.94543877568566,33.85973111823279,19.312587017377478,201641.59006462115,38.31638726700093
1105.0,18.416666666666668,144.16666666666666,False,10812.5,63345.43561487318,20000.0,0.0,69.07913444628241,-0.3715516643126337,79.99550193758886,79.86796726402834,1.1497959511940965,306.9965224077137,101323.8730560061,-1.1269439939060248,427.5728170649138,69.46273134905644,14901.35552747549,301.3350604912061,28.185060491206116,35.0,101325.0,219.9679118724718,33.846522407713735,19.29520315251568,201097.56830468326,38.59606723809072
1110.0,18.5,145.0,False,10875.0,61610.05428391104,20000.0,0.0,68.9996124459235,-0.37591338047697836,79.9258608352195,79.79647421109517,1.1498452903532332,306.9832687409872,101323.84644188064,-1.153558119360241,427.5990340987601,69.39757450898603,14901.994962977904,301.33614484095835,28.186144840958377,35.0,101325.0,219.99083908669508,33.83326874098725,19.277104030273897,200532.20346667652,38.87497680182083
1115.0,18.583333333333332,145.83333333333331,False,10937.499999999998,59922.21463191314,20000.0,0.0,68.92002642441662,-0.3764608346685456,79.84931111346482,79.72244699399906,1.149894937620325,306.9700044040694,101323.84307950988,-1.1569204901170451,427.6260439619865,69.33020086076942,14902.63839155941,301.3372267766859,28.187226776685918,35.0,101325.0,220.01423432182662,33.82000440406944,19.258389127991506,199948.71878818833,39.1530885533867
1120.0,18.666666666666668,146.66666666666666,False,11000.0,58280.614229725485,20000.0,0.0,68.84022949214841,-0.38050700043101193,79.7746004167928,79.64622832318835,1.1499444752672732,306.95670491535805,101323.81807691937,-1.1819230806286214,427.65383560942007,69.26093392872448,14903.280399463862,301.33830629575135,28.188306295751374,35.0,101325.0,220.03801202799949,33.80670491535807,19.239148313534578,199350.0185872151,39.43037934323073
1125.0,18.75,147.5,False,11062.5,56683.98632892176,20000.0,0.0,68.7604323245904,-0.38412416629411883,79.69755130393425,79.56815076775193,1.149994044872989,306.9434053874317,101323.79549897852,-1.2045010214787908,427.68239390918814,69.19005461157829,14903.922821553939,301.3393833967914,28.189383396791413,35.0,101325.0,220.0621915595256,33.79340538743173,19.219459614327302,198738.62032707175,39.70682978692121
1130.0,18.833333333333332,148.33333333333331,False,11124.999999999998,55131.0988843112,20000.0,0.0,68.680816581935,-0.3842227383467395,79.61491141059695,79.48850948209349,1.1500437547233233,306.93013609698914,101323.79488071296,-1.20511928704218,427.71170364805454,69.11781326199782,14904.56706121427,301.3404580807793,28.190458080779308,35.0,101325.0,220.0867858633337,33.78013609698917,19.199392572777175,198116.7609654314,39.98242380170767
1135.0,18.916666666666668,149.16666666666666,False,11187.5,53620.75360322519,20000.0,0.0,68.60117281410635,-0.38936315966386936,79.5367510961351,79.40753648928693,1.150093124930452,306.91686213568437,101323.76241901956,-1.237580980436178,427.7417533547046,69.04444063526493,14905.206899098659,301.34153035202166,28.191530352021687,35.0,101325.0,220.11169724825308,33.76686213568439,19.179011287573594,197486.49270003662,40.2571482834198
1140.0,19.0,150.0,False,11250.0,52151.785020849384,20000.0,0.0,68.52189294548452,-0.38983531474642286,79.4521711210994,79.32548745250362,1.150142606505896,306.9036488242474,101323.75941573369,-1.2405842663138174,427.7725251742578,68.97013205474792,14905.84818031641,301.34260021488086,28.192600214880883,35.0,101325.0,220.13700288477435,33.75364882424742,19.158370015207755,196849.5484648856,40.530992756451
1145.0,19.083333333333332,150.83333333333331,False,11312.499999999998,50723.05960088743,20000.0,0.0,68.44278970823348,-0.39317889860299904,79.37002119935586,79.2425466906997,1.1501917734941314,306.8904649513722,101323.73804370362,-1.2619562963809585,427.8040070795686,68.89507342760004,14906.485384483944,301.34366767741693,28.193667677416954,35.0,101325.0,220.16261510209682,33.740464951372246,19.137520396555566,196207.56695725897,40.80394908660526
1150.0,19.166666666666668,151.66666666666666,False,11375.0,49333.474860862494,20000.0,0.0,68.36406618867068,-0.395142172127366,79.28561403572124,79.15891045531313,1.1502408066896217,306.8773443647784,101323.72540950046,-1.2745904995390447,427.8361829252908,68.8194245891271,14907.120854697498,301.3447327481379,28.194732748137938,35.0,101325.0,220.18856023365197,33.727344364778446,19.11650683031308,195561.95115992933,41.07601125196442
1155.0,19.25,152.5,False,11437.5,47981.95852138168,20000.0,0.0,68.28574601634637,-0.39670218826369086,79.20023764858304,79.07474234757841,1.1502896210364535,306.86429100272437,101323.71532550063,-1.284674499373068,427.8690383814405,68.74333289761333,14907.753488632437,301.34579543774976,28.19579543774978,35.0,101325.0,220.21481466065228,33.714291002724394,19.095370249337037,194913.98616851706,41.347175097331395
1160.0,19.333333333333332,153.33333333333331,False,11499.999999999998,46667.46767870675,20000.0,0.0,68.2078237798413,-0.39954829574658113,79.11598017366934,78.9901876560627,1.1503380953585964,306.85130396330686,101323.69682579074,-1.3031742092571221,427.90255942758614,68.66693190008542,14908.38171584741,301.3468557585262,28.196855758526226,35.0,101325.0,220.24134800155133,33.701303963306884,19.074147750023727,194264.82887554448,41.617438163334214
1165.0,19.416666666666668,154.16666666666666,False,11562.5,45388.98799999267,20000.0,0.0,68.13046593168474,-0.40024553305369603,79.02904148255622,78.90539189981862,1.1503863794743212,306.8384109886141,101323.69227357772,-1.307726422281121,427.93673026939797,68.59033913099276,14909.007477987203,301.3479137235817,28.197913723581735,35.0,101325.0,220.26818084086582,33.68841098861412,19.05287198083132,193615.49053053855,41.8867994962551
1170.0,19.5,155.0,False,11625.0,44145.53294057308,20000.0,0.0,68.05356486072174,-0.4032339409921009,78.94463556289026,78.82046559131443,1.1504342113372898,306.8255941434536,101323.6726725619,-1.3273274381062947,427.97153805959044,68.51366624406258,14909.627378931276,301.34896934820017,28.198969348200194,35.0,101325.0,220.2952564200005,33.67559414345362,19.03157395668405,192966.92381047193,42.155259506214136
1175.0,19.583333333333332,155.83333333333331,False,11687.499999999998,42936.142982688616,20000.0,0.0,67.9773253744354,-0.40379757408895384,78.8574695024907,78.73553379714649,1.1504818141282318,306.8128875624059,101323.66895934008,-1.3310406599193811,428.00696673410346,68.43700859088129,14910.244311101884,301.35002264784254,28.20002264784256,35.0,101325.0,220.3226092296666,33.6628875624059,19.010280164133693,192319.93550328896,42.422819825182025
1180.0,19.666666666666668,156.66666666666666,False,11750.0,41759.88489507063,20000.0,0.0,67.90163473121618,-0.40630182689705235,78.77265000765581,78.65068567011389,1.150528931943162,306.8002724552027,101323.65239857518,-1.347601424815366,428.043003702546,68.36045881721414,14910.854957983378,301.35107364010645,28.201073640106472,35.0,101325.0,220.35018380636782,33.650272455202696,18.989016338115036,191675.30242861636,42.68948318485696
1185.0,19.75,157.5,False,11812.5,40615.851012809064,20000.0,0.0,67.82664719704417,-0.40734063084097627,78.68636611683223,78.56602330623859,1.1505757238489343,306.7877745328407,101323.64549886095,-1.354501139052445,428.0796336553068,68.28409610748399,14911.461381082188,301.3521223427362,28.20212234273623,35.0,101325.0,220.37800275084996,33.637774532840695,18.967804474301108,191033.68145678125,42.95525331255516
1190.0,19.833333333333332,158.33333333333331,False,11874.999999999998,39503.15853694867,20000.0,0.0,67.75233189135884,-0.4087413596488526,78.60079758557966,78.48162562676019,1.1506220717308093,306.7753886485598,101323.63616735439,-1.3638326456130017,428.11684339714157,68.20799596578671,14912.06204963129,301.3531687750097,28.203168775009715,35.0,101325.0,220.40603666573875,33.625388648559806,18.946665546051864,190395.69272965525,43.22013482240684
1195.0,19.916666666666668,159.16666666666666,False,11937.5,38420.94885327318,20000.0,0.0,67.67870829419701,-0.4108015813020429,78.51636314229341,78.39756858366825,1.1506679403673992,306.7631180490328,101323.6223841698,-1.3776158302061958,428.15461934860343,68.13222636465957,14912.656507161493,301.35421295691833,28.204212956918354,35.0,101325.0,220.43427182619843,33.613118049032835,18.92561843462766,189761.88788395605,43.48413314227741
1200.0,20.0,160.0,False,12000.0,37368.386869751725,20000.0,0.0,67.60590687291733,-0.41061149532432006,78.42979775438481,78.3139303191269,1.1507134696446044,306.75098447881953,101323.62365877476,-1.376341225244687,428.19294699861786,68.05684680419532,14913.246566594074,301.35525490884316,28.205254908843187,35.0,101325.0,220.4627275719462,33.600984478819555,18.90467966783203,189132.74297374033,43.747254413706365
1205.0,20.083333333333332,161.16666666666666,False,12087.5,36344.66037213629,20000.0,0.0,67.53377711063752,-0.41382867910972887,78.34765323107462,78.2307593801987,1.150758322174964,306.7389628517729,101323.60200672936,-1.3979932706424734,428.2320776176952,67.9819192898301,14913.827855387533,301.35629465320284,28.20629465320286,35.0,101325.0,220.49146865014774,33.58896285177292,18.88386646939725,188508.7506436061,44.00950545094063
1210.0,20.166666666666668,162.33333333333334,False,12175.0,35348.97939721288,20000.0,0.0,67.46265171678272,-0.4123793565190749,78.26073999716984,78.14814301101788,1.1508029071155397,306.72710861946376,101323.61178176585,-1.3882182341476437,428.27224795713425,67.9074953042084,14914.405676217393,301.3573322122996,28.207332212299605,35.0,101325.0,220.52069538267529,33.577108619463786,18.863193140057888,187890.31183237734,44.27089368877117
1215.0,20.25,163.5,False,12262.5,34380.57562322281,20000.0,0.0,67.39220547957359,-0.415940785773569,78.18021210277884,78.06611385392735,1.1508466862353177,306.7153675799289,101323.58770010392,-1.4122998960810946,428.3134357144725,67.83363482524283,14914.973053609718,301.3583676113394,28.20836761133944,35.0,101325.0,220.55029318562814,33.56536757992893,18.84267634034523,187277.8943249866,44.531427165269335
1220.0,20.333333333333332,164.66666666666666,False,12350.0,33438.7017769837,20000.0,0.0,67.32278648923682,-0.41522469592042455,78.09547617275008,77.98475233427175,1.1508901549790076,306.7037977482061,101323.592558791,-1.407441208997625,428.3556115262779,67.76037834444261,14915.536408527938,301.35940087371677,28.20940087371679,35.0,101325.0,220.58034191089473,33.55379774820614,18.822327317900726,186671.80081025793,44.791114453557704
1225.0,20.416666666666668,165.83333333333334,False,12437.5,32522.631057252736,20000.0,0.0,67.25417187573953,-0.4168956967380337,78.01422100844798,77.90408803034722,1.1509329397774761,306.6923619792899,101323.58120798401,-1.418792015989311,428.3987528862443,67.68777340355675,14916.09089951609,301.3604320252031,28.210432025203147,35.0,101325.0,220.61075840286105,33.54236197928992,18.802159278765764,186072.38954873112,45.04996458575145
1230.0,20.5,167.0,False,12525.0,31631.656573887212,20000.0,0.0,67.18646805935805,-0.41835111577700884,77.933506862045,77.82417203581163,1.1509751742751817,306.681078009893,101323.57128444023,-1.4287155597703531,428.44283419595394,67.61585634096829,14916.638258606354,301.3614610908434,28.211461090843443,35.0,101325.0,220.6415551141751,33.53107800989301,18.78218231693564,185479.92360647532,45.307987025442564
1235.0,20.583333333333332,168.16666666666666,False,12612.5,30765.090802369472,20000.0,0.0,67.11977245262085,-0.4172173541575932,77.85065189204657,77.74505019113795,1.1510169817782394,306.6699620754368,101323.57901779094,-1.420982209063368,428.48783048028235,67.54465956794779,14917.180083845984,301.36248809603046,28.212488096030484,35.0,101325.0,220.6727428435102,33.51996207543681,18.76240543554105,184894.63166403188,45.56519157771375
1240.0,20.666666666666668,169.33333333333334,False,12700.0,29922.265053275547,20000.0,0.0,67.05384490021845,-0.4204480186118899,77.77366277523836,77.66673789901829,1.1510579730067092,306.6589741500364,101323.55692623384,-1.4430737661605235,428.53372110616584,67.47421912741973,14917.711330166952,301.3635130676322,28.21351306763222,35.0,101325.0,220.70423634927621,33.50897415003641,18.74283864650548,184316.77036385686,45.82158838467756
1245.0,20.75,170.5,False,12787.5,29102.52895627784,20000.0,0.0,66.98901214860189,-0.4192271741612533,77.69246451609773,77.58929161544893,1.1510986282696394,306.6481686914336,101323.56529450159,-1.4347054984100396,428.58047956414106,67.40455570873463,14918.238222374526,301.3645360308041,28.21453603080414,35.0,101325.0,220.736114081635,33.49816869143365,18.72348769687073,183746.46880253096,46.07718785632089
1250.0,20.833333333333332,171.66666666666666,False,12875.0,28305.249958284003,20000.0,0.0,66.92501995255441,-0.42080040936609625,77.61539131494628,77.51271876624413,1.1511385428425978,306.6375033254257,101323.5545062488,-1.445493751205504,428.6280864444607,67.33569929370606,14918.755515240066,301.3655570129211,28.215557012921124,35.0,101325.0,220.76828845062673,33.487503325425735,18.70436091491835,183183.93103008938,46.33200063398243
1255.0,20.916666666666668,172.83333333333334,False,12962.5,27529.812835324352,20000.0,0.0,66.86198363573294,-0.4221433106496104,77.53900099458947,77.4370529746013,1.15117787966011,306.62699727262213,101323.54526551244,-1.454734487560927,428.6765186506823,67.26766935225068,14919.265320395027,301.3665760402697,28.21657604026973,35.0,101325.0,220.80077880949537,33.47699727262216,18.685463708958522,182629.27402064606,46.58603758193433
1260.0,21.0,174.0,False,13050.0,26775.619217811578,20000.0,0.0,66.80000707676402,-0.42053508786422233,77.46019642553651,77.36232404626618,1.1512167867019738,306.6166678461273,101323.55632848878,-1.4436715112242382,428.7257536905983,67.20048294977971,14919.76955565758,301.36759313929974,28.217593139299765,35.0,101325.0,220.83360196509392,33.466667846127336,18.666800819383255,182082.59449129266,46.83930971284539
1265.0,21.083333333333332,175.16666666666666,False,13137.5,26042.087128806084,20000.0,0.0,66.73882009067518,-0.4235198895412965,77.38764559305159,77.28853015497818,1.151254842872635,306.6064700151125,101323.5357624748,-1.4642375252005877,428.7757738953469,67.13416289492102,14920.262763629351,301.3686083378852,28.2186083378852,35.0,101325.0,220.8666680429309,33.45647001511253,18.648378581922504,181544.0352341688,47.09182820571029
1270.0,21.166666666666668,176.33333333333334,False,13225.0,25328.650534930825,20000.0,0.0,66.67872530333045,-0.4228454377939205,77.31190512542295,77.21571188522388,1.1512925046566453,306.5964542172217,101323.54042233255,-1.4595776674541412,428.8265554324055,67.06871761338552,14920.750860350125,301.36962166198333,28.219621661983354,35.0,101325.0,220.9000523355283,33.44645421722174,18.630199337051533,181013.62174088595,47.34360435638742
1275.0,21.25,177.5,False,13312.5,24634.758909589113,20000.0,0.0,66.619565545157,-0.42287861499253165,77.23799588863568,77.14387174519774,1.1513295281272014,306.58659425752614,101323.54019328149,-1.4598067185143009,428.8780802802576,67.00416332644838,14921.23068452853,301.37063313919475,28.220633139194774,35.0,101325.0,220.93369876263483,33.43659425752617,18.612267590680105,180491.4426008059,47.594649539958034
1280.0,21.333333333333332,178.66666666666666,False,13400.0,23959.876808148223,20000.0,0.0,66.56128634917764,-0.425128912357554,77.16766111691771,77.07301845245007,1.151365828401679,306.57688105819625,101323.52461557451,-1.4753844254883006,428.9303297015086,66.94051234735922,14921.70113608576,301.37164279680286,28.221642796802882,35.0,101325.0,220.9675813738086,33.42688105819627,18.594586763155338,179977.55451979017,47.84497523240289
1285.0,21.416666666666668,179.83333333333334,False,13487.5,23303.483454761124,20000.0,0.0,66.50411618892531,-0.423338169629932,77.09373717474834,77.00318074306323,1.1514017547228934,306.5673526981542,101323.53701872763,-1.4629812723724172,428.9832820491419,66.8777691428788,14922.166741208697,301.37265066108574,28.222650661085765,35.0,101325.0,221.0017560358035,33.41735269815422,18.577158095244112,179471.95094270524,48.09459294452962
1290.0,21.5,181.0,False,13575.0,22665.07234050742,20000.0,0.0,66.447780008844,-0.4250072343615808,77.02483205084798,76.93434665733292,1.1514368889012392,306.5579633348073,101323.52546000604,-1.4745399939565687,429.0369220940568,66.81594744697442,14922.622080160061,301.3736567600605,28.22365676006052,35.0,101325.0,221.03613463206483,33.407963334807334,18.55998540193734,178974.70018641517,48.34351423003595
1295.0,21.583333333333332,182.16666666666666,False,13662.5,22044.150832543433,20000.0,0.0,66.39242919889818,-0.42594171929201224,76.95614471565165,76.86653580669136,1.1514714659363527,306.54873819981634,101323.51896858585,-1.4810314141504932,429.0912299673019,66.75505045553611,14923.070198535132,301.3746611202144,28.22466112021442,35.0,101325.0,221.07075201889953,33.398738199816364,18.543069570982254,178485.78590628575,48.591750678711435
1300.0,21.666666666666668,183.33333333333334,False,13750.0,21440.239793959816,20000.0,0.0,66.33813827451945,-0.42404405257237804,76.88527628695837,76.79976024675882,1.1515056048957488,306.5396897124199,101323.5321358488,-1.4678641512000468,429.1461871108076,66.69508156993457,14923.512639448903,301.37566376821906,28.22566376821908,35.0,101325.0,221.1056214878351,33.38968971241991,18.52641154720405,178005.1939064938,48.83931385913697
1305.0,21.75,184.5,False,13837.5,20852.873214053416,20000.0,0.0,66.28463832302134,-0.4265681862261078,76.8205472195751,76.73400430770641,1.1515389017916613,306.53077305383687,101323.51460883673,-1.4853911632671952,429.20177955001253,66.63605040899373,14923.94416721993,301.3766647318741,28.22666473187411,35.0,101325.0,221.14065825458908,33.38077305383689,18.51001400249826,177532.96018180338,49.08621535503162
1310.0,21.833333333333332,185.66666666666666,False,13925.0,20281.59784872793,20000.0,0.0,66.23219065565229,-0.4262779827510507,76.75366510592669,76.66929195220266,1.1515717638994247,306.522031775942,101323.5166292361,-1.4833707639045315,429.2579872742303,66.5779540239741,14924.370060136544,301.3776640370133,28.227664037013312,35.0,101325.0,221.17593019727107,33.37203177594205,18.493876117770583,177069.02060929657,49.332466730581004
1315.0,21.916666666666668,186.83333333333334,False,14012.5,19725.97287074608,20000.0,0.0,66.1807204050782,-0.42509586780809266,76.68683569574978,76.60561998685074,1.1516040862511319,306.51345340084634,101323.52484492386,-1.4751550761429826,429.3147947437437,66.52079555937357,14924.78895781467,301.37866171051627,28.228661710516292,35.0,101325.0,221.21140913986082,33.36345340084637,18.477998766492657,176613.36046268564,49.578079495214325
1320.0,22.0,188.0,False,14100.0,19185.56952956327,20000.0,0.0,66.13005509936795,-0.4275844707305081,76.62529048367712,76.5429768026953,1.1516356160769514,306.50500918322797,101323.50752261543,-1.4924773845705204,429.37218803715183,66.46457936360034,14925.19758435729,301.3796577794824,28.22965777948241,35.0,101325.0,221.24703933279602,33.35500918322799,18.46238315655565,176165.9751147547,49.82306514492088
1325.0,22.083333333333332,189.16666666666666,False,14187.5,18659.97082048023,20000.0,0.0,66.08046070169792,-0.426355051140574,76.56055865294931,76.48138335803851,1.1516667712810205,306.49674345028296,101323.51609281932,-1.4839071806782158,429.43014817187327,66.4092993435652,14925.601355802026,301.3806522693075,28.23065226930754,35.0,101325.0,221.28289125489817,33.346743450282986,18.447027595434776,175726.77751715746,50.067435112026374
1330.0,22.166666666666668,190.33333333333334,False,14275.0,18148.77116285949,20000.0,0.0,66.03175589778027,-0.42617691362398513,76.49810652400423,76.42082535015284,1.151697287703096,306.48862598296336,101323.5173325575,-1.4826674424984958,429.48866208079215,66.35495817009677,14925.996848632123,301.38164520678976,28.23164520678978,35.0,101325.0,221.3189074040963,33.33862598296338,18.43193282502688,175295.75109587115,50.31120075689653
1335.0,22.25,191.5,False,14362.5,17651.576087157217,20000.0,0.0,65.98389364504874,-0.4281534105814182,76.43919691868165,76.36129803871533,1.1517271072598096,306.48064894084143,101323.50354822047,-1.4964517795306165,429.5477154069166,66.30155490600045,14926.383310087132,301.3826366180897,28.232636618089714,35.0,101325.0,221.3550691911624,33.330648940841456,18.417098585000126,174872.85128109728,50.5543733974361
1340.0,22.333333333333332,192.66666666666666,False,14450.0,17168.001930528986,20000.0,0.0,65.9370874272388,-0.4263002802825539,76.37696636293441,76.30281566272008,1.1517565705382729,306.4728479045398,101323.51647404923,-1.4835259507672163,429.6072908346081,66.24908215375754,14926.765154176017,301.38362652824577,28.233626528245793,35.0,101325.0,221.3914331269934,33.3228479045398,18.402522820488205,174457.98320331835,50.79696425471694
1345.0,22.416666666666668,193.83333333333334,False,14537.5,16697.675540774602,20000.0,0.0,65.89109265271952,-0.4270660846996316,76.31880380207049,76.24535675553338,1.1517853194672283,306.46518210878656,101323.51113925959,-1.4888607404136565,429.6673771957732,66.19754173529626,14927.137740295278,301.3846149637095,28.234614963709532,35.0,101325.0,221.42792460997035,33.31518210878659,18.388206037582293,174051.1257644598,51.0389844692779
1350.0,22.5,195.0,False,14625.0,16240.233988393524,20000.0,0.0,65.84597837210481,-0.4283664149957284,76.26231520470638,76.18892318917183,1.1518134757032483,306.45766306201745,101323.50205889391,-1.4979411060921848,429.72795968248926,66.14692812363053,14927.502645114098,301.3856019496269,28.235601949626925,35.0,101325.0,221.4645593622638,33.30766306201747,18.37414670100848,173652.20057425514,51.28044511256868
1355.0,22.583333333333332,196.16666666666666,False,14712.5,15795.324286528632,20000.0,0.0,65.80188452784239,-0.4261914884994134,76.20289846691674,76.13352144146192,1.1518412697785645,306.4503140879737,101323.51723114392,-1.4827688560762908,429.789022867721,66.09723356769305,14927.862856330197,301.386587510658,28.236587510658012,35.0,101325.0,221.50137373556893,33.30031408797373,18.360342657692517,173261.11268789906,51.521357135667394
1360.0,22.666666666666668,197.33333333333334,False,14800.0,15362.603118582343,20000.0,0.0,65.75853831213897,-0.4277266124182032,76.14878515165057,76.07912605292114,1.1518683026855407,306.4430897186898,101323.5065301635,-1.4934698364959331,429.85055698812613,66.04845873052093,14928.213202804607,301.387571672694,28.237571672694003,35.0,101325.0,221.53828594530881,33.29308971868983,18.346794091811372,172877.83425447377,51.76173140437738
1365.0,22.75,198.5,False,14887.5,14941.736573294755,20000.0,0.0,65.71610355297275,-0.4282905485670768,76.09460228722588,76.02574426512176,1.1518948426923108,306.43601725882877,101323.5025894368,-1.4974105631990824,429.9125469352237,66.00059436625972,14928.557161292347,301.38855445985695,28.23855445985697,35.0,101325.0,221.57533976217204,33.28601725882879,18.333498435072144,172502.260348938,52.00157869229641
1370.0,22.833333333333332,199.66666666666666,False,14975.0,14532.399887079568,20000.0,0.0,65.67463758920906,-0.4260935018495673,76.03829105807228,75.97337457772504,1.151920995954589,306.42910626486815,101323.51791287903,-1.482087120966753,429.97497925693835,65.95363297008613,14928.896107571474,301.3895358963857,28.239535896385746,35.0,101325.0,221.6125486508649,33.279106264868176,18.320453602801702,172134.30074033438,52.240909637497296
1375.0,22.916666666666668,200.83333333333334,False,15062.5,14134.277193418704,20000.0,0.0,65.63387288268609,-0.4281575323081345,75.98789429090051,75.9219904760873,1.1519463731671853,306.4223121471143,101323.50351940839,-1.4964805916097248,430.03784510068897,65.90757368968991,14929.224996246721,301.3905160074234,28.240516007423423,35.0,101325.0,221.64983312420702,33.27231214711435,18.307659358247196,171773.9181759759,52.47973478952252
1380.0,23.0,202.0,False,15150.0,13747.061279122529,20000.0,0.0,65.59404004808948,-0.42797206648560066,75.93594032696868,75.87160277069769,1.1519713459881957,306.4156733413482,101323.50481559435,-1.4951844056486152,430.10112931515283,65.86240450765096,14929.548644007016,301.3914948161022,28.241494816102204,35.0,101325.0,221.68725684452124,33.26567334134825,18.29511236323638,171420.98888389042,52.71806458609187
1385.0,23.083333333333332,203.16666666666666,False,15237.5,13370.453347267361,20000.0,0.0,65.55510961444816,-0.42608392854730465,75.88304772581635,75.82220205971774,1.1519958893664777,306.40918493574134,101323.5179794762,-1.4820205238065682,430.1648204582183,65.81811858843957,14929.866726189552,301.39247234619785,28.24247234619787,35.0,101325.0,221.72480907214364,33.25918493574136,18.282810719010993,171075.43062288937,52.95590932186047
1390.0,23.166666666666668,204.33333333333334,False,15325.0,13004.162786627503,20000.0,0.0,65.51685592393233,-0.4283646602573909,75.83593909687511,75.77376385742677,1.1520196791691575,306.40280932065536,101323.50207116606,-1.4979288339382038,430.2289100315519,65.77471307788353,14930.175042032282,301.3934486219234,28.24344862192345,35.0,101325.0,221.76242300808656,33.25280932065539,18.270753632745425,170737.19303915152,53.19327919940355
1395.0,23.25,205.5,False,15412.5,12647.90694742372,20000.0,0.0,65.47954072462824,-0.4274470407661441,75.78615952345703,75.72630012629513,1.1520431356105612,306.39659012077135,101323.50848185584,-1.4915181441610912,430.2933832265902,65.73217424377223,14930.479037512872,301.39442366549935,28.24442366549937,35.0,101325.0,221.8001718698679,33.24659012077137,18.258937289936732,170406.14188330332,53.4301842930997
1400.0,23.333333333333332,206.66666666666666,False,15500.0,12301.410923215279,20000.0,0.0,65.44304742113422,-0.42622831858756166,75.73702107771618,75.67979387271133,1.1520661016086793,306.39050790352235,101323.51697486069,-1.4830251393141225,430.35823060300083,65.69049620246302,14930.776676848483,301.39539750019765,28.24539750019767,35.0,101325.0,221.8380205272902,33.24050790352237,18.247360056239728,170082.20499632982,53.666634533988336
1405.0,23.416666666666668,207.83333333333334,False,15587.5,11964.407338767134,20000.0,0.0,65.4072322531282,-0.4283466819213196,75.69268505802489,75.63422590343247,1.1520883789229048,306.3845387088547,101323.50219689867,-1.4978031013306463,430.42344338946043,65.64967348611172,14931.065390840846,301.3963701491221,28.24637014912213,35.0,101325.0,221.87592624939296,33.2345387088547,18.236020412808813,169765.31423840168,53.90263975567912
1410.0,23.5,209.0,False,15675.0,11636.636143728607,20000.0,0.0,65.37234491618301,-0.42675374657587317,75.64506115775251,75.5896063254486,1.152110370068694,306.37872415269715,101323.51331624313,-1.486683756869752,430.48900764044197,65.60969182227012,14931.350396090276,301.3973416337001,28.247341633700103,35.0,101325.0,221.91395932859513,33.22872415269717,18.224914395075032,169455.33401248,54.13820965029779
1415.0,23.583333333333332,210.16666666666666,False,15762.5,11317.844411964363,20000.0,0.0,65.33819236148383,-0.4264146949783237,75.5998313680832,75.54591163888098,1.1521318019324587,306.3730320602473,101323.51567761556,-1.484322384436382,430.55491576249415,65.57054627966055,14931.628153044665,301.39831197663324,28.24831197663326,35.0,101325.0,221.95206322176375,33.223032060247306,18.21404063323904,169152.20209009643,54.373353772591244
1420.0,23.666666666666668,211.33333333333334,False,15850.0,11007.786146382785,20000.0,0.0,65.30473649892872,-0.4280906541123996,75.55785795406173,75.5031299136489,1.1521526381316267,306.36745608315476,101323.50398687234,-1.4960131276602624,430.62115828347737,65.53222846938715,14931.898190185882,301.39928119980596,28.249281199805978,35.0,101325.0,221.99022599632676,33.21745608315479,18.203396797051987,168855.83022319654,54.60808157280881
1425.0,23.75,212.5,False,15937.5,10706.222089111214,20000.0,0.0,65.2721819340295,-0.4259501079119083,75.51244497449923,75.46126714862132,1.1521732127877116,306.3620303223382,101323.51891024955,-1.4810897504503373,430.6877225372244,65.49472450070326,14932.164837728742,301.4002493239479,28.250249323947912,35.0,101325.0,222.02850546558676,33.21203032233825,18.192979027973127,168566.08850163006,54.84240234970105
1430.0,23.833333333333332,213.66666666666666,False,16025.0,10412.919536871506,20000.0,0.0,65.24027546680702,-0.42659247134865985,75.47114734814883,75.4202947933635,1.1521931613915668,306.35671257780115,101323.51443970113,-1.4855602988682222,430.75460253865606,65.45803023364093,14932.423371634706,301.4012163711149,28.251216371114936,35.0,101325.0,222.06682827625724,33.20671257780117,18.18278617601137,168282.9232097094,55.07632527450058
1435.0,23.916666666666668,214.83333333333334,False,16112.5,10127.652161413524,20000.0,0.0,65.20909670350909,-0.4275745079411829,75.43115328118067,75.38020922564762,1.152212627498762,306.3515161172515,101323.50759216456,-1.4924078354379162,430.82178783783115,65.42213427159182,14932.675652383956,301.4021823619132,28.252182361913242,35.0,101325.0,222.10521666560243,33.201516117251515,18.172815075442173,168006.2253585397,55.30985940545075
1440.0,24.0,216.0,False,16200.0,9850.199834867855,20000.0,0.0,65.1787735603034,-0.42514120586297377,75.38814689636426,75.34101017296732,1.1522318283913227,306.34646226005054,101323.52453024553,-1.4754697544703959,430.8892674751069,65.38702396214305,14932.924495951542,301.40314731647493,28.25314731647495,35.0,101325.0,222.1437068386077,33.196462260050566,18.163062211706404,167735.87715795077,55.543013643309436
1445.0,24.083333333333332,217.16666666666666,False,16287.5,9580.348459883193,20000.0,0.0,65.14902323357705,-0.4267045648169017,75.35061426689751,75.30266651356109,1.1522503545768867,306.3415038722628,101323.51365889277,-1.4863411072292365,430.9570366210495,65.35269545758803,14933.164595316452,301.40411125609353,28.25411125609355,35.0,101325.0,222.1822173287929,33.19150387226284,18.153526515996674,167471.82938693336,55.77579677285449
1450.0,24.166666666666668,218.33333333333334,False,16375.0,9317.889804417107,20000.0,0.0,65.12003703565199,-0.4267775321994325,75.31225376207844,75.26518259676006,1.1522685201735046,306.3366728392753,101323.51315051437,-1.4868494856345933,431.0250838241137,65.31913462794843,14933.400021448619,301.4050742001109,28.255074200110926,35.0,101325.0,222.2208027572367,33.18667283927533,18.14420406331901,167213.95443583178,56.00821745606475
1455.0,24.25,219.5,False,16462.5,9062.62134105285,20000.0,0.0,65.09183547202076,-0.4245208411830581,75.27209184820279,75.2285497643677,1.1522863785640012,306.3319725786701,101323.52883310532,-1.4711668946838472,431.0934002769651,65.28633086691417,14933.631466189454,301.4060361681661,28.256036168166133,35.0,101325.0,222.25946885375177,33.18197257867013,18.13509190747616,166962.15261559238,56.240284197072675
1460.0,24.333333333333332,220.66666666666666,False,16550.0,8814.346090718169,20000.0,0.0,65.06416113456385,-0.42666686373841073,75.23783521357342,75.19273858906203,1.1523035590274724,306.32736018909395,101323.5139215297,-1.486078470305074,431.1619814725373,65.25427956893895,14933.854124996042,301.40699718059585,28.256997180595874,35.0,101325.0,222.29814175476497,33.177360189093974,18.12618876914971,166716.37098412495,56.472005394016925
1465.0,24.416666666666668,221.83333333333334,False,16637.5,8572.872470685475,20000.0,0.0,65.03727952207066,-0.42570381041136635,75.20086081500102,75.15775867848902,1.152320488791776,306.3228799203451,101323.52062257797,-1.479377422030666,431.2308154052266,65.22296479974332,14934.073534741417,301.4079572556097,28.25795725560971,35.0,101325.0,222.3368976464225,33.17287992034511,18.117490222150924,166476.47040896298,56.703389311651016
1470.0,24.5,223.0,False,16725.0,8338.014146736185,20000.0,20.0,65.01129519077585,-0.42435623046221843,98.07437593890423,98.17032101989906,1.1523368866120378,306.3185491984626,101323.52997379321,-1.4700262067926815,431.29967468202074,65.1923792082432,14934.28605049201,301.40891641253177,28.25891641253179,35.0,101325.0,222.37556499473314,33.16854919846264,18.108994224512,166242.37829252693,56.93444406769372
1475.0,24.583333333333332,224.16666666666669,False,16812.5,8109.589889375061,20000.0,20.0,65.06681631749757,-0.42628937197178407,98.0496815982569,98.14027406006649,1.1523019242665427,306.3278027195829,101323.51654997015,-1.4834500298456987,431.2848078295567,65.16888845997045,14933.832938494394,301.4098757916543,28.259875791654338,35.0,101325.0,222.36115300558114,33.17780271958293,18.102469016658457,166062.73685592375,57.165211508769026
1480.0,24.666666666666668,225.33333333333331,False,16900.0,7887.423433983657,20000.0,20.0,65.12093499758771,-0.4263095001113793,98.03667872331667,98.12428144342027,1.1522679943007545,306.33682249959793,101323.51640987849,-1.483590121511952,431.27096217754706,65.15751711299269,14933.393206137778,301.4108365323144,28.260836532314443,35.0,101325.0,222.34746718775233,33.18682249959795,18.099310309164636,165975.82295124786,57.395793841968455
1485.0,24.75,226.5,False,16987.5,7671.343344804908,20000.0,20.0,65.1723065851694,-0.4292369703579293,98.03827653540486,98.11975327079361,1.1522355574941014,306.34538443086154,101323.49596427166,-1.5040357283432968,431.2594059971667,65.15598449694251,14932.972825123556,301.4117985580775,28.261798558077544,35.0,101325.0,222.33525024286445,33.195384430861566,18.09888458248403,165964.11112252285,57.62630768507524
1490.0,24.833333333333332,227.66666666666669,False,17075.0,7461.182882653959,20000.0,20.0,65.22126095328986,-0.43063622457342027,98.04721167502375,98.12450572677923,1.1522047585121724,306.35354349221495,101323.48614238437,-1.513857615631423,431.2500257493733,65.16238541965942,14932.573670317755,301.4127617972126,28.262761797212647,35.0,101325.0,222.32447142878166,33.203543492214976,18.10066261657206,166013.02886154555,57.85684736561973
1495.0,24.916666666666668,228.83333333333331,False,17162.5,7256.779876253103,20000.0,20.0,65.26798059476198,-0.42967600353879076,98.06071496045192,98.13670654869499,1.152175550280201,306.361330099127,101323.49288597537,-1.507114024629118,431.2427208952063,65.17513370668978,14932.195131631403,301.41372618285754,28.263726182857567,35.0,101325.0,222.31506972169637,33.211330099127,18.10420380741383,166110.4836647576,58.08748869376299
1500.0,25.0,230.0,True,17250.0,257057.9765970916,20000.0,20.0,65.3115994829501,-0.4377906193859624,98.09037619513589,98.15480621710253,1.152147556922824,306.368599913825,101323.43542345778,-1.5645765422232216,431.2374035728134,65.19291268494821,14931.832337719798,301.41469165281603,28.264691652816055,35.0,101325.0,222.306927205849,33.21859991382502,18.109142412485614,166246.4594671833,58.3182921264935
1505.0,25.083333333333332,231.16666666666669,True,17337.5,256864.61963771368,20000.0,20.0,65.84839686807368,0.2599755513439523,97.65921297460271,98.49836647153421,1.1518352607439657,306.4580661446789,101325.55173295752,0.5517329575231997,431.2356924397266,65.2543074615884,14927.784979241795,301.4156651389896,28.26566513898962,35.0,101325.0,222.24578777687313,33.308066144678946,18.12619651710789,166716.58477071385,58.54951646276982
1510.0,25.166666666666668,232.33333333333331,True,17425.0,256676.55979334115,20000.0,20.0,66.35379918907972,0.25269001176456785,97.80969101972208,98.61414939942405,1.1515184053276644,306.5422998648466,101325.52124279221,0.5212427922087954,431.2355149541457,65.38567142750692,14923.67853304653,301.41665281725255,28.266652817252577,35.0,101325.0,222.18455930594126,33.39229986484662,18.16268650764081,167725.46849226736,58.7817678886469
1515.0,25.25,233.5,True,17512.5,256493.6519467386,20000.0,20.0,66.836990143084,0.24348749638669992,98.02391776290429,98.79291365404598,1.1512155455198674,306.622831690514,101325.48396866038,0.4839686603809241,431.23648381078925,65.57268658023501,14919.753469937481,301.41765403618393,28.267654036183956,35.0,101325.0,222.12662179786992,33.472831690514,18.214635161176393,169168.7666176144,59.01572221858431
1520.0,25.333333333333332,234.66666666666669,True,17600.0,256315.75495623326,20000.0,20.0,67.29907803497645,0.232488655760581,98.28831060170661,99.0210496091037,1.1509259811704284,306.6998463391627,101325.44123244945,0.44123244944785256,431.23835232922914,65.80349561179825,14916.000715968754,301.4186681932583,28.26866819325835,35.0,101325.0,222.07171267921393,33.54984633916274,18.27874878105507,170961.43118047892,59.251923744832986
1525.0,25.416666666666668,235.83333333333331,True,17687.5,256142.7315468022,20000.0,20.0,67.74108784094165,0.22090450360120348,98.59155602347555,99.28850687818117,1.1506491120098716,306.7735146401569,101325.39835754866,0.3983575486636255,431.2409272922757,66.06822207882938,14912.412491647938,301.41969471515364,28.269694715153662,35.0,101325.0,222.0196163348837,33.62351464015694,18.35228391078594,173033.06879134133,59.49080881425786
1530.0,25.5,237.0,True,17775.0,255974.44820414367,20000.0,0.0,68.16415106103898,0.2184257396739534,76.01415157867389,76.58924639488048,1.150384600241187,306.8440251768398,101325.38946778573,0.38946778573154006,431.2439997110307,66.35865324662589,14908.984419125785,301.42073305536127,28.27073305536129,35.0,101325.0,221.97015979635015,33.69402517683983,18.432959235173858,175325.03755632372,59.732724165888186
1535.0,25.583333333333332,238.16666666666669,True,17862.5,255810.77507164987,20000.0,0.0,68.51200948458359,0.20768146980900218,76.36335400735086,76.91301574386348,1.1501668585540714,306.9020015807639,101325.35209463593,0.3520946359349182,431.3316974970998,66.66349915223955,14906.162486860767,301.42178190490796,28.271781904907982,35.0,101325.0,221.97327719557418,33.75200158076393,18.517638653399874,177752.43886631948,59.977916857848356
1540.0,25.666666666666668,239.33333333333331,True,17950.0,255651.58585020274,20000.0,0.0,68.84665789715655,0.19920342450294193,76.71885462859255,77.24615228430292,1.1499575517430278,306.95777631619274,101325.32393472925,0.32393472925468814,431.41890460342034,66.9738432390182,14903.44987058964,301.4228400244652,28.27284002446521,35.0,101325.0,221.977753234287,33.80777631619276,18.60384534417172,180246.5306408204,60.22652725333942
1545.0,25.75,240.5,True,18037.5,255496.75770071457,20000.0,0.0,69.16937499279334,0.19365872225757966,77.07754631518463,77.58625356314411,1.149755885805743,307.01156249879887,101325.30615265883,0.3061526588280685,431.5043894357154,67.28697305443653,14900.83628004243,301.42390707412244,28.273907074122462,35.0,101325.0,221.98280215918638,33.86156249879889,18.69082584845459,182786.54569060224,60.478633556347354
1550.0,25.833333333333332,241.66666666666669,True,18125.0,255346.17114933877,20000.0,0.0,69.48046755417215,0.18603333104718897,77.43686905547912,77.9249641565279,1.1495614772471288,307.06341125902867,101325.28251755315,0.28251755314704496,431.5881673639263,67.60065376561504,14898.31674512279,301.42498272509386,28.274982725093878,35.0,101325.0,221.9883591632317,33.91341125902869,18.77795937933751,185354.8432455299,60.734287298664114
1555.0,25.916666666666668,242.83333333333331,True,18212.5,255199.70999527714,20000.0,0.0,69.78044569751353,0.1848689970292212,77.79472118489834,78.26999840639712,1.1493742950332702,307.11340761625223,101325.27899221276,0.2789922127558384,431.6702628261532,67.91305066640948,14895.890863631183,301.426066658989,28.27606665898901,35.0,101325.0,221.9944320817176,33.963407616252255,18.864736296224855,187936.42827908875,60.99351734833399
1560.0,26.0,244.0,True,18300.0,255057.26122111318,20000.0,20.0,70.07076899551612,0.17838902567758866,101.05948883541413,101.58988217025211,1.1491930160950072,307.161794832586,101325.25977668965,0.2597766896506073,431.74816197438963,68.22267219505417,14893.541488591294,301.4271585685539,28.277158568553943,35.0,101325.0,221.99947395455945,34.01179483258602,18.950742276403936,190518.62078606515,61.25633335462923
1565.0,26.083333333333332,245.16666666666669,True,18387.5,254918.71490560155,20000.0,20.0,70.3928739003785,0.1730229242675345,101.41381959350602,101.92135833621583,1.1489920266195564,307.2154789833964,101325.244383121,0.24438312099664472,431.7376747210153,68.53199501748281,14890.93666498945,301.42825880651424,28.27825880651426,35.0,101325.0,221.9552556226249,34.06547898339642,19.036665282634115,193121.83275694738,61.522750336256316
1570.0,26.166666666666668,246.33333333333331,True,18475.0,254783.964138847,20000.0,20.0,70.70066326044343,0.16888417410823675,101.76907923856149,102.25585797828909,1.148800071288913,307.2667772100739,101325.23283154501,0.2328315450140508,431.728217695258,68.84212873744357,14888.448923904314,301.4293675818814,28.279367581881445,35.0,101325.0,221.9133138443405,34.116777210073906,19.122813538178768,195755.5679716111,61.79280408676226
1575.0,26.25,247.5,True,18562.5,254652.90493980664,20000.0,20.0,70.99482172889395,0.164367172114922,102.12268246523304,102.58890813173167,1.1486166627150185,307.3158036214823,101325.22054340628,0.2205434062780114,431.7195279111288,69.15081644122331,14886.071948786639,301.4304845070405,28.280484507040512,35.0,101325.0,221.87341893656063,34.165803621482326,19.20856012256203,198400.6937996305,62.066523712992286
1580.0,26.333333333333332,248.66666666666669,True,18650.0,254525.43617605272,20000.0,20.0,71.27573245656652,0.14564225004919198,102.47254039770516,102.90248379122212,1.1484411646687203,307.3626220760944,101325.17315644897,0.17315644897462334,431.71159250448477,69.45623458698095,14883.797494106613,301.4316092101098,28.28160921010982,35.0,101325.0,221.83544110501654,34.21262207609442,19.2933984963836,201041.14837244255,62.34391388116734
1585.0,26.416666666666668,249.83333333333331,True,18737.5,254401.45948573315,20000.0,20.0,71.5443152788664,0.1416497233457317,102.8169761919583,103.2281738148726,1.1482738257667713,307.40738587981105,101325.16379301326,0.16379301325650886,431.7044059747069,69.75691932741266,14881.628781937356,301.43274133378964,28.28274133378966,35.0,101325.0,221.7994252842158,34.25738587981107,19.376922035392408,203663.46496474463,62.62495875154038
1590.0,26.5,251.0,False,18825.0,124280.8792016703,20000.0,20.0,71.80097429747059,0.14642458508507825,103.15467085374932,103.5577688090586,1.1481141900686336,307.45016238291174,101325.17502170708,0.17502170708030462,431.6979684268195,70.05171921006128,14879.559903289492,301.43388053671214,28.28388053671216,35.0,101325.0,221.76528321348505,34.300162382911765,19.45881089168369,206256.50055020885,62.9096253942591
1595.0,26.583333333333332,252.16666666666669,False,18912.5,120876.13953150058,20000.0,20.0,71.78594525747008,-0.2298018947786348,103.72405846051112,103.69672704972562,1.148116676058479,307.44765754291166,101324.56890685025,-0.43109314974572044,431.69136639421134,70.31897995395363,14879.592121717886,301.435022835438,28.285022835438042,35.0,101325.0,221.76237189499594,34.29765754291168,19.533049987209342,208626.2429418439,63.19773841057303
1600.0,26.666666666666668,253.33333333333331,False,19000.0,117564.67448487789,20000.0,20.0,71.76821933471354,-0.2331970547529593,103.98439881941657,103.95474874266647,1.148127563221366,307.44470322245223,101324.55607456045,-0.4439254395547323,431.68565856603936,70.54285610128092,14879.733219348906,301.43616449579923,28.286164495799255,35.0,101325.0,221.76154261256977,34.294703222452256,19.595237805911367,210625.21808483495,63.488885258508226
1605.0,26.75,254.5,False,19087.5,114343.92875471838,20000.0,20.0,71.7454826879391,-0.2393106280869509,104.20489384217528,104.16998917868243,1.148141447551948,307.44091378132316,101324.5324932513,-0.46750674869690556,431.681030608391,70.72922974847071,14879.913160273245,301.4373053771306,28.28730537713062,35.0,101325.0,221.7618469194107,34.290913781323184,19.647008263464087,212299.0428329332,63.78258266192334
1610.0,26.833333333333332,255.66666666666669,False,19175.0,111211.41703791186,20000.0,20.0,71.71807554445627,-0.2486731460899518,104.39190945341532,104.34819772887244,1.148158083898967,307.436345924076,101324.49519727685,-0.5048027231532615,431.67760213345366,70.8831276739542,14880.12876733061,301.4384453472614,28.288445347261415,35.0,101325.0,221.76329891450092,34.286345924076045,19.6897576872095,213687.86856826843,64.07840690595195
1615.0,26.916666666666668,256.8333333333333,False,19262.5,108164.72211752641,20000.0,20.0,71.68643493908178,-0.25664887000969466,104.54506826090667,104.49431236273828,1.1481774056943808,307.43107248984694,101324.4622967961,-0.5377032038959442,431.6754658893528,71.00885616151233,14880.379177799176,301.4395842833065,28.28958428330651,35.0,101325.0,221.7659334023823,34.28107248984696,19.72468226708676,214826.96906230538,64.37598665430652
1620.0,27.0,258.0,False,19350.0,105201.49299755192,20000.0,0.0,71.64962450275436,-0.2657642609770026,81.76140150237241,81.64861915660082,1.1481998785877812,307.4249374171257,101324.42342332724,-0.5765766727563459,431.67794303801327,71.11010955429106,14880.670426497643,301.4407220713699,28.29072207136994,35.0,101325.0,221.7715465709575,34.27493741712573,19.752808209525295,215747.26233647697,64.67499653722234
1625.0,27.083333333333332,259.1666666666667,False,19437.5,102319.44308874315,20000.0,0.0,71.57740118131562,-0.273968111983693,81.85917873138652,81.7403781601737,1.148244428483134,307.4129001968859,101324.38727733564,-0.6127226643584436,431.76747279149913,71.18726303610744,14881.247793141416,301.4418581122121,28.29185811221214,35.0,101325.0,221.82614833071213,34.26290019688594,19.774239732252067,216450.27289656506,64.97513371446752
1630.0,27.166666666666668,260.3333333333333,False,19525.0,99516.34844416301,20000.0,0.0,71.50311619884064,-0.2763104805085704,81.9237856178577,81.80573612624497,1.14829055580798,307.4005193664734,101324.37675525193,-0.6232447480724659,431.8557644210766,71.24132103366766,14881.84560327142,301.4429919053604,28.292991905360395,35.0,101325.0,221.88042233429135,34.25051936647344,19.78925584268546,216943.7497679306,65.27610178576231
1635.0,27.25,261.5,False,19612.5,96790.0460430635,20000.0,0.0,71.4265462057092,-0.28610938979087464,81.9741580493168,81.84834064275645,1.1483377189506083,307.3877577009515,101324.33176666999,-0.6682333300122991,431.943265191956,71.27549612979043,14882.456837599884,301.4441233909144,28.29412339091442,35.0,101325.0,221.93449382401107,34.23775770095153,19.798748924941783,217256.10910769523,65.57762946553704
1640.0,27.333333333333332,262.6666666666667,False,19700.0,94138.43212178106,20000.0,0.0,71.34826669153063,-0.2879331434835521,81.99575914254946,81.87136886835329,1.1483863635310765,307.3747111152551,101324.32322044803,-0.6767795519699575,432.0300725651211,71.29252964709012,14883.087271362752,301.44525251296653,28.295252512966556,35.0,101325.0,221.98849908993824,34.224711115255104,19.803480457525033,217411.90683682208,65.8794822543874
1645.0,27.416666666666668,263.8333333333333,False,19787.5,91559.46055035772,20000.0,0.0,71.26810867256131,-0.2965861363800586,82.00825121399885,81.8774807286769,1.148435810949472,307.36135144542686,101324.28193194863,-0.71806805137021,432.1162831253954,71.2947819530153,14883.728109905156,301.44637922280816,28.296379222808184,35.0,101325.0,222.04235668668548,34.211351445426885,19.804106098059805,217432.513214462,66.18145754608967
1650.0,27.5,265.0,False,19875.0,89051.1412536356,20000.0,0.0,71.18653324714012,-0.3009722012706873,82.00123615518602,81.86901473543617,1.148486370902411,307.34775554119,101324.26053660459,-0.7394633954099845,432.2019721967523,71.28427189876747,14884.383366895245,301.44750347552633,28.297503475526355,35.0,101325.0,222.09616526399475,34.19775554119002,19.801186638546522,217336.36772181938,66.4833803800732
1655.0,27.583333333333332,266.1666666666667,False,19962.5,86611.53867560634,20000.0,0.0,71.10365928931515,-0.3034726416158962,81.97943568152897,81.84795410839001,1.14853784678902,307.33394321488584,101324.24819882278,-0.7518011772190221,432.2872108930378,71.26274013278122,14885.050494385698,301.4486252319901,28.298625231990115,35.0,101325.0,222.14992343294804,34.18394321488586,19.795205592439228,217139.48463720424,66.7850997219892
1660.0,27.666666666666668,267.3333333333333,False,20050.0,84238.77028583048,20000.0,0.0,71.0194967416129,-0.3100907624413152,81.95144655536387,81.81599712520546,1.148589894072808,307.3199161236021,101324.21505076774,-0.784949232256622,432.3720636706405,71.23168813116791,14885.725027183593,301.44974445810533,28.29974445810535,35.0,101325.0,222.2035977392551,34.16991612360215,19.78658003643553,216855.75945277582,67.08648530816279
1665.0,27.75,268.5,False,20137.5,81931.00512677434,20000.0,0.0,70.93432495736931,-0.3161258886058677,81.91336421967745,81.77463266163662,1.1486426008614117,307.3057208262282,101324.18419936778,-0.8158006322191795,432.4565831416559,71.1924079781741,14886.408107163896,301.4508611236116,28.30086112361164,35.0,101325.0,222.25723230898956,34.15572082622822,19.77566888282614,216497.20704830028,67.38742486823298
1670.0,27.833333333333332,269.6666666666667,False,20225.0,79686.46240094322,20000.0,0.0,70.84832250367003,-0.32055813515350884,81.8653014342664,81.72514049923242,1.1486959186438432,307.291387083945,101324.16116311826,-0.8388368817395531,432.54081704654993,71.14601799553495,14887.09910562421,301.4519752027356,28.301975202735605,35.0,101325.0,222.31084234183288,34.141387083945006,19.762782776537485,216074.26481224873,67.6878217236917
1675.0,27.916666666666668,270.8333333333333,False,20312.5,77503.41009672094,20000.0,0.0,70.7616124165819,-0.32411360440383474,81.80920069477025,81.66862505242852,1.1487497313487633,307.2769354027636,101324.14245201176,-0.8575479882420041,432.6248083341556,71.09348783615404,14887.796518279974,301.4530866738762,28.303086673876237,35.0,101325.0,222.36442749364005,34.12693540276365,19.748191065598345,215596.00738681335,67.98759274605216
1680.0,28.0,272.0,False,20400.0,75380.16365185518,20000.0,0.0,70.67430841914882,-0.3275233680645238,81.7468638897937,81.60604442564723,1.148803925700256,307.2623847365248,101324.12431382344,-0.8756861765577924,432.70859508943647,71.03565943675208,14888.498877075317,301.4541955192566,28.30419551925661,35.0,101325.0,222.41798544770666,34.1123847365248,19.732127621320025,215070.32913430358,68.28666659085849
1685.0,28.083333333333332,273.1666666666667,False,20487.5,73315.08465355738,20000.0,0.0,70.58652979219016,-0.3310211986674974,81.67939779395306,81.53823286966829,1.1488584134251578,307.247754965365,101324.1055099268,-0.8944900732021779,432.7922108748703,70.97326521426923,14889.205037990047,301.4553017246712,28.30530172467121,35.0,101325.0,222.47151639073678,34.09775496536503,19.714795892852564,214504.10523466353,68.58498217028138
1690.0,28.166666666666668,274.3333333333333,False,20575.0,71306.57957421397,20000.0,0.0,70.49839270925838,-0.33468355451529114,81.60762156138142,81.46591785467545,1.148913117293543,307.23306545154304,101324.08560749663,-0.9143925033713458,432.87568538867686,70.90694381362975,14889.914000124316,301.4564052792954,28.306405279295404,35.0,101325.0,222.52502065175688,34.083065451543064,19.69637328156382,213903.33297082264,68.88248733570185
1695.0,28.25,275.5,False,20662.5,69353.09854173369,20000.0,0.0,70.41000979457067,-0.338463050563912,81.53212030427315,81.38973523655551,1.1489679698024087,307.21833496576176,101324.06483888492,-0.9351611150777899,432.95904491848466,70.83725340972937,14890.624888639215,301.4575061754885,28.307506175488527,35.0,101325.0,222.57849868202712,34.06833496576178,19.677014836035937,213273.2523715025,69.17913774218958
1700.0,28.333333333333332,276.6666666666667,False,20750.0,67453.13414358148,20000.0,0.0,70.32148752726391,-0.3422938513155186,81.45337879079423,81.31024191720398,1.14902290854511,307.20358125454396,101324.04355036205,-0.9564496379462071,433.0423127748405,70.76468302982646,14891.336894744627,301.45860440860775,28.308604408607778,35.0,101325.0,222.6319503821664,34.053581254543985,19.656856397174018,212618.4498647339,69.47489586874252
1705.0,28.416666666666668,277.8333333333333,False,20837.5,65605.22026357698,20000.0,0.0,70.23293086514559,-0.345946967928117,81.37162660674062,81.22792723682488,1.149077882675056,307.1888218108576,101324.02302608475,-0.976973915254348,433.1255095496976,70.68966208602508,14892.049359468727,301.45969997681266,28.30969997681268,35.0,101325.0,222.68537648830804,34.0388218108576,19.636017246118076,211942.946272603,69.76973017161568
1710.0,28.5,279.0,False,20925.0,63807.930950559145,20000.0,0.0,70.14444229734534,-0.3490796691532541,81.28690412981736,81.14322221146082,1.1491328508230636,307.1740737162242,101324.00525211905,-0.9947478809481254,433.2086534272483,70.61256855840662,14892.761746666905,301.4607928808919,28.31079288089194,35.0,101325.0,222.73877833007901,34.02407371622422,19.614602377335174,211250.27287145195,70.06361435157682
1715.0,28.583333333333332,280.1666666666667,False,21012.5,62059.879318044645,20000.0,0.0,70.05612011154608,-0.3513042957438386,81.1991493754647,81.05650733034764,1.1491877778315376,307.1593533519243,101323.99253299422,-1.0074670057801995,433.2917604721816,70.53373599508463,14893.473600696727,301.4618831241013,28.311883124101314,35.0,101325.0,222.7921573471561,34.00935335192435,19.592704443079064,210543.5368433557,70.35652671943433
1720.0,28.666666666666668,281.3333333333333,False,21100.0,60359.716474030494,20000.0,0.0,69.96804522606465,-0.3526265502929171,81.10870712913194,80.96811816966523,1.149242613967587,307.1446742043441,101323.98493482472,-1.0150651752774138,433.3748450914087,70.45345968344752,14894.184277019927,301.46297071204305,28.312970712043068,35.0,101325.0,222.8455112968806,33.99467420434411,19.57040546762431,209825.47919003034,70.6484496472353
1725.0,28.75,282.5,False,21187.5,58706.13048011546,20000.0,0.0,69.88025419464373,-0.35433027520438715,81.01734884069057,80.8783488342736,1.1492972529708816,307.13004236577393,101323.97510249856,-1.0248975014401367,433.4579207251586,70.37200221718682,14894.892398502627,301.46405565259494,28.31405565259496,35.0,101325.0,222.89882647038235,33.980042365773954,19.547778393663005,209098.52703529733,70.93936909600288
1730.0,28.833333333333332,283.6666666666667,False,21275.0,57097.84533913683,20000.0,0.0,69.79275927310664,-0.3582968449916637,80.92749751999924,80.78745864646861,1.1493515622705228,307.1154598788511,101323.9520275173,-1.04797248270188,433.5409996815754,70.28959745517244,14895.596247025976,301.46513795570485,28.31513795570487,35.0,101325.0,222.9520834583833,33.96545987885111,19.524888181992345,208364.83132960956,71.2292742059785
1735.0,28.916666666666668,284.8333333333333,False,21362.5,55533.6200105413,20000.0,0.0,69.70569561317927,-0.36221406219146784,80.83674075442659,80.69568920881734,1.1494056081065949,307.1009492688632,101323.92898753592,-1.0710124640754657,433.6240906262644,70.20645161262664,14896.29668106147,301.4662176328258,28.31621763282584,35.0,101325.0,223.00529953269165,33.95094926886321,19.50179211461851,207626.2789088415,71.51815692142188
1740.0,29.0,286.0,False,21450.0,54012.2474527305,20000.0,0.0,69.61919037419659,-0.36396512517743157,80.74286457613431,80.6032565081452,1.1494594542947885,307.08653172903274,101323.91860724616,-1.0813927538401913,433.70720104434685,70.12274874679818,14896.994527660458,301.46729469716325,28.317294697163277,35.0,101325.0,223.0584908982009,33.936531729032765,19.47854131855505,206884.54353056184,71.80601165922702
1745.0,29.083333333333332,287.1666666666667,False,21537.5,52532.55369164177,20000.0,0.0,69.53328673353246,-0.3640049024919734,80.64658023266146,80.51034747244437,1.1495130452778242,307.0722144555887,101323.918370865,-1.0816291350056417,433.79033876215306,70.03865489232959,14897.689066800602,301.4683691637816,28.318369163781597,35.0,101325.0,223.11165077612642,33.922214455588744,19.455181914535995,206141.1244542902,72.09283503977205
1750.0,29.166666666666668,288.33333333333337,False,21625.000000000004,51093.39691484575,20000.0,0.0,69.44788844625691,-0.3670751104508043,80.55349280071184,80.41711792563832,1.1495661207329764,307.05798140770946,101323.90004786357,-1.0999521364283282,433.87351312493485,69.95432143943444,14898.376924699374,301.4694410496558,28.319441049655836,35.0,101325.0,223.16473341039523,33.907981407709485,19.431755955398454,205397.37794151876,72.37862566643581
1755.0,29.25,289.5,False,21712.5,49693.666590461595,20000.0,0.0,69.36311610834389,-0.37083994996802144,80.46107804159477,80.3237255531009,1.1496187610815476,307.04385268472396,101323.8773692368,-1.1226307632023236,433.95672853578657,69.86988058331033,14899.059143616856,301.47051037248707,28.320510372487092,35.0,101325.0,223.21775662606055,33.89385268472398,19.40830016203065,204654.47873684866,72.66338390024023
1760.0,29.333333333333332,290.66666666666663,False,21799.999999999996,48332.28261021005,20000.0,0.0,69.27914229311773,-0.3712897148442508,80.36487774343298,80.23031758931037,1.1496711343374257,307.02985704885293,101323.87464447062,-1.125355529380613,434.0399875088197,69.7854501109558,14899.737901013039,301.4715771510948,28.3215771510948,35.0,101325.0,223.2707542996557,33.879857048852955,19.384847253043276,203913.46404149424,72.94711163828075
1765.0,29.416666666666668,291.83333333333337,False,21887.500000000004,47008.194455942925,20000.0,0.0,69.19589816476548,-0.371895127405602,80.26899404043314,80.1370074302866,1.1497230461836168,307.0159830274609,101323.87097154459,-1.129028455412481,434.12329624135526,69.70114037140759,14900.410678539673,301.47264140620985,28.32264140620987,35.0,101325.0,223.3236918480636,33.86598302746091,19.361427880946554,203175.29601163164,73.22981216609541
1770.0,29.5,293.0,False,21975.0,45720.38038900599,20000.0,0.0,69.11331253717674,-0.37604457123939394,80.1774225635215,80.04389657990613,1.1497743058786505,307.0022187561961,101323.84563657503,-1.1543634249683237,434.2066602858512,69.61705107746087,14901.075004187309,301.47370315964486,28.32370315964488,35.0,101325.0,223.37653502261844,33.85221875619612,19.33806974373913,202440.83469209386,73.51149003463966
1775.0,29.583333333333332,294.16666666666663,False,22062.499999999996,44467.84666180973,20000.0,0.0,69.03164466961346,-0.37674864309184164,80.08225315635923,79.95110424402911,1.1498252356610605,306.98860744493555,101323.84130987697,-1.1586901230330113,434.2900782729068,69.53326624290291,14901.735054167346,301.47476243319255,28.324762433192575,35.0,101325.0,223.42934566571114,33.838607444935576,19.314796178584142,201710.79514872446,73.79215088869579
1780.0,29.666666666666668,295.33333333333337,False,22150.000000000004,43249.62675099941,20000.0,0.0,68.95083629916758,-0.37681599558531276,79.98679650852246,79.85871331669637,1.1498756777715091,306.9751393831946,101323.84089555487,-1.1591044451342896,434.37355420000097,69.44986737302311,14902.38878391876,301.4758192505346,28.325819250534607,35.0,101325.0,223.48209513972014,33.825139383194596,19.291629825839752,200985.86371714636,74.07180134624153
1785.0,29.75,296.5,False,22237.5,42064.78061163301,20000.0,0.0,68.87076793398171,-0.38080868134239665,79.89636432791377,79.76679313679462,1.1499253867343102,306.9617946556636,101323.81620202624,-1.1837979737611022,434.45709271732,69.36692941732984,14903.033012076661,301.476873636361,28.32687363636103,35.0,101325.0,223.5347380683396,33.81179465566362,19.268591504813845,200266.66330194726,74.35044893444923
1790.0,29.833333333333332,297.66666666666663,False,22324.999999999996,40912.39395179124,20000.0,0.0,68.79172995975841,-0.3806153929779947,79.80173409999469,79.67544013201153,1.149974750525272,306.9486216599597,101323.81740345003,-1.1825965499738231,434.54069007849654,69.28451263440203,14903.672766807525,301.47792561484204,28.32792561484206,35.0,101325.0,223.58734787927023,33.798621659959736,19.245697954000565,199553.6838645805,74.6281019533149
1795.0,29.916666666666668,298.83333333333337,False,22412.500000000004,39791.57752705997,20000.0,0.0,68.71356659046171,-0.38174110979154746,79.70928348032295,79.58470636132058,1.1500234792421657,306.9355944317436,101323.81039775588,-1.1896022441214882,434.62435063812137,69.20267959551987,14904.304290978467,301.4789752122262,28.328975212226226,35.0,101325.0,223.63987040239607,33.78559443174362,19.222966554311075,198847.43060730372,74.90476939392038
1800.0,30.0,300.0,False,22500.0,38701.4664543408,20000.0,0.0,68.6362786286636,-0.38480412819864573,79.61978238810849,79.49465082228299,1.1500715273530484,306.92271310477724,101323.79123088099,-1.2087691190099576,434.7080778054598,69.12148412650839,14904.926994495507,301.480022454873,28.330022454873017,35.0,101325.0,223.6922984687781,33.77271310477727,19.200412257363443,198148.3287355077,75.18046089346399
1805.0,30.083333333333332,299.3333333333333,False,22450.0,37641.21954446003,20000.0,0.0,68.55995356054223,-0.3836209202797864,79.52618902278691,79.40534198410045,1.150119279912758,306.90999226009035,101323.7986529757,-1.2013470242964104,434.790416615112,69.04096242097926,14905.545867669343,301.4810673675682,28.33106736756821,35.0,101325.0,223.74395818705256,33.75999226009037,19.178045116938684,197456.64819420266,75.4551865718874
1810.0,30.166666666666668,298.6666666666667,False,22400.0,36610.01865306122,20000.0,0.0,68.48417542932975,-0.3874355143096019,79.43911024995643,79.31677036450375,1.150166338000831,306.89736257155494,101323.77464263063,-1.225357369374251,434.86998545061766,68.96113000695944,14906.155740490767,301.48210997228216,28.332109972282183,35.0,101325.0,223.79406080371825,33.74736257155496,19.155869446377622,196772.4795492481,75.72895679948702
1815.0,30.25,298.0,False,22350.0,35607.068049280366,20000.0,0.0,68.4092408093843,-0.3880496457100538,79.34915611593458,79.22896497216499,1.1502131014735748,306.8848734682307,101323.77075487726,-1.2292451227403944,434.94685171867957,68.88198792959516,14906.76179509753,301.48315028877556,28.333150288775585,35.0,101325.0,223.84271857601405,33.73487346823072,19.133885535998655,196095.78888753898,76.00178198590146
1820.0,30.333333333333332,297.3333333333333,False,22300.0,34631.59380171657,20000.0,0.0,68.33505704231948,-0.388947767518142,79.26033110693147,79.14192590233039,1.150259379143396,306.8725095070532,101323.7650582379,-1.2349417621007888,435.0210898619866,68.8035475626965,14907.36155369841,301.4841883387164,28.334188338716444,35.0,101325.0,223.88993240359326,33.722509507053246,19.11209654519347,195426.63067388427,76.27367255504134
1825.0,30.416666666666668,296.6666666666667,False,22250.0,33682.843181224314,20000.0,0.0,68.2615887934636,-0.3917923673458344,79.17455338881106,79.05566042286841,1.1503050723567865,306.8602647989106,101323.74692849706,-1.2530715029424755,435.09277090818864,68.72582093452507,14907.953737743952,301.4852241441631,28.335224144163135,35.0,101325.0,223.93571942628063,33.7102647989106,19.090505815145853,194765.06450864955,76.54463901002921
1830.0,30.5,296.0,False,22200.0,32760.084080066637,20000.0,0.0,68.18905520215503,-0.3906140887655057,79.08499464653941,78.97019869713415,1.1503504764946955,306.8481758670258,101323.75445415231,-1.2455458476906642,435.1619585231446,68.64881643529124,14908.542175371253,301.4862577269041,28.336257726904137,35.0,101325.0,223.98016971260193,33.69817586702584,19.06911567646979,194111.1186733976,76.81469191501675
1835.0,30.583333333333332,295.3333333333333,False,22150.0,31862.604446980815,20000.0,0.0,68.11716654253962,-0.3945085573028094,79.00209584271283,78.88553000561333,1.1503951123776925,306.8361944237566,101323.72949386298,-1.2705061370215844,435.22872443797576,68.57255316616296,14909.120656414894,301.48728911082935,28.337289110829374,35.0,101325.0,224.0232266921454,33.686194423756604,19.047931435045268,193464.91194472573,77.08384193627934
1840.0,30.666666666666668,294.6666666666667,False,22100.0,30989.71173772082,20000.0,0.0,68.04629274025262,-0.3929553970070972,78.91381319697909,78.8016986132114,1.150439514307004,306.8243821233754,101323.73947800786,-1.2605219921388198,435.2931249475016,68.49703755236499,14909.696105418772,301.48831831812527,28.33831831812529,35.0,101325.0,224.0650231914619,33.67438212337544,19.02695487565694,192826.45510122928,77.35209983006125
1845.0,30.75,294.0,False,22050.0,30140.732380652316,20000.0,0.0,67.97608747474135,-0.39656505307197853,78.83232468579875,78.7186902595603,1.150483124320543,306.8126812457902,101323.71621354026,-1.2837864597386215,435.35522881721056,68.4222902496291,14910.261291194236,301.4893453736723,28.3393453736723,35.0,101325.0,224.10548576057698,33.662681245790225,19.006191736008084,192195.8788660093,77.61947645087183
1850.0,30.833333333333332,293.3333333333333,False,22000.0,29315.011256988142,20000.0,0.0,67.90689237843515,-0.395609887747941,78.74649488027514,78.6365469320636,1.1505264405967566,306.80114872973917,101323.72239034054,-1.2776096594607225,435.41508883242943,68.34831791547205,14910.822670133966,301.49037030043314,28.340370300433165,35.0,101325.0,224.14473842683577,33.65114872973919,18.985643865408903,191573.19525525428,77.88598275234493
1855.0,30.916666666666668,292.6666666666667,False,21950.0,28511.911195262815,20000.0,0.0,67.83843728045383,-0.3983120125307937,78.66576343245593,78.55526040576993,1.1505690285866153,306.7897395467423,101323.70487788305,-1.295122116949642,435.4727683531542,68.27513904339052,14911.374610482533,301.4913931236595,28.341393123659543,35.0,101325.0,224.18272898435936,33.639739546742305,18.965316400941813,190958.51564577725,78.15162977380396
1860.0,31.0,292.0,False,21900.0,27730.812479656353,20000.0,0.0,67.77095888237125,-0.39798436341427973,78.58247900336785,78.47486316495284,1.1506112322586741,306.77849314706185,101323.70700772635,-1.2929922736511799,435.5283184961064,68.2027612496925,14911.921570072418,301.4924138671706,28.34241386717065,35.0,101325.0,224.21955059724976,33.628493147061874,18.94521145824792,190351.8595590318,78.41642864547397
1865.0,31.083333333333332,291.3333333333333,False,21850.0,26971.11237178768,20000.0,0.0,67.70428209173963,-0.39994637362510455,78.50275251618572,78.39535367701805,1.150652768581344,306.76738034862325,101323.6942277406,-1.305772259394871,435.5817970554043,68.13119980032968,14912.459880814216,301.4934325563571,28.34343255635713,35.0,101325.0,224.25517770986136,33.61738034862327,18.925333277869356,189753.31045178283,78.68039056909258
1870.0,31.166666666666668,290.6666666666667,False,21800.0,26232.22464560883,20000.0,0.0,67.63855676310277,-0.3999995012143318,78.42178341233469,78.31675586756195,1.1506938542621676,306.7564261271838,101323.6938808084,-1.3061191916058306,435.6332533869987,68.06046245704438,14912.992351237692,301.4944492156879,28.344449215687916,35.0,101325.0,224.28967781009982,33.606426127183795,18.90568401584566,189162.88871383798,78.94352681851316
1875.0,31.25,290.0,False,21750.0,25513.57913504096,20000.0,0.0,67.5736702942047,-0.4015491082183249,78.3434866428237,78.2390717080128,1.1507343071760465,306.74561171570076,101323.68374133624,-1.31625866376271,435.68274061096616,67.99056152242039,14913.516621001563,301.4954638706505,28.34546387065052,35.0,101325.0,224.3230426023351,33.595611715700784,18.88626708956122,188580.65256689163,79.20584872218032
1880.0,31.333333333333332,289.3333333333333,False,21700.0,24814.62129400309,20000.0,0.0,67.50972687477338,-0.40167419187780457,78.26452402346771,78.1623196168006,1.1507742791138607,306.7349544791289,101323.68292117208,-1.3170788279239787,435.730305728914,67.92150383912693,14914.034657315635,301.49647654609606,28.346476546096085,35.0,101325.0,224.35532573169738,33.584954479128896,18.86708439975748,188006.6146492479,79.46736765774709
1885.0,31.416666666666668,288.6666666666667,False,21650.0,24134.81176849408,20000.0,0.0,67.44663328833656,-0.4031410550102869,78.18807585447735,78.08650130578894,1.150813622265967,306.7244388813894,101323.67328399808,-1.3267160019167932,435.77599830199557,67.85329943526007,14914.544544566932,301.4974872676223,28.34748726762234,35.0,101325.0,224.3865237639732,33.574438881389426,18.848138732016686,187440.8141424831,79.72809503885246
1890.0,31.5,288.0,False,21600.0,23473.625980397675,20000.0,0.0,67.38449173783624,-0.4030405738334643,78.11081539011411,78.01163307704545,1.1508524897156918,306.714081956306,101323.6739452722,-1.3260547278041486,435.81986230188096,67.78595326001992,14915.048266715366,301.4984960602008,28.34849606020083,35.0,101325.0,224.41668905534223,33.56408195630604,18.829431461116645,186883.24816898178,79.98804230434652
1895.0,31.583333333333332,287.3333333333333,False,21550.0,22830.553722689416,20000.0,0.0,67.3231867855925,-0.40471353708555174,78.036579319024,77.93771293840575,1.1508907037630978,306.7038644642654,101323.66291390122,-1.3370860987779452,435.86194481900105,67.71947386799698,14915.543520769746,301.4995029495654,28.34950294956542,35.0,101325.0,224.445811076573,33.553864464265416,18.810964963332495,186333.9439095993,80.24722090995667
1900.0,31.666666666666668,286.6666666666667,False,21500.0,22205.098765733033,20000.0,0.0,67.26285820272778,-0.40413036225777327,77.9607543216595,77.86475821780782,1.1509284787301441,306.6938097004546,101323.66676449226,-1.333235507743666,435.9022861773181,67.65386351697411,14916.03308434267,301.5005079605728,28.350507960572827,35.0,101325.0,224.4739522655284,33.54380970045463,18.792739865826142,185792.87674291668,80.50564231318756
1905.0,31.75,286.0,False,21450.0,21596.778474362654,20000.0,0.0,67.2033326940035,-0.406234133273375,77.88901171830624,77.79276038946382,1.1509655520329516,306.6838887823339,101323.65284758338,-1.3471524166234303,435.94093195971186,67.5891300587219,14916.513554347053,301.5015111191144,28.351511119114434,35.0,101325.0,224.50108476626187,33.53388878233392,18.774758349644973,185260.06853526665,80.76331796963076
1910.0,31.833333333333332,285.3333333333333,False,21400.0,21005.1234354551,20000.0,0.0,67.14481880856306,-0.4049921064942413,77.81443982667696,77.72174033208525,1.1510022464587686,306.6741364680938,101323.66107260145,-1.3389273985521868,435.9779183757826,67.52527249291464,14916.98911410564,301.50251244973674,28.352512449736764,35.0,101325.0,224.5272900722932,33.52413646809384,18.757020136920733,184735.46864411718,81.02025931489422
1915.0,31.916666666666668,284.6666666666667,False,21350.0,20429.67709570516,20000.0,0.0,67.08706114913707,-0.4076417826435178,77.74533810535183,77.65168115342243,1.1510381770323652,306.6645101915228,101323.6434953228,-1.3565046771982452,436.0132902192046,67.46229856044036,14917.454774339452,301.50351197848505,28.353511978485074,35.0,101325.0,224.55251604877324,33.514510191522845,18.7395273779001,184219.09873658142,81.27647776446413
1920.0,32.0,284.0,False,21300.0,19869.995409324158,20000.0,0.0,67.03035223680422,-0.4057281402416926,77.67201618246213,77.58260856551402,1.1510737977882295,306.655058706134,101323.6562014385,-1.3437985615018988,436.04707943816294,67.40020380499304,14917.916419335455,301.5045097294657,28.354509729465747,35.0,101325.0,224.57686761886134,33.50505870613404,18.72227883472029,183710.88091194554,81.5319846947756
1925.0,32.083333333333336,283.3333333333333,False,21250.0,19325.646495389967,20000.0,0.0,66.97435219821409,-0.40884611450467345,77.60547403651135,77.51449726235104,1.1511085973412816,306.645725366369,101323.63546820126,-1.3645317987393355,436.07933028162677,67.33899602642745,14918.36742154301,301.50550572881133,28.35550572881135,35.0,101325.0,224.60026770337214,33.495725366369015,18.705276674007624,183210.83821454417,81.786791444169
1930.0,32.166666666666664,282.6666666666667,False,21200.0,18796.210304584147,20000.0,0.0,66.91941910154208,-0.40665908601272405,77.53386255193085,77.44737643169155,1.151143132407608,306.636569850257,101323.65002765521,-1.3499723447894212,436.11007099235394,67.27866783143716,14918.8149960026,301.50650000018203,28.356500000182052,35.0,101325.0,224.6228393737481,33.48656985025701,18.68851884206588,182718.8700803655,82.04090929715159
1935.0,32.25,282.0,False,21150.0,18281.278295058983,20000.0,0.0,66.86517677610914,-0.4097416061987562,77.46930295009588,77.38121632978482,1.1511768384894392,306.62752946268483,101323.62948421347,-1.3705157865333604,436.1393444236151,67.21922622359529,14919.25182682313,301.5074925695712,28.357492569571207,35.0,101325.0,224.64449446375176,33.477529462684856,18.67200728433202,182234.99410605576,82.29434948061439
1940.0,32.333333333333336,281.3333333333333,False,21100.0,17780.453117184294,20000.0,0.0,66.81197668145285,-0.407941039104366,77.40015537797787,77.31604403859616,1.1512102643387574,306.6186627802421,101323.64150292746,-1.3584970725351013,436.1671768134527,67.16066250764855,14919.685025830295,301.50848346037634,28.358483460376362,35.0,101325.0,224.66535348150006,33.46866278024214,18.655739585457933,181759.10066298523,82.54712315753733
1945.0,32.416666666666664,280.6666666666667,False,21050.0,17293.348306930773,20000.0,0.0,66.75949679628945,-0.4102417614777273,77.33671662056437,77.25183267147015,1.1512429302669165,306.6099161327149,101323.62613630318,-1.3738636968191713,436.1936078371545,67.10298116971651,14920.108376259239,301.5094726980918,28.35947269809185,35.0,101325.0,224.68534316910868,33.45991613271491,18.63971699158792,181291.18808045078,82.79924141360915
1950.0,32.5,280.0,False,21000.0,16819.587987653296,20000.0,0.0,66.70798369582337,-0.40946658656465396,77.27075621954188,77.1885996114069,1.151275226557795,306.60133061597054,101323.63132338357,-1.3686766164319124,436.2186639947044,67.0461743906308,14920.526936189022,301.5104603061328,28.360460306132836,35.0,101325.0,224.7045532639642,33.45133061597056,18.62393733073078,180831.15549840993,83.0507152633167
1955.0,32.583333333333336,279.3333333333333,False,20950.0,16358.806580043949,20000.0,0.0,66.6572643531938,-0.4103339827699275,77.20767937705408,77.1263284180443,1.1513069029777545,306.59287739219894,101323.62551855171,-1.3744814482924994,436.24237987677884,66.99024232249785,14920.937462591699,301.51144630912705,28.361446309127075,35.0,101325.0,224.7229526698793,33.442877392198966,18.60840064513829,180378.9674962895,83.30155562650747
1960.0,32.666666666666664,278.6666666666667,False,20900.0,15910.648520031129,20000.0,0.0,66.60739648438891,-0.41100878490695225,77.14537810568005,77.06502036194321,1.151338062760308,306.58456608073146,101323.62099411208,-1.379005887923995,436.26478421079923,66.93517990465936,14921.34129337359,301.5124307307473,28.36243073074735,35.0,101325.0,224.7405762601093,33.434566080731486,18.593105529072044,179934.54722057597,83.55177334506085
1965.0,32.75,278.0,False,20850.0,15474.76798440687,20000.0,0.0,66.55842015851874,-0.4101529638048863,77.08231353953526,77.00467457342468,1.1513687827925574,306.5764033597531,101323.62673099006,-1.3732690099423053,436.2859052336871,66.88098177080649,14921.739424991543,301.5134135944984,28.36341359449841,35.0,101325.0,224.75745351986637,33.426403359753124,18.57805049189069,179497.81623277935,83.80137915301457
1970.0,32.833333333333336,277.3333333333333,False,20800.0,15050.828623970856,20000.0,0.0,66.51016789048685,-0.4122832023627912,77.02365793600767,76.94527356189568,1.151398823516104,306.5683613150811,101323.61242906979,-1.3875709302083123,436.30577483755644,66.82764650299254,14922.128752768707,301.5143949243955,28.364394924395526,35.0,101325.0,224.7735540477031,33.41836131508114,18.56323513972015,179068.72871233706,84.05038369811535
1975.0,32.916666666666664,276.6666666666667,False,20750.0,14638.503303984944,20000.0,0.0,66.4628904979852,-0.4100940676869739,76.9610306431456,76.88683192668105,1.1514285850820385,306.5604817496642,101323.62712535223,-1.3728746477718232,436.3244150575698,66.77516341250372,14922.51446266322,301.5153747427965,28.36537474279652,35.0,101325.0,224.78896724723649,33.4104817496642,18.548656503473254,178647.1650960415,84.29879751326007
1980.0,33.0,276.0,False,20700.0,14237.473851738216,20000.0,0.0,66.41624517224693,-0.4130315807859867,76.9052536083941,76.8293174975723,1.1514575611680917,306.5527075287078,101323.60738704713,-1.3926129528699676,436.3418600115209,66.72353379627218,14922.889992738468,301.5163530738557,28.36635307385575,35.0,101325.0,224.8036117885882,33.40270752870782,18.534314943408937,178233.102989414,84.54663103276386
1985.0,33.083333333333336,275.3333333333333,False,20650.0,13847.430811027525,20000.0,0.0,66.37058301898492,-0.4109560325631618,76.84469620233904,76.77275180817963,1.1514863061768357,306.5450971698308,101323.62134807592,-1.378651924082078,436.3581280249639,66.67274408419193,14923.262528051791,301.51732993913356,28.367329939133583,35.0,101325.0,224.8176052906857,33.39509716983082,18.520206690053318,177826.40155031506,84.7938945775831
1990.0,33.166666666666664,274.6666666666667,False,20600.0,13468.07320336424,20000.0,0.0,66.32556724328413,-0.4131188035652555,76.78995632803374,76.7171023131501,1.1515143239128478,306.53759454054733,101323.60679880931,-1.3932011906872503,436.37325162825493,66.62279462791678,14923.625637910509,301.5183053622811,28.36830536228115,35.0,101325.0,224.8308675824023,33.387594540547354,18.506331841087995,177427.03238780692,85.04059835115125
1995.0,33.25,274.0,False,20550.0,13099.10829572278,20000.0,0.0,66.28144144821124,-0.41241085022553736,76.73287678196088,76.66238138851142,1.1515420053622354,306.5302402413685,101323.61156971932,-1.3884302806836786,436.387250051562,66.57367341488866,14923.98438949457,301.519279364743,28.369279364743022,35.0,101325.0,224.84348485575705,33.38024024136854,18.492687059691292,177034.86901042968,85.28675244934446
2000.0,33.333333333333336,273.3333333333333,False,20500.0,12740.251374651878,20000.0,0.0,66.23806154454246,-0.4126378651022411,76.67781200668254,76.60857075679597,1.151569149502977,306.5230102574237,101323.61004075334,-1.389959246662329,436.40015027779475,66.52537608346022,14924.336177558582,301.52025196901354,28.370251969013566,35.0,101325.0,224.8554317140187,33.37301025742374,18.479271134294503,176649.84698324173,85.53236683545117
2005.0,33.416666666666664,272.6666666666667,False,20450.0,12391.22552657413,20000.0,0.0,66.19541791300094,-0.41381328545156193,76.62476899964017,76.55566244255859,1.1515957611374292,306.51590298550013,101323.60211073293,-1.3978892670711502,436.41197571994616,66.47789530498504,14924.681064341083,301.5212231968955,28.371223196895528,35.0,101325.0,224.8667211094403,33.365902985500156,18.46608202916251,176271.8790034854,85.77745136738639
2010.0,33.5,272.0,False,20400.0,12051.761424104378,20000.0,0.0,66.15364081323025,-0.4120194566142822,76.56924786527208,76.50365884612945,1.1516220589587385,306.50894013553835,101323.61420381528,-1.3857961847243132,436.422746116223,66.43122042599785,14925.02188410525,301.5221930694357,28.372193069435696,35.0,101325.0,224.87740587000735,33.358940135538376,18.453116784999402,175900.85221312882,86.0220157640646
2015.0,33.583333333333336,271.3333333333333,False,20350.0,11721.597118222016,20000.0,0.0,66.11245773856217,-0.4146507082658036,76.51971611956822,76.45253103079038,1.1516476467053882,306.50207628976034,101323.5964472664,-1.4035527335945517,436.4324893789595,66.3853490687923,14925.353501301832,301.523161608808,28.373161608808005,35.0,101325.0,224.8874229570011,33.35207628976036,18.44037474133119,175536.72038767193,86.26606963392626
2020.0,33.666666666666664,270.6666666666667,False,20300.0,11400.47783613682,20000.0,0.0,66.07219342344649,-0.41232358843026023,76.46540761765877,76.40229595305344,1.151673040606187,306.4953655705744,101323.61215721162,-1.3878427883755649,436.4412198159057,66.3402660818029,14925.682606256185,301.5241288348758,28.37412883487582,35.0,101325.0,224.8968805069358,33.345365570574415,18.427851689389694,175179.33671557307,86.50962245135908
2025.0,33.75,270.0,False,20250.0,11088.155784692373,20000.0,0.0,66.03249551067302,-0.41466282551866945,76.41734616562513,76.35291799522221,1.1516977228213572,306.4887492517788,101323.59636523374,-1.4036347662622575,436.44896594064926,66.2959702726316,14926.002487764788,301.525094769545,28.375094769545,35.0,101325.0,224.9056920515826,33.338749251778836,18.41554729795322,174828.66595975478,86.75268356432805
2030.0,33.833333333333336,269.3333333333333,False,20200.0,10784.389959155335,20000.0,0.0,65.99364007673068,-0.41365259585813235,76.36633302418305,76.30440994474515,1.151722135596417,306.48227334612176,101323.60319616277,-1.3968038372258889,436.4557420098554,66.25244717141003,14926.318877329564,301.52605943231686,28.37605943231688,35.0,101325.0,224.9139512615341,33.33227334612178,18.403457547613893,174484.5685080353,86.99526219937513
2035.0,33.916666666666664,268.6666666666667,False,20150.0,10488.945957243075,20000.0,0.0,65.95545136484077,-0.4139527004794652,76.31769996829496,76.25674940343461,1.1517460311155037,306.4759085608068,101323.60116866748,-1.3988313325244235,436.461571617518,66.2096914973325,14926.628563256927,301.5270228439479,28.37702284394794,35.0,101325.0,224.9216218658961,33.325908560806795,18.39158097148125,174146.97832268925,87.2373674402298
2040.0,34.0,268.0,False,20100.0,10201.595798246039,20000.0,0.0,65.91793937986813,-0.41501007163368286,76.27080292786057,76.20992829417486,1.1517694454608236,306.46965656331133,101323.59401339137,-1.4059866086317925,436.4664737946927,66.16769405936378,14926.932013172274,301.52798502430835,28.377985024308373,35.0,101325.0,224.9287206842147,33.319656563311355,18.37991501648994,173815.79922027272,87.47900825796798
2045.0,34.083333333333336,267.3333333333333,False,20050.0,9922.117747105425,20000.0,0.0,65.88122765566663,-0.4130933753915058,76.22135408903164,76.16394695540026,1.1517925881113957,306.4635379426111,101323.6069703119,-1.3930296881007962,436.47046460047983,66.1264430258984,14927.23194192369,301.52894599258667,28.378945992586694,35.0,101325.0,224.9352968697111,33.313537942611106,18.368456396082887,173490.9150456438,87.7201934762082
2050.0,34.166666666666664,266.6666666666667,False,20000.0,9650.296143310314,20000.0,0.0,65.84503885814263,-0.4156989939101019,76.17793664863447,76.11877489769923,1.1518150564295488,306.4575064763571,101323.58934160377,-1.410658396227518,436.4735683803185,66.08593495352963,14927.523131326952,301.52990576908354,28.379905769083564,35.0,101325.0,224.94128430703122,33.307506476357105,18.357204153758232,173172.27648057256,87.96093180365696
2055.0,34.25,266.0,False,19950.0,9385.921234482237,20000.0,0.0,65.80969955828243,-0.41340892138388724,76.12974361228865,76.07442784758905,1.1518373700756095,306.45161659304705,101323.60484133649,-1.3951586635084823,436.47579582209653,66.04615358381308,14927.8123161799,301.5308643717523,28.380864371752295,35.0,101325.0,224.94678996131617,33.30161659304707,18.34615377328141,172859.73414116204,88.20123181103317
2060.0,34.333333333333336,265.3333333333333,False,19900.0,9128.789014518828,20000.0,0.0,65.7748707966158,-0.4154397707837195,76.08732990676431,76.03087032320795,1.1518590323349787,306.44581179943594,101323.59110038246,-1.408899617541465,436.4771717182636,66.00709651864499,14928.093059061324,301.53182182054576,28.38182182054578,35.0,101325.0,224.95172957777362,33.29581179943597,18.335304588512496,172553.24836644254,88.44110193777456
2065.0,34.416666666666664,264.6666666666667,False,19850.0,8878.701066171552,20000.0,0.0,65.7407941360209,-0.4147568378479927,76.04262054583722,75.98811137410782,1.1518804330630448,306.44013235600346,101323.59572869762,-1.4042713023809483,436.477707741678,65.96874918001913,14928.370412497059,301.5327781331679,28.382778133167903,35.0,101325.0,224.95618528321586,33.29013235600348,18.324652550005315,172252.68457409542,88.6805505023166
2070.0,34.5,264.0,False,19800.0,8635.464407936148,20000.0,20.0,65.70882785041363,-0.41436033219575913,98.90914554996638,98.98408808305976,1.1519004903113232,306.4348046417356,101323.59841236818,-1.401587631815346,436.47506069166474,65.93111029608765,14928.63035443475,301.53373332922797,28.383733329227994,35.0,101325.0,224.95873807173214,33.284804641735604,18.31419730446879,171958.01321340937,88.91958570911348
2075.0,34.583333333333336,263.3333333333333,False,19750.0,8398.891345137572,20000.0,20.0,65.75332916236482,-0.41572926436698954,98.87568428248463,98.94645917729851,1.1518725051679017,306.4422215270608,101323.58913615305,-1.4108638469479047,436.349461757722,65.90053042621732,14928.267666976008,301.53468854796137,28.38468854796139,35.0,101325.0,224.8885407820483,33.2922215270608,18.30570289617148,171718.85380587957,89.1582502000991
2080.0,34.666666666666664,262.6666666666667,False,19700.0,8168.799325094553,20000.0,20.0,65.7951245716356,-0.4168084873140704,98.85484302703628,98.92200312997926,1.1518462385547343,306.4491874286059,101323.58180150941,-1.4181984905881109,436.2272635511981,65.88125725365956,14927.927251669356,301.53564478500203,28.385644785002057,35.0,101325.0,224.82043471086274,33.29918742860593,18.300349237127655,171568.23593091086,89.39664401241632
2085.0,34.75,262.0,False,19650.0,7945.010796251968,20000.0,20.0,65.83442867135045,-0.42009214899628566,98.84704574368033,98.9082442375762,1.151821362102129,306.4557381118917,101323.55936805185,-1.4406319481495302,436.10808426945886,65.87116673809898,14927.604852843591,301.5366019697192,28.38660196971921,35.0,101325.0,224.75415861465123,33.30573811189174,18.297546316138607,171489.4147205744,89.6348784920354
2090.0,34.833333333333336,261.3333333333333,False,19600.0,7727.35307117239,20000.0,20.0,65.87163389025352,-0.41895680276168556,98.84267512650065,98.90316360552904,1.1517981448519443,306.4619389817089,101323.56714446873,-1.4328555312677054,435.99176993535366,65.86848663334352,14927.303957281198,301.5375600363267,28.387560036326704,35.0,101325.0,224.6896853016046,33.31193898170892,18.296801842595425,171468.4833668997,89.8730436990406
2095.0,34.916666666666664,260.6666666666667,False,19550.0,7515.658193281031,20000.0,20.0,65.90655961292305,-0.4222418067010558,98.8501766210724,98.90502202498686,1.1517760115320432,306.46775993548715,101323.54458658509,-1.4554134149075253,435.87819411048326,65.8717502662932,14927.01710945528,301.5385189250461,28.388518925046128,35.0,101325.0,224.62683707088692,33.317759935487175,18.29770840730367,171493.9722439917,90.11121207099261
2100.0,35.0,260.0,True,19500.0,257309.7628072613,20000.0,20.0,65.93829200593598,-0.4331339100193902,98.87178611342817,98.91242337430126,1.1517552710733103,306.473048667656,101323.46853074279,-1.5314692572137574,435.76723134141986,65.87972276621375,14926.748313110102,301.5394785773844,28.38947857738441,35.0,101325.0,224.5656092598773,33.323048667655996,18.299922990614927,171556.24785494673,90.34944139050576
2105.0,35.083333333333336,259.3333333333333,True,19450.0,257109.5080330009,20000.0,20.0,66.46219862371788,0.2721617983349,98.43403421531737,99.25842416365901,1.1514514907578184,306.5603664372863,101325.6046697508,0.6046697507990757,435.6610855576152,65.93070906540673,14922.811320221326,301.54044586549867,28.39044586549869,35.0,101325.0,224.45169304334485,33.410366437286314,18.31408585150187,171954.8738269856,90.58799078056266
2110.0,35.166666666666664,258.6666666666667,True,19400.0,256914.73934299132,20000.0,20.0,66.95654637106179,0.25896709240320664,98.5725061055188,99.35566286983469,1.151141459387066,306.6427577285103,101325.54746085672,0.5474608567164978,435.55690751538134,66.05159192676145,14918.793313656375,301.54142704466057,28.39142704466059,35.0,101325.0,224.33760096796567,33.4927577285103,18.347664424100405,172902.43827490186,90.82747502507786
2115.0,35.25,258.0,True,19350.0,256725.30644308592,20000.0,20.0,67.42877884775021,0.24774160246551716,98.77464736645784,99.5202873869061,1.1508455465338037,306.7214631412917,101325.5010277681,0.5010277680994477,435.4541671807368,66.22805672394604,14914.958283078095,301.5424214620408,28.39242146204083,35.0,101325.0,224.22702890686767,33.5714631412917,18.396682423318346,174291.9330503136,91.06858222738703
2120.0,35.333333333333336,257.3333333333333,True,19300.0,256541.0631565248,20000.0,20.0,67.87999535717961,0.2386551291962153,99.0268889507914,99.73875817133748,1.150563038772319,306.79666589286325,101325.4649491485,0.464949148503365,435.35254357496916,66.44825798228472,14911.296982489253,301.54342851541435,28.39342851541437,35.0,101325.0,224.1196701327268,33.64666589286327,18.45784943952353,176036.2263339669,91.3118656714039
2125.0,35.416666666666664,256.6666666666667,True,19250.0,256361.8673111368,20000.0,20.0,68.31120132453191,0.23223754799945473,99.31792859684785,100.00024956658096,1.1502933004104703,306.86853355408863,101325.44027982613,0.44027982612897176,435.25179389740094,66.70232908026561,14907.801173319694,301.54444763171796,28.39444763171798,35.0,101325.0,224.01527363018988,33.71853355408865,18.528424744518226,178063.22973071202,91.5577680714488
2130.0,35.5,256.0,True,19200.0,256187.5806296318,20000.0,0.0,68.72332289227973,0.22655746959739323,76.72827662704259,77.29231539808728,1.150035644387619,306.9372204820466,101325.41900642474,0.41900642473774496,435.15163205397704,66.98206843281503,14904.461951263542,301.5454782651739,28.39547826517395,35.0,101325.0,223.91355637035937,33.78722048204662,18.606130120226396,180312.94812522936,91.8066404171821
2135.0,35.583333333333336,255.33333333333334,True,19150.0,256018.06862289828,20000.0,0.0,69.06441071679183,0.21339817946648632,77.06557618080882,77.60140665625875,1.1498221489357583,306.9940684527986,101325.37174516734,0.37174516734376084,435.1650290289965,67.27652339499991,14901.695050207427,301.54651916525575,28.396519165255768,35.0,101325.0,223.87888083302613,33.84406845279864,18.687923165277752,182701.39872459698,92.05873371360559
2140.0,35.666666666666664,254.66666666666666,True,19100.0,255853.2004862243,20000.0,0.0,69.39228257354091,0.21234565165436933,77.40979990964941,77.93184277146273,1.1496174741469662,307.0487137622568,101325.3680871492,0.36808714919607155,435.1770466850199,67.57702300707217,14899.042464944681,301.54756914718985,28.39756914718987,35.0,101325.0,223.84521074701107,33.89871376225682,18.77139527974227,185160.53101496564,92.31419338703584
2145.0,35.75,254.0,True,19050.0,255692.84899836133,20000.0,0.0,69.7078805918718,0.2053804248857157,77.7577152390644,78.25957510454964,1.1494203006404762,307.1013134319786,101325.3443356647,0.34433566470397636,435.18597098140214,67.88074530383345,14896.487096300572,301.5486278664583,28.3986278664583,35.0,101325.0,223.8114082145296,33.95131343197863,18.85576258439818,187668.35902921014,92.5731023384554
2150.0,35.833333333333336,253.33333333333334,True,19000.0,255536.89042335356,20000.0,0.0,70.01170993810547,0.19785118908434435,78.10665245695687,78.58807311635293,1.1492305217941252,307.1519516563509,101325.31955177977,0.319551779772155,435.19186667678116,68.18535968636725,14894.027562451864,301.549694989095,28.399694989094996,35.0,101325.0,223.77748668190986,34.00195165635091,18.94037769065757,190206.1950080601,92.8355152232035
2155.0,35.916666666666664,252.66666666666666,True,18950.0,255385.2044150563,20000.0,0.0,70.30421586746081,0.19313818592245294,78.45442193159663,78.91901969228522,1.1490479749193618,307.2007026445768,101325.30450905193,0.3045090519299265,435.1948101708854,68.48895465517377,14891.661754954928,301.5507701923253,28.400770192325297,35.0,101325.0,223.74345457917238,34.0507026445768,19.024709626437158,192758.20050707783,93.101462720089
2160.0,36.0,252.0,True,18900.0,255237.67392427046,20000.0,20.0,70.58597451026651,0.18687110645686142,101.70933277207519,102.22301492334671,1.1488721338399608,307.24766241837773,101325.28506784023,0.28506784023193177,435.1941136725379,68.78997140923644,14889.382854565893,301.5518531641584,28.40185316415841,35.0,101325.0,223.7088566460403,34.09766241837775,19.108325391454567,195310.97013551468,93.37095519970192
2165.0,36.083333333333336,251.33333333333334,True,18850.0,255094.18510842102,20000.0,20.0,70.89624478700819,0.1737791466168843,102.05341707857188,102.53577330784279,1.1486783670233607,307.299374131168,101325.24652401468,0.2465240146848373,435.0768477074938,69.09034930872254,14886.871636622755,301.55294416696813,28.402944166968155,35.0,101325.0,223.61085661027465,34.14937413116803,19.191763696867373,197880.6897927033,93.64400496354097
2170.0,36.166666666666664,250.66666666666666,True,18800.0,254954.62724370972,20000.0,20.0,71.19275090690496,0.17517707894124676,102.39799467406975,102.86637314246599,1.1484937196249172,307.34879181781747,101325.2505061958,0.2505061958072474,434.9604210913641,69.3911578384676,14884.478606338927,301.55404339163186,28.404043391631888,35.0,101325.0,223.51508300783627,34.198791817817494,19.275321621796557,200476.5835066954,93.92064195888777
2175.0,36.25,250.0,True,18750.0,254818.8926396747,20000.0,20.0,71.47564678063168,0.17040605072707923,102.74056608594523,103.1885154339621,1.1483174076741545,307.39594113010526,101325.23704671122,0.2370467112195911,434.845172606487,69.69021501480567,14882.193603457043,301.55515045358163,28.405150453581655,35.0,101325.0,223.42155573786593,34.24594113010528,19.35839305966824,203079.77040202208,94.20088942687994
2180.0,36.333333333333336,249.33333333333334,True,18700.0,254686.87655609063,20000.0,20.0,71.74552585261222,0.16101939789047987,103.07911471738538,103.50194556815268,1.1481491164439663,307.44092097543535,101325.21165099181,0.21165099181234837,434.73110461766703,69.98576039384743,14880.012549113804,301.55626498395065,28.406264983950678,35.0,101325.0,223.33021322832195,34.29092097543537,19.440488998290952,205674.43222056623,94.4847465120345
2185.0,36.416666666666664,248.66666666666666,True,18650.0,254558.4771221454,20000.0,20.0,72.00304381681713,0.15500993499844032,103.41202812337897,103.81421908209066,1.1479886781594142,307.48384063613616,101325.19614759141,0.19614759141404647,434.6182273552524,70.27638634718214,14877.933268946008,301.55738662891923,28.407386628919255,35.0,101325.0,223.24102661328246,34.33384063613619,19.521218429772816,208247.36531596744,94.77219220476822
2190.0,36.5,248.0,False,18600.0,124433.59525783107,20000.0,20.0,72.24674117108759,0.09868301921019682,103.73803888520034,104.06240845888651,1.1478357363535483,307.5244568618479,101325.07949663902,0.07949663902400061,434.5065566115027,70.56098644662524,14875.951143141985,301.55851505013806,28.408515050138078,35.0,101325.0,223.1539332553399,34.37445686184793,19.600274012951456,210787.65931660088,95.06318874965194
2195.0,36.583333333333336,247.33333333333334,False,18550.0,121024.6718514501,20000.0,20.0,72.22117671457272,-0.21792964213773824,104.28171220441348,104.24473243050511,1.1478463472054146,307.52019611909543,101324.61229935574,-0.387700644263532,434.3950141357391,70.81767144557531,14876.088659782172,301.55964621794584,28.409646217945863,35.0,101325.0,223.09870961189927,34.37019611909545,19.6715754015487,213096.43207118037,95.35755270200457
2200.0,36.666666666666664,246.66666666666666,False,18500.0,117709.13768425728,20000.0,20.0,72.1926638518155,-0.23054567329557346,104.54047290881397,104.4911079039795,1.1478635620370445,307.51544397530256,101324.56611177571,-0.43388822428823914,434.2849077639916,71.03094771868653,14876.311764000096,301.5607764511737,28.410776451173717,35.0,101325.0,223.04550572056004,34.36544397530258,19.73081881074626,215027.5358294953,95.6548610130467
2205.0,36.75,246.0,False,18450.0,114484.43430921332,20000.0,20.0,72.15942161468604,-0.24024872325368518,104.7529508820887,104.69473334403389,1.14788382051019,307.50990360244765,101324.52882082429,-0.4711791757144965,434.1764659388842,71.20673318446211,14876.574313812063,301.561905615117,28.411905615117007,35.0,101325.0,222.9937463179299,34.35990360244767,19.77964810679503,216627.9228647671,95.95462174825106
2210.0,36.833333333333336,245.33333333333334,False,18400.0,111348.07336927335,20000.0,20.0,72.12180383853718,-0.24746069727783157,104.92541621214961,104.86138659615963,1.1479068991905697,307.5036339730895,101324.50010778206,-0.49989221793657634,434.06983618136695,71.35007958406833,14876.873413509784,301.5630335825272,28.413033582527248,35.0,101325.0,222.94346337995682,34.35363397308953,19.81946655113009,217938.84049287162,96.25640422280497
2215.0,36.916666666666664,244.66666666666666,False,18350.0,108297.6346772349,20000.0,20.0,72.08008237014644,-0.2555549077185494,105.06669203480565,104.99600711282673,1.1479324808409348,307.4966803950244,101324.46687093176,-0.5331290682370309,433.96513260903396,71.46531600526745,14877.204951698515,301.5641602357269,28.41416023572691,35.0,101325.0,222.89465357448327,34.34668039502441,19.85147666812985,218996.51594469734,96.5598315536644
2220.0,37.0,244.0,False,18300.0,105330.76434818938,20000.0,0.0,72.03475698118689,-0.26210474624936037,82.26816097622876,82.14363440633572,1.1479603690614568,307.4891261635311,101324.43919266934,-0.5608073306648294,433.8620111148638,71.55615874918597,14877.56638303648,301.56528546642784,28.41528546642786,35.0,101325.0,222.84710174413078,34.33912616353115,19.876710763662768,219832.7066189327,96.86457406933357
2225.0,37.083333333333336,243.33333333333334,False,18250.0,102445.17298313603,20000.0,0.0,71.95641559434785,-0.26801297361924104,82.352103983231,82.22444569800608,1.148008827240176,307.4760692657246,101324.41362486508,-0.5863751349243103,433.86400656854335,71.62353088841174,14878.19440103268,301.56640877588757,28.41640877588759,35.0,101325.0,222.85753363821783,34.32606926572464,19.895425246781038,220454.22748935557,97.17032888468654
2230.0,37.166666666666664,242.66666666666666,False,18200.0,99638.63390235689,20000.0,0.0,71.87508068012733,-0.27362269933687516,82.40974748094008,82.27938253380091,1.1480591611540039,307.46251344668786,101324.38882137476,-0.6111786252440652,433.86685309968317,71.66824264621998,14878.846728555889,301.567529647119,28.41752964711901,35.0,101325.0,222.86876692966246,34.31251344668789,19.90784517950555,220867.3480291493,97.47680220101884
2235.0,37.25,242.0,False,18150.0,96908.9814271891,20000.0,0.0,71.79155375554035,-0.2825332209862915,82.44881030525245,82.3119966853556,1.1481106864432666,307.44859229259004,101324.34836717583,-0.6516328241705196,433.8683615328237,71.69343309602841,14879.514496304737,301.5686480190054,28.418648019005445,35.0,101325.0,222.87954424328626,34.29859229259006,19.914842526674562,221100.32584971763,97.78372419676805
2240.0,37.333333333333336,241.33333333333334,False,18100.0,94254.10920886917,20000.0,0.0,71.70627354388989,-0.2851069277774336,82.46133048951026,82.32538667061472,1.148163630988881,307.4343789239816,101324.33644114068,-0.6635588593198918,433.86866103767136,71.70178922991158,14880.200657615898,301.5697638358915,28.4197638358915,35.0,101325.0,222.88997608480818,34.28437892398165,19.91716367497544,221177.64503465715,98.09086167654887
2245.0,37.416666666666664,240.66666666666666,False,18050.0,91671.96860315939,20000.0,0.0,71.61914248654944,-0.29347701083151717,82.4638551472255,82.32216338151663,1.148217419739804,307.41985708109155,101324.29690811521,-0.7030918847885914,433.86787377582806,71.6956231165449,14880.897759827862,301.57087704890023,28.420877048900252,35.0,101325.0,222.90001349660963,34.26985708109157,19.915450865706916,221120.5883348722,98.39801322749994
2250.0,37.5,240.0,False,18000.0,89160.56708950213,20000.0,0.0,71.5305758263936,-0.29837122572596564,82.44803100926332,82.30461488958014,1.1482722873658366,307.4050959710656,101324.27326213599,-0.7267378640099196,433.8660976850402,71.67691478332969,14881.608844261242,301.57198761332126,28.421987613321278,35.0,101325.0,222.9097522728932,34.2550959710656,19.910254106480473,220947.53516505568,98.70500497993044
2255.0,37.583333333333336,239.33333333333334,False,17950.0,86717.96673348233,20000.0,0.0,71.4407215635465,-0.30110280380814025,82.41731778342664,82.2746881486711,1.148328078440092,307.39012026059106,101324.25989470644,-0.7401052935601911,433.8634229240902,71.64737124640757,14882.331896583593,301.5730954900868,28.423095490086837,35.0,101325.0,222.9192084896401,34.240120260591084,19.902047568446548,220674.43964158048,99.01168690687949
2260.0,37.666666666666664,238.66666666666666,False,17900.0,84342.28269141147,20000.0,0.0,71.34957027384894,-0.3085153450793549,82.38124318777291,82.23404685698934,1.1483844160078898,307.3749283789748,101324.22300638245,-0.7769936175463954,433.85993150242234,71.60846639042545,14883.06203146225,301.5742006453239,28.424200645323936,35.0,101325.0,222.9283510390577,34.22492837897482,19.891240664007068,220315.15306375158,99.31792967959153
2265.0,37.75,238.0,False,17850.0,82031.6817558795,20000.0,0.0,71.25743828865302,-0.31449563370663747,82.33425711432872,82.18415594793959,1.1484414432441805,307.3595730481088,101324.19259180718,-0.8074081928207306,433.8556897550411,71.56146831115852,14883.80110444458,301.575303048885,28.42530304888504,35.0,101325.0,222.93724173648533,34.20957304810884,19.87818564198848,219881.64588611232,99.62362190108448
2270.0,37.833333333333336,237.33333333333334,False,17800.0,79784.38094115187,20000.0,0.0,71.1644905643667,-0.31858181912154787,82.27708917685459,82.12627085171086,1.1484990896111973,307.34408176072776,101324.17147448592,-0.8285255140799563,433.8507584365096,71.50747579566054,14884.548201361116,301.5764026752516,28.42640267525161,35.0,101325.0,222.94589804818557,34.194081760727784,19.863187721016818,219384.32483843263,99.92866771408764
2275.0,37.916666666666664,236.66666666666666,False,17750.0,77598.64610732057,20000.0,0.0,71.0708383298437,-0.32195013079442,82.21217864090814,82.06147542835375,1.1485572203396426,307.3284730549739,101324.15386214924,-0.8461378507636255,433.8451919703971,71.44744203870587,14885.301575601768,301.5774995030862,28.42749950308621,35.0,101325.0,222.95432172414496,34.17847305497395,19.8465116774183,218832.23943823096,100.2329847726131
2280.0,38.0,236.0,False,17700.0,75472.79062214708,20000.0,0.0,70.97659278402398,-0.3254227364450944,82.14141568585134,81.99071112615202,1.14861571818722,307.312765464004,101324.13551055187,-0.8644894481258234,433.8390383703952,71.38219495685836,14886.059707706372,301.57859351485655,28.428593514856573,35.0,101325.0,222.96251462843753,34.162765464003996,19.82838748801621,218233.26222404544,100.53650248210079
2285.0,38.083333333333336,235.33333333333331,False,17650.0,73405.17405956502,20000.0,0.0,70.8818755845108,-0.32913818099401876,82.06578431980296,81.9147985333718,1.1486744988346993,307.2969792640851,101324.11565761479,-0.8843423852085834,433.83233983738785,71.31245502226457,14886.821504897702,301.5796846965879,28.429684696587913,35.0,101325.0,222.97048203400334,34.14697926408513,19.80901528396238,217594.24956007802,100.83916047639532
2290.0,38.166666666666664,234.66666666666669,False,17600.0,71394.20093383775,20000.0,0.0,70.78680677631769,-0.3330227312893022,81.98591999395829,81.8344537067411,1.1487334916196594,307.2811344627196,101324.09466008526,-0.9053399147378514,433.82513366684776,71.23885070274953,14887.586051390786,301.58077303767624,28.43077303767626,35.0,101325.0,222.97822934836654,34.131134462719615,19.78856963965265,216921.18262873776,101.14090730430422
2295.0,38.25,234.0,False,17550.0,69438.3194683948,20000.0,0.0,70.69149814382592,-0.337043535784106,81.9024146165756,81.7503024301304,1.1487926286376302,307.26524969063763,101324.07266657132,-0.9273334286845056,433.81745296275193,71.16193157252347,14888.352467143688,301.58185853070444,28.43185853070446,35.0,101325.0,222.98576036443657,34.115249690637654,19.767203214589852,216219.2884008574,101.44169929807478
2300.0,38.333333333333336,233.33333333333331,False,17500.0,67536.02039839608,20000.0,0.0,70.59605300289479,-0.3412245792590297,81.81584747270296,81.66289280218182,1.148851843729223,307.2493421671491,101324.04951662457,-0.9504833754326683,433.80932715342254,71.08217934968927,14889.11989473073,301.58294117124717,28.432941171247194,35.0,101325.0,222.99307732864867,34.09934216714913,19.74504981935813,215493.1424065436,101.74149959724659
2305.0,38.416666666666664,232.66666666666669,False,17450.0,65685.83580610105,20000.0,0.0,70.50057117254369,-0.34548606046925223,81.7266119097696,81.5727064232883,1.1489110794393553,307.23342852875726,101324.02562760834,-0.9743723916617455,433.8007823440835,71.00001721899494,14889.887589534046,301.58402095767235,28.434020957672374,35.0,101325.0,223.00018247259914,34.08342852875728,19.722227005276373,214746.75624175416,102.04027730464124
2310.0,38.5,232.0,False,17400.0,63886.33798814323,20000.0,0.0,70.40515335448868,-0.3495150793286309,81.63477628079886,81.4801679049529,1.148970293071038,307.2175255590814,101324.00276905569,-0.9972309443110134,433.7918416229678,70.91581775118637,14890.654998200653,301.5850978909505,28.435097890950544,35.0,101325.0,223.00707934492812,34.067525559081446,19.698838264218434,213983.65242677255,102.33800675510548
2315.0,38.583333333333336,231.33333333333331,False,17350.0,62136.13835383635,20000.0,0.0,70.30990251190246,-0.35274237566109246,81.540065085804,81.38565276516749,1.1490294581567801,307.2016504186504,101323.98426788909,-1.0157321109145414,433.78252537331144,70.82990970111645,14891.421777711872,301.58617197448245,28.436171974482477,35.0,101325.0,223.01377325670055,34.05165041865041,19.674974916976794,213206.9290381997,102.63466688112284
2320.0,38.666666666666664,230.66666666666669,False,17300.0,60433.88635366209,20000.0,0.0,70.21491232650476,-0.35473545633185205,81.44231619559821,81.28949302867716,1.1490885461282871,307.1858187210841,101323.97275719201,-1.0272428079915699,433.7728517805921,70.74258402676811,14892.187557822603,301.5872432139709,28.43724321397093,35.0,101325.0,223.02026798393112,34.03581872108413,19.650717785213367,212419.31711706088,102.9302406631751
2325.0,38.75,230.0,False,17250.0,58778.26843711233,20000.0,0.0,70.1202438951259,-0.3559532403288233,81.34235149033626,81.19198085924204,1.1491474899925418,307.1700406491876,101323.96569216897,-1.0343078310252167,433.76283751802765,70.65409929213611,14892.951470303342,301.58831161733866,28.438311617338684,35.0,101325.0,223.02655907009307,34.02004064918765,19.62613869226003,211623.23225023499,103.22471465579127
2330.0,38.833333333333336,229.33333333333331,False,17200.0,57168.00703908201,20000.0,0.0,70.02588238232488,-0.35914540327298555,81.2435855813521,81.09336962247748,1.1492061173066321,307.15431373038746,101323.94705779027,-1.0529422097315546,433.75249876627646,70.5646867008802,14893.711280293952,301.58937719471163,28.439377194711653,35.0,101325.0,223.03262134323188,34.00431373038748,19.601301861355612,210820.82249395395,103.51807858269696
2335.0,38.916666666666664,228.66666666666669,False,17150.0,55601.85959403008,20000.0,0.0,69.93190810279361,-0.36375489899645047,81.14561450949317,80.99389301277445,1.149264411955886,307.1386513504656,101323.91985610985,-1.0801438901544316,433.7418482681708,70.47455065186807,14894.466778948281,301.59043995777733,28.440439957777357,35.0,101325.0,223.03845820743155,33.9886513504656,19.576264069963354,210013.9758587522,103.8103249704419
2340.0,39.0,228.0,False,17100.0,54078.617577148245,20000.0,0.0,69.83848401299326,-0.3664697148856462,81.04485159465287,80.89376740731801,1.1493224943802685,307.1230806688322,101323.90367304548,-1.0963269545172807,433.73089574146576,70.38387206624466,14895.21952716828,301.5914999196878,28.44149991968783,35.0,101325.0,223.04409801363255,33.97308066883221,19.55107557395685,209204.352642364,104.10144880967877
2345.0,39.083333333333336,227.33333333333331,False,17050.0,52597.105571797234,20000.0,0.0,69.74568406733204,-0.3667501749442071,80.94086562404476,80.79317992148334,1.1493803579063948,307.107614011222,101323.90199436064,-1.0980056393600535,433.719651183889,70.29281418089373,14895.969438466876,301.5925570954452,28.44255709544524,35.0,101325.0,223.0495445879098,33.957614011222006,19.525781716914924,208393.43939725187,104.39144727637294
2350.0,39.166666666666664,226.66666666666669,False,17000.0,51156.18036249123,20000.0,0.0,69.65340403721507,-0.36954140422188336,80.83949257660994,80.69228343551686,1.1494377316467193,307.0922340062025,101323.88521755564,-1.1147824443614809,433.7081266342461,70.2015265497807,14896.713002141481,301.5936115020618,28.4436115020618,35.0,101325.0,223.05475153518012,33.94223400620251,19.500424041605747,207582.58631155192,104.68031951644849
2355.0,39.25,226.0,False,16950.0,49754.73005273039,20000.0,0.0,69.56172437335874,-0.3737645645322828,80.73964681842578,80.59123019069918,1.149494636187019,307.07695406222643,101323.85959224735,-1.1404077526531182,433.69632964915087,70.11014027697233,14897.450484983767,301.59466315734574,28.444663157345758,35.0,101325.0,223.05972672266796,33.92695406222646,19.475038965825647,206772.96653551215,104.96806642814785
2360.0,39.333333333333336,225.33333333333331,False,16900.0,48391.67320700091,20000.0,0.0,69.470851588767,-0.37434822202719464,80.63565127191893,80.49016856293206,1.149551293224244,307.0618085981278,101323.85602782584,-1.1439721741626272,433.6842644983293,70.01877083463971,14898.184760186201,301.59571207997607,28.44571207997609,35.0,101325.0,223.06451535227004,33.911808598127834,19.449658565177696,205965.6031608639,105.25469043488145
2365.0,39.416666666666664,224.66666666666669,False,16850.0,47065.958016280325,20000.0,0.0,69.38068663676665,-0.3756559552165039,80.53262976965826,80.38920769154448,1.1496074637536606,307.04678110612775,101323.84802125151,-1.1519787484867265,433.67194014375235,69.92752763544199,14898.91273024744,301.59675829072506,28.446758290725086,35.0,101325.0,223.06907564107476,33.896781106127776,19.42431323206722,205161.45529890954,105.54019533658963
2370.0,39.5,224.0,False,16800.0,45776.56148640433,20000.0,0.0,69.29119278629457,-0.3799484887393087,80.4332838634291,80.28845049339122,1.149663011388943,307.0318654643824,101323.8215440482,-1.1784559517982416,433.6593635982168,69.83650834899201,14899.632627600702,301.59780181122625,28.44780181122627,35.0,101325.0,223.0733847214087,33.88186546438243,19.399030096942223,204361.36893559113,105.82458618675248
2375.0,39.583333333333336,223.33333333333331,False,16750.0,44522.48864866866,20000.0,0.0,69.20264060959607,-0.3799466636347497,80.32936969910565,80.18801577229135,1.1497182772555292,307.017106768266,101323.82155536974,-1.1784446302626748,433.6465355516542,69.74579543408377,14900.34887323166,301.59884266313577,28.448842663135792,35.0,101325.0,223.0775091277776,33.86710676826601,19.373832065023272,203566.04798773333,106.10786911517147
2380.0,39.666666666666664,222.66666666666669,False,16700.0,43302.771792056934,20000.0,0.0,69.11485394248439,-0.3820151783123574,80.22827265180439,80.08797512604136,1.1497729244800907,307.0024756570807,101323.80868900848,-1.1913109915185487,433.63346417558785,69.65547145951092,14901.057101261975,301.59988087039267,28.44988087039269,35.0,101325.0,223.08138768931246,33.85247565708073,19.348742072086367,202776.18992489783,106.39005122483302
2385.0,39.75,222.0,False,16650.0,42116.46971650209,20000.0,0.0,69.02788977916475,-0.3852530359615231,80.12904131923882,79.98841161185725,1.1498269793330327,306.98798162986077,101323.78840896557,-1.2115910344291478,433.6201528005474,69.56560686917891,14901.757652156104,301.6009164570026,28.45091645700262,35.0,101325.0,223.08502720936352,33.83798162986079,19.32377968588303,201992.37927625258,106.67114050900048
2390.0,39.833333333333336,221.33333333333331,False,16600.0,40962.66700660504,20000.0,0.0,68.94195394709072,-0.3842114104797352,80.02550369100214,79.88941343112124,1.1498807016937271,306.97365899118176,101323.7949517719,-1.2050482281047152,433.6066015250194,69.47626246222535,14902.453893950704,301.6019494472458,28.451949447245795,35.0,101325.0,223.08847815099693,33.82365899118179,19.298961795062596,201215.11064685445,106.95114571033596
2395.0,39.916666666666664,220.66666666666669,False,16550.0,39840.47332525019,20000.0,0.0,68.85675608042584,-0.3883630545333527,79.92858438134557,79.79102024851466,1.149933596893746,306.9594593467376,101323.76876847244,-1.231231527563068,433.59281896632535,69.38750242974886,14903.13941574295,301.60297986762924,28.452979867629267,35.0,101325.0,223.0916489691126,33.80945934673764,19.274306230485795,200444.90287457284,107.2300762752814
2400.0,40.0,220.0,False,16500.0,38749.02272657279,20000.0,0.0,68.77262177293892,-0.38852232210385773,79.82781454390553,79.69331737793549,1.1499861185814104,306.94543696215646,101323.76775841002,-1.2322415899834596,433.57880189155594,69.29937334916951,14903.82009681508,301.6040077432961,28.45400774329613,35.0,101325.0,223.09462600584064,33.79543696215649,19.249825930324864,199682.11717715976,107.50794226142845
2405.0,40.083333333333336,219.0,False,16425.0,37687.472987747824,20000.0,0.0,68.68935889764305,-0.39028373975090414,79.72965963240178,79.59634265517874,1.1500379852358436,306.9315598162738,101323.7565600203,-1.2434399797057267,433.56429372421763,69.21192489033791,14904.492288656533,301.6050331012443,28.45503310124434,35.0,101325.0,223.09722261366807,33.78155981627384,19.225534691760533,198927.1377261863,107.78475424400021
2410.0,40.166666666666664,218.0,False,16350.0,36655.004959084974,20000.0,0.0,68.60699535815411,-0.3925992231101276,79.63296021993796,79.50014163518146,1.1500892540541066,306.91783255969233,101323.74176204093,-1.2582379590749042,433.54904215430196,69.12519298388413,14905.156732541222,301.60605596733575,28.45605596733577,35.0,101325.0,223.0993200306917,33.76783255969235,19.20144249552337,198180.22663237646,108.060523247027
2415.0,40.25,217.0,False,16275.0,35650.821931928,20000.0,0.0,68.52565851478789,-0.39218169257449886,79.53398588878278,79.40476068388256,1.1501400845286895,306.9042764191313,101323.74443689804,-1.2555631019640714,433.53306041622267,69.03920813821688,14905.815495491817,301.60707636748015,28.45707636748017,35.0,101325.0,223.10095596647434,33.754276419131315,19.177557816171355,197441.5968689956,108.33526062445851
2420.0,40.333333333333336,216.0,False,16200.0,34674.14902387088,20000.0,0.0,68.44513431082316,-0.39579528391674207,79.44052447169895,79.31021491825832,1.1501901176561697,306.8908557184705,101323.72119259779,-1.2788074022100773,433.5163672385712,68.95400482128538,14906.46392482396,301.6080943290899,28.45809432908993,35.0,101325.0,223.10207038316662,33.74085571847053,19.153890228134827,196711.4932111811,108.6089780481253
2425.0,40.416666666666664,215.0,False,16125.0,33724.23258081628,20000.0,0.0,68.36574177563398,-0.39439859084967027,79.34224349442292,79.21656100336374,1.1502398143542039,306.8776236292723,101323.73020205335,-1.2697979466465767,433.49897111045493,68.86960442056986,14907.107994030483,301.6091098782254,28.459109878225433,35.0,101325.0,223.10275702030893,33.72762362927233,19.130445672380514,195990.04640661547,108.88168745063766
2430.0,40.5,214.0,False,16050.0,32800.33959541494,20000.0,0.0,68.28713911613409,-0.3983700827367453,79.2510682574626,79.12379839809657,1.15028862779616,306.8645231860223,101323.70450022188,-1.2954997781198472,433.4808918125293,68.7860389871801,14907.740616238234,301.6101230434031,28.460123043403144,35.0,101325.0,223.10291996039436,33.71452318602235,19.107233051994474,195277.4768262668,109.15340100843827
2435.0,40.583333333333336,213.0,False,15975.0,31901.7571414372,20000.0,0.0,68.20970743417035,-0.3968042854967289,79.15452400140934,79.03198371120935,1.1503371209588609,306.85161790569504,101323.7146641552,-1.2853358448046492,433.46213556651367,68.70332380939982,14908.369087626837,301.61113385105335,28.461133851053376,35.0,101325.0,223.1026715692115,33.70161790569506,19.08425661372217,194573.86039615693,109.42413110373163
2440.0,40.666666666666664,212.0,False,15900.0,31027.79182364027,20000.0,0.0,68.1330814946507,-0.40061144884939787,79.06514059136076,78.94110988690974,1.1503847179557023,306.8388469157751,101323.68988136368,-1.3101186363201123,433.44272145305246,68.62148692934004,14908.9859447059,301.61214233027584,28.462142330275867,35.0,101325.0,223.10190994637128,33.688846915775116,19.0615241470389,193879.3805491974,109.69389029883257
2445.0,40.75,211.0,False,15825.0,30177.76924270655,20000.0,0.0,68.0576340391724,-0.3991094797963747,78.97069431689263,78.85122813858311,1.1504319751834042,306.82627233986204,101323.69968671948,-1.3003132805170026,433.422654822205,68.54053941434694,14909.598398376918,301.61314850792945,28.463148507929475,35.0,101325.0,223.10074572788793,33.67627233986207,19.039038726207483,193194.07559717895,109.96269131004534
2450.0,40.833333333333336,210.0,False,15750.0,29351.033474840428,20000.0,0.0,67.98301305487223,-0.40268116202386084,78.8831058965413,78.76232835469617,1.1504783429987748,306.81383550914535,101323.67630923878,-1.3236907612154027,433.40195351447846,68.46050500124889,14910.199325264122,301.61415241341336,28.464152413413387,35.0,101325.0,223.09908147914496,33.66383550914537,19.01680694479136,192518.09055894677,110.23054698098709
2455.0,40.916666666666664,209.0,False,15675.0,28546.94656562161,20000.0,0.0,67.90957383512921,-0.4011355230477671,78.79071009934468,78.67445608533268,1.1505243565716152,306.8015956391882,101323.68645136448,-1.3135486355167814,433.3806222846629,68.3813911769503,14910.795661168135,301.61515407389606,28.465154073896088,35.0,101325.0,223.09702340727833,33.6515956391882,18.994830882486195,191851.4325398472,110.49747026091681
2460.0,41.0,208.0,False,15600.0,27764.888037724744,20000.0,0.0,67.83696775382566,-0.4046319971755144,78.7051675578696,78.58759776824213,1.1505694767274803,306.7894946256376,101323.66345262744,-1.3365473725571064,433.35867801595913,68.30321797842731,14911.380418388146,301.61615351896364,28.466153518963665,35.0,101325.0,223.09447562957433,33.63949462563761,18.9731161051187,191194.21420080544,110.76347418226449
2465.0,41.083333333333336,207.0,False,15525.0,27004.254412125236,20000.0,0.0,67.76555240048378,-0.4028997407438243,78.6147174785147,78.50179534678679,1.1506142469536427,306.7775920667473,101323.67487182782,-1.3251281721750274,433.33612461758213,68.22598933971793,14911.960640519208,301.6171507758985,28.467150775898517,35.0,101325.0,223.09154552402578,33.6275920667473,18.951663705477202,190546.41250990177,111.02857183970248
2470.0,41.166666666666664,206.0,False,15450.0,26264.458742421903,20000.0,0.0,67.69496341249476,-0.40644133595454973,78.53141021291256,78.41703064217829,1.150658108643811,306.76582723541577,101323.65147298308,-1.3485270169185242,433.31297845076136,68.14972236592692,14912.52908802379,301.61814587441,28.468145874410027,35.0,101325.0,223.08813318620983,33.61582723541579,18.9304784349797,189908.1150245711,111.29277637271252
2475.0,41.25,205.0,False,15375.0,25544.93016191716,20000.0,0.0,67.62557272565778,-0.4045635079599564,78.44299716859491,78.3333433739723,1.150701631437585,306.75426212094294,101323.66390504512,-1.3360949548805365,433.2892424577756,68.0744175847822,14913.093143431102,301.6191388417396,28.469138841739607,35.0,101325.0,223.08435055927492,33.60426212094296,18.909560440217277,189279.27053730853,111.55610094601937
2480.0,41.333333333333336,204.0,False,15300.0,24845.113443105078,20000.0,0.0,67.55700334751361,-0.40803226358612865,78.36182742316512,78.25071136329477,1.150744241473338,306.74283389125225,101323.6408952806,-1.3591047194058774,433.26493250644876,68.00008945785177,14913.64536949446,301.6201297075986,28.47012970759863,35.0,101325.0,223.08009454238635,33.59283389125227,18.88891373829216,188659.94457657143,111.8185587342929
2485.0,41.416666666666664,203.0,False,15225.0,24164.46856922757,20000.0,0.0,67.48962139361674,-0.40631526073443164,78.27583371453596,78.16917085182394,1.1507865031645168,306.73160356560277,101323.65230946036,-1.347690539638279,433.24005101217836,67.92673587747913,14914.193081012138,301.6211184991546,28.471118499154613,35.0,101325.0,223.0754757855349,33.58160356560279,18.868537743744202,188050.0648175952,112.0801629074833
2490.0,41.5,202.0,False,15150.0,23502.47031756802,20000.0,0.0,67.42307769282456,-0.4092955886109228,78.1963501235964,78.08869924364413,1.1508278887376435,306.72051294880407,101323.63246629505,-1.3675337049498921,433.2146127112503,67.85436815343476,14914.72943803986,301.6221052458885,28.472105245888542,35.0,101325.0,223.0703995551048,33.570512948804094,18.848435598176323,187449.67109836807,112.3409266129805
2495.0,41.583333333333336,201.0,False,15075.0,22858.607854160746,20000.0,0.0,67.35767468093081,-0.40825196215899595,78.11338268231336,78.00932501350675,1.1508688684307722,306.7096124468218,101323.63943130933,-1.360568690666696,433.18862058237505,67.78298306033223,14915.260534862808,301.6230899750009,28.473089975000903,35.0,101325.0,223.0649585269205,33.5596124468218,18.828606405647843,186858.6830688308,112.60086297004105
2500.0,41.666666666666664,200.0,False,15000.0,22232.384339603657,20000.0,0.0,67.29316365791897,-0.4101347997350656,78.03490109137209,77.93103124383462,1.1509090711693883,306.69886060965314,101323.62685262079,-1.3731473792140605,433.1620870270156,67.71258755016355,14915.781562355274,301.62407271541326,28.474072715413286,35.0,101325.0,223.05908715247574,33.54886060965316,18.809052097267653,186277.10541649768,112.8599850453781
2505.0,41.75,199.0,False,14925.0,21623.316545669913,20000.0,0.0,67.22970299370252,-0.4103048537722961,77.9555883399553,77.85383257109196,1.1509487497027704,306.68828383228373,101323.62571368956,-1.3742863104416756,433.135017051727,67.64317923903867,14916.295796147904,301.6250534945549,28.475053494554913,35.0,101325.0,223.0528369910488,33.53828383228375,18.789772010844075,185704.86628107663,113.11830585905696
2510.0,41.833333333333336,198.0,False,14850.0,21030.934482422574,20000.0,0.0,67.16722412840454,-0.41055140797068235,77.8774954471442,77.77772432911631,1.1509878110140808,306.6778706880674,101323.62406156256,-1.375938437442528,433.10741940543716,67.57475933701683,14916.802030742487,301.62603234044565,28.47603234044567,35.0,101325.0,223.0461945133009,33.52787068806742,18.770766482504673,185141.92432185964,113.37583835253123
2515.0,41.916666666666664,197.0,False,14775.0,20454.781035544784,20000.0,0.0,67.1056727225673,-0.4122353754904296,77.80218151596813,77.70270220478886,1.1510261850810504,306.66761212042786,101323.61275098118,-1.387249018822331,433.0793023570387,67.50732799299207,14917.299358650413,301.6270092809099,28.477009280909897,35.0,101325.0,223.0391504044654,33.517612120427884,18.75203555360891,184588.2302272493,113.63259540430144
2520.0,42.0,196.0,False,14700.0,19894.411613605433,20000.0,0.0,67.04520431851552,-0.4107804080831206,77.72439836226216,77.62877745004033,1.1510641237327606,306.6575340530859,101323.62252617416,-1.377473825836205,433.0506703180052,67.44088000788321,14917.791043576577,301.6279843428548,28.477984342854825,35.0,101325.0,223.03175573048938,33.50753405308592,18.733577779967558,184043.69170424776,113.88858979453164
2525.0,42.083333333333336,195.0,False,14625.0,19349.39380498812,20000.0,0.0,66.98554518635171,-0.41370788930527924,77.65276526186301,77.55592660360686,1.151101223670615,306.64759086439193,101323.60282271287,-1.3971772871300345,433.02153495535316,67.37541843305286,14918.271858771172,301.6289575544648,28.47895755446484,35.0,101325.0,223.0239383524485,33.49759086439195,18.71539400918135,183508.28501279783,114.14383422280737
2530.0,42.166666666666664,194.0,False,14550.0,18819.30704421878,20000.0,0.0,66.92702048794274,-0.411645882237654,77.57653488718282,77.48417268464443,1.151137997913723,306.63783674799043,101323.61671565418,-1.383284345822176,432.9918973677361,67.31093302894499,14918.748452961852,301.6299289416682,28.47992894166822,35.0,101325.0,223.01579823374016,33.48783674799046,18.697481396929163,182981.87862639065,114.39834128089014
2535.0,42.25,193.0,False,14475.0,18303.74228743442,20000.0,0.0,66.86927277180723,-0.4144324635893109,77.50698061087397,77.41348408612879,1.1511739169880444,306.6282121286345,101323.59792435203,-1.4020756479731062,432.9617702880121,67.24742712089504,14919.213964165056,301.6308985324972,28.480898532497235,35.0,101325.0,223.00723935034222,33.47821212863454,18.67984086691529,182464.45286450247,114.6521234555366
2540.0,42.333333333333336,192.0,False,14400.0,17802.30169674255,20000.0,0.0,66.81259928827706,-0.4134784032060517,77.43425088680867,77.34388018158704,1.1512094528719887,306.61876654804615,101323.6043723272,-1.3956276727985824,432.9311549770384,67.18488975975032,14919.674509220973,301.6318663525295,28.48186635252955,35.0,101325.0,222.99835378863307,33.468766548046176,18.662469377708423,181955.87264624747,114.90519312603017
2545.0,42.416666666666664,191.0,False,14325.0,17314.59833322777,20000.0,0.0,66.75679265438032,-0.41436727684323715,77.36474048197833,77.27533985126395,1.1512443069632352,306.6094654423967,101323.59836538679,-1.4016346132120816,432.900061238755,67.12331985823381,14920.12621824353,301.6328324288086,28.48283242880865,35.0,101325.0,222.98908875366223,33.45946544239672,18.64536662728717,181456.08430291878,115.1575625405782
2550.0,42.5,190.0,False,14250.0,16840.255858368593,20000.0,0.0,66.70190300878528,-0.41544036417370367,77.29654141046466,77.20786178551266,1.1512785749494794,306.60031716813086,101323.59109635768,-1.4089036423247308,432.8684942928652,67.06271050766381,14920.570331345252,301.63379678726903,28.483796787269057,35.0,101325.0,222.97946547305787,33.45031716813088,18.628530696573282,180964.98786449188,115.40924384069446
2555.0,42.583333333333336,189.0,False,14175.0,16378.908243634109,20000.0,0.0,66.64801862643867,-0.41397290986946056,77.22652287856366,77.14144691828284,1.151312411312311,306.59133643773976,101323.60103208077,-1.3989679192309268,432.8364585798493,67.00305335052715,14921.00885060755,301.6347594534366,28.484759453436595,35.0,101325.0,222.96951615509505,33.44133643773978,18.61195926403532,180482.47280729428,115.66024902171654
2560.0,42.666666666666664,188.0,False,14100.0,15930.199488036404,20000.0,0.0,66.5948880920082,-0.4167352352603957,77.16243849796963,77.07606922400858,1.151345452067029,306.582481348668,101323.58229994851,-1.417700051490101,432.80396420205375,66.944346794989,14921.437058788695,301.63572045375275,28.485720453752776,35.0,101325.0,222.95917551527972,33.432481348668034,18.595651887496945,180008.48440132098,115.91058996422251
2565.0,42.75,187.0,False,14025.0,15493.78334342076,20000.0,0.0,66.54282504190007,-0.4146906827776736,77.09392073532855,77.01174629118397,1.1513781970969506,306.57380417365,101323.59617663361,-1.4038233663886786,432.77101151063124,66.88657687400978,14921.86143437648,301.6366798124427,28.48667981244273,35.0,101325.0,222.9485405443977,33.42380417365001,18.57960468722494,179542.86907741832,116.16027840413831
2570.0,42.833333333333336,186.0,False,13950.0,15069.32304728174,20000.0,0.0,66.49149454315705,-0.41692021693972386,77.03137103358885,76.94844462273738,1.1514101557363896,306.56524909052615,101323.58104108332,-1.4189589166780934,432.7376117683152,66.82974284999653,14922.275618343609,301.63763755567794,28.487637555677964,35.0,101325.0,222.93752203439203,33.415249090526174,18.563817458332373,179085.58110749835,116.40932593898894
2575.0,42.916666666666664,185.0,False,13875.0,14656.491062898795,20000.0,0.0,66.44113053630952,-0.4166122825067087,76.9669718173329,76.88617476280886,1.1514417069393739,306.5568550893849,101323.58313637604,-1.416863623962854,432.7037664706548,66.77383170979502,14922.684521934285,301.6385937074069,28.48859370740695,35.0,101325.0,222.92619413966787,33.40685508938492,18.54828658605417,178636.47698281312,116.65774403488498
2580.0,43.0,184.0,False,13800.0,14254.968826591117,20000.0,0.0,66.39163485739527,-0.4162228092975104,76.90352894905776,76.8249208606751,1.1514727225406793,306.54860580956586,101323.58578426956,-1.4142157304449938,432.66948264036785,66.71883697875529,14923.086484127205,301.6395482924142,28.489548292414213,35.0,101325.0,222.91453566641292,33.39860580956588,18.53301027187647,178195.46696865885,116.90554399596239
2585.0,43.083333333333336,183.0,False,13725.0,13864.446501896495,20000.0,0.0,66.34290789065778,-0.41823660967479237,76.84388120071884,76.76466679205332,1.1515030725497912,306.54048464844294,101323.57206643533,-1.427933564671548,432.6347672083676,66.66475202890437,14923.479820245293,301.6405013352188,28.490501335218823,35.0,101325.0,222.9025250290208,33.390484648442964,18.51798667469566,177762.46111557574,117.15273700157644
2590.0,43.166666666666664,182.0,False,13650.0,13484.622740484627,20000.0,0.0,66.29517801865688,-0.4160079989214314,76.78039993956394,76.70542142727416,1.151533128268156,306.5325296697761,101323.5872436313,-1.4127563687070506,432.5996215080815,66.61156291928395,14923.869342355303,301.64145285890066,28.491452858900686,35.0,101325.0,222.890234796893,33.38252966977615,18.503211922023322,177337.31206908214,117.399334066288
2595.0,43.25,181.0,False,13575.0,13115.204449620274,20000.0,0.0,66.24810765658071,-0.4186352425422445,76.7235047470557,76.64714954030967,1.1515623966668187,306.5246846094301,101323.56934313226,-1.4306568677420728,432.5640562694691,66.55926744583167,14924.24866080197,301.64240288819764,28.49240288819766,35.0,101325.0,222.8775750725247,33.37468460943012,18.488685401619907,176919.9674189303,117.64534606593246
2600.0,43.333333333333336,180.0,False,13500.0,12755.906565996933,20000.0,0.0,66.20198968573266,-0.4176767012283268,76.66350766487881,76.58986449433813,1.1515913480277513,306.5169982809554,101323.57588712858,-1.4241128714202205,432.52807158943665,66.50784987704897,14924.623870439656,301.6433514453803,28.493351445380313,35.0,101325.0,222.86463693946317,33.36699828095544,18.474402743624715,176510.26779007603,117.89078372927206
2605.0,43.416666666666664,179.0,False,13425.0,12406.451835766444,20000.0,0.0,66.15664469901549,-0.4178199860669784,76.60577144655294,76.53354276697753,1.1516197313119882,306.5094407831692,101323.57490987137,-1.4250901286286535,432.4916753754776,66.45730416566094,14924.991717803367,301.644298554031,28.494298554031047,35.0,101325.0,222.85137589237794,33.35944078316925,18.46036226823915,176108.1321824025,118.13565761814183
2610.0,43.5,178.0,False,13350.0,12066.57060059478,20000.0,0.0,66.11204967280571,-0.41940192661121434,76.55067113763731,76.47817287275159,1.1516475345678516,306.50200827880093,101323.56409815473,-1.435901845266926,432.4548728400464,66.40762088849479,14925.352047999357,301.6452442369078,28.49524423690781,35.0,101325.0,222.8377923166589,33.35200827880095,18.446561357915222,175713.4536883095,118.3799781638854
2615.0,43.583333333333336,177.0,False,13275.0,11736.000589578987,20000.0,0.0,66.06838278607745,-0.4171809446814723,76.49218648680416,76.42375848809509,1.151675053203367,306.4947304643462,101323.57926579098,-1.4207342090230668,432.41766580493527,66.35878607904507,14925.708689515637,301.6461885157506,28.496188515750646,35.0,101325.0,222.82394431955558,33.34473046434624,18.432996133068077,175326.0904210683,118.62375562507245
2620.0,43.666666666666664,176.0,False,13200.0,11414.486716864629,20000.0,0.0,66.0253206869645,-0.4198235690234274,76.44024111189775,76.37026457320326,1.1517018167311022,306.4875534478274,101323.5612095583,-1.4387904416944366,432.38006430149835,66.31079630486863,14926.055544835084,301.6471314137343,28.497131413734337,35.0,101325.0,222.80974604848336,33.33755344782742,18.419665640241284,174945.9850878756,118.86700012195367
2625.0,43.75,175.0,False,13125.0,11101.780884807627,20000.0,0.0,65.98316350921198,-0.41870541571484443,76.38493653827408,76.31770392639126,1.1517283069852702,306.4805272515353,101323.56886346817,-1.4311365318280878,432.3420680196198,66.26363480303633,14926.3988585291,301.6480729515744,28.498072951574443,35.0,101325.0,222.79529057566197,33.33052725153533,18.406565223065645,174572.97575089533,119.10972162253616
2630.0,43.833333333333336,174.0,False,13050.0,10797.64179252859,20000.0,0.0,65.94171885559194,-0.41885467714976166,76.33202512286896,76.26605124481382,1.1517542535628185,306.4736198092653,101323.56784293412,-1.4321570658794371,432.3036846925421,66.21729506003005,14926.735126174128,301.6490131513685,28.4990131513685,35.0,101325.0,222.780529582902,33.323619809265324,18.39369307223057,174206.9826593167,119.3519299269877
2635.0,43.916666666666664,173.0,False,12975.0,10501.834749711903,20000.0,0.0,65.90097127723095,-0.4203942299946105,76.2816358835373,76.21529486041233,1.1517796563827716,306.46682854620514,101323.5572954399,-1.4427045601041755,432.26491907607004,66.1717668288835,14927.06434672072,301.64995203431266,28.499952034312685,35.0,101325.0,222.76546551995227,33.31682854620516,18.38104634135653,173847.89744918712,119.59363470484081
2640.0,44.0,172.0,False,12900.0,10214.131495505842,20000.0,0.0,65.86109790990372,-0.41812241070651124,76.22779364772164,76.16543761338927,1.1518048093937112,306.46018298498393,101323.57284611971,-1.427153880285914,432.22577274413,66.1270355812122,14927.390329742497,301.6508896206113,28.500889620611304,35.0,101325.0,222.7501560605901,33.31018298498395,18.368620994781168,173495.57901425232,119.83484545238487
2645.0,44.083333333333336,171.0,False,12825.0,9934.310022384087,20000.0,0.0,65.8217770365228,-0.42063885276658686,76.1803448126758,76.11644413210395,1.1518292447498657,306.4536295060871,101323.55561596362,-1.4443840363819618,432.18625532171876,66.08309736799016,14927.70701195826,301.6518259318966,28.501825931896633,35.0,101325.0,222.73451569600778,33.303629506087134,18.35641593555282,173149.9705217192,120.0755715284515
2650.0,44.166666666666664,170.0,False,12750.0,9662.154404832574,20000.0,0.0,65.78329571254494,-0.4197012311904106,76.12982838275025,76.0683255826877,1.151853424203763,306.4472159520908,101323.56204797173,-1.4379520282673184,432.14636650463854,66.0399352767225,14928.020377680768,301.65276098738923,28.50276098738925,35.0,101325.0,222.7186335782921,33.29721595209082,18.34442646575625,172810.91402130737,120.31582214271751
2655.0,44.25,169.0,False,12675.0,9397.454632729605,20000.0,0.0,65.7454933093029,-0.4194501493811321,76.08097881683206,76.02105873422795,1.1518771257704645,306.44091555155046,101323.5637679362,-1.4362320638028905,432.1061131931384,65.99754178066448,14928.327549985219,301.6536948075412,28.50369480754125,35.0,101325.0,222.7024703471117,33.29091555155048,18.33265049462902,172478.32631171483,120.55560633739323
2660.0,44.333333333333336,168.0,False,12600.0,9140.006449290584,20000.0,0.0,65.7083100362513,-0.42123733524090884,76.0353335490547,75.97462817821206,1.15190028143368,306.4347183393752,101323.55150291754,-1.448497082456015,432.06550059247286,65.95590729750703,14928.627647380494,301.65462741216834,28.50462741216836,35.0,101325.0,222.68601555052555,33.28471833937522,18.321085360418618,172152.1088538288,120.79493302848041
2665.0,44.416666666666664,167.0,False,12525.0,8889.611193452321,20000.0,0.0,65.67195745511185,-0.41892448693381135,75.98584340172764,75.92903902960992,1.1519232373547297,306.42865957585195,101323.56736550406,-1.4326344959408743,432.0245295226038,65.91501635471211,14928.925156117297,301.6555588198261,28.50555881982615,35.0,101325.0,222.6693365434984,33.278659575851975,18.30972676519781,171832.11786549637,121.03381096370217
2670.0,44.5,166.0,False,12450.0,8646.075646575333,20000.0,20.0,65.64170645537104,-0.42024789182806926,98.85150655453674,98.92291756664365,1.1519420878016828,306.4236177425618,101323.55829966869,-1.4417003313137684,431.97677332766574,65.87490518331866,14929.16945790981,301.6564890575867,28.506489057586748,35.0,101325.0,222.6483660009189,33.27361774256184,18.29858477314407,171518.61445394464,121.27224897225734
2675.0,44.583333333333336,165.0,False,12375.0,8409.211883345795,20000.0,20.0,65.68492557629781,-0.42282442256486297,98.81746301734266,98.88337291692399,1.1519148078167492,306.43082092938295,101323.54056740965,-1.4594325903453864,431.84405554389247,65.84260940645423,14928.815909305069,301.6574193907056,28.50741939070565,35.0,101325.0,222.57468986033183,33.28082092938297,18.289613724015062,171266.47238453117,121.51029417145074
2680.0,44.666666666666664,164.0,False,12300.0,8178.83712676212,20000.0,20.0,65.72485383127685,-0.4222085655015835,98.79266993648899,98.85700779575791,1.1518898407069953,306.4374756385461,101323.54481573238,-1.4551842676155502,431.7151647129613,65.82158145876384,14928.49233556266,301.65835069235777,28.508350692357794,35.0,101325.0,222.50343610828216,33.28747563854614,18.283772627434402,171102.43427539006,121.74805035663123
2685.0,44.75,163.0,False,12225.0,7954.773607094249,20000.0,20.0,65.76228547419976,-0.4247457511345499,98.7819798568896,98.84130619757178,1.1518661910162005,306.44371424569994,101323.52727385219,-1.472726147811045,431.5889734366422,65.8097120728684,14928.185835569959,301.65928289327593,28.50928289327595,35.0,101325.0,222.43383094351367,33.29371424569996,18.280475575796775,171009.88797483986,121.98562835819388
2690.0,44.833333333333336,162.0,False,12150.0,7736.848424706833,20000.0,20.0,65.7975137221614,-0.4265535943749106,98.77892747740738,98.83424858232262,1.1518439791890274,306.4495856203602,101323.51471045817,-1.485289541829843,431.46535494968276,65.80523957064769,14927.897970289794,301.6602159288672,28.51021592886724,35.0,101325.0,222.36583197781252,33.29958562036023,18.2792332140688,170975.02427001786,122.22311788058616
2695.0,44.916666666666664,161.0,False,12075.0,7524.893416640433,20000.0,20.0,65.83073949010077,-0.42593733583529053,98.77988966114864,98.8341441477464,1.1518232141807614,306.4551232483501,101323.51899906891,-1.4810009310895111,431.34419587501037,65.80669579406121,14927.628855782667,301.6611497387854,28.511149738785434,35.0,101325.0,222.29938219374202,33.30512324835013,18.27963772057256,170986.3751903171,122.46059107465584
2700.0,45.0,160.0,True,12000.0,257318.7450268478,20000.0,20.0,65.86063803895433,-0.43790657615960454,98.80066347228696,98.83955658583187,1.1518035258704702,306.4601063398257,101323.43459453515,-1.5654054648475721,431.22539688755484,65.81286162597422,14927.373695281294,301.66208426695044,28.512084266950467,35.0,101325.0,222.234358686856,33.31010633982572,18.281350451659506,171034.44197229928,122.69810553101875
2705.0,45.083333333333336,159.0,True,11925.0,257118.2441799852,20000.0,20.0,66.38219979091434,0.2625920326695026,98.35530353784755,99.17253803996822,1.1515010979236615,306.5470332984857,101325.56289449487,0.562894494869397,431.1105185226027,65.86197894584886,14923.454229090654,301.66302637408955,28.513026374089577,35.0,101325.0,222.11681917789625,33.397033298485724,18.294994151624685,171417.66605863976,122.93591949492914
2710.0,45.166666666666664,158.0,True,11850.0,256923.236158661,20000.0,20.0,66.87490503731817,0.2553549079715069,98.49164513737186,99.2746362007287,1.1511923698116826,306.629150839553,101325.53229493082,0.532294930817443,430.99749814044225,65.98100211111515,14919.453112759405,301.6639823267911,28.51398232679111,35.0,101325.0,221.99905283660868,33.47915083955303,18.32805614197643,172348.68422598776,123.17464612707123
2715.0,45.25,157.0,True,11775.0,256733.57048404746,20000.0,20.0,67.34544344572646,0.246206377596332,98.69167586994553,99.43965907678397,1.1508975921908744,306.70757390762105,101325.49483739077,0.4948373907682253,430.88594301378413,66.15562446426719,14915.632794793733,301.66495147391504,28.514951473915062,35.0,101325.0,221.88476179802046,33.55757390762108,18.37656235118533,173720.69977496186,123.41497208818299
2720.0,45.333333333333336,156.0,True,11700.0,256549.10079976308,20000.0,20.0,67.79492399291598,0.23528327424632423,98.94182986659624,99.65403661927056,1.1506160661855949,306.78248733215264,101325.45190382971,0.4519038297148654,430.77561760535326,66.37400330527578,14911.984217765308,301.6659332142038,28.515933214203812,35.0,101325.0,221.77368742936804,33.632487332152664,18.437223140354384,175446.73406752895,123.65744947279585
2725.0,45.416666666666664,155.0,True,11625.0,256369.68475893582,20000.0,20.0,68.22435756754192,0.22292059549769835,99.23080890164984,99.90672658971508,1.1503471654301538,306.8540595945903,101325.40566197467,0.4056619746697834,430.6663435439705,66.62627553596455,14908.499263974794,301.66692697577065,28.516926975770673,35.0,101325.0,221.66561479789542,33.70405959459032,18.507298759990153,177454.8444658361,123.902520013444
2730.0,45.5,154.0,True,11550.0,256195.18391436074,20000.0,0.0,68.63523148381103,0.2205092732089574,76.63912287410301,77.19952927871314,1.1500904067842683,306.92253858063515,101325.39693338425,0.39693338425422553,430.5574731219979,66.9042392016247,14905.171671924118,301.66793221345006,28.51793221345008,35.0,101325.0,221.56011529398148,33.77253858063517,18.584510889340198,179685.13898782348,124.15053389084238
2735.0,45.583333333333336,153.0,True,11475.0,256025.46361166643,20000.0,0.0,68.97500852677331,0.2075027930624196,76.97457525059387,77.50703051014605,1.1498777299164356,306.97916808779553,101325.35148905411,0.35148905411188025,430.5271101443575,67.19708161938523,14902.415379717006,301.6689477029095,28.518947702909543,35.0,101325.0,221.50352242002091,33.82916808779555,18.665856005384786,182054.94773834714,124.40174228440222
2740.0,45.666666666666664,152.0,True,11400.0,255860.39288540842,20000.0,0.0,69.30059207700651,0.20413810187623968,77.31684312633534,77.83296899670312,1.1496743765972581,307.0334320128344,101325.34018256847,0.3401825684704818,430.49731840397743,67.49587381547099,14899.779920700465,301.66997221708584,28.519972217085865,35.0,101325.0,221.44902506010584,33.88343201283442,18.74885383763083,184494.28719767524,124.6562903642189
2745.0,45.75,151.0,True,11325.0,255699.84435800902,20000.0,0.0,69.61403175710734,0.19921948795672786,77.66271134363502,78.16113021550248,1.1494786157577352,307.08567195951787,101325.32398697454,0.32398697454482317,430.465518436922,67.79780902916687,14897.242860220249,301.67100541151024,28.52100541151026,35.0,101325.0,221.39496261394518,33.93567195951789,18.83272473032413,186981.32300957254,124.91425953797393
2750.0,45.833333333333336,150.0,True,11250.0,255543.69414146594,20000.0,0.0,69.9157148767315,0.1915777113423268,78.00953439117124,78.48750237160459,1.1492901607421855,307.1359524794552,101325.29960832231,0.299608322311542,430.4317608722522,68.10057778829159,14894.800483218723,301.67204695384953,28.522046953849554,35.0,101325.0,221.34130611329138,33.98595247945525,18.91682716341433,189497.5678430882,125.17570321217717
2755.0,45.916666666666664,149.0,True,11175.0,255391.82174175343,20000.0,0.0,70.20602215989766,0.18041295976501676,78.35514221353547,78.80897923058353,1.1491087517719873,307.1843370266496,101325.26570478409,0.2657047840912128,430.39610411961996,68.40228568303607,14892.449422964957,301.6730965227847,28.523096522784726,35.0,101325.0,221.28803572710012,34.03433702664961,19.000634911954464,192027.35171263418,125.44065107297975
2760.0,46.0,148.0,True,11100.0,255244.10996584268,20000.0,20.0,70.48536211485214,0.18243013286322388,101.60785541176246,102.12169717170984,1.1489346877342335,307.23089368580867,101325.2716796194,0.2716796193999471,430.35903015422275,68.70138394459302,14890.193553035666,301.674153807033,28.52415380703303,35.0,101325.0,221.235456903218,34.08089368580869,19.08371776238695,194557.37925786912,125.70911269170927
2765.0,46.083333333333336,147.0,True,11025.0,255100.44483126904,20000.0,20.0,70.79336235059964,0.16404044711672658,101.94953708258967,102.42610703051974,1.1487421615072664,307.28222705843325,101325.21966749625,0.21966749624698423,430.2436295062928,68.99966439690701,14887.698413134172,301.6752190411109,28.525219041110915,35.0,101325.0,221.13907034171774,34.13222705843327,19.16657344358528,197102.52396260225,125.98109873561236
2770.0,46.166666666666664,146.0,True,10950.0,254960.7154781772,20000.0,20.0,71.08869957191575,0.16473483700893785,102.29187006097675,102.75374717670904,1.1485581976015546,307.3314499286526,101325.2215311553,0.22153115530090872,430.12729802575984,69.29851342614548,14885.314240916148,301.6762924685042,28.52629246850421,35.0,101325.0,221.04387315501455,34.181449928652626,19.24958706281819,199674.68381473413,126.25663846323552
2775.0,46.25,145.0,True,10875.0,254824.8140837755,20000.0,20.0,71.37043112107995,0.15762132621779507,102.63234129085542,103.07118903718903,1.1483825311993943,307.37840518684663,101325.20281210187,0.20281210186658427,430.0121720376273,69.59573719059922,14883.03760434415,301.67737370642243,28.527373706422452,35.0,101325.0,220.95091098151272,34.22840518684666,19.332149219610894,202254.95436106823,126.53575626752426
2780.0,46.333333333333336,144.0,True,10800.0,254692.63577913409,20000.0,20.0,71.63921980780708,0.14949462505280328,102.96891490177892,103.38418737676425,1.1482149565030242,307.42320330130116,101325.18243790139,0.1824379013851285,429.89824751717515,69.88955842092791,14880.865836279192,301.6784623864113,28.52846238641132,35.0,101325.0,220.86014060164015,34.27320330130118,19.41376622803553,204827.4413294688,126.81845237564269
2785.0,46.416666666666664,143.0,True,10725.0,254564.07856826216,20000.0,20.0,71.89564770087156,0.14349791132955034,103.29996002597439,103.69469990438274,1.1480551913064898,307.46594128347857,101325.16809510658,0.16809510657913052,429.7855256939543,70.17855340606218,14878.79527933211,301.6795581548208,28.529558154820847,35.0,101325.0,220.77150687102028,34.315941283478594,19.49404261279505,207378.86150315014,127.10470675260979
2790.0,46.5,142.0,False,10650.0,124439.04324940256,20000.0,20.0,72.13842767637618,0.08821494935419134,103.62419874640402,103.94240626787591,1.1479029394347708,307.50640461272934,101325.0635255289,0.06352552889438812,429.6740121078492,70.46160655302589,14876.82209507463,301.68066067425957,28.530660674259593,35.0,101325.0,220.68495425563833,34.356404612729364,19.572668486951635,209898.2769701662,127.39448254321627
2795.0,46.583333333333336,141.0,False,10575.0,121029.97059244383,20000.0,20.0,72.11164310400784,-0.22979410241836853,104.17977632894873,104.1351069068296,1.1479140006340296,307.5019405173346,101324.56893608566,-0.4310639143368462,429.56295820235783,70.71681924718442,14876.965448217024,301.6817659155267,28.531765915526705,35.0,101325.0,220.63004180914928,34.35194051733464,19.64356090199567,212187.30931300993,127.68759753369069
2800.0,46.666666666666664,140.0,False,10500.0,117714.29126347086,20000.0,20.0,72.0822300896474,-0.23555865634398734,104.42908377857361,104.37996295408487,1.147932052778063,307.49703834827454,101324.54703770956,-0.4529622904374264,429.45326171138976,70.92869451765829,14877.199404003697,301.6828701991892,28.532870199189233,35.0,101325.0,220.5771687811626,34.347038348274566,19.702415143793967,214100.23789229488,127.98363055258326
2805.0,46.75,139.0,False,10425.0,114489.44670342962,20000.0,20.0,72.04801048048512,-0.24280858834848615,104.63721342108286,104.58212169724115,1.147953023567443,307.49133508008083,101324.51872644428,-0.48127355572069064,429.34506658657443,71.10313710593826,14877.471185434062,301.6839733900598,28.533973390059828,35.0,101325.0,220.52562581131943,34.34133508008085,19.750871418316184,215683.80557228348,128.28209169387813
2810.0,46.833333333333336,138.0,False,10350.0,111352.9484463292,20000.0,20.0,72.00933982351467,-0.25135319510588017,104.8097227745728,104.74735085097421,1.1479766949868264,307.48488997058575,101324.48425772498,-0.5157422750198748,429.23846130198257,71.24518930427959,14877.77796702927,301.68507536077396,28.535075360773988,35.0,101325.0,220.47541609103965,34.33488997058578,19.790330362299887,216979.09060750878,128.58255203844743
2815.0,46.916666666666664,137.0,False,10275.0,108302.37619900571,20000.0,20.0,71.96655639335711,-0.26109948335261984,104.9514556394676,104.88059103705237,1.148002855232796,307.47775939889283,101324.44348620239,-0.5565137976082042,429.13351040421713,71.3591726353192,14878.117003817038,301.6861759936359,28.536175993635936,35.0,101325.0,220.4265317709762,34.32775939889285,19.821992398699777,218022.17529608973,128.88463625088048
2820.0,47.0,136.0,False,10200.0,105335.37597349202,20000.0,0.0,71.92010245618758,-0.26922949160349224,82.1533392088027,82.02546007236677,1.1480313640093227,307.47001707603124,101324.4082896396,-0.5917103604006115,429.0301327684001,71.44879717040611,14878.486477560822,301.68727518036883,28.53727518036885,35.0,101325.0,220.37890395580786,34.32001707603126,19.846888102890585,218844.69133801144,129.1880160193764
2825.0,47.083333333333336,135.0,False,10125.0,102449.65827055216,20000.0,0.0,71.83977286102902,-0.27423115516621105,82.23477048158644,82.10488603037513,1.1480811038620462,307.4566288101715,101324.38610019213,-0.6138998078677105,428.9956133549857,71.51488318567507,14879.13110605212,301.68837240496725,28.538372404967276,35.0,101325.0,220.37071986487499,34.3066288101715,19.865245329354188,219452.50932895544,129.49238907539512
2830.0,47.166666666666664,134.0,False,10050.0,99642.99631297897,20000.0,0.0,71.75651525931858,-0.282223831618263,82.2935664626434,82.15831657666159,1.1481325104988125,307.44275254321974,101324.34979354177,-0.6502064582309686,428.9614423940541,71.55821808492075,14879.79733606461,301.68946714405894,28.53946714405896,35.0,101325.0,220.36303315045222,34.29275254321976,19.877282801366874,219851.68705549228,129.79746143399544
2835.0,47.25,133.0,False,9975.0,96913.22432729114,20000.0,0.0,71.67123480358407,-0.28729696364315693,82.3265698256829,82.18935159266232,1.1481853250857146,307.42853913393066,101324.32620779332,-0.6737922066822648,428.92650008861864,71.58195615026408,14880.48181311086,301.6905593368038,28.540559336803824,35.0,101325.0,220.3552188049792,34.27853913393068,19.88387670840669,220070.5543763478,130.1029629905453
2840.0,47.333333333333336,132.0,False,9900.0,94258.23587250437,20000.0,0.0,71.58399764862315,-0.2951505575115656,82.34341015560142,82.20107127458805,1.148239206769364,307.41399960810384,101324.28886651756,-0.7111334824439837,428.89087268607625,71.58880378755347,14881.18011973096,301.69164892893974,28.541648928939765,35.0,101325.0,220.34725560845774,34.26399960810386,19.885778829875964,220133.7172561489,130.40866040140122
2845.0,47.416666666666664,131.0,False,9825.0,91675.98221468655,20000.0,0.0,71.49520439028254,-0.2976235086012826,82.33739272459589,82.19614714632324,1.1482943499253804,307.39920073171373,101324.27689997655,-0.7231000234460225,428.85463080674003,71.58107775385692,14881.89477503293,301.6927358709228,28.542735870922797,35.0,101325.0,220.33921704153607,34.249200731713756,19.8836327094047,220062.45288726207,130.71435218622304
2850.0,47.5,130.0,False,9750.0,89164.47074604286,20000.0,0.0,71.40477557122551,-0.305157548003593,82.32276599855952,82.17683248646549,1.1483502322309362,307.3841292618709,101324.23982751752,-0.7601724824780831,428.81784076265427,71.56077490994882,14882.619009712935,301.6938201196598,28.543820119659813,35.0,101325.0,220.33103685244131,34.23412926187092,19.87799303054134,219875.25425977283,131.0198644828529
2855.0,47.583333333333336,129.0,False,9675.0,86721.76344731096,20000.0,0.0,71.31303625772068,-0.3118617845684821,82.29474368206412,82.14510043146701,1.1484069735188518,307.36883937628676,101324.20605899858,-0.793941001422354,428.7805554267096,71.52960781818045,14883.35437680432,301.6949016360896,28.544901636089605,35.0,101325.0,220.3227651215495,34.21883937628678,19.869335505050124,219588.09046022725,131.3250473611307
2860.0,47.666666666666664,128.0,False,9600.0,84345.97539227952,20000.0,0.0,71.22019720768685,-0.31616822790092464,82.25322157737435,82.10264279618302,1.1484645378405978,307.3533662012811,101324.18398082993,-0.8160191700735595,428.74282159213686,71.48905350665562,14884.100410414147,301.6959803861515,28.54598038615154,35.0,101325.0,220.31441891724012,34.20336620128114,19.85807041851545,219214.81024170306,131.62977159772925
2865.0,47.75,127.0,False,9525.0,82035.27329327642,20000.0,0.0,71.12637432000406,-0.31970442552669803,82.20152618680254,82.05091225773612,1.1485227629208588,307.337729053334,101324.1656251453,-0.8343748547049472,428.70468073042264,71.44038838992519,14884.85500745433,301.69705634052025,28.54705634052027,35.0,101325.0,220.30598834771868,34.18772905333401,19.844552330534775,218767.4331975316,131.93392593345095
2870.0,47.833333333333336,126.0,False,9450.0,79787.87408650386,20000.0,0.0,71.03168909953774,-0.32348966267943136,82.14208962251001,81.99116558532884,1.1485815138531972,307.32194818325627,101324.14575051542,-0.8542494845751207,428.6661686701638,71.38471636224534,14885.616419537435,301.69812947410503,28.548129474105053,35.0,101325.0,220.29746588515854,34.17194818325629,19.829087878401484,218256.3887457212,132.23741469868932
2875.0,47.916666666666664,125.0,False,9375.0,77602.04355612912,20000.0,0.0,70.93627888866968,-0.32763258120649824,82.07613184083326,81.9244933641052,1.1486406981316437,307.3060464814449,101324.12372972842,-0.8762702715757769,428.62731622476855,71.3229937763497,14886.383447786102,301.6991997657838,28.54919976578384,35.0,101325.0,220.28884956835697,34.156046481444946,19.811942715652695,217690.7338780213,132.54015575606695
2880.0,48.0,124.0,False,9300.0,75476.09499606905,20000.0,0.0,70.8402830958621,-0.33187981048999154,82.00431373411914,81.85184309409239,1.1487002437852698,307.29004718264366,101324.10086360318,-0.8991363968234509,428.5881499936911,71.25605094708521,14887.155159457097,301.70026719820254,28.55026719820256,35.0,101325.0,220.28013921743167,34.140047182643684,19.79334748530145,217078.34399078548,132.84207872680915
2885.0,48.083333333333336,123.0,False,9225.0,73408.38790843559,20000.0,0.0,70.74382873359752,-0.33615169446618914,81.92737185749165,81.7740386340618,1.1487600764977228,307.27397145559956,101324.07756765965,-0.9224323403468588,428.54869307702603,71.18461052665586,14887.930591410488,301.7013317575982,28.551331757598234,35.0,101325.0,220.27133241166777,34.12397145559959,19.77350292407107,216426.07832955124,133.1431234645316
2890.0,48.166666666666664,122.0,False,9150.0,71397.32673763805,20000.0,0.0,70.64702993633978,-0.34055941116986604,81.84615564520712,81.6917977307508,1.1488201181687883,307.2578383227233,101324.05321867317,-0.9467813268274767,428.508965549934,71.10930287412359,14888.708731467497,301.70239343358634,28.55239343358636,35.0,101325.0,220.26242445746644,34.107838322723296,19.752584131700996,215739.92004445283,133.44323874118024
2895.0,48.25,121.0,False,9075.0,69441.35963916554,20000.0,0.0,70.54999374046372,-0.3452080106737637,81.76141667789885,81.60574751188432,1.1488802951127697,307.2416656234106,101324.02719534177,-0.9728046582313254,428.46898480055415,71.03067905248929,14889.488624661495,301.7034522189474,28.553452218947427,35.0,101325.0,220.25341013381956,34.09166562341062,19.730744181247026,215025.09588970707,133.74238111335674
2900.0,48.333333333333336,120.0,False,9000.0,67538.97728209892,20000.0,0.0,70.4528301023222,-0.3498733421074454,81.6734511124553,81.51643805511101,1.14894055274128,307.22547168372034,101324.00072362843,-0.9992763715708861,428.4287657665232,70.94922175095947,14890.269563526987,301.7045081094022,28.554508109402207,35.0,101325.0,220.2442866278394,34.075471683720366,19.7081171530443,214286.17776872666,134.0405139422862
2905.0,48.416666666666664,119.0,False,8925.0,65688.71168442874,20000.0,0.0,70.35565558944745,-0.35391219520448125,81.58200750982088,81.42435351000724,1.1490008605571083,307.20927593157455,101323.97751965784,-1.022480342158815,428.3883211981036,70.86535467913188,14891.051152820124,301.7055611034182,28.5555611034182,35.0,101325.0,220.23505462526404,34.059275931574575,19.6848207442033,213527.1707554054,134.33760654542797
2910.0,48.5,118.0,False,8850.0,63889.13508028038,20000.0,0.0,70.25858356035212,-0.3566115648879891,81.48669632473887,81.32992039333725,1.1490611964292878,307.19309726005866,101323.9618627901,-1.0381372098927386,428.3476620326629,70.77945077779172,14891.83310572357,301.70661120205943,28.556611202059457,35.0,101325.0,220.22571548676692,34.04309726005869,19.66095854938659,212751.59047317214,134.6336334629478
2915.0,48.583333333333336,117.0,False,8775.0,62138.85881817185,20000.0,0.0,70.16169784216777,-0.3580392223507013,81.38797265720399,81.23351311808027,1.1491215056032618,307.1769496403613,101323.95353400211,-1.0464659978897544,428.30679791409887,70.69183956785717,14892.614712618271,301.70765840889885,28.557658408898874,35.0,101325.0,220.21626365880192,34.026949640361295,19.636622102182546,211962.53256502407,134.9285738261688
2920.0,48.666666666666664,116.0,False,8700.0,60436.53228945463,20000.0,0.0,70.0649950561467,-0.3608912158813446,81.28926049105395,81.13545565313717,1.1491816116781963,307.16083250935776,101323.93679616571,-1.063203834288288,428.2657380196123,70.6028140623063,14893.393687349424,301.70870273003186,28.558702730031882,35.0,101325.0,220.20667004299418,34.01083250935778,19.611892795085083,211162.73794562774,135.22241081957895
2925.0,48.75,115.0,False,8625.0,58780.84188611032,20000.0,0.0,69.96852521693324,-0.3658994481954463,81.19169485066999,81.03603953644904,1.1492414316155712,307.1447542028222,101323.90708239845,-1.0929176015488338,428.22448966465805,70.5126332093082,14894.168953737804,301.7097441735074,28.559744173507397,35.0,101325.0,220.19692248607174,33.99475420282221,19.586842558141168,210354.61762960846,135.5151312053951
2930.0,48.833333333333336,114.0,False,8550.0,57170.50998709909,20000.0,0.0,69.87248401270244,-0.36899918254327496,81.09088012396231,80.93553671092252,1.14930111659377,307.1287473354504,101323.88848655741,-1.1115134425926954,428.18305746134007,70.42152447462543,14894.94247105526,301.71078274890704,28.56078274890706,35.0,101325.0,220.18705232372668,33.97874733545041,19.561534576284842,209540.2788480278,135.80672488350456
2935.0,48.916666666666664,113.0,False,8475.0,55604.29397247748,20000.0,0.0,69.77696160472215,-0.3694207109179002,80.98616853791395,80.83418174493139,1.1493606663146545,307.11282693412033,101323.88594561914,-1.1140543808578514,428.1414462214129,70.32969207491726,14895.714235437923,301.71181846795616,28.561818467956186,35.0,101325.0,220.1770619661276,33.96282693412036,19.53602557636591,208721.60140756425,136.09718452257096
2940.0,49.0,112.0,False,8400.0,54080.985264525174,20000.0,0.0,69.68183443917212,-0.3729369267295911,80.88438623847225,80.73216620747603,1.1494197627544132,307.09697240652866,101323.8646371321,-1.135362867906224,428.09966221157373,70.23732218942662,14896.480125297194,301.7128513447337,28.5628513447337,35.0,101325.0,220.16689371318515,33.94697240652869,19.51036727484073,207900.28628011447,136.3865052779096
2945.0,49.083333333333336,111.0,False,8325.0,52599.408395140454,20000.0,0.0,69.58723647497982,-0.3770402524292637,80.78284636534741,80.62968238464506,1.1494784918830947,307.0812060791633,101323.83951549427,-1.1604845057299826,428.0577081293151,70.1445768267975,14897.241254804907,301.71388139410726,28.563881394107284,35.0,101325.0,220.1565654295938,33.9312060791633,19.484604674110418,207077.80313537535,136.67468450667036
2950.0,49.166666666666664,110.0,False,8250.0,51158.42009878485,20000.0,0.0,69.49336755284764,-0.3771514978151555,80.67646810439582,80.52690927147357,1.1495370494055852,307.0655612588079,101323.83883059343,-1.1611694065650227,428.01558531547937,70.05159974018521,14898.000160296384,301.71490863220413,28.56490863220415,35.0,101325.0,220.1461152914312,33.91556125880794,19.458777705607,206255.44527004677,136.9617214847297
2955.0,49.25,109.0,False,8175.0,49756.90843027712,20000.0,0.0,69.40004639285712,-0.3803364928352213,80.57350113996405,80.42397659600596,1.1495950554116325,307.05000773214283,101323.81913593647,-1.1808640635281336,427.9732986060295,69.95852688946087,14898.751918134758,301.7159330776848,28.565933077684804,35.0,101325.0,220.13547303374537,33.90000773214285,19.432924135961354,205434.42384462527,137.24761722717042
2960.0,49.333333333333336,108.0,False,8100.0,48393.791906755716,20000.0,0.0,69.30740967508427,-0.38370751263819025,80.47077106887502,80.32102652396581,1.149652625060954,307.0345682791807,101323.79811056935,-1.2018894306529546,427.9308488998466,69.86547481654054,14899.498020789963,301.7169547494587,28.566954749458716,35.0,101325.0,220.12466118715673,33.88456827918071,19.40707633792793,204615.7666463323,137.53237430390027
2965.0,49.416666666666664,107.0,False,8025.0,47068.01867314752,20000.0,0.0,69.2156325174077,-0.38318306216256565,80.36372168646089,80.21819144924842,1.1497099398545834,307.0192720862346,101323.80139380303,-1.1986061969655566,427.88823625268014,69.77254755177164,14900.2408205154,301.71797366746966,28.567973667469687,35.0,101325.0,220.11371454126063,33.869272086234616,19.381263208825455,203800.38090796862,137.81599662859077
2970.0,49.5,106.0,False,7950.0,45778.56569049916,20000.0,0.0,69.12445419649873,-0.38778360979100757,80.26280269035703,80.11555522827949,1.1497665207627676,307.00407569941643,101323.77243977124,-1.2275602287554648,427.84546490432365,69.67984697895879,14900.974109085468,301.7189898540851,28.568989854085146,35.0,101325.0,220.10254357742954,33.854075699416455,19.355513049710776,202989.14540796532,138.09848935519904
2975.0,49.583333333333336,105.0,False,7875.0,44524.43794654434,20000.0,0.0,69.03421231101595,-0.3883318608894251,80.15759406019004,80.01324196868495,1.1498228118580294,306.9890353851693,101323.76896625158,-1.231033748423215,427.80253244641494,69.58745394813434,14901.70364168006,301.7200033307404,28.570003330740406,35.0,101325.0,220.0912320880468,33.839035385169325,19.329848318926203,202182.74616962523,138.37985872435016
2980.0,49.666666666666664,104.0,False,7800.0,43304.66768789806,20000.0,0.0,68.9447507717731,-0.39045612303083094,80.05463709558849,79.91132496446785,1.1498785074509439,306.9741251286288,101323.755461355,-1.2445386449981015,427.759441333354,69.49545055991668,14902.425456564233,301.7210141213336,28.571014121333633,35.0,101325.0,220.0797228333265,33.82412512862885,19.304291822199076,201381.8727098564,138.66011193190536
2985.0,49.75,103.0,False,7725.0,42118.313673285316,20000.0,0.0,68.85613412476835,-0.393053311368578,79.95274850229147,79.80988769661961,1.14993364567227,306.95935568746137,101323.73884975039,-1.2611502496147295,427.7161914333205,69.403906909743,14903.140047912619,301.72202224984534,28.57202224984536,35.0,101325.0,220.0680230652845,33.80935568746139,19.278863030484167,200587.10305766523,138.93925705396612
2990.0,49.833333333333336,102.0,False,7650.0,40964.46044722801,20000.0,0.0,68.76849277850079,-0.3930200132498432,79.84844439845936,79.70901178956083,1.1499883711559513,306.9447487964168,101323.73906342192,-1.260936578080873,427.6727817102168,69.31288505938413,14903.84929018113,301.72302774078855,28.573027740788575,35.0,101325.0,220.05615994785478,33.7947487964168,19.25357918316226,199798.9395751266,139.21730291690557
2995.0,49.916666666666664,101.0,False,7575.0,39842.21763362954,20000.0,0.0,68.68163072968377,-0.39682812880431456,79.74920968319056,79.6087448149798,1.1500423340730486,306.9302717882806,101323.71450968318,-1.2854903168190503,427.6292142620691,69.22244725812259,14904.54864958671,301.72403062037546,28.57403062037548,35.0,101325.0,220.04406763818474,33.78027178828063,19.22845757170072,199017.8808786492,139.4942590422207
3000.0,50.0,100.0,False,7500.0,38750.71924871201,20000.0,0.0,68.59586250367454,-0.3958272598766936,79.64518862231317,79.50917081818946,1.150095971152471,306.91597708394573,101323.72098596195,-1.279014038052992,427.5854860500317,69.132640068738,14905.243786136025,301.72503091376433,28.57503091376435,35.0,101325.0,220.03182815893513,33.76597708394576,19.203511130204998,198244.28535999285,139.7701355465531
3005.0,50.083333333333336,99.2,False,7440.0,37689.12303277596,20000.0,0.0,68.510882925121,-0.39994378381513573,79.54781492470303,79.41031603863682,1.1501487435768196,306.9018138208535,101323.69424465133,-1.3057553486723918,427.54175721904386,69.04351848586175,14905.927716755581,301.726028648861,28.57602864886104,35.0,101325.0,220.01942085681202,33.7518138208535,19.178755134961598,197478.57998682835,140.04494309193282
3010.0,50.166666666666664,98.4,False,7380.0,36656.609800266786,20000.0,0.0,68.42708413598893,-0.3986048686458145,79.44502224809338,79.31226274856432,1.1502011859209855,306.88784735599813,101323.70297272402,-1.297027275984874,427.4981754829663,68.95512169469522,14906.607369535974,301.7270238522965,28.57702385229652,35.0,101325.0,220.0070240536081,33.737847355998156,19.154200470748673,196721.05199150252,140.3186928363622
3015.0,50.25,97.6,False,7320.0,35652.382807646485,20000.0,0.0,68.3441066888829,-0.4026688248489008,79.34930571007366,79.21502837530137,1.1502527190802136,306.87401778148046,101323.6763903469,-1.323609653103631,427.45473593298004,68.86749934279204,14907.275239279568,301.7280165536238,28.578016553623797,35.0,101325.0,219.99452449444505,33.724017781480484,19.129860928553345,195972.0749799974,140.59139639675908
3020.0,50.333333333333336,96.8,False,7260.0,34675.6671385829,20000.0,0.0,68.26233820438506,-0.40122239222881656,79.24819842753759,79.11868680027992,1.1503039111043474,306.8603897007308,101323.68588238346,-1.31411761653726,427.41142618922424,68.78068138038594,14907.938687912343,301.72900678026633,28.579006780266354,35.0,101325.0,219.9820245032704,33.71038970073084,19.105744827884983,195231.85106559782,140.8630657898463
3025.0,50.416666666666664,96.0,False,7200.0,33725.709105981965,20000.0,0.0,68.18141220555083,-0.40515384605699745,79.15422002454851,79.02324548693085,1.1503541796873034,306.84690203425845,101323.66000294714,-1.339997052855324,427.36824151049797,68.69470888384258,14908.59016874745,301.72999456242815,28.57999456242817,35.0,101325.0,219.96941032060184,33.69690203425847,19.081863578845162,194500.67489145475,141.13371337731647
3030.0,50.5,95.2,False,7140.0,32801.775670401665,20000.0,0.0,68.1017113144535,-0.4036710671556592,79.05503335015753,78.92876910397395,1.1504040921299108,306.8336185524089,101323.66979322075,-1.3302067792537855,427.32516992793984,68.60960391564812,14909.237034003645,301.73097992806817,28.58097992806819,35.0,101325.0,219.9567843153695,33.683618552408916,19.058223309902257,193778.67714692364,141.40335181623203
3035.0,50.583333333333336,94.4,False,7080.0,31903.153874398766,20000.0,0.0,68.0228738001249,-0.40737095283790525,78.96281592429027,78.83525781455153,1.1504530800465773,306.82047896668746,101323.64529719824,-1.3547028017637786,427.2822069442103,68.52540028087003,14909.871917403641,301.73196290782045,28.58196290782047,35.0,101325.0,219.9440355365657,33.67047896668748,19.034833411352786,193066.08660206216,141.6719940132799
3040.0,50.666666666666664,93.6,False,7020.0,31029.15029237202,20000.0,0.0,67.94525927243114,-0.4061020572677996,78.86595747796859,78.74276715986747,1.1505016816328733,306.80754321207183,101323.65372342108,-1.3462765789154219,427.2393412045152,68.44211392034661,14910.501793962037,301.7329435300743,28.582943530074317,35.0,101325.0,219.93126108161115,33.65754321207186,19.011698311207393,192362.979313985,141.93965308683272
3045.0,50.75,92.8,False,6960.0,30179.090495477074,20000.0,0.0,67.86854500561367,-0.4092100905536227,78.77519453757638,78.65129410365108,1.1505493940471452,306.7947575009356,101323.63303756563,-1.3669624343747273,427.19656815102456,68.3597718712355,14911.120146851003,301.7339218256179,28.58392182561795,35.0,101325.0,219.91836251855156,33.64475750093561,18.98882551978764,191669.5241209214,142.2063423253292
3050.0,50.833333333333336,92.0,False,6900.0,29352.318531200443,20000.0,0.0,67.79301597031497,-0.40865303107647466,78.68132866408021,78.56088211593085,1.1505966466982904,306.7821693283858,101323.63675673626,-1.3632432637386955,427.15387755200794,68.27838612372655,14911.732541209843,301.7348978232987,28.584897823298718,35.0,101325.0,219.90541670681512,33.63216932838583,18.966218367701817,190985.7621870282,142.47207516304303
3055.0,50.916666666666664,91.2,False,6840.0,28548.196417190706,20000.0,0.0,67.71845895584818,-0.41054825537945366,78.591389989173,78.47153167701201,1.1506431094152167,306.769743159308,101323.62408269392,-1.375917306082556,427.1112641414736,68.19797644892085,14912.33469802121,301.73587155367954,28.585871553679567,35.0,101325.0,219.8923578698783,33.61974315930803,18.94388234692246,190311.79966356914,142.7368651365504
3060.0,51.0,90.4,False,6780.0,27766.103648956578,20000.0,0.0,67.64500207863705,-0.4112777254770588,78.50124621271182,78.38326858085946,1.1506889764582553,306.7575003464395,101323.61918883695,-1.380811163049657,427.0687195846449,68.11855347925379,14912.92913489899,301.7368430462155,28.586843046215506,35.0,101325.0,219.87921888672815,33.60750034643951,18.92182041090383,189647.66564140058,143.0007258763455
3065.0,51.083333333333336,89.6,False,6720.0,27005.436721051752,20000.0,0.0,67.57262603642187,-0.4113858027952647,78.41153410379569,78.29610438542487,1.1507342187192657,306.74543767273695,101323.61846303068,-1.3815369693184039,427.02623714508644,68.0401287384729,14913.515474601683,301.73781233083355,28.58781233083357,35.0,101325.0,219.8659907656144,33.59543767273698,18.900035760686915,188993.39665746538,143.26367105849752
3070.0,51.166666666666664,88.8,False,6660.0,26265.60866137717,20000.0,0.0,67.50122990826515,-0.4136821446888837,78.32548531065733,78.21004228929162,1.1507786843948336,306.73353831804417,101323.60299659727,-1.3970034027297515,426.98381103156476,67.96271372581113,14914.091749757043,301.73877943772874,28.58877943772876,35.0,101325.0,219.85264156248465,33.58353831804419,18.87853159050309,188349.02902015662,143.52571440966253
3075.0,51.25,88.0,False,6600.0,25546.04857824137,20000.0,0.0,67.43102706597551,-0.41210036863773014,78.23615431769359,78.12510862195647,1.1508227040912125,306.72183784432923,101323.61365947893,-1.3863405210722703,426.94143272148636,67.88631154409724,14914.662245022113,301.73974439595196,28.589744395951982,35.0,101325.0,219.83923009151678,33.57183784432925,18.857308762249232,187714.52939012845,143.78686965855857
3080.0,51.333333333333336,87.2,False,6540.0,24846.201219829283,20000.0,0.0,67.36170239103217,-0.4154195457237045,78.15361206853686,78.0412859096748,1.1508658021682387,306.7102837318387,101323.59123755943,-1.4087624405656243,426.8990987803698,67.81093483066792,14915.220796100375,301.7407072362877,28.5907072362877,35.0,101325.0,219.8256637608399,33.560283731838695,18.836370786296644,187089.94399378446,144.04715054285293
3085.0,51.416666666666664,86.4,False,6480.0,24165.526545739638,20000.0,0.0,67.29359903034128,-0.4139016217789544,78.06670056300605,77.95860753139523,1.1509085110587287,306.6989331717235,101323.60151385705,-1.3984861429489683,426.8567998930081,67.73658095523211,14915.774303321123,301.7416679871686,28.59166798716865,35.0,101325.0,219.81203951783576,33.54893317172355,18.81571693200892,186475.1929256649,144.3065707768248
3090.0,51.5,85.6,False,6420.0,23503.49931026034,20000.0,0.0,67.22640557222007,-0.41615263475914727,77.98528916762653,77.87705328451361,1.1509503640016299,306.68773426203666,101323.58626109864,-1.4137389013631037,426.81453294195194,67.66325961594929,14916.316717461124,301.74262667913746,28.59262667913748,35.0,101325.0,219.7982666433306,33.53773426203668,18.795349893319244,185870.2989610053,144.5651440350794
3095.0,51.583333333333336,84.8,False,6360.0,22859.608657060217,20000.0,0.0,67.1603212408553,-0.416452200231423,77.90282264987033,77.79664228540133,1.150991676357354,306.6767202068092,101323.58422501977,-1.415774980225251,426.77229033126525,67.59096862595159,14916.85212559131,301.7435833408623,28.593583340862324,35.0,101325.0,219.7844014946006,33.526720206809216,18.77526906276433,185275.18734310582,144.82288395612395
3100.0,51.666666666666664,84.0,False,6300.0,22233.357724984395,20000.0,0.0,67.09529501584211,-0.41607269159340526,77.82076056791351,77.717372385847,1.1510323821976507,306.66588250264033,101323.58680420661,-1.4131957933859667,426.7300669361288,67.51970977346637,14917.379673281552,301.7445380016913,28.59453800169132,35.0,101325.0,219.77042887641323,33.51588250264035,18.755474937073995,184689.8169839683,145.07980409801775
3105.0,51.75,83.2,False,6240.0,21624.263264649177,20000.0,0.0,67.03119348253483,-0.4185551672652256,77.7431621779203,77.63923396051865,1.151072290974318,306.6551989137558,101323.56989038331,-1.4301096166891512,426.6878585374629,67.44948563986489,14917.896891027161,301.7454906911021,28.5954906911021,35.0,101325.0,219.75631027284655,33.505198913755805,18.7359682332958,184114.15405822388,145.33591796679704
3110.0,51.833333333333336,82.4,False,6180.0,21031.855265540376,20000.0,0.0,66.96827132173735,-0.416623745699188,77.66168524373684,77.56224678724064,1.151111806410613,306.6447118869562,101323.58305840424,-1.4169415957585443,426.6456576421447,67.38028952121913,14918.409011081545,301.74644143703154,28.596441437031558,35.0,101325.0,219.74211893953378,33.494711886956225,18.716747089227535,183548.08957433034,145.59123896931965
3115.0,51.916666666666664,81.6,False,6120.0,20455.67659332761,20000.0,0.0,66.90619606339271,-0.41932113516463165,77.58669374650731,77.48638345573423,1.151150435920976,306.63436601056543,101323.56465131106,-1.4353486889449414,426.6034621470987,67.3121262328684,14918.90964953585,301.7473902692412,28.597390269241203,35.0,101325.0,219.72775979284634,33.48436601056545,18.697812842463442,182991.60981964789,145.84578042723214
3120.0,52.0,80.8,False,6060.0,19895.28263711453,20000.0,0.0,66.84523648180789,-0.41896412376440617,77.50937654809344,77.41166296903003,1.1511886068119697,306.6242060803013,101323.56709439182,-1.4329056081769522,426.56126481094464,67.24498706029509,14919.404344283128,301.748337215209,28.59833721520903,35.0,101325.0,219.71331070813645,33.474206080301315,18.679163072304192,182444.5915172347,146.09955556704944
3125.0,52.083333333333336,80.0,False,6000.0,19350.240966352743,20000.0,0.0,66.78526650483082,-0.4188276796213925,77.43348371786844,77.33807233276424,1.1512261438084461,306.61421108413845,101323.56802754925,-1.4319724507513456,426.5190620484559,67.17887076201825,14919.890823757461,301.7492823035323,28.599282303532334,35.0,101325.0,219.6987364152292,33.46421108413847,18.660797433893958,181906.9735318053,146.35257748722236
3130.0,52.166666666666664,79.2,False,5940.0,18820.130997154854,20000.0,0.0,66.72620066592026,-0.421038515886064,77.36144831488204,77.26560113395087,1.151262934602901,306.60436677765335,101323.552869944,-1.4471300559962401,426.47685006894864,67.11377463098964,14920.367632453597,301.7502255624484,28.60022556244843,35.0,101325.0,219.68401356660775,33.45436677765338,18.6427151752749,181378.6837837861,146.60485919369154
3135.0,52.25,78.4,False,5880.0,18304.543667748974,20000.0,0.0,66.66826700545175,-0.41904645232071924,77.28575545816571,77.19426259068119,1.1512993466395636,306.59471116757527,101323.56653119018,-1.4334688098169863,426.43462255290626,67.0496885245331,14920.839532448743,301.7511670188437,28.60116701884374,35.0,101325.0,219.66920905749873,33.44471116757529,18.624913479036973,180859.59104484547,146.8564135512114
3140.0,52.333333333333336,77.6,False,5820.0,17803.08112282436,20000.0,0.0,66.61114559204543,-0.4214395176988146,77.21624382629477,77.12402651701602,1.1513349107891773,306.58519093200755,101323.55011210548,-1.4498878945159959,426.39237805143676,66.98661336009668,14921.300443827738,301.75210670125057,28.60210670125059,35.0,101325.0,219.65423266069865,33.43519093200757,18.607392600026856,180349.65488259046,147.10725330532767
3145.0,52.416666666666664,76.8,False,5760.0,17315.356406524515,20000.0,0.0,66.555074221356,-0.4213847404476415,77.14507307093707,77.05490564585476,1.151370010751711,306.5758457035593,101323.55048898382,-1.4495110161806224,426.3501105032842,66.92453766061428,14921.755339342175,301.75304463600736,28.603044636007382,35.0,101325.0,219.6391544968275,33.42584570355933,18.590149350170634,179848.73571195907,147.3573910765739
3150.0,52.5,76.0,False,5700.0,16840.993163850995,20000.0,0.0,66.49998426578964,-0.420509843085867,77.07410135848757,76.98688812446524,1.1514045625648506,306.56666404429825,101323.55650181117,-1.4434981888334733,426.3078166285134,66.86345584124703,14922.203130840462,301.7539808502256,28.60398085022564,35.0,101325.0,219.62395688604823,33.41666404429827,18.573182178124178,179356.74286444063,147.60683932558527
3155.0,52.583333333333336,75.2,False,5640.0,16379.625350247294,20000.0,0.0,66.44571260450664,-0.4230318634675242,77.00815480885244,76.91995440337986,1.1514383385064058,306.55761876741775,101323.53913504074,-1.4608649592555594,426.2654940748221,66.80336395881778,14922.64086704302,301.7549153710818,28.604915371081802,35.0,101325.0,219.60859521395412,33.40761876741777,18.556489988560497,178873.59998555615,147.8556103970089
3160.0,52.666666666666664,74.4,False,5580.0,15930.896949138956,20000.0,0.0,66.39252789736736,-0.42127529016533105,76.9384254167262,76.85411782636692,1.1514717709106521,306.5487546495612,101323.5512418767,-1.4487581232970115,426.2231370393548,66.74424833323194,14923.07415100205,301.755848223951,28.605848223951,35.0,101325.0,219.59314898260672,33.398754649561226,18.540068981453317,178399.15366027286,148.1037164759296
3165.0,52.75,73.6,False,5520.0,15494.461697211716,20000.0,0.0,66.3401507951296,-0.4226376787930541,76.87338437618024,76.78934882876895,1.15150445537219,306.5400251325216,101323.54185626502,-1.4581437349843327,426.1807444278726,66.68610657172755,14923.497741623583,301.7567794358223,28.606779435822318,35.0,101325.0,219.57754053114823,33.3900251325216,18.52391849214654,177933.34237186186,148.35116959817415
3170.0,52.833333333333336,72.8,False,5460.0,15069.982817215894,20000.0,0.0,66.28869862085276,-0.42359792099579874,76.8089854530298,76.7256482386972,1.151536593866097,306.5314497701421,101323.53522286798,-1.4647771320160246,426.13831199747665,66.62892751076481,14923.914256504617,301.75770903201754,28.607709032017567,35.0,101325.0,219.56180622477848,33.381449770142126,18.508035419656892,177476.03540757968,148.59798166607652
3175.0,52.916666666666664,72.0,False,5400.0,14657.13275809062,20000.0,0.0,66.238252005959,-0.4216512796274984,76.7423470476869,76.66301349755751,1.151568332577724,306.52304200099314,101323.54865468072,-1.451345319277607,426.09583597313826,66.57270031553531,14924.325590207303,301.75863703766646,28.608637037666483,35.0,101325.0,219.54597201796227,33.373042000993166,18.492416754315364,177027.10603192894,148.8441644031873
3180.0,53.0,71.2,False,5340.0,14255.59294220763,20000.0,0.0,66.18852746218988,-0.4242804758384641,76.68203689684943,76.60141373960468,1.151599261869857,306.5147545770316,101323.53049859447,-1.4695014055323554,426.05331566453674,66.51742170729305,14924.726433833346,301.7595634788745,28.60956347887452,35.0,101325.0,219.5299594865858,33.36475457703165,18.47706158535918,176586.48899516216,149.0897293997339
3185.0,53.083333333333336,70.4,False,5280.0,13865.053519539353,20000.0,0.0,66.13980330957543,-0.4235467239451516,76.61894321801387,76.54086104854385,1.1516298304560646,306.5066338849292,101323.53557691947,-1.4644230805279221,426.01074597212704,66.46307608950386,14925.122602710597,301.7604883794758,28.61048837947584,35.0,101325.0,219.51385157727879,33.35663388492924,18.46196558041774,176154.0219920579,149.33468808791946
3190.0,53.166666666666664,69.6,False,5220.0,13485.21312856176,20000.0,0.0,66.09193847799975,-0.42301355935260876,76.55714011097307,76.481334850932,1.1516598466741783,306.49865641299994,101323.53926145799,-1.4607385420094943,425.9681253160101,66.40965652470969,14925.511612897351,301.7614117644457,28.611411764445734,35.0,101325.0,219.4976109651659,33.34865641299996,18.44712681241936,175729.61296172862,149.57905172330402
3195.0,53.25,68.8,False,5160.0,13115.77866370733,20000.0,0.0,66.04482900691971,-0.4252206638474149,76.49952779253843,76.4228173293534,1.1516891757982723,306.4908048344866,101323.52397866969,-1.4760213303088676,425.92545192294347,66.35715515549786,14925.89171834561,301.7623336583315,28.612333658331522,35.0,101325.0,219.4812110908702,33.34080483448662,18.432543098749406,175313.16358325857,149.82283142923805
3200.0,53.333333333333336,68.0,False,5100.0,12756.465049188826,20000.0,0.0,65.9987127004149,-0.42335331975121027,76.43828223662935,76.36531652320117,1.1517182051454915,306.48311878340246,101323.53691401352,-1.463085986484657,425.882721455585,66.30555649986819,14926.26793868557,301.763254084155,28.613254084155017,35.0,101325.0,219.4647235614688,33.33311878340248,18.418210138852274,174904.5162563186,150.06603815134886
3205.0,53.416666666666664,67.2,False,5040.0,12406.995019019274,20000.0,0.0,65.95331828971018,-0.42452306494388997,76.38154432119742,76.30880126707099,1.151746544729252,306.475553048285,101323.5288176925,-1.4711823075049324,425.8399337002358,66.25485582421204,14926.635219691108,301.76417306640127,28.614173066401293,35.0,101325.0,219.44807397569724,33.32555304828503,18.40412661783668,174503.59971558812,150.30868267632934
3210.0,53.5,66.4,False,4980.0,12067.098903058377,20000.0,0.0,65.90875046495557,-0.4255519809428853,76.32565895382096,76.2532690901679,1.151774378833734,306.4681250774926,101323.52167764503,-1.4783223549748072,425.7970856101383,66.20504023312326,14926.995949685193,301.7650906279315,28.615090627931522,35.0,101325.0,219.43129590992964,33.318125077492596,18.39028895364535,174110.27916185913,150.550775647772
3215.0,53.583333333333336,65.6,False,4920.0,11736.514418920353,20000.0,0.0,65.86510799112466,-0.42343376813735567,76.26716749235047,76.19871674097317,1.1518018826916265,306.4608513318541,101323.53635791021,-1.4636420897877542,425.7541743257545,66.15609670901533,14927.35239968348,301.7660067912902,28.616006791290204,35.0,101325.0,219.4144212985517,33.31085133185411,18.376693530282036,173724.42006062472,150.79232752223206
3220.0,53.666666666666664,64.8,False,4860.0,11414.986469582514,20000.0,0.0,65.82210240167467,-0.42573933789858065,76.21473700147975,76.14511136026678,1.1518286403256153,306.4536837336124,101323.52037564217,-1.4796243578311987,425.71120005894534,66.10802049403894,14927.699178619974,301.7669215800666,28.616921580066617,35.0,101325.0,219.39737103314465,33.303683733612445,18.363339026121928,173345.95405506145,151.03334861536797
3225.0,53.75,64.0,False,4800.0,11102.266946538495,20000.0,0.0,65.7799783082844,-0.4254723975921012,76.16033451039394,76.0924606314238,1.151855049765539,306.4466630513807,101323.52223052153,-1.4777694784716005,425.668159058199,66.06079527707283,14928.041444961385,301.76783501566297,28.61783501566299,35.0,101325.0,219.38021902908355,33.29666305138073,18.35022091029801,172974.72283590148,151.27384908543112
3230.0,53.833333333333336,63.199999999999996,False,4740.0,10798.114538344185,20000.0,0.0,65.73867039699655,-0.4241056631375217,76.10563577581641,76.04074839456517,1.1518810357597478,306.4397783994994,101323.53170927751,-1.4682907224923838,425.6250500495247,66.01441124031604,14928.378223446332,301.7687471202335,28.618747120233536,35.0,101325.0,219.36295031667586,33.289778399499426,18.337336455643346,172610.62032770689,151.5138389070725
3235.0,53.916666666666664,62.4,False,4680.0,10502.29454440869,20000.0,0.0,65.69798751809799,-0.42654536693509515,76.05625278812859,75.98994897064173,1.1519063309686592,306.432997919683,101323.51476775466,-1.4852322453371016,425.58187278088997,65.96886129338345,14928.706049353825,301.76965791606733,28.619657916067354,35.0,101325.0,219.3455138814647,33.282997919683,18.324683692606513,172253.56280178847,151.75332792313466
3240.0,54.0,61.6,False,4620.0,10214.578693886491,20000.0,0.0,65.65819675063699,-0.4251963340790822,76.00346568827749,75.9400713501005,1.1519313675960583,306.42636612510614,101323.52414757131,-1.4758524286880856,425.5386236921155,65.9241283693648,14929.030524044916,301.7705674235172,28.62056742351723,35.0,101325.0,219.32799021790476,33.276366125106165,18.31225788037911,171903.3893291773,151.99232580655897
3245.0,54.083333333333336,60.8,False,4560.0,9934.744969531266,20000.0,0.0,65.61910093025494,-0.42512351560385825,75.95306821412419,75.89108916898506,1.1519558689825868,306.41985015504247,101323.5246530325,-1.4753469675051747,425.4953027679587,65.8802053207233,14929.348062014325,301.77147566424054,28.621475664240563,35.0,101325.0,219.31032666009637,33.26985015504249,18.30005703353425,171560.01771814385,152.23084206145293
3250.0,54.166666666666664,60.0,False,4500.0,9662.57743637523,20000.0,0.0,65.58066580713978,-0.42695076421647077,75.90576285185354,75.84298850824248,1.1519798071737608,306.41344430118994,101323.51194322396,-1.4880567760410486,425.4519088658841,65.83708154947075,14929.65830097194,301.77238265901855,28.62238265901857,35.0,101325.0,219.2925173264436,33.26344430118996,18.28807820818632,171223.3396582171,152.468886059631
3255.0,54.25,59.199999999999996,False,4440.0,9397.866075101952,20000.0,0.0,65.54309148487653,-0.4249225301437298,75.85493853659243,75.79577303080784,1.1520035118380347,306.40718191414607,101323.52604770103,-1.4739522989693796,425.40843924810616,65.79474129369173,14929.96551342093,301.7732884274775,28.62328842747752,35.0,101325.0,219.27462358597376,33.25718191414609,18.27631702602548,170893.20752592655,152.7064669951755
3260.0,54.333333333333336,58.4,False,4380.0,9140.406619984005,20000.0,0.0,65.50610747036876,-0.426100703543069,75.80867826943974,75.74941079028342,1.1520265941324623,306.4010179117281,101323.5178627791,-1.4821372208971297,425.36489466223514,65.75317894230278,14930.26465995671,301.77419299058334,28.624192990583367,35.0,101325.0,219.25657182970525,33.25101791172813,18.26477192841744,170569.55380029167,152.94359391276316
3265.0,54.416666666666664,57.6,False,4320.0,8890.000401260353,20000.0,0.0,65.46982967896292,-0.4270205943286054,75.76299733597092,75.70389913688274,1.152049255009712,306.39497161316046,101323.51145642465,-1.4885435753531056,425.3212731541434,65.71238061886906,14930.558344925865,301.77509636764023,28.625096367640253,35.0,101325.0,219.23839932629807,33.24497161316049,18.253439060796964,170252.2473995745,153.18027571915195
3270.0,54.5,56.8,False,4260.0,8646.454191831954,20000.0,20.0,65.4336175905662,-0.42631779033138567,98.6264047625578,98.7006888393475,1.1520720041132744,306.38893626509434,101323.51635217671,-1.4836478232900845,425.277912975335,65.67232645785482,14930.853173308034,301.7759985766323,28.6259985766323,35.0,101325.0,219.22037743518428,33.23893626509437,18.24231290495967,169941.11173145933,153.4165211074374
3275.0,54.583333333333336,56.0,False,4200.0,8409.580058157175,20000.0,20.0,65.4746865125943,-0.4276980323807371,98.58947121352173,98.6597399514412,1.1520461576487044,306.39578108543236,101323.50672973957,-1.49327026042738,425.1961664679384,65.63870405401386,14930.51820312721,301.77690063683474,28.626900636834762,35.0,101325.0,219.17332189487595,33.245781085432384,18.232973348337183,169680.22997926152,153.65236926140318
3280.0,54.666666666666664,55.199999999999996,False,4140.0,8179.195215232029,20000.0,20.0,65.51669457605374,-0.42845428109046646,98.56532601381133,98.63232667849151,1.152019773148606,306.40278242934227,101323.50144431849,-1.4985556815081509,425.114165047175,65.61686958628994,14930.176260005932,301.77780372760503,28.627803727605055,35.0,101325.0,219.12603450967285,33.25278242934229,18.22690821841387,169510.95583157623,153.88791869599405
3285.0,54.75,54.4,False,4080.0,7955.121885543287,20000.0,20.0,65.55620771486144,-0.430394071733157,98.55353611499311,98.61610225238444,1.1519948586656514,306.4093679524769,101323.48784443279,-1.5121555672085378,425.03360642924656,65.60463747781901,14929.853368306844,301.7787077808465,28.628707780846526,35.0,101325.0,219.07977229887217,33.25936795247691,18.22351041050528,169416.174265297,154.1232847585613
3290.0,54.833333333333336,53.6,False,4020.0,7737.18716188565,20000.0,20.0,65.59344390763204,-0.4318677841296362,98.55010566743515,98.6089473331342,1.1519714086349462,306.4155739846053,101323.47747115944,-1.5225288405636093,424.95442640338104,65.60016906147266,14929.549455908902,301.7796127303624,28.629612730362396,35.0,101325.0,219.03450090096655,33.26557398460534,18.222269183742405,169381.5591616571,154.35856096233005
3295.0,54.916666666666664,52.8,False,3960.0,7525.222873937117,20000.0,20.0,65.62851074222328,-0.43381750164412164,98.55435938970514,98.60908480242384,1.1519492800747881,306.4214184570372,101323.46369285932,-1.5363071406754898,424.8765673583055,65.601932748308,14929.262669769254,301.7805185144612,28.630518514461244,35.0,101325.0,218.99016324147777,33.271418457037214,18.222759096752224,169395.22120225977,154.59382261536052
3300.0,55.0,52.0,True,3900.0,257319.06545848958,20000.0,20.0,65.66084553718952,-0.440594145603443,98.56981154746846,98.6150360886134,1.1519284707933624,306.42680758953156,101323.41532080702,-1.58467919297982,424.79997614363236,65.60864549228019,14928.992981481975,301.78142507398906,28.631425073989078,35.0,101325.0,218.94673133215025,33.276807589531586,18.22462374785561,169447.22682440863,154.8291298709346
3305.0,55.083333333333336,51.199999999999996,True,3839.9999999999995,257118.5558332346,20000.0,20.0,66.1864874198377,0.2620502088244772,98.12271089131563,98.9486304864571,1.151623612284761,306.5144145699729,101325.56057397506,0.5605739750608336,424.72532382740627,65.65893077049758,14925.042015210502,301.7823393454297,28.632339345429727,35.0,101325.0,218.85032048968847,33.36441456997295,18.23859188069377,169837.14037218617,155.06474401482112
3310.0,55.166666666666664,50.4,True,3780.0,256923.53927400667,20000.0,20.0,66.68068627055368,0.2486890595377083,98.26047180751793,99.04507042359879,1.1513135984507226,306.59678104509226,101325.50486733334,0.5048673333367333,424.6516918574387,65.77919296746157,14921.024235921364,301.7832675128994,28.63326751289941,35.0,101325.0,218.753476103388,33.44678104509228,18.2719980465171,170772.08194248518,155.3012781969841
3315.0,55.25,49.6,True,3720.0,256733.86529538975,20000.0,20.0,67.15283590257593,0.23822914402563622,98.46198921145809,99.2100629531088,1.1510177040474245,306.6754726504293,101325.46329081684,0.4632908168423455,424.57891517700745,65.95511315144711,14917.189444454623,301.7842089250345,28.6342089250345,35.0,101325.0,218.65977489595963,33.52547265042932,18.320864764290864,172145.89050530866,155.5394156778506
3320.0,55.333333333333336,48.8,True,3660.0,256549.38753459448,20000.0,20.0,67.60405957736134,0.23212059799987672,98.71368933236081,99.43153744297004,1.1507352506162203,306.75067659622687,101325.43983650625,0.439836506251595,424.5068905363454,66.17484172432779,14913.528847986214,301.7851629809769,28.63516298097693,35.0,101325.0,218.5690331219088,33.60067659622689,18.38190047897994,173872.13387089092,155.77970597255631
3325.0,55.416666666666664,48.0,True,3600.0,256369.96363851658,20000.0,20.0,68.03513897532503,0.2192867790496687,99.00426809527228,99.68528005989394,1.150465253721142,306.82252316255415,101325.39254442013,0.39254442013043445,424.4355400832664,66.42851048163699,14910.029688226,301.7861291093499,28.636129109349895,35.0,101325.0,218.48102217073378,33.67252316255417,18.452364022676942,175879.32639705838,156.02258893107575
3330.0,55.5,47.199999999999996,True,3539.9999999999995,256195.45515388958,20000.0,0.0,68.44766401877587,0.21425956942374957,76.41422807558583,76.97436974744448,1.1502073080692214,306.8912773364626,101325.37475235175,0.3747523517522495,424.36457630007305,66.70791107532409,14906.68671257711,301.7871067651134,28.6371067651134,35.0,101325.0,218.39551568160115,33.741277336462645,18.529975298701135,178107.93722128315,156.26841341969956
3335.0,55.583333333333336,46.4,True,3480.0,256025.72742044655,20000.0,0.0,68.78846206939136,0.20282311427742633,76.75136992306467,77.28540760027097,1.149994024271897,306.9480770115652,101325.3358140056,0.33581400559342,424.3258219045624,67.00222836344932,14903.922554563784,301.78809472507345,28.638094725073472,35.0,101325.0,218.33507752638417,33.798077011565226,18.611730100958145,180475.80622120167,156.5174299082013
3340.0,55.666666666666664,45.6,True,3420.0,255860.64946700906,20000.0,0.0,69.11426142790367,0.1942298079733121,77.0951228420433,77.60687526264027,1.1497903073325944,307.0023769046506,101325.30796096576,0.30796096575795673,424.2877572865563,67.30231696904809,14901.282383030424,301.7890917236226,28.63909172362264,35.0,101325.0,218.2768178016948,33.85237690465061,18.695088046957803,182911.62045486053,156.76978228783747
3345.0,55.75,44.8,True,3360.0,255700.09391042255,20000.0,0.0,69.42805188265811,0.18807998301391662,77.44230689615277,77.93499606310874,1.149594254083653,307.05467531377633,101325.28876800009,0.28876800008583814,424.24891224924374,67.6054008788325,14898.741532924143,301.7900974168224,28.640097416822414,35.0,101325.0,218.21961834289763,33.90467531377635,18.779278021897916,185393.89444553482,157.0255500065183
3350.0,55.833333333333336,44.0,True,3300.0,255543.93685726062,20000.0,0.0,69.73025355764821,0.18586359423450022,77.79031327488963,78.26885303421498,1.1494056374428043,307.105042259608,101325.2820022503,0.28200225030013826,424.2093127396834,67.90920265961422,14896.297061258745,301.7911114740596,28.64111147405964,35.0,101325.0,218.1634491984429,33.955042259608035,18.863667405448396,187904.48421219195,157.28478499169728
3355.0,55.916666666666664,43.199999999999996,True,3239.9999999999995,255392.05780822202,20000.0,0.0,70.02113756210099,0.18050756477249535,78.13700360667893,78.598147530676,1.1492240352375889,307.1535229270168,101325.26598351788,0.2659835178783396,424.16898768597855,68.21185556086186,14893.94349667915,301.7921335758103,28.642133575810306,35.0,101325.0,218.1082449159184,34.00352292701683,18.94773765579496,190428.0155614742,157.54751589431785
3360.0,56.0,42.4,True,3180.0,255244.3395651469,20000.0,20.0,70.30237337847132,0.17586873858530774,101.39073096657407,101.90648071219942,1.1490485335966047,307.20039556307853,101325.25248827111,0.2524882711149985,424.1270710387407,68.51183916285972,14891.668995411997,301.7931634133827,28.643163413382695,35.0,101325.0,218.0533866122974,34.05039556307855,19.0310664341277,192951.48644490726,157.8137516596001
3365.0,56.083333333333336,41.6,True,3120.0,255100.66814058027,20000.0,20.0,70.61369648448294,0.16719313693961496,101.73396343175057,102.22351592047065,1.1488542127177555,307.2522827474138,101325.2281922044,0.22819220440578647,424.0542184194203,68.81147342393619,14889.150596822112,301.7942013147968,28.644201314796817,35.0,101325.0,217.97906174528214,34.102282747413824,19.11429817331561,195494.17527797024,158.0835055913521
3370.0,56.166666666666664,40.8,True,3060.0,254960.9326698131,20000.0,20.0,70.91081586023188,0.1647586678314282,102.07794074715639,102.5491676394131,1.1486690067655576,307.30180264337196,101325.22159525409,0.22159525408642367,423.9822265903813,69.11175792259426,14886.750327681628,301.7952474671074,28.645247467107424,35.0,101325.0,217.9069210854938,34.15180264337198,19.19771053405396,198064.69511984222,158.3568103624617
3375.0,56.25,40.0,True,3000.0,254825.02532533297,20000.0,20.0,71.19421373234275,0.1462182190182573,102.4201224882748,102.85514091182823,1.1484919474006332,307.3490356220571,101325.17452871488,0.17452871488058008,423.9109478452505,69.41047492508164,14884.455638312207,301.79630148532596,28.646301485325978,35.0,101325.0,217.8367039688147,34.199035622057124,19.280687479189346,200644.05592571784,158.63369143957664
3380.0,56.333333333333336,39.199999999999996,True,2939.9999999999995,254692.84123361862,20000.0,20.0,71.46480372899691,0.13752917023713812,102.75845943222167,103.16922200331423,1.1483232220372337,307.3941339548328,101325.15440222585,0.15440222584584262,423.8403786459994,69.70583550567902,14882.26895760255,301.7973630005813,28.647363000581322,35.0,101325.0,217.76844316979918,34.24413395483282,19.36273208491084,203216.357013636,158.91415005967343
3385.0,56.416666666666664,38.4,True,2880.0,254564.27839421367,20000.0,20.0,71.7230997437498,0.13837516369414907,103.09131587475753,103.48937757209374,1.1481624480100445,307.43718329062494,101325.15630764022,0.15630764022353105,423.77051740615786,69.9964117311899,14880.185326210178,301.7984316596823,28.64843165968233,35.0,101325.0,217.7020643664675,34.28718329062497,19.443447703108305,205768.35309140192,159.1981672194686
3390.0,56.5,37.6,False,2820.0,124439.23760101764,20000.0,20.0,71.96792048223574,0.0921034275537253,103.41739919084294,103.74923108801808,1.1480090962752756,307.47798674703927,101325.06924931728,0.06924931728281081,423.70136396278696,70.28107516888184,14878.197887727572,301.7995071240308,28.649507124030833,35.0,101325.0,217.63746628155263,34.32798674703929,19.522520880244954,208289.05072261987,159.48570708322833
3395.0,56.583333333333336,36.8,False,2760.0,121030.1596196948,20000.0,20.0,71.94285266044176,-0.23488978447644274,103.9807276529487,103.93927921327261,1.1480188078697273,307.47380877674027,101324.54960644203,-0.4503935579705285,423.63262572469375,70.53795852538614,14878.323749991667,301.80058537098165,28.650585370981673,35.0,101325.0,217.6039991642054,34.32380877674029,19.59387736816282,210581.3519260769,159.77658930728992
3400.0,56.666666666666664,36.0,False,2700.0,117714.47511222145,20000.0,20.0,71.9151201967145,-0.2431792651630007,104.23485489531221,104.18598062054764,1.1480356990958396,307.4691866994524,101324.51725587751,-0.4827441224915674,423.5646523802464,70.75151644030022,14878.54266028208,301.80166271395336,28.651662713953385,35.0,101325.0,217.57228501191244,34.319186699452416,19.653199011194506,212499.79156391553,160.07039565693574
3405.0,56.75,35.2,False,2640.0,114489.62551554755,20000.0,20.0,71.88256329306785,-0.2516794601304957,104.44634895075609,104.3899903154446,1.148055570677136,307.4637605488446,101324.48291795386,-0.5170820461353287,423.4974948980282,70.92764582281868,14878.800195975682,301.80273901667465,28.652739016674673,35.0,101325.0,217.5415536603922,34.31376054884464,19.702123839671856,214090.74148904704,160.36663908266698
3410.0,56.833333333333336,34.400000000000006,False,2580.0000000000005,111353.12235979566,20000.0,20.0,71.84553599207584,-0.2603418352096415,104.62092216875368,104.55706863069766,1.1480782039323738,307.4575893320126,101324.44671125583,-0.5532887441659113,423.43118170895536,71.07138196036728,14879.093522963563,301.8038141506254,28.653814150625408,35.0,101325.0,217.5117780366276,34.30758933201264,19.742050544546466,215394.95704032088,160.66489303997903
3415.0,56.916666666666664,33.599999999999994,False,2519.9999999999995,108302.54534802181,20000.0,20.0,71.80442969012995,-0.26685583968698,104.76087032857085,104.69215648959143,1.1481034693751595,307.4507382816883,101324.41867723122,-0.5813227687758626,423.36573117231285,71.18703956758252,14879.420963102068,301.80488799680836,28.654887996808384,35.0,101325.0,217.4829428232619,34.300738281688325,19.77417765766181,216448.2344839629,160.96478414520422
3420.0,57.0,32.8,False,2460.0,105335.54048858238,20000.0,0.0,71.7591321965408,-0.27375627247893336,81.96324447571328,81.83687365603348,1.148131317164175,307.44318869942344,101324.38822451656,-0.6117754834413063,423.30145000888933,71.27832194157575,14879.781870447709,301.8059604454906,28.65596044549062,35.0,101325.0,217.45519594466802,34.29318869942347,19.799533872659932,217281.95035386295,161.26598566245272
3425.0,57.083333333333336,32.0,False,2400.0,102449.8182786656,20000.0,0.0,71.67849248162133,-0.28255172108702414,82.05062245368114,81.91790242658772,1.148181057573333,307.42974874693687,101324.348281836,-0.6517181639937917,423.262589954193,71.34580551234683,14880.426506150397,301.8070309364244,28.657030936424405,35.0,101325.0,217.444652984141,34.27974874693689,19.81827930898523,217899.6773787007,161.56819512615587
3430.0,57.166666666666664,31.200000000000003,False,2340.0,99643.15193758647,20000.0,0.0,71.59572958350486,-0.2855382497863256,82.10509952755966,81.97274446770325,1.1482324197397666,307.4159549305841,101324.3344319013,-0.6655680987023516,423.22343156027597,71.39037625002908,14881.092159827376,301.8080989564153,28.6580989564153,35.0,101325.0,217.4342621230601,34.265954930584144,19.83066006945252,218308.30761622277,161.8711173379579
3435.0,57.25,30.39999999999999,False,2279.9999999999995,96913.37568848114,20000.0,0.0,71.51075083006776,-0.2940197522580278,82.14327541411292,82.00501814571614,1.1482848682628135,307.40179180501127,101324.29430518598,-0.7056948140234454,423.18403564709774,71.41522144219988,14881.771892686062,301.80916444610017,28.659164446100192,35.0,101325.0,217.4239531274231,34.251791805011294,19.83756151172219,218536.3131254699,162.17448165791743
3440.0,57.333333333333336,29.599999999999994,False,2219.9999999999995,94258.38308707545,20000.0,0.0,71.42396327346125,-0.29970361268739343,82.15877072276902,82.017861369944,1.1483385903973653,307.3873272122435,101324.2667570983,-0.73324290169694,423.1444314057239,71.42306463946575,14882.468131549855,301.8102273507447,28.66022735074472,35.0,101325.0,217.41377637435508,34.23732721224354,19.839740177629373,218608.32347406173,162.47805432222268
3445.0,57.416666666666664,28.799999999999997,False,2160.0,91676.12539623746,20000.0,0.0,71.33556094403275,-0.302734668065682,82.15442933618388,82.01394760160527,1.1483934663755078,307.3725934906721,101324.25185078164,-0.7481492183578666,423.1046442533663,71.41624365075229,14883.179324226581,301.81128762151667,28.661287621516692,35.0,101325.0,217.40372216784087,34.222593490672125,19.837845458542304,218545.6973805896,162.78163350337175
3450.0,57.5,28.0,False,2100.0,89164.61000506033,20000.0,0.0,71.2455462691338,-0.31010532705442506,82.1405646250908,81.99555576524061,1.148449102721122,307.3575910448556,101324.21497702965,-0.7850229703471996,423.06469638217015,71.39676940925051,14883.900371265743,301.8123452153468,28.662345215346818,35.0,101325.0,217.39372735392857,34.20759104485563,19.83243594701403,218366.96278095545,163.08504507292838
3455.0,57.583333333333336,27.200000000000003,False,2040.0000000000002,86721.89889125482,20000.0,0.0,71.15422603871366,-0.31669123023891016,82.11328311589422,81.96467210775069,1.1485055936134814,307.34237100645225,101324.18127889543,-0.818721104573342,423.0246052913703,71.36636735905626,14884.63249323072,301.81340009338015,28.663400093380176,35.0,101325.0,217.38381869816297,34.19237100645228,19.823990933071183,218088.12760834888,163.3881388856987
3460.0,57.666666666666664,26.39999999999999,False,1979.9999999999993,84346.10712566573,20000.0,0.0,71.06178155200132,-0.3219773402516051,82.07369937202782,81.92299814944651,1.1485628599565147,307.3269635920002,101324.15371912134,-0.8462808786571259,422.9843860877631,71.32652552647242,14885.37466503643,301.81445222177047,28.66445222177049,35.0,101325.0,217.37398893764853,34.17696359200022,19.81292375735345,217723.074108289,163.6907855535575
3465.0,57.75,25.599999999999994,False,1919.9999999999995,82035.40141775763,20000.0,0.0,70.96835937336152,-0.3263962267656205,82.02378058851227,81.87199978234531,1.1486207883717772,307.31139322889356,101324.13033063799,-0.8696693620149745,422.94405152117145,71.27852865905608,14886.125417298232,301.81550157123246,28.665501571232483,35.0,101325.0,217.36422311754808,34.16139322889359,19.799591294182243,217283.84080693504,163.9928736889153
3470.0,57.833333333333336,24.799999999999997,False,1859.9999999999998,79787.99870094791,20000.0,0.0,70.87408746891572,-0.33070171769680234,81.96566304502073,81.81294299196341,1.1486792553678962,307.29568124481926,101324.1072357054,-0.8927642945927801,422.9036122757497,71.22348785323938,14886.883149567933,301.81654811674986,28.66654811674988,35.0,101325.0,217.35450331705871,34.145681244819286,19.78430218145538,216780.8739838938,164.29430751863114
3475.0,57.916666666666664,24.0,False,1800.0,77602.16475669532,20000.0,0.0,70.77910086097745,-0.3350731414090293,81.90065469947903,81.74692535542145,1.1487381661320657,307.2798501434962,101324.08347746862,-0.916522531377268,422.86307717633235,71.16236559865753,14887.64663307157,301.8175918372831,28.667591837283112,35.0,101325.0,217.34481609567715,34.12985014349624,19.76732377740487,216223.24467602387,164.5950048232561
3480.0,58.0,23.200000000000003,False,1740.0000000000002,75476.21287628236,20000.0,0.0,70.68353022013241,-0.33955661474425225,81.82976547140878,81.67489956350603,1.1487974363177402,307.2639217033554,101324.0587861664,-0.9412138336047065,422.82245349764514,71.0959974156105,14888.414774677913,301.81863271555994,28.668632715559966,35.0,101325.0,217.33514920386892,34.1139217033554,19.748888171002914,215618.83962195143,164.89489515957416
3485.0,58.083333333333336,22.39999999999999,False,1679.9999999999993,73408.50255925882,20000.0,0.0,70.58750612449796,-0.3439391226397627,81.7535839329879,81.59769480236628,1.1488569979488688,307.2479176874163,101324.03433371361,-0.9656662863853853,422.78174717286606,71.02511012950097,14889.18669341734,301.81967073785694,28.66967073785696,35.0,101325.0,217.32549280605593,34.09791768741633,19.729197258194713,214974.52488284284,165.19391832936915
3490.0,58.166666666666664,21.599999999999994,False,1619.9999999999995,71397.43824754203,20000.0,0.0,70.49115321492104,-0.3479712612872284,81.6725502853817,81.51603391155871,1.1489167897487966,307.2318588691535,101324.01155919443,-0.9884408055659151,422.7409630080746,70.95033742990358,14889.961595144405,301.8207058937965,28.670705893796537,35.0,101325.0,217.31583775995304,34.08185886915351,19.708427063862107,214296.28690016438,165.49202305977403
3495.0,58.25,20.799999999999997,False,1559.9999999999998,69441.4680941974,20000.0,0.0,70.394597614899,-0.35113152395520475,81.58670136189791,81.43054917980096,1.1489767678809426,307.2157662691498,101323.99352369702,-1.0064763029804453,422.7001048191326,70.87223297820312,14890.738911737015,301.821738176134,28.671738176134,35.0,101325.0,217.30617771759123,34.06576626914983,19.6867313828342,213589.35260602212,165.78916586498667
3500.0,58.333333333333336,20.0,False,1500.0,67539.08276594845,20000.0,0.0,70.29794557812363,-0.35334612886652567,81.49650842221644,81.34179321923588,1.1490368725143578,307.1996575963539,101323.98078786298,-1.0192121370200766,422.6591756498129,70.79128195533123,14891.517867786079,301.8227675806208,28.672767580620814,35.0,101325.0,217.29650291290662,34.04965759635394,19.66424498759201,212858.29613061956,166.08531006549822
3505.0,58.416666666666664,19.200000000000003,False,1440.0000000000002,65688.81427849307,20000.0,0.0,70.20126140206912,-0.35570106701296506,81.40370424852503,81.25024799335813,1.149096993340381,307.1835435670115,101323.96715715042,-1.0328428495849948,422.618177965372,70.707911050369,14892.297033691337,301.8237941058955,28.673794105895524,35.0,101325.0,217.28679374206797,34.03354356701152,19.64108640288028,212107.13171591444,166.3804249459472
3510.0,58.5,18.39999999999999,False,1379.9999999999993,63889.23486372668,20000.0,0.0,70.10456514724092,-0.36048426793842003,81.31134074950376,81.15633386365504,1.1491569654395866,307.16742752454013,101323.9391925924,-1.0608074076008052,422.5771137537663,70.62249658175315,14893.074272097041,301.8248177533096,28.67481775330964,35.0,101325.0,217.27702003864093,34.01742752454015,19.6173601615981,211339.3898335441,166.67448503035655
3515.0,58.583333333333336,17.599999999999994,False,1319.9999999999995,62138.95586799846,20000.0,0.0,70.0080184322419,-0.36516053561109,81.21689136552295,81.06043381151507,1.1492168535759428,307.1513364053736,101323.91149210802,-1.0885078919818625,422.5359839748345,70.53536811549937,14893.850422344218,301.8258385262207,28.67583852622073,35.0,101325.0,217.2671945430799,34.00133640537365,19.593157809860937,210558.1528431206,166.96746943499315
3520.0,58.666666666666664,16.799999999999997,False,1259.9999999999998,60436.62668055049,20000.0,0.0,69.91177848441339,-0.36727134962248964,81.1178735020033,80.96288723068528,1.149276727715723,307.1352964140689,101323.89887147548,-1.1011285245185718,422.4947891637233,70.4468169225051,14894.626391195769,301.8268564302527,28.676856430252712,35.0,101325.0,217.25733075624146,33.9852964140689,19.568560256251416,209766.1340950927,167.25936130092242
3525.0,58.75,16.0,False,1200.0,58780.933691312755,20000.0,0.0,69.8158769541983,-0.36820341028624265,81.01617380551988,80.86398522173928,1.149336476714216,307.1193128256997,101323.89327549921,-1.1067245007870952,422.4535298941289,70.35710330269646,14895.40073821624,301.8278714735181,28.67787147351811,35.0,101325.0,217.24740796014058,33.96931282569972,19.543639806304572,208965.74632193227,167.5501473289898
3530.0,58.833333333333336,15.200000000000003,False,1140.0000000000002,57170.59927725,20000.0,0.0,69.7202192521147,-0.3731054357878273,80.91795781255607,80.76397553285854,1.1493958068068084,307.1033698753524,101323.86361088805,-1.136389111954486,422.4122068042768,70.2664609132626,14896.169656216236,301.82888366647836,28.678883666478384,35.0,101325.0,217.23737096285217,33.95336987535245,19.51846136479517,208159.14278514325,167.8398173908697
3535.0,58.916666666666664,14.399999999999991,False,1079.9999999999993,55604.38081647801,20000.0,0.0,69.62504928424892,-0.3763037896632806,80.81695780379427,80.6631068848094,1.149454953346507,307.08750821404146,101323.84404455416,-1.1559554458362982,422.37081914287546,70.17509181196527,14896.936195370732,301.8298930203957,28.679893020395696,35.0,101325.0,217.2272638738171,33.937508214041486,19.49308105887924,207348.17580219227,168.12836413988873
3540.0,59.0,13.599999999999994,False,1019.9999999999995,54081.06972938891,20000.0,0.0,69.53047511244006,-0.3763472834616565,80.7117204388276,80.56159151840886,1.149513953219772,307.0717458520733,101323.84377732433,-1.1562226756650489,422.329366381491,70.08317845360381,14897.700833728244,301.8308995486474,28.680899548647403,35.0,101325.0,217.21709339653998,33.92174585207334,19.467549570445502,206534.50605662356,168.41578266895735
3545.0,59.083333333333336,12.799999999999997,False,959.9999999999998,52599.49054604508,20000.0,0.0,69.43630251997672,-0.3809406855908192,80.61126487936872,80.45959419183589,1.1495723894372019,307.0560504199961,101323.81538117601,-1.1846188239869662,422.2878487232923,69.99088959611028,14898.458167106135,301.83190326712594,28.68190326712596,35.0,101325.0,217.20678085016553,33.90605041999612,19.4419137766973,205719.65669517085,168.70207028197945
3550.0,59.166666666666664,12.0,False,900.0,51158.49999912249,20000.0,0.0,69.34280342244028,-0.3832792278844561,80.50795976448155,80.3573005064025,1.149630567998679,307.04046723707336,101323.80079210998,-1.1992078900220804,422.2462647509136,69.89836800033211,14899.21216126288,301.8329041917324,28.682904191732405,35.0,101325.0,217.19638334362054,33.89046723707338,19.41621333342559,204904.90659505414,168.98722622870875
3555.0,59.25,11.200000000000003,False,840.0000000000002,49756.98614170324,20000.0,0.0,69.25001593982631,-0.3836854418051381,80.40232597504753,80.25485940261918,1.1496884450255636,307.0250026566377,101323.79824883059,-1.2017511694139102,422.2046136434429,69.8057458521597,14899.962247531303,301.8339023404574,28.68390234045745,35.0,101325.0,217.1858921747766,33.87500265663772,19.39048495893325,204091.42858689654,169.271251461474
3560.0,59.333333333333336,10.399999999999991,False,779.9999999999993,48393.86748923667,20000.0,0.0,69.15777710566215,-0.388408347469095,80.30166230430986,80.15238799670809,1.1497456765159098,307.00962951761034,101323.76848127034,-1.231518729662639,422.1628950427989,69.71314581464222,14900.70396764619,301.83489773316654,28.684897733166565,35.0,101325.0,217.17524219260477,33.85962951761036,19.364762726289506,203280.2998735915,169.55414849512712
3565.0,59.416666666666664,9.599999999999994,False,719.9999999999995,47068.092185006884,20000.0,0.0,69.06643736697697,-0.38810229035050003,80.19537879192347,80.05003375468975,1.1498027123114978,306.9944062278295,101323.77042132428,-1.2295786757167662,422.121107000101,69.6206687439115,14901.443151557012,301.8358903892505,28.685890389250517,35.0,101325.0,217.16451738756578,33.844406227829495,19.339074651086527,202472.39598904614,169.83592120058728
3570.0,59.5,8.799999999999997,False,659.9999999999998,45778.63718846271,20000.0,0.0,68.97573119878894,-0.39184286053701023,80.09398880289599,79.9478806079686,1.1498590659466474,306.97928853313147,101323.74660549099,-1.2533945090108318,422.0792492690482,69.52841698225835,14902.17349466855,301.83688033112395,28.686880331123973,35.0,101325.0,217.1536257683983,33.82928853313149,19.31344916173843,201668.5960665271,170.11657466729253
3575.0,59.583333333333336,8.0,False,600.0,44524.50748578379,20000.0,0.0,68.88591174675344,-0.3930792272173578,79.99008299864954,79.84604565264218,1.1499150518902765,306.9643186244589,101323.7386834378,-1.2613165622024098,422.0373200705134,69.43647317372535,14902.899072497985,301.83786758049445,28.68786758049447,35.0,101325.0,217.1426258350845,33.814318624458906,19.287909214923708,200869.59889224565,170.39611508045834
3580.0,59.666666666666664,7.200000000000003,False,540.0000000000002,43304.735322073684,20000.0,0.0,68.79691095106568,-0.3947632376333679,79.88713509122448,79.74460989871724,1.149970499109658,306.9494851585109,101323.72785294868,-1.272147051320644,421.99531848632006,69.34491794394546,14903.617668461167,301.8388521610047,28.688852161004718,35.0,101325.0,217.13148483699808,33.79948515851095,19.262477206651518,200076.0782904194,170.67454957850188
3585.0,59.75,6.3999999999999915,False,479.9999999999994,42118.37945458733,20000.0,0.0,68.70874339144973,-0.3972876989187134,79.78567668048976,79.64365284661389,1.1500253690249658,306.9347905652416,101323.71153048398,-1.2884695160173578,421.9532433318835,69.25382256057424,14904.328782563556,301.83983409681736,28.68983409681738,35.0,101325.0,217.12019490586758,33.78479056524162,19.237172933492843,199288.62008707435,170.95188617459738
3590.0,59.833333333333336,5.599999999999994,False,419.99999999999955,40964.524426416865,20000.0,0.0,68.62153564006701,-0.397693096316786,79.68238898970459,79.54325595802403,1.1500798001750074,306.92025594001115,101323.70889960116,-1.2911003988410812,421.9110931166225,69.16324932054276,14905.034210268095,301.8408134124795,28.690813412479542,35.0,101325.0,217.10878145481013,33.77025594001117,19.212013700150766,198507.72660988706,171.22813363758138
3595.0,59.916666666666664,4.799999999999997,False,359.9999999999998,39842.27986007506,20000.0,0.0,68.53514571958613,-0.40080513379561,79.58287018179178,79.4434715556263,1.1501335252776443,306.905857619931,101323.68861424264,-1.3113857573625864,421.8688670334263,69.0732595908362,14905.73048759827,301.84179013405964,28.69179013405966,35.0,101325.0,217.09719363611103,33.75585761993102,19.187016553010057,197733.88685483925,171.50330142470966
3600.0,60.0,4.0,False,300.0,38750.77977043152,20000.0,0.0,68.44977899305695,-0.4012467892079083,79.4810167757263,79.3443746604503,1.1501868137362372,306.89162983217614,101323.68572256449,-1.3142774355073925,421.8265633940021,68.98390219125368,14906.421106021635,301.84276428708915,28.692764287089176,35.0,101325.0,217.08548146247657,33.74162983217616,19.162195053126023,196967.4771812221,171.77739959417917
