time_s,time_min,passengers,train_present,passenger_heat_W,train_heat_W,equipment_heat_W,piston_airflow_m3_s,target_ventilation_airflow_m3_s,leakage_airflow_signed_m3_s,total_mass_inflow_kg_s,total_mass_outflow_kg_s,air_density_kg_m3,air_temperature_K,internal_pressure_Pa,pressure_difference_Pa,co2_ppm,ventilation_airflow_m3_s,air_mass_kg,structure_temperature_K,structure_temperature_C,outdoor_temperature_C,outdoor_pressure_Pa,co2_moles,air_temperature_C,air_changes_per_hour,fan_power_proxy_W,cumulative_fan_energy_kWh
0.0,0.0,4.0,False,300.0,0.0,20000.0,0.0,25.0,0.0,29.109952535479017,29.499188069966458,1.1799675227986584,299.15,101325.0,0.0,600.0,25.0,15292.379095470611,298.65,25.5,30.0,101325.0,316.77417926623554,26.0,6.944444444444445,9375.0,0.0
5.0,0.08333333333333333,4.466666666666667,False,335.0,0.0,20000.0,0.0,25.0,-0.09399852309522462,29.219404237307298,29.4954465217031,1.179817860868124,299.18773471609,101324.92787165433,-0.07212834566598758,598.2993524047591,25.0,15290.439476850886,298.65018022429564,25.50018022429566,30.0,101325.0,315.8362461500024,26.03773471609003,6.944444444444445,9375.0,0.013020833333333334
10.0,0.16666666666666666,4.933333333333334,False,370.0,0.0,20000.0,0.0,25.0,0.028192630483975162,29.109952535479017,29.525075816083227,1.1796727095716097,299.22478004683245,101325.00648836256,0.006488362560048699,596.6149942351116,25.0,15288.558316048062,298.6503666444142,25.500366644414214,30.0,101325.0,314.9083428249134,26.074780046832473,6.944444444444445,9375.0,0.026041666666666668
15.0,0.25,5.4,False,405.0,0.0,20000.0,0.0,25.0,0.0005412325497341838,29.109952535479017,29.488889863090623,1.1795300585211825,299.2609488020182,101325.00000239129,2.391287125647068e-06,594.947063351675,25.0,15286.709558434524,298.65055912425896,25.500559124258984,30.0,101325.0,313.9899935129259,26.110948802018243,6.944444444444445,9375.0,0.0390625
20.0,0.3333333333333333,5.866666666666667,False,440.00000000000006,0.0,20000.0,0.0,25.0,-0.05086137542933192,29.1691754244645,29.48476044631743,1.1793904178526973,299.29631912813113,101324.97888261624,-0.021117383759701625,593.295367352903,25.0,15284.899815370956,298.6507575301932,25.500757530193198,30.0,101325.0,313.0812233615797,26.146319128131154,6.944444444444445,9375.0,0.052083333333333336
25.0,0.4166666666666667,6.333333333333334,False,475.00000000000006,0.0,20000.0,0.0,25.0,-0.07353416363079543,29.195575576000163,29.481345593096712,1.1792538237238686,299.3309188991437,101324.95585899412,-0.04414100588473957,591.6597684240548,25.0,15283.129555461335,298.65096173167177,25.500961731671794,30.0,101325.0,312.1819595093106,26.180918899143705,6.944444444444445,9375.0,0.06510416666666667
30.0,0.5,6.800000000000001,False,510.00000000000006,0.0,20000.0,0.0,25.0,-0.10075206359852615,29.227268047047204,29.478002328751113,1.1791200931500445,299.36475327447414,101324.91713487086,-0.08286512913764454,590.0401296804749,25.0,15281.396407224578,298.6511716007891,25.50117160078912,30.0,101325.0,311.29207179020113,26.214753274474162,6.944444444444445,9375.0,0.078125
35.0,0.5833333333333334,7.266666666666667,False,545.0,0.0,20000.0,0.0,25.0,-0.07737307372177969,29.200045595621624,29.474747207693202,1.178989888307728,299.3979148559934,101324.95112985684,-0.04887014316045679,588.4362444003912,25.0,15279.708952468156,298.65138701258394,25.50138701258396,30.0,101325.0,310.41161640594214,26.24791485599343,6.944444444444445,9375.0,0.09114583333333333
40.0,0.6666666666666666,7.733333333333333,False,580.0,0.0,20000.0,0.0,25.0,-0.06913326526442289,29.190451178297817,29.471558635710267,1.1788623454284106,299.43033628564706,101324.9609844215,-0.039015578498947434,586.8480545589123,25.0,15278.055996752202,298.6516078447683,25.50160784476833,30.0,101325.0,309.5403256023143,26.28033628564708,6.944444444444445,9375.0,0.10416666666666667
45.0,0.75,8.2,False,615.0,0.0,20000.0,0.0,25.0,-0.05357914719026255,29.172339992743016,29.468441183934647,1.1787376473573858,299.4620589217025,101324.9765655101,-0.023434489907231182,585.2754059519195,25.0,15276.43990975172,298.65183397788405,25.501833977884075,30.0,101325.0,308.67815757115585,26.312058921702544,6.944444444444445,9375.0,0.1171875
50.0,0.8333333333333334,8.666666666666668,False,650.0000000000001,0.0,20000.0,0.0,25.0,-0.05583481343665925,29.174966486237754,29.46538848316661,1.1786155393266644,299.493078115337,101324.97455080497,-0.025449195032706484,583.7181817843324,25.0,15274.85738967357,298.65206529486693,25.502065294866952,30.0,101325.0,307.8249755746631,26.34307811533705,6.944444444444445,9375.0,0.13020833333333334
55.0,0.9166666666666666,9.133333333333333,False,685.0,0.0,20000.0,0.0,25.0,-0.08811443027987635,29.212552810804535,29.462395250191918,1.1784958100076768,299.5233929955378,101324.93661916062,-0.06338083937589545,582.1762700788902,25.0,15273.305697699492,298.65230168133075,25.502301681330778,30.0,101325.0,306.98065757741534,26.373392995537813,6.944444444444445,9375.0,0.14322916666666666
60.0,1.0,9.600000000000001,False,720.0000000000001,0.0,20000.0,0.0,25.0,-0.07464183839193854,29.196865350389025,29.45947886088569,1.1783791544354276,299.5530977226791,101324.9545191507,-0.04548084929410834,580.6494504720557,25.0,15271.793841483142,298.65254302546737,25.50254302546739,30.0,101325.0,306.1452605809631,26.40309772267915,6.944444444444445,9375.0,0.15625
65.0,1.0833333333333333,10.066666666666666,False,755.0,0.0,20000.0,0.0,25.0,-0.09565066447608297,29.22132798759445,29.456616696715816,1.1782646678686326,299.58211757184034,101324.9253138807,-0.07468611930380575,579.1376930811311,25.0,15270.310095577479,298.65278921775933,25.502789217759357,30.0,101325.0,305.3185257269499,26.432117571840365,6.944444444444445,9375.0,0.16927083333333334
70.0,1.1666666666666667,10.533333333333333,False,790.0,0.0,20000.0,0.0,25.0,-0.07256081672477235,29.194442212710765,29.45382952325112,1.1781531809300447,299.6105603482953,101324.9570198194,-0.04298018060217146,577.6407567461865,25.0,15268.86522485338,298.6530401511558,25.5030401511558,30.0,101325.0,304.50053385234133,26.460560348295303,6.944444444444445,9375.0,0.18229166666666666
75.0,1.25,11.0,False,825.0,0.0,20000.0,0.0,25.0,-0.11387635830402842,29.242549950884758,29.451084025022983,1.1780433610009193,299.63830479048795,101324.89414020424,-0.10585979575989768,576.15867987216,25.0,15267.441958571913,298.6532957210258,25.503295721025836,30.0,101325.0,303.69095341567186,26.488304790487973,6.944444444444445,9375.0,0.1953125
80.0,1.3333333333333333,11.466666666666667,False,860.0,0.0,20000.0,0.0,25.093284387206495,-0.08142587508402163,29.209794630915198,29.453510107714912,1.177936866477741,299.6655473978677,101324.94587613769,-0.05412386231182609,574.6910528957285,25.004319794987488,15266.061789551524,298.6535558249865,25.503555824986506,30.0,101325.0,302.8899894842299,26.51554739786775,6.945644387496524,9379.860609137584,0.20833670875634555
85.0,1.4166666666666667,11.933333333333334,False,895.0,0.0,20000.0,0.0,25.25297395974269,-0.0916846379733175,29.252343822477723,29.481847193111573,1.1778320882632471,299.69216232662376,101324.93137899722,-0.06862100277794525,573.2371382985028,25.030602822668506,15264.703863891682,298.6538203642851,25.503820364285104,30.0,101325.0,302.0968320574816,26.54216232662378,6.95294522851903,9409.470336672386,0.22138485524649137
90.0,1.5,12.4,False,930.0,0.0,20000.0,0.0,25.40929575247435,-0.12113514130256399,29.340804078002314,29.53405784399703,1.1777291080481462,299.7182159587457,101324.88021451054,-0.11978548945626244,571.7955314402733,25.077123119546485,15263.369240303975,298.6540892466321,25.504089246632134,30.0,101325.0,301.3107565743972,26.568215958745725,6.965867533207358,9462.03144362624,0.2344900648161432
95.0,1.5833333333333333,12.866666666666667,False,965.0,0.0,20000.0,0.0,25.56310693759019,-0.10109060272850162,29.391030037090655,29.605944268267862,1.1776288069361196,299.743851156265,101324.91657706155,-0.08342293844907545,570.3649645560298,25.140302354945565,15262.06933789211,298.6543623858253,25.504362385825345,30.0,101325.0,300.5313147141571,26.593851156265032,6.983417320818212,9533.727620190044,0.24768156416601564
100.0,1.6666666666666667,13.333333333333334,False,1000.0,0.0,20000.0,0.0,25.713928953680238,-0.1017496377489041,29.481270223796248,29.69394322667116,1.1775300446849537,299.7689881589467,101324.91548580586,-0.0845141941390466,568.9446888204593,25.217142747823242,15260.789379116999,298.65463970133777,25.504639701337794,30.0,101325.0,299.75781504896537,26.618988158946706,7.004761874395346,9621.413528178191,0.2609837455190491
105.0,1.75,13.8,False,1035.0,0.0,20000.0,0.0,25.86192401170058,-0.12132213366812455,29.6065131572472,29.79508932713759,1.1774327479768638,299.7936540019501,101324.8798444072,-0.12015559279825538,567.5339963633496,25.305130486928714,15259.528413780155,298.65492111695164,25.504921116951664,30.0,101325.0,298.98986174073497,26.643654001950097,7.029202913035754,9722.478550860935,0.2744170039072707
110.0,1.8333333333333333,14.266666666666667,False,1070.0,0.0,20000.0,0.0,26.007769444474775,-0.10209686587954471,29.697105365830684,29.906917580989692,1.1773376956998651,299.8179615740791,101324.91490799982,-0.08509200018306728,566.1321972899395,25.40215750351186,15258.296536270253,298.65520656007413,25.505206560074157,30.0,101325.0,298.2272846374322,26.66796157407913,7.056154862086628,9834.744095762739,0.2879984085229816
115.0,1.9166666666666667,14.733333333333334,False,1105.0,0.0,20000.0,0.0,26.150989599499326,-0.10511643099491451,29.822069815085918,30.02732353248152,1.177243910003412,299.84183159991653,101324.90980029335,-0.09019970665394794,564.7390091922326,25.506459007627818,15257.081073644218,298.65549596168705,25.505495961687075,30.0,101325.0,297.4696825395785,26.691831599916554,7.085127502118838,9956.386860531637,0.3017422494648527
120.0,2.0,15.200000000000001,False,1140.0,0.0,20000.0,0.0,26.29185320688657,-0.11159723002732924,29.95781191051878,30.154569193049937,1.1771516071892933,299.8653088678144,101324.89833516939,-0.10166483061038889,563.3540620579955,25.616555258375392,15255.884829173241,298.65578925533424,25.505789255334264,30.0,101325.0,296.7169116320169,26.71530886781443,7.115709793993164,10085.871609603259,0.3156604845135575
125.0,2.0833333333333335,15.666666666666668,False,1175.0,0.0,20000.0,0.0,26.43043563520439,-0.12092174013654951,30.10216867298669,30.28719255850621,1.177060738678359,299.8884059392007,101324.88063618582,-0.11936381418490782,561.977143029481,25.731206184409505,15254.70717327153,298.656086376847,25.50608637684701,30.0,101325.0,295.96884381901265,26.73840593920073,7.1475572734470845,10221.90133835501,0.3297631046163063
130.0,2.1666666666666665,16.133333333333333,False,1210.0,0.0,20000.0,0.0,26.5671373459636,-0.09967366568396002,30.215021812848033,30.423983300436056,1.1769717643216797,299.9111895576606,101324.91889926832,-0.08110073168063536,560.6079569541963,25.849373980496644,15253.554065608969,298.6563872642295,25.506387264229545,30.0,101325.0,295.22543538492465,26.7611895576606,7.180381661249068,10363.378016663331,0.3440584375017357
135.0,2.25,16.6,False,1245.0,0.0,20000.0,0.0,26.702200332515986,0.06999699425905993,30.23965701756923,30.64631850456671,1.1768848372709544,299.9337000554193,101325.03999656494,0.039996564941247925,559.2460405178024,25.970204675457076,15252.427491031569,298.6566918597857,25.506691859785747,30.0,101325.0,294.48647627650706,26.78370005541933,7.213945743182521,10509.38658045735,0.35855341291640286
140.0,2.3333333333333335,17.066666666666666,False,1280.0,0.0,20000.0,0.0,26.83430140144435,-0.07218410085736571,30.466693973784622,30.706180355996537,1.1767974950204358,299.9557169002407,101324.95746494354,-0.042535056461929344,557.8907404188221,26.093002819880496,15251.295535464847,298.657000111146,25.507000111146,30.0,101325.0,293.751003225483,26.805716900240725,7.248056338855694,10659.171111635556,0.3732538002025785
145.0,2.4166666666666665,17.53333333333333,False,1314.9999999999998,0.0,20000.0,0.0,26.96494867701233,-0.046881548389126955,30.581762112448473,30.85001781511477,1.176712360114562,299.9774914461687,101324.98205812588,-0.01794187411724124,556.5428845955147,26.217127363318667,15250.192187084722,298.6573119562245,25.5073119562245,30.0,101325.0,293.020105175732,26.82749144616872,7.282535378699629,10812.01307033663,0.3881643447733925
150.0,2.5,18.0,False,1350.0,0.0,20000.0,0.0,27.093314376489502,-0.08207353162714218,30.768236887025086,30.994831965658964,1.17662801321258,299.9988857294149,101324.9450117176,-0.05498828239797149,555.2025521344742,26.34208230435796,15249.099051235034,298.657627341407,25.507627341407044,30.0,101325.0,292.2934663319114,26.848885729414917,7.317245084543877,10967.346316465988,0.4032888999031166
155.0,2.5833333333333335,18.46666666666667,False,1385.0000000000002,0.0,20000.0,0.0,27.21988218512081,-0.08945290729332267,30.92278125527434,31.14012394923002,1.176545163615684,300.0199803641868,101324.934678999,-0.06532100100594107,553.869791954248,26.46742761113578,15248.025320459266,298.6579462094792,25.5079462094792,30.0,101325.0,291.57128595541815,26.8699803641868,7.352063225315494,11124.652458938,0.41863056571936935
160.0,2.6666666666666665,18.933333333333334,False,1420.0,0.0,20000.0,0.0,27.344910992348105,-0.028832353100279928,30.998201460436757,31.285498876428402,1.1764641310151647,300.04081849872466,101324.99321384012,-0.006786159879993647,552.5445548769163,26.592820003302872,15246.975137956535,298.6582685085663,25.508268508566346,30.0,101325.0,290.8536136750861,26.890818498724684,7.386894445361909,11283.515566871121,0.43419179351507015
165.0,2.75,19.4,False,1455.0,0.0,20000.0,0.0,27.46760167696118,-0.06878909561381402,31.190438747253836,31.43056859934072,1.1763835881536462,300.0612669461602,101324.96137192102,-0.03862807898258325,551.2270604987829,26.717959104369626,15245.931302471256,298.6585941849174,25.5085941849174,30.0,101325.0,290.14023367446487,26.911266946160197,7.421655306769341,11443.558462885112,0.44997448381351196
170.0,2.8333333333333335,19.866666666666667,False,1490.0,0.0,20000.0,0.0,27.58863814934432,-0.06494937746832272,31.33110021404234,31.575073470259404,1.1763045553318703,300.08143969155736,101324.96556390503,-0.03443609496753197,549.9172777052007,26.842600691409498,15244.90703710104,298.6589231866141,25.50892318661414,30.0,101325.0,289.43137892061725,26.931439691557387,7.456277969835972,11604.462330327995,0.46598005380879887
175.0,2.9166666666666665,20.333333333333336,False,1525.0000000000002,0.0,20000.0,0.0,27.707844701851286,-0.06424487525588882,31.47459514572706,31.718764606492584,1.1762266884711137,300.1013074503085,101324.96630690615,-0.03369309385016095,548.6152995294636,26.966540478452636,15243.897882585634,298.6592554622791,25.5092554622791,30.0,101325.0,288.72701044188454,26.951307450308548,7.490705688459066,11765.948802973691,0.48220950598470286
180.0,3.0,20.8,False,1560.0,0.0,20000.0,0.0,27.82500349925067,-0.10094543183349886,31.660624449568324,31.861426856011057,1.1761495863224312,300.12083391654176,101324.9168164881,-0.08318351190246176,547.321255002825,27.089604270180413,15242.898638738709,298.6595909603016,25.509590960301637,30.0,101325.0,288.02709502559355,26.97083391654178,7.524890075050115,11927.769360752727,0.4986634769317351
185.0,3.0833333333333335,21.266666666666666,False,1595.0,0.0,20000.0,0.0,27.940780924113824,-0.08505098124931337,31.7842421885476,32.00293643433621,1.1760742508825046,300.14013015401895,101324.94094963746,-0.05905036254262086,546.0351251413089,27.211663217965867,15241.922291437259,298.65992963245725,25.509929632457272,30.0,101325.0,287.3318653349208,26.99013015401897,7.5587953383238515,12089.727508336478,0.5153422942019359
190.0,3.1666666666666665,21.733333333333334,False,1630.0,0.0,20000.0,0.0,28.054620765670848,-0.09440300327879991,31.935944792181182,32.14312531425935,1.1759997512435945,300.1591034609451,101324.92724957528,-0.07275042471883353,544.7571031049437,27.33259533453871,15240.956776116984,298.66027142808366,25.510271428083684,30.0,101325.0,286.6411922550215,27.00910346094514,7.59238759292742,12251.629788239372,0.5322460145467802
195.0,3.25,22.2,False,1665.0,0.0,20000.0,0.0,28.166775314531947,-0.09887869853466742,32.08055457593838,32.28189991500036,1.1759264383986632,300.1777958857553,101324.9201877794,-0.07981222060334403,543.4872445615733,27.45231237334944,15240.006641646674,298.6606162993297,25.51061629932974,30.0,101325.0,285.95518818335887,27.027795885755324,7.625642325930399,12413.3227215857,0.5493744537897144
200.0,3.3333333333333335,22.666666666666668,False,1700.0,0.0,20000.0,0.0,28.277305870611258,-0.0943649237714496,32.21318485869271,32.4191639259555,1.175854359448664,300.19621764510185,101324.92730825438,-0.07269174561952241,542.2256383663045,27.570730733316534,15239.072498454685,298.6609641968063,25.5109641968063,30.0,101325.0,285.27390846895537,27.046217645101876,7.658536314810148,12574.655063453172,0.5667272161404358
205.0,3.4166666666666665,23.133333333333333,False,1735.0,0.0,20000.0,0.0,28.385941096195097,-0.11458233679260801,32.37304317875198,32.5548477481551,1.1757830437240908,300.2143235160325,101324.89282357629,-0.10717642371309921,540.9724260895711,27.68780169260071,15238.148246664217,298.66131507503343,25.51131507503345,30.0,101325.0,284.59731077674195,27.064323516032516,7.69105602572242,12735.519867302375,0.5843037265090161
210.0,3.5,23.6,False,1770.0,0.0,20000.0,0.0,28.493103394164564,-0.11402911850444034,32.50707945201549,32.688900631836866,1.1757131100529736,300.2321838990274,101324.89385600109,-0.10614399891346693,539.7276347775528,27.803466978746215,15237.24190628654,298.6616688854677,25.511668885467714,30.0,101325.0,283.92555668918027,27.082183899027427,7.723185271873948,12895.794757240488,0.6021032505538375
215.0,3.5833333333333335,24.066666666666666,False,1805.0,0.0,20000.0,0.0,28.598656434059308,-0.11035178523076127,32.635804946256115,32.82127951330276,1.1756443010639424,300.2497760723432,101324.90059170201,-0.09940829798870254,538.4913802859968,27.917695414846094,15236.350141788693,298.6620255828765,25.512025582876504,30.0,101325.0,283.25864203846464,27.099776072343218,7.754915393012804,13055.392846764607,0.6201249086121744
220.0,3.6666666666666665,24.533333333333335,False,1840.0000000000002,0.0,20000.0,0.0,28.7024689252828,-0.11916824267735454,32.77737208634363,32.951944695803526,1.1755763660746725,300.2670781542138,101324.88407289745,-0.11592710255354177,537.2637740503965,28.030458630120524,15235.469704327756,298.6623851216084,25.512385121608418,30.0,101325.0,282.59656252253075,27.1170781542138,7.786238508366813,13214.229993279183,0.6383677022510936
225.0,3.75,25.0,False,1875.0,0.0,20000.0,0.0,28.804808689155493,-0.11505816215278357,32.90214707937164,33.0808726586456,1.1755096825965523,300.2841347815259,101324.8919315863,-0.10806841369776521,536.0448613602601,28.14172707244243,15234.605486451319,298.6627474551795,25.51274745517952,30.0,101325.0,281.93943027712766,27.134134781525916,7.8171464090117855,13372.219315495004,0.6568305142710757
230.0,3.8333333333333335,25.46666666666667,False,1910.0000000000002,0.0,20000.0,0.0,28.90575315335377,-0.0887637852379536,32.999343717436034,33.208059901298434,1.175444333309762,300.3009588588923,101324.93568155453,-0.06431844546750654,534.8347147857487,28.251495166761927,15233.758559694515,298.66311254045826,25.51311254045828,30.0,101325.0,281.2873004291071,27.150958858892295,7.8476375463227575,13529.307314421472,0.6755121299862955
235.0,3.9166666666666665,25.933333333333334,False,1945.0,0.0,20000.0,0.0,29.004874690054862,-0.09308868320743453,33.13042696742047,33.33346715075516,1.1753795984559343,300.3174791150091,101324.92926120048,-0.07073879952076823,533.6334810534586,28.359746242443272,15232.91959598891,298.6634803322493,25.513480332249344,30.0,101325.0,280.64007535301005,27.167479115009144,7.877707289567576,13685.424466672286,0.6944112492787217
240.0,4.0,26.400000000000002,False,1980.0000000000002,0.0,20000.0,0.0,29.102533114333482,-0.08681074483413805,33.24739889648316,33.45711096715906,1.1753160064202273,300.33375551905556,101324.93848077209,-0.06151922790741082,532.4411809193438,28.46648117135969,15232.095443206144,298.66385078802693,25.513850788026957,30.0,101325.0,279.9978900769487,27.18375551905558,7.907355880933247,13840.526410150254,0.7135264929431818
245.0,4.083333333333333,26.866666666666667,False,2015.0,0.0,20000.0,0.0,29.198273083640515,-0.12531718916431445,33.414735475999116,33.578953186444025,1.1752527920645222,300.34971218060673,101324.87180083347,-0.12819916653097607,531.2579558830045,28.571685524317832,15231.276185156206,298.6642238626181,25.51422386261811,30.0,101325.0,279.36063454129686,27.199712180606753,7.936579312310509,13994.546663034598,0.7328564047995602
250.0,4.166666666666667,27.333333333333336,False,2050.0,0.0,20000.0,0.0,29.292836093184064,-0.12688966127441365,33.53729518115448,33.6990379644093,1.1751910877291358,300.3654726821973,101324.86856337846,-0.13143662153743207,530.0837628935802,28.675368896412554,15230.4764969696,298.664599514737,25.51459951473703,30.0,101325.0,278.728553304513,27.215472682197344,7.965380249003488,14147.454024019517,0.7523994608322366
255.0,4.25,27.8,False,2085.0,0.0,20000.0,0.0,29.385873405336383,-0.13186585712631108,33.662049119225074,33.81735097274495,1.1751303002985236,300.3809789008894,101324.85805221,-0.14194779000536073,528.9187191632071,28.777532980090953,15229.688691868865,298.6649777019642,25.5149777019642,30.0,101325.0,278.1015645035304,27.230978900889397,7.993759161136376,14299.206279328015,0.7721540860428947
260.0,4.333333333333333,28.26666666666667,False,2120.0,0.0,20000.0,0.0,29.47749796901553,-0.1316658031708572,33.77901462336315,33.93390464468399,1.1750705670820363,300.39624966150257,101324.85848258184,-0.14151741816021968,527.7628685865736,28.878184506781995,15228.914549383191,298.6653583828402,25.515358382840247,30.0,101325.0,277.4797214603138,27.24624966150259,8.021717918550554,14449.769218344522,0.7921186523607229
265.0,4.416666666666667,28.733333333333334,False,2155.0,0.0,20000.0,0.0,29.567783511217385,-0.12092187746413363,33.881955816164094,34.04871609167311,1.1750119647430468,300.41129725186954,101324.8806359147,-0.11936408530164044,526.6162570279346,28.97733564706205,15228.155063069886,298.66574151703855,25.515741517038578,30.0,101325.0,276.86306397866593,27.261297251869564,8.04925990196168,14599.117509262362,0.8122914903660053
270.0,4.5,29.200000000000003,False,2190.0,0.0,20000.0,0.0,29.656521993560204,-0.12076533300117546,33.99548850611971,34.1617858729273,1.1749541233819412,300.4260869989267,101324.88094477016,-0.11905522983579431,525.4789666089814,29.074995519482385,15227.405439029957,298.66612706404413,25.516127064044156,30.0,101325.0,276.2515457941753,27.2760869989267,8.076387644300661,14747.222060390663,0.8326708928449311
275.0,4.583333333333333,29.666666666666668,False,2225.0,0.0,20000.0,0.0,29.743776002699974,-0.12735106367898966,34.11513396981783,34.273114542516566,1.1748970969883898,300.4406293337833,101324.867605768,-0.13239423200138845,524.3510365352879,29.171162845128087,15226.666376969533,298.6665149817992,25.51651498179922,30.0,101325.0,275.6451982979918,27.29062933378333,8.103100790313357,14894.03861242145,0.8532551016454951
280.0,4.666666666666667,30.133333333333333,False,2260.0,0.0,20000.0,0.0,29.82960624326961,-0.1359344188746227,34.23539689915905,34.382733940386046,1.1748409447489205,300.45493437387825,101324.84915782665,-0.15084217334515415,523.2325018778748,29.265862833657113,15225.93864394601,298.6669052329388,25.516905232938825,30.0,101325.0,275.04405183153887,27.304934373878268,8.12940634268253,15039.564087805044,0.8740423257428747
285.0,4.75,30.6,False,2295.0,0.0,20000.0,0.0,29.9142199208203,-0.1301349993802676,34.33720831913385,34.490657266121964,1.1747859505514475,300.46903665347,101324.86175413826,-0.13824586174450815,522.1233743600476,29.3590992043546,15225.22591914676,298.6672977769619,25.517297776961925,30.0,101325.0,274.44817685702026,27.31903665347005,8.155305334542945,15183.763466393011,0.8950307476555122
290.0,4.833333333333333,31.066666666666666,False,2330.0,0.0,20000.0,0.0,29.997308025099187,-0.13883423733470454,34.454223539020354,34.59689563785132,1.1747315880628484,300.48288467084984,101324.84265350648,-0.15734649352089036,521.0237325730453,29.45089413565712,15224.521381294515,298.6676925768369,25.517692576836907,30.0,101325.0,273.8574895640356,27.332884670849865,8.180803926571423,15326.631092344152,0.9162185216546352
295.0,4.916666666666667,31.533333333333335,False,2365.0,0.0,20000.0,0.0,30.079075115554133,-0.14526094884897248,34.56692968632185,34.70147341212774,1.1746781398987387,300.496512519259,101324.82774903461,-0.1722509653918678,519.9335805254386,29.541260906684723,15223.828693087655,298.66808959446286,25.51808959446288,30.0,101325.0,273.2720561813132,27.346512519259022,8.205905807412424,15468.148590177898,0.9376037853230533
300.0,5.0,32.0,False,2400.0,0.0,20000.0,0.0,30.15959782305447,-0.14505742461092522,34.67026564643295,34.80440653134361,1.1746256856247126,300.50993297050906,101324.82823137604,-0.17176862395717762,518.8529367859975,29.63021067671719,15223.148885696275,298.6684887917026,25.518488791702623,30.0,101325.0,272.69190292053906,27.359932970509078,8.230614076865887,15608.295140122402,0.9591846490246507
305.0,5.083333333333333,32.46666666666667,False,2435.0,0.0,20000.0,0.0,30.238886179382916,-0.13887409312684237,34.76500568450659,34.905711807898136,1.174574200642728,300.5231476965638,101324.84256315313,-0.15743684687186033,517.7818252074798,29.717757966076306,15222.481640329754,298.66889013143265,25.51889013143267,30.0,101325.0,272.1170345075225,27.37314769656382,8.25493276835453,15747.056085456088,0.980959198486858
310.0,5.166666666666667,32.93333333333334,False,2470.0000000000005,0.0,20000.0,0.0,30.31696894441984,-0.12470698274274344,34.848842660225124,35.005416451979684,1.1745236926694054,300.5361614907366,101324.8730462731,-0.12695372689631768,516.7202632737033,29.803925344767567,15221.827056995493,298.6692935783508,25.519293578350812,30.0,101325.0,271.54745986209275,27.38616149073664,8.278868151324325,15884.430580240496,1.0029255086713695
315.0,5.25,33.400000000000006,False,2505.0000000000005,0.0,20000.0,0.0,30.39336393930921,-0.14720257863317263,34.9737694174365,35.1035034674597,1.1744733561891043,300.54889398988485,101324.82311347628,-0.17688652372453362,515.6683310995816,29.888718447698544,15221.174696210792,298.6696990949006,25.519699094900602,30.0,101325.0,270.98303319052513,27.39889398988487,8.302421791027374,16020.391771962637,1.025081635304844
320.0,5.333333333333333,33.86666666666667,False,2540.0,0.0,20000.0,0.0,30.468901171952325,-0.13580278544502922,35.057656906037344,35.20004024065655,1.1744244665929071,300.5614835286587,101324.8494498242,-0.15055017579288688,514.6259352778977,29.972161890304015,15220.541087044076,298.67010664685654,25.52010664685656,30.0,101325.0,270.4239981894041,27.41148352865872,8.325600525084448,16154.944097207426,1.0474256185473232
325.0,5.416666666666667,34.333333333333336,False,2575.0,0.0,20000.0,0.0,30.54287406211563,-0.1515176077697988,35.171565089850326,35.29501277425884,1.1743758673253852,300.5738123436859,101324.81259113907,-0.1874088609329192,513.5931771204823,30.05427287486965,15219.911240536992,298.6705161994388,25.520516199438816,30.0,101325.0,269.87013966826174,27.42381234368594,8.348409131908236,16288.08121263386,1.069955497234713
330.0,5.5,34.8,False,2610.0,0.0,20000.0,0.0,30.615806332859393,-0.15259841163162385,35.2668950811563,35.38845831460651,1.1743283457106417,300.5859677221432,101324.80990795729,-0.19009204271424096,512.5699975254275,30.135062688273333,15219.295360409917,298.6709277172872,25.520927717287236,30.0,101325.0,269.32160610746905,27.435967722143232,8.370850746742592,16419.78809749248,1.0926692953667452
335.0,5.583333333333333,35.266666666666666,False,2645.0,0.0,20000.0,0.0,30.687534387119058,-0.1539288857001463,35.36099846418669,35.480389553878354,1.1742816044943134,300.59792239785315,101324.80657876038,-0.19342123961541802,511.55642150131195,30.214549404576125,15218.689594246302,298.67134116668643,25.521341166686454,30.0,101325.0,268.77834051799715,27.447922397853176,8.392930390160034,16550.061659163264,1.1155650243644228
340.0,5.666666666666667,35.733333333333334,False,2680.0,0.0,20000.0,0.0,30.75816356002349,-0.14861589948906406,35.44587401732361,35.570836118609336,1.1742357730472508,300.60969392667056,101324.81970052587,-0.1802994741301518,510.5524371624997,30.292754602680613,15218.09561869237,298.6717565149218,25.521756514921833,30.0,101325.0,268.2403645441892,27.45969392667058,8.41465405630017,16678.90559460684,1.1386406960684299
345.0,5.75,36.2,False,2715.0,0.0,20000.0,0.0,30.827480672435968,-0.15465711808348304,35.54249194505213,35.65980080903055,1.1741904739356277,300.6212467787393,101324.80474429246,-0.19525570754194632,509.55806875942545,30.36969009764383,15217.508542205736,298.67217372812735,25.52217372812737,30.0,101325.0,267.7076030580288,27.471246778739328,8.436025027123286,16806.308495168792,1.1618943169641074
350.0,5.833333333333333,36.66666666666667,False,2750.0000000000005,0.0,20000.0,0.0,30.895655599236648,-0.15995115385058478,35.63678062153953,35.74731030254781,1.1741459375474985,300.6326092665394,101324.79114798679,-0.20885201320925262,508.57329045658673,30.44537238464167,15216.931350615581,298.67259277377383,25.52259277377385,30.0,101325.0,267.18009361698034,27.48260926653944,8.457047884622686,16932.267522934326,1.1853238836433457
355.0,5.916666666666667,37.13333333333333,False,2785.0,0.0,20000.0,0.0,30.962780655086704,-0.15900394129344642,35.722370015116155,35.83339577516175,1.1741022739929452,300.64379677584776,101324.7936142584,-0.2063857416069368,507.59808350546575,30.519824864402793,15216.365470948569,298.67301362086585,25.523013620865868,30.0,101325.0,266.65784979811076,27.493796775847784,8.477729129000775,17056.79232596041,1.2089273974273003
360.0,6.0,37.6,False,2820.0,0.0,20000.0,0.0,31.02902753227545,-0.1392282022197972,35.784613717920045,35.918074937054854,1.1740597145197793,300.6548379220459,101324.84175924658,-0.1582407534151571,506.6324178647801,30.59305629249554,15215.813900176341,298.67343623646235,25.523436236462373,30.0,101325.0,266.1409065370469,27.50483792204591,8.498071192359872,17179.86899755942,1.2327028566797444
365.0,6.083333333333333,38.06666666666667,False,2855.0000000000005,0.0,20000.0,0.0,31.093673039122564,-0.15919561843344884,35.891737081196126,36.00133679351077,1.1740170788755295,300.66561217318707,101324.79311636793,-0.2068836320686387,505.67636455249686,30.665087792413335,15215.261342226862,298.6738605902325,25.523860590232516,30.0,101325.0,265.6290321231486,27.515612173187094,8.518079942337037,17301.505197044364,1.2566482554259972
370.0,6.166666666666667,38.53333333333333,False,2890.0,0.0,20000.0,0.0,31.15745382030252,-0.16170757356844706,35.977161220174494,36.08323945653979,1.1739754963467441,300.67624230338373,101324.78653600531,-0.2134639946889365,504.7298216905664,30.7359391817172,15214.722432653805,298.67428665200174,25.524286652001763,30.0,101325.0,265.12242762020685,27.526242303383754,8.537760883810334,17421.707377915398,1.2807615974919415
375.0,6.25,39.0,False,2925.0,0.0,20000.0,0.0,31.220265223463684,-0.1571215452476539,36.05295720539004,36.16378791790446,1.1739347620564144,300.68671087057726,101324.79847200016,-0.20152799984498415,503.7927837714462,30.805619772733653,15214.194516251131,298.6747143903652,25.524714390365205,30.0,101325.0,264.6210420843781,27.53671087057728,8.557116603537127,17540.46500517491,1.3050408838690877
380.0,6.333333333333333,39.46666666666667,False,2960.0,0.0,20000.0,0.0,31.281882710044442,-0.16316466384273454,36.13979272244239,36.242996922428084,1.1738944860892864,300.69698045167405,101324.78267177529,-0.21732822470949031,502.8652552942597,30.874152108140528,15213.672539717152,298.67514377663167,25.525143776631694,30.0,101325.0,264.12478856172703,27.546980451674074,8.576153363372368,17657.790863984617,1.3294841171115594
385.0,6.416666666666667,39.93333333333334,False,2995.0000000000005,0.0,20000.0,0.0,31.34257654242947,-0.1611149089562339,36.21588688381937,36.320897961441226,1.1738550597178847,300.7070960904049,101324.78809784581,-0.21190215418755542,501.94718282797237,30.941552503228387,15213.161573943788,298.6755747814592,25.525574781459227,30.0,101325.0,263.6337257794818,27.55709609040491,8.594875695341218,17773.68801921786,1.3540893107804501
390.0,6.5,40.4,False,3030.0,0.0,20000.0,0.0,31.402332785821727,-0.15301883013839845,36.28363697820008,36.397503906851874,1.1738164236145192,300.7170554643036,101324.80885908264,-0.19114091736264527,501.0385430006813,31.007833230662648,15212.660850044169,298.67600737536964,25.52600737536966,30.0,101325.0,263.1478266150289,27.56705546430362,8.613287008517402,17888.153346548876,1.378854478395566
395.0,6.583333333333333,40.86666666666667,False,3065.0,0.0,20000.0,0.0,31.460795928660673,-0.16655887882067894,36.37530281130084,36.47282314389209,1.1737779815613236,300.7267993214434,101324.7735358358,-0.22646416419593152,500.1393468239708,31.073016973258486,15212.162641034754,298.6764415310643,25.526441531064336,30.0,101325.0,262.66696197737747,27.576799321443445,8.631393603682913,18001.2024904094,1.4037776421712316
400.0,6.666666666666667,41.333333333333336,False,3100.0,0.0,20000.0,0.0,31.518433525390492,-0.16817666919653165,36.45182351694522,36.54689230988876,1.1737404369747901,300.73640558756506,101324.76911516684,-0.23088483315950725,499.24951374801395,31.137116144762867,15211.676063193281,298.6768772199722,25.52687721997222,30.0,101325.0,262.1912459724618,27.586405587565082,8.649198929100796,18112.83414066302,1.428856834276143
405.0,6.75,41.800000000000004,False,3135.0000000000005,0.0,20000.0,0.0,31.575140724496578,-0.1669844116500358,36.523827959982846,36.61972420446928,1.1737035889477119,300.7458567874161,101324.77237719401,-0.22762280599272344,498.36902373405013,31.200146740030693,15211.198512762347,298.6773144146203,25.52731441462032,30.0,101325.0,261.72062173332847,27.595856787416096,8.666707427786305,18223.053917917136,1.454090089872379
410.0,6.833333333333333,42.266666666666666,False,3170.0,0.0,20000.0,0.0,31.63093155180877,-0.1629985128654269,36.59135658751551,36.6913402263149,1.1736674258285427,300.7551552586348,101324.78311416166,-0.21688583833747543,497.4978418011137,31.26212708886667,15210.729838737912,298.677753088348,25.52775308834805,30.0,101325.0,261.25506701116905,27.605155258634795,8.683924191351853,18331.872296947033,1.479475455299368
415.0,6.916666666666667,42.733333333333334,False,3205.0,0.0,20000.0,0.0,31.68574408316306,-0.1617589643393718,36.660877109900575,36.76175354847726,1.1736318148885367,300.76429068052715,101324.78640030576,-0.2135996942379279,496.63593902805144,31.3230717522502,15210.268320955436,298.67819321432677,25.52819321432679,30.0,101325.0,260.7945358722303,27.614290680527176,8.700853264513945,18439.29389440639,1.5050109873766966
420.0,7.0,43.2,False,3240.0,0.0,20000.0,0.0,31.739604348056332,-0.16252972900121052,36.73155177067248,36.83098405612647,1.173596763696312,300.7732673913427,101324.78435989544,-0.21564010456495453,495.7832753077452,31.38299729127159,15209.814057504203,298.67863476652093,25.528634766520952,30.0,101325.0,260.33900785256856,27.623267391342722,8.717499247575441,18545.327553280364,1.5306947522709238
425.0,7.083333333333333,43.66666666666667,False,3275.0000000000005,0.0,20000.0,0.0,31.792553967868344,-0.1633649210792171,36.80113331549855,36.89905165360412,1.1735623046714687,300.78209232797803,101324.78213798009,-0.2178620199119905,494.9398073338779,31.44191962090481,15209.367468542236,298.67907771921494,25.529077719214968,30.0,101325.0,259.8884663164917,27.632092327978057,8.733866561362447,18649.981689198157,1.5565248281337558
430.0,7.166666666666667,44.13333333333333,False,3310.0,0.0,20000.0,0.0,31.84459445957623,-0.16522211709991003,36.87075419250708,36.965973158987836,1.1735284068627958,300.7907657432627,101324.77715634303,-0.22284365697123576,494.10549429760846,31.499853725577307,15208.928152941835,298.67952204699134,25.52952204699136,30.0,101325.0,259.4428818977994,27.640765743262705,8.749959368215919,18753.263747780515,1.5824993041316577
435.0,7.25,44.6,False,3345.0,0.0,20000.0,0.0,31.895736048908475,-0.16837037763651055,36.940746461998316,37.03176716656988,1.173495053885863,300.7992893414847,101324.76858298722,-0.23141701277927496,493.28029288236866,31.556815722353846,15208.495898360785,298.67996772505376,25.52996772505378,30.0,101325.0,259.0022271913783,27.649289341484746,8.76578214509829,18855.18386004326,1.608616281637091
440.0,7.333333333333333,45.06666666666667,False,3380.0000000000005,0.0,20000.0,0.0,31.94599394485772,-0.17269148477587024,37.01099002210717,37.09645128773585,1.1734622373118755,300.80766565747626,101324.75655225376,-0.2434477462375071,492.4641577889198,31.612820684127897,15208.070595561907,298.68041472886256,25.53041472886258,30.0,101325.0,258.56647554437154,27.657665657476286,8.781339078924416,18955.750950843627,1.6348738752557626
445.0,7.416666666666667,45.53333333333334,False,3415.0000000000005,0.0,20000.0,0.0,31.995410435874078,-0.17623592914352917,37.07923235728134,37.16004443588357,1.1734299920005113,300.8159017393123,101324.74645630432,-0.2535436956823105,491.6570396648485,31.66788363107339,15207.652696326628,298.6808630343024,25.5308630343024,30.0,101325.0,258.13560772675834,27.665901739312346,8.79663434196483,19054.974482950132,1.6612702123625636
450.0,7.5,46.0,False,3450.0,0.0,20000.0,0.0,32.044045958861034,-0.17596987942577882,37.141958246054145,37.22256632649188,1.1733983819388931,300.82400765981015,101324.74722123702,-0.2527787629805971,490.8588861791644,31.722019477294893,15207.243029928055,298.6813126176614,25.5313126176614,30.0,101325.0,257.7096093079401,27.674007659810172,8.811672077026358,19152.864346937862,1.687803433772208
455.0,7.583333333333333,46.46666666666667,False,3485.0,0.0,20000.0,0.0,32.09192995814669,-0.17081123178908433,37.19792471329901,37.28403479083399,1.1733674223755237,300.83198832635776,101324.76182467832,-0.23817532167595346,490.06964682509715,31.775242843670526,15206.841793986789,298.6817634555998,25.531763455599844,30.0,101325.0,257.2884560543077,27.681988326357782,8.826456345464035,19249.430506072677,1.7144716940867986
460.0,7.666666666666667,46.93333333333334,False,3520.0000000000005,0.0,20000.0,0.0,32.13892448414663,-0.17109840768556095,37.25918806356211,37.34446049711233,1.1733368642534634,300.83982074735775,101324.76102314194,-0.23897685806150548,489.2892855469488,31.827569417477374,15206.445760724886,298.6822155253697,25.532215525369736,30.0,101325.0,256.87207345274703,27.68982074735777,8.840991504854825,19344.685455052466,1.7412731635042467
465.0,7.75,47.4,False,3555.0,0.0,20000.0,0.0,32.18501565390568,-0.17863288499843166,37.327863172660265,37.403859288093756,1.173306655101141,300.84750260898426,101324.739512591,-0.2604874090029625,488.51775301376404,31.879014003265393,15206.054250110788,298.6826688044886,25.53266880448865,30.0,101325.0,256.4604233517987,27.69750260898428,8.85528166757372,19438.64067466815,1.7682060288721082
470.0,7.833333333333333,47.86666666666667,False,3590.0,0.0,20000.0,0.0,32.230454676867794,-0.17739527406767397,37.385312165408536,37.46225820800048,1.1732771620948106,300.85507577947794,101324.7431095244,-0.25689047560445033,487.75497444999286,31.929589544821646,15205.672020748745,298.6831232705741,25.533123270574094,30.0,101325.0,256.0535459094111,27.705075779477966,8.869330429117124,19531.304799188405,1.7952684910067307
475.0,7.916666666666667,48.333333333333336,False,3625.0,0.0,20000.0,0.0,32.27518116506042,-0.17231486529657938,37.43729179308394,37.519670661088924,1.1732482599622909,300.8625301941767,101324.75761295672,-0.24238704328308813,487.00090313573213,31.97931072345663,15205.297449111291,298.68357890193107,25.533578901931094,30.0,101325.0,255.6513882232694,27.712530194176736,8.883141867626842,19622.690175620726,1.8224587652947928
480.0,8.0,48.800000000000004,False,3660.0000000000005,0.0,20000.0,0.0,32.31894609028734,-0.1810227293807627,37.504349992952015,37.57610174394837,1.1732195254299855,300.8698243483812,101324.73249609345,-0.2675039065507008,486.2555078891754,32.02819330012149,15204.925049572614,298.6840356774418,25.534035677441807,30.0,101325.0,255.25384089862237,27.719824348381223,8.896720361144856,19712.81168829089,1.8497750860336204
485.0,8.083333333333334,49.266666666666666,False,3695.0,0.0,20000.0,0.0,32.362162776704736,-0.17676825122730108,37.55535170735323,37.63158500206129,1.1731915832702915,300.87702712945077,101324.74492232945,-0.2550776705465978,485.51869701601083,32.076248703696464,15204.562919182978,298.68449357566675,25.534493575666772,30.0,101325.0,254.8609910243904,27.72702712945079,8.91006908436013,19801.676755246484,1.877215703008299
490.0,8.166666666666666,49.733333333333334,False,3730.0,0.0,20000.0,0.0,32.404554700355334,-0.17876461112063505,37.612686858856215,37.68612391698117,1.1731639674550907,300.8840924500592,101324.739128276,-0.26087172399275005,484.7904397755985,32.12349250610939,15204.205018217976,298.6849525762368,25.534952576236833,30.0,101325.0,254.47272027192125,27.734092450059222,8.923192362808164,19889.300940232984,1.9047788819634932
495.0,8.25,50.2,False,3765.0,0.0,20000.0,0.0,32.446217439532234,-0.1814934797601041,37.669945198629286,37.739737955598436,1.1731368009367722,300.891036239922,101324.73110299432,-0.2688970056769904,484.0706712920577,32.16993783287894,15203.852940140569,298.68541265876564,25.535412658765665,30.0,101325.0,254.08902058192484,27.74103623992204,8.936093842466372,19975.695780871418,1.9324629074642603
500.0,8.333333333333334,50.66666666666667,False,3800.0000000000005,0.0,20000.0,0.0,32.48727116372004,-0.17791323725499233,37.71894226957591,37.79244737380609,1.1731102459289364,300.89787852728665,101324.74160718375,-0.2583928162493976,483.35932411690976,32.21559738733664,15203.508787239016,298.6858738031744,25.53587380317441,30.0,101325.0,253.70989088994202,27.747878527286673,8.948777052037956,20060.87249385311,1.9602660798772633
505.0,8.416666666666666,51.13333333333333,False,3835.0,0.0,20000.0,0.0,32.52749217496455,-0.1834899622161452,37.77770404771762,37.84425744841534,1.1730839210956496,300.90458202916074,101324.72515456135,-0.27484543864557054,482.65635951451577,32.26048602990752,15203.16761739962,298.68633599011616,25.536335990116186,30.0,101325.0,253.33522762843256,27.75458202916076,8.961246119418755,20144.846786350638,1.9881867182662938
510.0,8.5,51.6,False,3870.0,0.0,20000.0,0.0,32.56718161959293,-0.17933671111638472,37.8242516233112,37.89519589271851,1.173058275697945,300.9111969365988,101324.73745586976,-0.26254413023707457,481.96169330188116,32.30461493498408,15202.835253045369,298.68679920000466,25.53679920000468,30.0,101325.0,252.96508298051725,27.76119693659882,8.97350414860669,20227.627926238063,2.016223159038925
515.0,8.583333333333334,52.06666666666667,False,3905.0000000000005,0.0,20000.0,0.0,32.606069761586355,-0.18380386892380007,37.87996944193377,37.94526560816718,1.1730328563121937,300.9176782935977,101324.72421336954,-0.27578663046006113,481.27528889539366,32.34799895329474,15202.50581780603,298.6872634142268,25.5372634142268,30.0,101325.0,252.59933918628215,27.767678293597726,8.985555264804095,20309.23250543797,2.044373756560922
520.0,8.666666666666666,52.53333333333334,False,3940.0000000000005,0.0,20000.0,0.0,32.64438550503871,-0.18277951903349848,37.92843877502146,37.99449081361945,1.1730079986832123,300.92406425083976,101324.72727875446,-0.27272124553564936,480.5970673101789,32.390649387106535,15202.18366293443,298.68772861394274,25.53772861394276,30.0,101325.0,252.23802649790096,27.774064250839785,8.997402607529594,20389.670879754216,2.0726368839117497
525.0,8.75,53.0,False,3975.0,0.0,20000.0,0.0,32.68205430358421,-0.18185085830773656,37.976180725184236,38.042882463048066,1.1729835589059006,300.9303423839307,101324.73004298231,-0.2699570176919224,479.92697431225736,32.432579445983485,15201.866923420472,298.6881947809856,25.538194780985634,30.0,101325.0,251.88108476567646,27.7803423839307,9.009049846106524,20468.95740136834,2.101010931329196
530.0,8.833333333333334,53.46666666666667,False,4010.0,0.0,20000.0,0.0,32.71899416326869,-0.18701572256900575,38.03019440141048,38.090450969848234,1.1729593816431936,300.9364990272114,101324.71449077153,-0.2855092284735292,479.26495542914466,32.47380221852823,15201.553586095788,298.688661897517,25.538661897517045,30.0,101325.0,251.52845144842613,27.78649902721145,9.020500616257841,20547.106607128302,2.129494309112874
535.0,8.916666666666666,53.93333333333334,False,4045.0000000000005,0.0,20000.0,0.0,32.75549870797806,-0.18015637342778715,38.0693955647914,38.13722281016969,1.1729359061774376,300.9425831179963,101324.73505045807,-0.2649495419318555,478.6109256761041,32.514328028764794,15201.24934405959,298.689129945592,25.539129945592038,30.0,101325.0,251.1801755207501,27.792583117996344,9.031757785767999,20624.12817605981,2.1580854443789774
540.0,9.0,54.400000000000006,False,4080.0000000000005,0.0,20000.0,0.0,32.79117628733377,-0.18715198242584466,38.12393526046993,38.183194651753055,1.1729124880214201,300.9485293812223,101324.7140745753,-0.2859254247014178,477.9648541996373,32.55417180881422,15200.945844757603,298.6895989083653,25.53959890836535,30.0,101325.0,250.83610209444953,27.798529381222295,9.042825502448393,20700.040920106007,2.1867827840290923
545.0,9.083333333333334,54.86666666666667,False,4115.0,0.0,20000.0,0.0,32.82636529906472,-0.18695147554914116,38.16931289860592,38.228394522571826,1.1728896380298501,300.95439421651076,101324.71468690441,-0.2853130955918459,477.3266518865354,32.59334321239771,15200.649708866857,298.69006876845907,25.540068768459093,30.0,101325.0,250.49629320817584,27.804394216510786,9.053706447888253,20774.853978433384,2.2155847943753004
550.0,9.166666666666666,55.333333333333336,False,4150.0,0.0,20000.0,0.0,32.86104313410715,-0.18171447471771737,38.208057119930274,38.27283466332031,1.1728672962942948,300.9601738556845,101324.73044775247,-0.2695522475260077,476.69625799296045,32.631854246635015,15200.360159974061,298.6905395092169,25.5405395092169,30.0,101325.0,250.16070347882678,27.810173855684525,9.064403957398616,20848.58131605719,2.244489957774252
555.0,9.25,55.800000000000004,False,4185.0,0.0,20000.0,0.0,32.89495020797233,-0.1887212061207366,38.26030478002378,38.31651689006618,1.1728450283297813,300.96582503466203,101324.70925964376,-0.29074035624216776,476.07362925457534,32.66971847476879,15200.071567153967,298.69101111456536,25.54101111456538,30.0,101325.0,249.82921698811919,27.815825034662055,9.074921798546887,20921.240238433118,2.273496778298204
560.0,9.333333333333334,56.266666666666666,False,4220.0,0.0,20000.0,0.0,32.928389672927324,-0.18927583563957925,38.30429738392139,38.35946715300487,1.1728232903379974,300.9713982788212,101324.70754822892,-0.2924517710780492,475.4586791045972,32.706945256817,15199.789842780447,298.69148356806215,25.541483568062176,30.0,101325.0,249.5018850660746,27.82139827882122,9.085262571338056,20992.840327998158,2.3026037786915587
565.0,9.416666666666666,56.733333333333334,False,4255.0,0.0,20000.0,0.0,32.961364885722446,-0.18388427935833776,38.34063720720426,38.40169825461096,1.172802064565236,300.9768941476204,101324.72397201473,-0.2760279852664098,474.851343869851,32.74354591867698,15199.514756765457,298.6919568539084,25.541956853908403,30.0,101325.0,249.1786698665885,27.826894147620408,9.095429421854716,21063.395250332473,2.331809497843177
570.0,9.5,57.2,False,4290.0,0.0,20000.0,0.0,32.99365478773916,-0.18719249920873116,38.38639290993107,38.443213118624776,1.172780978533555,300.9822757979565,101324.71395076114,-0.2860492388572311,474.251576048134,32.77953328224521,15199.241481794874,298.69243095686505,25.542430956865076,30.0,101325.0,248.85946679040345,27.832275797956527,9.10542591173478,21132.92188138436,2.361112495851314
575.0,9.583333333333334,57.66666666666667,False,4325.0,0.0,20000.0,0.0,33.02538457368212,-0.19180098012269686,38.43296032243637,38.48402946144111,1.1727602079574755,300.98756409561366,101324.69969293081,-0.3003070691920584,473.6593021269912,32.81491749150185,15198.972295128882,298.6929058615608,25.542905861560826,30.0,101325.0,248.5442741758462,27.837564095613686,9.115254858750514,21201.43224155787,2.3905113528811346
580.0,9.666666666666666,58.13333333333333,False,4360.0,0.0,20000.0,0.0,33.056687820241336,-0.19008112396735793,38.47146822954255,38.5241651661221,1.1727399421698976,300.99278130337353,101324.70505441887,-0.2949455811321968,473.07444819746803,32.84970843138642,15198.709650521872,298.6933815528879,25.543381552887922,30.0,101325.0,248.23309285743468,27.842781303373556,9.124919008718448,21268.93813117458,2.420004665639977
585.0,9.75,58.6,False,4395.0,0.0,20000.0,0.0,33.08751286715312,-0.18579514220023288,38.506310259659294,38.56362992969253,1.1727200777592397,300.99791881119216,101324.71820542967,-0.2817945703282021,472.49695372254837,32.883917194781475,15198.452207759747,298.69385801623775,25.543858016237778,30.0,101325.0,247.92586861006382,27.847918811192187,9.134421442994853,21335.45397459545,2.4495910490467616
590.0,9.833333333333334,59.06666666666667,False,4430.0,0.0,20000.0,0.0,33.117730213472214,-0.18772029421671654,38.547720067766,38.602429907203366,1.172700388481359,301.0029550355787,101324.71233543787,-0.2876645621290663,471.9267633177854,32.91755531623326,15198.197034718412,298.69433523737047,25.54433523737049,30.0,101325.0,247.62252409307112,27.852955035578702,9.14376536562035,21400.995343925653,2.4792691388512904
595.0,9.916666666666666,59.53333333333334,False,4465.0,0.0,20000.0,0.0,33.14740272897609,-0.19241875554132035,38.591706243147414,38.6405794040548,1.1726809528182347,301.0079004548293,101324.69775528584,-0.3022447141556768,471.3638077600715,32.95063274558368,15197.945148524323,298.69481320207626,25.544813202076284,30.0,101325.0,247.3230392104018,27.85790045482935,9.152953540439912,21465.57500097764,2.5090375904796955
600.0,10.0,60.0,False,4500.0,0.0,20000.0,0.0,33.17663727571539,-0.1938356580882674,38.63122949564421,38.678094438396364,1.1726619191963445,301.0127728792859,101324.69328765431,-0.30671234568580985,470.808014943673,32.98315891838925,15197.698472784627,298.69529189634824,25.54529189634826,30.0,101325.0,247.02740701546062,27.8627728792859,9.161988588441458,21529.204956109275,2.5388950765610057
605.0,10.083333333333334,60.833333333333336,False,4562.5,0.0,20000.0,0.0,33.205474851555664,-0.19171622324072904,38.66600654656551,38.71498807277032,1.172643272834809,301.0175791419259,101324.69995828364,-0.30004171635664534,470.25960455611414,33.01514532989959,15197.456815939126,298.6957713068157,25.54577130681571,30.0,101325.0,246.73573918088448,27.867579141925944,9.170873702749885,21591.901502986057,2.5688402893798217
610.0,10.166666666666666,61.666666666666664,False,4625.0,0.0,20000.0,0.0,33.23391058619336,-0.18843095364317203,38.698817194125304,38.75127729393843,1.1726249287495583,301.0223184310322,101324.7101532711,-0.2898467289051041,469.7187939678582,33.04660880377265,15197.219076594274,298.6962514213906,25.54625142139065,30.0,101325.0,246.44813142402572,27.872318431032227,9.179613556603515,21653.691677313374,2.5988719513105853
615.0,10.25,62.5,False,4687.5,0.0,20000.0,0.0,33.261891757943545,-0.18774808501026294,38.73406877660508,38.7869785915258,1.172606786639555,301.02698195965723,101324.71225025775,-0.2877497422450688,469.18551462974193,33.07756618284731,15196.983954848634,298.6967322284574,25.546732228457415,30.0,101325.0,246.16452631694543,27.876981959657257,9.188212828568698,21714.602892479714,2.6289888225396085
620.0,10.333333333333334,63.333333333333336,False,4750.0,0.0,20000.0,0.0,33.289402319247074,-0.1911532922439315,38.77350891479516,38.822108448046215,1.1725888044582662,301.0315670532078,101324.70171770501,-0.29828229498525616,468.6596952682043,33.108032671335245,15196.75090577913,298.6972137165651,25.547213716565125,30.0,101325.0,245.88487732069015,27.881567053207846,9.196675742037568,21774.659659714405,2.6591896993119657
625.0,10.416666666666666,64.16666666666667,False,4812.5,0.0,20000.0,0.0,33.31651864932826,-0.19428462121988876,38.81207406751231,38.85668598359344,1.1725710866239116,301.0360864415547,101324.69186519149,-0.30813480851065833,468.1412586068183,33.13802158935227,15196.521282645894,298.6976958743529,25.54769587435294,30.0,101325.0,245.60916547108772,27.88608644155471,9.205005997042297,21833.88306460386,2.689473409537187
630.0,10.5,65.0,False,4875.0,0.0,20000.0,0.0,33.343272308537166,-0.19569414442456126,38.848092999898924,38.890727197683184,1.172553666843967,301.0405453847562,101324.68737797419,-0.31262202581274323,467.6301305529937,33.1675455865155,15196.29552229781,298.6981786907204,25.54817869072042,30.0,101325.0,245.33735858941074,27.890545384756194,9.213207107365417,21892.293129143127,2.719838809671733
635.0,10.583333333333334,65.83333333333333,False,4937.5,0.0,20000.0,0.0,33.369673138088274,-0.19525736189347898,38.881434662631484,38.92424614180811,1.1725365446761669,301.0449455230147,101324.68877193981,-0.31122806019266136,467.1262386075594,33.19661661595228,15196.073619003124,298.6986621547969,25.548662154796943,30.0,101325.0,245.06941817244456,27.894945523014712,9.22128239332008,21949.9087418477,2.7502847831932544
640.0,10.666666666666666,66.66666666666667,False,5000.0,0.0,20000.0,0.0,33.395718881144944,-0.1935315747259481,38.912761135372286,38.95725547296166,1.1725197007576587,301.0492864801908,101324.6942492211,-0.30575077890534885,466.62951121783897,33.22524597905542,15195.855321819257,298.69914625592713,25.549146255927155,30.0,101325.0,244.80530227160583,27.899286480190824,9.229234994182061,22006.747728572984,2.780810239075491
645.0,10.75,67.5,False,5062.5,0.0,20000.0,0.0,33.421401486257196,-0.191410635184555,38.94312567711984,38.989766841967345,1.1725031067834575,301.0535669143762,101324.70091403052,-0.2990859694837127,466.1398773750396,33.25344437587757,15195.640263913609,298.69963098366037,25.549630983660393,30.0,101325.0,244.54496738347757,27.9035669143762,9.237067882188214,22062.826936119538,2.8114141103704164
650.0,10.833333333333334,68.33333333333333,False,5125.0,0.0,20000.0,0.0,33.44671144171866,-0.18990241133643598,38.97371366462323,39.02179117934479,1.172486732368467,301.0577852402864,101324.70560876872,-0.294391231276677,465.65726635624264,33.28122195508286,15195.428051495332,298.7001163277417,25.550116327741705,30.0,101325.0,244.28836975309278,27.907785240286444,9.244783876411907,22118.16231655781,2.8420953529069983
655.0,10.916666666666666,69.16666666666667,False,5187.5,0.0,20000.0,0.0,33.471640568369594,-0.18995270582182683,39.00563762002686,39.05333889918718,1.1724705494693175,301.06194009472824,101324.70545281266,-0.29454718733904883,465.18160757523896,33.30858836229487,15195.218321122355,298.70060227810575,25.55060227810577,30.0,101325.0,244.03546621726835,27.911940094728266,9.25238565619302,22172.76900986979,2.872852944105906
660.0,11.0,70.0,False,5250.0,0.0,20000.0,0.0,33.49619197250422,-0.19177883948555832,39.039161215289525,39.084420403046146,1.1724545481380588,301.06603199541735,101324.69976225898,-0.3002377410157351,464.7128300095971,33.33555272152339,15195.010943869242,298.7010888248606,25.551088824860642,30.0,101325.0,243.78621717620715,27.91603199541737,9.25987575597872,22226.661294149937,2.903685881817031
665.0,11.083333333333334,70.83333333333333,False,5312.5,0.0,20000.0,0.0,33.52039624646511,-0.19387133321993436,39.07253673939714,39.11504684431778,1.1724387621641839,301.0700660410775,101324.69317474413,-0.3068252558732638,464.25086128938426,33.362123555277215,15194.806357647823,298.70157595826373,25.551575958263754,30.0,101325.0,243.54059142223818,27.92006604107752,9.26725654313256,22279.852413040888,2.93459318300258
670.0,11.166666666666666,71.66666666666667,False,5375.0,0.0,20000.0,0.0,33.54426876828029,-0.19568287525173284,39.1051365638802,39.14522831780247,1.1724232014942173,301.07404479471336,101324.68741397823,-0.3125860217696754,463.79563032500874,33.38830915996296,15194.604691365057,298.7020636687733,25.552063668773314,30.0,101325.0,243.29855344934583,27.92404479471338,9.274530322211934,22332.355315665725,2.9655738828141818
675.0,11.25,72.5,False,5437.5,0.0,20000.0,0.0,33.567819245112446,-0.19701914297929743,39.13674377678386,39.17497432079263,1.1724078673351708,301.0779698741854,101324.68313026367,-0.3168697363289539,463.3470667174202,33.414117571417826,15194.405960663813,298.70255194703407,25.55255194703409,30.0,101325.0,243.06006629981022,27.927969874185408,9.281699325393841,22384.182580301862,2.996627034130826
680.0,11.333333333333334,73.33333333333333,False,5500.0,0.0,20000.0,0.0,33.59105454318569,-0.1978518281790307,39.1673344797164,39.20429391189627,1.1723927566319257,301.08184242386426,101324.6804461558,-0.3195538441941608,462.9051005919742,33.439556573620585,15194.210125949756,298.70304078387073,25.553040783870756,30.0,101325.0,242.82509241325332,27.931842423864282,9.288765714894607,22435.346424537463,3.0277517070508533
685.0,11.416666666666666,74.16666666666667,False,5562.5,0.0,20000.0,0.0,33.61397991279375,-0.19823952441916312,39.19698568839446,39.23319579458184,1.1723778640043672,301.08566331879894,101324.67919257925,-0.32080742075049784,462.4696625338133,33.46463371508667,15194.017117496598,298.70353017028316,25.55353017028318,30.0,101325.0,242.59359399768113,27.93566331879896,9.295731587524076,22485.85873129844,3.0589469884090725
690.0,11.5,75.0,False,5625.0,0.0,20000.0,0.0,33.63659980518048,-0.19827856124064988,39.22581810228877,39.26168837852974,1.1723631830384318,301.0894333008634,101324.67906622165,-0.3209337783482624,462.0406835499237,33.48935632452617,15193.826852178077,298.7040200974426,25.554020097442617,30.0,101325.0,242.36553327853923,27.939433300863413,9.302598979035047,22535.731073891617,3.0902119813293436
695.0,11.583333333333334,75.83333333333333,False,5687.5,0.0,20000.0,0.0,33.65891839010635,-0.19807365983977163,39.2539619532919,39.2897798241956,1.1723487071032535,301.0931530650177,101324.67972918594,-0.32027081405976787,461.61809505000696,33.51373152555982,15193.639244058166,298.70451055668815,25.55451055668817,30.0,101325.0,242.1408726581953,27.943153065017725,9.30936986821106,22584.97473961469,3.1215458048109452
700.0,11.666666666666666,76.66666666666666,False,5749.999999999999,0.0,20000.0,0.0,33.6809398583988,-0.19772145259902563,39.281537831786196,39.31747807482693,1.1723344298278526,301.0968233097331,101324.68086716067,-0.31913283932954073,461.20182884023933,33.53776625036967,15193.454210568969,298.7050015395233,25.555001539523346,30.0,101325.0,241.91957481097467,27.946823309733134,9.316046180658242,22633.600751645543,3.1529475933465423
705.0,11.75,77.5,False,5812.5,0.0,20000.0,0.0,33.70266857515048,-0.1973023071652688,39.3086471811959,39.34479087928386,1.1723203453412951,301.10044476252506,101324.68221877214,-0.31778122785908636,460.7918171254586,33.56146725222064,15193.271675623184,298.70549303761317,25.55549303761319,30.0,101325.0,241.70160273332024,27.95044476252508,9.32262979228351,22681.619889043162,3.1844164965692427
710.0,11.833333333333334,78.33333333333333,False,5875.0,0.0,20000.0,0.0,33.724109133274624,-0.1968775021930369,39.3353690226676,39.3717258082396,1.1723064483550234,301.1040181888791,101324.68358570719,-0.3164142928144429,460.3879925165093,33.58484111683074,15193.091570681103,298.70598504278144,25.555985042781458,30.0,101325.0,241.48691976390194,27.954018188879104,9.329122532452983,22729.042704777352,3.2159516789260625
715.0,11.916666666666666,79.16666666666666,False,5937.499999999999,0.0,20000.0,0.0,33.7452663447616,-0.19648976025566206,39.36176058750859,39.398290265738694,1.172292734146459,301.1075443907936,101324.6848308091,-0.3151691909006331,459.9902880403933,33.607894272606245,15192.91383453811,298.7064775470075,25.556477547007546,30.0,101325.0,241.27548958481427,27.9575443907936,9.335526186835068,22775.879541783735,3.2475523193750635
720.0,12.0,80.0,False,6000.0,0.0,20000.0,0.0,33.76614519693419,-0.19616573769320936,39.38786022700728,39.424491497602375,1.17227919848713,301.111024199489,101324.68586941515,-0.31413058485486545,459.5986371515725,33.63063299978465,15192.738412393204,298.7069705424241,25.556970542424096,30.0,101325.0,241.0672762120152,27.96102419948903,9.341842499940181,22822.14054709691,3.279217611103453
725.0,12.083333333333334,80.83333333333333,False,6062.5,0.0,20000.0,0.0,33.786750793059355,-0.19591946217466197,39.41369142456928,39.450336597774324,1.1722658375459412,301.11445846550987,101324.68665766809,-0.31334233190864325,459.21297374332477,33.65306343854643,15192.565254595396,298.7074640213143,25.55746402131433,30.0,101325.0,240.86224398078605,27.964458465509892,9.348073177374008,22867.83568415413,3.3109467612640437
730.0,12.166666666666666,81.66666666666666,False,6124.999999999999,0.0,20000.0,0.0,33.80708829056073,-0.1957559854927757,39.43926705735866,39.47583251340132,1.1722526477885997,301.11784804842677,101324.68718036036,-0.3128196396428393,458.83323215844626,33.67519159617225,15192.394315340252,298.70795797610924,25.557957976109265,30.0,101325.0,240.66035753018014,27.967848048426788,9.354219887825623,22912.974743396833,3.3427389907276206
735.0,12.25,82.5,False,6187.5,0.0,20000.0,0.0,33.82716284524258,-0.19567475144743196,39.46459332517455,39.50098604919497,1.1722396258864953,301.1211938075404,101324.6874399318,-0.312560068196035,458.45934719890295,33.69702335332907,15192.22555148898,298.7084523993855,25.558452399385544,30.0,101325.0,240.4615817889789,27.97119380754043,9.36028426481363,22957.567351313704,3.3745935338489472
740.0,12.333333333333334,83.33333333333333,False,6250.0,0.0,20000.0,0.0,33.846979566383766,-0.1956723629743525,39.48967297889906,39.52580387144131,1.1722267686427603,301.12449659439727,101324.68744756219,-0.3125524378119735,458.0912541342417,33.71856446957399,15192.058921610173,298.70894728386247,25.558947283862494,30.0,101325.0,240.26588196462305,27.974496594397294,9.366267908214997,23001.62297808363,3.406509638244362
745.0,12.416666666666666,84.16666666666666,False,6312.499999999999,0.0,20000.0,0.0,33.86654348481886,-0.1957445944611824,39.51450766923575,39.55029251187858,1.1722140729388493,301.1277572474698,101324.68721676522,-0.31278323478181846,457.72888870873095,33.7398205881647,15191.894385287485,298.70944262239976,25.559442622399786,30.0,101325.0,240.07322353576188,27.97775724746981,9.372172385601305,23045.15094397939,3.438486564579128
750.0,12.5,85.0,False,6375.0,0.0,20000.0,0.0,33.8858595342798,-0.19588761163799787,39.5390993720462,39.57445837156757,1.1722015357021038,301.1309765890466,101324.68675953965,-0.31324046035297215,457.37218714729124,33.760797240266356,15191.731902699265,298.709938407995,25.55993840799505,30.0,101325.0,239.8835722485204,27.980976589046634,9.377999233407321,23088.160424697995,3.4705235863629316
755.0,12.583333333333334,85.83333333333333,False,6437.5,0.0,20000.0,0.0,33.90493254481953,-0.1960984594605451,39.56345096073229,39.5983077247918,1.1721891538924334,301.13415542413657,101324.68608485059,-0.3139151494106045,457.02108616034707,33.78149984863754,15191.571434445937,298.71043463378106,25.560434633781085,30.0,101325.0,239.69689411614573,27.98415542413659,9.38374995795487,23130.660455771103,3.502619989752146
760.0,12.666666666666666,86.66666666666666,False,6499.999999999999,0.0,20000.0,0.0,33.92376724646408,-0.1963749280300013,39.587566053894015,39.6218467229873,1.1721769245051772,301.1372945410773,101324.68519908279,-0.3148009172145976,456.6755229477566,33.801933730877074,15191.412941587098,298.71093129302386,25.560931293023884,30.0,101325.0,239.51315542149217,27.987294541077347,9.389426036354743,23172.659936210042,3.5347750733576886
765.0,12.75,87.5,False,6562.5,0.0,20000.0,0.0,33.9423682805143,-0.19671495491804694,39.611448322752004,39.64508139865265,1.1721648445860968,301.140394713419,101324.68410797152,-0.3158920284768101,456.3354352019973,33.82210410230459,15191.256385835813,298.71142837911987,25.56142837911989,30.0,101325.0,239.33232272159373,27.99039471341905,9.395028917306831,23214.167631523324,3.5669881480575034
770.0,12.833333333333334,88.33333333333333,False,6625.0,0.0,20000.0,0.0,33.96074021594745,-0.1971157254233068,39.63510044649486,39.66801766918333,1.17215291125443,301.1434567026579,101324.68281951666,-0.3171804833400529,456.00076111077493,33.84201607854293,15191.101729857413,298.71192588559336,25.561925885593382,30.0,101325.0,239.15436285356876,27.99345670265791,9.400560021817482,23255.192176237022,3.599258536812892
775.0,12.916666666666666,89.16666666666666,False,6687.499999999999,0.0,20000.0,0.0,33.97888756817895,-0.19757264239590053,39.65852291547448,39.690661340556645,1.1721411217297222,301.14648126136314,101324.68134735491,-0.31865264508815017,455.671439359216,33.86167467786247,15190.948937617199,298.7124238060946,25.562423806094614,30.0,101325.0,238.97924294105965,27.996481261363158,9.406020743850686,23295.742076033293,3.63158557448808
780.0,13.0,90.0,False,6750.0,0.0,20000.0,0.0,33.99681481773746,-0.19807832005704715,39.68171286212586,39.71301811079701,1.1721294733585095,301.14946913628955,101324.6797141153,-0.3202858847071184,455.34740913178354,33.88108482334043,15190.797974726282,298.71292213439716,25.562922134397184,30.0,101325.0,238.80693040047905,27.999469136289576,9.411412450927896,23335.82570960944,3.663968607672554
785.0,13.083333333333334,90.83333333333333,False,6812.5,0.0,20000.0,0.0,34.0145264265567,-0.19862174126615012,39.70466308204411,39.73509357315492,1.1721179636372676,301.15242107109276,101324.67795431752,-0.32204568247834686,455.0286101140345,33.90025134488224,15190.648808738988,298.7134208643957,25.56342086439571,30.0,101325.0,238.6373929463948,28.002421071092783,9.416736484689512,23375.451330348722,3.696406994505859
790.0,13.166666666666666,91.66666666666666,False,6874.999999999999,0.0,20000.0,0.0,34.03202684999337,-0.19918768830423772,39.72736137342675,39.756893218941094,1.1721065902286105,301.1553378083322,101324.67611644758,-0.32388355242437683,454.714982494313,33.91917898114267,15190.501409362792,298.7139199901039,25.563919990103898,30.0,101325.0,238.4705985954953,28.00533780833223,9.42199416142852,23414.62706787599,3.728900104504626
795.0,13.25,92.5,False,6937.5,0.0,20000.0,0.0,34.049320543020826,-0.19975652899357946,39.74979029019188,39.77842243997159,1.1720953509682879,301.15822009050345,101324.67426391122,-0.3257360887801042,454.4064669654483,33.937872381380885,15190.355748549011,298.71441950565196,25.564419505651983,30.0,101325.0,238.30651566867982,28.00822009050347,9.4271867726058,23453.36092956462,3.7614473183917374
800.0,13.333333333333334,93.33333333333333,False,7000.0,0.0,20000.0,0.0,34.066411959419725,-0.2003044102283399,39.77192736943682,39.79968653058871,1.172084243861123,301.16106865990326,101324.67247463872,-0.32752536128100473,454.1030047265069,33.95633610727427,15190.211800440153,298.7149194052848,25.564919405284797,30.0,101325.0,238.14511279093244,28.011068659903287,9.432315585353964,23491.660802042545,3.7940480279275755
805.0,13.416666666666666,94.16666666666666,False,7062.499999999999,0.0,20000.0,0.0,34.083305543199685,-0.20080388177489106,39.793745859879664,39.820690689240664,1.172073267064674,301.1638842571999,101324.67083919236,-0.3291608076397097,453.8045374846246,33.974574634712994,15190.069541158176,298.7154196833592,25.56541968335921,30.0,101325.0,237.9863588887551,28.013884257199948,9.437381842975832,23529.534452740114,3.8267016357433965
810.0,13.5,95.0,False,7125.0,0.0,20000.0,0.0,34.10000571179762,-0.20122495374255253,39.81521595525975,39.84144001961067,1.1720624188599007,301.1666676186329,101324.66945728972,-0.33054271027504,453.51100745693003,33.992592355589395,15189.928948424313,298.7159203343428,25.56592033434282,30.0,101325.0,237.8302231850322,28.016667618632937,9.4423867654415,23566.989531506104,3.859407555176901
815.0,13.583333333333334,95.83333333333333,False,7187.5,0.0,20000.0,0.0,34.11651683103912,-0.20153657088354318,39.83630651310016,39.86193953130627,1.1720516976088153,301.16941947183983,101324.66843273956,-0.3315672604367137,453.2223573725482,34.01039357959329,15189.790001010246,298.7164213528114,25.566421352811403,30.0,101325.0,237.676675191327,28.019419471839853,9.447331549887025,23604.033572312987,3.8921652101101083
820.0,13.666666666666666,96.66666666666666,False,7249.999999999999,0.0,20000.0,0.0,34.132843182050806,-0.2017084869467707,39.85698723930647,39.88219414012489,1.1720411016994174,301.1721405303418,101324.66786682689,-0.33213317311310675,452.9385304746684,34.02798253601955,15189.652678024451,298.71692273344706,25.566922733447086,30.0,101325.0,237.52568469767192,28.0221405303418,9.452217371116541,23640.673995062163,3.9249740348096744
825.0,13.75,97.5,False,7312.5,0.0,20000.0,0.0,34.148988920654006,-0.20171352093579775,39.877231317470766,39.90220866792542,1.1720306294787433,301.17483148677564,101324.66785024875,-0.33214975125156343,452.6594705226426,34.04536337559011,15189.516958044513,298.7174244710363,25.567424471036304,30.0,101325.0,237.37722176001304,28.024831486775668,9.457045382108364,23676.918107491823,3.957833473769781
830.0,13.833333333333334,98.33333333333333,False,7375.0,0.0,20000.0,0.0,34.16495802999145,-0.20153018628406832,39.897018472416434,39.921987842145185,1.1720202791752337,301.17749300499855,101324.66845374707,-0.33154625292809214,452.38512179407866,34.06254017229021,15189.382818111028,298.71792656046813,25.567926560468152,30.0,101325.0,237.23125668554138,28.027493004998576,9.46181671452506,23712.77310718528,3.9907429815577515
835.0,13.916666666666666,99.16666666666666,False,7437.499999999999,0.0,20000.0,0.0,34.1807542673331,-0.20114569738240584,39.91633847314399,39.941536295008255,1.1720100488119078,301.18012571122216,101324.66971761979,-0.330282380207791,452.11542908688267,34.07951692521567,15189.250232602326,298.7184289967321,25.56842899673211,30.0,101325.0,237.087760016193,28.030125711222183,9.466532479226576,23748.246083670703,4.023702022662513
840.0,14.0,100.0,False,7500.0,0.0,20000.0,0.0,34.196381106156196,-0.20055936921348802,39.935195093516256,39.96085856247699,1.171999936112074,301.18273018435934,101324.6716403218,-0.328359678198467,451.85033772120374,34.09629756042553,15189.119172012479,298.71893177491677,25.56893177491679,30.0,101325.0,236.94670251064898,28.032730184359366,9.471193766784872,23783.34402059934,4.056710071346034
845.0,14.083333333333334,100.83333333333333,False,7562.5,0.0,20000.0,0.0,34.211841674737,-0.19978642739737093,39.9536105508235,39.97995908300514,1.1719899383995522,301.1853069457895,101324.67416639533,-0.32583360467106104,451.5897935412326,34.112885932793105,15188.989601658197,298.71943489020754,25.56943489020756,30.0,101325.0,236.80805512521076,28.0353069457895,9.475801647998084,23818.073797984944,4.089766611497828
850.0,14.166666666666666,101.66666666666666,False,7624.999999999999,0.0,20000.0,0.0,34.227138692551875,-0.19886223259607738,39.97163042681543,39.99884219615186,1.1719800524954456,301.1878564487586,101324.67717397916,-0.32282602084160317,451.33374291680394,34.129285827846715,15188.861480340975,298.7199383378855,25.569938337885503,30.0,101325.0,236.67178899393613,28.037856448758646,9.480357174401865,23852.44219448472,4.1228711364925985
855.0,14.25,102.5,False,7687.5,0.0,20000.0,0.0,34.242274405815465,-0.19784687567505882,39.98932902041999,40.0175121411186,1.1719702746135754,301.1903790676359,101324.68046215335,-0.3195378466480179,451.08213274475895,34.145500963591644,15188.734758991937,298.7204421133251,25.5704421133251,30.0,101325.0,236.5378754084396,28.04037906763591,9.484861378775458,23886.455889701898,4.1560231490510615
860.0,14.333333333333334,103.33333333333333,False,7750.0,0.0,20000.0,0.0,34.25725052360485,-0.19682999309652618,40.00681495686426,40.0359730552737,1.1719606002568623,301.19287508726745,101324.68373839851,-0.31626160148880444,450.83491045001875,34.161534992301696,15188.609379328936,298.72094621199267,25.57094621199269,30.0,101325.0,236.40628579778758,28.042875087267475,9.48931527563936,23920.12146648333,4.1892221611039675
865.0,14.416666666666666,104.16666666666666,False,7812.499999999999,0.0,20000.0,0.0,34.27206815027159,-0.19593582021901698,40.024237073820686,40.054228972476224,1.1719510241078648,301.1953446917119,101324.68660534167,-0.3133946583257057,450.59202398656265,34.17739150231733,15188.485272437927,298.72145062944514,25.571450629445167,30.0,101325.0,236.27699170721777,28.045344691711932,9.493719861754814,23953.44541328802,4.222467693659365
870.0,14.5,105.0,False,7875.0,0.0,20000.0,20.0,34.28736980088843,-0.20024238779738884,63.335474548629406,63.51108230210933,1.171940939979131,301.1978949668147,101324.67267743779,-0.32732256221061107,450.3515485702088,34.19307418617895,15188.354582129537,298.72195536135297,25.57195536135299,30.0,101325.0,236.14886160963724,28.047894966814738,9.498076162827486,23986.43447666307,4.255759276916275
875.0,14.583333333333334,105.83333333333333,False,7937.5,0.0,20000.0,20.0,34.390093013642854,-0.19840625323764174,63.359665876775495,63.53397456168319,1.1718743980100998,301.2150155022738,101324.67865272389,-0.3213472761126468,449.88786947223986,34.21568614312847,15187.492198210895,298.7224616539514,25.57246165395145,30.0,101325.0,235.89232968111264,28.06501550227381,9.504357261980132,24034.052802274713,4.289106837526648
880.0,14.666666666666666,106.66666666666666,False,7999.999999999999,0.0,20000.0,20.0,34.48962916617779,-0.2021684428030933,63.404406491836774,63.57108474681236,1.1718097185330552,301.2316048610296,101324.66635037334,-0.33364962665655185,449.4345834444577,34.25034776669597,15186.653952188395,298.72297066099475,25.57297066099477,30.0,101325.0,235.6416490449546,28.081604861029632,9.51398549074888,24107.168696181692,4.322538241345021
885.0,14.75,107.5,False,8062.5,0.0,20000.0,20.0,34.586180280162694,-0.20604261800379992,63.4606049789666,63.61969446879172,1.1717469742728497,301.2476967133604,101324.65344032299,-0.3465596770111006,448.99146272220133,34.29473757188249,15185.840786576131,298.72348229653994,25.573482296539964,30.0,101325.0,235.3967128634113,28.09769671336045,9.526315992189582,24201.021760386884,4.356085595828749
890.0,14.833333333333334,108.33333333333333,False,8125.0,0.0,20000.0,20.0,34.67991109610773,-0.20826291557787,63.523944904476025,63.67752567993829,1.1716861273030978,301.26331851601793,101324.64593108567,-0.3540689143264899,448.5582169870259,34.34691441342453,15185.052209848147,298.72399647905064,25.573996479050663,30.0,101325.0,235.15735931753906,28.113318516017955,9.540809559284591,24311.649958209215,4.389774951188885
895.0,14.916666666666666,109.16666666666666,False,8187.499999999999,0.0,20000.0,20.0,34.77098120802225,-0.20666886614079097,63.590020769811964,63.74267473457026,1.171627160417599,301.2784968680037,101324.65133044709,-0.3486695529136341,448.1345844011148,34.405255262135334,15184.287999012084,298.72451313065886,25.574513130658886,30.0,101325.0,234.92344578542924,28.128496868003708,9.557015350593147,24435.74607078088,4.423627309542351
900.0,15.0,110.0,True,8250.0,250000.0,20000.0,20.0,34.85842228813112,-0.22805403241842684,63.68845129195835,63.813526311447426,1.1715696114477046,301.29307038135516,101324.57543965957,-0.42456034042697866,447.7203337184688,34.46840348871227,15183.542164362252,298.7250321766353,25.575032176635318,30.0,101325.0,234.6947566340543,28.143070381355187,9.574556524642297,24570.54303234971,4.457659454752858
905.0,15.083333333333334,110.83333333333333,True,8312.5,250000.0,20000.0,20.0,35.435513659860135,0.48445020306771924,63.546496709112375,64.48634970067518,1.1712227827043598,301.38925227664333,101326.91585305512,1.9158530551212607,447.3172093083087,34.57454510760738,15179.047263848503,298.72556047089364,25.575560470893663,30.0,101325.0,234.4140231044022,28.239252276643356,9.604040307668717,24798.22950236806,4.491943324568634
910.0,15.166666666666666,111.66666666666666,True,8375.0,250000.0,20000.0,20.0,35.98514956124325,0.475029725231169,63.751150911021725,64.6614692483464,1.1708660500608046,301.4808582602072,101326.84206726411,1.8420672641077545,446.92217074358194,34.75030475687159,15174.424008788026,298.7261042190669,25.576104219066906,30.0,101325.0,234.13567031441426,28.330858260207208,9.652862432464332,25178.34055415501,4.526649275996775
915.0,15.25,112.5,True,8437.5,250000.0,20000.0,20.0,36.517446953080366,0.4655251668162738,64.02103148678998,64.90257485910338,1.1705207597518028,301.56957449218004,101326.76909127297,1.7690912729740376,446.5344223271822,34.982081651251036,15169.949046383364,298.72666288860887,25.576662888608894,30.0,101325.0,233.86354778008038,28.41957449218006,9.717244903125287,25685.510264791716,4.561971394621044
920.0,15.333333333333334,113.33333333333333,True,8500.0,250000.0,20000.0,20.0,37.033054801836784,0.45562245177518623,64.34309088262256,65.19611030537325,1.1701864456396933,301.65550913363944,101326.6946270903,1.6946270902990364,446.1533777281548,35.2586703844687,15165.616335490426,298.72723600501126,25.577236005011287,30.0,101325.0,233.59724612322148,28.505509133639464,9.794075106796862,26299.59393556329,4.598072161426846
925.0,15.416666666666666,114.16666666666666,True,8562.5,250000.0,20000.0,20.0,37.53255230517641,0.445249867138176,64.70639494762963,65.53094824029138,1.169862711045968,301.7387587175294,101326.61834648316,1.6183464831556194,445.77858339515467,35.57068056772499,15161.420735155747,298.727823111034,25.577823111034036,30.0,101325.0,233.33644019636165,28.5887587175294,9.88074460214583,27003.979773672505,4.63508853205826
930.0,15.5,115.0,True,8625.0,250000.0,20000.0,0.0,38.01647590860205,0.4370752968433336,41.81382213413433,42.50998819098274,1.1695494139484046,301.81941265143365,101326.55946787845,1.5594678784545977,445.40994886929803,35.910245888559864,15157.360404771325,298.7284237644922,25.578423764492243,30.0,101325.0,233.08104632050595,28.669412651433674,9.97506830237774,27784.743190881447,4.6731362563392
935.0,15.583333333333334,115.83333333333333,True,8687.5,250000.0,20000.0,0.0,38.42698315612506,0.4281365902423307,42.22821977782188,42.90601199570524,1.1692836264052884,301.8878305260208,101326.4963342033,1.4963342033006484,445.2380055685009,36.266135891457054,15153.915798212538,298.7290367187782,25.57903671877824,30.0,101325.0,232.93812045313504,28.737830526020844,10.073926636515848,28619.042792229062,4.712305552160805
940.0,15.666666666666666,116.66666666666666,True,8750.0,250000.0,20000.0,0.0,38.827587134985606,0.42294463351600653,42.651428801101254,43.315330526196405,1.1690246616159683,301.9545978558309,101326.46026255527,1.460262555265217,445.0674266638653,36.62959321998033,15150.559614542948,298.72966081589067,25.57966081589069,30.0,101325.0,232.7973078094442,28.804597855830934,10.174887005550092,29488.150719293335,4.75265776987714
945.0,15.75,117.5,True,8812.5,250000.0,20000.0,0.0,39.21854015418387,0.4133648737136503,43.080394211793006,43.72533766372584,1.1687716976157358,302.01975669236396,101326.39486137812,1.394861378124915,444.89698613170793,36.99799420772578,15147.281201099937,298.7302957891542,25.580295789154206,30.0,101325.0,232.65780158462013,28.86975669236398,10.27722061325716,30386.857594618326,4.7942376367618005
950.0,15.833333333333334,118.33333333333333,True,8875.0,250000.0,20000.0,0.0,39.600326905399584,0.40894722966419483,43.51254211179377,44.14463198969714,1.1685251644756094,302.0833878175666,101326.3652068298,1.3652068297960795,444.7266945713293,37.369128358042644,15144.086131603899,298.7309413738787,25.580941373878716,30.0,101325.0,232.5196914784538,28.933387817566597,10.380313432789624,31310.510910002053,4.837083031556677
955.0,15.916666666666666,119.16666666666666,True,8937.5,250000.0,20000.0,0.0,39.97277188167334,0.4004103451803415,43.945735194841255,44.56020356175995,1.1682844469307652,302.14546198027887,101326.3088036288,1.308803628795431,444.5565821246595,37.74116012494394,15140.966432222716,298.73159731182193,25.58159731182195,30.0,101325.0,232.38286934573662,28.99546198027889,10.483655590262206,32254.995660424214,4.881225744452806
960.0,16.0,120.0,True,9000.0,250000.0,20000.0,20.0,40.337722061798786,0.39429910917648814,67.66614374580118,68.3388586443409,1.168048849408294,302.2062870102998,101326.26915744896,1.2691574489581399,444.3803092519767,38.11255073615298,15137.913088331488,298.73226334746045,25.58226334746047,30.0,101325.0,232.24388230090912,29.056287010299798,10.586819648931383,33216.60919736753,4.926692136715161
965.0,16.083333333333332,120.83333333333333,True,9062.5,250000.0,20000.0,20.0,40.7337512684079,0.38748878556972316,68.10049062503617,68.75156701969442,1.1677932906790027,302.27229187806796,101326.22569435871,1.2256943587126443,444.0255248770853,38.48557339799485,15134.601047199876,298.7329398565043,25.58293985650431,30.0,101325.0,232.00769108406672,29.122291878067983,10.690437054998569,34201.49852590901,4.973510267078548
970.0,16.166666666666668,121.66666666666666,True,9125.0,250000.0,20000.0,20.0,41.11683315660457,0.3812327599688774,68.53774365088253,69.1681525203086,1.1675462251398843,302.3361388594341,101326.18643605938,1.18643605937541,443.6768690527538,38.86109189576073,15131.3990778129,298.73362705601204,25.583627056012062,30.0,101325.0,231.77646856337094,29.186138859434095,10.794747748822425,35212.450325428064,5.021714398225309
975.0,16.25,122.5,True,9187.5,250000.0,20000.0,20.0,41.4873048883685,0.372166535583977,68.97519209645111,69.5819496059511,1.1673071866706786,302.3978841480614,101326.1306769813,1.1306769812945276,443.33385405365584,39.23677822248646,15128.301139251995,298.7343245919372,25.584324591937218,30.0,101325.0,231.5498615355288,29.247884148061416,10.899105061801793,36243.595070003954,5.071336651972137
980.0,16.333333333333332,123.33333333333333,True,9250.0,250000.0,20000.0,20.0,41.84572974190371,0.3678005140039673,69.4105944635183,69.99949693656829,1.1670763316479766,302.4576216236506,101326.10430382124,1.1043038212374086,442.99646311105465,39.61070735079448,15125.309258157778,298.7350321186215,25.58503211862154,30.0,101325.0,231.32788673390087,29.30762162365062,11.002974264109579,37289.7132833998,5.122401449439778
985.0,16.416666666666668,124.16666666666666,True,9312.5,250000.0,20000.0,20.0,42.19223962421802,0.36217350681670757,69.84211937323909,70.41197938986541,1.1668531449957624,302.515373270703,101326.07077264522,1.0707726452237694,442.6646921125146,39.9813064690813,15122.41675914508,298.7357493007131,25.585749300713132,30.0,101325.0,231.1104345450433,29.365373270703003,11.105918463633692,38346.18778729775,5.1749263807388735
990.0,16.5,125.0,False,9375.0,120000.0,20000.0,20.0,42.525583623141415,0.33884621901744916,70.26827312399149,70.79871656775154,1.1666373532801795,302.5709306038569,101325.93727967463,0.9372796746320091,442.3385457047255,40.34729276726661,15119.620098511126,298.73647581163283,25.58647581163285,30.0,101325.0,230.89744817861953,29.420930603856903,11.207581324240724,39408.91238555453,5.228922978081132
995.0,16.583333333333332,125.83333333333333,False,9437.5,116712.5372539618,20000.0,20.0,42.5898753378126,-0.08031780086889298,70.75690526952387,70.79607711755833,1.166584641815283,302.5816458896354,101324.94733919072,-0.052660809276858345,442.0177727754222,40.68661851007651,15118.936957926067,298.737207631062,25.58720763106203,30.0,101325.0,230.71958214942404,29.431645889635433,11.30183847502125,40411.59956917285,5.284353889160804
1000.0,16.666666666666668,126.66666666666666,False,9500.0,113515.13626881185,20000.0,20.0,42.65091672951962,0.04795620380771527,71.00934897602012,71.19629374872962,1.1665462420095212,302.5918194549199,101325.01877385701,0.018773857009364292,441.7029205965564,40.98373819870918,15118.439296443394,298.7379411047838,25.587941104783795,30.0,101325.0,230.54765001107515,29.441819454919937,11.38437172186366,41303.4145552022,5.341100426747176
1005.0,16.75,127.5,False,9562.5,110405.32975551879,20000.0,20.0,42.70376306902449,0.02548273496318358,71.31232535844596,71.47152286819775,1.1665121325226762,302.6006271781707,101325.0053009778,0.005300977805745788,441.39434079701243,41.243938195648866,15117.997237493884,298.7386760168576,25.58867601685762,30.0,101325.0,230.37984977886111,29.45062717817075,11.45664949879135,42095.10843307844,5.39901606771126
1010.0,16.833333333333332,128.33333333333331,False,9624.999999999998,107380.71801772437,20000.0,20.0,42.74919471113219,-0.04605698064913358,71.63118867096489,71.70570285933915,1.166482683378882,302.608199118522,101324.98268371048,-0.017316289522568695,441.0922357184671,41.47172511094074,15117.61557659031,298.7394121567694,25.589412156769413,30.0,101325.0,230.21635802309473,29.45819911852203,11.519923641927981,42796.43113696943,5.457968525746016
1015.0,16.916666666666668,129.16666666666666,False,9687.5,104438.96710000686,20000.0,20.0,42.788108542925215,0.0788214407474089,71.80956567292199,72.02857233353102,1.1664584665203002,302.6146847571542,101325.05071689405,0.05071689405303914,440.79673427119207,41.670974545046896,15117.30172610309,298.74014932505384,25.590149325053858,30.0,101325.0,230.057352680406,29.464684757154203,11.575270706957472,43416.24128960017,5.5178384371533555
1020.0,17.0,130.0,False,9750.0,101577.8069868737,20000.0,0.0,42.81970650831272,-0.03898358169959016,48.769663109457,48.80960690650161,1.1664374406295666,302.61995108471876,101324.98759412537,-0.012405874629621394,440.50816668352803,41.84502760830223,15117.029230559183,298.7408873332326,25.590887333232615,30.0,101325.0,229.9026014684839,29.469951084718787,11.623618780083953,43962.54507177941,5.578518149904314
1025.0,17.083333333333332,130.83333333333331,False,9812.499999999998,98795.02985109364,20000.0,0.0,42.82122906484631,-0.07040455721263933,48.980707907095855,48.9843160883764,1.1664361395271654,302.620204844141,101324.95953631285,-0.0404636871535331,440.3817749955666,41.994854607499576,15117.012368272062,298.7416256659742,25.59162566597422,30.0,101325.0,229.8363808766929,29.47020484414105,11.665237390972104,44436.46435116576,5.63990635089247
1030.0,17.166666666666668,131.66666666666666,False,9875.0,96088.48835001697,20000.0,0.0,42.81779712679838,-0.08079925393600593,49.14031480624716,49.132164240974895,1.166438196538999,302.6196328544664,101324.94670596378,-0.053294036217266694,440.25757173628864,42.12153235958627,15117.039027145425,298.7423638354548,25.59236383545482,30.0,101325.0,229.771964078748,29.469632854466397,11.70042565544063,44839.80724583707,5.701903761723721
1035.0,17.25,132.5,False,9937.5,93456.09396856859,20000.0,0.0,42.80975535756386,-0.06564147991889217,49.24647322321541,49.2564162244522,1.166443571285031,302.61829255959395,101324.96482609073,-0.03517390927299857,440.13571935473436,42.22786034148921,15117.108683854001,298.743101705115,25.593101705115032,30.0,101325.0,229.7094273518492,29.468292559593976,11.729961205969225,45180.23443199063,5.764417679555547
1040.0,17.333333333333332,133.33333333333331,False,9999.999999999998,90895.81540763598,20000.0,0.0,42.79710483679469,-0.06700015135137766,49.35096093703703,49.359845861933806,1.1664516813206227,302.61618413946576,101324.96335493648,-0.036645063519245014,440.01634547553834,42.316237056686326,15117.213789915271,298.7438391436485,25.593839143648495,30.0,101325.0,229.6487221082862,29.46618413946578,11.75451029352398,45464.49532195598,5.827365408551343
1045.0,17.416666666666668,134.16666666666666,False,10062.5,88405.67701660791,20000.0,0.0,42.78002221065208,-0.09356784849328321,49.4663435775682,49.44489026012768,1.1664622548576784,302.61333703510866,101324.9285310835,-0.07146891650336329,439.8995473186268,42.388761448745306,15117.350822955512,298.7445760321527,25.594576032152702,30.0,101325.0,229.58984518232222,29.46333703510868,11.774655957984807,45698.65644652197,5.890673152835008
1050.0,17.5,135.0,False,10125.0,85983.75726885471,20000.0,0.0,42.75902121808019,-0.10319368813211016,49.545629585870884,49.513653784372494,1.1664755688614912,302.60983686968,101324.91306989983,-0.08693010016577318,439.7853933167675,42.44722744832028,15117.523372444924,298.74531225496526,25.59531225496528,30.0,101325.0,229.53288644049124,29.459836869680032,11.7908965134223,45888.011201249334,5.954275005368182
1055.0,17.583333333333332,135.83333333333331,False,10187.499999999998,83628.18727897346,20000.0,0.0,42.734255838413105,-0.10966434979700138,49.6066922416234,49.56794811751845,1.1664913502309073,302.60570930640216,101324.90182637048,-0.09817362952162512,439.6739509525528,42.49319817734307,15117.727898992558,298.74604770438367,25.596047704383693,30.0,101325.0,229.47782700536135,29.455709306402184,11.803666160373075,46037.26411315438,6.018112002114297
1060.0,17.666666666666668,136.66666666666666,False,10250.0,81337.14936065403,20000.0,0.0,42.70609583029841,-0.09720027768795167,49.632724971918144,49.60934661232185,1.1665096848005299,302.6010159717164,101324.92287433484,-0.07712566516420338,439.56526773584335,42.528019491586925,15117.965515014868,298.74678227693073,25.596782276930753,30.0,101325.0,229.42470824398788,29.4510159717164,11.813338747663035,46150.533444751745,6.082131305973954
1065.0,17.75,137.5,False,10312.5,79108.87562405325,20000.0,0.0,42.67421209883071,-0.12579260976181908,49.69497268803412,49.63920019213342,1.1665295709380386,302.59570201647176,101324.87082628024,-0.129173719760729,439.4593974298923,42.55288629521597,15118.22323935698,298.74751587925334,25.597515879253365,30.0,101325.0,229.3733609634462,29.445702016471785,11.820246193115548,46231.5356235304,6.146285520604706
1070.0,17.833333333333332,138.33333333333331,False,10374.999999999998,76941.64661159455,20000.0,0.0,42.63950544373972,-0.12109834038844548,49.70805792257902,49.65873930061485,1.1665519797569375,302.5899175739566,101324.88028728127,-0.11971271873335354,439.35635051680407,42.56881833157725,15118.51365764991,298.74824841938477,25.598248419384788,30.0,101325.0,229.32398139365594,29.43991757395662,11.824671758771457,46283.483097244374,6.210532061383022
1075.0,17.916666666666668,139.16666666666666,False,10437.5,74833.78997114078,20000.0,0.0,42.60179384989408,-0.12253055513737657,49.71893250484247,49.66899355189639,1.1665761785743483,302.58363230831566,101324.8774388821,-0.12256111789611168,439.25615714166725,42.576725347328775,15118.827274323554,298.7489798139237,25.598979813923734,30.0,101325.0,229.27644100534405,29.43363230831568,11.82686815203577,46309.27889508936,6.2748325905443645
1080.0,18.0,140.0,False,10500.0,72783.679165516,20000.0,0.0,42.56137973436569,-0.11914629768327689,49.7157806147052,49.67089273570878,1.16660222468219,302.57689662239426,101324.88411558978,-0.11588441021740437,439.1588266455732,42.57740272117199,15119.164831881184,298.7497099840007,25.599709984000697,30.0,101325.0,229.23075578383563,29.42689662239428,11.827056311436664,46311.48920081591,6.339152568388743
1085.0,18.083333333333332,140.83333333333331,False,10562.499999999998,70789.73221738076,20000.0,0.0,42.518129732169655,-0.14040855775920638,49.73372980329769,49.665232401534674,1.1666294987759525,302.5696882886949,101324.83906479109,-0.16093520891445223,439.06437289549683,42.57155545410456,15119.518304136343,298.75043885653423,25.600438856534254,30.0,101325.0,229.18681116262306,29.419688288694942,11.8254320705846,46292.41158398409,6.403460832822631
1090.0,18.166666666666668,141.66666666666666,False,10625.0,68850.41048849192,20000.0,0.0,42.472680684640295,-0.14336531079337522,49.72348951034269,49.6527627513114,1.1666586272476966,302.56211344744,101324.83221540948,-0.1677845905214781,438.9727836952006,42.559804206350314,15119.895809130148,298.75116636265307,25.60116636265309,30.0,101325.0,229.14472375523934,29.41211344744005,11.82216783509731,46254.08715977879,6.467729234728022
1095.0,18.25,142.5,False,10687.5,66964.21749240565,20000.0,0.0,42.42493551496693,-0.15180704055984906,49.713391430775246,49.63409188736808,1.1666890775218892,302.55415591916113,101324.81187446887,-0.188125531130936,438.8840609213206,42.54269011654208,15120.290444683686,298.7518924365979,25.60189243659795,30.0,101325.0,229.1043898427291,29.404155919161155,11.81741392126169,46198.310705210555,6.531932288800932
1100.0,18.333333333333332,143.33333333333331,False,10749.999999999998,65129.69773970663,20000.0,0.0,42.375127958999315,-0.1592974646642255,49.69652696907671,49.60980709249552,1.1667208701183482,302.5458546598332,101324.79285157348,-0.20714842651796062,438.7981932071888,42.520716276776014,15120.702476733793,298.7526170206529,25.60261702065293,30.0,101325.0,229.06580747981207,29.39585465983322,11.811310076882226,46126.761631257876,6.596046922367924
1105.0,18.416666666666668,144.16666666666666,False,10812.5,63345.43561487318,20000.0,0.0,42.323508956146384,-0.15870051399295843,49.66510195187784,49.58042648560296,1.1667540656770945,302.53725149269104,101324.79440119884,-0.2055988011561567,438.71516488828155,42.494325020269194,15121.132691175146,298.753340060064,25.603340060064,30.0,101325.0,229.02898035941365,29.387251492691064,11.803979172296998,46040.926685753286,6.6600522614769595
1110.0,18.5,145.0,False,10875.0,61610.05428391104,20000.0,0.0,42.27001737217813,-0.1655611682799989,49.637673851847744,49.54638936198619,1.1667882398475422,302.52833622869633,101324.77624081272,-0.22375918728357647,438.6349649457846,42.46390876245046,15121.575588424148,298.75406150332174,25.60406150332176,30.0,101325.0,228.99381941617727,29.378336228696355,11.795530211791792,45942.132982883304,6.723929386246846
1115.0,18.583333333333332,145.83333333333331,False,10937.499999999998,59922.21463191314,20000.0,0.0,42.214978102458076,-0.16617172374740474,49.59869690975954,49.50812039249175,1.1668236010305029,302.5191630170763,101324.7745874141,-0.22541258590354118,438.55756946539975,42.429824310005124,15122.033869355317,298.7547813034946,25.604781303494633,30.0,101325.0,228.9603530829382,29.369163017076346,11.786062308334756,45831.59281455186,6.787661140272843
1120.0,18.666666666666668,146.66666666666666,False,11000.0,58280.614229725485,20000.0,0.0,42.15842826528569,-0.16747558248685085,49.556635429708145,49.465989300466475,1.1668599136109963,302.50973804421426,101324.77103615731,-0.22896384268824477,438.48295930803846,42.39239751358643,15122.504480398513,298.7554994178824,25.605499417882413,30.0,101325.0,228.9285251513613,29.359738044214282,11.775665975996231,45710.417408109686,6.851231980705247
1125.0,18.75,147.5,False,11062.5,56683.98632892176,20000.0,0.0,42.1004205270259,-0.17455955785232743,49.517751745263176,49.42032718497976,1.1668969788758108,302.5000700878376,101324.75125682255,-0.24874317744979635,438.41111268263325,42.35191973210123,15122.984846230509,298.7562158066215,25.60621580662155,30.0,101325.0,228.8982853050736,29.35007008783765,11.764422147805899,45579.60455483165,6.914627829290622
1130.0,18.833333333333332,148.33333333333331,False,11124.999999999998,55131.0988843112,20000.0,0.0,42.04119059332004,-0.17923361544949415,49.4728211149476,49.3714505758262,1.1669349046595068,302.49019843222,101324.73775764157,-0.2622423584252829,438.34200121281657,42.30865867383752,15123.476364387207,298.7569304336956,25.606930433695595,30.0,101325.0,228.86963994242123,29.340198432220006,11.75240518717709,45440.07309012507,6.977835938766286
1135.0,18.916666666666668,149.16666666666666,False,11187.5,53620.75360322519,20000.0,0.0,41.980960447845746,-0.17449548954721283,49.41397338578496,49.319647090954035,1.1669737891043657,302.48016007464093,101324.75143938063,-0.24856061936588958,438.27559523456137,42.262857616370376,15123.980306792579,298.75764326610255,25.60764326610257,30.0,101325.0,228.8425928795693,29.330160074640958,11.739682671213993,45292.65991661183,7.040844781132075
1140.0,19.0,150.0,False,11250.0,52151.785020849384,20000.0,0.0,41.91947800810692,-0.18447401734240332,49.369566883401504,49.265152410742076,1.1670129870515598,302.46991300135113,101324.72219866878,-0.27780133121996187,438.21187545146546,42.21474221568838,15124.488312188214,298.75835427440666,25.60835427440668,30.0,101325.0,228.81700759973234,29.319913001351154,11.726317282135662,45138.14165982695,7.103643948893491
1145.0,19.083333333333332,150.83333333333331,False,11312.499999999998,50723.05960088743,20000.0,0.0,41.85728749581335,-0.17995898090294143,49.305825741310144,49.20823002972313,1.1670531345119832,302.45954791596887,101324.73563073626,-0.26436926373571623,438.1508014405332,42.16451554307347,15125.008623275302,298.75906343137774,25.609063431377763,30.0,101325.0,228.79298779511444,29.309547915968892,11.71236542863152,44977.218565482515,7.166224060161067
1150.0,19.166666666666668,151.66666666666666,False,11375.0,49333.474860862494,20000.0,0.0,41.7940560144948,-0.18913728477934535,49.255794803566715,49.14907252877793,1.167093480958169,302.4490093357491,101324.70797622454,-0.29202377545880154,438.09235351840545,42.11237002920037,15125.531513217871,298.7597707134897,25.609770713489695,30.0,101325.0,228.77037613558426,29.299009335749133,11.69788056366677,44810.552771030176,7.228576679144756
1155.0,19.25,152.5,False,11437.5,47981.95852138168,20000.0,0.0,41.73019640428117,-0.19130955035994077,49.19557304966661,49.08790028417466,1.1671344750517236,302.4383660673802,101324.70122984442,-0.29877015558304265,438.03649257437957,42.05847855021097,15126.062796670338,298.76047609903503,25.610476099035054,30.0,101325.0,228.7492402577329,29.288366067380196,11.682910708391937,44638.73974502588,7.290694243392017
1160.0,19.333333333333332,153.33333333333331,False,11499.999999999998,46667.46767870675,20000.0,0.0,41.66574936409813,-0.18976403591274324,49.1291786842391,49.02489717047411,1.1671759829752026,302.42762489401633,101324.70603763816,-0.2939623618440237,437.98318795005076,42.0030037334273,15126.600739358626,298.7611795692803,25.611179569280296,30.0,101325.0,228.72953802051725,29.277624894016355,11.667501037063138,44462.33813648915,7.352569991920847
1165.0,19.416666666666668,154.16666666666666,False,11562.5,45388.98799999267,20000.0,0.0,41.60071198100411,-0.18995280987704372,49.063136217709754,48.96023135755509,1.1672178114738685,302.41678533016733,101324.70545248996,-0.29454751004232094,437.93240938005533,41.94609684351206,15127.142836701336,298.76188110794345,25.611881107943475,30.0,101325.0,228.71121585602242,29.26678533016735,11.651693567642239,44281.86626314961,7.414197911642819
1170.0,19.5,155.0,False,11625.0,44145.53294057308,20000.0,0.0,41.53516189047991,-0.19202126899270486,48.99777815427654,48.89406390009695,1.167259905244832,302.40586031507996,101324.69900271228,-0.3009972877189284,437.8841240601917,41.887898042588425,15127.688371973023,298.7625807009324,25.612580700932426,30.0,101325.0,228.69424591637394,29.255860315079985,11.63552723405234,44097.80307333922,7.475572682015381
1175.0,19.583333333333332,155.83333333333331,False,11687.499999999998,42936.142982688616,20000.0,0.0,41.469203174410495,-0.19419505094428394,48.93119022356811,48.82654659424536,1.1673022603021022,302.39486719573506,101324.69214924236,-0.30785075764288194,437.83829809422286,41.828537693064064,15128.237293515243,298.76327833628176,25.61327833628178,30.0,101325.0,228.6786098407146,29.244867195735083,11.61903824807335,43910.592447287716,7.53668962334915
1180.0,19.666666666666668,156.66666666666666,False,11750.0,41759.88489507063,20000.0,0.0,41.40291720939638,-0.19590286978205668,48.86284902456986,48.757820098609564,1.1673448452965585,302.3838195348994,101324.68671073968,-0.3132892603171058,437.7948977851682,41.768137577395024,15128.789195043399,298.7639740041024,25.61397400410243,30.0,101325.0,228.6642840117583,29.233819534899396,11.602260438165285,43720.64722660095,7.597544650900462
1185.0,19.75,157.5,False,11812.5,40615.851012809064,20000.0,0.0,41.33635529311027,-0.1981746956839204,48.79408665242751,48.688014426417226,1.1673875894230243,302.372725882185,101324.67940236727,-0.32059763272991404,437.75388988653043,41.70681174577249,15129.343158922396,298.7646676964907,25.6146676964907,30.0,101325.0,228.65123732086943,29.222725882185046,11.585225484936803,43528.35206085606,7.658134233738973
1190.0,19.833333333333332,158.33333333333331,False,11874.999999999998,39503.15853694867,20000.0,0.0,41.26956591037333,-0.20194238386649055,48.72611245149231,48.61725124862645,1.1674304254782288,302.36159431839553,101324.667096111,-0.33290388899331447,437.71524100700316,41.64466694339474,15129.898314197846,298.7653594073879,25.615359407387928,30.0,101325.0,228.63943929303306,29.211594318395555,11.567963039831872,43334.06493525124,7.718455356652936
1195.0,19.916666666666668,159.16666666666666,False,11937.5,38420.94885327318,20000.0,0.0,41.202623705208225,-0.20634836899147807,48.65804403457314,48.54564616832411,1.1674733356279876,302.35043728420135,101324.65241102542,-0.34758897457504645,437.67891697649833,41.58180293018106,15130.45442973872,298.7660491324394,25.6160491324394,30.0,101325.0,228.62886871729884,29.20043728420137,11.550500813939182,43138.1183735873,7.778505483950741
1200.0,20.0,160.0,False,12000.0,37368.386869751725,20000.0,0.0,41.13563407915342,-0.20866085441816187,48.58680906627796,48.47330953284804,1.1675163584031714,302.33927234652555,101324.64457671701,-0.35542328299197834,437.6448826548155,41.518312941795244,15131.0120049051,298.7667368688909,25.61673686889094,30.0,101325.0,228.61951491221524,29.18927234652557,11.532864706054236,42940.82109057588,7.838282525245299
1205.0,20.083333333333332,161.16666666666666,False,12087.5,36344.66037213629,20000.0,0.0,41.06871491261745,-0.20672997441989638,48.51000781649851,48.40034554337723,1.1675595047258471,302.3281191521029,101324.65112422593,-0.34887577407062054,437.6133633280193,41.45428592501762,15131.57118124698,298.7674226158044,25.6174226158044,30.0,101325.0,228.61149783404986,29.17811915210291,11.515079423616006,42742.46513084741,7.89778480734351
1210.0,20.166666666666668,162.33333333333334,False,12175.0,35348.97939721288,20000.0,0.0,41.001852340944765,-0.20563548482719043,48.43365933292893,48.326850727803226,1.1676025848085692,302.31697539015744,101324.65480855004,-0.34519144996011164,437.5845812114859,41.389811359253294,15132.129499119057,298.768106374802,25.61810637480204,30.0,101325.0,228.6048965555213,29.16697539015746,11.497169822014802,42543.34087431778,7.9570110615137635
1215.0,20.25,163.5,False,12262.5,34380.57562322281,20000.0,0.0,40.934986012429476,-0.21153215541075843,48.36502875260187,48.25291550180613,1.1676453966209455,302.30583100207156,101324.63472773247,-0.3652722675324185,437.55849711011615,41.32497386744766,15132.684340207452,298.76878814909793,25.618788149097952,30.0,101325.0,228.59965120706786,29.15583100207158,11.47915940762435,42343.72039150195,8.015960409615028
1220.0,20.333333333333332,164.66666666666666,False,12350.0,33438.7017769837,20000.0,0.0,40.868373752770935,-0.21225713082176903,48.29004204170388,48.17864129840868,1.1676882505351434,302.29472895879513,101324.63221967686,-0.36778032314032316,437.53506435939806,41.25984934448792,15133.239726935457,298.76946794269884,25.61946794269886,30.0,101325.0,228.59579833354871,29.144728958795156,11.461069262357755,42143.84577394952,8.074632330563258
1225.0,20.416666666666668,165.83333333333334,False,12437.5,32522.631057252736,20000.0,0.0,40.80204305202835,-0.20869916158512059,48.20981873978262,48.104110917910255,1.1677310961296081,302.2836738420047,101324.6444462037,-0.35555379629659,437.51424208391484,41.19451051474878,15133.795005839722,298.7701457611654,25.620145761165418,30.0,101325.0,228.59330685903433,29.133673842004725,11.442919587430216,41943.94650535074,8.133026630757216
1230.0,20.5,167.0,False,12525.0,31631.656573887212,20000.0,0.0,40.73578327409405,-0.21493799285533546,48.140834809633716,48.02938867525091,1.1677735096209536,302.2726305456823,101324.62287068757,-0.3771293124300428,437.4959953778079,41.12902740090475,15134.34468468756,298.7708216115503,25.620821611550298,30.0,101325.0,228.59207573979188,29.12263054568234,11.424729833584651,41744.24102607151,8.191143427654037
1235.0,20.583333333333332,168.16666666666666,False,12612.5,30765.090802369472,20000.0,0.0,40.66994304708976,-0.2135088544204831,48.0628244336904,47.9545643244316,1.167815962327133,302.26165717451494,101324.62786913538,-0.3721308646199759,437.48027631388896,41.06346022953092,15134.894871759643,298.77149550109965,25.621495501099673,30.0,101325.0,228.59217234747453,29.11165717451496,11.406516730425254,41544.915323268935,8.2489831195633
1240.0,20.666666666666668,169.33333333333334,False,12700.0,29922.265053275547,20000.0,0.0,40.604394023746295,-0.21353993158691167,47.986487061335474,47.87969708182288,1.1678581717265177,302.250732337291,101324.62776079688,-0.37223920311953407,437.467048694335,40.99786963946087,15135.44190557567,298.77216743881365,25.622167438813676,30.0,101325.0,228.59352261046877,29.10073233729105,11.388297122072466,41346.15429001148,8.306546362350302
1245.0,20.75,170.5,False,12787.5,29102.52895627784,20000.0,0.0,40.53912372488969,-0.2175216340772798,47.91478719271708,47.8048480357649,1.167900044424134,302.23985395414826,101324.61374970374,-0.3862502962583676,437.45627392389616,40.9323111716606,15135.984575736778,298.7728374344301,25.622837434430096,30.0,101325.0,228.5960882255733,29.089853954148282,11.370086436572388,41148.12509230773,8.363834056365802
1250.0,20.833333333333332,171.66666666666666,False,12875.0,28305.249958284003,20000.0,0.0,40.47438639442703,-0.2131404086113367,47.8334445530397,47.730088745540414,1.1679419159111895,302.22906439907115,101324.62915237728,-0.3708476227184292,437.44790745628313,40.86683429655231,15136.527230209016,298.77350549815924,25.62350549815926,30.0,101325.0,228.59991172199685,29.07906439907117,11.351898415708975,40950.9745007608,8.420847319972099
1255.0,20.916666666666668,172.83333333333334,False,12962.5,27529.812835324352,20000.0,0.0,40.40986695833669,-0.2193339902742389,47.76457022659077,47.65545634458823,1.167983220439002,302.21831115972276,101324.60728653641,-0.39271346358873416,437.44191868747964,40.80149056137664,15137.062536889465,298.7741716419306,25.624171641930616,30.0,101325.0,228.60486650978748,29.068311159722782,11.333747378160178,40754.853609731035,8.477587478382164
1260.0,21.0,174.0,False,13050.0,26775.619217811578,20000.0,0.0,40.345989999961375,-0.2142655797602115,47.682785495888034,47.5810241691285,1.168024572911152,302.20766499999354,101324.6252266231,-0.37477337689779233,437.43825985455254,40.73632119788274,15137.598464928531,298.7748358772631,25.624835877263138,30.0,101325.0,228.61104811550697,29.057664999993563,11.31564477718965,40559.88073744198,8.534056043901034
1265.0,21.083333333333332,175.16666666666666,False,13137.5,26042.087128806084,20000.0,0.0,40.28237140605938,-0.22035477112896848,47.61424950450382,47.506819070385006,1.1680653059945083,302.1970619010099,101324.60362265176,-0.39637734823918436,437.43690283893295,40.67137241948727,15138.126365688828,298.77549821769855,25.625498217698578,30.0,101325.0,228.61831135953878,29.047061901009897,11.297603449857574,40366.187483785485,8.590254702387998
1270.0,21.166666666666668,176.33333333333334,False,13225.0,25328.650534930825,20000.0,0.0,40.21943779810431,-0.21558169416473555,47.533363623129375,47.43290800561843,1.1681060455090138,302.1865729663507,101324.6206084338,-0.3793915661954088,437.4378007081218,40.60667966575678,15138.65434979682,298.77615867613144,25.626158676131467,30.0,101325.0,228.62675432779898,29.036572966350718,11.279633240487994,40173.8717497818,8.646185299077974
1275.0,21.25,177.5,False,13312.5,24634.758909589113,20000.0,0.0,40.15681942632773,-0.22128465505471664,47.46502161428799,47.359312811291844,1.1681461544469625,302.1761365710546,101324.60027021581,-0.39972978418518323,437.4409258899941,40.542283712531884,15139.174161632634,298.7768172673849,25.626817267384922,30.0,101325.0,228.63623805374914,29.02613657105462,11.261745475703302,39983.0459312345,8.701849825245347
1280.0,21.333333333333332,178.66666666666666,False,13400.0,23959.876808148223,20000.0,0.0,40.094924593013616,-0.21637973234045346,47.38470897241156,47.28609376839093,1.1681862364712026,302.16582076550225,101324.61779437904,-0.38220562096103095,437.44623279319234,40.47821510997283,15139.693624666786,298.7774740055827,25.627474005582712,30.0,101325.0,228.64685697849825,29.01582076550227,11.24394864165912,39793.790792222564,8.757250406303303
1285.0,21.416666666666668,179.83333333333334,False,13487.5,23303.483454761124,20000.0,0.0,40.0333788921597,-0.22219993186523898,47.317307859562625,47.21326734117059,1.1682256539619447,302.15556314869326,101324.59695665534,-0.4030433446605457,437.45369487464114,40.41450997163993,15140.204475346802,298.7781289066799,25.628128906679933,30.0,101325.0,228.65847254284577,29.005563148693284,11.226252769899979,39606.20238381046,8.812389290453327
1290.0,21.5,181.0,False,13575.0,22665.07234050742,20000.0,0.0,39.97260220050157,-0.21696203103111764,47.23748416214955,47.14088938627301,1.168265035322894,302.1454337000836,101324.61573450686,-0.3842654931358993,437.4632671896875,40.35119425896697,15140.714857784707,298.7787819858178,25.628781985817795,30.0,101325.0,228.67118436171486,28.995433700083595,11.208665071935268,39420.345748400796,8.86726883776736
1295.0,21.583333333333332,182.16666666666666,False,13662.5,22044.150832543433,20000.0,0.0,39.91220014160183,-0.2228567427422051,47.17111408634574,47.068970744465396,1.168303717341383,302.13536669026695,101324.59457038542,-0.40542961457686033,437.4749246085359,40.28830007626489,15141.216176744323,298.7794332599457,25.6294332599457,30.0,101325.0,228.68484959201962,28.98536669026697,11.191194465629136,39236.30301646007,8.921891510520737
1300.0,21.666666666666668,183.33333333333334,False,13750.0,21440.239793959816,20000.0,0.0,39.85259382937363,-0.2179636053356653,47.09269908783501,46.99756287148722,1.1683423361392544,302.1254323048956,101324.61217850407,-0.3878214959258912,437.4886230851487,40.22584940882052,15141.716676364738,298.78008274509097,25.630082745090988,30.0,101325.0,228.6995698247636,28.975432304895605,11.1738470580057,39054.12578226651,8.976259863853185
1305.0,21.75,184.5,False,13837.5,20852.873214053416,20000.0,0.0,39.79341444970203,-0.22289232065755288,47.026269751611615,46.92667384877368,1.168380274721855,302.1155690749503,101324.59444092565,-0.4055590743519133,437.5043378317805,40.16387032890046,15142.20836039524,298.7807304589745,25.63073045897454,30.0,101325.0,228.71521142700792,28.965569074950338,11.156630646916794,38873.88263842491,9.030376536367553
1310.0,21.833333333333332,185.66666666666666,False,13925.0,20281.59784872793,20000.0,0.0,39.73500884779071,-0.21965612698127898,46.95090468901904,46.856347280759024,1.1684180563633395,302.1058348079651,101324.60613212963,-0.393867870370741,437.52202749810874,40.102382041747774,15142.69801046888,298.7813764185002,25.631376418500224,30.0,101325.0,228.73185530677924,28.955834807965118,11.13955056715216,38695.61563407781,9.084244243501237
1315.0,21.916666666666668,186.83333333333334,False,14012.5,19725.97287074608,20000.0,0.0,39.67713179171335,-0.22204515019355814,46.88268838551975,46.78659399888672,1.1684552655615503,302.0961886319522,101324.5975179696,-0.4024820304039167,437.54166530447714,40.04140798355807,15143.180241677694,298.7820206418652,25.63202064186521,30.0,101325.0,228.74940621675364,28.946188631952225,11.12261332876613,38519.378487965994,9.1378657671971
1320.0,22.0,188.0,False,14100.0,19185.56952956327,20000.0,0.0,39.61994921665166,-0.2217099396450688,46.81191956986353,46.71744466494699,1.1684921427625639,302.08665820277525,101324.59873226663,-0.4012677333666943,437.563215139937,39.980966029003,15143.658170202827,298.78266314690296,25.632663146902985,30.0,101325.0,228.76789243416664,28.936658202775277,11.105823896945276,38345.20824441886,9.191243952427923
1325.0,22.083333333333332,189.16666666666666,False,14187.5,18659.97082048023,20000.0,0.0,39.56343750971348,-0.22042458111248056,46.740685128863014,46.64891827437676,1.168528629267021,302.0772395849522,101324.60337146156,-0.39662853843765333,437.58664587794124,39.92107433742387,15144.13103530059,298.7833039520066,25.6333039520066,30.0,101325.0,228.7872862770918,28.927239584952247,11.089187315951074,38173.14230352698,9.244381695863996
1330.0,22.166666666666668,190.33333333333334,False,14275.0,18148.77116285949,20000.0,0.0,39.50750755720412,-0.22341608019545517,46.675091877532765,46.581029127796484,1.168564564450202,302.06791792620066,101324.59253269478,-0.40746730522369035,437.6119284279232,39.86175051415528,15144.596755274619,298.7839430759478,25.633943075947798,30.0,101325.0,228.8075411645352,28.917917926200687,11.072708476154245,38003.21602562058,9.29728194470368
1335.0,22.25,191.5,False,14362.5,17651.576087157217,20000.0,0.0,39.45238978097666,-0.21874922042166203,46.60125747768597,46.513806340499585,1.1686002974463578,302.05873163016275,101324.6093777842,-0.39062221579661127,437.6390265075412,39.80300744586684,15145.059854904799,298.7845805371583,25.634580537158342,30.0,101325.0,228.82870656163186,28.908731630162777,11.056390957185233,37835.45089417246,9.349947685620203
1340.0,22.333333333333332,192.66666666666666,False,14450.0,17168.001930528986,20000.0,0.0,39.39776109882098,-0.2241034881279539,46.53978811732627,46.447249304229324,1.1686352996981137,302.0496268498035,101324.5900214417,-0.4099785582948243,437.6679175600585,39.744862504348234,15145.513484087554,298.7852163552056,25.635216355205614,30.0,101325.0,228.85066724753796,28.899626849803496,11.040239584541176,37669.88089779755,9.402381943809072
1345.0,22.416666666666668,193.83333333333334,False,14537.5,16697.675540774602,20000.0,0.0,39.34401142205081,-0.2189006775113774,46.466732918643245,46.38139265457785,1.168670177479831,302.0406685703418,101324.6088366807,-0.3911633193056332,437.69856237167534,39.68732457483994,15145.965500138609,298.78585054862737,25.63585054862739,30.0,101325.0,228.87352150655485,28.890668570341802,11.024256826344429,37506.515580486324,9.454587774696769
1350.0,22.5,195.0,False,14625.0,16240.233988393524,20000.0,0.0,39.29076628656492,-0.22348167351871032,46.405794836815346,46.316230567737975,1.1687043241109643,302.03179438109413,101324.59229340083,-0.40770659917325247,437.7309405469771,39.6304091738266,15146.408040478098,298.7864831373857,25.63648313738571,30.0,101325.0,228.89713992883784,28.881794381094153,11.00844699272961,37345.38314081074,9.50656825991989
1355.0,22.583333333333332,196.16666666666666,False,14712.5,15795.324286528632,20000.0,0.0,39.23835331916757,-0.22053144695853155,46.33682088708968,46.25179207386165,1.168738250205851,302.0230588865279,101324.60298678288,-0.39701321712345816,437.7650152406513,39.574123689128236,15146.847722667828,298.78711414040896,25.637114140408983,30.0,101325.0,228.92160330885017,28.87305888652793,10.992812135868954,37186.488565331536,9.558326504160267
1360.0,22.666666666666668,197.33333333333334,False,14800.0,15362.603118582343,20000.0,0.0,39.18655720460242,-0.22177768388030808,46.273480467242244,46.18807717240077,1.1687716051493986,302.01442620076705,101324.5984870117,-0.4015129883046029,437.8007631319712,39.518479888546544,15147.280002736206,298.7877435776221,25.637743577622132,30.0,101325.0,228.94683083740344,28.86442620076707,10.977355524596263,37029.8491278717,9.609865627558325
1365.0,22.75,198.5,False,14887.5,14941.736573294755,20000.0,0.0,39.135473857426064,-0.22225085479325926,46.20999615029042,46.125100880116314,1.1688045343700202,302.005912309571,101324.59677189832,-0.4032281016843626,437.83815382909086,39.463485573297774,15147.706765435461,298.78837146854397,25.638371468543994,30.0,101325.0,228.97283515814468,28.85591230957101,10.962079325916047,36875.47082698596,9.661188766415865
1370.0,22.833333333333332,199.66666666666666,False,14975.0,14532.399887079568,20000.0,0.0,39.085148646273296,-0.21965300038630708,46.14370061894446,46.06287440350792,1.1688371042945551,301.99752477437886,101324.60614334221,-0.3938566577853635,437.8771585825634,39.40914797644869,15148.128871657435,298.78899783282384,25.63899783282386,30.0,101325.0,228.99961430143242,28.847524774378883,10.946985549013524,36723.3580503289,9.712299064247333
1375.0,22.916666666666668,200.83333333333334,False,15062.5,14134.277193418704,20000.0,0.0,39.03541048836303,-0.22325823266576894,46.08540279297196,46.00139720047748,1.1688690388442724,301.9892350813938,101324.59310825753,-0.40689174247381743,437.91775433189827,39.35547582470119,15148.54274342177,298.78962269055285,25.63962269055287,30.0,101325.0,229.0271021639773,28.839235081393838,10.932076617972553,36573.519351223775,9.763199673553967
1380.0,23.0,202.0,False,15150.0,13747.061279122529,20000.0,0.0,38.986541754177324,-0.21799041893474294,46.017551747144005,45.94069065607666,1.168900783529224,301.98109029236286,101324.61208307961,-0.3879169203864876,437.95990740543357,39.30247229142018,15148.954154538744,298.79024606108476,25.64024606108478,30.0,101325.0,229.05536847012783,28.831090292362887,10.917353414283385,36425.94780526385,9.813893747968194
1385.0,23.083333333333332,203.16666666666666,False,15237.5,13370.453347267361,20000.0,0.0,38.93818049947913,-0.22333499515524372,45.96284677891406,45.88074275580851,1.1689317614843933,301.9730300832465,101324.59282840767,-0.4071715923346346,438.00360025116663,39.25014638796867,15149.355628837737,298.790867964885,25.640867964885047,30.0,101325.0,229.08429104291378,28.823030083246522,10.902818441102408,36280.65281218096,9.86438444284142
1390.0,23.166666666666668,204.33333333333334,False,15325.0,13004.162786627503,20000.0,0.0,38.89072690526962,-0.21779780860794848,45.89626075097531,45.821579187545474,1.1689626076530568,301.96512115087825,101324.61276828217,-0.38723171783203725,438.0487971162748,39.19849864106614,15149.755395183616,298.7914884211562,25.641488421156225,30.0,101325.0,229.11397564891584,28.81512115087827,10.888471844740595,36137.62027229992,9.914674910261196
1395.0,23.25,205.5,False,15412.5,12647.90694742372,20000.0,0.0,38.8437851386268,-0.22265817232498794,45.84258040263177,45.763184613457675,1.1689926935227408,301.95729752310444,101324.59529255753,-0.40470744247431867,438.09548213330265,39.14753690679712,15150.14530805472,298.7921074504182,25.642107450418223,30.0,101325.0,229.1442908428675,28.807297523104467,10.874315807443644,35996.85652345144,9.964768296924913
1400.0,23.333333333333332,206.66666666666666,False,15500.0,12301.410923215279,20000.0,0.0,38.79771903245637,-0.21830528124039128,45.77897047071846,45.70558137717965,1.1690225983247955,301.9496198387427,101324.6109616668,-0.38903833320364356,438.14362120120904,39.09726077380844,15150.53287428935,298.79272507192417,25.64272507192419,30.0,101325.0,229.17533235293035,28.79961983874273,10.86035021494679,35858.345166565116,10.014667742542978
1405.0,23.416666666666668,207.83333333333334,False,15587.5,11964.407338767134,20000.0,0.0,38.75221479408674,-0.2215750360239117,45.72504127348553,45.64875684468013,1.1690518258244371,301.94203579901443,101324.59922043601,-0.4007795639918186,438.1931972727246,39.04767593386014,15150.911662684704,298.7933413060078,25.643341306007812,30.0,101325.0,229.2069940158681,28.792035799014457,10.846576648294484,35722.08680096838,10.064376375853765
1410.0,23.5,209.0,False,15675.0,11636.636143728607,20000.0,0.0,38.70752490191501,-0.2187917457239799,45.66486831013499,45.5927263847525,1.1690807801847052,301.9345874836525,101324.6092258939,-0.39077410609752405,438.24417973261575,38.99878191270002,15151.28691119378,298.79395617204625,25.643956172046273,30.0,101325.0,229.23933907895113,28.7845874836525,10.832994975750006,35588.06522474735,10.11389731476051
1415.0,23.583333333333332,210.16666666666666,False,15762.5,11317.844411964363,20000.0,0.0,38.663453321962834,-0.22042421346163646,45.61064530383177,45.53748200660968,1.1691091539596568,301.9272422203271,101324.60337278465,-0.39662721534841694,438.2965494301081,38.9505820328057,15151.654635317152,298.79456969008544,25.64456969008546,30.0,101325.0,229.27229726762496,28.77724222032714,10.819606120223805,35456.27485491503,10.163233662038055
1420.0,23.666666666666668,211.33333333333334,False,15850.0,11007.786146382785,20000.0,0.0,38.62013724295298,-0.21895628404413622,45.553620001943045,45.48303205784357,1.1691371698104691,301.9200228738255,101324.6086379239,-0.391362076101359,438.35027933709324,38.903075902733384,15152.017720743681,298.7951818795871,25.645181879587142,30.0,101325.0,229.30589812632329,28.770022873825496,10.806409972981495,35326.70013868446,10.21238850578361
1425.0,23.75,212.5,False,15937.5,10706.222089111214,20000.0,0.0,38.57748053529974,-0.21944454834025823,45.4996817702948,45.4293724142717,1.169164680512933,301.91291342254993,101324.60689053228,-0.393109467724571,438.40534859172897,38.856264794400936,15152.374259447612,298.79579276030216,25.645792760302186,30.0,101325.0,229.34010188797146,28.762913422549957,10.793406887333594,35199.33029100059,10.261364915804224
1430.0,23.833333333333332,213.66666666666666,False,16025.0,10412.919536871506,20000.0,0.0,38.53553917052784,-0.21871236152541906,45.44513108929093,45.37650625232972,1.1691917811752723,301.90592319508795,101324.60950941156,-0.39049058844102547,438.4617329100162,38.81014815783021,15152.725484031529,298.79640235168023,25.64640235168025,30.0,101325.0,229.3749145194312,28.755923195087973,10.780596710508393,35074.14979001002,10.310165943638259
1435.0,23.916666666666668,214.83333333333334,False,16112.5,10127.652161413524,20000.0,0.0,38.49427295603607,-0.21876813748222684,45.3923062993821,45.324431220952256,1.1692184147779057,301.89904549267266,101324.60931022059,-0.390689779407694,438.5194107702231,38.76472577586086,15153.070655521658,298.7970106732153,25.647010673215334,30.0,101325.0,229.41031359075427,28.74904549267268,10.767979382183572,34951.144263165996,10.358794620064074
1440.0,24.0,216.0,False,16200.0,9850.199834867855,20000.0,0.0,38.45370756600653,-0.21803701946848134,45.33937233651058,45.27314799886724,1.1692446295877685,301.8922845943344,101324.61191720932,-0.38808279068325646,438.578359353817,38.71999652872371,15153.41039945748,298.7976177442267,25.64761774422675,30.0,101325.0,229.44629664594513,28.74228459433442,10.755554591312142,34830.29714111356,10.407253954372603
1445.0,24.083333333333332,217.16666666666666,False,16287.5,9580.348459883193,20000.0,0.0,38.41380381466297,-0.21845009353704295,45.288576525954724,45.22265336718377,1.1692703713901316,301.8856339691105,101324.61044536027,-0.3895546397252474,438.6385578246982,38.6759593620927,15153.744013216106,298.79822358401077,25.648223584010793,30.0,101325.0,229.48284215547508,28.735633969110495,10.74332204502575,34711.592290441295,10.455546933144515
1450.0,24.166666666666668,218.33333333333334,False,16375.0,9317.889804417107,20000.0,0.0,38.37461502656288,-0.2168962007597619,45.236293711168095,45.17294850660104,1.1692957334843477,301.8791025044271,101324.61596765793,-0.384032342073624,438.69998335153866,38.63261210403256,15154.072705957147,298.79882821163187,25.648828211631894,30.0,101325.0,229.51995649301256,28.729102504427146,10.731281140009045,34595.01083116199,10.503676518645628
1455.0,24.25,219.5,False,16462.5,9062.62134105285,20000.0,0.0,38.33604363253721,-0.2184652968132087,45.188449216458764,45.12402647373354,1.1693205700066678,301.8726739387562,101324.61039113541,-0.3896088645851705,438.7626172680201,38.589953543258225,15154.394587286413,298.79943164625786,25.64943164625788,30.0,101325.0,229.5576012673865,28.722673938756202,10.719431539793952,34480.53673846129,10.55164564890231
1460.0,24.333333333333332,220.66666666666666,False,16550.0,8814.346090718169,20000.0,0.0,38.29822982470978,-0.21527539382587121,45.13586093559605,45.075891985831355,1.169345113176975,301.8663716374516,101324.62168575358,-0.3783142464235425,438.8264351920834,38.54797995723041,15154.712666773596,298.80003390657583,25.650033906575857,30.0,101325.0,229.59580931326448,28.71637163745163,10.70777221034178,34368.14752504801,10.599457235196414
1465.0,24.416666666666668,221.83333333333334,False,16637.5,8572.872470685475,20000.0,0.0,38.26096226464233,-0.21862497919000062,45.09168394560871,45.02853172935182,1.1693690374153882,301.86016037744037,101324.6098213753,-0.39017862470063847,438.8914220389148,38.50669060716424,15155.022724903432,298.8006350116906,25.65063501169061,30.0,101325.0,229.63450881626702,28.71016037744039,10.69630294643451,34257.828976784986,10.647114163322689
1470.0,24.5,223.0,False,16725.0,8338.014146736185,20000.0,20.0,38.22487957436999,-0.21684796060645525,68.33028988025045,68.36979002154172,1.1693924074341324,301.8541465957283,101324.61613846515,-0.38386153485043906,438.95650476143703,38.46607998042157,15155.325600346356,298.8012349798354,25.651234979835408,30.0,101325.0,229.67315102431758,28.704146595728332,10.68502221678377,34149.55440269096,10.694619290669548
1475.0,24.583333333333332,224.16666666666669,False,16812.5,8109.589889375061,20000.0,20.0,38.247718355698,-0.21901420807074287,68.29180854594752,68.32774361151164,1.1693775723081115,301.857953059283,101324.6084308299,-0.3915691700967727,438.87961125267543,38.43086547029176,15155.133337113124,298.8018346608967,25.651834660896725,30.0,101325.0,229.6300052295399,28.707953059283,10.675240408414377,34055.851644867005,10.741984155980353
1480.0,24.666666666666668,225.33333333333331,False,16900.0,7887.423433983657,20000.0,20.0,38.26961818956295,-0.2145584832277866,68.25590544272482,68.29608221074076,1.169363614732945,301.8616030315938,101324.62420128388,-0.37579871612251736,438.80632423375704,38.40448715033602,15154.952446938965,298.8024348505808,25.652434850580846,30.0,101325.0,229.58891970981279,28.711603031593825,10.667913097315559,33985.77362207117,10.78923528463795
1485.0,24.75,226.5,False,16987.5,7671.343344804908,20000.0,20.0,38.29029224906333,-0.22048121025753295,68.24060620791613,68.27299841931851,1.1693500241432635,301.8650487081772,101324.60316764019,-0.3968323598091956,438.7366321083804,38.38542524454081,15154.776312896696,298.8030355191831,25.653035519183106,30.0,101325.0,229.5497880172122,28.71504870817722,10.66261812348356,33935.19264831665,10.836402622325718
1490.0,24.833333333333332,227.66666666666669,False,17075.0,7461.182882653959,20000.0,20.0,38.310196806059366,-0.2156046798602952,68.21976031584562,68.25702781112389,1.1693373737435455,301.8683661343432,101324.62052752671,-0.3794724732870236,438.6703969647604,38.372399055889375,15154.61236371635,298.80363663810755,25.65363663810757,30.0,101325.0,229.51265040250084,28.718366134343228,10.658999737747049,33900.65639717142,10.883510850829529
1495.0,24.916666666666668,228.83333333333331,False,17162.5,7256.779876253103,20000.0,20.0,38.32898646943943,-0.22201056097458505,68.21783819791283,68.24688349028368,1.1693249789623033,301.87149774490655,101324.5976433536,-0.4023566464020405,438.6075127977174,38.36434243528105,15154.45172735145,298.80423818198796,25.654238181987978,30.0,101325.0,229.4773169163925,28.72149774490657,10.65676178757807,33879.30766270814,10.930580270315557
1500.0,25.0,230.0,True,17250.0,257057.9765970916,20000.0,20.0,38.34732477698503,-0.21863876972965304,68.20926684219701,68.24153582435996,1.1693132798854986,301.8745541294975,101324.60977214997,-0.39022785003180616,438.54786424374595,38.360353036478216,15154.300107316061,298.8048401255163,25.65484012551633,30.0,101325.0,229.44381347866508,28.724554129497506,10.655653621243948,33868.73972331682,10.977627525444742
1505.0,25.083333333333332,231.16666666666669,True,17337.5,256864.61963771368,20000.0,20.0,38.8578728575294,0.47384902473877544,68.00024501075217,68.82347755755883,1.1690094193298997,301.9596454762549,101326.83292161833,1.8329216183337849,438.4927882215875,38.399481180769634,15150.3620745155,298.80544945875806,25.655449458758085,30.0,101325.0,229.35538192799967,28.8096454762549,10.666522550213788,33972.485364453394,11.02473948731125
1510.0,25.166666666666668,232.33333333333331,True,17425.0,256676.55979334115,20000.0,20.0,39.34038376327601,0.46532011827862313,68.12675721308786,68.92212044600045,1.1686974151572007,302.040063960546,101326.76753316306,1.767533163059852,438.4402175233758,38.50813148016594,15146.31850043732,298.80607235156424,25.656072351564262,30.0,101325.0,229.26667787586723,28.890063960546,10.696703188934984,34261.67477816254,11.072124320743622
1515.0,25.25,233.5,True,17512.5,256493.6519467386,20000.0,20.0,39.806343525830926,0.45692121591612345,68.31856423971817,69.08701326371221,1.1683962700505097,302.1177239209718,101326.70430202085,1.7043020208511734,438.3896404498779,38.672857810788216,15142.415659854607,298.80670829726824,25.656708297268267,30.0,101325.0,229.1811607261908,28.96772392097182,10.742460502996726,34703.24205276655,11.120016624098435
1520.0,25.333333333333332,234.66666666666669,True,17600.0,256315.75495623326,20000.0,20.0,40.256324475003,0.44677406590141483,68.56274700195083,69.30292381131125,1.1681054397845738,302.1927207458338,101326.62944543643,1.6294454364251578,438.3406678065365,38.88256509383432,15138.646499608076,298.8073568432932,25.6573568432932,30.0,101325.0,229.0985187854836,29.042720745833833,10.80071252606509,35270.853867370206,11.168609746265195
1525.0,25.416666666666668,235.83333333333331,True,17687.5,256142.7315468022,20000.0,20.0,40.69098715126643,0.437034270637114,68.84847458730904,69.56146000111218,1.1678246704987076,302.26516452521105,101326.55917513234,1.5591751323372591,438.2929920837583,39.1279516029758,15135.007729663252,298.8080175534884,25.658017553488435,30.0,101325.0,229.01854028437285,29.11516452521107,10.868875445271057,35942.856442703414,11.218063711758303
1530.0,25.5,237.0,True,17775.0,255974.44820414367,20000.0,0.0,41.108904695537376,0.43028303349154895,45.87869996906565,46.50546759566448,1.1675550722953951,302.3348174492562,101326.51137541968,1.5113754196790978,438.25399742063036,39.40121502529848,15131.51373694832,298.80869000489355,25.65869000489357,30.0,101325.0,228.94529926404036,29.18481744925623,10.944781951471798,36701.18558670953,11.268510963167618
1535.0,25.583333333333332,238.16666666666669,True,17862.5,255810.77507164987,20000.0,0.0,41.478702848961575,0.42312212970288426,46.21805541774256,46.82781314059922,1.1673165319838728,302.3964504748269,101326.4614884624,1.4614884624024853,438.3485568887055,39.69265783018051,15128.422254510991,298.80937322841277,25.65937322841279,30.0,101325.0,228.9479120899517,29.24645047482693,11.025738286161253,37521.638195214,11.320054590793953
1540.0,25.666666666666668,239.33333333333331,True,17950.0,255651.58585020274,20000.0,0.0,41.83895832824919,0.41592576268603965,46.570565289309926,47.16341858027671,1.1670842327540247,302.4564930547082,101326.41219787809,1.4121978780895006,438.44020198867116,39.99539782188757,15125.41165649216,298.8100664663481,25.6600664663481,30.0,101325.0,228.950207208451,29.3064930547082,11.109832728302104,38386.74725194085,11.372768747354478
1545.0,25.75,240.5,True,18037.5,255496.75770071457,20000.0,0.0,42.18962970462894,0.41105599944377047,46.932465970635526,47.511274433866454,1.1668583760287645,302.5149382841048,101326.37932273207,1.3793227320711594,438.5301145008814,40.30620276126743,15122.484553332788,298.81076944585544,25.660769445855465,30.0,101325.0,228.95284281520023,29.364938284104824,11.196167433685398,39288.63190764936,11.42670998288197
1550.0,25.833333333333332,241.66666666666669,True,18125.0,255346.17114933877,20000.0,0.0,42.530693212392066,0.4019036505768037,47.300613546586455,47.86049848182433,1.1666384599561557,302.5717822020653,101326.31858403549,1.3185840354854008,438.61825143913416,40.62237261374506,15119.634441031778,298.81148190049186,25.66148190049188,30.0,101325.0,228.9556992848062,29.421782202065344,11.283992392706962,40220.46680459944,11.481924634765475
1555.0,25.916666666666668,242.83333333333331,True,18212.5,255199.70999527714,20000.0,0.0,42.86267735374304,0.39826725095339705,47.67236960588503,48.21989827304801,1.1664248847109409,302.6271128922905,101326.29483104638,1.2948310463834787,438.70458809998604,40.941641477929466,15116.866505853794,298.8122035674953,25.66220356749534,30.0,101325.0,228.95884350230838,29.477112892290506,11.37267818831374,41176.27000658926,11.538450146439912
1560.0,26.0,244.0,True,18300.0,255057.26122111318,20000.0,20.0,43.18541799212062,0.3894410355255964,71.3335122197386,71.8991111000267,1.1662169434894472,302.68090299868675,101326.23807608287,1.2380760828673374,438.7890761597946,41.262133743431725,15114.171587623234,298.81293419177024,25.662934191770262,30.0,101325.0,228.96211273714025,29.53090299868677,11.461703817619924,42150.84618878527,11.596316199353366
1565.0,26.083333333333332,245.16666666666669,True,18387.5,254918.71490560155,20000.0,20.0,43.51886603455387,0.38443357106994824,71.70806660877368,72.25512158030284,1.1660024918647167,302.7364776724256,101326.2064422087,1.2064422086987179,438.7325615938616,41.58380584902737,15111.392294566727,298.81367378993593,25.663673789935956,30.0,101325.0,228.89052554945252,29.586477672425644,11.551057180285381,43144.35232493827,11.655548976099007
1570.0,26.166666666666668,246.33333333333331,True,18475.0,254783.964138847,20000.0,20.0,43.841158686361496,0.3788860081385066,72.08374710178677,72.61194270916073,1.1657952435285606,302.79019311439356,101326.17187434419,1.1718743441888364,438.67272127255455,41.90644506713948,15108.706356130146,298.8144223634642,25.66442236346421,30.0,101325.0,228.81862829020872,29.640193114393583,11.640679185316522,44156.40557680108,11.71617450241966
1575.0,26.25,247.5,True,18562.5,254652.90493980664,20000.0,20.0,44.15194293351453,0.37063966617798105,72.45831034111735,72.9648236301419,1.1655952682656168,302.84199048891907,101326.12141846649,1.1214184664859204,438.613796446177,42.228124773482236,15106.114676722393,298.81517958878555,25.665179588785577,30.0,101325.0,228.74864692487958,29.69199048891909,11.730034659300621,45181.08319682167,11.77821442517912
1580.0,26.333333333333332,248.66666666666669,True,18650.0,254525.43617605272,20000.0,20.0,44.45178730954376,0.3669777197002668,72.8299140065002,73.32042593799115,1.1654027034127172,302.8919645515906,101326.09936854495,1.0993685449502664,438.5557932020965,42.54726275982036,15103.619036228816,298.81594515126403,25.665945151264054,30.0,101325.0,228.68061075551395,29.741964551590627,11.8186840999501,46213.20899449803,11.841682683645315
1585.0,26.416666666666668,249.83333333333331,True,18737.5,254401.45948573315,20000.0,20.0,44.740846277872265,0.36222907060009885,73.19706639206166,73.67062276171823,1.1652170446477332,302.940141046312,101326.07110122112,1.0711012211249908,438.4987270814006,42.86257793004778,15101.212898634622,298.81671874684224,25.666718746842264,30.0,101325.0,228.6144281219018,29.790141046312044,11.906271647235492,47248.29199514894,11.906586503777014
1590.0,26.5,251.0,False,18825.0,124280.8792016703,20000.0,20.0,45.01641846747805,0.32476905649703586,73.55856088112519,73.9773533547842,1.1650379975872405,302.98606974457965,101325.86101991884,0.8610199188406114,438.44262081826685,43.17303402631154,15098.892448730638,298.8175000802005,25.66750008020051,30.0,101325.0,228.55005236195848,29.836069744579675,11.992509451753206,48282.41237076154,11.972927270697785
1595.0,26.583333333333332,252.16666666666669,False,18912.5,120876.13953150058,20000.0,20.0,45.02558200085582,0.049705915689787536,73.88866973616257,73.9861976884933,1.1650224570327137,302.9875970001426,101325.02016880045,0.020168800445389934,438.38727498839853,43.45653573817027,15098.691043143968,298.81828511581324,25.668285115813262,30.0,101325.0,228.51815358760254,29.837597000142637,12.07125992726952,49239.831421551746,12.040651051109112
1600.0,26.666666666666668,253.33333333333331,False,19000.0,117564.67448487789,20000.0,20.0,45.03228689578066,0.02403638966024974,74.16985519796566,74.237343224339,1.1650179825286193,302.9887144826301,101325.00471631043,0.004716310431831516,438.3331638827047,43.69802141343921,15098.633053570908,298.81907027907266,25.669070279072685,30.0,101325.0,228.4890695274232,29.83871448263011,12.138339281510891,50065.2708313892,12.109612927673655
1605.0,26.75,254.5,False,19087.5,114343.92875471838,20000.0,20.0,45.03278192242203,0.013154502668769726,74.40849949307963,74.46341426609831,1.1650176273062103,302.9887969870703,101325.0014125791,0.0014125791058177128,438.28058375793074,43.9029721900019,15098.628449888485,298.8198553947995,25.669855394799526,30.0,101325.0,228.46159152918767,29.83879698707034,12.195270052778305,50773.0225598,12.179639520306425
1610.0,26.833333333333332,255.66666666666669,False,19175.0,111211.41703791186,20000.0,20.0,45.02741626001898,0.01533675411712758,74.61004822329596,74.66783335060384,1.1650210717233058,302.98790271000314,101325.00192013083,0.0019201308314222842,438.2297778458301,44.07606482040956,15098.673089534042,298.8206402942232,25.670640294223233,30.0,101325.0,228.43578341573047,29.837902710003164,12.243351339002656,51375.92919009012,12.25057629235496
1615.0,26.916666666666668,256.8333333333333,False,19262.5,108164.72211752641,20000.0,20.0,45.016502699257444,-0.02864450894776495,74.81253383998433,74.81963100273515,1.1650279666434757,302.98608378320955,101324.99330197638,-0.006698023615172133,438.1808800789172,44.221317551968774,15098.762447699444,298.8214248193777,25.671424819377705,30.0,101325.0,228.4116463009214,29.836083783209574,12.283699319991326,51885.53324091243,12.32228564126538
1620.0,27.0,258.0,False,19350.0,105201.49299755192,20000.0,0.0,45.00058477212565,0.04256822578666653,51.631960725386215,51.709947248385596,1.165038414974228,302.98343079535425,101325.0147922763,0.014792276298976503,438.13435360060885,44.3421890352256,15098.897858065995,298.8222088226908,25.672208822690834,30.0,101325.0,228.38944157559285,29.833430795354275,12.317274732007112,52312.158182985164,12.394645149198642
1625.0,27.083333333333332,259.1666666666667,False,19437.5,102319.44308874315,20000.0,0.0,44.97219870922902,0.06265103972228647,51.74707806798971,51.8493435861571,1.165056805383445,302.9786997848715,101325.0320420635,0.032042063496191986,438.2281244717961,44.441053283168976,15099.136197769445,298.8229920593908,25.672992059390822,30.0,101325.0,228.44192814455658,29.828699784871503,12.344737023102493,52662.840577003364,12.467544453893078
1630.0,27.166666666666668,260.3333333333333,False,19525.0,99516.34844416301,20000.0,0.0,44.93905895182343,-0.04499110289635468,51.89141078022031,51.86926945132798,1.1650774862883737,302.97317649197055,101324.98347592376,-0.016524076243513264,438.32148355795243,44.520016961764185,15099.404222297322,298.82377429643066,25.67377429643068,30.0,101325.0,228.49465080712628,29.82317649197057,12.36667137826783,52944.05655854112,12.540882576903872
1635.0,27.25,261.5,False,19612.5,96790.0460430635,20000.0,0.0,44.90195436366821,-0.06244168292885318,51.983292272859075,51.94192563637786,1.1651010916253055,302.9669923939447,101324.96817172435,-0.031828275648877025,438.4145277933928,44.581475384182625,15099.71014746396,298.82455541452003,25.674555414520057,30.0,101325.0,228.54778472503259,29.8169923939447,12.383743162272951,53163.6219805436,12.614568464778237
1640.0,27.333333333333332,262.6666666666667,False,19700.0,94138.43212178106,20000.0,0.0,44.861001853299854,-0.07259975727013658,52.04871192647273,51.996715268951895,1.1651272115331004,302.96016697554995,101324.95697367546,-0.04302632453618571,438.5073829676019,44.62750054608497,15100.04866146898,298.8253353024228,25.67533530242281,30.0,101325.0,228.60131541381395,29.810166975549976,12.396527929468046,53328.44770189075,12.688521290946595
1645.0,27.416666666666668,263.8333333333333,False,19787.5,91559.46055035772,20000.0,0.0,44.816327646383456,-0.09623884208615976,52.11393632648946,52.03570009325942,1.1651554723310726,302.9527212743972,101324.92439253285,-0.07560746715171263,438.6001553517294,44.65987701122324,15100.414921410702,298.82611385445017,25.676113854450193,30.0,101325.0,228.65522524982762,29.802721274397243,12.405521392006456,53444.598473354985,12.762669239679402
1650.0,27.5,265.0,False,19875.0,89051.1412536356,20000.0,0.0,44.7684407036852,-0.09745593563843777,52.13898739920511,52.060719885149965,1.1651861465215747,302.94474011728084,101324.9224680866,-0.07753191339725163,438.6929228521841,44.6801740997064,15100.812458919609,298.82689097564196,25.67689097564198,30.0,101325.0,228.70960860087692,29.794740117280867,12.411159472140668,53517.50034182882,12.836948474967725
1655.0,27.583333333333332,266.1666666666667,False,19962.5,86611.53867560634,20000.0,0.0,44.717355814048005,-0.10576071734199362,52.159802168328625,52.07332854605012,1.1652187361295683,302.936225969008,101324.90869118912,-0.09130881087912712,438.78577087132754,44.68974530826609,15101.234820239204,298.8276665755393,25.67766657553932,30.0,101325.0,228.7644125263279,29.786225969008,12.413818141185025,53551.90062581028,12.911302225639698
1660.0,27.666666666666668,267.3333333333333,False,20050.0,84238.77028583048,20000.0,0.0,44.66337159446425,-0.11170812858743742,52.16676352201808,52.07490599768547,1.16525322336402,302.92722859907735,101324.8981330123,-0.10186698769393843,438.8787668719826,44.68977639671158,15101.681774797698,298.8284405709876,25.67844057098762,30.0,101325.0,228.81966894812768,29.777228599077375,12.413826776864328,53552.01238611392,12.985679943009089
1665.0,27.75,268.5,False,20137.5,81931.00512677434,20000.0,0.0,44.60697006765281,-0.08323039727032362,52.12373437519194,52.06666800635602,1.1652899050953305,302.9178283446088,101324.94345062017,-0.05654937983490527,438.97196731536354,44.681300145732,15102.157170035483,298.82921288401707,25.67921288401709,30.0,101325.0,228.87546585683162,29.7678283446088,12.411472262703334,53521.5467464296,13.060036581295577
1670.0,27.833333333333332,269.6666666666667,False,20225.0,79686.46240094322,20000.0,0.0,44.54758891686163,-0.11285022267655526,52.139511323277766,52.049617553056265,1.1653274331392898,302.9079314861436,101324.89603940606,-0.1039605939440662,439.06544830985166,44.665229765370896,15102.643533485196,298.82998344377387,25.679983443773892,30.0,101325.0,228.93157836623118,29.757931486143605,12.407008268158583,53463.81774384333,13.134331973302713
1675.0,27.916666666666668,270.8333333333333,False,20312.5,77503.41009672094,20000.0,0.0,44.48643122141664,-0.07640829710091027,52.070433970007834,52.024731398917844,1.1653672956422374,302.89773853690275,101324.95234099701,-0.04765900298662018,439.15923347895773,44.64234717540006,15103.160151523398,298.8307521811512,25.680752181151206,30.0,101325.0,228.98831132714272,29.747738536902773,12.400651993166685,53381.68916369857,13.208530241988504
1680.0,28.0,272.0,False,20400.0,75380.16365185518,20000.0,0.0,44.42254914293619,-0.11481937794621987,52.08141434174099,51.99275469838233,1.1654075706922917,302.8870915238227,101324.89237967713,-0.1076203228731174,439.25339680624813,44.613366178406466,15103.682116172102,298.83151903631847,25.68151903631849,30.0,101325.0,229.04532590178482,29.7370915238227,12.392601716224018,53277.79338522431,13.282599327091923
1685.0,28.083333333333332,273.1666666666667,False,20487.5,73315.08465355738,20000.0,0.0,44.35707070187527,-0.10952891775152533,52.03513474799497,51.95447742168583,1.1654496734827677,302.8761784503125,101324.90206870348,-0.09793129652098287,439.3479525268518,44.57891113086663,15104.22776833667,298.8322839531326,25.68228395313264,30.0,101325.0,229.10290778306162,29.726178450312545,12.383030869685173,53154.44885526637,13.356510606425598
1690.0,28.166666666666668,274.3333333333333,False,20575.0,71306.57957421397,20000.0,0.0,44.289411250668536,-0.1420311907337234,52.0271327016108,51.91048690405783,1.1654922989569476,302.8649018751114,101324.83532359885,-0.164676401152974,439.4429554178082,44.53953659798087,15104.78019448204,298.83304688020763,25.683046880207655,30.0,101325.0,229.16082918811412,29.714901875111423,12.372093499439131,53013.72647147437,13.430238505958055
1695.0,28.25,275.5,False,20662.5,69353.09854173369,20000.0,0.0,44.220423912543765,-0.14535341542232494,51.97999492344995,51.86139766721041,1.1655364574504437,302.85340398542394,101324.82752967041,-0.17247032959130593,439.5384180153265,44.49573184579295,15105.35248855775,298.83380776966686,25.683807769666885,30.0,101325.0,229.21929544365477,29.70340398542396,12.359925512720265,52857.46283688297,13.50376016519997
1700.0,28.333333333333332,276.6666666666667,False,20750.0,67453.13414358148,20000.0,0.0,44.15008317620118,-0.13795274212451697,51.91572843270467,51.807708329275236,1.1655817740037457,302.84168052936684,101324.84464523217,-0.1553547678340692,439.63437237756443,44.447939633885134,15105.939791088545,298.83456657891014,25.684566578910164,30.0,101325.0,229.27824973514734,29.691680529366863,12.346649898301425,52687.32543690869,13.577055157056769
1705.0,28.416666666666668,277.8333333333333,False,20837.5,65605.22026357698,20000.0,0.0,44.07827364207196,-0.14142741948147877,51.85994881563765,51.74986308797423,1.1656277482701762,302.82971227367864,101324.83672069403,-0.16327930596889928,439.7308496865835,44.396560707114645,15106.535617581485,298.8353232700072,25.685323270007245,30.0,101325.0,229.33761006102992,29.67971227367866,12.332377974198513,52504.82719336768,13.650105263050017
1710.0,28.5,279.0,False,20925.0,63807.930950559145,20000.0,0.0,44.005299260154175,-0.1415638144750121,51.79651022080573,51.688274283243395,1.1656745610448436,302.81754987669234,101324.83640560352,-0.1635943964793114,439.82786690552064,44.341942434527354,15107.142311141171,298.83607780660986,25.686077806609887,30.0,101325.0,229.39742096541224,29.667549876692362,12.317206231813154,52311.285415315826,13.72289423013938
1715.0,28.583333333333332,280.1666666666667,False,21012.5,62059.879318044645,20000.0,0.0,43.93103877554188,-0.1582514314821191,51.74895912053833,51.62330786310884,1.1657217365142483,302.80517312925696,101324.79556313824,-0.20443686176440679,439.92544966636734,44.2844173237031,15107.753705224657,298.8368301592554,25.686830159255408,30.0,101325.0,229.45760230275243,29.65517312925698,12.301227034361972,52107.95803665001,13.795407593647688
1720.0,28.666666666666668,281.3333333333333,False,21100.0,60359.716474030494,20000.0,0.0,43.856169266992765,-0.14758022024147915,51.666499110940634,51.55533187028845,1.1657700830589974,302.7926948778321,101324.82220472321,-0.17779527678794693,440.02359945327515,44.22427082277366,15108.380276444606,298.83758029909944,25.687580299099466,30.0,101325.0,229.51831408552414,29.642694877832128,12.284519672992685,51895.929285579725,13.867632515399237
1725.0,28.75,282.5,False,21187.5,58706.13048011546,20000.0,0.0,43.78011564556789,-0.1634647695109714,51.612213678654264,51.484599514083506,1.1658184228746757,302.7800192742613,101324.78187158472,-0.21812841527571436,440.12234968693997,44.16176524911379,15109.006760455799,298.8383282012654,25.68832820126545,30.0,101325.0,229.57934199824848,29.630019274261315,12.26715701364272,51676.19458522418,13.93955760142063
1730.0,28.833333333333332,283.6666666666667,False,21275.0,57097.84533913683,20000.0,0.0,43.70358429119119,-0.159964811948417,51.53289830609963,51.41143820856805,1.1658676437482014,302.76726404853184,101324.79111231786,-0.20888768213626463,440.2216965145919,44.09714814906695,15109.64466297669,298.8390738453917,25.689073845391704,30.0,101325.0,229.6408589365255,29.617264048531865,12.249207819185266,51449.68989080432,14.011172798973428
1735.0,28.916666666666668,284.8333333333333,False,21362.5,55533.6200105413,20000.0,0.0,43.626408725520946,-0.15757869047359913,51.4526743514712,51.33607897493464,1.165917247090621,302.75440145425347,101324.79729760252,-0.20270239748060703,440.32165826519537,44.03063691101272,15110.287522294448,298.83981721248506,25.68981721248508,30.0,101325.0,229.7027763896186,29.60440145425349,12.230732475281311,51217.23786348005,14.082469276580568
1740.0,29.0,286.0,False,21450.0,54012.2474527305,20000.0,0.0,43.5486038622098,-0.16254761777837584,51.37904407453332,51.25874820650304,1.165967037991388,302.74143397703494,101324.78431242412,-0.21568757588102017,440.42224656058545,43.962433359013744,15110.932812368388,298.84055828689714,25.690558286897158,30.0,101325.0,229.76506210381257,29.591433977034967,12.211787044170485,50979.59950888066,14.153439302533595
1745.0,29.083333333333332,287.1666666666667,False,21537.5,52532.55369164177,20000.0,0.0,43.470362894231016,-0.16716897559322455,51.30325804512545,51.17966992009039,1.166017119403603,302.72839381570515,101324.77187374367,-0.22812625633378047,440.5234664569486,43.89272598867834,15111.581867470697,298.8412970560928,25.69129705609282,30.0,101325.0,229.8277390767597,29.57839381570517,12.192423885743985,50737.48219556874,14.224076164828352
1750.0,29.166666666666668,288.33333333333337,False,21625.000000000004,51093.39691484575,20000.0,0.0,43.39180271704652,-0.16943885269172604,51.22317902105636,51.0990397847773,1.1660674814321124,302.71530045284106,101324.76563653223,-0.2343634677672526,440.62532368042844,43.82168322027103,15112.234559360175,298.8420335091656,25.69203350916564,30.0,101325.0,229.8908084270999,29.565300452841086,12.172689783408618,50491.51659646625,14.294374080656155
1755.0,29.25,289.5,False,21712.5,49693.666590461595,20000.0,0.0,43.31288118556722,-0.17799137088777317,51.14904614574324,51.017032393030966,1.166117872451388,302.7021468642612,101324.74138017869,-0.25861982131027617,440.72782707778543,43.74946443946018,15112.88762696999,298.84276763827495,25.692767638274972,30.0,101325.0,229.95422523252842,29.552146864261204,12.152629010961162,50242.295474165054,14.364328116816315
1760.0,29.333333333333332,290.66666666666663,False,21799.999999999996,48332.28261021005,20000.0,0.0,43.23388214625788,-0.17876316000463902,51.064652692292654,50.93382861390177,1.1661685709220082,302.6889803577096,101324.73913251123,-0.26086748877423815,440.8309750375485,43.67621447183398,15113.544679149225,298.84349943735685,25.693499437356877,30.0,101325.0,230.01804362417334,29.538980357709647,12.132281797731661,49990.35492041712,14.433934124034776
1765.0,29.416666666666668,291.83333333333337,False,21887.500000000004,47008.194455942925,20000.0,0.0,43.15481176487151,-0.176480857614888,50.975659417291126,50.84957877134601,1.1662194216651611,302.6758019608119,101324.7457510767,-0.2542489233019296,440.9347726386324,43.602068210064225,15114.203704780488,298.8442289025992,25.694228902599207,30.0,101325.0,230.08223572360487,29.52580196081192,12.11168561390673,49736.190787989595,14.503188669665613
1770.0,29.5,293.0,False,21975.0,45720.38038900599,20000.0,0.0,43.07554183737068,-0.18426602171164225,50.89749294836356,50.764415183750764,1.1662700649225055,302.6625903062284,101324.72282476116,-0.2771752388362074,441.03922779071183,43.5271526815051,15114.86004139567,298.8449560324904,25.69495603249044,30.0,101325.0,230.14673473070556,29.512590306228446,12.09087574486253,49480.26613094497,14.572088986970428
1775.0,29.583333333333332,294.16666666666663,False,22062.499999999996,44467.84666180973,20000.0,0.0,42.99645725330572,-0.1810452707852808,50.80574838426406,50.67849121025636,1.166320968013884,302.6494095422176,101324.73242946879,-0.2675705312140053,441.14433269280534,43.45158202596344,15115.519745459937,298.8456808267299,25.695680826729927,30.0,101325.0,230.21162883100573,29.49940954221762,12.069883896100956,49222.994450135455,14.64063291792951
1780.0,29.666666666666668,295.33333333333337,False,22150.000000000004,43249.62675099941,20000.0,0.0,42.91734712681068,-0.18467916149200808,50.72135073328171,50.591914540224614,1.1663716564989257,302.6362245211351,101324.72158046784,-0.2784195321582956,441.2500957568532,43.375466351853355,15116.176668226079,298.8464032874605,25.696403287460498,30.0,101325.0,230.27682882673923,29.486224521135114,12.048740653292597,48964.77033461386,14.7088188656967
1785.0,29.75,296.5,False,22237.5,42064.78061163301,20000.0,0.0,42.838357238909,-0.18934862336768662,50.63764110939632,50.50480661166148,1.1664222329257368,302.62305953981814,101324.70732325574,-0.29267674425500445,441.3565142812847,43.2989059930556,15116.832138717547,298.84712341809984,25.697123418099864,30.0,101325.0,230.3423535732422,29.473059539818166,12.027473886959887,48705.95023645781,14.776645754982164
1790.0,29.833333333333332,297.66666666666663,False,22324.999999999996,40912.39395179124,20000.0,0.0,42.75969533152204,-0.1854005868828432,50.54348758091267,50.41728468953793,1.1664729062156112,302.6099492219203,101324.71940099905,-0.2805990009510424,441.4635829043451,43.221993773611736,15117.48886455432,298.84784122352136,25.69784122352138,30.0,101325.0,230.4082415679053,29.45994922192034,12.006109381558815,48446.860609040465,14.844112984735983
1795.0,29.916666666666668,298.83333333333337,False,22412.500000000004,39791.57752705997,20000.0,0.0,42.681197767464255,-0.186509429989686,50.454916514194785,50.32943661762437,1.1665233005000137,302.59686629457735,101324.71603455122,-0.2839654487761436,441.571306388025,43.14481896422589,15118.141974480177,298.8485567105218,25.698556710521814,30.0,101325.0,230.4744210925817,29.446866294577376,11.984671934507192,48187.81157307658,14.911220395973563
1800.0,30.0,300.0,False,22500.0,38701.4664543408,20000.0,0.0,42.60291841422804,-0.19224028780995997,50.37151688988738,50.24135698390836,1.166573393685707,302.58381973570465,101324.6983156877,-0.3016843123041326,441.67968273344496,43.06746344109076,15118.791182166764,298.84926988702045,25.699269887020478,30.0,101325.0,230.54088674176674,29.433819735704674,11.963184289191876,47929.084280716124,14.977968240316475
1805.0,30.083333333333332,299.3333333333333,False,22450.0,37641.21954446003,20000.0,0.0,42.524882910187216,-0.1953515370949636,50.2849356738339,50.15313537164116,1.166623425158093,302.5708138183645,101324.68847164861,-0.3115283513907343,441.78727675946783,42.98999513475803,15119.439590048883,298.84998076075715,25.69998076075717,30.0,101325.0,230.60693669013094,29.420813818364536,11.941665315210564,47670.90955443402,15.044357124924218
1810.0,30.166666666666668,298.6666666666667,False,22400.0,36610.01865306122,20000.0,0.0,42.4470002012464,-0.1962475609763304,50.195687842770354,50.064818045879136,1.1666734431002983,302.5578333668744,101324.68560730458,-0.31439269542170223,441.8926868559226,42.91245193071142,15120.087822579866,298.85068933592447,25.700689335924494,30.0,101325.0,230.67184875013237,29.4078333668744,11.920125536308728,47413.415358205166,15.110387906113553
1815.0,30.25,298.0,False,22350.0,35607.068049280366,20000.0,0.0,42.36929021924357,-0.19663100291768168,50.10579503556829,49.976440974901834,1.1667233731398114,302.54488170320724,101324.68437754034,-0.31562245966051705,441.99595787467337,42.83486739483793,15120.734915891955,298.8513956169319,25.701395616931904,30.0,101325.0,230.73563147910883,29.39488170320726,11.898574276343869,47156.71356508311,15.176061606754725
1820.0,30.333333333333332,297.3333333333333,False,22300.0,34631.59380171657,20000.0,0.0,42.29178326324234,-0.19736366490098026,50.0163019483703,49.88804327924822,1.1667731639789036,302.53196387720703,101324.68202109206,-0.3179789079440525,442.0971324391476,42.757276923580534,15121.38020516659,298.8520996094481,25.702099609448112,30.0,101325.0,230.79829682606157,29.381963877207056,11.87702136766126,46900.92045878408,15.241379408160187
1825.0,30.416666666666668,296.6666666666667,False,22250.0,33682.843181224314,20000.0,0.0,42.21451717959451,-0.19867766116779423,49.92752136358914,49.79966617216407,1.1668227824444433,302.51908619659906,101324.67777295472,-0.3222270452824887,442.196251671511,42.67971702423904,15122.023260479986,298.8528013203245,25.70280132032451,30.0,101325.0,230.8598595374329,29.369086196599085,11.855476951177511,46646.154270753264,15.306342654500144
1830.0,30.5,296.0,False,22200.0,32760.084080066637,20000.0,0.0,42.13753209586889,-0.20050576913233734,49.839418177853105,49.7113519493246,1.1668722048007667,302.50625534931146,101324.67181580853,-0.3281841914722463,442.2933553613169,42.602224772174075,15122.663774217935,298.85350075752837,25.70350075752839,30.0,101325.0,230.92033553021858,29.356255349311482,11.83395132560391,46392.53334913392,15.370952854236176
1835.0,30.583333333333332,295.3333333333333,False,22150.0,31862.604446980815,20000.0,0.0,42.06086902612526,-0.2025819000550363,49.75172583599039,49.62314332352994,1.1669214142422029,302.49347817102085,101324.66498427567,-0.3350157243257854,442.38848202461855,42.52483733513035,15123.301528578948,298.8541979300736,25.704197930073633,30.0,101325.0,230.9797414286328,29.343478171020877,11.812454815313986,46140.1745873668,15.43521167919208
1840.0,30.666666666666668,294.6666666666667,False,22100.0,30989.71173772082,20000.0,0.0,41.984571907227405,-0.20434224663265305,49.663830753601076,49.535083073274684,1.1669704038670377,302.4807619845379,101324.65913670401,-0.3408632959908573,442.48166886240773,42.447591566271306,15123.936434116808,298.85489284795045,25.704892847950475,30.0,101325.0,231.03809513267564,29.3307619845379,11.790997657297586,45889.19211173154,15.49912096162201
1845.0,30.75,294.0,False,22050.0,30140.732380652316,20000.0,0.0,41.90868740418796,-0.2049533510798388,49.574804641260904,49.447213655690355,1.1670191761101818,302.46811456736464,101324.65709488883,-0.342905111174332,442.5729517891863,42.370523696537695,15124.568522387957,298.8555855220622,25.705585522062222,30.0,101325.0,231.09541572269654,29.31811456736466,11.769589915704916,45639.69632069154,15.56268268970008
1850.0,30.833333333333332,293.3333333333333,False,22000.0,29315.011256988142,20000.0,0.0,41.83325683812791,-0.20376621621745283,49.483933067004315,49.35957644452334,1.1670677296415175,302.45554280635463,101324.66105574799,-0.3389442520128796,442.6623657077001,42.29366915978808,15125.197776154066,298.8562759641762,25.7062759641762,30.0,101325.0,231.1517210096669,29.30554280635465,11.748241433274467,45391.79337515476,15.625899001988865
1855.0,30.916666666666668,292.6666666666667,False,21950.0,28511.911195262815,20000.0,0.0,41.75829570234998,-0.2014870321222008,49.39207864362663,49.27221033991736,1.167116026516694,302.443049283725,101324.66859572152,-0.33140427847683895,442.74994517644853,42.21706258886043,15125.823703656353,298.8569641868968,25.706964186896812,30.0,101325.0,231.207021375391,29.293049283724997,11.726961830239008,45145.5852507057,15.688772181590156
1860.0,31.0,292.0,False,21900.0,27730.812479656353,20000.0,0.0,41.68374702255835,-0.20299973641952512,49.304967919005755,49.185148950617894,1.1671639176957942,302.4306245037597,101324.66360087358,-0.3363991264195647,442.8357259073255,42.14073807877717,15126.444373337492,298.8576502036782,25.707650203678213,30.0,101325.0,231.26130578983359,29.280624503759725,11.705760577438104,44901.17064514564,15.751304650962274
1865.0,31.083333333333332,291.3333333333333,False,21850.0,26971.11237178768,20000.0,0.0,41.6096455506829,-0.20761892889716954,49.22184005927607,49.09842979256002,1.1672114043125283,302.4182742584471,101324.64811739072,-0.3518826092767995,442.9197397010707,42.06472761588405,15127.059799890367,298.8583340285317,25.708334028531738,30.0,101325.0,231.31459092324485,29.26827425844715,11.684646559967794,44658.64002728513,15.813498963929241
1870.0,31.166666666666668,290.6666666666667,False,21800.0,26232.22464560883,20000.0,0.0,41.536113462260346,-0.20956385739870062,49.13599871586927,49.012093891705845,1.1672586305792745,302.4060189103767,101324.64149379324,-0.35850620675773825,443.0020145611427,41.98906104243809,15127.671852307398,298.85901567598273,25.709015675982755,30.0,101325.0,231.36691982765765,29.256018910376724,11.663628067343915,44418.07566751995,15.875357794272857
1875.0,31.25,290.0,False,21750.0,25513.57913504096,20000.0,0.0,41.46321088029572,-0.20666186855331944,49.04494779771425,48.926177239406144,1.1673056455702686,302.39386848004926,101324.65135405785,-0.3486459421546897,443.0825793851879,41.91376733683494,15128.281166590681,298.85969516124277,25.70969516124279,30.0,101325.0,231.41831718604942,29.243868480049287,11.642713149120816,44179.55583023697,15.936883927257409
1880.0,31.333333333333332,289.3333333333333,False,21700.0,24814.62129400309,20000.0,0.0,41.390838984247466,-0.20564211144237088,48.956556466075575,48.84070538757048,1.167352248828554,302.38180649737455,101324.65478630205,-0.34521369794674683,443.16146709180214,41.83887548645447,15128.885144818058,298.86037250031404,25.710372500314065,30.0,101325.0,231.46876031378835,29.231806497374578,11.621909857348463,43943.15759463782,15.998080256024682
1885.0,31.416666666666668,288.6666666666667,False,21650.0,24134.81176849408,20000.0,0.0,41.318938279788085,-0.2109305537101992,48.87600989504439,48.75570453513937,1.1673983058638833,302.3698230466313,101324.63680246132,-0.3631975386815611,443.2387084498164,41.76441261755969,15129.482043995926,298.8610477096417,25.71104770964172,30.0,101325.0,231.5182384618591,29.219823046631348,11.601225727099916,43708.95100497196,16.058949775885523
1890.0,31.5,288.0,False,21600.0,23473.625980397675,20000.0,0.0,41.24772370762844,-0.21118218574202058,48.79012495807404,48.67121465353363,1.167444122224862,302.3579539512714,101324.63593538306,-0.36406461693695746,443.31432461172045,41.690401901872825,15130.07582403421,298.861720805728,25.71172080572802,30.0,101325.0,231.56682312760987,29.207953951271406,11.580667194964674,43476.992647924206,16.119495570088922
1895.0,31.583333333333332,287.3333333333333,False,21550.0,22830.553722689416,20000.0,0.0,41.17720284819825,-0.20684226016313895,48.699447644495194,48.587262572625065,1.1674896763613554,302.3462004746997,101324.65074513805,-0.3492548619542504,443.38834237359214,41.61686698939733,15130.666205643165,298.8623918058217,25.71239180582171,30.0,101325.0,231.61452390897531,29.196200474699708,11.560240830388146,43247.339712798144,16.17972080089498
1900.0,31.666666666666668,286.6666666666667,False,21500.0,22205.098765733033,20000.0,0.0,41.10714700235644,-0.2116831433852879,48.62004285166443,48.50386047237552,1.1675345735235378,302.3345245003927,101324.63420609638,-0.36579390362021513,443.4607952337715,41.54383225328759,15131.24807286505,298.86306072791933,25.713060727919355,30.0,101325.0,231.66127985555795,29.18452450039274,11.539953403690996,43020.05074593444,16.239628710935765
1905.0,31.75,286.0,False,21450.0,21596.778474362654,20000.0,0.0,41.037790148407225,-0.21310295402209634,48.53725869507096,48.4210446271724,1.1675791580815957,302.3229650247345,101324.62928270194,-0.37071729806484655,443.53170110980216,41.471316348889914,15131.825888737481,298.8637275896659,25.71372758966595,30.0,101325.0,231.70716851011142,29.172965024734538,11.519810096913863,42795.16569277899,16.299222611240427
1910.0,31.833333333333332,285.3333333333333,False,21400.0,21005.1234354551,20000.0,0.0,40.96919379369979,-0.20832980020021033,48.44788965255575,48.33884029749263,1.167623502463849,302.31153229894994,101324.64570362734,-0.35429637266497593,443.601082584447,41.39933822459972,15132.400591931484,298.8643924093048,25.71439240930482,30.0,101325.0,231.75221592401687,29.161532298949965,11.499816173499921,42572.72477081849,16.358505868506814
1915.0,31.916666666666668,284.6666666666667,False,21350.0,20429.67709570516,20000.0,0.0,40.90108061120657,-0.21355982227033055,48.37081863307979,48.25725263870161,1.1676671423413927,302.30018010186774,101324.62769144744,-0.37230855255620554,443.66897238309645,41.32791862408385,15132.966164744448,298.86505520588906,25.715055205889087,30.0,101325.0,231.79634690664443,29.15018010186776,11.479977395578846,42352.77308958223,16.41748190868765
1920.0,32.0,284.0,False,21300.0,19869.995409324158,20000.0,0.0,40.83373217160943,-0.2134512010645468,48.288198161118764,48.176316063559774,1.167710505086921,302.2889553619349,101324.6280700797,-0.3719299202930415,443.735384510041,41.257071725987146,15133.528145926495,298.8657159978689,25.715715997868926,30.0,101325.0,231.83965347472903,29.138955361934904,11.460297701663096,42135.33495915333,16.476154205943715
1925.0,32.083333333333336,283.3333333333333,False,21250.0,19325.646495389967,20000.0,0.0,40.767120582553616,-0.21004840150897383,48.20242734902734,48.09604671099979,1.167753527836178,302.2778534304256,101324.63983403285,-0.3601659671548987,443.8003421949694,41.186813453795104,15134.085720756866,298.86637480442334,25.716374804423367,30.0,101325.0,231.88213517185787,29.127853430425603,11.440781514943085,41920.43962615382,16.534526271627954
1930.0,32.166666666666664,282.6666666666667,False,21200.0,18796.210304584147,20000.0,0.0,40.70103285982361,-0.2156788943162509,48.12787934616359,48.016449242310834,1.167795855315308,302.2668388099706,101324.6202662412,-0.3797337588039227,443.8638740101137,41.11716018151671,15134.634284886393,298.8670316452147,25.717031645214718,30.0,101325.0,231.92373625647195,29.116838809970602,11.421433383754641,41708.11725845359,16.592601658353377
1935.0,32.25,282.0,False,21150.0,18281.278295058983,20000.0,0.0,40.635804903551275,-0.21195675280396156,48.043157314268704,47.93755695889543,1.1678380075206396,302.2559674839252,101324.63325987707,-0.36674012293224223,443.9259900430039,41.04812195714414,15135.18057746749,298.86768653924,25.71768653924005,30.0,101325.0,231.96456514479095,29.105967483925212,11.402256099206706,41498.37838512865,16.650383946994754
1940.0,32.333333333333336,281.3333333333333,False,21100.0,17780.453117184294,20000.0,0.0,40.5711787731766,-0.21355168207402514,47.965359658205436,47.85936972382101,1.16787956155942,302.2451964621961,101324.62771982925,-0.3722801707481267,443.9867190411864,40.97971340462233,15135.719117810084,298.86833950659326,25.71833950659328,30.0,101325.0,232.0045527545282,29.0951964621961,11.383253723506202,41291.24718678818,16.707876742530807
1945.0,32.416666666666664,280.6666666666667,False,21050.0,17293.348306930773,20000.0,0.0,40.507241967465234,-0.21584388902358975,47.889118911888865,47.781904839991334,1.1679206458460358,302.23454032791085,101324.61968502507,-0.3803149749292061,444.0460779063221,40.91194466844823,15136.251570164624,298.86899056694676,25.718990566946786,30.0,101325.0,232.0437333053116,29.084540327910872,11.364429074568951,41086.7339942521,16.765083673906528
1950.0,32.5,280.0,False,21000.0,16819.587987653296,20000.0,0.0,40.444138524164714,-0.2110758350519216,47.80541234823974,47.70518163665021,1.1679614804261016,302.22402308736076,101324.63630197434,-0.36369802565604914,444.1040810656929,40.84482445366791,15136.780786322277,298.8696397400204,25.719639740020398,30.0,101325.0,232.0821579482445,29.074023087360786,11.345784570463309,40884.84465340651,16.822008381300737
1955.0,32.583333333333336,279.3333333333333,False,20950.0,16358.806580043949,20000.0,0.0,40.38155492265719,-0.21684591942182335,47.73474549822017,47.629193633177756,1.1680015591018977,302.2135924871095,101324.61614569167,-0.3838543083256809,444.16075739355006,40.77836477358891,15137.300205960593,298.870287046337,25.720287046337035,30.0,101325.0,232.11974108147012,29.06359248710953,11.327323548219141,40685.59481601355,16.87865451982117
1960.0,32.666666666666664,278.6666666666667,False,20900.0,15910.648520031129,20000.0,0.0,40.31986105220278,-0.21277809387928615,47.653397823750694,47.55397007857244,1.1680414642115906,302.2033101753671,101324.6304121042,-0.36958789579512086,444.2161127717428,40.71257017461329,15137.817376182215,298.87093250542233,25.720932505422354,30.0,101325.0,232.15660139395575,29.05331017536713,11.309047270725914,40488.97764033359,16.935025750693633
1965.0,32.75,278.0,False,20850.0,15474.76798440687,20000.0,0.0,40.25876388980623,-0.215211336000429,47.58040613126225,47.47950372708957,1.1680807251550485,302.1931273149677,101324.62191086414,-0.3780891358619556,444.2701743601404,40.64745073230041,15138.326198009427,298.8715761379174,25.721576137917395,30.0,101325.0,232.19265945031725,29.043127314967705,11.290958536750114,40295.002809355174,16.991125737117027
1970.0,32.833333333333336,277.3333333333333,False,20800.0,15050.828623970856,20000.0,0.0,40.198413027584365,-0.21593415312046244,47.50621461369755,47.40580996528488,1.1681195766057526,302.1830688379307,101324.61936686952,-0.3806331304804189,444.32295423787826,40.58301128984899,15138.829712810553,298.8722179637857,25.722217963785738,30.0,101325.0,232.2279681031084,29.033068837930728,11.273058691624719,40103.664370659135,17.046958144880925
1975.0,32.916666666666664,276.6666666666667,False,20750.0,14638.503303984944,20000.0,0.0,40.13884904006477,-0.21275721233402012,47.42828010287601,47.332897594351316,1.1681580811566754,302.17314150667744,101324.63048464163,-0.3695153583685169,444.3744675750099,40.519257074764816,15139.328731790514,298.8728580032123,25.72285800321231,30.0,101325.0,232.2625476306899,29.02314150667746,11.255349187434673,39914.95758854038,17.102526632352593
1980.0,33.0,276.0,False,20700.0,14237.473851738216,20000.0,0.0,40.07985673763437,-0.21759260476488357,47.36048091651259,47.26076081199946,1.168195895844481,302.1633094562724,101324.6134976192,-0.3865023808029946,444.42473757053665,40.45619487289414,15139.818810144472,298.8734962767772,25.72349627677721,30.0,101325.0,232.29634187107052,29.013309456272395,11.23783190913726,39728.8823890618,17.15783485455926
1985.0,33.083333333333336,275.3333333333333,False,20650.0,13847.430811027525,20000.0,0.0,40.02177109927652,-0.21192464879559042,47.281258403349426,47.189422336129475,1.1682335537311608,302.15362851654606,101324.63337096517,-0.36662903483374976,444.47376870083724,40.39382552008853,15140.306856355843,298.87413280419764,25.724132804197666,30.0,101325.0,232.32945906576188,29.003628516546087,11.22050708891348,39545.42124181259,17.21288645430292
1990.0,33.166666666666664,274.6666666666667,False,20600.0,13468.07320336424,20000.0,0.0,39.96420238894234,-0.2172521667213244,47.21565402595327,47.1188656409648,1.1682704365602732,302.14403373149037,101324.61470609024,-0.3852939097560011,444.52158911778236,40.33215612276931,15140.784857821141,298.87476760631995,25.724767606319972,30.0,101325.0,232.3617908900719,28.99403373149039,11.203376700769253,39364.57521485856,17.267685062953387
1995.0,33.25,274.0,False,20550.0,13099.10829572278,20000.0,0.0,39.907501346276945,-0.21413153996470052,47.141026798406806,47.04911262828744,1.1683071044651516,302.1345835577128,101324.62569537626,-0.3743046237359522,444.5682018944801,40.2711859308828,15141.260073868365,298.8754007027767,25.72540070277671,30.0,101325.0,232.3934502594956,28.984583557712824,11.186440536356333,39186.32245730068,17.32223429744794
2000.0,33.333333333333336,273.3333333333333,False,20500.0,12740.251374651878,20000.0,0.0,39.85143443990148,-0.21536010101024114,47.072283002947536,46.9801537316553,1.1683431895727279,302.1252390733169,101324.62138797464,-0.3786120253644185,444.6136291945643,40.21091931800989,15141.727736862555,298.87603211410345,25.726032114103475,30.0,101325.0,232.4243755044832,28.975239073316914,11.169699810558305,39010.65632679098,17.376537754936894
2005.0,33.416666666666664,272.6666666666667,False,20450.0,12391.22552657413,20000.0,0.0,39.79607906722083,-0.21655894047414043,47.004324573511056,46.91199497550556,1.1683788192188038,302.1160131778701,101324.61716102286,-0.38283897713699844,444.6578824219124,40.15135690911587,15142.189497075697,298.8766618602643,25.7266618602643,30.0,101325.0,232.4545978277727,28.96601317787014,11.15315469697663,38837.559420510624,17.43059901587252
2010.0,33.5,272.0,False,20400.0,12051.761424104378,20000.0,0.0,39.7415185031241,-0.21301019017628875,46.931658221168846,46.84464221983743,1.1684141309570781,302.10691975052066,101324.62960537862,-0.3703946213790914,444.7009723977597,40.092498865505654,15142.647137203732,298.87728996117346,25.727289961173483,30.0,101325.0,232.48415017298868,28.956919750520683,11.136805240418237,38667.01324239932,17.48442163577732
2015.0,33.583333333333336,271.3333333333333,False,20350.0,11721.597118222016,20000.0,0.0,39.68751277299532,-0.2178046266505646,46.8695298700476,46.778083618896915,1.1684487492126336,302.0979187954992,101324.61274403763,-0.3872559623705456,444.74292045720614,40.03434780551446,15143.095789795732,298.8779164371643,25.72791643716431,30.0,101325.0,232.51296888393577,28.94791879549922,11.12065216819846,38499.006647760725,17.53800914958993
2020.0,33.666666666666664,270.6666666666667,False,20300.0,11400.47783613682,20000.0,0.0,39.63440189039966,-0.21201966776192407,46.795902140290785,46.712337267056014,1.1684832211766665,302.08906698173325,101324.63304212638,-0.36695787361531984,444.78372809060613,39.976900327260616,15143.542546449598,298.8785413075772,25.728541307577245,30.0,101325.0,232.54116354482494,28.939066981733276,11.104694535350172,38333.511353946466,17.591365064868892
2025.0,33.75,270.0,False,20250.0,11088.155784692373,20000.0,0.0,39.58178988379211,-0.21733040679804286,46.736017205062645,46.647382178380276,1.1685169247871232,302.08029831396533,101324.61442852474,-0.38557147525716573,444.82342124936645,39.92015963900425,15143.979345241116,298.87916459282593,25.729164592825953,30.0,101325.0,232.568623854829,28.930298313965352,11.088933233056734,38170.51841776117,17.644492863321467
2030.0,33.833333333333336,269.3333333333333,False,20200.0,10784.389959155335,20000.0,0.0,39.530031443536586,-0.21395228598251903,46.666832680879246,46.583236048924825,1.1685504318515483,302.0716719072561,101324.62632179039,-0.37367820960935205,444.86200026447904,39.864121204520444,15144.413596796066,298.87978631202316,25.72978631202318,30.0,101325.0,232.59546371173934,28.921671907256098,11.07336700125568,38009.9969031653,17.697395998961
2035.0,33.916666666666664,268.6666666666667,False,20150.0,10488.945957243075,20000.0,0.0,39.47888008627763,-0.2152635331696565,46.60392726094518,46.519884844571756,1.1685833592426387,302.06314668104625,101324.62172743908,-0.37827256091986783,444.8994854600633,39.80878597716931,15144.840335784596,298.8804064851444,25.730406485144442,30.0,101325.0,232.62161741556693,28.91314668104627,11.057996104769252,37851.93194123722,17.750077893991836
2040.0,34.0,268.0,False,20100.0,10201.595798246039,20000.0,0.0,39.428421099346906,-0.21632986684395406,46.54155221812236,46.45733121410724,1.1686158517001792,302.0547368498911,101324.61797052009,-0.382029479907942,444.9358856681047,39.7541511579858,15145.261438034324,298.8810251314988,25.731025131498825,30.0,101325.0,232.64711832153048,28.90473684989115,11.042819766107167,37696.29821831747,17.80254194271375
2045.0,34.083333333333336,267.3333333333333,False,20050.0,9922.117747105425,20000.0,0.0,39.37873265395456,-0.21259559456972263,46.4743994795561,46.395577171033494,1.1686480432210098,302.04645544232574,101324.63104582179,-0.36895417820778675,444.9712096699096,39.7002137984664,15145.678640144286,298.881642270308,25.731642270308043,30.0,101325.0,232.6719976308368,28.89645544232576,11.027837166240666,37543.07034139126,17.854791504213544
2050.0,34.166666666666664,266.6666666666667,False,20000.0,9650.296143310314,20000.0,0.0,39.3295676002075,-0.2174592072568297,46.41806987612837,46.33460731576141,1.168679551231879,302.0382612667012,101324.61397137289,-0.38602862710831687,445.00547703321075,39.64697360103643,15146.086983965151,298.8822579211602,25.732257921160226,30.0,101325.0,232.69618934051607,28.88826126670125,11.013048222510118,37392.230762839376,17.906829907758148
2055.0,34.25,266.0,False,19950.0,9385.921234482237,20000.0,0.0,39.28126915939242,-0.21169570110811065,46.35017058604912,46.27443655340173,1.1687109318921967,302.0302115265654,101324.63416269496,-0.3658373050420778,445.0386870108905,39.59442432739231,15146.493677322867,298.8828721025845,25.73287210258451,30.0,101325.0,232.71980372911366,28.880211526565404,10.99845120205342,37243.74543169589,17.958660446782133
2060.0,34.333333333333336,265.3333333333333,False,19900.0,9128.789014518828,20000.0,0.0,39.23344940933964,-0.21647623991204074,46.29535383458436,46.21504159661337,1.1687415798566714,302.02224156822325,101324.61745336778,-0.38254663221596275,445.07086348208304,39.54256646048389,15146.89087494246,298.88348483412676,25.733484834126784,30.0,101325.0,232.74273268541302,28.872241568223274,10.984046239023304,37097.59964856476,18.010286380865647
2065.0,34.416666666666664,264.6666666666667,False,19850.0,8878.701066171552,20000.0,0.0,39.18642159897581,-0.2141819555622009,46.23309653229015,46.156434994122826,1.1687720044263608,302.0144035998293,101324.62551910132,-0.37448089868121315,445.1020062218477,39.49139337639819,15147.285177365637,298.88409613406657,25.73409613406659,30.0,101325.0,232.76507744672574,28.864403599829302,10.969831493443943,36953.75899422224,18.061710935478693
2070.0,34.5,264.0,False,19800.0,8635.464407936148,20000.0,20.0,39.14025971905187,-0.21501945315081264,69.46324246461491,69.47463077969716,1.1688017451445887,302.0067099531753,101324.6225847736,-0.37741522639407776,445.13116478645463,39.44090267516043,15147.670617073869,298.8847060212705,25.73470602127054,30.0,101325.0,232.78624920869336,28.85670995317531,10.955806298655675,36812.20131052548,18.112937296801434
2075.0,34.583333333333336,263.3333333333333,False,19750.0,8398.891345137572,20000.0,20.0,39.14642050722341,-0.21381768517899769,69.40866973009626,69.4210231413694,1.1687978198570839,302.0077367512039,101324.62679181636,-0.37320818363514263,444.96942588597625,39.3952366799058,15147.619745347807,298.88531524437366,25.73531524437368,30.0,101325.0,232.7008845658408,28.857736751203902,10.943121299973834,36684.48211140794,18.16397666028889
2080.0,34.666666666666664,262.6666666666667,False,19700.0,8168.799325094553,20000.0,20.0,39.151711205347624,-0.21880776381324973,69.37050250992425,69.37666468387731,1.1687942039998247,302.0086185342246,101324.60916867343,-0.39083132657106034,444.81046429368206,39.357468103843985,15147.572883837729,298.88592451404077,25.73592451404079,30.0,101325.0,232.61703448905064,28.858618534224604,10.932630028845551,36579.07397966525,18.214854129796578
2085.0,34.75,262.0,False,19650.0,7945.010796251968,20000.0,20.0,39.15641297935281,-0.2141164704976421,69.3287004818222,69.34001941929196,1.1687913625544883,302.00940216322545,101324.62574805765,-0.3742519423540216,444.6543811435718,39.32625928013682,15147.53605870617,298.88653380756955,25.73653380756957,30.0,101325.0,232.53484429708516,28.859402163225468,10.923960911149116,36492.12594165795,18.26559801863083
2090.0,34.833333333333336,261.3333333333333,False,19600.0,7727.35307117239,20000.0,20.0,39.160208436853736,-0.2201132896213624,69.30568067895342,69.3097440185987,1.1687886692553051,302.0100347394756,101324.60449093659,-0.39550906341173686,444.5010641725999,39.30049275953324,15147.501153548756,298.887143104947,25.737143104946995,30.0,101325.0,232.45413055349545,28.860034739475623,10.91680354431479,36420.44412908528,18.316231747846626
2095.0,34.916666666666664,260.6666666666667,False,19550.0,7515.658193281031,20000.0,20.0,39.16354216322304,-0.2152231897762447,69.27522217013131,69.28477057079643,1.1687867194473127,302.01059036053715,101324.62186921292,-0.378130787081318,444.35038889385163,39.27922470197068,15147.475884037172,298.88775238656643,25.737752386566456,30.0,101325.0,232.3749464817145,28.860590360537174,10.910895750547413,36361.34769482813,18.366774658835453
2100.0,35.0,260.0,True,19500.0,257309.7628072613,20000.0,20.0,39.16516088247192,-0.23674291619460783,69.27983761608021,69.26413529305539,1.1687847595148562,302.01086014707863,101324.54247176842,-0.45752823157818057,444.20226784578625,39.26166877963555,15147.450483312536,298.88836163510297,25.73836163510299,30.0,101325.0,232.2970964042775,28.860860147078654,10.90601910545432,36312.614167475964,18.417242687906498
2105.0,35.083333333333336,259.3333333333333,True,19450.0,257109.5080330009,20000.0,20.0,39.65879503278711,0.4749055311613797,69.03307008015052,69.83076356626742,1.1684929590996829,302.0931325054645,101326.84110419206,1.8411041920626303,444.0584396627927,39.286484576034155,15143.668749931889,298.8889777598881,25.738977759888144,30.0,101325.0,232.16390412857322,28.94313250546452,10.912912382231712,36381.51313347019,18.467724720754376
2110.0,35.166666666666664,258.6666666666667,True,19400.0,256914.73934299132,20000.0,20.0,40.1264160057292,0.4664261876323617,69.14282567789458,69.91291532927322,1.1681908268395738,302.1710693342882,101326.77594602865,1.775946028647013,443.9162702036477,39.38074408883333,15139.753115840875,298.8896070313796,25.73960703137965,30.0,101325.0,232.02956426981808,29.0210693342882,10.93909558023148,36644.01090088536,18.518436890222677
2115.0,35.25,258.0,True,19350.0,256725.30644308592,20000.0,20.0,40.57748108393537,0.4578503391686345,69.31778630067376,70.0609523117159,1.1678995176889602,302.24624684732254,101326.71124027001,1.7112402700149687,443.7751229084052,39.53100251210449,15135.977749248923,298.8902489409125,25.740248940912522,30.0,101325.0,231.8979460183885,29.09624684732256,10.980834031140137,37065.06236117311,18.569623746654663
2120.0,35.333333333333336,257.3333333333333,True,19300.0,256541.0631565248,20000.0,20.0,41.01254652794137,0.4469160165506952,69.54504755586132,70.25921509569945,1.1676184673287076,302.3187577546569,101326.63048102734,1.630481027343194,443.63453642371394,39.72617738821479,15132.335336580049,298.8909030361174,25.740903036117402,30.0,101325.0,231.7686938827239,29.168757754656895,11.035049274504109,37616.77703475656,18.62148613512406
2125.0,35.416666666666664,256.6666666666667,True,19250.0,256361.8673111368,20000.0,20.0,41.43234358451116,0.43762411647668914,69.81378886725167,70.50148728795388,1.1673475328317044,302.38872393075184,101326.56338667202,1.5633866720163496,443.4941584576117,39.95697586775785,15128.824025498889,298.8915688807508,25.741568880750833,30.0,101325.0,231.64159334794607,29.23872393075186,11.09915996326607,38276.22372882682,18.67418960787655
2130.0,35.5,256.0,True,19200.0,256187.5806296318,20000.0,0.0,41.83659501266095,0.43018296623236624,46.82698835523734,47.43718042086325,1.1670868868765114,302.4560991687768,101326.51067252601,1.5106725260120584,443.35827236627716,40.21561723448786,15125.446053919588,298.892246054195,25.74224605419505,30.0,101325.0,231.51891342835933,29.306099168776825,11.171004787357738,39024.3309868648,18.727870548651335
2135.0,35.583333333333336,255.33333333333334,True,19150.0,256018.06862289828,20000.0,0.0,42.19724547133421,0.42443173653557986,47.15002370406695,47.74474209739834,1.1668545306832363,302.5162075785557,101326.47054937942,1.470549379417207,443.3958587322514,40.493044128636775,15122.434717654744,298.8929337003421,25.74293370034212,30.0,101325.0,231.49244361361,29.366207578555702,11.248067813510215,39837.541664595985,18.782635737992628
2140.0,35.666666666666664,254.66666666666666,True,19100.0,255853.2004862243,20000.0,0.0,42.54773432217462,0.4148476823406681,47.487010920711,48.06194528637722,1.1666285026906653,302.5746223870291,101326.40488652689,1.4048865268850932,443.42884971563325,40.78245306552299,15119.505394871021,298.893631094844,25.743631094844034,30.0,101325.0,231.4648228051927,29.424622387029103,11.3284591848675,40697.83301634654,18.83856308152106
2145.0,35.75,254.0,True,19050.0,255692.84899836133,20000.0,0.0,42.88852151483297,0.4103775303779424,47.834017686098925,48.395302814690105,1.1664092032046516,302.63142025247214,101326.37477320358,1.374773203584482,443.4576652354496,41.08046691917407,15116.663273532286,298.8943379576342,25.74433795763423,30.0,101325.0,231.4363512570635,29.481420252472162,11.411240810881687,41596.55496611827,18.89571196206444
2150.0,35.833333333333336,253.33333333333334,True,19000.0,255536.89042335356,20000.0,0.0,43.21950606188511,0.4018473544582469,48.18776820281251,48.73080471254213,1.166195976253974,302.6865843436475,101326.31821466355,1.318214663551771,443.482298271036,41.38427239281958,15113.899852251503,298.89505401684573,25.745054016845756,30.0,101325.0,231.40689663163963,29.53658434364752,11.495631220227661,42526.2631494709,18.95413058575582
2155.0,35.916666666666664,252.66666666666666,True,18950.0,255385.2044150563,20000.0,0.0,43.54115972531906,0.3969541876770088,48.54551453520927,49.07468993287879,1.165989100217466,302.74019328755315,101326.28630716012,1.2863071601168485,443.50276635918584,41.691509524141544,15111.218738818361,298.8957790045745,25.7457790045745,30.0,101325.0,231.37652471671905,29.590193287553177,11.580974867817096,43480.45800415366,19.01385747544584
2160.0,36.0,252.0,True,18900.0,255237.67392427046,20000.0,20.0,43.853515095959665,0.38999704815482816,72.19293923420116,72.73377442507392,1.1657881168994044,302.79225251599325,101326.24161385771,1.2416138577100355,443.5188666719678,42.00022066869818,15108.613995016281,298.89651266019627,25.746512660196288,30.0,101325.0,231.34504011896527,29.642252515993277,11.66672796352727,44453.50067093177,19.07492272452576
2165.0,36.083333333333336,251.33333333333334,True,18850.0,255094.18510842102,20000.0,20.0,44.171828622184194,0.3836675239797057,72.5536363169272,73.07469095397656,1.1655834350108505,302.845304770364,101326.20163893026,1.2016389302589232,443.35274216646303,42.30999194218825,15105.961317740623,298.89725494225877,25.74725494225879,30.0,101325.0,231.21778455804974,29.695304770364032,11.752775539496735,45444.36907036147,19.13735180073499
2170.0,36.166666666666664,250.66666666666666,True,18800.0,254954.62724370972,20000.0,20.0,44.47854938937542,0.3773564528580609,72.91479651850878,73.41644166011696,1.1653862674122075,302.8964248982292,101326.16243177562,1.1624317756213713,443.1859682882733,42.62016094808186,15103.40602566221,298.89800576555825,25.748005765558275,30.0,101325.0,231.09171087836603,29.746424898229236,11.838933596689406,46451.153880416976,19.201168136117474
2175.0,36.25,250.0,True,18750.0,254818.8926396747,20000.0,20.0,44.77400961342414,0.37260463434080565,73.27429645535541,73.75869648617129,1.1651965010627408,302.945668268904,101326.13334051863,1.1333405186305754,443.0193780638051,42.92890409736084,15100.94665377312,298.8987648094822,25.748764809482225,30.0,101325.0,230.96722945911876,29.795668268904024,11.924695582600233,47467.96962937698,19.266389749665944
2180.0,36.333333333333336,249.33333333333334,True,18700.0,254686.87655609063,20000.0,20.0,45.058441507479984,0.365749887378459,73.63040495465172,74.0954372694384,1.1650137231494344,302.99307358458,101326.09202432749,1.092024327488616,442.8530266741363,43.234734636643154,15098.57785201667,298.8995317637479,25.74953176374794,30.0,101325.0,230.8442855647695,29.843073584579997,12.009648510178655,48489.7163451142,19.333027031592675
2185.0,36.416666666666664,248.66666666666666,True,18650.0,254558.4771221454,20000.0,20.0,45.33226551150244,0.3593884974112365,73.98171389187397,74.42828265917085,1.1648378403265465,303.0387109185837,101326.05436809854,1.0543680985429091,442.6869791125723,43.53644325055627,15096.298410632042,298.90030632703855,25.750306327038572,30.0,101325.0,230.72289296067783,29.88871091858374,12.093456458487852,49511.95655365059,19.40108374888348
2190.0,36.5,248.0,False,18600.0,124433.59525783107,20000.0,20.0,45.59579849889485,0.35414209579129396,74.32709201087718,74.75682226692935,1.1646686829672814,303.0826330831491,101326.0238091756,1.0238091756036738,442.52130737179533,43.83305840183681,15094.106131255967,298.9010882075518,25.751088207551845,30.0,101325.0,230.60305396862518,29.932633083149142,12.17584955606578,50530.8463913519,19.470557917595286
2195.0,36.583333333333336,247.33333333333334,False,18550.0,121024.6718514501,20000.0,20.0,45.58978890119056,0.0353919613715538,74.64139032381134,74.69945493860253,1.1646608814238846,303.08163148353174,101325.01022523208,0.010225232079392299,442.3558063608605,44.10298181767808,15094.005023253545,298.9018734533478,25.751873453347798,30.0,101325.0,230.5152653279177,29.93163148353176,12.250828282688355,51470.11162971157,19.541391916221023
2200.0,36.666666666666664,246.66666666666666,False,18500.0,117709.13768425728,20000.0,20.0,45.58171961058372,0.035494681690485426,74.90651562108295,74.96509239432467,1.164666050147583,303.08028660176393,101325.01028467288,0.010284672884154133,442.1911083038802,44.3306748179917,15094.072009912674,298.9026584106992,25.752658410699212,30.0,101325.0,230.4304624474149,29.930286601763953,12.314076338331027,52271.41749063808,19.613434644776824
2205.0,36.75,246.0,False,18450.0,114484.43430921332,20000.0,20.0,45.56738568707817,-0.06312060419594868,75.20242684843521,75.14677842585854,1.1646747384703562,303.077897614513,101324.96747583123,-0.032524168767849915,442.0276286472577,44.52168656508661,15094.184610575816,298.9034429109038,25.7534429109038,30.0,101325.0,230.34698982837193,29.92789761451303,12.367135156968503,52950.013354641706,19.68650508286382
2210.0,36.833333333333336,245.33333333333334,False,18400.0,111348.07336927335,20000.0,20.0,45.547757698344526,-0.0272083641022594,75.34582892958709,75.33287346333937,1.1646876141412095,303.0746262830574,101324.99395677488,-0.006043225119356066,441.8656398879497,44.68075434878441,15094.351479270073,298.90422679215334,25.75422679215336,30.0,101325.0,230.2651207338907,29.92462628305742,12.411320652440114,53519.585419884665,19.76044230423502
2215.0,36.916666666666664,244.66666666666666,False,18350.0,108297.6346772349,20000.0,20.0,45.52306869675067,0.08671117255831616,75.46690292670556,75.58773478453114,1.16470420226977,303.0705114494584,101325.06137818324,0.06137818323622923,441.7053819755445,44.81194261200442,15094.566461416218,298.90500990251456,25.755009902514587,30.0,101325.0,230.18488546929055,29.920511449458445,12.447761836667896,53992.39144237639,19.83510339927826
2220.0,37.0,244.0,False,18300.0,105330.76434818938,20000.0,0.0,45.49255658510788,-0.07830320671429639,52.39448625956926,52.317880152439464,1.1647224647927057,303.06542609751796,101324.94994781892,-0.050052181075443514,441.5468384339877,44.91875252165834,15094.803143713467,298.9057921010978,25.755792101097825,30.0,101325.0,230.10587204266156,29.91542609751798,12.477431256016205,54379.387313020125,19.910361578969507
2225.0,37.083333333333336,243.33333333333334,False,18250.0,102445.17298313603,20000.0,0.0,45.45415488000492,-0.065195785979988,52.47836214576415,52.41816084654518,1.1647472389921605,303.05902581333413,101324.96530211829,-0.03469788171059918,441.5539893993843,45.00389362751517,15095.1242173384,298.9065732025604,25.756573202560446,30.0,101325.0,230.11449320719447,29.909025813334154,12.501081563198658,54689.19350031536,19.98610364897877
2230.0,37.166666666666664,242.66666666666666,False,18200.0,99638.63390235689,20000.0,0.0,45.41122062533941,-0.07125463846907269,52.56204383771323,52.49604661752115,1.1647746636089382,303.0518701042232,101324.95855327752,-0.041446722476393916,441.56004119181983,45.069701683643586,15095.47964037184,298.9073530262818,25.757353026281805,30.0,101325.0,230.12306532711207,29.901870104223235,12.519361578789885,54929.456364361846,20.062227711384796
2235.0,37.25,242.0,False,18150.0,96908.9814271891,20000.0,0.0,45.364268105415704,-0.05934216730699589,52.60497924656925,52.55423490096937,1.1648048872470784,303.0440446842359,101324.97125311983,-0.02874688016891014,441.5644299113057,45.11848763373326,15095.871338722138,298.9081314535097,25.758131453509748,30.0,101325.0,230.13132385404762,29.89404468423595,12.532913231592573,55108.025607916345,20.1386426294211
2240.0,37.333333333333336,241.33333333333334,False,18100.0,94254.10920886917,20000.0,0.0,45.31350359401449,-0.033797321182289314,52.614542223290684,52.59503447355344,1.1648376318733926,303.0355839323357,101324.9906754374,-0.009324562604888342,441.56732962884456,45.1522452867234,15096.29570907917,298.9089083723826,25.75890837238262,30.0,101325.0,230.1393045290719,29.88558393233575,12.542290357423168,55231.813656222526,20.215267517798974
2245.0,37.416666666666664,240.66666666666666,False,18050.0,91671.96860315939,20000.0,0.0,45.25880846052098,-0.08305072744211482,52.695733877534096,52.62044307448092,1.1648721332275975,303.0264680767535,101324.94369450344,-0.05630549656052608,441.56888422847913,45.172720312813695,15096.742846629664,298.9096836814065,25.7596836814065,30.0,101325.0,230.1469312923969,29.876468076753497,12.547977864670472,55306.98504861625,20.29203057245511
2250.0,37.5,240.0,False,18000.0,89160.56708950213,20000.0,0.0,45.20082226041609,-0.10691910448330941,52.73364554774029,52.63222593501134,1.1649088599157345,303.0168037100693,101324.9066800416,-0.09331995839602314,441.56920215335043,45.181410963617,15097.21882450792,298.91045728301515,25.76045728301517,30.0,101325.0,230.15435319184763,29.866803710069348,12.550391934338053,55338.91224947342,20.36886800113434
2255.0,37.583333333333336,239.33333333333334,False,17950.0,86717.96673348233,20000.0,0.0,45.139891079139716,-0.10969815209754667,52.73481934740742,52.63192424734118,1.1649478450641018,303.00664851318993,101324.90176584022,-0.09823415978462435,441.568398677327,45.17963999018779,15097.72407203076,298.911229089375,25.761229089375036,30.0,101325.0,230.1616367972172,29.856648513189953,12.549899997274386,55332.405155092725,20.445723082665292
2260.0,37.666666666666664,238.66666666666666,False,17900.0,84342.28269141147,20000.0,0.0,45.07604428255456,-0.11548134555553655,52.72864354282021,52.62085085189587,1.164988635471187,302.99600738042574,101324.89113517411,-0.10886482588830404,441.56658066108906,45.16855293666709,15098.252715706582,298.9119990174261,25.76199901742615,30.0,101325.0,230.16874820928413,29.84600738042576,12.546820260185305,55291.67954480343,20.52254536370689
2265.0,37.75,238.0,False,17850.0,82031.6817558795,20000.0,0.0,45.009553702779726,-0.11807291109045717,52.70906737931744,52.600166847194664,1.165031188463826,302.98492561712993,101324.88619418503,-0.11380581496632658,441.56383856188586,45.14914911123677,15098.804202491187,298.9127669895051,25.76276698950511,30.0,101325.0,230.17572609014755,29.834925617129954,12.54143030867688,55220.45238324014,20.59928989976803
2270.0,37.833333333333336,237.33333333333334,False,17800.0,79784.38094115187,20000.0,0.0,44.940698154120355,-0.10946094209593926,52.66779811741171,52.570907845977125,1.1650755010460205,302.97344969235337,101324.90219022168,-0.09780977832269855,441.56025274145554,45.12231850964015,15099.378493556425,298.9135329359502,25.763532935950195,30.0,101325.0,230.18261168069523,29.823449692353392,12.533977363788932,55122.063972944554,20.675916647237603
2275.0,37.916666666666664,236.66666666666666,False,17750.0,77598.64610732057,20000.0,0.0,44.86932065455653,-0.12567352700142034,52.6476910800492,52.53394683674809,1.165120891683202,302.96155344242607,101324.87107073152,-0.1289292684814427,441.55590784922146,45.088837743570515,15099.966756214299,298.9142967912445,25.764296791244533,30.0,101325.0,230.1893144025682,29.81155344242609,12.52467715099181,54999.45325970602,20.75238992309361
2280.0,38.0,236.0,False,17700.0,75472.79062214708,20000.0,0.0,44.796295893857405,-0.09443344893317734,52.5653707848913,52.49011165806107,1.1651683451326709,302.9493826489762,101324.92720264263,-0.07279735736665316,441.55085043199324,45.04938009801865,15100.581752919414,298.9150584927946,25.76505849279465,30.0,101325.0,230.19605302291737,29.799382648976234,12.513716693894068,54855.18803944339,20.82867786844024
2285.0,38.083333333333336,235.33333333333331,False,17650.0,73405.17405956502,20000.0,0.0,44.720863277298236,-0.11673291014021724,52.53914873858578,52.44004595671656,1.165216258432814,302.93681054621635,101324.88876267502,-0.1112373249779921,441.54516837503854,45.0045608076625,15101.20270928927,298.9158179863908,25.7658179863908,30.0,101325.0,230.20255661755203,29.786810546216373,12.50126689101736,54691.625828865035,20.904752044737677
2290.0,38.166666666666664,234.66666666666669,False,17600.0,71394.20093383775,20000.0,0.0,44.643760567242566,-0.127436331849988,52.49381357772509,52.384418236080926,1.165265443161475,302.9239600945404,101324.86742841898,-0.1325715810235124,441.5388991441184,44.9549229692739,15101.840143372718,298.9165752216124,25.766575221612413,30.0,101325.0,230.20900501136688,29.773960094540428,12.487478602576084,54510.85875508175,20.980587103476527
2295.0,38.25,234.0,False,17550.0,69438.3194683948,20000.0,0.0,44.564920446445626,-0.14863115309945785,52.45564867056908,52.32377230654495,1.165315442075759,302.9108200744076,101324.81966351288,-0.18033648711571004,441.5320984347097,44.90095163704464,15102.488129301835,298.91733015276805,25.767330152768068,30.0,101325.0,230.21533686340618,29.760820074407604,12.472486565845735,54314.76279082921,21.0561604517723
2300.0,38.333333333333336,233.33333333333331,False,17500.0,67536.02039839608,20000.0,0.0,44.48495153500846,-0.1421790192831205,52.380745699445875,52.25863638882933,1.165366894669709,302.8974919225014,101324.83498062429,-0.16501937570865266,441.52479707331827,44.84307614010315,15103.15495491943,298.9180827374506,25.76808273745064,30.0,101325.0,230.2216945381935,29.74749192250141,12.456410038917541,54105.00484503894,21.131451957074987
2305.0,38.416666666666664,232.66666666666669,False,17450.0,65685.83580610105,20000.0,0.0,44.403400978364175,-0.15751151966766924,52.32710776286546,52.18940838472949,1.1654187584746973,302.8839001630607,101324.79747037691,-0.20252962308586575,441.51705277549587,44.78167869293189,15103.827109832077,298.91883293684555,25.76883293684557,30.0,101325.0,230.22790214338912,29.733900163060696,12.43935519248108,53883.0733917141,21.206443678072734
2310.0,38.5,232.0,False,17400.0,63886.33798814323,20000.0,0.0,44.32080558097016,-0.16192645648213266,52.25707301189599,52.11652973950059,1.1654715960741415,302.870134263495,101324.78595773625,-0.21404226374579594,441.5088898532279,44.71711701516679,15104.511885120875,298.9195807182926,25.769580718292616,30.0,101325.0,230.23408345789446,29.720134263495027,12.421421393101886,53650.35978346447,21.281119673333272
2315.0,38.583333333333336,231.33333333333331,False,17350.0,62136.13835383635,20000.0,0.0,44.237313445244126,-0.15476482410109024,52.1702384194317,52.04036227158017,1.165525359049183,302.85621890754066,101324.80447223854,-0.19552776146156248,441.50034054967637,44.649703987593945,15105.20865327741,298.92032605079885,25.77032605079887,30.0,101325.0,230.24024569123964,29.706218907540688,12.402695552109428,53408.084535454895,21.35546581522141
2320.0,38.666666666666664,230.66666666666669,False,17300.0,60433.88635366209,20000.0,0.0,44.15271468692754,-0.16092328141425838,52.0959224609941,51.961207500302216,1.165579441280845,302.8421191144879,101324.78860161224,-0.21139838776434772,441.4914442957416,44.579722033534246,15105.90955899975,298.92106890675336,25.771068906753385,30.0,101325.0,230.24628963734582,29.692119114487923,12.38325612042618,53157.34959021082,21.42946958891979
2325.0,38.75,230.0,False,17250.0,58778.26843711233,20000.0,0.0,44.067233988526596,-0.17139977152326874,52.02395361856787,51.879380501956454,1.1656339499576878,302.8278723314211,101324.76018055773,-0.23981944227125496,441.48222458662724,44.50743777996485,15106.615991451634,298.9218092634639,25.771809263463922,30.0,101325.0,230.25224869436374,29.6778723314211,12.363177161101348,52899.191026220324,21.503119964347867
2330.0,38.833333333333336,229.33333333333331,False,17200.0,57168.00703908201,20000.0,0.0,43.981161646885994,-0.17337004543098392,51.939671256372065,51.79516284407183,1.1656891065291095,302.81352694114764,101324.75463532528,-0.24536467471625656,441.4727002948614,44.43308473413997,15107.330820617259,298.92254709960775,25.772547099607777,30.0,101325.0,230.25817641948564,29.663526941147666,12.342523537261103,52634.51736082089,21.576407261838867
2335.0,38.916666666666664,228.66666666666669,False,17150.0,55601.85959403008,20000.0,0.0,43.89450103358365,-0.17402445032686756,51.851700330427846,51.708796980471654,1.1657446882375428,302.79908350559725,101324.75277951582,-0.24722048417606857,441.4628961632683,44.35687977154651,15108.051159558554,298.9232823974451,25.773282397445143,30.0,101325.0,230.26404168731935,29.649083505597275,12.321355492096252,52364.169063059024,21.649323016299896
2340.0,39.0,228.0,False,17100.0,54078.617577148245,20000.0,0.0,43.807368195813524,-0.17199680595586184,51.7586836259059,51.620515040774286,1.1658006655295245,302.7845613659689,101324.7585069285,-0.24149307150219101,441.4528312798508,44.279023478964525,15108.776625262639,298.9240151422621,25.7740151422621,30.0,101325.0,230.2698485906198,29.63456136596892,12.299728744156813,52088.92009823261,21.72185988377301
2345.0,39.083333333333336,227.33333333333331,False,17050.0,52597.105571797234,20000.0,0.0,43.71964997917098,-0.1811730631533925,51.6770026333258,51.530512628033726,1.165856653572284,302.76994166319514,101324.73205160153,-0.2679483984684339,441.4425293425342,44.19969853938719,15109.502230296801,298.9247453216671,25.774745321667126,30.0,101325.0,230.27553345562544,29.619941663195164,12.277694038718664,51809.472705309396,21.79401154544214
2350.0,39.166666666666664,226.66666666666669,False,17000.0,51156.18036249123,20000.0,0.0,43.63175598220016,-0.17971180168987505,51.58141911885462,51.439003977316126,1.1659131137924499,302.7552926637,101324.73635647619,-0.2636435238091508,441.43199671586837,44.11907145464447,15110.23395475015,298.9254729254547,25.77547292545472,30.0,101325.0,230.28119072159942,29.605292663700027,12.25529762629013,51526.46411655875,21.865772612679546
2355.0,39.25,226.0,False,16950.0,49754.73005273039,20000.0,0.0,43.543484269170335,-0.1864033138619106,51.493995537380044,51.346149883576516,1.1659695422617624,302.74058071152837,101324.71635758842,-0.2836424115812406,441.4212559107903,44.03729945121432,15110.96526771244,298.9261979463467,25.776197946346713,30.0,101325.0,230.28673257902435,29.59058071152839,12.232583180892865,51240.491345652976,21.937138553972748
2360.0,39.333333333333336,225.33333333333331,False,16900.0,48391.67320700091,20000.0,0.0,43.45520755295911,-0.18199677566447262,51.39248059309551,51.25213331445519,1.166026362072581,302.72586792549316,101324.7296095808,-0.2703904192021582,441.41031091132817,43.9545236553279,15111.701652460652,298.92692037854175,25.776920378541774,30.0,101325.0,230.29224465261373,29.575867925493185,12.209589904257749,50952.08777101258,22.008105622803768
2365.0,39.416666666666664,224.66666666666669,False,16850.0,47065.958016280325,20000.0,0.0,43.36665144583833,-0.18889778237030566,51.30312107509938,51.15708568983352,1.1660829738139273,302.71110857430637,101324.7087153291,-0.2912846708932193,441.3991831256309,43.870879550288926,15112.435340628499,298.9276402191237,25.777640219123725,30.0,101325.0,230.29761970890362,29.561108574306388,12.186355430635812,50661.76019479241,22.078670795002246
2370.0,39.5,224.0,False,16800.0,45776.56148640433,20000.0,0.0,43.2780912630127,-0.1936248298838116,51.210360887744365,51.06116142634508,1.1661396642820407,302.6963485438354,101324.69395449186,-0.3060455081431428,441.387876429136,43.786488866050185,15113.170049095248,298.9283574664453,25.7783574664453,30.0,101325.0,230.30291639907793,29.54634854383545,12.16291357390283,50369.961051154074,22.14883171253415
2375.0,39.583333333333336,223.33333333333331,False,16750.0,44522.48864866866,20000.0,0.0,43.18962300290593,-0.19439682675777975,51.11225902416172,50.964493890986944,1.1661964429966478,302.68160383381763,101324.69150917344,-0.3084908265591366,441.37639863927217,43.70146573250476,15113.905901236556,298.92907212089114,25.779072120891158,30.0,101325.0,230.30814066744347,29.531603833817655,12.139296036806876,50077.110339465435,22.21858662322208
2380.0,39.666666666666664,222.66666666666669,False,16700.0,43302.771792056934,20000.0,0.0,43.101257496083576,-0.1943225847244581,51.012559753450844,50.86720238633523,1.1662531921115535,302.66687624934724,101324.69174475972,-0.3082552402775036,441.3647588458091,43.61591696416958,15114.641369765734,298.9297841846906,25.77978418469064,30.0,101325.0,230.31327397040388,29.516876249347263,12.115532490047105,49783.59700728182,22.287934336657322
2385.0,39.75,222.0,False,16650.0,42116.46971650209,20000.0,0.0,43.0130257366834,-0.1949829802665133,50.9132194220107,50.769399217029,1.1663098339777287,302.6521709561139,101324.68964601964,-0.31035398035601247,441.3529644186417,43.52994181990106,15115.375448351364,298.93049366166565,25.780493661665673,30.0,101325.0,230.31830480820534,29.5021709561139,12.091650505528072,49489.77854871489,22.35687418079343
2390.0,39.833333333333336,221.33333333333331,False,16600.0,40962.66700660504,20000.0,0.0,42.92497833723496,-0.19653764138121246,50.814531406018304,50.67119034413133,1.1663663298895792,302.63749638953914,101324.68467718792,-0.31532281207910273,441.34102110916075,43.443632626919545,15116.107635368946,298.931200557139,25.781200557139016,30.0,101325.0,230.32322852905253,29.48749638953916,12.067675729699873,49195.9835825449,22.42540596005125
2395.0,39.916666666666664,220.66666666666669,False,16550.0,39840.47332525019,20000.0,0.0,42.837166903217394,-0.19887601073142494,50.716467178285946,50.572674834841045,1.1664226500071735,302.6228611505362,101324.67712924372,-0.32287075628119055,441.3289336728605,43.357075443048046,15116.837544092969,298.93190487786364,25.781904877863667,30.0,101325.0,230.32804171351873,29.472861150536232,12.043632067513347,48902.514528734195,22.493529917072973
2400.0,40.0,220.0,False,16500.0,38749.02272657279,20000.0,0.0,42.74964052149835,-0.20184738189688278,50.618944726101624,50.4739451656284,1.1664787674331403,302.6082734202497,101324.66740926058,-0.3325907394173555,441.3167058890406,43.27035054113957,15117.5648259335,298.93260663193627,25.78260663193629,30.0,101325.0,230.3327410149075,29.458273420249725,12.019541816983214,48609.64964760678,22.561246697750985
2405.0,40.083333333333336,219.0,False,16425.0,37687.472987747824,20000.0,0.0,42.662427885684,-0.20490319241244892,50.52141084514854,50.375087127968435,1.1665346837708381,302.5937379809473,101324.65726270807,-0.3427372919250047,441.3040811951502,43.18353138470802,15118.289501670062,298.9333058284624,25.783305828462403,30.0,101325.0,230.33719283059645,29.443737980947333,11.995425384641115,48317.63998753649,22.62855731555317
2410.0,40.166666666666664,218.0,False,16350.0,36655.004959084974,20000.0,0.0,42.57557159022224,-0.20661769843593972,50.422279515364124,50.27617621765292,1.1665904270114915,302.5792619317037,101324.65150307505,-0.34849692495481577,441.29080718701414,43.096681623256345,15119.011934068929,298.93400247681484,25.784002476814862,30.0,101325.0,230.3412709132123,29.429261931703707,11.971300450904542,48026.69980457887,22.695463107075472
2415.0,40.25,217.0,False,16275.0,35650.821931928,20000.0,0.0,42.48913620455471,-0.20560618004706807,50.32000712198503,50.17728193611187,1.1666460105994747,302.56485603409243,101324.65490692838,-0.34509307162079494,441.2768936962471,43.00986030057956,15119.732297369192,298.9346965872972,25.78469658729722,30.0,101325.0,230.34498300380798,29.414856034092452,11.947183416827656,47737.02457821993,22.761965693452417
2420.0,40.333333333333336,216.0,False,16200.0,34674.14902387088,20000.0,0.0,42.403135290807086,-0.20322633809585697,50.21624013880823,50.07846736633877,1.1667013725042945,302.5505225484678,101324.66284943269,-0.33715056731307413,441.262351218788,42.92312372860814,15120.449787655656,298.9353881713565,25.785388171356544,30.0,101325.0,230.34832228973247,29.400522548467848,11.923089924613372,47448.79755194152,22.828066958820585
2425.0,40.416666666666664,215.0,False,16125.0,33724.23258081628,20000.0,0.0,42.31747027713095,-0.20723629788968434,50.120075246944396,49.979785769592866,1.1667562775736393,302.53624504618847,101324.64941319867,-0.3505868013307918,441.2471927393753,42.836526128258534,15121.161357354365,298.9360772416031,25.786077241603095,30.0,101325.0,230.35124908137126,29.386245046188492,11.899035035627369,47162.19205379521,22.89376903493568
2430.0,40.5,214.0,False,16050.0,32800.33959541494,20000.0,0.0,42.232274591733244,-0.21168812755725253,50.02464388722922,49.88130058091602,1.1668108655389084,302.52204576528885,101324.63418887062,-0.36581112937710714,441.23142378339134,42.75011662483758,15121.868817384255,298.9367638112307,25.786763811230742,30.0,101325.0,230.35379381326982,29.372045765288874,11.875032395788216,46877.36177657014,22.959074280651212
2435.0,40.583333333333336,213.0,False,15975.0,31901.7571414372,20000.0,0.0,42.147704131227556,-0.2095453674779676,49.92180640936589,49.78307331588248,1.1668653168592884,302.5079506885379,101324.6415570528,-0.35844294719572645,441.21504855668917,42.66394124206007,15122.574506496378,298.93744789426415,25.787447894264176,30.0,101325.0,230.35599426849976,29.357950688537926,11.85109478946113,46594.447676880474,23.02398525943833
2440.0,40.666666666666664,212.0,False,15900.0,31027.79182364027,20000.0,0.0,42.06364403963039,-0.20890509261158455,49.82104432088416,49.68514697435398,1.1669193854472335,302.4939406732717,101324.64374418189,-0.3562558181147324,441.1980784744653,42.5780457450466,15123.275235396146,298.9381295059488,25.788129505948802,30.0,101325.0,230.3578077864902,29.34394067327173,11.827234929179612,46313.587485896685,23.08850472830137
2445.0,40.75,211.0,False,15825.0,30177.76924270655,20000.0,0.0,41.98003296426043,-0.2146845055783,49.728132739557175,49.587564703344604,1.1669729149707382,302.4800054940434,101324.62375969849,-0.3762403015134623,441.1805227886079,42.492472676272875,15123.968978020768,298.93880866218865,25.78880866218867,30.0,101325.0,230.3592083038229,29.330005494043405,11.80346463229802,46034.90612301238,23.15263562664089
2450.0,40.833333333333336,210.0,False,15750.0,29351.033474840428,20000.0,0.0,41.89716661917248,-0.21165713705509834,49.625384684133465,49.490387147717954,1.1670263220479486,302.4661944365287,101324.63429597007,-0.3657040299294749,441.16237986248024,42.4072586990755,15124.661133741414,298.9394853790357,25.78948537903574,30.0,101325.0,230.36027717312226,29.316194436528747,11.779794083076528,45758.50733936194,23.21638105265643
2455.0,40.916666666666664,209.0,False,15675.0,28546.94656562161,20000.0,0.0,41.81482173393988,-0.21356871175635328,49.52885121845029,49.393642893780296,1.1670792008528894,302.45247028898996,101324.62766045191,-0.3723395480919862,441.14366253392717,42.32244294790271,15125.346443053446,298.940159673995,25.79015967399505,30.0,101325.0,230.36094095615098,29.30247028898998,11.756234152195196,45484.50105348284,23.27974425292924
2460.0,41.0,208.0,False,15600.0,27764.888037724744,20000.0,0.0,41.73308715683311,-0.2165825721263563,49.434104202724725,49.297375503620096,1.1671316464503099,302.43884785947216,101324.6170774649,-0.3829225350928027,441.1243741180846,42.238059137160846,15126.026137996016,298.94083156466087,25.79083156466089,30.0,101325.0,230.3612201199122,29.288847859472185,11.732794204766902,45212.977881857994,23.342728613301006
2465.0,41.083333333333336,207.0,False,15525.0,27004.254412125236,20000.0,0.0,41.652128563319025,-0.21260929337724752,49.331760225044086,49.20163045818539,1.167183879897722,302.42535476055315,101324.6309982724,-0.3690017275948776,441.10451525873805,42.15413809732947,15126.703083474478,298.94150106906886,25.791501069068886,30.0,101325.0,230.36115860062654,29.27535476055317,11.709482804813742,44944.0176305099,23.405337637962372
2470.0,41.166666666666664,206.0,False,15450.0,26264.458742421903,20000.0,0.0,41.57165353858625,-0.21877667071631954,49.24180128773918,49.106425168962396,1.1672353963733688,302.411942256431,101324.60927974163,-0.390720258365036,441.08409935663315,42.07071283267913,15127.37073699886,298.9421682064692,25.792168206469228,30.0,101325.0,230.360663733136,29.26194225643104,11.686309120188646,44677.70562150994,23.467574945776278
2475.0,41.25,205.0,False,15375.0,25544.93016191716,20000.0,0.0,41.49206422171824,-0.21380325050816948,49.139475549271985,49.01181357587399,1.1672868001273935,302.39867737028635,101324.62684220467,-0.3731577953294618,441.0631194102437,41.98780759837686,15128.03692965102,298.94283299547016,25.792832995470178,30.0,101325.0,230.35985108838346,29.248677370286373,11.663279888438018,44414.09792357082,23.529444253793695
2480.0,41.333333333333336,204.0,False,15300.0,24845.113443105078,20000.0,0.0,41.412972682634404,-0.21981048079292678,49.05057610737599,48.917803547764024,1.1673374408099382,302.3854954471057,101324.60557838803,-0.3944216119707562,441.0415907585499,41.905452389005184,15128.693232896798,298.94349545636675,25.79349545636677,30.0,101325.0,230.3586003043277,29.235495447105734,11.640403441390328,44153.26772581468,23.59094936882799
2485.0,41.416666666666664,203.0,False,15225.0,24164.46856922757,20000.0,0.0,41.334779051565306,-0.21560175947921284,48.95044537401485,48.82444450206408,1.1673879254772042,302.37246317526086,101324.62053780661,-0.37946219339210074,441.01950574292636,41.82366755430133,15129.347514184565,298.94415560855737,25.79415560855739,30.0,101325.0,230.3570271539174,29.222463175260884,11.61768543175037,43895.256569515135,23.65209417736641
2490.0,41.5,202.0,False,15150.0,23502.47031756802,20000.0,0.0,41.25713655463767,-0.2207741501986447,48.86193240233769,48.7317427452267,1.1674376751816333,302.35952275910626,101324.60211244575,-0.3978875542525202,440.9968778079766,41.7424790900678,15129.992270353969,298.9448134730077,25.794813473007707,30.0,101325.0,230.35502439081793,29.209522759106278,11.59513308057439,43640.12292661219,23.712882635349835
2495.0,41.583333333333336,201.0,False,15075.0,22858.607854160746,20000.0,0.0,41.180398374993956,-0.21668632971542814,48.76335137902739,48.63974110969087,1.1674872276570745,302.34673306249897,101324.61671048583,-0.38328951416769996,440.97370002549945,41.66190426536966,15130.634470435685,298.9454690698403,25.79546906984035,30.0,101325.0,230.3526944803208,29.196733062498993,11.572751184824906,43387.89697469478,23.773318760281295
2500.0,41.666666666666664,200.0,False,15000.0,22232.384339603657,20000.0,0.0,41.10423212495766,-0.22191858009601717,48.67636342327105,48.548443177511786,1.1675360321434838,302.3340386874929,101324.59797668415,-0.40202331585169304,440.9499848072117,41.581965644676096,15131.26697657955,298.94612242059316,25.79612242059318,30.0,101325.0,230.34993521317364,29.184038687492944,11.550546012410026,43138.62478919126,23.83340662261733
2505.0,41.75,199.0,False,14925.0,21623.316545669913,20000.0,0.0,41.029003179147026,-0.21714011939928182,48.57847606669114,48.45788884739497,1.1675846506354592,302.3215005298578,101324.61510341671,-0.38489658328762744,440.9257243476455,41.50267719006216,15131.897072235552,298.94677354589203,25.79677354589205,30.0,101325.0,230.3468533733403,29.171500529857838,11.528521441683933,42892.32495846451,23.893150337719867
2510.0,41.833333333333336,198.0,False,14850.0,21030.934482422574,20000.0,0.0,40.954337213350186,-0.22300898020316406,48.49376674710671,48.36807620458559,1.1676324703884637,302.309056202225,101324.59401628366,-0.40598371633677743,440.9009317175843,41.42405888086844,15132.516816234489,298.94742246781243,25.797422467812453,30.0,101325.0,230.34333488150605,29.15905620222503,11.506683022463454,42649.03426976434,23.95255405940614
2515.0,41.916666666666664,197.0,False,14775.0,20454.781035544784,20000.0,0.0,40.88064154057918,-0.21789641926320033,48.397063437759336,48.279044185241546,1.167680124491188,302.2967735900965,101324.61241755488,-0.38758244512428064,440.87559746655376,41.34612140142314,15133.134413405798,298.9480692073226,25.798069207322612,30.0,101325.0,230.33949967726605,29.14677359009653,11.48503372261754,42408.76025744738,24.011621972272255
2520.0,42.0,196.0,False,14700.0,19894.411613605433,20000.0,0.0,40.807518877619714,-0.22352030119038777,48.31367472265795,48.190786708205565,1.1677269679278177,302.28458647960326,101324.59215244862,-0.4078475513815647,440.8497348531036,41.26888222314692,15133.741504344518,298.9487137868909,25.798713786890914,30.0,101325.0,230.33522742897304,29.134586479603286,11.463578395318587,42171.53106109407,24.07035828568791
2525.0,42.083333333333336,195.0,False,14625.0,19349.39380498812,20000.0,0.0,40.73534815438666,-0.21976093013487147,48.22018305983955,48.103338260974525,1.1677735925424018,302.2725580257311,101324.60575619254,-0.3942438074591337,440.823334857251,41.19234975698245,15134.345759349526,298.94935622784317,25.79935622784319,30.0,101325.0,230.3306301533962,29.12255802573111,11.44231937693957,41937.34664872182,24.12876722854195
2530.0,42.166666666666664,194.0,False,14550.0,18819.30704421878,20000.0,0.0,40.66383031241139,-0.22288900607642864,48.13555031366211,48.016695393368835,1.1678195133879132,302.2606383854019,101324.59445298751,-0.40554701248765923,440.7964075485087,41.11653799487352,15134.940893507355,298.9499965527386,25.799996552738605,30.0,101325.0,230.32561744151806,29.1106383854019,11.421260554131532,41706.22390001068,24.186853041423014
2535.0,42.25,193.0,False,14475.0,18303.74228743442,20000.0,0.0,40.59316332242702,-0.22246519202767479,48.04763019121671,47.9308802635108,1.1678650379576518,302.2488605537378,101324.59599378234,-0.40400621766457334,440.7689487225171,41.04145488192004,15135.530891931166,298.950634783423,25.80063478342305,30.0,101325.0,230.32024773154274,29.098860553737836,11.400404133866678,41478.1610502919,24.24461997541628
2540.0,42.333333333333336,192.0,False,14400.0,17802.30169674255,20000.0,0.0,40.523301518368385,-0.22107531722555646,47.95944432025991,47.845900569622394,1.1679100877518578,302.23721691972804,101324.60102615603,-0.39897384397045244,440.74096094053,40.96710960149534,15136.114737264077,298.9512709421994,25.801270942199437,30.0,101325.0,230.31450686368078,29.087216919728064,11.379752667082037,41253.16004609608,24.302072281733217
2545.0,42.416666666666664,191.0,False,14325.0,17314.59833322777,20000.0,0.0,40.45413368284346,-0.2247556420757902,47.87803179236459,47.761759623696534,1.1679544816403744,302.22568894714055,101324.5876318478,-0.41236815220327117,440.7124484686651,40.89351115517436,15136.690082059251,298.95190505156273,25.801905051562755,30.0,101325.0,230.30836133621352,29.075688947140577,11.3593086542151,41031.22221149107,24.359214213856543
2550.0,42.5,190.0,False,14250.0,16840.255858368593,20000.0,0.0,40.38591914671201,-0.21973614699549981,47.787363603572096,47.6784791852291,1.167998629213041,302.2143198577853,101324.60584510778,-0.3941548922157381,440.6834049934347,40.820663648683635,15137.262234601012,298.95253713339963,25.802537133399653,30.0,101325.0,230.301888605033,29.064319857785335,11.339073235745454,40812.33412823389,24.416050016870237
2555.0,42.583333333333336,189.0,False,14175.0,16378.908243634109,20000.0,0.0,40.31829954016234,-0.22517699050839635,47.709760966388814,47.596047320613714,1.1680419591094773,302.20304992336037,101324.58608426894,-0.41391573105647694,440.65384150597896,40.748576666630406,15137.823790058826,298.9531672106676,25.803167210667596,30.0,101325.0,230.29498174119357,29.05304992336039,11.319049074064,40596.49891236302,24.472583928703983
2560.0,42.666666666666664,188.0,False,14100.0,15930.199488036404,20000.0,0.0,40.25163342459996,-0.22195417296317518,47.62295754193941,47.51448910904203,1.1680850413876802,302.19193890409997,101324.59784771514,-0.40215228486340493,440.62374870251455,40.677251591712036,15138.382136384334,298.95379530512025,25.803795305120275,30.0,101325.0,230.287748271196,29.041938904099993,11.299236553253344,40383.69518473912,24.52882017460475
2565.0,42.75,187.0,False,14025.0,15493.78334342076,20000.0,0.0,40.18567349179034,-0.2232052023143135,47.542258403641036,47.433796584366426,1.1681274838306204,302.18094558196503,101324.59330153192,-0.4066984680830501,440.5931342388347,40.60669510901121,15138.93219044484,298.95442143950675,25.80442143950677,30.0,101325.0,230.280114855664,29.030945581965057,11.279637530280892,40173.91758575491,24.584762961250924
2570.0,42.833333333333336,186.0,False,13950.0,15069.32304728174,20000.0,0.0,40.12049231810647,-0.22500450055354507,47.4630958408232,47.35397798500216,1.1681694041030375,302.1700820530177,101324.58671816107,-0.4132818389334716,440.56199669200396,40.53690998812133,15139.475477175367,298.95504563603106,25.805045636031082,30.0,101325.0,230.27210394176493,29.020082053017745,11.260252774478149,39967.149239711915,24.640416479879722
2575.0,42.916666666666664,185.0,False,13875.0,14656.491062898795,20000.0,0.0,40.05621663410545,-0.22054157095356627,47.37754126126646,47.27504334597311,1.168211006970313,302.15936943901755,101324.60295033046,-0.397049669540138,440.5303330681831,40.46789754924341,15140.014650335259,298.95566791673997,25.805667916739992,30.0,101325.0,230.26375431791817,29.009369439017576,11.241082652567613,39763.36922777288,24.69578489548214
2580.0,43.0,184.0,False,13800.0,14254.968826591117,20000.0,0.0,39.992541959739924,-0.2259114196277696,47.30434168446791,47.196979492936826,1.168251812691476,302.14875699328996,101324.58337984067,-0.41662015933252405,440.49815236552405,40.399662966669915,15140.54349248153,298.9562883043731,25.80628830437314,30.0,101325.0,230.25497611782322,28.998756993289987,11.222128601852754,39562.568242084286,24.750872352058433
2585.0,43.083333333333336,183.0,False,13725.0,13864.446501896495,20000.0,0.0,39.929822640489306,-0.22214947046986752,47.221412121350866,47.11980693686903,1.1682923898983724,302.13830377341486,101324.59713969608,-0.40286030391871464,440.46544512117646,40.33220394508253,15141.069373082906,298.9569068204834,25.806906820483448,30.0,101325.0,230.2458764664347,28.988303773414884,11.203389984745149,39364.71524014796,24.80568296558776
2590.0,43.166666666666664,182.0,False,13650.0,13484.622740484627,20000.0,0.0,39.86778229675565,-0.2237759680871419,47.14566401792005,47.04351248966323,1.1683323053823937,302.1279637161259,101324.591218907,-0.4087810930068372,440.43221943118203,40.265524006259454,15141.586677755824,298.9575234876048,25.80752348760484,30.0,101325.0,230.23637420744947,28.97796371612594,11.184867779516516,39169.79658601912,24.860220821022597
2595.0,43.25,181.0,False,13575.0,13115.204449620274,20000.0,0.0,39.806521038359165,-0.22529847993882451,47.070701052865566,46.968102112156856,1.1683717253560542,302.11775350639317,101324.58563750969,-0.4143624903081218,440.3984728492925,40.199622340093526,15142.097560614462,298.95813832756534,25.80813832756536,30.0,101325.0,230.22650081579297,28.967753506393194,11.166561761137089,38977.786245993,24.914489975767054
2600.0,43.333333333333336,180.0,False,13500.0,12755.906565996933,20000.0,0.0,39.746147427322626,-0.2207739867170495,46.98960132163539,46.8935813621875,1.1684108301732117,302.1076912378871,101324.60211303501,-0.39788696498726495,440.36420268287236,40.13449734562605,15142.604359044824,298.958751362056,25.808751362056,30.0,101325.0,230.21629041446155,28.957691237887104,11.148471484896126,38788.65626179036,24.968494449730795
2605.0,43.416666666666664,179.0,False,13425.0,12406.451835766444,20000.0,0.0,39.6863593380117,-0.22605094807344708,46.920821329396354,46.81993409166416,1.1684491481953814,302.09772655633526,101324.58286505204,-0.41713494795840234,440.32941759448516,40.07015124618431,15143.100960612142,298.9593626133729,25.80936261337291,30.0,101325.0,230.2056545979601,28.947726556335283,11.13059756838453,38602.39012235625,25.022238231942005
2610.0,43.5,178.0,False,13350.0,12066.57060059478,20000.0,0.0,39.62750498832804,-0.2224175251742094,46.84256722566651,46.74717721378523,1.1684872421572174,302.08791749805465,101324.59616689384,-0.4038331061601639,440.2941082115665,40.006579042730785,15143.594658357537,298.959972102588,25.809972102588006,30.0,101325.0,230.19469933640968,28.937917498054674,11.112938622980774,38418.950759669344,25.07572527422119
2615.0,43.583333333333336,177.0,False,13275.0,11736.000589578987,20000.0,0.0,39.569320616623486,-0.22362041375614716,46.770846553765516,46.67529542991432,1.1685247027343442,302.07822010277056,101324.59178702491,-0.4082129750895547,440.2582820833353,39.94378152271345,15144.0801474371,298.96057985167596,25.810579851675982,30.0,101325.0,230.18334792934283,28.92822010277058,11.095494867420404,38238.31823604463,25.128959488801545
2620.0,43.666666666666664,176.0,False,13200.0,11414.486716864629,20000.0,0.0,39.511881572095035,-0.22540493415016727,46.70070167021967,46.6042906283661,1.1685616602369229,302.0686469286825,101324.58524584213,-0.41475415787135717,440.2219373684145,39.88175567810192,15144.559116670522,298.9611858819241,25.811185881924132,30.0,101325.0,230.17162508566076,28.918646928682506,11.07826546613942,38060.46204479374,25.181944752885464
2625.0,43.75,175.0,False,13125.0,11101.780884807627,20000.0,0.0,39.455317505920334,-0.22063245109232563,46.623815559582916,46.53416681355038,1.168598331755678,302.05921958432003,101324.60262303286,-0.39737696714291815,440.1850707467756,39.820497384792944,15145.034379553588,298.96179021436393,25.811790214363953,30.0,101325.0,230.1595718250226,28.909219584320056,11.061249273553596,37885.34892352943,25.234684899391244
2630.0,43.833333333333336,174.0,False,13050.0,10797.64179252859,20000.0,0.0,39.399311474190654,-0.2258669358077198,46.559475509675266,46.46490479100179,1.1686342252514976,302.0498852456984,101324.5835438964,-0.4164561036013765,440.1476911639414,39.76000684132133,15145.49955925941,298.96239287065293,25.812392870652957,30.0,101325.0,230.14709591276846,28.899885245698442,11.04444634481148,37712.95837288201,25.28718372390264
2635.0,43.916666666666664,173.0,False,12975.0,10501.834749711903,20000.0,0.0,39.34421183969255,-0.22231478991618858,46.48579010240649,46.39651902441266,1.1686699064051593,302.04070197328207,101324.5965398709,-0.40346012910595164,440.10978930818976,39.700277015884524,15145.961987010864,298.9629938711654,25.812993871165418,30.0,101325.0,230.13430388787933,28.89070197328209,11.02785472663459,37543.24968902148,25.339444979501184
2640.0,44.0,172.0,False,12900.0,10214.131495505842,20000.0,0.0,39.289760813851785,-0.22334949038190227,46.41832999841989,46.32899249592371,1.1687049781144234,302.0316268023086,101324.59277555221,-0.4072244477865752,440.0713724963627,39.64130671426627,15146.416516362928,298.9635932371322,25.81359323713224,30.0,101325.0,230.1211213717637,28.88162680230863,11.011474087296186,37376.19923008464,25.3914723745839
2645.0,44.083333333333336,171.0,False,12825.0,9934.310022384087,20000.0,0.0,39.23602582706883,-0.22507853025048163,46.3525572737694,46.26232463261974,1.1687395605337478,302.0226709711781,101324.58644616506,-0.41355383493646514,440.0324391429853,39.583091216226435,15146.864704517373,298.96419098909075,25.814190989090775,30.0,101325.0,230.1075711991484,28.872670971178138,10.995303115618453,37211.77375549589,25.443269578046102
2650.0,44.166666666666664,170.0,False,12750.0,9662.154404832574,20000.0,0.0,39.18313585907481,-0.22033536371852314,46.28012046516353,46.196517448683046,1.1687738719203684,302.01385597651245,101324.60369246935,-0.3963075306528481,439.9929860207338,39.52562472395048,15147.309380087974,298.9647871472814,25.814787147281436,30.0,101325.0,230.0936946516778,28.86385597651247,10.979340201097354,37049.93745221681,25.494840210829235
2655.0,44.25,169.0,False,12675.0,9397.454632729605,20000.0,0.0,39.13077545958879,-0.22557390817230483,46.22017685978978,46.13155019954335,1.1688074248204403,302.0051292432648,101324.58462377104,-0.4153762289643055,439.9530220065841,39.46890584360411,15147.744225672906,298.9653817325392,25.81538173253921,30.0,101325.0,230.0794004069566,28.8551292432648,10.963584956556698,36890.667341222565,25.546187853046906
2660.0,44.333333333333336,168.0,False,12600.0,9140.006449290584,20000.0,0.0,39.07930096652649,-0.22150622804828604,46.15025762798597,46.06743592392847,1.1688407994154846,301.9965501610877,101324.59946931376,-0.40053068623819854,439.91253774271064,39.412925992116236,15148.17676042468,298.965974764381,25.815974764380996,30.0,101325.0,230.06479778677772,28.846550161087748,10.948034997810064,36733.92067831845,25.597316039171588
2665.0,44.416666666666664,167.0,False,12525.0,8889.611193452321,20000.0,0.0,39.0284180715372,-0.22342855572827308,46.088171119463354,46.004154323216355,1.1688735424646557,301.9880696785895,101324.59248718763,-0.4075128123658942,439.87154155374327,39.357682975878824,15148.601110341939,298.9665662632325,25.816566263232517,30.0,101325.0,230.04980192744588,28.838069678589534,10.932689715521896,36579.67309312563,25.648228257068425
2670.0,44.5,166.0,False,12450.0,8646.075646575333,20000.0,20.0,38.979120451373205,-0.22407389157201701,69.31340958137535,69.31979059713763,1.1689053179881352,301.9798534085622,101324.5901297234,-0.4098702766059432,439.82759182657963,39.30316983795367,15149.012921126234,298.9671562485792,25.817156248579238,30.0,101325.0,230.03306974054001,28.8298534085622,10.917547177209352,36427.88732024353,25.69892795179993
2675.0,44.583333333333336,165.0,False,12375.0,8409.211883345795,20000.0,20.0,38.98289568510404,-0.2193686616347581,69.25034968282924,69.26185389998246,1.1689030789529196,301.980482614184,101324.60716236974,-0.39283763026469387,439.63515583872726,39.25371841951675,15148.983903229837,298.9677455042206,25.817745504220625,30.0,101325.0,229.93198386666828,28.830482614184007,10.903810672087987,36290.55907568343,25.749426872908213
2680.0,44.666666666666664,164.0,False,12300.0,8178.83712676212,20000.0,20.0,38.985673898416394,-0.2267163789227526,69.21075827769569,69.21339614486772,1.1689009779704382,301.98094564973604,101324.58040557982,-0.4195944201783277,439.4457781034566,39.21236909651908,15148.95667449688,298.9683347420827,25.818334742082698,30.0,101325.0,229.83252500517287,28.830945649736066,10.892324749033078,36175.99592368595,25.799750869435552
2685.0,44.75,163.0,False,12225.0,7954.773607094249,20000.0,20.0,38.98790956263906,-0.22361655498840932,69.16684025318881,69.17285409897917,1.168899667140205,301.9813182604398,101324.59180111294,-0.40819888706027996,439.2594002910963,39.17775155862215,15148.939686137057,298.96892393920683,25.818923939206854,30.0,101325.0,229.73479076887273,28.831318260439843,10.88270876628393,36080.269599182575,25.84992883160421
2690.0,44.833333333333336,162.0,False,12150.0,7736.848424706833,20000.0,20.0,38.989354740474596,-0.22605387800415683,69.13588134717331,69.13886526902178,1.1688986316034746,301.9815591234124,101324.58285423869,-0.41714576131198555,439.07591283785575,39.1487263306813,15148.926265581033,298.96951307641524,25.819513076415262,30.0,101325.0,229.63862250470774,28.831559123412433,10.874646202967028,36000.13771239736,25.89998467001503
2695.0,44.916666666666664,161.0,False,12075.0,7524.893416640433,20000.0,20.0,38.99015524311153,-0.22890886591401738,69.11080243720365,69.11031446922479,1.1688979928555274,301.98169254051857,101324.57225086617,-0.427749133828911,438.8952072325288,39.1243332537458,15148.917987407636,298.97010213529126,25.82010213529128,30.0,101325.0,229.54398724786492,28.83169254051859,10.867870348262723,35932.885940138556,25.949938158662626
2700.0,45.0,160.0,True,12000.0,257318.7450268478,20000.0,20.0,38.98962081117577,-0.24322523736717885,69.10352239502896,69.08625467079243,1.1688977010939205,301.9816034685293,101324.51707333802,-0.4829266619781265,438.7171858043963,39.10376468884968,15148.91420617721,298.9706910984006,25.82069109840063,30.0,101325.0,229.450824041481,28.831603468529295,10.8621568580138,35876.24348664796,25.99980560965345
2705.0,45.083333333333336,159.0,True,11925.0,257118.2441799852,20000.0,20.0,39.48142806364831,0.4664053382236612,68.84594798447208,69.63982068040235,1.1686065592384478,302.06357134394136,101326.77578726142,1.7757872614165535,438.5432341844493,39.12578172410544,15145.141007730284,298.97128689670666,25.82128689670668,30.0,101325.0,229.30271911499207,28.913571343941385,10.8682727011404,35936.87703541138,26.049675832238215
2710.0,45.166666666666664,158.0,True,11850.0,256923.236158661,20000.0,20.0,39.946678194473634,0.4577472108943383,68.95250645335022,69.71870413678545,1.168305894183769,302.14111303241225,101326.71046946189,1.7104694618901704,438.37122347677575,39.21729550169428,15141.244388621644,298.971895777271,25.82189577727104,30.0,101325.0,229.15380620886222,28.991113032412272,10.893693194915079,36189.632437528286,26.09976368603887
2715.0,45.25,157.0,True,11775.0,256733.57048404746,20000.0,20.0,40.39542280676699,0.448623038158359,69.12434427506369,69.8631186450057,1.1680159899213245,302.2159038011278,101326.64296024789,1.6429602478892775,438.20065440752126,39.36487202342171,15137.487229380366,298.9725172349515,25.822517234951533,30.0,101325.0,229.00780281164887,29.06590380112783,10.934686673172697,36599.7216091823,26.150311848571306
2720.0,45.333333333333336,156.0,True,11700.0,256549.10079976308,20000.0,20.0,40.82826444632906,0.43791502391896725,69.34855611850315,70.05874307722505,1.1677363527918077,302.28804407438815,101326.56546586264,1.565465862644487,438.0311655270009,39.55742802567403,15133.863132181828,298.97315081902707,25.82315081902709,30.0,101325.0,228.8644202945505,29.138044074388176,10.988174451576118,37139.4433385873,26.201519602007256
2725.0,45.416666666666664,155.0,True,11625.0,256369.68475893582,20000.0,20.0,41.245977109547766,0.43092132991592474,69.61432072056789,70.30087767488355,1.1674669064047491,302.3576628515913,101326.51586279654,1.5158627965429332,437.8624820900001,39.7856700691305,15130.371107005549,298.9737960949449,25.823796094944896,30.0,101325.0,228.7234974333432,29.207662851591294,11.051575019202915,37786.03137863754,26.253551181671995
2730.0,45.5,154.0,True,11550.0,256195.18391436074,20000.0,0.0,41.64870521078194,0.4218908189663742,46.624624454581834,47.2295346281865,1.167207069998222,302.42478420179697,101326.45299480105,1.452994801045861,437.6951071719108,40.04182452526851,15127.003627176957,298.9744526450432,25.82445264504321,30.0,101325.0,228.58518062319962,29.27478420179699,11.122729034796807,38520.580625617076,26.30654188445273
2735.0,45.583333333333336,153.0,True,11475.0,256025.46361166643,20000.0,0.0,42.00603686657166,0.41585726506683646,46.94484801299215,47.53410822201943,1.1669767867235046,302.4843394777619,101326.41173277477,1.4117327747662785,437.6615770753419,40.31683661779943,15124.01915593662,298.9751196162271,25.82511961622714,30.0,101325.0,228.52257452062827,29.334339477761944,11.199121282722064,39319.73629458405,26.36059766009176
2740.0,45.666666666666664,152.0,True,11400.0,255860.39288540842,20000.0,0.0,42.3531342801831,0.406695889882988,47.27883789380029,47.848966566128276,1.1667529389069728,302.54218904669716,101326.35021670896,1.350216708960943,437.62553168051375,40.603671404287894,15121.118088234367,298.9757962437158,25.825796243715843,30.0,101325.0,228.45992235397645,29.392189046697183,11.278797612302194,40164.94381783991,26.415795354614275
2745.0,45.75,151.0,True,11325.0,255699.84435800902,20000.0,0.0,42.69056934111359,0.4013408307806325,47.62270751044797,48.17831097910101,1.1665356863557228,302.5984282235189,101326.31489357103,1.3148935710341902,437.58652301081605,40.898991034428626,15118.302495170166,298.97648225012284,25.826482250122865,30.0,101325.0,228.39702203634906,29.44842822351893,11.36083084289684,41047.71942108999,26.47219303741909
2750.0,45.833333333333336,150.0,True,11250.0,255543.69414146594,20000.0,0.0,43.01832697556176,0.39298741761586015,47.973215883615325,48.51093493156902,1.166324513216893,302.65305449592694,101326.26072743187,1.2607274318725104,437.5445577083304,41.200012113679925,15115.565691290933,298.9771773656779,25.827177365677926,30.0,101325.0,228.33377656315525,29.50305449592696,11.444447809355534,41960.75381205161,26.529837810497657
2755.0,45.916666666666664,149.0,True,11175.0,255391.82174175343,20000.0,0.0,43.336846926375756,0.3886188247718617,48.327647273576645,48.85227516352853,1.1661196499306743,302.70614115439594,101326.23285380381,1.232853803812759,437.4996607603477,41.5044023299894,15112.91066310154,298.977881325003,25.827881325003034,30.0,101325.0,228.27024457653894,29.55614115439596,11.529000647219277,42897.673890858874,26.58876727418023
2760.0,46.0,148.0,True,11100.0,255244.10996584268,20000.0,20.0,43.64679409297207,0.381136322964157,71.97171365087142,72.5101657491011,1.165920140474466,302.7577990154953,101326.18583589129,1.1858358912868425,437.4467077420374,41.81022930486814,15110.325020549077,298.9785938702827,25.828593870282702,30.0,101325.0,228.20356611213896,29.607799015495345,11.613952584685595,43852.95856480441,26.64901076894111
2765.0,46.083333333333336,147.0,True,11025.0,255100.44483126904,20000.0,20.0,43.96389010143332,0.3772922941547413,72.32931006009622,72.85101378758998,1.1657163794301457,302.81064835023886,101326.16203653248,1.1620365324779414,437.2630148370461,42.117337680250195,15107.68427741469,298.9793150053021,25.829315005302135,30.0,101325.0,228.0678736673176,29.660648350238887,11.699260466736165,44826.41244236197,26.710593665473866
2770.0,46.166666666666664,146.0,True,10950.0,254960.7154781772,20000.0,20.0,44.26912077512418,0.36768481944337894,72.68759779492873,73.18617018299793,1.1655199014818864,302.86152012918734,101326.1036091955,1.1036091955029406,437.0805393235354,42.425039774916826,15105.137923205248,298.98004464699426,25.83004464699428,30.0,101325.0,227.93427388835352,29.711520129187363,11.78473327081023,45816.0901716797,26.773539847844727
2775.0,46.25,145.0,True,10875.0,254824.8140837755,20000.0,20.0,44.56321877407095,0.3622401349864355,73.04442098951833,73.52506811937516,1.16533092643672,302.91053646234514,101326.07116665629,1.0711666562856408,436.8988249680399,42.731484103668905,15102.68880661989,298.98078247513126,25.830782475131286,30.0,101325.0,227.80256975509226,29.760536462345158,11.869856695463584,46816.094378587935,26.83786775378241
2780.0,46.333333333333336,144.0,True,10800.0,254692.63577913409,20000.0,20.0,44.84641094268329,0.35721505633389045,73.39802628888441,73.86157039476407,1.1651490366663761,302.95773515711386,101326.04165384875,1.0416538487479556,436.7179105537593,43.03516486279682,15100.331515196234,298.9815281806993,25.83152818069931,30.0,101325.0,227.6726978576216,29.807735157113882,11.954212461888005,47821.331432780964,26.90358818837364
2785.0,46.416666666666664,143.0,True,10725.0,254564.07856826216,20000.0,20.0,45.11906321489005,0.3536084059699249,73.74698764582513,74.19541027333158,1.1649740561154602,303.00317720248165,101326.02072575325,1.0207257532456424,436.53784182132114,43.33485734470263,15098.063767256364,298.98228146376465,25.832281463764673,30.0,101325.0,227.5446457348397,29.853177202481675,12.037460373528509,48827.37356181619,26.970705344619887
2790.0,46.5,142.0,False,10650.0,124439.04324940256,20000.0,20.0,45.381400513667586,0.34640760093259,74.09016321220224,74.51958351037561,1.1648055034137945,303.04690008561124,101325.97957735497,0.9795773549703881,436.35866929772305,43.62958091558346,15095.879324242776,298.9830420345286,25.833042034528603,30.0,101325.0,227.41834386800676,29.896900085611264,12.119328032106518,49830.40013504696,27.03921768746493
2795.0,46.583333333333336,141.0,False,10575.0,121029.97059244383,20000.0,20.0,45.37471641066645,-0.016902763492495025,74.4221803953018,74.42808329296099,1.1647984976122527,303.0457860684444,101324.99766772724,-0.002332272764761001,436.1802103809589,43.89781876052625,15095.788529054795,298.98380595931474,25.83380595931476,30.0,101325.0,227.32396864063034,29.89578606844441,12.193838544590625,50755.14510420839,27.10906876054775
2800.0,46.666666666666664,140.0,False,10500.0,117714.29126347086,20000.0,20.0,45.3651978066556,-0.0840406888736972,74.76360777616084,74.69177615148458,1.1648039593388386,303.0441996344426,101324.9423441846,-0.05765581539890263,436.00298072496156,44.123903041916876,15095.85931303135,298.9845695667162,25.834569566716198,30.0,101325.0,227.2326673762425,29.8941996344426,12.256639733865798,51543.394337297585,27.180109412937686
2805.0,46.75,139.0,False,10425.0,114489.44670342962,20000.0,20.0,45.350628092657644,0.09836511868846266,74.88637388334075,75.0277544291622,1.164814863760315,303.04177134877625,101325.07898527816,0.07898527815996204,435.82723449585035,44.31337683569711,15096.000634333683,298.98533268909557,25.835332689095594,30.0,101325.0,227.1431997158401,29.891771348776274,12.309271343249197,52210.25190140754,27.25216055615901
2810.0,46.833333333333336,138.0,False,10350.0,111352.9484463292,20000.0,20.0,45.32907957967075,-0.07423633623762664,75.156309848658,75.09753638603357,1.1648272432252873,303.0381799299451,101324.95501197047,-0.044988029534579255,435.6531986902082,44.470964963092875,15096.161072199722,298.98609516433936,25.836095164339383,30.0,101325.0,227.05490930656137,29.888179929945125,12.353045823081354,52769.24857498268,27.32506298704539
2815.0,46.916666666666664,137.0,False,10275.0,108302.37619900571,20000.0,20.0,45.30323065685934,0.04862252552533215,75.22096173967059,75.30643982942473,1.1648445423249782,303.0338717761432,101325.01929918358,0.01929918357927818,435.48096115305304,44.60072517122089,15096.385268531718,298.9868568409621,25.836856840962128,30.0,101325.0,226.9685127904169,29.883871776143224,12.389090325339135,53232.51810907167,27.398675325020427
2820.0,47.0,136.0,False,10200.0,105335.37597349202,20000.0,0.0,45.271900318655184,-0.055124397825808365,52.11994767831065,52.07659427942754,1.1648641076260287,303.0286500531092,101324.97519429195,-0.024805708046187647,435.31101458440725,44.70615408140497,15096.638834833331,298.987617578652,25.837617578652043,30.0,101325.0,226.8837490507803,29.878650053109197,12.418376133723601,53610.910382704744,27.47287215036194
2825.0,47.083333333333336,135.0,False,10125.0,102449.65827055216,20000.0,0.0,45.23065103871522,-0.035525366751445034,52.194535029916715,52.17523286900676,1.164890702500584,303.0217751731192,101324.98969753728,-0.010302462716936134,435.2592650556319,44.789809685154225,15096.983504407566,298.9883771666581,25.83837716665812,30.0,101325.0,226.86195657842637,29.871775173119204,12.44161380143173,53912.42930811112,27.54754113625834
2830.0,47.166666666666664,134.0,False,10050.0,99642.99631297897,20000.0,0.0,45.184735896245684,-0.08194450115039933,52.32324085990131,52.25121653054837,1.1649196096780372,303.01412264937426,101324.94518447944,-0.05481552056153305,435.2064004039338,44.85392476566659,15097.358141427363,298.98913540213255,25.83913540213257,30.0,101325.0,226.84003191207472,29.86412264937428,12.459423546018497,54144.282276585924,27.62258051930327
2835.0,47.25,133.0,False,9975.0,96913.22432729114,20000.0,0.0,45.13489679245038,-0.09173927563879289,52.38927658834243,52.30729843962293,1.164951384795954,303.00581613207504,101324.93129718617,-0.06870281383453403,435.15253567499593,44.90084232037268,15097.769946955565,298.98989216634607,25.83989216634609,30.0,101325.0,226.8181429941952,29.855816132075063,12.472456200103524,54314.36608467259,27.6978990251097
2840.0,47.333333333333336,132.0,False,9900.0,94258.23587250437,20000.0,0.0,45.081349582280495,-0.08719684597643394,52.42096225156102,52.34583605624774,1.1649857738100307,302.9968915970467,101324.93793232695,-0.062067673046840355,435.0977801048063,44.93259680335252,15098.215628577998,298.99064734995136,25.840647349951382,30.0,101325.0,226.796297057779,29.84689159704675,12.481276889820142,54429.683162948946,27.773415725976104
2845.0,47.416666666666664,131.0,False,9825.0,91675.98221468655,20000.0,0.0,45.024224316826576,-0.08484826818916033,52.43961618312621,52.36888272081432,1.165022419488671,302.9873707194711,101324.94123078682,-0.05876921318122186,435.0422333043929,44.95096561643771,15098.690556573176,298.99140085356316,25.841400853563187,30.0,101325.0,226.7744762578384,29.837370719471096,12.486379337899365,54496.46435520985,27.849058883974827
2850.0,47.5,130.0,False,9750.0,89164.47074604286,20000.0,0.0,44.96352032022912,-0.1142794997400281,52.4814603163894,52.37818552381498,1.1650607730400295,302.97725338670483,101324.8933893546,-0.10661064539453946,434.9859893211215,44.95747066236119,15099.187618598782,298.9921525809502,25.8421525809502,30.0,101325.0,226.7526226030347,29.827253386704854,12.48818629510033,54520.127026461065,27.924764850212096
2855.0,47.583333333333336,129.0,False,9675.0,86721.76344731096,20000.0,0.0,44.900069667905086,-0.1043388121275837,52.465188344156225,52.375323072732456,1.165101643697417,302.96667827798416,101324.9111298962,-0.08887010380567517,434.9291142883774,44.95343677185181,15099.717302318526,298.99290244249494,25.84290244249496,30.0,101325.0,226.73092788250327,29.81667827798418,12.487065769958837,54505.45259169812,28.000477058280264
2860.0,47.666666666666664,128.0,False,9600.0,84345.97539227952,20000.0,0.0,44.833659441927125,-0.1050261036821893,52.45037568990439,52.36161303923834,1.165144196747012,302.95560990698783,101324.90995524527,-0.09004475473193452,434.87168636316784,44.94002818314481,15100.268789841275,298.99365035638135,25.843650356381374,30.0,101325.0,226.70927019925244,29.805609906987854,12.48334116198467,54456.693924269544,28.07614521558302
2865.0,47.75,127.0,False,9525.0,82035.27329327642,20000.0,0.0,44.76438844008294,-0.12699196558734546,52.450614766637834,52.33823191202156,1.1651881218467257,302.9440647400138,101324.86835135246,-0.1316486475407146,434.81376886285034,44.9182676433998,15100.838059133566,298.9943962475628,25.844396247562827,30.0,101325.0,226.6876220250313,29.794064740013823,12.477296567611058,54377.6263270276,28.151724604646418
2870.0,47.833333333333336,126.0,False,9450.0,79787.87408650386,20000.0,0.0,44.69293466981071,-0.1217613231392185,52.41048559417037,52.30623187582601,1.1652340502267058,302.93215577830176,101324.87897289949,-0.12102710051112808,434.75540614339644,44.889034838665594,15101.433290938106,298.9951400435289,25.845140043528943,30.0,101325.0,226.6661291394226,29.782155778301785,12.469176344073777,54271.52854175932,28.227175406638633
2875.0,47.916666666666664,125.0,False,9375.0,77602.04355612912,20000.0,0.0,44.61912794106206,-0.12535483458584395,52.3728518040698,52.26650242465635,1.165281285267825,302.91985465684365,101324.87172379956,-0.12827620044117793,434.6966533030755,44.853120946367525,15102.045457071012,298.99588168020944,25.84588168020946,30.0,101325.0,226.64468459460605,29.769854656843677,12.459200262879866,54141.37139826439,28.302462142708094
2880.0,48.0,124.0,False,9300.0,75476.09499606905,20000.0,0.0,44.54304874319314,-0.14555026840283017,52.347579158079476,52.219840092890884,1.1653295509541541,302.90717479053217,101324.82706219892,-0.1729378010786604,434.6375545812236,44.81122104054949,15102.670980365838,298.99662109811374,25.846621098113758,30.0,101325.0,226.62325765232134,29.75717479053219,12.447561400152637,53989.78329337534,28.37755322235507
2885.0,48.083333333333336,123.0,False,9225.0,73408.38790843559,20000.0,0.0,44.46540590701022,-0.1358147628823376,52.28119511421053,52.16698815171767,1.1653795942137382,302.894234317835,101324.8494232668,-0.1505767331982497,434.57813656731486,44.76394507912578,15103.319541010045,298.99735824176855,25.847358241768575,30.0,101325.0,226.60200730921446,29.744234317835037,12.434429188646051,53819.08539733181,28.45242049227917
2890.0,48.166666666666664,122.0,False,9150.0,71397.32673763805,20000.0,0.0,44.385663479234836,-0.1554298910363732,52.243371334357214,52.10853585761691,1.1654301946337589,302.8809439132058,101324.80278815488,-0.19721184512309264,434.51844630487653,44.711846404487765,15103.975322453514,298.9980930622267,25.848093062226724,30.0,101325.0,226.58072066271586,29.730943913205806,12.419957334579935,53631.39142075392,28.527038878958393
2895.0,48.25,121.0,False,9075.0,69441.35963916554,20000.0,0.0,44.30478892737767,-0.13780227780175122,52.157120278543594,52.045089935912294,1.1654825473643993,302.8674648212296,101324.8449839366,-0.15501606340694707,434.4584968589777,44.655400506516465,15104.653813842613,298.99882551189063,25.848825511890652,30.0,101325.0,226.55963678957116,29.717464821229612,12.404277918476796,53428.52894746809,28.601386045880773
2900.0,48.333333333333336,120.0,False,9000.0,67538.97728209892,20000.0,0.0,44.22192641047195,-0.16391618687917994,52.11724904714991,51.9770833704959,1.165534954639318,302.8536544017453,101324.78066517289,-0.21933482711028773,434.39833392207345,44.5950446733539,15105.333012125564,298.99955554966124,25.84955554966126,30.0,101325.0,226.53844937391904,29.703654401745325,12.387512409264971,53212.18108363098,28.675442094513482
2905.0,48.416666666666664,119.0,False,8925.0,65688.71168442874,20000.0,0.0,44.13809842504463,-0.1634457399934961,52.042330430929894,51.90503507204001,1.1655887403720022,302.83968307084075,101324.78192236798,-0.21807763201650232,434.33796270565966,44.53117405327227,15106.03007522115,299.00028313875055,25.85028313875057,30.0,101325.0,226.5174184000793,29.689683070840772,12.369770570353408,52983.871215273655,28.749189353054387
2910.0,48.5,118.0,False,8850.0,63889.13508028038,20000.0,0.0,44.05312687813296,-0.16115528524712133,51.961601672849866,51.82932033282225,1.1656433200626843,302.82552114635547,101324.78799162479,-0.21200837520882487,434.2774094038504,44.46413361682118,15106.737428012388,299.0010082443357,25.85100824433573,30.0,101325.0,226.49644382850474,29.675521146355493,12.351148226894772,52744.93408323033,28.82261213451168
2915.0,48.583333333333336,117.0,False,8775.0,62138.85881817185,20000.0,0.0,43.96696657705968,-0.16942056025833024,51.88984580395416,51.75029598367787,1.1656983411327244,302.8111610961766,101324.76568713275,-0.23431286725099199,434.21669486724505,44.3942434827448,15107.45050108011,299.0017308367712,25.851730836771196,30.0,101325.0,226.47546795635833,29.661161096176613,12.331734300762443,52496.60634609264,28.895696537587597
2920.0,48.666666666666664,116.0,False,8700.0,60436.53228945463,20000.0,0.0,43.87998728961145,-0.17009278625609137,51.80626552645006,51.66831134135476,1.165754128112308,302.79666454826855,101324.76382403317,-0.2361759668274317,434.1558295224404,44.32179144415353,15108.173500335512,299.00245088935736,25.852450889357385,30.0,101325.0,226.45455921613234,29.646664548268575,12.311608734487093,52239.999956332824,28.96843029196428
2925.0,48.75,115.0,False,8625.0,58780.84188611032,20000.0,0.0,43.7920673633098,-0.1795965319846179,51.730288218410685,51.58364901214785,1.1658102333550866,302.7820112272183,101324.73669457714,-0.2633054228645051,434.09483127084974,44.247037413366336,15108.900624281921,299.00316837839387,25.85316837839389,30.0,101325.0,226.43363992603872,29.6320112272183,12.290843725935092,51976.11840044336,29.04080259637871
2930.0,48.833333333333336,114.0,False,8550.0,57170.50998709909,20000.0,0.0,43.70355967186322,-0.18112428215863602,51.642619833938,51.496599824680295,1.1658669816415708,302.7672599453105,101324.73219587276,-0.26780412724474445,434.0337068912125,44.170218931984635,15109.636082074758,299.0038832833725,25.85388328337251,30.0,101325.0,226.4127766588915,29.617259945310536,12.269505258884621,51705.8766725802,29.112803981846092
2935.0,48.916666666666664,113.0,False,8475.0,55604.29397247748,20000.0,0.0,43.61441371211754,-0.18493056924739415,51.55545432197279,51.40740366835488,1.1659240660162147,302.7524022853529,101324.72082191476,-0.27917808524216525,433.97246924438815,44.091553787037064,15110.375895570141,299.0045955867929,25.854595586792925,30.0,101325.0,226.3919164587663,29.602402285352923,12.247653829732517,51430.11095951126,29.184426195479485
2940.0,49.0,112.0,False,8400.0,54080.985264525174,20000.0,0.0,43.52485814326951,-0.18239492383071762,51.45898418015176,51.31629725447724,1.1659816373048482,302.73747635721156,101324.72842523886,-0.271574761136435,433.9111242527628,44.01123963932589,15111.122019470831,299.00530527359086,25.855305273590886,30.0,101325.0,226.3710916613477,29.587476357211585,12.225344344257191,51149.57790127059,29.255662090521696
2945.0,49.083333333333336,111.0,False,8325.0,52599.408395140454,20000.0,0.0,43.434713241536656,-0.19090472002783865,51.37367046837064,51.22347424496578,1.1660392066810206,302.72245220692275,101324.70249296221,-0.2975070377869997,433.84968419713914,43.92946133498097,15111.868118586028,299.00601233185097,25.85601233185099,30.0,101325.0,226.35021373501178,29.572452206922776,12.202628148605825,50864.980725252404,29.326505534012334
2950.0,49.166666666666664,110.0,False,8250.0,51158.42009878485,20000.0,0.0,43.34430537359026,-0.1949144470104481,51.28160551373861,51.12914261030105,1.1660971037091408,302.7073842289317,101324.68986414977,-0.3101358502317453,433.7881504234785,43.84638504603831,15112.618464070465,299.0067167514217,25.856716751421743,30.0,101325.0,226.32934734042357,29.55738422893171,12.179551401677308,50576.94935975516,29.39695131879359
2955.0,49.25,109.0,False,8175.0,49756.90843027712,20000.0,0.0,43.25368588527954,-0.19648850918915897,51.1853737586015,51.03347865732734,1.166155229846407,302.6922809808799,101324.6848348225,-0.31516517749696504,433.726528344168,43.76216592026852,15113.371778809436,299.00741852479644,25.857418524796458,30.0,101325.0,226.3084761437083,29.542280980879923,12.15615720007459,50286.0676790128,29.46699508062607
2960.0,49.333333333333336,108.0,False,8100.0,48393.791906755716,20000.0,0.0,43.162892125664825,-0.19803080699092238,51.08794143117613,50.936644686385854,1.1662134744121324,302.6771486876108,101324.67986775088,-0.3201322491222527,433.6648225475823,43.6769474920208,15114.126628381235,299.00811764667145,25.858117646671474,30.0,101325.0,226.2875810371976,29.527148687610804,12.132485414450224,49992.87193486629,29.536633233135706
2965.0,49.416666666666664,107.0,False,8025.0,47068.01867314752,20000.0,0.0,43.0719816217063,-0.2003917790609303,50.99045323937823,50.83879219905979,1.1662717685649786,302.661996936951,101324.6721888562,-0.32781114379758947,433.6030362533572,43.59086241246636,15114.882120602124,299.00881411375815,25.85881411375817,30.0,101325.0,226.26665032883125,29.51199693695105,12.108572892351766,49697.853813153226,29.605862903794055
2970.0,49.5,106.0,False,7950.0,45778.56569049916,20000.0,0.0,42.98102625080446,-0.20329662648730146,50.892732280611675,50.740062743140605,1.1663300755734827,302.6468377084674,101324.6626161768,-0.3373838231927948,433.5411715166883,43.5040335543022,15115.637779432334,299.0095079246846,25.859507924684635,30.0,101325.0,226.24567795551238,29.49683770846741,12.084453765083945,49401.46476157694,29.674681875026508
2975.0,49.583333333333336,105.0,False,7875.0,44524.43794654434,20000.0,0.0,42.89010687708469,-0.20573420162998846,50.79373387003855,50.64058851354772,1.1663883818024015,302.6316844795141,101324.65447704718,-0.34552295281901024,433.479229413913,43.41657487645206,15116.393428159123,299.0101990798833,25.86019907988333,30.0,101325.0,226.22466182715655,29.481684479514115,12.06015968790335,49104.119458090674,29.74308853073461
2980.0,49.666666666666664,104.0,False,7800.0,43304.66768789806,20000.0,0.0,42.79931203870035,-0.20607968323020984,50.69168926907002,50.540493118044516,1.1664466941934235,302.61655200645004,101324.6533156258,-0.34668437420623377,433.4172101438634,43.32859218482533,15117.149156746767,299.01088758148404,25.860887581484064,30.0,101325.0,226.20360338771494,29.46655200645006,12.035720051340371,48806.19889352339,29.811081807367678
2985.0,49.75,103.0,False,7725.0,42118.313673285316,20000.0,0.0,42.70870333294101,-0.2040428624201741,50.58637543591,50.43989033555873,1.1665049847055493,302.60145055549015,101324.66013477792,-0.3398652220785152,433.3551137300186,43.240184137139224,15117.90460178392,299.0115734332671,25.861573433267097,30.0,101325.0,226.18249720580707,29.45145055549017,12.01116226031645,48508.05424242012,29.878661149823195
2990.0,49.833333333333336,102.0,False,7650.0,40964.46044722801,20000.0,0.0,42.61821029775206,-0.20678187696739841,50.486235660036435,50.33887870308013,1.1665630224452979,302.58636838295865,101324.65094902333,-0.3490509766706964,433.292941979466,43.151443800748964,15118.65677089106,299.012256640724,25.862256640724013,30.0,101325.0,226.16129945718177,29.436368382958676,11.986512166874713,48210.01252808965,29.945826473969383
2995.0,49.916666666666664,101.0,False,7575.0,39842.21763362954,20000.0,0.0,42.52791108640656,-0.2125311645843524,50.38931361083474,50.237558474335685,1.1666208205939756,302.57131851440107,101324.63126942106,-0.3687305789353559,433.23069340902003,43.062456616158826,15119.405834897925,299.01293721054384,25.862937210543862,30.0,101325.0,226.14001193795355,29.421318514401094,11.961793504488561,47912.37018023637,30.012578128627943
3000.0,50.0,100.0,False,7500.0,38750.71924871201,20000.0,0.0,42.438031452072664,-0.21120286712980485,50.283954157664205,50.13603196749594,1.1666786343397617,302.5563385753454,101324.63586407278,-0.36413592721510213,433.1683634254799,42.97330086606802,15120.155101043312,299.0136151505232,25.86361515052323,30.0,101325.0,226.11868172352868,29.406338575345444,11.937028018352228,47615.39510513466,30.078916854520564
3005.0,50.083333333333336,99.2,False,7440.0,37689.12303277596,20000.0,0.0,42.348480999521826,-0.21121012228398045,50.18004304526995,50.0343770541795,1.1667361890370127,302.5414134999203,101324.63583905506,-0.3641609449405223,433.10610864880834,42.884053416973636,15120.901009919684,299.01429047036584,25.86429047036586,30.0,101325.0,226.09733734516422,29.391413499920304,11.912237060270455,47319.34618255019,30.144843758192568
3010.0,50.166666666666664,98.4,False,7380.0,36656.609800266786,20000.0,0.0,42.25923703956903,-0.21685828695449375,50.08267959467755,49.93267332041714,1.166793325405075,302.5265395065948,101324.61610190514,-0.3838980948639801,433.04408072618514,42.794788274163324,15121.641497249773,299.01496318136634,25.864963181366363,30.0,101325.0,226.07602713765007,29.37653950659484,11.88744118726759,47024.46860634021,30.210360296240406
3015.0,50.25,97.6,False,7320.0,35652.382807646485,20000.0,0.0,42.170618837759775,-0.21250613897967519,49.97372804379392,49.831016018332726,1.166850468072675,302.5117698062933,101324.63135625221,-0.36864374778815545,432.98226700753395,42.705571435078774,15122.382066221868,299.01563329546553,25.865633295465557,30.0,101325.0,226.05482681241006,29.361769806293296,11.862658731966325,46730.97720126309,30.27546824471791
3020.0,50.333333333333336,96.8,False,7260.0,34675.6671385829,20000.0,0.0,42.08228584845165,-0.21894084019297344,49.87747131993292,49.72945726405304,1.1669069962711949,302.4970476414086,101324.60869313058,-0.3913068694237154,432.92066634576105,42.616470226814606,15123.114671674686,299.0163008266475,25.866300826647546,30.0,101325.0,226.0336155415727,29.347047641408608,11.83790839633739,46439.087519404755,30.340169678551707
3025.0,50.416666666666664,96.0,False,7200.0,33725.709105981965,20000.0,0.0,41.99463825178259,-0.21590852795261004,49.77039045158312,49.62808596768993,1.1669634742536117,302.4824397086304,101324.61945720455,-0.3805427954503102,432.8592642564808,42.527540118110366,15123.846626326807,299.01696578863783,25.866965788637856,30.0,101325.0,226.01249511136402,29.33243970863043,11.813205588363992,46148.972843584226,30.40446694269267
3030.0,50.5,95.2,False,7140.0,32801.775670401665,20000.0,0.0,41.90738816580836,-0.22084093733800034,49.67285049682685,49.526947559875005,1.1670193755500577,302.4678980276347,101324.6018716767,-0.3981283233006252,432.79805822409554,42.438839146549036,15124.571107128748,299.0176281971534,25.867628197153408,30.0,101325.0,225.9913622774081,29.317898027634726,11.788566429596955,45860.81179767335,30.468362626471325
3035.0,50.583333333333336,94.4,False,7080.0,31903.153874398766,20000.0,0.0,41.82085624609556,-0.21782102972382744,49.56637351631764,49.426117134745496,1.167075147469167,302.4534760410159,101324.6126857062,-0.3873142937954981,432.73703490221425,42.35041525982909,15125.293911200404,299.0182880677095,25.8682880677095,30.0,101325.0,225.97029674082617,29.303476041015927,11.764004238841414,45574.74733826949,30.53185954253795
3040.0,50.666666666666664,93.6,False,7020.0,31029.15029237202,20000.0,0.0,41.73476618271809,-0.2232358378689609,49.47009918412649,49.325632481749025,1.1671302913846753,302.43912769711966,101324.59318988319,-0.40681011680862866,432.67619124949925,42.262318822373665,15126.008576345392,299.0189454175698,25.86894541756982,30.0,101325.0,225.9492004067082,29.28912769711968,11.739533006214907,45290.92767912066,30.594960705744477
3045.0,50.75,92.8,False,6960.0,30179.090495477074,20000.0,0.0,41.649480874960545,-0.21882931594926167,49.36281725597158,49.22556306621539,1.1671853306387328,302.42491347916007,101324.6090916774,-0.39090832260262687,432.6155130267605,42.1745902506135,15126.721885077977,299.0196002636175,25.869600263617542,30.0,101325.0,225.92816720499545,29.27491347916009,11.71516395850375,45009.46657756245,30.65766931286717
3050.0,50.833333333333336,92.0,False,6900.0,29352.318531200443,20000.0,0.0,41.56464223527837,-0.22504937674312134,49.26838918171904,49.12593493432634,1.167239644902946,302.4107737058797,101324.58655329002,-0.41344670997932553,432.55499838416483,42.087274150468964,15127.425797942182,299.0202526245887,25.870252624588716,30.0,101325.0,225.90707613223637,29.26077370587973,11.69090948624138,44730.48910978462,30.71998872653894
3055.0,50.916666666666664,91.2,False,6840.0,28548.196417190706,20000.0,0.0,41.48064279181813,-0.22198983386833868,49.16367581569548,49.02681231642258,1.1672938126206573,302.39677379863633,101324.59771847885,-0.4022815211501438,432.4946325003677,42.00040451371357,15128.12781156372,299.0209025185536,25.870902518553635,30.0,101325.0,225.88603145432597,29.246773798636355,11.666779031587103,44454.08442431389,30.781922458159844
3060.0,51.0,90.4,False,6780.0,27766.103648956578,20000.0,0.0,41.39722540038281,-0.22438238346927541,49.06587472771338,48.92822049988333,1.1673473817797082,302.3828709000638,101324.58900037542,-0.4109996245824732,432.4344116623086,41.91401913737846,15128.822067865018,299.02154996520954,25.871549965209567,30.0,101325.0,225.86494379672712,29.2328709000638,11.642783093716238,44180.35207240574,30.843474150171453
3065.0,51.083333333333336,89.6,False,6720.0,27005.436721051752,20000.0,0.0,41.31451094232227,-0.22670064706758145,48.96858763411718,48.83020284347025,1.1674005056367585,302.3690851570537,101324.58046380914,-0.4195361908641644,432.3743256691753,41.82814947200646,15129.510553052389,299.02219498413643,25.872194984136456,30.0,101325.0,225.84383753886382,29.219085157053712,11.618930408890682,43909.36982325902,30.904647568154555
3070.0,51.166666666666664,88.8,False,6660.0,26265.60866137717,20000.0,0.0,41.23263524791116,-0.22264180113033524,48.86450895348426,48.73280057120863,1.1674533644651508,302.35543920798517,101324.59535206849,-0.4046479315147735,432.31436410343065,41.74282421425437,15130.195603468355,299.0228375953201,25.872837595320107,30.0,101325.0,225.82274215520502,29.205439207985194,11.59522894840399,43641.205376920436,30.965446578710235
3075.0,51.25,88.0,False,6600.0,25546.04857824137,20000.0,0.0,41.15131774609347,-0.22779050584887145,48.77182134859804,48.636029887272464,1.1675054791284898,302.34188629101556,101324.57642028935,-0.4235797106521204,432.25452355672235,41.65807420756423,15130.871009505228,299.0234778198919,25.873477819891946,30.0,101325.0,225.80156322800826,29.191886291015578,11.571687279878955,43375.931879978554,31.02587514624975
3080.0,51.333333333333336,87.2,False,6540.0,24846.201219829283,20000.0,0.0,41.07084584717995,-0.22767489545606795,48.67370032890899,48.53993544515879,1.1675572772971003,302.3284743078633,101324.5768501386,-0.42314986139535904,432.19479110768174,41.57392222977611,15131.54231377042,299.02411567838874,25.874115678388762,30.0,101325.0,225.7803767775487,29.178474307863326,11.548311730493364,43113.59604864139,31.085937318422403
3085.0,51.416666666666664,86.4,False,6480.0,24165.526545739638,20000.0,0.0,40.991191760737706,-0.22440175122236472,48.5726269166535,48.44454243489095,1.1676086878741385,302.3151986267896,101324.5889294208,-0.41107057919725776,432.1351591775866,41.49039223328646,15132.208594848837,299.0247511922161,25.874751192216138,30.0,101325.0,225.75916513068947,29.165198626789618,11.525108953690683,42854.24733776338,31.14563720966296
3090.0,51.5,85.6,False,6420.0,23503.49931026034,20000.0,0.0,40.912148344881984,-0.22940139388823672,48.48193855815506,48.34986448644181,1.1676593572021026,302.302024724147,101324.5704081672,-0.42959183279890567,432.07562317444376,41.407508267047824,15132.86526933925,299.02538438341566,25.87538438341568,30.0,101325.0,225.73785755543386,29.152024724146997,11.502085629735506,42597.93456615067,31.204979002651793
3095.0,51.583333333333336,84.8,False,6360.0,22859.608657060217,20000.0,0.0,40.83397764663141,-0.22944595749388694,48.38625287970665,48.255938404575076,1.167709680600878,302.28899627443855,101324.57024124563,-0.42975875436968636,432.0161708108861,41.32528761750405,15133.517460587378,299.02601527348725,25.87601527348727,30.0,101325.0,225.7165241124744,29.13899627443857,11.479246560417794,42344.68485276714,31.263966932803818
3100.0,51.666666666666664,84.0,False,6300.0,22233.357724984395,20000.0,0.0,40.75666441955718,-0.22579281834379558,48.287055453896215,48.162784130846056,1.1677596146227043,302.27611073659284,101324.58381716885,-0.4161828311480349,431.95679446805667,41.243748737112426,15134.164605510246,299.02664388464524,25.87664388464526,30.0,101325.0,225.69515245702178,29.126110736592864,11.456596871420118,42094.52833030345,31.322605275292062
3105.0,51.75,83.2,False,6240.0,21624.263264649177,20000.0,0.0,40.6800005565467,-0.2296870319323191,48.19746210916388,48.07040971572568,1.167808811409726,302.2633334260911,101324.56933769275,-0.43066230724798515,431.8974897205627,41.16291061179548,15134.80219587005,299.0272702396685,25.87727023966852,30.0,101325.0,225.67367309093447,29.113333426091117,11.434141836609857,41847.49616556314,31.380898347858633
3110.0,51.833333333333336,82.4,False,6180.0,21031.855265540376,20000.0,0.0,40.6041766764439,-0.2315033830486949,48.106280706311104,47.97884278426581,1.167857559497396,302.2506961127406,101324.56249945826,-0.4375005417387001,431.8382457254355,41.08278650430125,15135.433971086251,299.0278943608291,25.877894360829146,30.0,101325.0,225.65213616225847,29.10069611274065,11.41188514008368,41603.601541217045,31.438850499043898
3115.0,51.916666666666664,81.6,False,6120.0,20455.67659332761,20000.0,0.0,40.529260861591865,-0.22806115596370893,48.009822830695725,47.88810272004703,1.1679059545067427,302.2382101435986,101324.57541313584,-0.42458686415920965,431.7790537561177,41.00338947263288,15136.061170407387,299.02851627076126,25.87851627076128,30.0,101325.0,225.630555623756,29.088210143598644,11.38983040906469,41362.856714169066,31.496466095054583
3120.0,52.0,80.8,False,6060.0,19895.28263711453,20000.0,0.0,40.45508118442547,-0.2284845751317152,47.91872938846682,47.79819481337743,1.167953712335794,302.2258468640709,101324.57383509328,-0.42616490671935026,431.7199090329054,40.92473383879716,15136.680111871889,299.029135992663,25.87913599266301,30.0,101325.0,225.6088741302501,29.07584686407091,11.3679816218881,41125.27747023563,31.55374952157153
3125.0,52.083333333333336,80.0,False,6000.0,19350.240966352743,20000.0,0.0,40.38164873948392,-0.23238390224755154,47.83255957509291,47.70913272868517,1.1680008418371193,302.2136081232473,101324.55916507736,-0.44083492264326196,431.66080391285453,40.846830772522964,15137.290910209067,299.0297535495346,25.8797535495346,30.0,101325.0,225.58708945091323,29.06360812324732,11.346341881256379,40890.86980335904,31.610705179400416
3130.0,52.166666666666664,79.2,False,5940.0,18820.130997154854,20000.0,0.0,40.30912916057218,-0.23139687528363265,47.74158597899093,47.62093678809274,1.168047599288617,302.201521526762,101324.56290192742,-0.437098072579829,431.60172842028976,40.76968851020764,15137.896886780476,299.03036896418183,25.880368964181855,30.0,101325.0,225.56524591518706,29.05152152676203,11.324913475057675,40659.630765901995,31.6673374714624
3135.0,52.25,78.4,False,5880.0,18304.543667748974,20000.0,0.0,40.23747699573471,-0.22796476379427108,47.64866211819213,47.53361496384528,1.168093906947837,302.1895794992891,101324.57577197117,-0.4242280288308393,431.54267606015827,40.69331642012234,15138.497034043969,299.0309822598521,25.880982259852146,30.0,101325.0,225.5433251488028,29.03957949928912,11.303699005589541,40431.56076254588,31.72365079891271
3140.0,52.333333333333336,77.6,False,5820.0,17803.08112282436,20000.0,0.0,40.1665273679464,-0.2307089457505779,47.563837925143226,47.447167913346085,1.1681394987980551,302.1777545613244,101324.56549699878,-0.4345030012191273,431.4836423025754,40.617724134973905,15139.087904422795,299.03159346006123,25.881593460061254,30.0,101325.0,225.52127346399166,29.0277545613244,11.282701148603863,40206.660920280534,31.77964956397023
3145.0,52.416666666666664,76.8,False,5760.0,17315.356406524515,20000.0,0.0,40.09640149530969,-0.23338147165276474,47.479844790746874,47.36161013467274,1.1681845651695373,302.1660669158849,101324.55537215256,-0.4446278474351857,431.4246182314216,40.542917229692385,15139.671964597203,299.0322025878543,25.882202587854295,30.0,101325.0,225.49912299847077,29.01606691588495,11.261921452692329,39984.92029591381,31.83533816203703
3150.0,52.5,76.0,False,5700.0,16840.993163850995,20000.0,0.0,40.027191669085255,-0.23131793867919292,47.39125715201877,47.27695342419311,1.1682292517255766,302.1545319448475,101324.5632000918,-0.43679990820237435,431.36559553787606,40.46890056413236,15140.251102363472,299.03280966632934,25.882809666329365,30.0,101325.0,225.47689756549252,29.004531944847542,11.241361267814545,39766.32595957646,31.89072097193668
3155.0,52.583333333333336,75.2,False,5640.0,16379.625350247294,20000.0,0.0,39.95882067066714,-0.2284268825255569,47.30263286168949,47.19319980748701,1.1682734359682252,302.1431367784445,101324.57405028032,-0.42594971967628226,431.3065686743376,40.39567994488799,15140.823730148199,299.03341471888484,25.883414718884865,30.0,101325.0,225.45457065558685,28.993136778444523,11.221022206913329,39550.86791904305,31.94580235657461
3160.0,52.666666666666664,74.4,False,5580.0,15930.896949138956,20000.0,0.0,39.89115242562025,-0.23171464354564678,47.222136653886864,47.11034742689059,1.1683169031247267,302.13185873760335,101324.56170060381,-0.43829939619172364,431.24753309385744,40.323261009826545,15141.387064496459,299.0340177690116,25.88401776901162,30.0,101325.0,225.43209849002739,28.981858737603375,11.20090583606293,39338.535809310015,32.0005866647193
3165.0,52.75,73.6,False,5520.0,15494.461697211716,20000.0,0.0,39.824328200997,-0.23380282901390856,47.14117929419871,47.02840784862489,1.168359880427967,302.1207213668328,101324.55376520118,-0.44623479881556705,431.1884801099991,40.251645607172435,15141.94405034645,299.0346188396759,25.88461883967591,30.0,101325.0,225.4095204238027,28.970721366832834,11.18101266865901,39129.30834684457,32.055078223161075
3170.0,52.833333333333336,72.8,False,5460.0,15069.982817215894,20000.0,0.0,39.758410861573225,-0.23143527688306134,47.055971502345,46.94738764253896,1.1684024715306613,302.1097351435955,101324.56275683767,-0.43724316233419813,431.1294023987566,40.18083561654548,15142.496031037372,299.0352179539259,25.885217953925917,30.0,101325.0,225.38685266066472,28.959735143595537,11.161343226818188,38923.164633265944,32.10928132939726
3175.0,52.916666666666664,72.0,False,5400.0,14657.13275809062,20000.0,0.0,39.69331721503602,-0.22871307819202366,46.97129180040032,46.867285112184454,1.168444548984883,302.098886202506,101324.57298226828,-0.4270177317230264,431.070294986717,40.110833802854955,15143.041354844083,299.0358151350122,25.885815135012194,30.0,101325.0,225.36406804816446,28.948886202506003,11.141898278570821,38720.08662661408,32.16320025388329
3180.0,53.0,71.2,False,5340.0,14255.59294220763,20000.0,0.0,39.62892164080563,-0.23200065996994115,46.894553933276974,46.78809573354028,1.1684859189257746,302.0881536068009,101324.56061790836,-0.43938209164480213,431.01115364027993,40.04164275813784,15143.577509278039,299.03641040619436,25.886410406194386,30.0,101325.0,225.34112702535884,28.938153606800938,11.122678543927178,38520.05604335507,32.21683924184855
3185.0,53.083333333333336,70.4,False,5280.0,13865.053519539353,20000.0,0.0,39.565363471665705,-0.23393958878736504,46.81718869972948,46.70982781310924,1.168526809458071,302.0775605786109,101324.5532430106,-0.4467569894040935,430.95197027023477,39.97326157606253,15144.1074505766,299.0370037901766,25.887003790176607,30.0,101325.0,225.31806940087165,28.92756057861095,11.10368377112848,38323.04480350885,32.27020250632553
3190.0,53.166666666666664,69.6,False,5220.0,13485.21312856176,20000.0,0.0,39.50269921606639,-0.23151339292452552,46.73568295503159,46.63248465734428,1.16856731786867,302.06711653601104,101324.56246162365,-0.437538376354496,430.89273819323495,39.90568959467091,15144.632439577963,299.0375953097067,25.88759530970674,30.0,101325.0,225.29491047256155,28.917116536011065,11.084913776297476,38129.02592993241,32.323294222112644
3195.0,53.25,68.8,False,5160.0,13115.77866370733,20000.0,0.0,39.44084589532281,-0.2287270186023265,46.65470040363003,46.556061873646954,1.1686073206014174,302.05680764922045,101324.57293021193,-0.4270697880710941,430.8334529331024,39.838927116841205,15145.150874994368,299.03818498767833,25.888184987678358,30.0,101325.0,225.27162410984977,28.906807649220468,11.066368643567001,37937.97559123758,32.37611852872457
3200.0,53.333333333333336,68.0,False,5100.0,12756.465049188826,20000.0,0.0,39.37967641179648,-0.23194470711648996,46.58165189229342,46.48055232705408,1.1686466247890395,302.0466127352994,101324.56082981911,-0.4391701808926882,430.77411076668346,39.772974431380916,15145.66025726595,299.0387728469546,25.888772846954623,30.0,101325.0,225.24817122954573,28.896612735299414,11.048048453161366,37749.87026558951,32.42867953279181
3205.0,53.416666666666664,67.2,False,5040.0,12406.995019019274,20000.0,0.0,39.31932809724174,-0.23384224955806382,46.508005554034916,46.4059617186778,1.1686854584119015,302.0365546828736,101324.55361471283,-0.4463852871704148,430.7147042104738,39.70782847057731,15146.163541018244,299.0393589098047,25.88935890980474,30.0,101325.0,225.22459190660294,28.886554682873623,11.029952352938142,37564.67725325646,32.48098130190212
3210.0,53.5,66.4,False,4980.0,12067.098903058377,20000.0,0.0,39.25985767040527,-0.23132368747481488,46.430153295931056,46.33229104231109,1.1687239219752743,302.0266429450675,101324.56317838051,-0.4368216194852721,430.65522712774543,39.64348651647716,15146.662028799554,299.03994319850125,25.88994319850127,30.0,101325.0,225.2009023324496,28.876642945067545,11.012079587910321,37382.365313540475,32.53302785924017
3215.0,53.583333333333336,65.6,False,4920.0,11736.514418920353,20000.0,0.0,39.20117828645516,-0.22852986813328957,46.3529148636437,46.25953358109309,1.1687618885183149,302.0168630477425,101324.57366611731,-0.42633388268586714,430.5956756019799,39.57994698110674,15147.15407519736,299.04052573543464,25.890525735434665,30.0,101325.0,225.1770760242253,28.866863047742527,10.994429716974093,37202.906842735785,32.584823187126474
3220.0,53.666666666666664,64.8,False,4860.0,11414.986469582514,20000.0,0.0,39.14316153143261,-0.23183966852584537,46.28371604781501,46.18768015023803,1.1687991656527696,302.0071935885721,101324.56122749468,-0.43877250532386824,430.53604641659194,39.51720835156688,15147.637186859894,299.0411065429283,25.8911065429283,30.0,101325.0,225.1530742747713,28.857193588572102,10.977002319879688,37026.27485267108,32.63637122997051
3225.0,53.75,64.0,False,4800.0,11102.266946538495,20000.0,0.0,39.0859514681606,-0.23352657661711346,46.213554470175126,46.116734813741715,1.168835994373101,301.99765857802674,101324.55481908582,-0.44518091417558026,430.47633256495857,39.45526578215636,15148.11448707539,299.0416856426676,25.891685642667596,30.0,101325.0,225.12893988891264,28.847658578026767,10.959796050598987,36852.4334139676,32.687675888489004
3230.0,53.833333333333336,63.199999999999996,False,4740.0,10798.114538344185,20000.0,0.0,39.02960012210394,-0.23067800099371027,46.13903374606937,46.046696506699476,1.16887246991306,301.9882666870173,101324.56561354986,-0.4343864501424832,430.41652852291736,39.39411500565532,15148.587210073256,299.04226305633324,25.892263056333263,30.0,101325.0,225.10468834968847,28.838266687017324,10.942809723793145,36681.34872238368,32.73874101497258
3235.0,53.916666666666664,62.4,False,4680.0,10502.29454440869,20000.0,0.0,38.97400384535365,-0.22825727329596074,46.06592978308,45.97755601887299,1.168908440692928,301.97900064089225,101324.57468258929,-0.42531741071434226,430.35663110579645,39.33375311381748,15149.053391380347,299.04283880571944,25.892838805719464,30.0,101325.0,225.08028882784467,28.829000640892275,10.926042531615966,36512.9912393906,32.789570417723816
3240.0,54.0,61.6,False,4620.0,10214.578693886491,20000.0,0.0,38.9190480047356,-0.2318965152895332,46.000797046844895,45.909303326472426,1.1689437381503094,301.9698413341226,101324.56101229548,-0.43898770451778546,430.2966373785544,39.27417704389905,15149.510846428011,299.0434129124757,25.893412912475696,30.0,101325.0,225.05570737118717,28.8198413341226,10.909493623305291,36347.331425430195,32.84016786401883
3245.0,54.083333333333336,60.8,False,4560.0,9934.744969531266,20000.0,0.0,38.864894377595874,-0.23291834733113015,45.9335242103299,45.84194182258092,1.1689786331304672,301.9608157295993,101324.55713504879,-0.4428649512119591,430.2365406522643,39.21538043840755,15149.963085370857,299.0439853975825,25.893985397582526,30.0,101325.0,225.03099266911542,28.810815729599312,10.893161232890986,36184.331048081665,32.890537074069876
3250.0,54.166666666666664,60.0,False,4500.0,9662.57743637523,20000.0,0.0,38.811574071632435,-0.22942699130132535,45.86189769629173,45.7754679899643,1.1690131892561293,301.9519290119387,101324.57031229112,-0.4296877088781912,430.1763362265479,39.15735802698027,15150.410932759434,299.04455628206466,25.894556282064684,30.0,101325.0,225.00615453651588,28.80192901193874,10.877043896383407,36023.95540483924,32.94068171743996
3255.0,54.25,59.199999999999996,False,4440.0,9397.866075101952,20000.0,0.0,38.75894438015018,-0.22839002169639977,45.79402630180738,45.70986942518317,1.1690471944475465,301.9431573966917,101324.57418773869,-0.4258122613100568,430.1160219273633,39.10010617388647,15150.851640040202,299.04512558707296,25.895125587072982,30.0,101325.0,224.9811510442103,28.793157396691697,10.861140603857354,35866.17477625227,32.99060541895461
3260.0,54.333333333333336,58.4,False,4380.0,9140.406619984005,20000.0,0.0,38.70695394843506,-0.23213216215071217,45.732611338595056,45.6451380844915,1.1690805820504249,301.93449232473915,101324.56011966772,-0.4398803322837921,430.05559441079174,39.043620076586585,15151.284343373507,299.04569333341703,25.895693333417057,30.0,101325.0,224.9559676569268,28.784492324739176,10.845450021274052,35710.9566657945,33.040311760233806
3265.0,54.416666666666664,57.6,False,4320.0,8890.000401260353,20000.0,0.0,38.655769715391784,-0.23170369230483473,45.66722312187665,45.581276393352,1.1691136323186435,301.92596161923194,101324.56174203243,-0.4382579675730085,429.99504747594443,38.98789230859705,15151.712674849621,299.04625954131967,25.896259541319694,30.0,101325.0,224.93065509521188,28.775961619231964,10.829970085721403,35558.26185246465,33.089804273093705
3270.0,54.5,56.8,False,4260.0,8646.454191831954,20000.0,20.0,38.605198969931166,-0.2305580077113116,68.88983712409588,68.90120216653041,1.169146319674496,301.9175331616552,101324.5660653476,-0.4339346524066059,429.9345379533728,38.93291627151793,15152.136302981467,299.04682423097506,25.896824230975085,30.0,101325.0,224.90529050132102,28.767533161655194,10.814698964310535,35408.053902935826,33.13908643681274
3275.0,54.583333333333336,56.0,False,4200.0,8409.580058157175,20000.0,20.0,38.6108189792119,-0.22793153478975464,68.82865847946516,68.84263787865022,1.1691428059567555,301.9184698298686,101324.57589563631,-0.42410436368663795,429.7994142435418,38.883001741017935,15152.09076519955,299.0473881816879,25.897388181687916,30.0,101325.0,224.8339295239717,28.76846982986865,10.800833816949426,35272.042144834864,33.18816983684591
3280.0,54.666666666666664,55.199999999999996,False,4140.0,8179.195215232029,20000.0,20.0,38.616159514355445,-0.23152526213465885,68.78468586746231,68.7940725419565,1.1691392036772512,301.9193599190592,101324.56241675913,-0.43758324086957145,429.66532303112336,38.84164377140121,15152.044079657175,299.0479521887075,25.897952188707507,30.0,101325.0,224.76309205763192,28.76935991905924,10.78934549205589,35159.610318710256,33.23708070661226
3285.0,54.75,54.4,False,4080.0,7955.121885543287,20000.0,20.0,38.62071035690292,-0.2343085906827214,68.74805212985633,68.75385563997108,1.1691361444778492,301.92011839281713,101324.55183252516,-0.4481674748385558,429.5331399042303,38.80739891989005,15152.004432432926,299.04851622848804,25.898516228488063,30.0,101325.0,224.6933575361375,28.770118392817153,10.77983303330279,35066.69655749176,33.28584897527629
3290.0,54.833333333333336,53.6,False,4020.0,7737.18716188565,20000.0,20.0,38.62455842609472,-0.23488292178581063,68.71571800839615,68.72057100717282,1.169133635598311,301.92075973768243,101324.54963275962,-0.4503672403807286,429.40279483297047,38.77905563122788,15151.97191735411,299.0490802793837,25.899080279383725,30.0,101325.0,224.62469061296096,28.770759737682454,10.771959897563299,34989.91894801787,33.33449940271067
3295.0,54.916666666666664,52.8,False,3960.0,7525.222873937117,20000.0,20.0,38.62777433276494,-0.23235923519584345,68.68546515593094,68.693030223809,1.1691316711672768,301.92129572212747,101324.55925865975,-0.44074134025140665,429.27422446075263,38.75559778072299,15151.946458327906,299.0496443214643,25.899644321464336,30.0,101325.0,224.55705691552484,28.77129572212749,10.765443827978608,34926.46006244224,33.38305244369016
3300.0,55.0,52.0,True,3900.0,257319.06545848958,20000.0,20.0,38.63033837789101,-0.23186137139364243,68.66226823899116,68.67022515642195,1.1691300381444527,301.9217230629818,101324.5611453425,-0.4388546575064538,429.14737257019135,38.736173835213144,15151.925294352108,299.0502083363401,25.900208336340143,30.0,101325.0,224.49038603051352,28.771723062981835,10.760048287559208,34873.97192600878,33.431524965904366
3305.0,55.083333333333336,51.199999999999996,True,3839.9999999999995,257118.5558332346,20000.0,20.0,39.12545359418675,0.459285651868528,68.41985118062566,69.21742215825076,1.168835512719344,302.00424226569777,101326.72198620418,1.7219862041820306,429.02292135068495,38.7598443326522,15148.108244842699,299.05077931527717,25.90077931527719,30.0,101325.0,224.36874774345807,28.854242265697792,10.766623425736723,34937.94227045319,33.48000546187413
3310.0,55.166666666666664,50.4,True,3780.0,256923.53927400667,20000.0,20.0,39.592770144142605,0.4506564074640064,68.52837976716002,69.29836245692873,1.1685334116566084,302.0821283573571,101326.65788732725,1.6578873272519559,428.8997924854569,38.85305007251221,15144.193015069646,299.0513634337565,25.9013634337565,30.0,101325.0,224.24637984626645,28.9321283573571,10.79251390903117,35190.594503096545,33.52870583463354
3315.0,55.25,49.6,True,3720.0,256733.86529538975,20000.0,20.0,40.04361578424175,0.44135780533785196,68.70225852216322,69.44467268568438,1.1682420382875698,302.1572692973736,101326.59017724353,1.590177243531798,428.77773725218657,39.0023793738837,15140.416816206905,299.0519601919734,25.901960191973444,30.0,101325.0,224.1266645322025,29.007269297373625,10.83399427052325,35597.91464725857,33.57786452154351
3320.0,55.333333333333336,48.8,True,3660.0,256549.38753459448,20000.0,20.0,40.47860014857247,0.4303737139525969,68.92857875343988,69.6421448128956,1.1679609051356432,302.2297666914287,101326.51201251968,1.5120125196845038,428.6565774917097,39.1967460866092,15136.773330557935,299.05256914036136,25.90256914036138,30.0,101325.0,224.00941302475908,29.079766691428745,10.88798502405811,36132.77337881414,33.62767749933939
3325.0,55.416666666666664,48.0,True,3600.0,256369.96363851658,20000.0,20.0,40.898530215948085,0.4239996738303442,69.1965159984111,69.88724256902245,1.1676899868849375,302.2997550359913,101326.46755692578,1.4675569257815368,428.5361788805501,39.42685402361516,15133.262230028791,299.0531898454752,25.903189845475197,30.0,101325.0,223.89454828738937,29.149755035991348,10.951903895448655,36772.87835654628,33.678306424155615
3330.0,55.5,47.199999999999996,True,3539.9999999999995,256195.45515388958,20000.0,0.0,41.302205036341775,0.41525769162517673,46.20905159448999,46.814135548385686,1.1674294762735036,302.3670341727236,101326.40766490166,1.4076649016642477,428.419095800449,39.684925231474274,15129.886012504607,299.0538218904677,25.903821890467725,30.0,101325.0,223.78343961170935,29.21703417272363,11.023590342076186,37499.71349166653,33.729884612939095
3335.0,55.583333333333336,46.4,True,3480.0,256025.72742044655,20000.0,0.0,41.6589967347777,0.40805150912793486,46.53107288708439,47.11929319163002,1.167199369958368,302.42649945579626,101326.35923293144,1.359232931441511,428.36393658026697,39.96148124114307,15126.903834660448,299.05446434790167,25.904464347901694,30.0,101325.0,223.71052417681514,29.276499455796284,11.100411455873076,38289.17276622643,33.78251578395152
3340.0,55.666666666666664,45.6,True,3420.0,255860.64946700906,20000.0,0.0,42.0060409510063,0.4019905584330507,46.86653500216346,47.43939620329701,1.1669757178711677,302.484340158501,101326.31915435975,1.3191543597495183,428.30727173381706,40.24958040127585,15124.005303610335,299.0551164584311,25.90511645843111,30.0,101325.0,223.63807083248594,29.33434015850105,11.180439000354403,39123.285790671245,33.83627443572714
3345.0,55.75,44.8,True,3360.0,255700.09391042255,20000.0,0.0,42.34334127181501,0.39382032024379454,47.21163814863542,47.76682633991454,1.166758264535353,302.5405568786358,101326.26607709908,1.2660770990769379,428.2492964293797,40.545959402625435,15121.187108378173,299.0557779504417,25.905777950441745,30.0,101325.0,223.56613247413998,29.390556878635834,11.262766500729287,39993.92188077026,33.89121694105453
3350.0,55.833333333333336,44.0,True,3300.0,255543.93685726062,20000.0,0.0,42.67125306352477,0.3878444101859492,47.56319083018875,48.10341148321923,1.166547096377588,302.5952088439208,101326.22794519602,1.2279451960203005,428.1900221086643,40.847877347291316,15118.450369053538,299.05644855618516,25.906448556185182,30.0,101325.0,223.49473153210675,29.445208843920796,11.346632596469812,40894.01299329264,33.94738911805041
3355.0,55.916666666666664,43.199999999999996,True,3239.9999999999995,255392.05780822202,20000.0,0.0,42.98988502698978,0.38120627346927066,47.91853340100392,48.44314449142457,1.1663419240946669,302.64831417116494,101326.18627120761,1.1862712076108437,428.1294687789457,41.15305009738605,15115.791336266882,299.057128014463,25.907128014463012,30.0,101325.0,223.42382289676337,29.498314171164964,11.431402804829458,41817.42985145299,34.00482762002593
3360.0,56.0,42.4,True,3180.0,255244.3395651469,20000.0,20.0,43.29929934446341,0.37431011469871606,71.56340857980084,72.10713186953517,1.1661427323513245,302.6998832240772,101326.14373928135,1.1437392813531915,428.06811071743857,41.45957168135179,15113.209811273166,299.0578160691196,25.907816069119633,30.0,101325.0,223.35365096004725,29.549883224077234,11.516547689264387,42758.81724446428,34.06356112495365
3365.0,56.083333333333336,41.6,True,3120.0,255100.66814058027,20000.0,20.0,43.618551243328625,0.36746468670968846,71.92171072093299,72.4452240342867,1.1659373065905831,302.7530918738881,101326.10228813044,1.1022881304379553,427.94609376583327,41.76728614833303,15110.547493413958,299.0585127202846,25.908512720284648,30.0,101325.0,223.2506516257304,29.603091873888104,11.602023930092509,43717.973590211855,34.12361445192217
3370.0,56.166666666666664,40.8,True,3060.0,254960.9326698131,20000.0,20.0,43.92696020033213,0.36111700045311973,72.28113827247003,72.7853410682197,1.165738952728841,302.804493366722,101326.06453459605,1.0645345960510895,427.8225431092311,42.07596713218122,15107.97682736578,299.059217966958,25.90921796695801,30.0,101325.0,223.14822847827602,29.654493366722022,11.687768647828117,44694.44738913682,34.18501196649117
3375.0,56.25,40.0,True,3000.0,254825.02532533297,20000.0,20.0,44.22410661744311,0.3548305581632444,72.63947822918693,73.12477906430756,1.16554790186944,302.85401776957383,101326.02779367352,1.0277936735219555,427.6997351484619,42.38371407567087,15105.500808227942,299.0599314904235,25.909931490423503,30.0,101325.0,223.04761213331753,29.704017769573852,11.773253909908577,45682.333909884015,34.24777362017104
3380.0,56.333333333333336,39.199999999999996,True,2939.9999999999995,254692.84123361862,20000.0,20.0,44.51028852474337,0.34707445879356436,72.99491756685867,73.45992772905623,1.165363855566921,302.9017147541239,101325.98335248936,0.9833524893620051,427.577687179855,42.688969930381155,15103.115568147296,299.0606529813304,25.91065298133043,30.0,101325.0,222.94875311886273,29.751714754123896,11.858047202883654,46676.49932202603,34.31191169880431
3385.0,56.416666666666664,38.4,True,2880.0,254564.27839421367,20000.0,20.0,44.7860072365155,0.34359434975238695,73.34597826310477,73.79601414126641,1.1651868597884651,302.94766787275256,101325.9637312423,0.9637312423001276,427.4564195712408,42.99046535176516,15100.82170285851,299.0613821392341,25.91138213923415,30.0,101325.0,222.85166950988034,29.797667872752584,11.941795931045878,47672.473819621344,34.37743181904157
3390.0,56.5,37.6,False,2820.0,124439.23760101764,20000.0,20.0,45.052443306488044,0.34983918445388845,73.69147853777162,74.13818356351108,1.1650164983949611,302.99207388441465,101325.99908126514,0.9990812651376473,427.33595469714976,43.287185411893866,15098.613819198697,299.06211867444955,25.912118674449573,30.0,101325.0,222.75629206878787,29.842073884414674,12.024218169970517,48666.40829998094,34.44433382051351
3395.0,56.583333333333336,36.8,False,2760.0,121030.1596196948,20000.0,20.0,45.050625219551534,-0.09188571514515197,74.11387805744026,74.04548420236479,1.1650053838957806,302.99177086992523,101324.93107767635,-0.06892232365498785,427.2162056279219,43.55806181320513,15098.469775289317,299.06285873990777,25.91285873990779,30.0,101325.0,222.69174623986595,29.841770869925256,12.099461614779203,49585.75051924537,34.5125644863602
3400.0,56.666666666666664,36.0,False,2700.0,117714.47511222145,20000.0,20.0,45.04500052629305,0.09174467712685778,74.27326456597919,74.41921557026714,1.165010570876931,302.9908334210488,101325.06871090434,0.06871090433560312,427.09740509105524,43.78683070288025,15098.536998565025,299.0635985740909,25.91359857409094,30.0,101325.0,222.63081120649647,29.840833421048842,12.163008528577848,50371.140760421775,34.5819789941933
3405.0,56.75,35.2,False,2640.0,114489.62551554755,20000.0,20.0,45.03230844561995,0.043754047721923144,74.49704663877017,74.58768742369625,1.165018094177985,302.98871807426997,101325.01562789136,0.01562789136369247,426.97968144060195,43.9790176125963,15098.634500546686,299.0643380074346,25.91433800743465,30.0,101325.0,222.57088330933348,29.83871807426999,12.21639378127675,51037.31543947098,34.652401533221
3410.0,56.833333333333336,34.400000000000006,False,2580.0000000000005,111353.12235979566,20000.0,20.0,45.01411162535601,0.006825515431723749,74.6837209528214,74.73217552092174,1.1650295803727586,302.98568527089265,101325.00038030744,0.0003803074359893799,426.86309960235457,44.13933590392958,15098.78336163095,299.06507687656415,25.91507687656417,30.0,101325.0,222.51230669804613,29.835685270892668,12.26092663998044,51597.497009030056,34.72367570853246
3415.0,56.916666666666664,33.599999999999994,False,2519.9999999999995,108302.54534802181,20000.0,20.0,44.990669671916066,0.013275912192886787,74.83800208945092,74.89502178231875,1.1650446157618537,302.98177827865265,101325.00143877424,0.0014387742412509397,426.7477395346007,44.27183451968778,15098.978220273624,299.06581502882136,25.915815028821385,30.0,101325.0,222.45504345849287,29.831778278652678,12.297731811024383,52063.55339165561,34.79566254908849
3420.0,57.0,32.8,False,2460.0,105335.54048858238,20000.0,0.0,44.962163225310974,-0.02899358766328185,51.70973993228284,51.705478716643476,1.1650627897312698,302.9770272042185,101324.99313772959,-0.006862270412966609,426.63393050429744,44.379993226433506,15099.213754917255,299.06655232111524,25.91655232111526,30.0,101325.0,222.39918632651938,29.827027204218496,12.32777589623153,52446.06938920405,34.868238676019644
3425.0,57.083333333333336,32.0,False,2400.0,102449.8182786656,20000.0,0.0,44.92108022441607,-0.03706750377150523,51.81948539159054,51.80704879778491,1.1650890702417516,302.97018003740266,101324.98878367481,-0.011216325190616772,426.57144677413265,44.466170116105495,15099.5543503331,299.06728850713694,25.91728850713696,30.0,101325.0,222.37163026204684,29.82018003740268,12.351713921140416,52752.18171845169,34.94129301706663
3430.0,57.166666666666664,31.200000000000003,False,2340.0,99643.15193758647,20000.0,0.0,44.87538297013748,-0.09306825704396533,51.961871616798526,51.88554751185013,1.1651176754617762,302.9625638283562,101324.92929224107,-0.070707758932258,426.50855521524994,44.53245247634416,15099.92507398462,299.0680233509457,25.918023350945703,30.0,101325.0,222.34430375635958,29.812563828356247,12.37012568787338,52988.434608185606,35.01472400062679
3435.0,57.25,30.39999999999999,False,2279.9999999999995,96913.37568848114,20000.0,0.0,44.82587830232171,-0.09961564495271903,52.026320993514645,51.9438175802019,1.165149288314033,302.95431305038693,101324.91899365943,-0.08100634056609124,426.4453335983236,44.58125503845471,15100.33477654987,299.06875673703433,25.918756737034357,30.0,101325.0,222.31737744714957,29.804313050386952,12.383681955126308,53162.83369444601,35.08844015917029
3440.0,57.333333333333336,29.599999999999994,False,2219.9999999999995,94258.38308707545,20000.0,0.0,44.77275571605992,-0.08320819021507864,52.046117523735994,51.98427580610572,1.1651836220962482,302.94545928600996,101324.9434807925,-0.05651920750096906,426.38183087070087,44.61466400684753,15100.779742367376,299.0694885575861,25.919488557586135,30.0,101325.0,222.29082188715398,29.795459286009986,12.392962224124314,53282.443165298464,35.16236049032289
3445.0,57.416666666666664,28.799999999999997,False,2160.0,91676.12539623746,20000.0,0.0,44.71603749058204,-0.07190688897832168,52.056028972862244,52.008992253949344,1.1652201459067406,302.9360062484303,101324.95779101484,-0.04220898516359739,426.31809212055845,44.634477387513286,15101.253090951359,299.07021871044174,25.92021871044176,30.0,101325.0,222.26455906964458,29.78600624843034,12.398465940975912,53353.46292490569,35.23641320288553
3450.0,57.5,28.0,False,2100.0,89164.61000506033,20000.0,0.0,44.65560984662818,-0.11460077214680306,52.11480027710239,52.0197533316073,1.1652581380424931,302.925934974438,101324.8927890859,-0.10721091409504879,426.2541575440565,44.64225705301215,15101.74546903071,299.07094710077024,25.920947100770263,30.0,101325.0,222.2384721095127,29.77593497443803,12.400626959170042,53381.365869166104,35.3105346117703
3455.0,57.583333333333336,27.200000000000003,False,2040.0000000000002,86721.89889125482,20000.0,0.0,44.59242915714526,-0.11606230281783955,52.11312993615449,52.01818550607424,1.1652986137485426,302.9154048595242,101324.89003707645,-0.10996292355412152,426.19005293021274,44.6393610121458,15102.270034181112,299.0716736403336,25.92167364033361,30.0,101325.0,222.21276791577526,29.76540485952421,12.399822503373832,53370.977645188024,35.38466818365527
3460.0,57.666666666666664,26.39999999999999,False,1979.9999999999993,84346.10712566573,20000.0,0.0,44.526292017465494,-0.12754133782825774,52.11207275828316,52.005631735834804,1.1653407570676364,302.9043820029109,101324.86720985424,-0.1327901457552798,426.1258095751071,44.62697405924197,15102.816211596568,299.0723982472291,25.922398247229125,30.0,101325.0,222.18730701084888,29.754382002910916,12.396381683122769,53326.56031892066,35.45876369613035
3465.0,57.75,25.599999999999994,False,1919.9999999999995,82035.40141775763,20000.0,0.0,44.45761885555021,-0.1283335746154452,52.088726871530326,51.983307112470456,1.1653847731954927,302.892936475925,101324.86555505001,-0.13444494998839218,426.0614495042321,44.60613207595967,15103.386660613585,299.07312084553223,25.923120845532253,30.0,101325.0,222.16213984519035,29.742936475925035,12.39059224332213,53251.88044324414,35.532776502215185
3470.0,57.833333333333336,24.799999999999997,False,1859.9999999999998,79787.99870094791,20000.0,0.0,44.38647378427356,-0.13149921970030362,52.05935714482039,51.95225366430081,1.1654303196921523,302.88107896404557,101324.85884045076,-0.14115954923909158,425.9969943169253,44.5777433334873,15103.976943210293,299.0738413650144,25.923841365014425,30.0,101325.0,222.13721224226745,29.731078964045594,12.382706481524249,53150.27163345316,35.606666885601776
3475.0,57.916666666666664,24.0,False,1800.0,77602.16475669532,20000.0,0.0,44.31297775793348,-0.14265155292003756,52.03143278613965,51.91339401638895,1.165477167699592,302.8688296263222,101324.83388191387,-0.16611808612651657,425.93246208619087,44.54260920345194,15104.584093386715,299.07455974133893,25.924559741338953,30.0,101325.0,222.11248987350749,29.718829626322247,12.372947000958872,53024.698846751526,35.680399503990806
3480.0,58.0,23.200000000000003,False,1740.0000000000002,75476.21287628236,20000.0,0.0,44.23749463697118,-0.14591998348872237,51.98728379991914,51.8675453606321,1.165525492561821,302.85624910616184,101324.8261825177,-0.17381748229672667,425.86786629457833,44.50142505817476,15105.210383601201,299.07527591331484,25.925275913314863,30.0,101325.0,222.08801306377836,29.706249106161863,12.3615069606041,52877.7547112791,35.753942874517215
3485.0,58.083333333333336,22.39999999999999,False,1679.9999999999993,73408.50255925882,20000.0,0.0,44.16007551786197,-0.15152669276748254,51.939545208490074,51.815426419262465,1.1655749952709196,302.84334591964364,101324.81256866432,-0.1874313356820494,425.80322062628335,44.45481983526833,15105.851938711117,299.0759898271352,25.925989827135197,30.0,101325.0,222.0637318508755,29.69334591964366,12.348561065352314,52711.79601039542,35.82726895140727
3490.0,58.166666666666664,21.599999999999994,False,1619.9999999999995,71397.43824754203,20000.0,0.0,44.080868899461734,-0.1602568645680014,51.8897780859008,51.75767812074311,1.1656255499086545,302.83014481657693,101324.7903488764,-0.20965112360136118,425.7385359295105,44.403349021303754,15106.507126816163,299.0767014329574,25.92670143295743,30.0,101325.0,222.0396278009276,29.680144816576956,12.334263617028821,52528.91512434803,35.90035277858418
3495.0,58.25,20.799999999999997,False,1559.9999999999998,69441.4680941974,20000.0,0.0,44.0002355901338,-0.1567647951308059,51.820677294516656,51.694873638830686,1.165677383874315,302.81670593168894,101324.79938611435,-0.2006138856522739,425.67381960515576,44.34749644624185,15107.178895011124,299.07741068358143,25.927410683581456,30.0,101325.0,222.0157479906157,29.666705931688966,12.318749012844957,52330.94449215721,35.97317212554008
3500.0,58.333333333333336,20.0,False,1500.0,67539.08276594845,20000.0,0.0,43.918013179165655,-0.16427371164770066,51.75980413750703,51.627506964909955,1.1657299116854,302.8030021965276,101324.77970732785,-0.22029267215111759,425.60908152416295,44.28770888298426,15107.859655442784,299.07811753858755,25.92811753858757,30.0,101325.0,221.9919859607032,29.65300219652761,12.302141356384519,52119.5780957139,36.04570721067055
3505.0,58.416666666666664,19.200000000000003,False,1440.0000000000002,65688.81427849307,20000.0,0.0,43.834540298648335,-0.1678193557588291,51.690192699227,51.556046471950694,1.1657833624875877,302.7890900497747,101324.77009521496,-0.2299047850392526,425.54432624298965,44.22438004428084,15108.552377839138,299.07882196022996,25.928821960229982,30.0,101325.0,221.9683876560312,29.639090049774723,12.284550012300233,51896.31379156523,36.1179404689256
3510.0,58.5,18.39999999999999,False,1379.9999999999993,63889.23486372668,20000.0,0.0,43.7499268851675,-0.16926067257943844,51.61441750801047,51.48089654886226,1.1658376151033882,302.77498781419456,101324.76612918137,-0.23387081862892956,425.479558849637,44.15786202291719,15109.255491739912,299.0795239142902,25.9295239142902,30.0,101325.0,221.94493258019807,29.624987814194583,12.266072784143665,51662.49363498216,36.18985630741626
3515.0,58.583333333333336,17.599999999999994,False,1319.9999999999995,62138.95586799846,20000.0,0.0,43.66413109135499,-0.18004494630890613,51.54618444760559,51.4024184289817,1.1658923234366554,302.7606885152258,101324.73537810048,-0.264621899521444,425.4147844248299,44.088478323165205,15109.964511739054,299.0802233711293,25.93022337112933,30.0,101325.0,221.9215574354156,29.61068851522583,12.246799534212558,51419.34968651572,36.26144092083397
3520.0,58.666666666666664,16.799999999999997,False,1259.9999999999998,60436.62668055049,20000.0,0.0,43.577577769948675,-0.17938032789162328,51.46161750451246,51.32096410150374,1.1659478994672356,302.7462629616581,101324.73732814666,-0.26267185334290843,425.35000358496654,44.01651576794655,15110.684777095374,299.08092030345824,25.930920303458265,30.0,101325.0,221.8983409093953,29.596262961658113,12.226809935540707,51167.975754273946,36.332682119056734
3525.0,58.75,16.0,False,1200.0,58780.933691312755,20000.0,0.0,43.49008500715206,-0.18694555977944782,51.383938686336094,51.23681766947203,1.166003801075392,302.7316808345253,101324.71470496064,-0.28529503935715184,425.2852205579092,43.94223897230601,15111.409261937079,299.0816146879615,25.93161468796154,30.0,101325.0,221.87518197366987,29.581680834525343,12.206177492307223,50909.37849290241,36.403569170617274
3530.0,58.833333333333336,15.200000000000003,False,1140.0000000000002,57170.59927725,20000.0,0.0,43.40205265305099,-0.18369681493668572,51.291250131454596,51.150273334611065,1.1660604279562692,302.7170087755085,101324.7245345321,-0.2754654679010855,425.2204345207751,43.86588559930906,15112.143146313249,299.0823065038047,25.93230650380474,30.0,101325.0,221.85215621557845,29.567008775508498,12.184968222030294,50644.461233568974,36.474092670427325
3535.0,58.916666666666664,14.399999999999991,False,1079.9999999999993,55604.38081647801,20000.0,0.0,43.31327923820004,-0.1891234340901287,51.20650185520002,51.061563661484854,1.16611723293333,302.70221320636665,101324.70801899329,-0.29198100671055727,425.15564829443576,43.7876760752786,15112.879338815957,299.082995733629,25.932995733629014,30.0,101325.0,221.8291609548659,29.552213206366673,12.163243354244054,50374.05829477027,36.54424442009979
3540.0,59.0,13.599999999999994,False,1019.9999999999995,54081.06972938891,20000.0,0.0,43.22398612949246,-0.19498686667880902,51.12033276675852,50.9709266110181,1.1661743556506996,302.68733102158205,101324.68963364753,-0.3103663524670992,425.090861018472,43.7078095261128,15113.619649233067,299.0836823623422,25.93368236234221,30.0,101325.0,221.80622228737178,29.537331021582077,12.141058201698,50098.92139071699,36.61401732265915
3545.0,59.083333333333336,12.799999999999997,False,959.9999999999998,52599.49054604508,20000.0,0.0,43.1343107347418,-0.19844213402919172,51.029643494963054,50.87857622871298,1.1662318133700063,302.67238512245694,101324.67853648524,-0.32146351475967094,425.0260718946107,43.62646915083847,15114.364301275282,299.08436637752084,25.93436637752086,30.0,101325.0,221.78334305149508,29.522385122456967,12.118463653010684,49819.73883002648,36.683405281145774
3550.0,59.166666666666664,12.0,False,900.0,51158.49999912249,20000.0,0.0,43.04431590676052,-0.20095160921370103,50.936333527351536,50.78470525573156,1.1662895154771316,302.65738598446006,101324.67035470004,-0.3296452999638859,424.9612801477707,43.543823880604315,15115.112120583626,299.08504776925497,25.935047769254993,30.0,101325.0,221.76050558395255,29.507385984460086,12.095506633501198,49537.14175672707,36.752403114886576
3555.0,59.25,11.200000000000003,False,840.0000000000002,49756.98614170324,20000.0,0.0,42.954077652985916,-0.20282055816037242,50.84093957334611,50.68949240140376,1.1663474029293586,302.64234627549763,101324.66419445867,-0.3358055413264083,424.8964844614441,43.46002938240678,15115.862341964488,299.08572652992837,25.935726529928388,30.0,101325.0,221.73769795146737,29.492346275497653,12.072230384001884,49251.70813564737,36.82100648286739
3560.0,59.333333333333336,10.399999999999991,False,779.9999999999993,48393.86748923667,20000.0,0.0,42.86368465908686,-0.20333119638407549,50.74279308982084,50.59310370394358,1.1664054469613563,302.62728077651445,101324.66250142512,-0.3374985748814652,424.8316830375343,43.37522928733353,15116.614592619177,299.0864026540753,25.936402654075323,30.0,101325.0,221.71491373137957,29.477280776514476,12.048674802037093,48963.96750200116,36.889211813171315
3565.0,59.416666666666664,9.599999999999994,False,719.9999999999995,47068.092185006884,20000.0,0.0,42.77321126296408,-0.20234447463625616,50.64188700991386,50.49569224508326,1.166463605534744,302.61220187716066,101324.66576909048,-0.3342309095169185,424.76687382381874,43.289556575521644,15117.36832773028,299.0870761382969,25.937076138296902,30.0,101325.0,221.692143848936,29.46220187716068,12.02487682653379,48674.40621003524,36.95701623936023
3570.0,59.5,8.799999999999997,False,659.9999999999998,45778.63718846271,20000.0,0.0,42.682634032431565,-0.20519127446761246,50.54457311543062,50.39739446837132,1.1665216899643092,302.5971056720719,101324.65629829292,-0.34370170708280057,424.7020550849046,43.20313535697161,15118.121101937448,299.08774698127195,25.93774698127197,30.0,101325.0,221.66935153271154,29.447105672071928,12.000870932492113,48383.47395590577,37.02441754503102
3575.0,59.583333333333336,8.0,False,600.0,44524.50748578379,20000.0,0.0,42.59202334744418,-0.2113448305751676,50.45037122472772,50.2983423831356,1.1665796698235866,302.5820038912407,101324.63537438848,-0.3646256115171127,424.6372241824057,43.11608001084217,15118.872520913683,299.0884151833597,25.938415183359723,30.0,101325.0,221.6465296303301,29.432003891240697,11.9766888919006,48091.581362195946,37.09141411122415
3580.0,59.666666666666664,7.200000000000003,False,540.0000000000002,43304.735322073684,20000.0,0.0,42.50159881780837,-0.21174700182599585,50.34885617815655,50.198667543059805,1.1666377607629332,302.5669331363014,101324.63398536504,-0.36601463495753706,424.5723773050021,43.028495417662405,15119.625379487616,299.0890807464034,25.93908074640342,30.0,101325.0,221.62371712710777,29.416933136301395,11.952359838239557,47799.101310882055,37.15800486308045
3585.0,59.75,6.3999999999999915,False,479.9999999999994,42118.37945458733,20000.0,0.0,42.41135430519341,-0.2100103075599758,50.244350314311134,50.09848013720391,1.1666958266350793,302.5518923841989,101324.63996465893,-0.360035341072944,424.50751187473276,42.94048113782598,15120.377913190627,299.0897436742043,25.93974367420435,30.0,101325.0,221.6008868067273,29.401892384198902,11.927911427173882,47506.38338551473,37.224189227452946
3590.0,59.833333333333336,5.599999999999994,False,419.99999999999955,40964.524426416865,20000.0,0.0,42.321149879317886,-0.21693554611931976,50.14953948661489,49.99787510017851,1.166753525732844,302.5368583132196,101324.61582831698,-0.3841716830211226,424.4426259165837,42.85213114635722,15121.125693497659,299.0904039722839,25.940403972283946,30.0,101325.0,221.5779727453244,29.386858313219648,11.903369762877006,47213.7533077128,37.28996710015658
3595.0,59.916666666666664,4.799999999999997,False,359.9999999999998,39842.27986007506,20000.0,0.0,42.23137151957769,-0.21380661960009525,50.04272698956054,49.89697047525733,1.166811361319277,302.5218952532629,101324.6268304442,-0.37316955579444766,424.37771408142345,42.763528132636964,15121.87524269783,299.09106164676365,25.94106164676367,30.0,101325.0,221.55506774061894,29.37189525326295,11.878757814621379,46921.494523357855,37.35533880003927
3600.0,60.0,4.0,False,300.0,38750.77977043152,20000.0,0.0,42.141757272101586,-0.21772743981579584,49.943925265811686,49.795840789915594,1.1668688113585335,302.50695954535024,101324.61301846491,-0.38698153509176336,424.31277481629326,42.67475512687712,15122.619795206594,299.09171670611244,25.94171670611246,30.0,101325.0,221.53207185850312,29.356959545350264,11.854098646354757,46629.88706901379,37.42030503725619
