time_s,time_min,passengers,train_present,passenger_heat_W,train_heat_W,equipment_heat_W,piston_airflow_m3_s,target_ventilation_airflow_m3_s,leakage_airflow_signed_m3_s,total_mass_inflow_kg_s,total_mass_outflow_kg_s,air_density_kg_m3,air_temperature_K,internal_pressure_Pa,pressure_difference_Pa,co2_ppm,ventilation_airflow_m3_s,air_mass_kg,structure_temperature_K,structure_temperature_C,outdoor_temperature_C,outdoor_pressure_Pa,co2_moles,air_temperature_C,air_changes_per_hour,fan_power_proxy_W,cumulative_fan_energy_kWh
0.0,0.0,4.0,False,300.0,0.0,20000.0,0.0,15.0,0.0,29.109952535479017,29.499188069966458,1.1799675227986584,299.15,101325.0,0.0,600.0,25.0,15292.379095470611,298.65,25.5,30.0,101325.0,316.77417926623554,26.0,6.944444444444445,9375.0,0.0
5.0,0.08333333333333333,4.466666666666667,False,335.0,0.0,20000.0,0.0,15.0,-0.09491838332696301,27.432911440109596,27.68431992196482,1.1798225244330578,299.1865479076023,101324.92645306536,-0.07354693464003503,598.3529398763575,23.464817248906158,15290.499916652429,298.6501801573243,25.500180157324337,30.0,101325.0,315.8657829846913,26.036547907602312,6.518004791362822,7751.8039201838155,0.011893613833460982
10.0,0.16666666666666666,4.933333333333334,False,370.0,0.0,20000.0,0.0,15.0,0.016935805222103306,25.80924849768241,26.16818078862379,1.179690160977971,299.2203413050058,101325.00234139999,0.0023413999879267067,596.816354731148,22.165313105737866,15288.784486274504,298.6503661348202,25.50036613482024,30.0,101325.0,315.019286087045,26.070341305005797,6.157031418260519,6533.905693914688,0.021814245509918277
15.0,0.25,5.4,False,405.0,0.0,20000.0,0.0,15.0,0.01670439797933519,24.528403007506398,24.867643052290806,1.179566933062696,299.25160030053325,101325.00227785234,0.0022778523416491225,595.373489868593,21.065306597126312,15287.18745249254,298.65055748683636,25.500557486836385,30.0,101325.0,314.2248679058266,26.101600300533278,5.8514740547573085,5608.6017590881,0.03024654235228132
20.0,0.3333333333333333,5.866666666666667,False,440.00000000000006,0.0,20000.0,0.0,15.0,-0.02381834046426423,23.471924738079387,23.747289131232215,1.1794520324056024,299.28073258879357,101324.99536887067,-0.004631129326298833,594.0100732792265,20.134171190325905,15285.698339976607,298.65075383070035,25.500753830700376,30.0,101325.0,313.4747487002905,26.13073258879359,5.592825330646085,4897.252774936417,0.03754227466757613
25.0,0.4166666666666667,6.333333333333334,False,475.00000000000006,0.0,20000.0,0.0,15.0,-0.10453331157529172,22.648143199478877,22.81556253171409,1.179343722711329,299.3079684015918,101324.91079825936,-0.08920174064405728,592.7142993084474,19.345982085070812,15284.294646338825,298.6509548371275,25.500954837127495,30.0,101325.0,312.76221091960593,26.157968401591802,5.37388391251967,4344.337871289443,0.04396004594967742
30.0,0.5,6.800000000000001,False,510.00000000000006,0.0,20000.0,0.0,15.0,-0.039986678178937196,21.79611316195271,22.026837605729874,1.1792430025310268,299.3337575176059,101324.98694747403,-0.013052525973762386,591.4760505697157,18.678794411714417,15282.989312802107,298.65116022119656,25.501160221196585,30.0,101325.0,312.0821592682033,26.183757517605898,5.188554003254004,3910.18924250391,0.04969235644536725
35.0,0.5833333333333334,7.266666666666667,False,545.0,0.0,20000.0,0.0,15.0,-0.03259841042040417,21.129902275509835,21.35910937033389,1.1791471434049363,299.35810488044183,101324.99132525419,-0.008674745811731555,590.287209867761,18.114032239145967,15281.746978527974,298.6513697356697,25.501369735669698,30.0,101325.0,311.429570169043,26.20810488044185,5.0316756219849905,3566.1258001413994,0.054884241891648713
40.0,0.6666666666666666,7.733333333333333,False,580.0,0.0,20000.0,0.0,15.0,-0.03525473491457677,20.57634213930274,20.79379796925988,1.1790560054705308,299.38124012885174,101324.98985390748,-0.010146092521608807,589.1407609041102,17.635971381157262,15280.565830898078,298.6515831645572,25.501583164557246,30.0,101325.0,310.8006911970448,26.231240128851766,4.8988809392103505,3291.1631110034946,0.05964624807994378
45.0,0.75,8.2,False,615.0,0.0,20000.0,0.0,15.0,-0.07966403239536554,20.15685551782183,20.31516577013438,1.178968730277719,299.40327923820365,101324.94819299545,-0.05180700455093756,588.0308976849964,17.231301601484308,15279.43474439924,298.6518003184733,25.50180031847333,30.0,101325.0,310.19222131621416,26.253279238203675,4.786472667078974,3069.767631117324,0.06406356109530545
50.0,0.8333333333333334,8.666666666666668,False,650.0000000000001,0.0,20000.0,0.0,15.0,-0.08963224588923256,19.769603071711355,19.90990778618533,1.1788853929048242,299.4244038450812,101324.93441682038,-0.06558317961753346,586.9526668344319,16.888756028375635,15278.354692046521,298.65202103044936,25.502021030449384,30.0,101325.0,309.6015574323347,26.274403845081224,4.691321118993232,2890.3087417291667,0.0682025030208933
55.0,0.9166666666666666,9.133333333333333,False,685.0,0.0,20000.0,0.0,15.0,-0.09382266457708627,19.436855181696814,19.566752301090546,1.1788054133019756,299.44470064934603,101324.92814128663,-0.07185871337424032,585.9019611368973,16.598797460796963,15277.318156393605,298.6522451521857,25.502245152185708,30.0,101325.0,309.02637194783193,26.294700649346055,4.610777072443601,2743.9811741434205,0.07211520435136037
60.0,1.0,9.600000000000001,False,720.0000000000001,0.0,20000.0,0.0,15.0,-0.05815747677749688,19.109531445387834,19.27616792103269,1.1787287976127923,299.4642949021523,101324.9723894522,-0.0276105477969395,584.875287532569,16.35335283236614,15276.325217061787,298.65247255170186,25.502472551701885,30.0,101325.0,308.4648165305279,26.314294902152312,4.542598008990595,2624.0473734138704,0.07584300195383072
65.0,1.0833333333333333,10.066666666666666,False,755.0,0.0,20000.0,0.0,15.0,-0.05634322000549075,18.865498464148253,19.030070201892798,1.1786544834025863,299.483181149567,101324.97408523722,-0.025914762780303136,583.8698172235364,16.14558843992689,15275.362104897518,298.65270311042315,25.50270311042317,30.0,101325.0,307.9151146965962,26.333181149566997,4.484885677757469,2525.299449275918,0.07941893724736529
70.0,1.1666666666666667,10.533333333333333,False,790.0,0.0,20000.0,0.0,15.0,-0.08004580552568696,18.688316457990034,18.82162955597321,1.1785823379945073,299.5014356240235,101324.94769525729,-0.05230474271229468,582.8830885031165,15.969719678644063,15274.427100408813,298.65293672134635,25.502936721346373,30.0,101325.0,307.37592847285674,26.35143562402351,4.436033244067795,2443.6732179192154,0.08286961271069525
75.0,1.25,11.0,False,825.0,0.0,20000.0,0.0,15.0,-0.11657553075949366,18.55750801350234,18.645063340465693,1.1785121126035067,299.519109048981,101324.88906241329,-0.11093758670904208,581.9130443442211,15.820849986239008,15273.516979341448,298.653173287394,25.50317328739402,30.0,101325.0,306.8461037138267,26.369109048981045,4.394680551733058,2375.9685519464183,0.08621658616199084
80.0,1.3333333333333333,11.466666666666667,False,860.0,0.0,20000.0,0.0,15.0,-0.05866590475913776,18.34334597624581,18.495500069327388,1.1784450517727556,299.5363984411764,101324.97190458464,-0.028095415356801823,580.95777442964,15.694834512228026,15272.647870974914,298.6534127196828,25.503412719682842,30.0,101325.0,306.32495259032095,26.386398441176425,4.359676253396674,2319.644720012437,0.08947742871196226
85.0,1.4166666666666667,11.933333333333334,False,895.0,0.0,20000.0,0.0,15.0,-0.11137541323727422,18.28051472013188,18.368758964978475,1.1783785518781704,299.5530859909074,101324.89873891695,-0.10126108305121306,580.0161033882488,15.588164716424316,15271.786032341088,298.65365493683726,25.50365493683728,30.0,101325.0,305.8111743146107,26.403085990907414,4.33004575456231,2272.66910998171,0.09266653553834708
90.0,1.5,12.4,False,930.0,0.0,20000.0,0.0,15.0,-0.11211457259648266,18.17623719558786,18.261363429069593,1.1783143505192146,299.56940338304065,101324.89739038867,-0.10260961133462843,579.0865685901869,15.497870683678656,15270.953982729021,298.6538998633476,25.503899863347613,30.0,101325.0,305.30444605793144,26.419403383040674,4.304964078799626,2233.4043036493067,0.09579575318670196
95.0,1.5833333333333333,12.866666666666667,False,965.0,0.0,20000.0,0.0,15.0,-0.10349869751716864,18.077207321862854,18.17033876656367,1.1782518759868428,299.58533231033385,101324.91255526214,-0.08744473785918672,578.1681776429829,15.42143843509278,15270.144312789484,298.65414742928965,25.504147429289674,30.0,101325.0,304.8040928310819,26.435332310333877,4.283732898636884,2200.5229568839914,0.09887486933985008
100.0,1.6666666666666667,13.333333333333334,False,1000.0,0.0,20000.0,0.0,15.0,-0.11644231878251729,18.01694403743844,18.093166264208328,1.1781905757726157,299.6008507551596,101324.88931580732,-0.11068419268121943,577.2601024067498,15.356739933472538,15269.349862013098,298.6543975692492,25.50439756924925,30.0,101325.0,304.30953230187157,26.45085075515965,4.26576109263126,2172.943024277853,0.1019119984934347
105.0,1.75,13.8,False,1035.0,0.0,20000.0,0.0,15.0,-0.10909982744008972,17.944624912471564,18.027729417749754,1.1781309792485952,299.6160462341919,101324.90283451145,-0.09716548855067231,576.3615153762099,15.301973834223196,15268.577491061793,298.6546502217777,25.504650221777695,30.0,101325.0,303.8204624993946,26.466046234191936,4.2505482872842215,2149.7780060370014,0.10491388809782001
110.0,1.8333333333333333,14.266666666666667,False,1070.0,0.0,20000.0,0.0,15.0,-0.0694152237986568,17.844436483438354,17.9722296111607,1.1780730714536107,299.6309447763047,101324.96066552412,-0.039334475877694786,575.4717736645636,15.255615332065076,15267.827006038795,298.654905328836,25.504905328836003,30.0,101325.0,303.33653788576873,26.48094477630474,4.2376709255736325,2130.298388852472,0.10788616337204883
115.0,1.9166666666666667,14.733333333333334,False,1105.0,0.0,20000.0,0.0,15.0,-0.11803141269103332,17.855352207987483,17.92512157886003,1.1780153355713314,299.6454100368658,101324.88627416831,-0.11372583168849815,574.5905282504871,15.216373707194938,15267.078749004455,298.65516283570634,25.505162835706358,30.0,101325.0,302.857181833105,26.49541003686585,4.226770474220816,2113.9015041615717,0.11083352440886413
120.0,2.0,15.200000000000001,False,1140.0,0.0,20000.0,0.0,15.057997092068831,-0.09946555457770198,17.798761490031822,17.88889464262018,1.177959675352737,299.65966618201145,101324.9192375792,-0.08076242079550866,573.71702099938,15.186338732065165,15266.357392571472,298.6554226899871,25.505422689987142,30.0,101325.0,302.38248259214396,26.509666182011472,4.2184274255736565,2101.408565855051,0.1137608230685979
125.0,2.0833333333333335,15.666666666666668,False,1175.0,0.0,20000.0,0.0,15.141856990814858,-0.07776032690444035,17.75826040057875,17.872661652948903,1.1779051008676387,299.67364283180245,101324.9506394413,-0.04936055869620759,572.8504938448973,15.173261105486336,15265.650107244597,298.6556848428869,25.50568484288692,30.0,101325.0,301.91178389234244,26.523642831802476,4.214794751523982,2095.984392527941,0.11667567928969719
130.0,2.1666666666666665,16.133333333333333,False,1210.0,0.0,20000.0,0.0,15.22404585093659,-0.07725848936111258,17.759605423412882,17.873796492173646,1.177851268428385,299.6873409751561,101324.9512744965,-0.048725503496825695,571.9899982607604,15.17491806586308,15264.95243883187,298.65594924982906,25.505949249829087,30.0,101325.0,301.4444961173419,26.5373409751561,4.2152550182953,2096.6711286887053,0.11958724562387542
135.0,2.25,16.6,False,1245.0,0.0,20000.0,0.0,15.30473536299553,-0.09360600525839241,17.79483547374981,17.88937184093442,1.1777981505324557,299.7007892271659,101324.92847278187,-0.07152721812599339,571.134716677426,15.188826568327553,15264.264030900626,298.65621587035287,25.50621587035289,30.0,101325.0,300.98018009811267,26.55078922716592,4.2191184912020985,2102.4414975614845,0.12250329605877137
140.0,2.3333333333333335,17.066666666666666,False,1280.0,0.0,20000.0,0.0,15.38399290690154,-0.12441774878491199,17.858748261440223,17.916930728334968,1.1777456028622078,299.7139988178169,101324.8736344799,-0.12636552010371815,570.2839947617708,15.212903945293855,15263.583013094212,298.65648466747916,25.506484667479185,30.0,101325.0,300.51845300861976,26.563998817816923,4.225806651470515,2112.4557465894027,0.12543030803387617
145.0,2.4166666666666665,17.53333333333333,False,1314.9999999999998,0.0,20000.0,0.0,15.462752704868535,-0.08032600371940508,17.84524849542729,17.95443177841249,1.1776948797064877,299.7271254508114,101324.94732843369,-0.05267156631452963,569.4371034943059,15.245401918438505,15262.92564099608,298.6567556069023,25.506755606902345,30.0,101325.0,300.0592493011538,26.577125450811423,4.234833866232918,2126.0226408816293,0.12837369580295327
150.0,2.5,18.0,False,1350.0,0.0,20000.0,0.0,15.539645464656815,-0.12484053826049547,17.94302059790326,18.000112967075303,1.1776436605492369,299.7399409107761,101324.87277420414,-0.12722579586261418,568.593939010369,15.284855317507757,15262.26184071811,298.6570286569908,25.507028656990826,30.0,101325.0,299.601921554885,26.589940910776136,4.245793143752155,2142.5711208247103,0.13133799702636043
155.0,2.5833333333333335,18.46666666666667,False,1385.0000000000002,0.0,20000.0,0.0,15.616188211279677,-0.09462865835063604,17.960447518248913,18.052558270932384,1.1775941704752713,299.75269803521326,101324.92690136342,-0.07309863658156246,567.7538123278837,15.330033659767915,15261.620449359514,298.65730378788936,25.507303787889384,30.0,101325.0,299.1466722972758,26.60269803521328,4.258342683268865,2161.6261008523215,0.13432702287474726
160.0,2.6666666666666665,18.933333333333334,False,1420.0,0.0,20000.0,0.0,15.691576908231696,-0.08185794253191728,18.003648846522765,18.110532064899235,1.1775450249588293,299.7652628180386,101324.9453002224,-0.054699777596397325,566.9166399917564,15.37990622951546,15260.983523466428,298.6575809717175,25.507580971717516,30.0,101325.0,298.6931042110237,26.615262818038616,4.272196174865405,2182.7917978540154,0.1373439797488489
165.0,2.75,19.4,False,1455.0,0.0,20000.0,0.0,15.76593502506796,-0.08388470257871251,18.06853842756762,18.173015888345592,1.1774963125507834,299.7776558375113,101324.94255801366,-0.057441986340563744,566.0821880903188,15.433607472602445,15260.352210658153,298.6578601818512,25.507860181851242,30.0,101325.0,298.2411159059251,26.627655837511327,4.287113186834012,2205.736358231927,0.1403915687461308
170.0,2.8333333333333335,19.866666666666667,False,1490.0,0.0,20000.0,0.0,15.83926940713593,-0.10364812945157142,18.157693815976206,18.239153730750353,1.1774479545849101,299.78987823452263,101324.91230257356,-0.08769742643926293,565.2502941171795,15.490411834958994,15259.725491420437,298.658141392967,25.508141392967048,30.0,101325.0,297.7906012101703,26.639878234522655,4.302892176377498,2230.1811624272937,0.14347206702436638
175.0,2.9166666666666665,20.333333333333336,False,1525.0000000000002,0.0,20000.0,0.0,15.91175563435911,-0.12060117596623976,18.246481922277507,18.308232189895136,1.1774001466647006,299.80195927239316,101324.88126821515,-0.11873178485257085,564.4207860613262,15.54971115109683,15259.10590077452,298.65842458082943,25.508424580829455,30.0,101325.0,297.3415183429832,26.651959272393185,4.319364208638008,2255.891607438858,0.14658739533677342
180.0,3.0,20.8,False,1560.0,0.0,20000.0,0.0,15.983907825962433,-0.08440196782211166,18.2756895311735,18.379660655347944,1.1773536257318098,299.8139846376604,101324.94184741084,-0.05815258916118182,563.5934504921187,15.61099422777389,15258.502989484256,298.65870972187224,25.508709721872265,30.0,101325.0,296.8939399412999,26.663984637660405,4.336387285492748,2282.668994400325,0.14973917353249508
185.0,3.0833333333333335,21.266666666666666,False,1595.0,0.0,20000.0,0.0,16.05475342713362,-0.10840745457406667,18.37681282548822,18.45291252407903,1.177306820726007,299.8257922378556,101324.9040638677,-0.09593613230390474,562.7684653547891,15.673834721096506,15257.89639660905,298.6589967936828,25.508996793682797,30.0,101325.0,296.44756258068446,26.675792237855603,4.353842978082363,2310.346073390183,0.1529287673295718
190.0,3.1666666666666665,21.733333333333334,False,1630.0,0.0,20000.0,0.0,16.124868701669243,-0.12441144630857692,18.47001421559237,18.527577867563405,1.1772605829177116,299.83747811694485,101324.87364728186,-0.1263527181436075,561.9456517417133,15.737873276657943,15257.297154613541,298.65928577412797,25.50928577412799,30.0,101325.0,296.00250622699974,26.687478116944874,4.371631465738318,2338.7800594515643,0.15615732714404523
195.0,3.25,22.2,False,1665.0,0.0,20000.0,0.0,16.19439961914634,-0.12398635678827234,18.54513125530707,18.60330628096442,1.1772150944812396,299.84906660319103,101324.87450925168,-0.12549074832350016,561.124939768807,15.802809841783665,15256.707624476867,298.65957664183685,25.509576641836873,30.0,101325.0,295.55877904709376,26.699066603191056,4.389669400495463,2367.850032578281,0.1594258202635104
200.0,3.3333333333333335,22.666666666666668,False,1700.0,0.0,20000.0,0.0,16.263243102436036,-0.11925976073581496,18.615992592115127,18.679798772953877,1.1771701583648415,299.86054051707265,101324.88389477118,-0.11610522882256191,560.3063467702278,15.86839306128964,15256.125252408345,298.6598693759143,25.50986937591432,30.0,101325.0,295.11633981626017,26.710540517072673,4.4078869614693446,2397.4529820783755,0.16273505846813308
205.0,3.4166666666666665,23.133333333333333,False,1735.0,0.0,20000.0,0.0,16.33158629632453,-0.08951450495093953,18.65822960072152,18.756811185126757,1.1771260328927424,299.8719310493874,101324.93458900737,-0.06541099262540229,559.4898277368227,15.934412000924494,15255.553386289943,298.6601639558059,25.510163955805922,30.0,101325.0,294.6752287615919,26.721931049387422,4.426225555812359,2427.500772164635,0.1660857207974685
210.0,3.5,23.6,False,1770.0,0.0,20000.0,0.0,16.39871578730947,-0.11636700995150974,18.76667181167436,18.83411889382099,1.177081591582194,299.8831192978849,101324.88945893057,-0.11054106942901853,558.6756112061636,16.000691055328453,15254.977426905234,298.66046036149163,25.510460361491653,30.0,101325.0,294.2352836477052,26.73311929788491,4.444636404257904,2457.9184520492045,0.16947837303650592
215.0,3.5833333333333335,24.066666666666666,False,1805.0,0.0,20000.0,0.0,16.465649781572324,-0.08689430278076889,18.80965993633059,18.911572674603313,1.1770383738066572,299.89427496359536,101324.93836228689,-0.061637713108211756,557.8634045899403,16.06708251443106,15254.417324534277,298.6607585731246,25.510758573124633,30.0,101325.0,293.79673483008776,26.744274963595387,4.46307847623085,2488.6414056109684,0.1729134840487699
220.0,3.6666666666666665,24.533333333333335,False,1840.0000000000002,0.0,20000.0,0.0,16.531609096390866,-0.09087339435175698,18.891587371572253,18.989008778168937,1.1769951616386154,299.9052681827318,101324.93258796897,-0.06741203102865256,557.0534830199513,16.133463753353407,15253.857294836456,298.66105857129713,25.511058571297156,30.0,101325.0,293.35942218862425,26.75526818273181,4.4815177092648355,2519.6145260606213,0.17639143955687517
225.0,3.75,25.0,False,1875.0,0.0,20000.0,0.0,16.596942659674937,-0.08829425200678395,18.96574648470193,19.06631427318163,1.1769524727972371,299.9161571099458,101324.93636020459,-0.06363979540765285,556.2457794827632,16.19973169168602,15253.304047452193,298.6613603367362,25.51136033673623,30.0,101325.0,292.9234391463768,26.766157109945823,4.499925469912783,2550.790055398139,0.17991255384955487
230.0,3.8333333333333335,25.46666666666667,False,1910.0000000000002,0.0,20000.0,0.0,16.661505449755282,-0.09837258810371505,19.054412549363413,19.143384867263283,1.1769100689441014,299.9269175749592,101324.9210027258,-0.07899727420590352,555.4403861140245,16.265800907318532,15252.754493515555,298.66166385050724,25.51166385050726,30.0,101325.0,292.4887742940046,26.776917574959214,4.518278029810704,2582.127048935493,0.18347707961645324
235.0,3.9166666666666665,25.933333333333334,False,1945.0,0.0,20000.0,0.0,16.725439787221262,-0.10417402900304232,19.137784604222205,19.220140349554388,1.1768681460718524,299.9375732978702,101324.91141038107,-0.08858961892838124,554.6372838528787,16.331600454738556,15252.211173091207,298.6619690939202,25.511969093920243,30.0,101325.0,292.0554657932221,26.78757329787021,4.536555681871821,2613.5901822022142,0.18708521658252109
240.0,4.0,26.400000000000002,False,1980.0000000000002,0.0,20000.0,0.0,16.789365998939616,0.04385120262899693,19.092734222494727,19.34814631414567,1.176827554129937,299.9482276664899,101325.0156973712,0.015697371200076304,553.8360530399549,16.397084639029064,15251.68510152398,298.662276050744,25.51227605074405,30.0,101325.0,291.62350264580687,26.798227666489936,4.554745733063629,2645.1552430092047,0.1907371231278068
245.0,4.083333333333333,26.866666666666667,False,2015.0,0.0,20000.0,0.0,16.8521102540725,-0.04336542657733964,19.219103788597423,19.372544549330797,1.1767861661185617,299.9586850423454,101324.98464848798,-0.01535151201824192,553.0361255537208,16.46224701402464,15251.14871289656,298.6625847109501,25.512584710950136,30.0,101325.0,291.1920578633646,26.808685042345417,4.572846392784623,2676.8164479895668,0.19443293680211152
250.0,4.166666666666667,27.333333333333336,False,2050.0,0.0,20000.0,0.0,16.914516521210544,0.03618849795911997,19.244021573461275,19.490674565017304,1.1767456650057542,299.9690860868684,101325.01069067253,0.010690672526834533,552.2385400413674,16.527012153323497,15250.623818474574,298.66289505155976,25.51289505155978,30.0,101325.0,290.76209493580234,26.819086086868424,4.590836709256527,2708.5339883578217,0.1981727634940194
255.0,4.25,27.8,False,2085.0,0.0,20000.0,0.0,16.976159469825575,0.03695802236226339,19.318928924123856,19.56661172601596,1.1767053686399718,299.9793599116376,101325.01115016667,0.011150166668812744,551.4434273927669,16.59134354528582,15250.101577574034,298.663207054615,25.51320705461501,30.0,101325.0,290.33351338935233,26.829359911637596,4.608706540357172,2740.2861678550717,0.20195666638027837
260.0,4.333333333333333,28.26666666666667,False,2120.0,0.0,20000.0,0.0,17.03696915759315,-0.0591722365490162,19.462196719988896,19.597607019239053,1.1766651530156234,299.98949485959884,101324.97141752181,-0.028582478189491667,550.6508461079375,16.655211526417016,15249.580383082479,298.6635207023902,25.513520702390224,30.0,101325.0,289.9063131183411,26.839494859598858,4.626447646226949,2772.054143358209,0.2057846804852876
265.0,4.416666666666667,28.733333333333334,False,2155.0,0.0,20000.0,0.0,17.097594845721346,0.04332977808807305,19.46709676746644,19.722513488890804,1.1766260316626296,299.99959914095353,101325.01532628301,0.015326283013564534,549.8607373525332,16.71859198648647,15249.073370347678,298.663835977341,25.513835977341046,30.0,101325.0,289.4807122810218,26.849599140953558,4.644053329579575,2803.8214088546692,0.20965681628543545
270.0,4.5,29.200000000000003,False,2190.0,0.0,20000.0,0.0,17.157329483753074,0.026776756129846785,19.54030600124199,19.776356666822366,1.1765868754969857,300.0095549139588,101325.0058530177,0.005853017704794183,549.0732687831421,16.781465013921267,15248.565906440934,298.66415286201646,25.514152862016488,30.0,101325.0,289.0565204626483,26.859554913958846,4.6615180594225745,2835.573218954119,0.2135730625547471
275.0,4.583333333333333,29.666666666666668,False,2225.0,0.0,20000.0,0.0,17.21619575134855,-0.08116161528479685,19.70741067904,19.817551959752414,1.1765477071363735,300.01936595855807,101324.94622687514,-0.05377312486234587,548.2884804137861,16.843815035759842,15248.0582844874,298.6644713391984,25.51447133919845,30.0,101325.0,288.6337641743347,26.86936595855809,4.67883750993329,2867.296744178212,0.21753338891803342
280.0,4.666666666666667,30.133333333333333,False,2260.0,0.0,20000.0,0.0,17.275056482180617,0.0188838008714242,19.684871419964924,19.91184578190796,1.1765098954635433,300.0291760803634,101325.00291100355,0.002911003553890623,547.5063379469774,16.905619646728326,15247.568245207522,298.6647913900728,25.514791390072844,30.0,101325.0,288.21276057234854,26.879176080363436,4.696005457424535,2898.9754099268825,0.2215377445806064
285.0,4.75,30.6,False,2295.0,0.0,20000.0,0.0,17.332704861352,-0.08567534931683299,19.855964776423278,19.96105232995323,1.1764714908668024,300.03878414355864,101324.94007946546,-0.05992053453519475,546.7269845227014,16.96688146284471,15247.07052163376,298.66511299953464,25.515112999534665,30.0,101325.0,287.79310652430496,26.888784143558667,4.713022628567975,2930.6052784040276,0.2255860645030584
290.0,4.833333333333333,31.066666666666666,False,2330.0,0.0,20000.0,0.0,17.390051595699788,-0.08995870537307867,19.931638536422522,20.031832156598284,1.1764339440480862,300.0483419326166,101324.93393821492,-0.06606178508081939,545.9503906773102,17.02758770090324,15246.583914863197,298.66543614992565,25.515436149925677,30.0,101325.0,287.37514137012533,26.89834193261663,4.729885472473122,2962.174423693733,0.2296782726295152
295.0,4.916666666666667,31.533333333333335,False,2365.0,0.0,20000.0,0.0,17.44683324246637,-0.0914496296902401,20.00340853237378,20.10195557242131,1.1763968145321024,300.05780554041104,101324.9317303284,-0.0682696715957718,545.1766061932632,17.08773376814746,15246.102716336049,298.6657608247499,25.51576082474992,30.0,101325.0,286.9587828347803,26.90780554041106,4.746592713374294,2993.6750461243096,0.23381427920577771
300.0,5.0,32.0,False,2400.0,0.0,20000.0,0.0,17.50328211876888,-0.05222535153822044,20.027120315541797,20.171431707697938,1.1763604645206664,300.06721368646146,101324.9777347972,-0.022265202802373096,544.4056524378566,17.147322029321366,15245.631620187838,298.66608700855636,25.516087008556383,30.0,101325.0,286.5441298183881,26.91721368646148,4.763145008144823,3025.1029737978465,0.23799398616405698
305.0,5.083333333333333,32.46666666666667,False,2435.0,0.0,20000.0,0.0,17.558740805903312,-0.08223845050400275,20.130788468307,20.240228614501724,1.1763238471762765,300.07645680098386,101324.94479050823,-0.05520949176570866,543.6376950772026,17.206340467455178,15245.157059404544,298.6664146834335,25.51641468343354,30.0,101325.0,286.1310139361934,26.926456800983885,4.779539018737549,3056.4464197977227,0.2422172843540539
310.0,5.166666666666667,32.93333333333334,False,2470.0000000000005,0.0,20000.0,0.0,17.614014910169544,-0.04179906547074298,20.151763145494076,20.308372666852243,1.1762882104848396,300.0856691516949,101324.98573745409,-0.014262545912060887,542.8726033015608,17.26479317384435,15244.695207883522,298.6667438340633,25.516743834063334,30.0,101325.0,285.7196696049935,26.935669151694924,4.79577588162343,3087.7020806877563,0.24648405414605773
315.0,5.25,33.400000000000006,False,2505.0000000000005,0.0,20000.0,0.0,17.668383965395947,-0.06830805163717486,20.25004080552575,20.37585160014319,1.1762524152762674,300.0947306608993,101324.96191028638,-0.038089713620138355,542.1105589268552,17.322686300590927,15244.231301980426,298.66707444541646,25.517074445416483,30.0,101325.0,285.30991505416404,26.944730660899324,4.811857305719702,3118.8678430013197,0.2507941721486196
320.0,5.333333333333333,33.86666666666667,False,2540.0,0.0,20000.0,0.0,17.7221422910344,-0.09297637370082167,20.345503090766723,20.44265268381008,1.176216920747118,300.10369038183904,101324.92943178721,-0.0705682127882028,541.3515848316555,17.380002211518235,15243.77129288265,298.6674064985602,25.517406498560206,30.0,101325.0,284.9018735659797,26.953690381839067,4.8277783920883985,3149.9287656378256,0.2551475031268412
325.0,5.416666666666667,34.333333333333336,False,2575.0,0.0,20000.0,0.0,17.775551397017125,-0.08772787263560439,20.405477070790507,20.508802030531022,1.176182123327171,300.11259189950283,101324.93717404378,-0.06282595622178633,540.5956513254735,17.43675713461445,15243.320318320137,298.6677399801471,25.5177399801471,30.0,101325.0,284.4956249514969,26.962591899502854,4.8435436485040135,3180.888207976938,0.25954390380296255
330.0,5.5,34.8,False,2610.0,0.0,20000.0,0.0,17.82849591810168,-0.06839094391937747,20.44838717868908,20.57429021688262,1.1761478276024566,300.12141598635026,101324.96181778604,-0.03818221396068111,539.8428147351896,17.492945813472033,15242.875845727838,298.66807487336905,25.518074873369073,30.0,101325.0,284.0911508022299,26.97141598635028,4.859151614853342,3211.7379469545904,0.26398322752166503
335.0,5.583333333333333,35.266666666666666,False,2645.0,0.0,20000.0,0.0,17.880901291231794,-0.03895798376583587,20.478887242562205,20.639120171087658,1.1761138993544529,300.1301502152053,101324.98761041225,-0.01238958774774801,539.093107400443,17.54857261904318,15242.436135633709,298.6684111630362,25.518411163036205,30.0,101325.0,283.688435112189,26.9801502152053,4.874603505289772,3242.475042934565,0.2684653198757547
340.0,5.666666666666667,35.733333333333334,False,2680.0,0.0,20000.0,0.0,17.932316740251736,-0.09398324557851336,20.607080151803004,20.70328362404719,1.1760796270849136,300.1387194567086,101324.92789509837,-0.07210490162833594,538.3466682695464,17.60364106923893,15241.991967020482,298.66874883392956,25.51874883392958,30.0,101325.0,283.2873791044656,26.988719456708623,4.889900297010813,3273.0961637163373,0.2729900221025956
345.0,5.75,36.2,False,2715.0,0.0,20000.0,0.0,17.983736887499617,-0.05716237712029056,20.627678711992893,20.766809452715187,1.1760465741053379,300.1472894812499,101324.97332622565,-0.026673774351365864,537.603388836418,17.658152244959574,15241.56360040518,298.6690878703842,25.519087870384226,30.0,101325.0,282.8883019189794,26.997289481249936,4.9050422902665485,3303.596680645368,0.2775571699111801
350.0,5.833333333333333,36.66666666666667,False,2750.0000000000005,0.0,20000.0,0.0,18.034082519176536,-0.10238915463523748,20.743173594705645,20.829676507274637,1.1760130136986064,300.15568041986273,101324.9144200899,-0.08557991009729449,536.8634353109959,17.712113951668357,15241.12865753394,298.66942825809525,25.519428258095274,30.0,101325.0,282.49087488091016,27.005680419862756,4.92003165324121,3333.975800305046,0.28216659524517346
355.0,5.916666666666667,37.13333333333333,False,2785.0,0.0,20000.0,0.0,18.08421368818904,-0.1010634573964265,20.80381170980234,20.89189742978528,1.1759803044251271,300.16403561469815,101324.91662185779,-0.08337814221158624,536.1267500946662,17.765516438643242,15240.704745349647,298.669769979768,25.519769979768,30.0,101325.0,282.0953939305327,27.014035614698173,4.934865677400901,3364.2228858292947,0.2868181221105445
360.0,6.0,37.6,False,2820.0,0.0,20000.0,0.0,18.13390752894827,-0.08871627759363558,20.850979755483422,20.95348048839238,1.1759480789640255,300.17231792149136,101324.93575038441,-0.06424961559241638,535.3933809685885,17.818372140079312,15240.28710337377,298.67011302197477,25.520113021974794,30.0,101325.0,281.7017952303888,27.02231792149138,4.949547816688698,3394.3398703120783,0.2915115684689761
365.0,6.083333333333333,38.06666666666667,False,2855.0000000000005,0.0,20000.0,0.0,18.183076855791683,-0.07490625183649893,20.895814388393646,21.014429840278364,1.1759161898117059,300.1805128092986,101324.95419635458,-0.045803645421983674,534.6633743961246,17.87068672270199,15239.873819959708,298.67045737027706,25.520457370277086,30.0,101325.0,281.3100673204678,27.030512809298614,4.964079645194997,3424.3249895871595,0.29624675239946163
370.0,6.166666666666667,38.53333333333333,False,2890.0,0.0,20000.0,0.0,18.2314199249721,-0.10321903466524102,20.989070171430665,21.074740406290093,1.1758841499913246,300.1885699874953,101324.91302719088,-0.08697280912019778,533.9368083083123,17.92246320051646,15239.458583887568,298.6708030099083,25.52080300990832,30.0,101325.0,280.92013438980706,27.03856998749535,4.978462000143462,3454.1750462034206,0.30102348853542726
375.0,6.25,39.0,False,2925.0,0.0,20000.0,0.0,18.279659678786743,-0.07799936551788747,21.01936912329471,21.134435385133994,1.175853090050814,300.19660994646443,101324.95033550187,-0.04966449813218787,533.2136026667338,17.973703997512715,15239.056047058548,298.6711499261115,25.521149926111548,30.0,101325.0,280.5322240513569,27.046609946464457,4.992695554864643,3483.886564383319,0.3058415868761125
380.0,6.333333333333333,39.46666666666667,False,2960.0,0.0,20000.0,0.0,18.32701058982741,-0.10249702005220963,21.1069430302712,21.193500471828813,1.1758217601852499,300.2045017649712,101324.91423968066,-0.08576031934353523,532.4939068876724,18.024415935702528,15238.650012000839,298.67149810498427,25.52149810498429,30.0,101325.0,280.14611604905895,27.054501764971235,5.006782204361813,3513.4586973033597,0.3107008544189505
385.0,6.416666666666667,39.93333333333334,False,2995.0000000000005,0.0,20000.0,0.0,18.373940208034924,-0.1141687058859996,21.17896296436252,21.251945122366322,1.1757908862767033,300.2123233680058,101324.89359597221,-0.10640402778517455,531.7776785152328,18.07459589150534,15238.249886146074,298.671847531072,25.521847531072012,30.0,101325.0,279.76196087338496,27.06232336800582,5.020721080973705,3542.8848643050774,0.3156010930034008
390.0,6.5,40.4,False,3030.0,0.0,20000.0,0.0,18.420671187613607,-0.09232537608845534,21.21134787888347,21.309784985685212,1.1757608104400767,300.22011186460225,101324.93041653004,-0.069583469958161,531.064912232146,18.124251800592972,15237.860103303394,298.6721981907936,25.52219819079363,30.0,101325.0,279.37983643705326,27.070111864602268,5.034514389053603,3572.165008785816,0.32054209985971394
395.0,6.583333333333333,40.86666666666667,False,3065.0,0.0,20000.0,0.0,18.466618622483452,-0.10419526652818584,21.282385863955014,21.367011001031774,1.1757305993660714,300.2277697704139,101324.9113742566,-0.08862574340309948,530.3557221715688,18.17339024139748,15237.468567784284,298.6725500705114,25.522550070511443,30.0,101325.0,278.99958040454806,27.07776977041391,5.048163955943744,3601.2983957801357,0.32552367166844026
400.0,6.666666666666667,41.333333333333336,False,3100.0,0.0,20000.0,0.0,18.51224859016361,-0.09572333457770306,21.329139007136824,21.423640125066303,1.175700978410439,300.23537476502725,101324.9252003528,-0.07479964720550925,529.6500643982615,18.222014371401904,15237.08468019929,298.6729031562333,25.522903156233326,30.0,101325.0,278.6213415446577,27.085374765027268,5.061670658722751,3630.282355653308,0.3305456027458246
405.0,6.75,41.800000000000004,False,3135.0000000000005,0.0,20000.0,0.0,18.557513153629316,-0.06841946582233961,21.353370151103505,21.479675697691295,1.1756718615042236,300.2429188589382,101324.96178593222,-0.03821406778297387,528.9479710283728,18.27012825688363,15236.707325094738,298.6732574341751,25.52325743417515,30.0,101325.0,278.24511568233623,27.09291885893822,5.075035626912119,3659.114830567808,0.3356076841251448
410.0,6.833333333333333,42.266666666666666,False,3170.0,0.0,20000.0,0.0,18.60213106747119,-0.06436298948427197,21.404083064458526,21.53511626085021,1.1756427945837895,300.25035517791184,101324.96618290273,-0.033817097268183716,528.2495068740567,18.317737632606548,15236.330617805912,298.67361289096294,25.523612890962966,30.0,101325.0,277.8708289749791,27.100355177911865,5.088260453501819,3687.7948474606287,0.34070970473488676
415.0,6.916666666666667,42.733333333333334,False,3205.0,0.0,20000.0,0.0,18.646301484420064,-0.05450922248921569,21.44745972709272,21.589969006216947,1.1756140810471076,300.25771691407,101324.9757448544,-0.024255145603092387,527.554665419881,18.364843832924304,15235.958490370516,298.6739695126157,25.523969512615736,30.0,101325.0,277.4985494227077,27.10771691407001,5.10134550914564,3716.3188593293316,0.345851450364602
420.0,7.0,43.2,False,3240.0,0.0,20000.0,0.0,18.689900384845828,-0.06475641515945546,21.513662957406655,21.644237250811585,1.1755855151588808,300.2649833974743,101324.96576821792,-0.03423178207594901,526.8634862449346,18.411452822201845,15235.588276459093,298.6743272860239,25.524327286023947,30.0,101325.0,277.1282488754676,27.114983397474305,5.114292450611623,3744.6861866292797,0.35103270386873997
425.0,7.083333333333333,43.66666666666667,False,3275.0000000000005,0.0,20000.0,0.0,18.733084421388185,-0.06491509581023158,21.567549896804863,21.697935252951794,1.1755573351486184,300.272180736898,101324.96560024764,-0.03439975235960446,526.1759673419995,18.457572935146256,15235.223063526095,298.6746861986523,25.52468619865232,30.0,101325.0,276.759982086158,27.12218073689803,5.127103593096182,3772.8977027334095,0.35625324823635296
430.0,7.166666666666667,44.13333333333333,False,3310.0,0.0,20000.0,0.0,18.775545793586048,-0.1020322796971041,21.663899903840083,21.751051777378688,1.175529043089189,300.2792576322643,101324.91501562367,-0.08498437632806599,525.4921723463062,18.503202371094805,15234.856398435888,298.6750462364458,25.525046236445803,30.0,101325.0,276.3936649565029,27.12925763226434,5.139778436415224,3800.9481622301737,0.36151286342035543
435.0,7.25,44.6,False,3345.0,0.0,20000.0,0.0,18.817755121352207,-0.1085166349714923,21.72402513992997,21.803616016938925,1.1755013743556015,300.28629252022535,101324.90387053008,-0.09612946992274374,524.81205307475,18.548354338497866,15234.497811648596,298.67540738784334,25.52540738784336,30.0,101325.0,276.0294447852625,27.136292520225368,5.152320649582741,3828.841618197515,0.36681132854565246
440.0,7.333333333333333,45.06666666666667,False,3380.0000000000005,0.0,20000.0,0.0,18.85954716924175,-0.11109194158059428,21.779035027286035,21.855615230463737,1.1754740548879705,300.29325786154027,101324.8992537185,-0.10074628150323406,524.1356514958032,18.593022227569882,15234.143751348098,298.6757696381633,25.525769638163297,30.0,101325.0,275.66727866866296,27.14325786154029,5.16472839654719,3856.569975644327,0.3721484199302649
445.0,7.416666666666667,45.53333333333334,False,3415.0000000000005,0.0,20000.0,0.0,18.901037399952088,-0.09736802768865262,21.814512656287622,21.907063015389657,1.175447258070152,300.300172899992,101324.92260789538,-0.07739210462023038,523.4629687142437,18.637214783551112,15233.796464589172,298.67613297539225,25.526132975392272,30.0,101325.0,275.3072073433775,27.150172899992015,5.177004106541975,3884.1346864504067,0.37752390927894175
450.0,7.5,46.0,False,3450.0,0.0,20000.0,0.0,18.94209092140295,-0.08047946488095103,21.84575760665727,21.95796107659842,1.1754207608845604,300.30701515356714,101324.94712698557,-0.05287301442876924,522.7940399925236,18.680936909838145,15233.453061063903,298.6764973870324,25.526497387032407,30.0,101325.0,274.94919658176275,27.15701515356716,5.189149141621707,3911.5349183371527,0.3829375687267109
455.0,7.583333333333333,46.46666666666667,False,3485.0,0.0,20000.0,0.0,18.98224939923,-0.11930219629282558,21.94133241916635,22.008303332381622,1.1753938298608884,300.313708233205,101324.88381213028,-0.1161878697166685,522.1289435094141,18.724195051276027,15233.104034997114,298.6768628610288,25.526862861028803,30.0,101325.0,274.59311574448077,27.163708233205,5.201165292021118,3938.7708945446025,0.38838916998565665
460.0,7.666666666666667,46.93333333333334,False,3520.0000000000005,0.0,20000.0,0.0,19.022330263813387,-0.11657424250071588,21.98799009731713,22.05811851699253,1.175367746046957,300.3203883773022,101324.88906486519,-0.1109351348131895,521.4675812485208,18.766993216530963,15232.76598876856,298.67722938491335,25.52722938491337,30.0,101325.0,274.2392124303603,27.17038837730223,5.213053671258601,3965.8413937477953,0.39387848407474857
465.0,7.75,47.4,False,3555.0,0.0,20000.0,0.0,19.062125179874783,-0.09780982951756582,22.01544221598241,22.10740327403792,1.1753421698998399,300.32702086331244,101324.92190397755,-0.07809602245106362,520.8099961045109,18.809333860557278,15232.434521901923,298.6775969461843,25.527596946184303,30.0,101325.0,273.88742919137303,27.177020863312464,5.22481496126591,3992.744276076607,0.3994052796787933
470.0,7.833333333333333,47.86666666666667,False,3590.0,0.0,20000.0,0.0,19.10121593469205,-0.11004130697252183,22.07846522819313,22.156157280941763,1.1753164325076748,300.3335359891153,101324.90115029192,-0.09884970808343496,520.1562573642796,18.85122735301932,15232.100965299465,298.67796553386415,25.527965533864176,30.0,101325.0,273.53764620665487,27.18353598911534,5.236452042505365,4019.482517170878,0.4049693260629929
475.0,7.916666666666667,48.333333333333336,False,3625.0,0.0,20000.0,0.0,19.13997454438754,-0.11214575538970022,22.129170857440755,22.20438655124963,1.1752911093099039,300.3399957573979,101324.89733330243,-0.10266669756674673,519.5063269445712,18.892669548302283,15231.772776656355,298.6783351345031,25.528335134503095,30.0,101325.0,273.18997721593695,27.189995757397924,5.247963763417301,4046.049908674423,0.4105703902476077
480.0,8.0,48.800000000000004,False,3660.0000000000005,0.0,20000.0,0.0,19.178224567286975,-0.12341406866619976,22.19002709748001,22.2520914756983,1.175265911831065,300.3463707612145,101324.87566504208,-0.12433495791628957,518.8602398342131,18.933665353255694,15231.446217330604,298.6787057363506,25.528705736350616,30.0,101325.0,272.84437315627287,27.196370761214496,5.25935148701547,4072.446061169992,0.4162082346711108
485.0,8.083333333333334,49.266666666666666,False,3695.0,0.0,20000.0,0.0,19.21626363835901,-0.11453271500218105,22.226923027433443,22.2993028159573,1.1752413044114407,300.35271060639315,101324.89291638526,-0.10708361474098638,518.2179666004442,18.974233404028258,15231.127305172271,298.6790773301529,25.529077330152916,30.0,101325.0,272.500925977341,27.20271060639317,5.270620390007849,4098.67956165083,0.42188262746473637
490.0,8.166666666666666,49.733333333333334,False,3730.0,0.0,20000.0,0.0,19.253703002867724,-0.12473206652254251,22.28552126910332,22.34599140537649,1.1752166579643546,300.35895050047793,101324.87299519658,-0.1270048034202773,517.5795689595451,19.01435897282377,15230.807887218036,298.67944990114876,25.52944990114878,30.0,101325.0,272.15952181141336,27.208950500477954,5.281766381339937,4124.737513676647,0.42759333376704717
495.0,8.25,50.2,False,3765.0,0.0,20000.0,0.0,19.29087836508279,-0.12125475026931398,22.327699656535827,22.392187907485294,1.1751924967324565,300.36514639418044,101324.87997784112,-0.12002215888060164,516.9450113963658,19.05405962831218,15230.494757652637,298.67982344008055,25.529823440080577,30.0,101325.0,271.8202631456724,27.215146394180465,5.292794341197829,4150.627988833711,0.43334011536601263
500.0,8.333333333333334,50.66666666666667,False,3800.0000000000005,0.0,20000.0,0.0,19.327625112867167,-0.12059796427168656,22.372667949305548,22.437887700394686,1.1751685500357507,300.3712708521445,101324.88127453889,-0.11872546111408155,516.3143237974678,19.09333575997425,15230.184408463329,298.68019793506755,25.530197935067577,30.0,101325.0,271.4831026254429,27.221270852144528,5.303704377770624,4176.348000183416,0.4391227375806079
505.0,8.416666666666666,51.13333333333333,False,3835.0,0.0,20000.0,0.0,19.363907632769042,-0.12663821283725896,22.424939468897247,22.483089075357352,1.1751447505850703,300.3773179387948,101324.86908378,-0.13091622000501957,515.6875185143857,19.13218696178805,15229.875967582511,298.6805733739874,25.53057337398741,30.0,101325.0,271.14803091311313,27.22731793879484,5.314496378274458,4201.894063658748,0.44494096123605387
510.0,8.5,51.6,False,3870.0,0.0,20000.0,0.0,19.400126083529585,-0.09917470723352775,22.437715019924564,22.527814665980927,1.1751217223808261,300.3833543472549,101324.91970920363,-0.08029079636617098,515.0645510236884,19.170622274209183,15229.577522055508,298.68094974649995,25.53094974649997,30.0,101325.0,270.81516815620046,27.23335434725493,5.325172853946995,4227.268963118074,0.4507945466713155
515.0,8.583333333333334,52.06666666666667,False,3905.0000000000005,0.0,20000.0,0.0,19.435535342130834,-0.11663162391049389,22.502317769726695,22.572048060731518,1.1750982789053723,300.3892558903551,101324.88895562697,-0.1110443730285624,514.4455227387645,19.208647026321778,15229.273694613625,298.68132704192953,25.531327041929558,30.0,101325.0,270.48429379935993,27.23925589035514,5.335735285089383,4252.473136085777,0.4566832564624293
520.0,8.666666666666666,52.53333333333334,False,3940.0000000000005,0.0,20000.0,0.0,19.470896465050146,-0.09750910325680803,22.52384928586925,22.615812028586706,1.1750756120521644,300.39514941084167,101324.92238346761,-0.07761653239140287,513.830342294454,19.246261088756846,15228.979932196049,298.68170524859113,25.53170524859115,30.0,101325.0,270.15563404898523,27.24514941084169,5.34618363576579,4277.50345882126,0.4626068513200036
525.0,8.75,53.0,False,3975.0,0.0,20000.0,0.0,19.50570610375462,-0.09745934866118854,22.56712387330159,22.65910430543158,1.175052918880394,300.4009510172924,101324.92246265599,-0.07753734401194379,513.2190782772624,19.283475613184702,15228.685828689906,298.68208435690264,25.532084356902658,30.0,101325.0,269.82903982621355,27.250951017292437,5.356521003662417,4302.364379315256,0.46856509287426507
530.0,8.833333333333334,53.46666666666667,False,4010.0,0.0,20000.0,0.0,19.539929693072963,-0.12043481866593737,22.636741265101023,22.701921123256312,1.1750301337968605,300.40665494884547,101324.88159554655,-0.11840445344569162,512.6117387261806,19.32028845073094,15228.390534007312,298.6824643552839,25.532464355283935,30.0,101325.0,269.50450021538944,27.256654948845494,5.366746791869705,4327.051545755311,0.47455774282223073
535.0,8.916666666666666,53.93333333333334,False,4045.0000000000005,0.0,20000.0,0.0,19.573935247018085,-0.12627886183045908,22.68594900600373,22.744279504853026,1.17500782913751,300.41232254116966,101324.86982570657,-0.13017429343017284,512.0082813341746,19.356704645574993,15228.101465622127,298.68284523319227,25.53284523319229,30.0,101325.0,269.1821240452546,27.26232254116968,5.3768624015486095,4351.565457152522,0.48058456018536116
540.0,9.0,54.400000000000006,False,4080.0000000000005,0.0,20000.0,0.0,19.607882320134195,-0.10075571823173923,22.698177618582754,22.786190927131738,1.1749862484646911,300.417980386689,101324.91712885913,-0.08287114086851943,511.4086894742188,19.392729878247994,15227.821780102397,298.68322698066333,25.533226980663358,30.0,101325.0,268.8619578014007,27.267980386689032,5.386869410624444,4375.907116013877,0.48664530502783787
545.0,9.083333333333334,54.86666666666667,False,4115.0,0.0,20000.0,0.0,19.641022672931854,-0.12184996329830795,22.76424327406558,22.827643547266312,1.1749642014269328,300.42350377882195,101324.87879662403,-0.12120337596570607,510.81305755039887,19.428373664102555,15227.53605049305,298.6836095882429,25.53360958824294,30.0,101325.0,268.5437783585571,27.273503778821976,5.39677046225071,4400.080208567857,0.49273974066990855
550.0,9.166666666666666,55.333333333333336,False,4150.0,0.0,20000.0,0.0,19.67402357485878,-0.12007694956835352,22.803232540964018,22.86865195347194,1.1749427311918628,300.4290039291431,101324.88229817292,-0.11770182708278298,510.2213052502921,19.46363115951529,15227.257796246542,298.68399304437503,25.533993044375052,30.0,101325.0,268.22778189633067,27.27900392914313,5.40656421097647,4424.078744776157,0.49886762883195296
555.0,9.25,55.800000000000004,False,4185.0,0.0,20000.0,0.0,19.706740362379378,-0.11117787359687861,22.833484107583025,22.909221373926716,1.174921601124885,300.4344567270632,101324.89909779937,-0.10090220063284505,509.63345165169306,19.498510668280446,15226.983950578511,298.6843773396248,25.534377339624825,30.0,101325.0,267.9139239148447,27.28445672706323,5.416252963411234,4447.905704758193,0.5050287291441296
560.0,9.333333333333334,56.266666666666666,False,4220.0,0.0,20000.0,0.0,19.739108049558126,-0.1015041160807124,22.86239727305345,22.949353479536455,1.1749006993076994,300.439851341593,101324.91589317893,-0.08410682107205503,509.0495052187706,19.53301542254522,15226.713063027784,298.6847624639239,25.534762463923926,30.0,101325.0,267.60218299347093,27.28985134159302,5.425837617373672,4471.560687189737,0.5112228030274267
565.0,9.416666666666666,56.733333333333334,False,4255.0,0.0,20000.0,0.0,19.77133807362111,-0.057791936520765246,22.851249623754764,22.989064618605777,1.1748803523126816,300.44522301227016,101324.9727354455,-0.02726455450465437,508.46944052522576,19.567153858138134,15226.449365972354,298.68514840826634,25.535148408266366,30.0,101325.0,267.2926197748209,27.295223012270185,5.435320516149481,4495.046928293773,0.5174496138715126
570.0,9.5,57.2,False,4290.0,0.0,20000.0,0.0,19.802533981981924,-0.11280646046026906,22.95462951294294,23.028323753710733,1.1748591325627251,300.4504223303303,101324.89612002023,-0.10387997976795305,507.8933634685178,19.60092330684697,15226.174358012917,298.68553516191815,25.535535161918176,30.0,101325.0,266.9849649734606,27.30042233033032,5.444700918568603,4518.360085681511,0.5237089242978843
575.0,9.583333333333334,57.66666666666667,False,4325.0,0.0,20000.0,0.0,19.833796638124227,-0.112120760719391,22.992735015306017,23.067177452307526,1.1748387729842267,300.4556327730207,101324.89737906135,-0.10262093864730559,507.3211420659194,19.634334499970766,15225.910497875579,298.6859227162185,25.535922716218522,30.0,101325.0,266.6795431336814,27.305632773020704,5.453981805547436,4541.505109107379,0.530000497349821
580.0,9.666666666666666,58.13333333333333,False,4360.0,0.0,20000.0,0.0,19.864771297887955,-0.10657870312351797,23.024763081660407,23.105608979679108,1.1748187019136427,300.46079521631464,101324.90727330645,-0.09272669354686514,506.75281695208236,19.66738267108173,15225.65037680081,298.68631106037424,25.53631106037426,30.0,101325.0,266.37624523122037,27.31079521631466,5.463161853078257,4564.476278200011,0.5363240955354511
585.0,9.75,58.6,False,4395.0,0.0,20000.0,0.0,19.89512244443597,-0.13064650839778413,23.09086129729714,23.14362313391697,1.174798382738477,300.4658537407393,101324.86066522321,-0.13933477678801864,506.1884247968259,19.70008085980571,15225.387040290661,298.6867001864935,25.536700186493533,30.0,101325.0,266.07496868127055,27.31585374073933,5.472244683279364,4587.280285819445,0.5426794820382425
590.0,9.833333333333334,59.06666666666667,False,4430.0,0.0,20000.0,0.0,19.925627638708534,-0.10707342859148512,23.101077871834327,23.181242792616526,1.174779034625932,300.47093793978473,101324.90641045624,-0.09358954375784378,505.6278728181228,19.732428064651153,15225.136288752077,298.6870900844223,25.537090084422346,30.0,101325.0,265.77594061313994,27.320937939784756,5.481230017958653,4609.914123163959,0.5490664226000365
595.0,9.916666666666666,59.53333333333334,False,4465.0,0.0,20000.0,0.0,19.955375980320127,-0.1269278988570142,23.161461779820105,23.21844860709974,1.174759210254638,300.47589599672,101324.86848415095,-0.1315158490469912,505.07126294081,19.764432067799635,15224.879364900109,298.687480745768,25.53748074576805,30.0,101325.0,265.47888669684914,27.32589599672002,5.490120018833232,4632.380966523412,0.555484683078986
600.0,10.0,60.0,False,4500.0,0.0,20000.0,0.0,19.985039448191174,-0.12354290147058727,23.19438390276724,23.25525919197829,1.17473996179279,300.48083990803184,101324.87540531834,-0.12459468166343868,504.5185143375408,19.796091005951695,15224.629904834559,298.6878721604326,25.53787216043264,30.0,101325.0,265.18400221389896,27.330839908031862,5.498914168319915,4654.677276903662,0.5619340290813659
605.0,10.083333333333334,60.833333333333336,False,4562.5,0.0,20000.0,0.0,20.01436179254256,-0.12512222300467826,23.23270018683972,23.29168094279679,1.1747208188201987,300.48572696542374,101324.87219942294,-0.127800577058224,503.9699405872229,19.827418199831687,15224.381811909776,298.6882643211602,25.538264321160227,30.0,101325.0,264.8913453808489,27.33572696542376,5.507616166619913,4676.810260922519,0.5684142287604119
610.0,10.166666666666666,61.666666666666664,False,4625.0,0.0,20000.0,0.0,20.04334345012171,-0.13419024729407913,23.279350088597734,23.32771260225589,1.1747017130690862,300.49055724168693,101324.85300389821,-0.1469961017864989,503.4258227491112,19.858413708539427,15224.134201375358,298.68865721853825,25.538657218538276,30.0,101325.0,264.60104836045576,27.340557241686952,5.5162260301498405,4698.777847552981,0.5749250538357421
615.0,10.25,62.5,False,4687.5,0.0,20000.0,0.0,20.072282067557808,-0.12385651833692862,23.3030422888183,23.36338352005736,1.1746831108742393,300.49538034459295,101324.87477194176,-0.12522805824119132,502.88611734408215,19.889094602432426,15223.893116930141,298.6890508463579,25.539050846357895,30.0,101325.0,264.3131930880607,27.345380344592968,5.524748500675674,4720.590095528579,0.5814662815739932
620.0,10.333333333333334,63.333333333333336,False,4750.0,0.0,20000.0,0.0,20.100730648536114,-0.13513894227164155,23.35154956547597,23.398691273873045,1.1746642996408792,300.500121774756,101324.8509180921,-0.14908190790447406,502.35086379106457,19.919470848842977,15223.649323345795,298.6894451975331,25.539445197533098,30.0,101325.0,264.0276396377382,27.35012177475602,5.533186346900826,4742.252155821411,0.5880376998040974
625.0,10.416666666666666,64.16666666666667,False,4812.5,0.0,20000.0,0.0,20.129183461800153,-0.12321354123973217,23.372686959660022,23.43365938847678,1.174646054346853,300.5048639103,101324.87606876127,-0.12393123873334844,501.81999605670643,19.949549314671444,15223.412864335216,298.68984026470605,25.539840264706072,30.0,101325.0,263.744527348346,27.354863910300026,5.541541476297622,4763.767059296424,0.594639102036818
630.0,10.5,65.0,False,4875.0,0.0,20000.0,0.0,20.15716043090515,-0.1322225550000522,23.417864228327694,23.468283362970563,1.1746276102855535,300.50952673848417,101324.85728323224,-0.14271676776115783,501.2935555601275,19.979339117752726,15223.173829300773,298.6902360411142,25.540236041114213,30.0,101325.0,263.46370595749613,27.359526738484192,5.5498164215979795,4785.139526884219,0.6012702871661102
635.0,10.583333333333334,65.83333333333333,False,4937.5,0.0,20000.0,0.0,20.18493035015274,-0.13740317899739388,23.458258948278637,23.50258303425963,1.1746093872636787,300.51415505835877,101324.84588054205,-0.15411945794767234,500.771500323598,20.008849996516947,15222.937658937275,298.6906325204014,25.540632520401402,30.0,101325.0,263.1852474969487,27.36415505835879,5.5580138879213745,4806.374817515874,0.607931061016388
640.0,10.666666666666666,66.66666666666667,False,5000.0,0.0,20000.0,0.0,20.212562486717957,-0.1335286427220378,23.48778181276727,23.536557163298355,1.1745914860796687,300.51876041445297,101324.85444980876,-0.14555019124236424,500.253810761969,20.038079146865147,15222.705659592506,298.69102969405384,25.54102969405386,30.0,101325.0,262.9091639732833,27.368760414452993,5.56613309635143,4827.46921964359,0.6146212304866377
645.0,10.75,67.5,False,5062.5,0.0,20000.0,0.0,20.24009721990194,-0.11585514479814095,23.500924594496063,23.570222576516727,1.1745739666365567,300.5233495366503,101324.89042926877,-0.10957073123427108,499.7404696246093,20.06703983403538,15222.478607609775,298.69142755659243,25.541427556592453,30.0,101325.0,262.63545938634905,27.373349536650323,5.574177731676495,4848.430657501841,0.6213406054013221
650.0,10.833333333333334,68.33333333333333,False,5125.0,0.0,20000.0,0.0,20.267034590208596,-0.13243576786433253,23.553637382227347,23.603560415937995,1.17455603020054,300.5278390983681,101324.85682259094,-0.14317740905971732,499.231517356555,20.095729628077425,15222.246151398998,298.6918261000304,25.54182610003045,30.0,101325.0,262.3639762106908,27.3778390983681,5.582147118910395,4869.255768405726,0.6280889987526468
655.0,10.916666666666666,69.16666666666667,False,5187.5,0.0,20000.0,0.0,20.294064536440374,-0.11813376726962542,23.570085377639074,23.636602906274657,1.1745387626715627,300.5323440894067,101324.88607684107,-0.11392315893317573,498.72686647240056,20.124157377753722,15222.022364223452,298.6922253182928,25.54222531829282,30.0,101325.0,262.0949109649498,27.38234408940673,5.590043716042701,4889.949402278547,0.634866224565622
660.0,11.0,70.0,False,5250.0,0.0,20000.0,0.0,20.32069070884029,-0.12017658149805033,23.605266833189063,23.66934095757207,1.17452137348625,300.5367817848067,101324.88210276946,-0.11789723053516354,498.22655588482604,20.152328848061753,15221.7970003818,298.6926252050175,25.542625205017544,30.0,101325.0,261.8281073107799,27.386781784806715,5.597869124461599,4910.514238201007,0.6416721020937328
665.0,11.083333333333334,70.83333333333333,False,5312.5,0.0,20000.0,0.0,20.34695006372658,-0.13488009170746892,23.654896325162692,23.701780023249324,1.1745039149355456,300.5411583439544,101324.85148866009,-0.1485113399103284,497.7305670632885,20.18024778108128,15221.570737564673,298.6930257536326,25.543025753632605,30.0,101325.0,261.56356713580516,27.39115834395443,5.60562438363369,4930.9515295020665,0.6485064533213043
670.0,11.166666666666666,71.66666666666667,False,5375.0,0.0,20000.0,0.0,20.373213687542147,-0.12848013995471363,23.67966596542818,23.733938954564305,1.1744869684564114,300.54553561459034,101324.8652477848,-0.13475221520639025,497.2388464672588,20.207920217077437,15221.351111195092,298.6934269580724,25.543426958072416,30.0,101325.0,261.3013916079908,27.395535614590358,5.613311171410399,4951.264258832329,0.6553691031743144
675.0,11.25,72.5,False,5437.5,0.0,20000.0,0.0,20.399344947854388,-0.11264391474007525,23.69315830420167,23.76581055779217,1.1744703105057022,300.5498908246424,101324.8964191712,-0.10358082879974972,496.7513937499664,20.235343835604592,15221.135224153899,298.6938288110791,25.543828811079095,30.0,101325.0,261.0415304246184,27.399890824642398,5.620928843223498,4971.449304543772,0.6622598764822144
680.0,11.333333333333334,73.33333333333333,False,5500.0,0.0,20000.0,0.0,20.42480950900824,-0.13924399611745067,23.755786229787883,23.797390326623148,1.1744530919555591,300.554134918168,101324.84172334323,-0.15827665677352343,496.2682488229526,20.262529418691873,15220.912071744047,298.69423130742575,25.544231307425775,30.0,101325.0,260.78381572827243,27.40413491816804,5.628480394081075,4991.5132188862035,0.6691786004568187
685.0,11.416666666666666,74.16666666666667,False,5562.5,0.0,20000.0,0.0,20.450476993612938,-0.12710604718809485,23.773031487705552,23.828706997628778,1.1744366816032108,300.5584128322688,101324.86811471648,-0.1318852835247526,495.78930658962645,20.28947781595213,15220.699393577612,298.69463444055333,25.544634440553352,30.0,101325.0,260.5284962006474,27.408412832268823,5.635966059986702,5011.455288592986,0.6761251063647903
690.0,11.5,75.0,False,5625.0,0.0,20000.0,0.0,20.475733461672462,-0.13247936063727536,23.810389739708846,23.859739864321888,1.174420101517495,300.56262224361205,101324.85672831841,-0.14327168159070425,495.3146145628542,20.3161882477081,15220.484515666736,298.6950382035993,25.545038203599347,30.0,101325.0,260.2753794669935,27.412622243612077,5.643385624363362,5031.273605190981,0.6830992236521402
695.0,11.583333333333334,75.83333333333333,False,5687.5,0.0,20000.0,0.0,20.50081960632417,-0.13396896058500554,23.842955358762225,23.890503263667785,1.1744037272340522,300.5668032677207,101324.85348830694,-0.14651169306307565,494.8441321765215,20.342666418416893,15220.272304953316,298.69544259088536,25.545442590885386,30.0,101325.0,260.0245273719832,27.416803267720695,5.65074067178247,5050.971092726256,0.6901007824701383
700.0,11.666666666666666,76.66666666666666,False,5749.999999999999,0.0,20000.0,0.0,20.525659261830242,-0.13854685628414762,23.878853686302865,23.921001879259794,1.1743874334355082,300.570943210305,101324.84330423358,-0.15669576641812455,494.37785090500654,20.36891846609956,15220.061137324186,298.69584759695147,25.54584759695149,30.0,101325.0,259.7759074928929,27.42094321030504,5.658032907249878,5070.551051705025,0.69712961729266
705.0,11.75,77.5,False,5812.5,0.0,20000.0,0.0,20.550443689165263,-0.1298309937842629,23.899006541397654,23.9512387769835,1.1743715153991396,300.5750739481942,101324.86239929023,-0.13760070977150463,493.9157353840222,20.394941858618797,15219.854839572849,298.69625321493646,25.546253214936485,30.0,101325.0,259.52956635982804,27.42507394819421,5.66526162739411,5090.0103463850355,0.7041855627080003
710.0,11.833333333333334,78.33333333333333,False,5875.0,0.0,20000.0,0.0,20.574810744471165,-0.13971357304110954,23.940558687497614,23.981211844641575,1.1743553962378133,300.5791351240785,101324.84065402047,-0.15934597952582408,493.45780498835376,20.420744794521514,15219.64593524206,298.6966594399235,25.54665943992353,30.0,101325.0,259.28538646045837,27.429135124078527,5.67242910958931,5109.353884318472,0.7112684545348777
715.0,11.916666666666666,79.16666666666666,False,5937.499999999999,0.0,20000.0,0.0,20.59913634881059,-0.13556134187756846,23.965513941075226,24.010935044100016,1.1743396646678905,300.5831893914684,101324.84998467419,-0.15001532580936328,493.00400555308414,20.44632891701775,15219.442054095862,298.69706626597616,25.547066265976184,30.0,101325.0,259.0434692303978,27.43318939146843,5.679535810282708,5128.58171010758,0.718378132031007
720.0,12.0,80.0,False,6000.0,0.0,20000.0,0.0,20.623247744162654,-0.13254930984154764,23.991543039816648,24.04040368888585,1.1743240412631666,300.5872079573604,101324.85657698335,-0.14342301664873958,492.5543374203786,20.47169507236409,15219.23957477064,298.6974736869584,25.547473686958426,30.0,101325.0,258.803752944677,27.437207957360442,5.68658196454558,5147.693287017058,0.7255144341123435
725.0,12.083333333333334,80.83333333333333,False,6062.5,0.0,20000.0,0.0,20.647132685105703,-0.13201954393037169,24.02021742338672,24.06962613073964,1.1743085025814666,300.5911887808509,101324.85772114302,-0.14227885697619058,492.1087844292635,20.496850766070164,15219.038193455806,298.6978816980969,25.547881698096944,30.0,101325.0,258.5662237983536,27.44118878085095,5.693569657241713,5166.693127937218,0.7326772024560617
730.0,12.166666666666666,81.66666666666666,False,6124.999999999999,0.0,20000.0,0.0,20.67077897064803,-0.1353497177613022,24.053137352103022,24.09859791027685,1.1742930222011834,300.5951298284413,101324.85045268491,-0.1495473150862381,491.6673304921474,20.521792648571328,15218.837567727336,298.6982902927908,25.548290292790796,30.0,101325.0,258.3308673897679,27.44512982844134,5.70049795793648,5185.577579752355,0.7398662793364017
735.0,12.25,82.5,False,6187.5,0.0,20000.0,0.0,20.694416846057948,-0.12193630321395697,24.06631323192509,24.127327528245218,1.1742779584316254,300.59906947434297,101324.87862479966,-0.12137520033866167,491.22993600463354,20.546521677431347,15218.642341273864,298.6986994652093,25.548699465209324,30.0,101325.0,258.09774154438315,27.44906947434299,5.707367132619818,5204.3462447369075,0.7470815042145194
740.0,12.333333333333334,83.33333333333333,False,6250.0,0.0,20000.0,0.0,20.717725901795916,-0.12113224393283509,24.09393480597365,24.15581585760575,1.1742628011387937,300.60295431696596,101324.88022024065,-0.11977975934860297,490.7966139984755,20.571047498208724,15218.445902758765,298.69910921113984,25.549109211139864,30.0,101325.0,257.86674075763244,27.452954316965986,5.714179860613535,5223.005357062231,0.7543227206046577
745.0,12.416666666666666,84.16666666666666,False,6312.499999999999,0.0,20000.0,0.0,20.74070237790511,-0.13371107776502908,24.136905183275033,24.18406509103257,1.1742475390076448,300.60678372965083,101324.85405181782,-0.14594818218029104,490.36734672315976,20.595372174652795,15218.248105539076,298.69951952517073,25.54951952517075,30.0,101325.0,257.6378531923809,27.45678372965085,5.720936715181332,5241.555438938458,0.7615897767129914
750.0,12.5,85.0,False,6375.0,0.0,20000.0,0.0,20.76359444972138,-0.13673397210902033,24.16851236040248,24.21208110342759,1.1742325581351645,300.61059907495354,101324.84737812956,-0.15262187043845188,489.9420927031974,20.61949392876617,15218.05395343173,298.69993040121864,25.54993040121866,30.0,101325.0,257.4111416739573,27.460599074953564,5.727637202435047,5259.994093836586,0.7688825194440851
755.0,12.583333333333334,85.83333333333333,False,6437.5,0.0,20000.0,0.0,20.786395983907482,-0.1316152462331758,24.190407043025495,24.239867529438527,1.1742178438676114,300.6143993306512,101324.85859124048,-0.1414087595185265,489.52083457243157,20.64341608844728,15217.863256524244,298.7003418341603,25.55034183416035,30.0,101325.0,257.1865936276252,27.464399330651247,5.734282246790912,5278.322835626521,0.7762007950895456
760.0,12.666666666666666,86.66666666666666,False,6499.999999999999,0.0,20000.0,0.0,20.808928220760777,-0.13423968415891363,24.221092462117063,24.267425545956502,1.1742031093355088,300.6181547034601,101324.85289556895,-0.1471044310455909,489.10357077906536,20.667144681374282,15217.672296988192,298.7007538194457,25.55075381944573,30.0,101325.0,256.96414522953705,27.46815470346013,5.740873522603967,5296.545283985187,0.7835444535059427
765.0,12.75,87.5,False,6562.5,0.0,20000.0,0.0,20.8312282907832,-0.14135260666354293,24.256776182271263,24.29475352715023,1.1741884068714477,300.6218713817972,101324.83689339257,-0.16310660743329208,488.6902794469359,20.69067739467987,15217.481753053962,298.70116635115255,25.551166351152574,30.0,101325.0,256.7437963617924,27.4718713817972,5.747410387411075,5314.658680140079,0.7909133451476964
770.0,12.833333333333334,88.33333333333333,False,6625.0,0.0,20000.0,0.0,20.853412637991596,-0.14316802324729525,24.286070077961163,24.321861935789205,1.1741739166767386,300.6255687729986,101324.83267687444,-0.16732312555541284,488.28093114132065,20.714019950832586,15217.293960130533,298.70157942484985,25.551579424849876,30.0,101325.0,256.52557083340463,27.4755687729986,5.753894430786829,5332.666461160642,0.7983073209402662
775.0,12.916666666666666,89.16666666666666,False,6687.499999999999,0.0,20000.0,0.0,20.875423786754027,-0.14483481343322757,24.314972752109774,24.34875209475229,1.174159543032378,300.6292372977923,101324.8287581781,-0.17124182189581916,487.87551254259233,20.737175147313742,15217.107677699618,298.70199303565886,25.55199303565888,30.0,101325.0,256.30944055879183,27.479237297792338,5.760326429809373,5350.569845802071,0.8057262350423237
780.0,13.0,90.0,False,6750.0,0.0,20000.0,0.0,20.897371333411797,-0.13738855402943423,24.333052622488307,24.375434167212887,1.1741454553418498,300.6328952222353,101324.84591334875,-0.15408665125141852,487.47399489002026,20.760148630917314,15216.925101230374,298.7024071792066,25.552407179206625,30.0,101325.0,256.09542723816844,27.4828952222353,5.766707953032587,5368.3722882983575,0.8131699448576711
785.0,13.083333333333334,90.83333333333333,False,6812.5,0.0,20000.0,0.0,20.919101033072593,-0.13388088716130328,24.355494381565446,24.4018902106359,1.1741314010118353,300.6365168388454,101324.85368088206,-0.1463191179354908,487.076373706126,20.78292956785501,15216.742957113385,298.70282184838777,25.552821848387794,30.0,101325.0,255.88347324268503,27.486516838845432,5.773035991070836,5386.064473844665,0.8206383037202706
790.0,13.166666666666666,91.66666666666666,False,6874.999999999999,0.0,20000.0,0.0,20.940777774157368,-0.11938218703287477,24.364928000486966,24.42813973552181,1.174117638828044,300.6401296290262,101324.88365627281,-0.11634372718981467,486.68261497335953,20.805529980713835,15216.564599211451,298.7032370400334,25.553237040033423,30.0,101325.0,255.67361696295134,27.490129629026228,5.779313883531621,5403.654828583237,0.8281311643469567
795.0,13.25,92.5,False,6937.5,0.0,20000.0,0.0,20.96195867472295,-0.13549853879540194,24.40980391753544,24.454172514144766,1.174103463809072,300.64365977912047,101324.85012364069,-0.14987635931174736,486.2927393164493,20.82795364116344,15216.380890965573,298.70365274969447,25.553652749694493,30.0,101325.0,255.4657156156395,27.49365977912049,5.785542678100955,5421.145422911872,0.8356483867438282
800.0,13.333333333333334,93.33333333333333,False,7000.0,0.0,20000.0,0.0,20.983069887705938,-0.14223521634095146,24.443557390469426,24.48000758085304,1.17408954605601,300.64717831461763,101324.83485014884,-0.16514985116373282,485.9066891986813,20.85020487839794,15216.200516885889,298.70406897303224,25.55406897303226,30.0,101325.0,255.25988480463744,27.497178314617656,5.79172357733276,5438.538794024159,0.8431898341167006
805.0,13.416666666666666,94.16666666666666,False,7062.499999999999,0.0,20000.0,0.0,21.004173511005888,-0.1359875811769997,24.461976280716954,24.505631797696633,1.1740759749653802,300.6506955851676,101324.8490398185,-0.15096018150507007,485.5244403102139,20.872270892366423,15216.024635551326,298.7044857028961,25.554485702896102,30.0,101325.0,255.05613097518693,27.500695585167648,5.79785302565734,5455.824080643926,0.8507553638907757
810.0,13.5,95.0,False,7125.0,0.0,20000.0,0.0,21.024931123408805,-0.14540488935983067,24.498438357656845,24.531052775915693,1.174062214315748,300.6541551872348,101324.8274074951,-0.1725925048958743,485.14600308045146,20.894167682768472,15215.846297532094,298.7049029370083,25.554902937008308,30.0,101325.0,254.85434296100777,27.5041551872348,5.803935467435687,5473.0129734782095,0.8583448340672493
815.0,13.583333333333334,95.83333333333333,False,7187.5,0.0,20000.0,0.0,21.045640645474805,-0.1456100642463122,24.523976399852845,24.55627985666153,1.1740487302866407,300.6576067742458,101324.82692007502,-0.173079924978083,484.771331822909,20.91589490554296,15215.671544514864,298.7053206704896,25.555320670489607,30.0,101325.0,254.6545979041888,27.5076067742458,5.809970807095266,5490.104403670482,0.8659581100236026
820.0,13.666666666666666,96.66666666666666,False,7249.999999999999,0.0,20000.0,0.0,21.06622350695534,-0.14341749632512996,24.546529783600665,24.58131513069482,1.1740353945871431,300.6610372511592,101324.83209323876,-0.16790676124219317,484.4004140363053,20.937456608230274,15215.498713849376,298.705738899199,25.555738899199014,30.0,101325.0,254.45686122510836,27.511037251159223,5.815960168952854,5507.1007701707895,0.8735950580609924
825.0,13.75,97.5,False,7312.5,0.0,20000.0,0.0,21.08680014970969,-0.12831368354962894,24.55385136666675,24.606157192744828,1.1740223914944288,300.66446669161826,101324.86559672338,-0.1344032766210148,484.0332199405141,20.958848290298214,15215.330193767797,298.7061576176364,25.556157617636416,30.0,101325.0,254.26115704871893,27.51446669161828,5.8219023028606145,5523.997743934768,0.8812555431402324
830.0,13.833333333333334,98.33333333333333,False,7375.0,0.0,20000.0,0.0,21.106902638135693,-0.14134997990164377,24.593745417656827,24.63079463671305,1.1740089765735089,300.6678171063559,101324.83689945455,-0.1631005454546539,483.66977030313853,20.98007351579294,15215.156336392676,298.70657682169127,25.556576821691294,30.0,101325.0,254.06733495192123,27.51781710635595,5.827798198831372,5540.797361137587,0.8889394286298659
835.0,13.916666666666666,99.16666666666666,False,7437.499999999999,0.0,20000.0,0.0,21.127390164155145,-0.10425800501274049,24.575081158484718,24.65526072951625,1.173996505544636,300.67123169402583,101324.91126749707,-0.08873250293254387,483.3099716672514,21.00113638590285,15214.994711858482,298.706996507402,25.556996507402005,30.0,101325.0,253.8756391499352,27.521231694025857,5.833648996084125,5557.502111944459,0.8966465810417285
840.0,14.0,100.0,False,7500.0,0.0,20000.0,0.0,21.146971683854304,-0.14019943563693424,24.641272069527908,24.679516804090316,1.173982931716157,300.67449528064236,101324.83954382243,-0.16045617757481523,482.9539145735463,21.022040557278967,15214.818795041394,298.70741667085446,25.55741667085448,30.0,101325.0,253.68567441593387,27.524495280642384,5.839455710355269,5574.114163509286,0.9043768701219046
845.0,14.083333333333334,100.83333333333333,False,7562.5,0.0,20000.0,0.0,21.166699145971506,-0.14679393357757095,24.67310845705116,24.70359952373526,1.173969915215205,300.6777831909952,101324.82409421277,-0.1759057872259291,482.60148945161234,21.04278755661873,15214.650101189058,298.7078373077604,25.55783730776045,30.0,101325.0,253.49774212913997,27.52778319099525,5.8452187657274255,5590.634012739634,0.912130167466522
850.0,14.166666666666666,101.66666666666666,False,7624.999999999999,0.0,20000.0,0.0,21.186371870695893,-0.1459899570706748,24.69615544433028,24.727510634591592,1.1739571358814098,300.6810619784493,101324.82601577498,-0.1739842250244692,482.2526935668603,21.063384580925195,15214.484481023072,298.70825841497793,25.558258414977956,30.0,101325.0,253.3117714431307,27.531061978449316,5.85094016136811,5607.066698603694,0.9199063485160659
855.0,14.25,102.5,False,7687.5,0.0,20000.0,0.0,21.206062633402098,-0.13159463946431293,24.703188326878905,24.75123855892823,1.1739447007564419,300.68434377223366,101324.85863551726,-0.1413644827407552,481.9075014145143,21.083819828122692,15214.323321803487,298.70867998604837,25.55867998604839,30.0,101325.0,253.1277718684108,27.534343772233683,5.85661661892297,5623.4021067663425,0.9277052851864618
860.0,14.333333333333334,103.33333333333333,False,7750.0,0.0,20000.0,0.0,21.225284236438256,-0.14517432776673161,24.742621697882175,24.774781969413688,1.1739318377892793,300.6875473727397,101324.82795440455,-0.17204559544916265,481.56593358255964,21.10410602379519,15214.15661774906,298.7091020187698,25.559102018769806,30.0,101325.0,252.9455876464725,27.53754737273971,5.862251673276442,5639.64971749968,0.9355268489533133
865.0,14.416666666666666,104.16666666666666,False,7812.499999999999,0.0,20000.0,0.0,21.244697989045676,-0.13050591091469058,24.748985548230856,24.798158878695205,1.1739195879811382,300.69078299817426,101324.86096495687,-0.13903504313202575,481.22791515653415,21.12423979681788,15213.99786023555,298.70952450833397,25.559524508333993,30.0,101325.0,252.7654037077985,27.54078299817428,5.867844388004967,5655.806164262968,0.9433709155378707
870.0,14.5,105.0,False,7875.0,0.0,20000.0,20.0,21.2636202891141,-0.14463423100244654,48.07667320623511,48.29949389649353,1.173906908118641,300.6939367148523,101324.82923215692,-0.17076784308301285,480.89355720243776,21.14422835614844,15213.833529217587,298.709947451715,25.559947451715004,30.0,101325.0,252.587053586758,27.54393671485235,5.873396765596788,5671.876577985416,0.9512373618866543
875.0,14.583333333333334,105.83333333333333,False,7937.5,0.0,20000.0,20.0,21.39348589921258,-0.14058346671403857,48.10525536439438,48.329590368624764,1.1738225243974276,300.7155809832021,101324.83866358275,-0.1613364172517322,480.10257684109547,21.172825843867983,15212.739916190661,298.7103723857111,25.560372385711105,30.0,101325.0,252.1534681126499,27.565580983202096,5.8813405121855515,5694.921291713139,0.9591309715183894
880.0,14.666666666666666,106.66666666666666,False,7999.999999999999,0.0,20000.0,20.0,21.520430492748687,-0.12578417991175703,48.13915509517642,48.37774786826635,1.173740316401385,300.7367384154581,101324.87084359252,-0.12915640747814905,479.3231666288093,21.216738653563095,15211.67450056195,298.7108008065663,25.560800806566306,30.0,101325.0,251.72648527667909,27.586738415458115,5.893538514878638,5730.4289314023235,0.967065242506664
885.0,14.75,107.5,False,8062.5,0.0,20000.0,20.0,21.6437320305497,-0.15234308088600604,48.235729247306466,48.44058468036555,1.1736594181711333,300.75728867175826,101324.81054355678,-0.18945644321502186,478.5560887632132,21.273118871101964,15210.626059497888,298.7112326237535,25.56123262375354,30.0,101325.0,251.30631636146532,27.607288671758283,5.909199686417212,5776.233633775731,0.9750559803991488
890.0,14.833333333333334,108.33333333333333,False,8125.0,0.0,20000.0,20.0,21.76434787398182,-0.15077849208687646,48.311296039234875,48.515347889311855,1.1735810207687087,300.7773913123303,101324.81441507203,-0.18558492796728387,477.8008718488243,21.33958118846687,15209.610029162464,298.71166775114585,25.561667751145876,30.0,101325.0,250.892965780124,27.627391312330303,5.927661441240797,5830.541964264588,0.9831162412311213
895.0,14.916666666666666,109.16666666666666,False,8187.499999999999,0.0,20000.0,20.0,21.88208254897006,-0.14858707166287635,48.395532795632846,48.599652751930584,1.1735045244196896,300.79701375816165,101324.8197704664,-0.18022953359468374,477.0571980521188,21.41411621396486,15208.618636479177,298.7121061045468,25.562106104546842,30.0,101325.0,250.4861348432599,27.647013758161677,5.948365614990239,5891.850467896939,0.9912567915312336
900.0,15.0,110.0,True,8250.0,250000.0,20000.0,20.0,22.002820901761083,0.13376574366333263,48.31676311983789,48.848498742493604,1.1734298020311895,300.81713681696016,101325.14606754431,0.14606754430860747,476.3247915962225,21.49505487938338,15207.650234324217,298.7125476056987,25.56254760569874,30.0,101325.0,250.08564858978113,27.66713681696018,5.970848577606495,5958.91135869662,0.9994864872441458
905.0,15.083333333333334,110.83333333333333,True,8312.5,250000.0,20000.0,20.0,22.609202772113804,0.5360744413820998,48.46427216513006,49.45369233681932,1.1730611722188795,300.91820046201894,101327.34592495268,2.3459249526786152,475.6063428228166,21.62173753638221,15202.872791956677,298.7129993613024,25.562999361302445,30.0,101325.0,249.62999492435816,27.768200462018967,6.006038204550614,6064.891334713502,1.0078363502256804
910.0,15.166666666666666,111.66666666666666,True,8375.0,250000.0,20000.0,20.0,23.187641909620538,0.5253742953372629,48.694157871325,49.65678223806752,1.172684400658217,301.01460698493673,101327.2532093894,2.253209389396943,474.89687385792627,21.81916632462461,15197.989832530495,298.7134673590572,25.5634673590572,30.0,101325.0,249.1775599820916,27.864606984936756,6.060879534617947,6232.549106366212,1.0163762394208746
915.0,15.25,112.5,True,8437.5,250000.0,20000.0,20.0,23.7509289882845,0.514777084659783,48.990751599410494,49.9274436108603,1.1723177339307984,301.10848816471406,101327.16322813788,2.163228137884289,474.19501095352615,22.073884816284814,15193.237831743147,298.71395112361324,25.563951123613265,30.0,101325.0,248.73149779884028,27.958488164714083,6.131634671190225,6453.384869004821,1.0251859157926602
920.0,15.333333333333334,113.33333333333333,True,8500.0,250000.0,20000.0,20.0,24.299644877374703,0.5047999579591923,49.341157481779824,50.25323230538034,1.1719608253272582,301.19994081289576,101327.08018773515,2.080187735147774,473.4997085809098,22.374817875126336,15188.612296241266,298.71445023927413,25.56445023927415,30.0,101325.0,248.291173408734,28.049940812895784,6.215227187535093,6720.936269561854,1.0343347499166649
925.0,15.416666666666666,114.16666666666666,True,8562.5,250000.0,20000.0,20.0,24.834231771821806,0.49474834293558484,49.734552312452315,50.62238655017303,1.171613302318563,301.28903862863694,101326.99817079867,1.9981707986735273,472.81018101390805,22.712670393258264,15184.108398048576,298.71496430488645,25.564964304886473,30.0,101325.0,247.85608385980933,28.139038628636968,6.309075109238407,7030.008429334182,1.0438840170686758
930.0,15.5,115.0,True,8625.0,250000.0,20000.0,0.0,25.35460481050893,0.48593252342785864,26.87388759776793,27.601772180600346,1.1712753238265887,301.37576746841813,101326.92759524347,1.9275952434691135,472.1285114356316,23.079638797945663,15179.72819679259,298.71549293109723,25.565492931097253,30.0,101325.0,247.4273430720026,28.225767468418155,6.411010777207129,7376.294939260493,1.0538883944079778
935.0,15.583333333333334,115.83333333333333,True,8687.5,250000.0,20000.0,0.0,25.783317270780117,0.4784836346617119,27.320043236050736,28.035175238171373,1.17099701855121,301.44721954513,101326.86895174399,1.8689517439925112,471.8447625305634,23.462802973272844,15176.12136042368,298.7160346165106,25.56603461651065,30.0,101325.0,247.21988384144151,28.29721954513002,6.5174452703535675,7749.807791777095,1.0643926324156427
940.0,15.666666666666666,116.66666666666666,True,8750.0,250000.0,20000.0,0.0,26.204447780892224,0.47054460293035755,27.773647407839473,28.47540605882178,1.1707237185945993,301.517407963482,101326.8074467212,1.807446721199085,471.55689456843766,23.85236404455584,15172.579392986006,298.71658800309626,25.566588003096285,30.0,101325.0,247.01139371209425,28.367407963482037,6.625656679043289,8142.27071405296,1.0754287980446915
945.0,15.75,117.5,True,8812.5,250000.0,20000.0,0.0,26.618004356264578,0.462047446810167,28.232203091524116,28.91987555810422,1.1704554081193723,301.5863340593774,101326.74275790289,1.7427579028881155,471.2651607184787,24.246177537660785,15169.102089227066,298.71715287831347,25.567152878313493,30.0,101325.0,246.80200150644927,28.43633405937743,6.735049316016885,8552.263888579331,1.087022224852075
950.0,15.833333333333334,118.33333333333333,True,8875.0,250000.0,20000.0,0.0,27.024094307635096,0.45444454999082945,28.693604420414907,29.368171026459734,1.1701921378882219,301.65401571793916,101326.6858763185,1.6858763185009593,470.96961845074753,24.64243490730819,15165.690107031356,298.7177290308974,25.567729030897397,30.0,101325.0,246.59174745041756,28.504015717939183,6.845120807585608,8978.465217101733,1.0991963422865756
955.0,15.916666666666666,119.16666666666666,True,8937.5,250000.0,20000.0,0.0,27.42279202702605,0.4485291664090895,29.156077990763677,29.819442139050974,1.1699339163420153,301.72046533783765,101326.64227276016,1.6422727601602674,470.6703598769929,25.039613131650114,15162.343555792519,298.7183162510747,25.568316251074748,30.0,101325.0,246.38068088545802,28.570465337837675,6.955448092125031,9419.635424411897,1.1119728010654046
960.0,16.0,120.0,True,9000.0,250000.0,20000.0,20.0,27.814066147319295,0.4408565133851363,52.90609670007542,53.66176967859702,1.1696804642654839,301.78567769121986,101326.58656706444,1.586567064441624,470.36716734484634,25.436433326019532,15159.058816880672,298.71891433093066,25.56891433093068,30.0,101325.0,246.16862839925426,28.635677691219882,7.0656759238943145,9874.608701468083,1.1253715817083767
965.0,16.083333333333332,120.83333333333333,True,9062.5,250000.0,20000.0,20.0,28.257710992270063,0.43261367376425475,53.3719883388054,54.106845210558724,1.1693932715898006,301.85961849871165,101326.52779257737,1.527792577369837,469.68256824142503,25.83654703125673,15155.336799803816,298.7195238958277,25.56952389582773,30.0,101325.0,245.74998655958308,28.709618498711677,7.1768186197935355,10347.958157117842,1.139415030915728
970.0,16.166666666666668,121.66666666666666,True,9125.0,250000.0,20000.0,20.0,28.690083971338936,0.4253936703812918,53.84468016992637,54.56006960651866,1.1691135885180794,301.9316806618898,101326.47722265143,1.4772226514323847,468.9992916474598,26.24250082879801,15151.71210719431,298.72014552091844,25.57014552091846,30.0,101325.0,245.3337883225516,28.781680661889823,7.289583563555003,10843.435716190614,1.1541312766610812
975.0,16.25,122.5,True,9187.5,250000.0,20000.0,20.0,29.11062924454302,0.4161064045119542,54.32100955661493,55.01466429098976,1.1688415157686796,302.00177154075715,101326.41342481531,1.413424815313192,468.32157182339375,26.651578605640843,15148.186044362086,298.7207788746157,25.570778874615712,30.0,101325.0,244.9222618372685,28.85177154075717,7.4032162793446785,11358.475984783952,1.169549270897869
980.0,16.333333333333332,123.33333333333333,True,9250.0,250000.0,20000.0,20.0,29.519790783764506,0.41098244347416474,54.79833411971705,55.47527570102666,1.1685772457994226,302.0699651306274,101326.37882913342,1.3788291334203677,467.6494921599659,27.061511052731188,15144.761105560518,298.7214236308631,25.571423630863137,30.0,101325.0,244.51548202323409,28.919965130627418,7.5170864035364415,11890.6988264611,1.185694531183456
985.0,16.416666666666668,124.16666666666666,True,9312.5,250000.0,20000.0,20.0,29.91747479224398,0.4009522883123157,55.274468827782876,55.92908954218604,1.168320124451657,302.1362457987073,101326.31234887757,1.31234887757455,466.98317070471023,27.470421637079898,15141.428812893475,298.7220794716304,25.572079471630445,30.0,101325.0,244.11336486696626,28.98624579870733,7.630672676966638,12437.904744486386,1.2025893947743918
990.0,16.5,125.0,False,9375.0,120000.0,20000.0,20.0,30.305667319845952,0.4084610175778967,55.74759645778095,56.40053354230832,1.1680705685888164,302.20094455330764,101326.3619624725,1.3619624724960886,466.3227508548487,27.876749704277387,15138.194568911062,298.7227460839381,25.572746083938114,30.0,101325.0,243.7160639094685,29.05094455330766,7.7435415845214965,12998.03366735001,1.2202532408937226
995.0,16.583333333333332,125.83333333333333,False,9437.5,116712.5372539618,20000.0,20.0,30.42479381565181,0.05867966236156556,56.19282140444326,56.43414276245512,1.1679784567156708,302.2207989692753,101325.02810859408,0.028108594080549665,465.66825761347405,28.25911458972307,15137.000799035093,298.7234196249649,25.573419624964913,30.0,101325.0,243.35481155249875,29.0707989692753,7.849754052700852,13540.256821925552,1.2386826092890526
1000.0,16.666666666666668,126.66666666666666,False,9500.0,113515.13626881185,20000.0,20.0,30.53623804223912,0.07194601507538505,56.590320360134484,56.84487311996958,1.1679068419754737,302.23937300703983,101325.04225493131,0.04225493130797986,465.0206327815253,28.600491782975748,15136.07267200214,298.7240962470835,25.574096247083503,30.0,101325.0,243.00146699355045,29.089373007039853,7.944581050826597,14036.917678295647,1.257833424914206
1005.0,16.75,127.5,False,9562.5,110405.32975551879,20000.0,20.0,30.638783018248205,0.05782978892021582,56.9458866041939,57.18178245586469,1.167840631334422,302.2564638363747,101325.02730028152,0.027300281522911973,464.3806260767629,28.905856626516854,15135.21458209411,298.7247757120193,25.574775712019346,30.0,101325.0,242.65326748784796,29.1064638363747,8.029404618476903,14491.347907870047,1.2776447204601544
1010.0,16.833333333333332,128.33333333333331,False,9624.999999999998,107380.71801772437,20000.0,20.0,30.732917158899568,0.036364035631557365,57.26442669581993,57.473203143077086,1.167779825931725,302.2721528598166,101325.01079463745,0.010794637448270805,463.7488268879681,29.179422936216078,15134.426544075155,298.72545778123657,25.575457781236594,30.0,101325.0,242.3105159100223,29.122152859816595,8.105395260060021,14906.694359697422,1.2980600275904095
1015.0,16.916666666666668,129.16666666666666,False,9687.5,104438.96710000686,20000.0,20.0,30.819263058741285,0.07539005850716295,57.55015600273658,57.80260445292174,1.1677246416336584,302.2865438431235,101325.04639723201,0.04639723201398738,463.1257071019412,29.42481092385399,15133.711355572212,298.726142225888,25.57614222588802,30.0,101325.0,241.97349828849994,29.136543843123548,8.173558589959441,15285.945012016671,1.319027138265211
1020.0,17.0,130.0,False,9750.0,101577.8069868737,20000.0,0.0,30.89736954276202,0.024489716950056153,34.51874416628216,34.64445103271802,1.1676738783342926,302.2995615904603,101325.00489588764,0.0048958876432152465,462.5127797513866,29.645139513892154,15133.05346321243,298.7268288270241,25.576828827024144,30.0,101325.0,241.64275141883118,29.149561590460337,8.234760976081153,15631.89920290432,1.3404978634144618
1025.0,17.083333333333332,130.83333333333331,False,9812.499999999998,98795.02985109364,20000.0,0.0,30.929891361795057,-0.009453821789177468,34.75666497044418,34.842779517181356,1.1676528772117194,302.3049818936325,101324.99927041023,-0.00072958976670634,462.2312623496162,29.840015125371583,15132.781288663884,298.7275168316983,25.577516831698347,30.0,101325.0,241.49132745224475,29.15498189363251,8.288893090380995,15942.20418484481,1.3624243241003986
1030.0,17.166666666666668,131.66666666666666,False,9875.0,96088.48835001697,20000.0,0.0,30.95684959382038,-0.018934607336705548,34.96508271042583,35.04018802071088,1.1676354977908598,302.3094749323034,101324.99707331139,-0.0029266886122059077,461.951049402764,30.009526163778105,15132.556051369544,298.728205533189,25.57820553318902,30.0,101325.0,241.34133885063136,29.159474932303397,8.335979489938362,16215.43728622022,1.3847560195664161
1035.0,17.25,132.5,False,9937.5,93456.09396856859,20000.0,0.0,30.978873325617542,0.09930567312315439,35.114431488123515,35.327613727196244,1.1676222820129696,302.31314555426957,101325.08050299359,0.08050299358728807,461.67275302334724,30.156723413861876,15132.384774888085,298.7288947787184,25.57889477871845,30.0,101325.0,241.19321595677457,29.16314555426959,8.376867614961633,16455.22060047845,1.4074439764321791
1040.0,17.333333333333332,133.33333333333331,False,9999.999999999998,90895.81540763598,20000.0,0.0,30.994821008724216,-0.05126010341437547,35.322584933773065,35.36019311981316,1.1676108414842608,302.315803501454,101324.97855021876,-0.021449781241244636,461.39661075478676,30.28422815504477,15132.23650563602,298.72958442259426,25.57958442259428,30.0,101325.0,241.04658821069134,29.165803501454036,8.412285598623548,16664.825812887764,1.4304440086636834
1045.0,17.416666666666668,134.16666666666666,False,10062.5,88405.67701660791,20000.0,0.0,31.006398639447866,-0.04379369402312567,35.442052407005626,35.488483596537115,1.167603455729059,302.3177331065746,101324.9843437744,-0.015656225601560436,461.1230824629646,30.394294760268483,15132.140786248607,298.73027432552755,25.58027432552757,30.0,101325.0,240.90216548197515,29.167733106574644,8.442859655630134,16847.18958318096,1.45371624157762
1050.0,17.5,135.0,False,10125.0,85983.75726885471,20000.0,0.0,31.01307679288368,-0.07854564094825134,35.59263337739907,35.59875933740076,1.167598757115094,302.31884613214726,101324.94963740643,-0.050362593567115255,460.8523769697846,30.488863678956168,15132.07989221162,298.73096435414755,25.580964354147568,30.0,101325.0,240.75977334257684,29.16884613214728,8.469128799710047,17004.934594968283,1.477224661145779
1055.0,17.583333333333332,135.83333333333331,False,10187.499999999998,83628.18727897346,20000.0,0.0,31.015790145840697,0.039928140952137973,35.595193107517446,35.73962483728623,1.167597740868883,302.3192983576401,101325.01301433828,0.013014338284847327,460.5846507040981,30.56960764890827,15132.066721660723,298.73165438052706,25.581654380527084,30.0,101325.0,240.61969761738956,29.169298357640116,8.491557680252297,17140.395732914058,1.5009366960956974
1060.0,17.666666666666668,136.66666666666666,False,10250.0,81337.14936065403,20000.0,0.0,31.013619957562014,-0.07437521733592613,35.761405371887605,35.77285575377282,1.1675984674764623,302.31893665959365,101324.95484348609,-0.04515651390829589,460.3201623528747,30.637977652616232,15132.076138494953,298.7323442831188,25.5823442831188,30.0,101325.0,240.4816726557406,29.16893665959367,8.510549347948954,17255.658433511446,1.5248228448223817
1065.0,17.75,137.5,False,10312.5,79108.87562405325,20000.0,0.0,31.00782178768179,-0.05086031197978974,35.80068727607621,35.839824657440786,1.1676024767349873,302.31797029794694,101324.97888349931,-0.021116500691277906,460.059024394433,30.69522836030727,15132.128098485435,298.73303394509816,25.58303394509818,30.0,101325.0,240.3460735641665,29.167970297946965,8.526452322307575,17352.57205727543,1.5488563382187615
1070.0,17.833333333333332,138.33333333333331,False,10374.999999999998,76941.64661159455,20000.0,0.0,30.997760255061053,-0.09765818712336076,35.910183293348496,35.89515969488778,1.1676082995141575,302.3162933758435,101324.92214594684,-0.07785405316099059,459.8013876609341,30.742467066929702,15132.203561703482,298.7337232580364,25.5837232580364,30.0,101325.0,240.2126757639854,29.16629337584351,8.539574185258251,17432.810119336427,1.5730128536191865
1075.0,17.916666666666668,139.16666666666666,False,10437.5,74833.78997114078,20000.0,0.0,30.98427877406641,-0.10439044932605598,35.962485954751415,35.94000908668822,1.167616849667876,302.3140464623444,101324.91104191093,-0.08895808906527236,459.5473510817757,30.780653000092638,15132.314371695673,298.7344121172999,25.584412117299905,30.0,101325.0,240.08171824290633,29.164046462344402,8.550181388914622,17497.85193881628,1.597270257826237
1080.0,18.0,140.0,False,10500.0,72783.679165516,20000.0,0.0,30.967399079160714,-0.10313617237066106,35.99593444276356,35.9753500861779,1.1676277398965158,302.3112331798601,101324.91316677509,-0.08683322490833234,459.2970150874934,30.810633266871776,15132.455509058846,298.73510042485157,25.58510042485159,30.0,101325.0,239.95317298879425,29.16123317986012,8.558509240797715,17549.030325234027,1.6216083705096054
1085.0,18.083333333333332,140.83333333333331,False,10562.499999999998,70789.73221738076,20000.0,0.0,30.947359541532478,-0.08612312148134255,36.002341190729936,36.00204660283749,1.1676409428435524,302.30789325692206,101324.93945149344,-0.060548506560735404,459.0504615746512,30.833148514955134,15132.62661925244,298.7357880867062,25.585788086706202,30.0,101325.0,239.82707643671324,29.15789325692208,8.564763476376426,17587.530953668283,1.646008760286621
1090.0,18.166666666666668,141.66666666666666,False,10625.0,68850.41048849192,20000.0,0.0,30.923775637806216,-0.12061855810667735,36.06080051423965,36.020838103195636,1.16765545398472,302.303962606301,101324.88123398727,-0.11876601273252163,458.8077910263592,30.848858693950834,15132.814683641971,298.7364750150338,25.58647501503384,30.0,101325.0,239.70327417083345,29.153962606301036,8.569127414986344,17614.428375367872,1.6704545653762293
1095.0,18.25,142.5,False,10687.5,66964.21749240565,20000.0,0.0,30.897497665589185,-0.12589600687933292,36.07798487416544,36.0324265409232,1.1676722483800785,302.29958294426484,101324.87061384042,-0.12938615957682487,458.5690257236111,30.858339393533832,15133.032339005818,298.7371611249568,25.587161124956822,30.0,101325.0,239.58197754345898,29.149582944264864,8.571760942648288,17630.673556441245,1.6949303306066523
1100.0,18.333333333333332,143.33333333333331,False,10749.999999999998,65129.69773970663,20000.0,0.0,30.86848403113197,-0.1271898916951977,36.08388551650244,36.037408447992725,1.1676908960413486,302.294747338522,101324.8679406649,-0.13205933509743772,458.3342241906586,30.862113055916655,15133.274012695876,298.73784633809936,25.587846338099382,30.0,101325.0,239.4631283082326,29.144747338521995,8.572809182199071,17637.14250591538,1.7194218695388443
1105.0,18.416666666666668,144.16666666666666,False,10812.5,63345.43561487318,20000.0,0.0,30.836801216499225,-0.1331364732761145,36.08908669920762,36.03630555590832,1.1677111479261455,302.2894668694165,101324.85530350599,-0.14469649401144125,458.10342940180817,30.860633316645803,15133.536477122845,298.7385305780783,25.58853057807835,30.0,101325.0,239.3466973867722,29.139466869416538,8.572398143512723,17634.605694417944,1.7439161391224094
1110.0,18.5,145.0,False,10875.0,61610.05428391104,20000.0,0.0,30.80274318450779,-0.13065917820579812,36.078854811478166,36.0296157753105,1.1677331368937427,302.2837905307513,101324.86063819715,-0.13936180285236333,457.8766633911673,30.854323335511374,15133.821454142906,298.7392137757397,25.589213775739722,30.0,101325.0,239.23272312225077,29.1337905307513,8.570645370975383,17623.790821198687,1.7684011367026988
1115.0,18.583333333333332,145.83333333333331,False,10937.499999999998,59922.21463191314,20000.0,0.0,30.766223826584678,-0.14048926553044405,36.07776189360369,36.017758300698375,1.1677563992019373,302.2777039710974,101324.83887972466,-0.16112027534109075,457.6539601529578,30.843554636320956,15134.122933657109,298.7398958643419,25.58989586434194,30.0,101325.0,239.1211279062418,29.127703971097446,8.56765406564471,17605.344225964946,1.7928658138187847
1120.0,18.666666666666668,146.66666666666666,False,11000.0,58280.614229725485,20000.0,0.0,30.7275498294797,-0.1474596250608184,36.068544985906,36.001136982651815,1.1677811117362935,302.27125830491326,101324.82249517532,-0.17750482467818074,457.4353263439004,30.828668678434262,15134.443208102364,298.74057678187506,25.590576781875086,30.0,101325.0,239.01195116662518,29.121258304913283,8.56351907734285,17579.866039090084,1.8172999876139617
1125.0,18.75,147.5,False,11062.5,56683.98632892176,20000.0,0.0,30.686940580628857,-0.14510088213587327,36.044033993064446,35.98011690902306,1.167807325236628,302.26449009677145,101324.82812844084,-0.1718715591559885,457.2207668570761,30.809977066835543,15134.782935066696,298.7412564705293,25.591256470529345,30.0,101325.0,238.90520554964522,29.114490096771476,8.558326963009874,17547.90907962591,1.8416942758908479
1130.0,18.833333333333332,148.33333333333331,False,11124.999999999998,55131.0988843112,20000.0,0.0,30.64457293367684,-0.12863472600127185,35.99898573729365,35.955019065180814,1.1678350313907773,302.25742882227945,101324.86492332463,-0.13507667537487578,457.01028335666103,30.787755204056435,15135.142006824473,298.7419348745367,25.59193487453672,30.0,101325.0,238.80088993627376,29.107428822279473,8.55215422334901,17509.96688549335,1.8660400230888474
1135.0,18.916666666666668,149.16666666666666,False,11187.5,53620.75360322519,20000.0,0.0,30.600067554085854,-0.14214087745497683,35.98502084190649,35.926111054635726,1.1678633473097741,302.2500112590143,101324.83506915066,-0.1649308493360877,456.8039003637414,30.76225582161915,15135.508981134672,298.7426119419371,25.59261194193715,30.0,101325.0,238.6988364165535,29.10001125901431,8.545071061560876,17466.4960015539,1.8903292334270747
1140.0,19.0,150.0,False,11250.0,52151.785020849384,20000.0,0.0,30.55388134368286,-0.15469887536714144,35.96642577459553,35.89369798401031,1.1678927404583452,302.24231355728045,101324.80463884049,-0.19536115950904787,456.60159536664264,30.73372814178437,15135.889916340155,298.7432876269332,25.593287626933204,30.0,101325.0,238.59912871634904,29.092313557280477,8.537146706051214,17417.947871539767,1.9145545416722785
1145.0,19.083333333333332,150.83333333333331,False,11312.499999999998,50723.05960088743,20000.0,0.0,30.506216976242968,-0.16014460240954478,35.936266305757364,35.858025504561994,1.167923276536115,302.2343694960405,101324.79064250056,-0.20935749943600968,456.40335500625275,30.702381076701815,15136.285663908051,298.743961883288,25.593961883288046,30.0,101325.0,238.50177313951502,29.084369496040495,8.528439187972726,17364.705567071374,1.9387091621157584
1150.0,19.166666666666668,151.66666666666666,False,11375.0,49333.474860862494,20000.0,0.0,30.457153310666172,-0.16147960361749875,35.89826758931336,35.819320460729415,1.167954836415755,302.22619221844434,101324.78713744992,-0.2128625500772614,456.2091683015439,30.66841229122568,15136.694679948187,298.74463466884407,25.594634668844094,30.0,101325.0,238.40673949337713,29.076192218444362,8.519003414229354,17307.132939240186,1.9627868277451415
1155.0,19.25,152.5,False,11437.5,47981.95852138168,20000.0,0.0,30.406698550773285,-0.1657429044467266,35.860855558854034,35.77780626866712,1.1679872031646503,302.2177830917955,101324.77574930307,-0.22425069693417754,456.01902427323336,30.632019059564602,15137.114153013868,298.7453059466683,25.595305946668304,30.0,101325.0,238.31397768252717,29.067783091795548,8.508894183212389,17245.59254872825,1.986781776000675
1160.0,19.333333333333332,153.33333333333331,False,11499.999999999998,46667.46767870675,20000.0,0.0,30.355099418792065,-0.1623724849702386,35.811925756925895,35.733682268903316,1.1680205442120548,302.2091832364653,101324.78477694796,-0.21522305204416625,455.83289731529425,30.593367938582976,15137.54625298823,298.74597567974746,25.595975679747482,30.0,101325.0,238.22350844267953,29.059183236465344,8.498157760717493,17180.39402782564,2.0106887111232816
1165.0,19.416666666666668,154.16666666666666,False,11562.5,45388.98799999267,20000.0,0.0,30.302215928108467,-0.16838082830213152,35.77147907106853,35.68712698459864,1.1680544234516677,302.2003693213514,101324.76855425845,-0.2314457415486686,455.6507779147172,30.552623463503647,15137.985327933613,298.74664383545917,25.59664383545919,30.0,101325.0,238.1352378279634,29.05036932135141,8.486839850973235,17111.84247656675,2.034502764251332
1170.0,19.5,155.0,False,11625.0,44145.53294057308,20000.0,0.0,30.248343628459452,-0.16903392225174899,35.722537517882856,35.63832712348336,1.1680891079700666,302.1913906047432,101324.76675537248,-0.2332446275249822,455.47263280285034,30.509938736965456,15138.434839292064,298.7473103835807,25.597310383580748,30.0,101325.0,238.04920293202707,29.041390604743242,8.474982982490404,17040.22234164009,2.0582194759306423
1175.0,19.583333333333332,155.83333333333331,False,11687.499999999998,42936.142982688616,20000.0,0.0,30.193452801437275,-0.1726804403225679,35.67498545590744,35.58743866220917,1.1681243542280422,302.18224213357286,101324.75658339208,-0.2434166079183342,455.29844235421893,30.465453899150337,15138.891630795428,298.74797529584623,25.597975295846254,30.0,101325.0,237.96534387715187,29.03224213357288,8.462626083097316,16965.79477617151,2.081834765595789
1180.0,19.666666666666668,156.66666666666666,False,11750.0,41759.88489507063,20000.0,0.0,30.137605376111082,-0.18055110992913914,35.630413079309506,35.534616314777494,1.168160074587521,302.1729342293518,101324.73388813635,-0.2661118636460742,455.12818037875013,30.41930390175749,15139.354566654272,298.7486385469522,25.598638546952202,30.0,101325.0,237.88362918364385,29.022934229351847,8.449806639377082,16888.810604137707,2.1053449082210043
1185.0,19.75,157.5,False,11812.5,40615.851012809064,20000.0,0.0,30.081132171428067,-0.1759281582864699,35.56949814096259,35.48001477405042,1.1681966171301759,302.1635220285713,101324.74734108671,-0.25265891329036094,454.96180605384,30.371612324311982,15139.82815800708,298.74930011328803,25.599300113288052,30.0,101325.0,237.804108451234,29.013522028571344,8.436558978975551,16809.499925085558,2.128746512755187
1190.0,19.833333333333332,158.33333333333331,False,11874.999999999998,39503.15853694867,20000.0,0.0,30.02375137436138,-0.182710042158551,35.52020772883659,35.423755211794386,1.16823336276677,302.15395856239354,101324.72748604485,-0.2725139551475877,454.7993061812951,30.322499203326128,15140.30438145734,298.7499599740414,25.59995997404144,30.0,101325.0,237.72664880823953,29.003958562393564,8.422916445368369,16728.085144200435,2.1520365023866357
1195.0,19.916666666666668,159.16666666666666,False,11937.5,38420.94885327318,20000.0,0.0,29.96584961228814,-0.18010654331641904,35.45846153874579,35.365979359800534,1.1682707642914796,302.14430826871467,101324.73519700453,-0.26480299547256436,454.6406342053782,30.27207428343798,15140.789105217575,298.7506181098791,25.60061810987912,30.0,101325.0,237.6513181737395,28.99430826871469,8.408909523177217,16644.769741701697,2.175212096057401
1200.0,20.0,160.0,False,12000.0,37368.386869751725,20000.0,0.0,29.90720185440466,-0.1873868851926165,35.40682123334153,35.3067964885673,1.1683083082408567,302.13453364240075,101324.71335636945,-0.28664363054849673,454.485771282988,30.22044458600949,15141.275674801504,298.75127450401527,25.601274504015294,30.0,101325.0,237.57800233626924,28.984533642400777,8.394567940558192,16559.750830983077,2.198270790899543
1205.0,20.083333333333332,161.16666666666666,False,12087.5,36344.66037213629,20000.0,0.0,29.848243244784726,-0.18228070903030533,35.33946987284145,35.24633623081253,1.1683464844820866,302.1247072074641,101324.72876524992,-0.27123475007829256,454.33492751077824,30.16770855131797,15141.770438887843,298.7519291411003,25.6019291411003,30.0,101325.0,237.50691087018052,28.97470720746412,8.37991904203277,16473.209495875453,2.221210346682084
1210.0,20.166666666666668,162.33333333333334,False,12175.0,35348.97939721288,20000.0,0.0,29.7887185226582,-0.18681212254293053,35.2821718788955,35.18470029238692,1.1683846929824795,302.114786420443,101324.71511208874,-0.2848879112571012,454.1883398906803,30.113968886884873,15142.265621052935,298.7525820092819,25.602582009281946,30.0,101325.0,237.43804581393377,28.964786420443033,8.36499135746802,16385.33188593987,2.2440287781972335
1215.0,20.25,163.5,False,12262.5,34380.57562322281,20000.0,0.0,29.72882926511943,-0.19169721051091662,35.22422676769145,35.122004291185796,1.168423122353902,302.1048048775199,101324.70001779169,-0.29998220830748323,454.04596012841256,30.05931979540862,15142.76366570657,298.75323309802184,25.60323309802186,30.0,101325.0,237.3714204491383,28.954804877519905,8.349811054280172,16296.28821106289,2.266724347709041
1220.0,20.333333333333332,164.66666666666666,False,12350.0,33438.7017769837,20000.0,0.0,29.668740638289705,-0.19023288129118138,35.157932701893344,35.05835578392334,1.1684619095007658,302.0947901063816,101324.70458327245,-0.29541672754567116,453.90774078281294,30.003849932003593,15143.266347129926,298.7538823984244,25.603882398424446,30.0,101325.0,237.30703795237542,28.944790106381618,8.334402758889887,16206.237690266791,2.2892955462516307
1225.0,20.416666666666668,165.83333333333334,False,12437.5,32522.631057252736,20000.0,0.0,29.608425157275178,-0.18747660466477448,35.089277276298326,34.99384875054577,1.1685008908263872,302.0847375262125,101324.71308181799,-0.28691818201332353,453.77364266036676,29.947644049973658,15143.77154510998,298.75452990335225,25.604529903352272,30.0,101325.0,237.24484476685697,28.93473752621253,8.318790013881571,16115.331296705333,2.3117410802703615
1230.0,20.5,167.0,False,12525.0,31631.656573887212,20000.0,0.0,29.547851166195414,-0.18864893638986624,35.02443232794917,34.928571519825304,1.1685399018930225,302.07464186103255,101324.70948227591,-0.29051772409002297,453.6436261065567,29.890782046245388,15144.277128533571,298.7551756071284,25.605175607128444,30.0,101325.0,237.18478696334088,28.92464186103257,8.30299501284594,16023.710275546497,2.334059859139981
1235.0,20.583333333333332,168.16666666666666,False,12612.5,30765.090802369472,20000.0,0.0,29.487086804712476,-0.19247457311885754,34.96199976819038,34.862611189660306,1.1685789425565032,302.06451446745206,101324.69757990778,-0.30242009222274646,453.51764635893863,29.83333852772606,15144.78309553228,298.75581950533507,25.60581950533509,30.0,101325.0,237.1268413165606,28.91451446745208,8.287038479923906,15931.505543900541,2.356250981236819
1240.0,20.666666666666668,169.33333333333334,False,12700.0,29922.265053275547,20000.0,0.0,29.426233845802244,-0.19545290926934436,34.897985111384806,34.79605134167559,1.1686180714626675,302.0543723076337,101324.688148247,-0.3118517529946985,453.3956567316071,29.775383584582176,15145.29020615617,298.7564615948194,25.60646159481945,30.0,101325.0,237.07099551913865,28.904372307633707,8.27093988460616,15838.839044382774,2.378313720534238
1245.0,20.75,170.5,False,12787.5,29102.52895627784,20000.0,0.0,29.36534066533443,-0.1973536459633287,34.83219769524829,34.72896905150219,1.1686572674196807,302.0442234442224,101324.6820533749,-0.31794662510219496,453.27761266315275,29.716983772480617,15145.79818575906,298.7571018737434,25.60710187374343,30.0,101325.0,237.01722216724818,28.894223444222405,8.25471771457795,15745.825411959022,2.4002475152955864
1250.0,20.833333333333332,171.66666666666666,False,12875.0,28305.249958284003,20000.0,0.0,29.304443559313654,-0.19853187467640787,34.76512431668842,34.6614368018459,1.1686964949229988,302.03407392655225,101324.67824567133,-0.32175432867370546,453.163469879228,29.65820206736362,15146.306574202064,298.7577403414708,25.607740341470844,30.0,101325.0,236.9654911072587,28.884073926552276,8.238389463156562,15652.57198527817,2.422051957932557
1255.0,20.916666666666668,172.83333333333334,False,12962.5,27529.812835324352,20000.0,0.0,29.24357634882051,-0.1993451494519467,34.69725065024726,34.59352311155159,1.168735719233466,302.02392939147006,101324.67560417461,-0.32439582538791,453.0531840176157,29.599098018703756,15146.814921265719,298.75837699849444,25.608376998494464,30.0,101325.0,236.91577229934418,28.873929391470085,8.221971671862153,15559.179139468053,2.4437267851025197
1260.0,21.0,174.0,False,13050.0,26775.619217811578,20000.0,0.0,29.182772968889026,-0.20001461271708565,34.62889976532978,34.52529287371248,1.168774910303394,302.0137954948148,101324.67342167102,-0.32657832898257766,452.94671057150066,29.539727940215887,15147.322837531987,298.7590118463752,25.60901184637521,30.0,101325.0,236.86803658268136,28.863795494814838,8.205479983393301,15465.740677793277,2.4652718683089514
1265.0,21.083333333333332,175.16666666666666,False,13137.5,26042.087128806084,20000.0,0.0,29.122067646065148,-0.20062573149807297,34.56023320341179,34.45680757739058,1.1688140428738192,302.00367794101084,101324.67142298662,-0.3285770133807091,452.84400493763326,29.480145098761795,15147.829995644697,298.75964488768716,25.609644887687182,30.0,101325.0,236.8222557186609,28.853677941010858,8.1889291941005,15372.344218187309,2.486687205042271
1270.0,21.166666666666668,176.33333333333334,False,13225.0,25328.650534930825,20000.0,0.0,29.06149442995877,-0.20116363991765068,34.49129233716484,34.38812548565257,1.168853095551305,301.9935824049931,101324.66965869367,-0.3303413063258631,452.7450224885558,29.42039989159883,15148.336118344912,298.7602761259644,25.610276125964447,30.0,101325.0,236.77840224007667,28.84358240499313,8.172333303221897,15279.071558591122,2.507972910442812
1275.0,21.25,177.5,False,13312.5,24634.758909589113,20000.0,0.0,29.001086775815338,-0.20154368532140535,34.4220341285451,34.31930180032034,1.16889204997299,301.98351446263587,101324.66840932985,-0.3315906701463973,452.6497186377121,29.36054000975827,15148.84096764995,298.760905565652,25.610905565652047,30.0,101325.0,236.73644931483975,28.83351446263589,8.155705558266186,15185.999017483433,2.529129209453975
1280.0,21.333333333333332,178.66666666666666,False,13400.0,23959.876808148223,20000.0,0.0,28.940877121128437,-0.20164100150387052,34.3523657388115,34.25038881165924,1.1689308899686228,301.97347952018805,101324.66808903276,-0.33191096724476665,452.5580489004405,29.30061058834591,15149.344333993353,298.761533212057,25.611533212056997,30.0,101325.0,236.69637060724506,28.823479520188073,8.139058496762754,15093.19775084291,2.550156429431979
1285.0,21.416666666666668,179.83333333333334,False,13487.5,23303.483454761124,20000.0,0.0,28.880896301718963,-0.20132800598107417,34.282188353923466,34.181436029702795,1.1689696004738506,301.96348271695314,101324.66911864496,-0.3308813550393097,452.46996895803284,29.240654347082334,15149.846022141104,298.76215907130336,25.61215907130338,30.0,101325.0,236.6581400907697,28.81348271695316,8.122403985300648,15000.734050712055,2.571054993183059
1290.0,21.5,181.0,False,13575.0,22665.07234050742,20000.0,0.0,28.82117267444289,-0.20052814419628578,34.21145991939837,34.11249029409625,1.1690081659835683,301.9535287790738,101324.67174255825,-0.32825744175352156,452.3854347309188,29.18071172359607,15150.345831147046,298.7627831502886,25.612783150288635,30.0,101325.0,236.62173177285914,28.803528779073815,8.105753256554463,14908.669629203543,2.591825412405223
1295.0,21.583333333333332,182.16666666666666,False,13662.5,22044.150832543433,20000.0,0.0,28.761730908651543,-0.19929051826809077,34.140282186062734,34.043595862312046,1.169046568484988,301.94362181810857,101324.6757819537,-0.3242180462984834,452.3044024627337,29.1208210006813,15150.843527565445,298.7634054566428,25.613405456642795,30.0,101325.0,236.58711932049027,28.79362181810859,8.089116944633695,14817.06188973915,2.6124682815156
1300.0,21.666666666666668,183.33333333333334,False,13750.0,21440.239793959816,20000.0,0.0,28.70259052093354,-0.1978850348774132,34.06901164172532,33.9747944804013,1.1690847849889112,301.93376508682223,101324.6803388814,-0.3196611185994698,452.22682881207874,29.061018427952213,15151.338813456288,298.7640259986899,25.614025998689897,30.0,101325.0,236.55427560889277,28.783765086822257,8.072505118875615,14725.96418612042,2.6329842718460577
1305.0,21.75,184.5,False,13837.5,20852.873214053416,20000.0,0.0,28.643760195174536,-0.1971576376915641,33.998673316535786,33.90612529243254,1.1691227783686646,301.92396003252907,101324.68268461959,-0.3173153804091271,452.1526711251386,29.001338370759868,15151.831207657895,298.7646447854162,25.614644785416203,30.0,101325.0,236.52317101141205,28.77396003252909,8.055927325211075,14635.426119160258,2.653374126224725
1310.0,21.833333333333332,185.66666666666666,False,13925.0,20281.59784872793,20000.0,0.0,28.585244381373514,-0.1981363101703285,33.93050205376954,33.83762518456456,1.1691605077182126,301.91420739689556,101324.67952655177,-0.32047344822785817,452.08188716722856,28.94181334486197,15152.320180028035,298.7652618264231,25.615261826423136,30.0,101325.0,236.49377535626044,28.764207396895586,8.039392595794991,14545.493656103825,2.673638653846436
1315.0,21.916666666666668,186.83333333333334,False,14012.5,19725.97287074608,20000.0,0.0,28.527074530470372,-0.20012959769038613,33.86372823492241,33.76933001720466,1.1691979778634967,301.90451242174504,101324.67304607452,-0.3269539254833944,452.0144337844017,28.882473846655262,15152.805793110916,298.7658771318484,25.615877131848436,30.0,101325.0,236.46606723993042,28.754512421745062,8.022909401848684,14456.208942184805,2.6937787250952474
1320.0,22.0,188.0,False,14100.0,19185.56952956327,20000.0,0.0,28.46928376212577,-0.2022801546697538,33.797387073066595,33.70127379442672,1.16923519897863,301.89488062702094,101324.66598154308,-0.33401845692424104,451.9502680367023,28.823348650353683,15153.288178763045,298.76649071236704,25.616490712367067,30.0,101325.0,236.44002644654105,28.74488062702096,8.006485736209356,14367.610816893182,2.7137952665946075
1325.0,22.083333333333332,189.16666666666666,False,14187.5,18659.97082048023,20000.0,0.0,28.411902479052287,-0.20385241539464227,33.73065371270972,33.6334885952806,1.1692721795009413,301.885317079842,101324.66076892031,-0.33923107969167177,451.8893474066413,28.764464925211648,15153.767446332198,298.7671025791643,25.61710257916434,30.0,101325.0,236.41563262380592,28.735317079842048,7.990129145892124,14279.735051220063,2.733689256780797
1330.0,22.166666666666668,190.33333333333334,False,14275.0,18148.77116285949,20000.0,0.0,28.354956107998078,-0.20435479803976897,33.66298563473991,33.566004579045696,1.1693089224314925,301.87582601799966,101324.65909482872,-0.3409051712806104,451.83162991156365,28.705848330694028,15154.243634712144,298.767712743908,25.617712743908044,30.0,101325.0,236.39286459437278,28.72582601799968,7.973846758526119,14192.614547762403,2.75346172178009
1335.0,22.25,191.5,False,14362.5,17651.576087157217,20000.0,0.0,28.29846344488783,-0.20361246060655844,33.59420747324982,33.49885000853846,1.169345422600752,301.86641057414795,101324.66156706846,-0.3384329315449577,451.77707418734457,28.647523102312537,15154.716676905746,298.7683212187201,25.618321218720098,30.0,101325.0,236.37169984777026,28.71641057414797,7.957645306197927,14106.279523340256,2.7731137315516894
1340.0,22.333333333333332,192.66666666666666,False,14450.0,17168.001930528986,20000.0,0.0,28.24243575146636,-0.2018104158186168,33.524561306263735,33.43205129646984,1.1693816651329711,301.85707262524437,101324.66753106994,-0.3324689300643513,451.7256395376969,28.589512127050718,15155.186380123305,298.76892801614974,25.618928016149766,30.0,101325.0,236.3521142569081,28.707072625244393,7.941531146402977,14020.757672871421,2.7926463962712806
1345.0,22.416666666666668,193.83333333333334,False,14537.5,16697.675540774602,20000.0,0.0,28.18687666466758,-0.19951717047594508,33.45473425670534,33.36563307674611,1.1694176252059731,301.8478127774446,101324.6750440709,-0.32495592909981497,451.6772859470684,28.53183700807427,15155.652422669411,298.769533149146,25.619533149146037,30.0,101325.0,236.33408203735627,28.697812777444597,7.925510280020631,13936.074314444648,2.812060862929139
1350.0,22.5,195.0,False,14625.0,16240.233988393524,20000.0,0.0,28.13178090452891,-0.19779892460742482,33.38599154815396,33.29961822873665,1.1694532659059842,301.8386301507548,101324.68061702387,-0.31938297612941824,451.6319741442324,28.474518135565837,15156.114326141556,298.77013663103264,25.620136631032665,30.0,101325.0,236.31757534803813,28.68863015075482,7.909588370990511,13852.252540570207,2.8313583121340105
1355.0,22.583333333333332,196.16666666666666,False,14712.5,15795.324286528632,20000.0,0.0,28.07713323994301,-0.198296974225736,33.320266700107204,33.23402789902723,1.1694885364940972,301.82952220665715,101324.67900661235,-0.3209933876496507,451.58966565353336,28.417574744816644,15156.571432963501,298.7707384754831,25.62073847548311,30.0,101325.0,236.30256396868938,28.67952220665717,7.893770762449068,13769.313347898787,2.850539955112114
1360.0,22.666666666666668,197.33333333333334,False,14800.0,15362.603118582343,20000.0,0.0,28.022960878625554,-0.20003676170248344,33.256445546817,33.16888341529811,1.1695234555420024,301.8204934797709,101324.67334933851,-0.32665066148911137,451.5503205554524,28.361024533643377,15157.02398382435,298.7713386964248,25.6213386964248,30.0,101325.0,236.2890309254749,28.670493479770926,7.878062370456494,13687.275126341749,2.869607030441448
1365.0,22.75,198.5,False,14887.5,14941.736573294755,20000.0,0.0,27.969292702657185,-0.2018920203771536,33.19323595152053,33.10420490188398,1.1695580460861779,301.8115487837762,101324.66726213966,-0.3327378603426041,451.5138992506844,28.30488406510841,15157.472277276864,298.771937308073,25.62193730807303,30.0,101325.0,236.27696030745264,28.661548783776198,7.862467795863447,13606.154293225763,2.888560800871703
1370.0,22.833333333333332,199.66666666666666,False,14975.0,14532.399887079568,20000.0,0.0,27.916149682635705,-0.20318700377247956,33.129869193117514,33.040010998756124,1.1695923203214333,301.8026916137726,101324.6629799306,-0.3370200694043888,451.48036287566845,28.249168898164363,15157.916471365776,298.7725343249226,25.62253432492264,30.0,101325.0,236.26633439200464,28.652691613772618,7.846991360601213,13525.96552194762,2.9074025507433516
1375.0,22.916666666666668,200.83333333333334,False,15062.5,14134.277193418704,20000.0,0.0,27.86354585376739,-0.20362116653471038,33.066012310590295,32.976318951990464,1.1696262810765061,301.7939243089612,101324.66153812685,-0.33846187315066345,451.4496732633951,28.19389362697935,15158.356602751519,298.77312976172544,25.623129761725465,30.0,101325.0,236.25713392354277,28.643924308961232,7.831637118605375,13446.721834845983,2.926133583630014
1380.0,23.0,202.0,False,15150.0,13747.061279122529,20000.0,0.0,27.81148966270507,-0.20317277404264664,33.00165590566269,32.913144713966545,1.1696599238810885,301.7852482771175,101324.66302713378,-0.33697286622191314,451.42179288822996,28.13907191481462,15158.792613498908,298.7737236334684,25.623723633468444,30.0,101325.0,236.24933850298063,28.635248277117512,7.816408865226283,13368.434686333627,2.944755220103055
1385.0,23.083333333333332,203.16666666666666,False,15237.5,13370.453347267361,20000.0,0.0,27.759985499689833,-0.20200704486387852,32.93700721927377,32.850503046931706,1.169693239329568,301.7766642499483,101324.66688288837,-0.33311711162969004,451.39668480273036,28.084716524274857,15159.224381711203,298.7743159553518,25.624315955351847,30.0,101325.0,236.242927032617,28.626664249948305,7.801310145631905,13291.114039087412,2.9632687956068198
1390.0,23.166666666666668,204.33333333333334,False,15325.0,13004.162786627503,20000.0,0.0,27.70903524244875,-0.20039453159670023,32.872395127351666,32.7884076240795,1.1697262154657044,301.7681725404081,101324.67217985066,-0.32782014933764003,451.37431257383156,28.030839345620215,15159.65175243553,298.7749067427693,25.624906742769326,30.0,101325.0,236.2378781646344,28.618172540408125,7.786344262672283,13214.768435825397,2.9816756584366204
1395.0,23.25,205.5,False,15412.5,12647.90694742372,20000.0,0.0,27.658639660874428,-0.19863934604275452,32.80818659874438,32.726871123148285,1.169758839948453,301.7597732768124,101324.67789722615,-0.32210277384729125,451.35464022476157,27.977451424594864,15160.074565731951,298.77549601128777,25.625496011287794,30.0,101325.0,236.23417070817752,28.609773276812405,7.771514284609685,13139.405068797476,2.999977167814831
1400.0,23.333333333333332,206.66666666666666,False,15500.0,12301.410923215279,20000.0,0.0,27.608799562785407,-0.1970175910410882,32.74471503853608,32.66590530867286,1.1697911018088245,301.75146659379755,101324.68313525568,-0.3168647443235386,451.3376321876808,27.92456299091541,15160.492679442365,298.7760837766299,25.626083776629912,30.0,101325.0,236.2317839593093,28.601466593797568,7.7568230530320585,13065.029848618191,3.0181746920630363
1405.0,23.416666666666668,207.83333333333334,False,15587.5,11964.407338767134,20000.0,0.0,27.559516303600844,-0.19574715029461598,32.682245149020744,32.605521090088885,1.1698229921989018,301.7432527172668,101324.68720859716,-0.3127914028445957,451.3232532829831,27.872183490598598,15160.905978897768,298.7766700546566,25.626670054656643,30.0,101325.0,236.23069784132582,28.593252717266807,7.742273191832944,12991.64747687295,3.0362696068724047
1410.0,23.5,209.0,False,15675.0,11636.636143728607,20000.0,0.0,27.5107888899131,-0.19516044981644173,32.62117416049284,32.54572845940484,1.169854499734476,301.73513148165216,101324.68908080675,-0.3109191932453541,451.3114688428784,27.82032164409489,15161.31431655881,298.7772548613563,25.627254861356334,30.0,101325.0,236.2308920288732,28.585131481652184,7.727867123359692,12919.261552975166,3.054263293698688
1415.0,23.583333333333332,210.16666666666666,False,15762.5,11317.844411964363,20000.0,0.0,27.462625138206363,-0.19502295160303515,32.561238220529155,32.48653691580652,1.1698856281587708,301.72710418970104,101324.68951876202,-0.310481237975182,451.30224423695944,27.768985389568027,15161.71774093767,298.7778382128154,25.627838212815448,30.0,101325.0,236.2323492664471,28.57710418970106,7.713607052657785,12847.874519132121,3.0721571381932073
1420.0,23.666666666666668,211.33333333333334,False,15850.0,11007.786146382785,20000.0,0.0,27.415033233980353,-0.1950431054955905,32.50210630121817,32.42795520940747,1.1699163828850807,301.71917220566337,101324.68945458774,-0.31054541225603316,451.29554523077803,27.71818198616749,15162.116322190646,298.77842012521603,25.628420125216053,30.0,101325.0,236.2350528384236,28.569172205663392,7.699494996157636,12777.487827655228,3.0899525287118093
1425.0,23.75,212.5,False,15937.5,10706.222089111214,20000.0,0.0,27.36801896642521,-0.1950457449710968,32.44358216283545,32.369991280065186,1.1699467665551113,301.7113364944042,101324.6894461826,-0.3105538173986133,451.29133810207696,27.667918067228033,15162.510094554244,298.77900061482694,25.629000614826964,30.0,101325.0,236.238985733143,28.561336494404202,7.6855327964522315,12708.10203545937,3.107650855005639
1430.0,23.833333333333332,213.66666666666666,False,16025.0,10412.919536871506,20000.0,0.0,27.321586421947586,-0.19493233145841282,32.38555808983554,32.312652314622554,1.1699767800918395,301.70359773699124,101324.6898072339,-0.310192766104592,451.2895896096499,27.61819966383103,15162.89906999024,298.77957969798945,25.62957969798947,30.0,101325.0,236.24413083936716,28.553597736991264,7.671722128841954,12639.716855668104,3.1252535070133662
1435.0,23.916666666666668,214.83333333333334,False,16112.5,10127.652161413524,20000.0,0.0,27.275738485478087,-0.19465155181921825,32.327980682575756,32.25594479598913,1.1700064234489904,301.6959564142463,101324.69070019081,-0.30929980918881483,451.2902669701369,27.569032228817857,15163.283247898917,298.7801573911055,25.630157391105513,30.0,101325.0,236.25047108558223,28.545956414246348,7.65806450800496,12572.331208566502,3.1427618737246408
1440.0,24.0,216.0,False,16200.0,9850.199834867855,20000.0,0.0,27.230477148947557,-0.19418153897706583,32.270830183570155,32.19987454418263,1.1700356960561602,301.6884128581579,101324.69219208098,-0.30780791901634075,451.2933378427633,27.520420661283033,15163.662620887835,298.78073371062516,25.63073371062518,30.0,101325.0,236.25798952197863,28.538412858157926,7.644561294800842,12505.943271949482,3.160177342113888
1445.0,24.083333333333332,217.16666666666666,False,16287.5,9580.348459883193,20000.0,0.0,27.18580361356328,-0.19352481272984076,32.21411461580429,32.144446749003826,1.1700645969383583,301.6809672689272,101324.6942705866,-0.30572941340506077,451.29877032258656,27.472369331671413,15164.037176321124,298.78130867303634,25.631308673036358,30.0,101325.0,236.26666934113044,28.530967268927213,7.631213703242059,12440.550531045568,3.1775012961437454
1450.0,24.166666666666668,218.33333333333334,False,16375.0,9317.889804417107,20000.0,0.0,27.141718144190463,-0.1927186844307494,32.15788192825301,32.0896659930448,1.1700931244437591,301.6736196906984,101324.69681231568,-0.3031876843160717,451.30653294404306,27.424882107823375,15164.40689279112,298.7818822948541,25.63188229485411,30.0,101325.0,236.27649382494542,28.52361969069841,7.618022807728716,12376.149828491421,3.1947351158378683
1455.0,24.25,219.5,False,16462.5,9062.62134105285,20000.0,0.0,27.09821958799853,-0.19186696004070955,32.10225694310035,32.035536262162886,1.1701212754402557,301.66636993133307,101324.69948628281,-0.3005137171858223,451.3165946985603,27.377962382668052,15164.771729705713,298.78245459261177,25.632454592611793,30.0,101325.0,236.28744619169828,28.516369931333088,7.604989550741125,12312.737415302145,3.2118801764238363
1460.0,24.333333333333332,220.66666666666666,False,16550.0,8814.346090718169,20000.0,0.0,27.055304403388163,-0.1912029152105322,32.047514719371385,31.982060938316692,1.1701490437363868,301.65921740056467,101324.70156281808,-0.2984371819184162,451.32892507284964,27.331613104767587,15165.131606823574,298.78302558285316,25.63302558285318,30.0,101325.0,236.29950929722494,28.509217400564694,7.5921147513243294,12250.30900443592,3.2289378475486545
1465.0,24.416666666666668,221.83333333333334,False,16637.5,8572.872470685475,20000.0,0.0,27.012964957065265,-0.191197064498066,31.99420608025596,31.929242766695687,1.1701764173423785,301.6521608261775,101324.70158108186,-0.2984189181443071,451.3434941182854,27.285836813573045,15165.486368757225,298.78359528212536,25.633595282125384,30.0,101325.0,236.31266511807667,28.502160826177544,7.579399114881402,12188.859829393548,3.2459094925721472
1470.0,24.5,223.0,False,16725.0,8338.014146736185,20000.0,20.0,26.97139499298703,-0.1920156701038115,55.23048941560102,55.281146349134204,1.1702032649210783,301.64523249883115,101324.69902026477,-0.3009797352278838,451.3595884457491,27.24063588462344,15165.834313377176,298.7841637070074,25.634163707007417,30.0,101325.0,236.32651368270695,28.49523249883117,7.566843301284289,12128.384981874102,3.262796468135527
1475.0,24.583333333333332,224.16666666666669,False,16812.5,8109.589889375061,20000.0,20.0,26.998289494511027,-0.19281714907022088,55.18574267143618,55.2344164743293,1.1701858470019182,301.6497149157518,101324.69650242469,-0.3034975753107574,451.14102109704106,27.201405328771475,15165.60857714486,298.7847318234552,25.63473182345524,30.0,101325.0,236.20855851336003,28.499714915751838,7.555945924658743,12076.060389884087,3.2796051107548037
1480.0,24.666666666666668,225.33333333333331,False,16900.0,7887.423433983657,20000.0,20.0,27.024298678626906,-0.19671215194623454,55.15637357922138,55.19954352944672,1.1701688880255927,301.6540497797711,101324.68411697369,-0.31588302631280385,450.9274282409331,27.17228777342049,15165.388788811682,298.7853005739149,25.635300573914947,30.0,101325.0,236.09330385471984,28.50404977977115,7.547857714839025,12037.32168223699,3.296350514971554
1485.0,24.75,226.5,False,16987.5,7671.343344804908,20000.0,20.0,27.04926450990024,-0.1974476732628494,55.133086797514075,55.174518295726955,1.1701527197783974,301.65821075165,101324.68175033733,-0.31824966266867705,450.71976701833364,27.151553265778727,15165.179248328031,298.785869926107,25.635869926107034,30.0,101325.0,235.98131749815911,28.50821075165004,7.54209812938298,12009.786547784865,3.3130498956868473
1490.0,24.833333333333332,227.66666666666669,False,17075.0,7461.182882653959,20000.0,20.0,27.073204286449254,-0.19832432942691908,55.1180382553534,55.157638460935416,1.1701372099377145,301.6622007144082,101324.67891804373,-0.32108195626642555,450.51784077359275,27.137752728905536,15164.978240792781,298.78643985056914,25.63643985056916,30.0,101325.0,235.87246946061072,28.51220071440821,7.538264646918204,11991.482923827962,3.3297174439310226
1495.0,24.916666666666668,228.83333333333331,False,17162.5,7256.779876253103,20000.0,20.0,27.09618696427526,-0.19905800759684228,55.109481056332896,55.14747903386341,1.1701223244731702,301.6660311607125,101324.67653803765,-0.3234619623544859,450.32147117343595,27.129670018639054,15164.785325172286,298.78701031973134,25.63701031973136,30.0,101325.0,235.76665922075165,28.516031160712544,7.536019449621959,11980.771482293054,3.3463648428241624
1500.0,25.0,230.0,True,17250.0,257057.9765970916,20000.0,20.0,27.119974115573427,-0.1588530026475334,55.058724782134796,55.14285724994327,1.1701083033404585,301.6699956859289,101324.79400590653,-0.20599409347050823,450.13049479291766,27.126284885356228,15164.603611292341,298.7875813076909,25.637581307690937,30.0,101325.0,235.66384927048622,28.519995685928905,7.535079134821175,11976.287301541868,3.3630016892018255
1505.0,25.083333333333332,231.16666666666669,True,17337.5,256864.61963771368,20000.0,20.0,27.636268554953176,0.49498005432666964,54.92107840808414,55.75490189782969,1.1698001022768343,301.75604475915884,101327.00004289128,2.0000428912753705,449.94686188482297,27.166925419361895,15160.609325507772,298.7881598717459,25.638159871745927,30.0,101325.0,235.50566163099182,28.606044759158863,7.546368172044971,12030.196521069769,3.379672858523084
1510.0,25.166666666666668,232.33333333333331,True,17425.0,256676.55979334115,20000.0,20.0,28.12542341658525,0.48687359902559596,55.05012725985089,55.859938935692796,1.169483391362094,301.83757056943085,101326.93506858309,1.9350685830868315,449.76742096987783,27.277754225772235,15156.504752052737,298.7887521631987,25.638752163198717,30.0,101325.0,235.34800564983004,28.687570569430875,7.577153951603399,12178.031315992603,3.3964841278543774
1515.0,25.25,233.5,True,17512.5,256493.6519467386,20000.0,20.0,28.599823974327023,0.4764954333172442,55.2454430224304,56.02924853130971,1.1691761820906295,301.9166373290545,101326.85345222834,1.8534522283443948,449.59137905621196,27.445493903758194,15152.523319894559,298.78935772407954,25.63935772407956,30.0,101325.0,235.19408999671353,28.766637329054504,7.623748306599499,12404.075539600182,3.4135550353929833
1520.0,25.333333333333332,234.66666666666669,True,17600.0,256315.75495623326,20000.0,20.0,29.060155119818432,0.46740478012050135,55.4942805703964,56.25414462537888,1.1688783431250336,301.9933591866364,101326.78340594677,1.7834059467713814,449.4181208444637,27.659198776398153,15148.663326900436,298.78997615206436,25.639976152064378,30.0,101325.0,235.0435628161047,28.843359186636405,7.683110771221709,12696.091295631308,3.4309857068063385
1525.0,25.416666666666668,235.83333333333331,True,17687.5,256142.7315468022,20000.0,20.0,29.506832238867787,0.45814091559850373,55.78594680897409,56.52213211285511,1.1685894597392614,302.0678053731446,101326.71341304935,1.7134130493504927,449.2471633499337,27.90968547697093,15144.919398220827,298.7906070597565,25.64060705975652,30.0,101325.0,234.89608491617844,28.91780537314463,7.752690410269704,13044.158801438312,3.4488608804848595
1530.0,25.5,237.0,True,17775.0,255974.44820414367,20000.0,0.0,29.93992596670489,0.44939115824733866,32.823504565863914,33.458792826391,1.1683095322706296,302.13998766111746,101326.64859112744,1.6485911274357932,449.0799513278325,28.189246036951488,15141.29153822736,298.79125007173803,25.641250071738057,30.0,101325.0,234.7524086499546,28.989987661117482,7.830346121375413,13440.07310269767,3.4672527081960647
1535.0,25.583333333333332,238.16666666666669,True,17862.5,255810.77507164987,20000.0,0.0,30.316390142069054,0.44343022806282695,33.171179999000415,33.79363969162352,1.168066464321115,302.2027316903448,101326.60514585437,1.6051458543661283,449.1335267284039,28.487834151027556,15138.141377601649,298.79190419263,25.641904192630022,30.0,101325.0,234.731568400543,29.052731690344842,7.913287264174321,13871.695512233762,3.486219214178656
1540.0,25.666666666666668,239.33333333333331,True,17950.0,255651.58585020274,20000.0,0.0,30.68431269123937,0.4360200993952112,33.53196938429806,34.13996487728282,1.1678288850907228,302.26405211520654,101326.55194715981,1.5519471598090604,449.1857668919548,28.797684695148092,15135.062350775766,298.792568525034,25.64256852503405,30.0,101325.0,234.7111219322071,29.11405211520656,7.999356859763359,14329.266746266489,3.505803215747059
1545.0,25.75,240.5,True,18037.5,255496.75770071457,20000.0,0.0,31.04408993112486,0.42953246321030886,33.90238830170792,34.49703964693339,1.1675967299685293,302.3240149885208,101326.50610724042,1.5061072404205333,449.23574869351717,29.11580520475593,15132.053620392138,298.7932428384276,25.643242838427625,30.0,101325.0,234.69057480795263,29.17401498852081,8.087723667987758,14809.406896919363,3.5260384057770495
1550.0,25.833333333333332,241.66666666666669,True,18125.0,255346.17114933877,20000.0,0.0,31.395869136591273,0.42457357453383815,34.2795087106362,34.86263320373104,1.1673699428442084,302.3826448560985,101326.47153240973,1.471532409734209,449.28340593697294,29.439681041094587,15129.11445926094,298.793926905657,25.643926905656997,30.0,101325.0,234.6698822403111,29.232644856098545,8.17768917808183,15309.131432953021,3.5469540573950162
1555.0,25.916666666666668,242.83333333333331,True,18212.5,255199.70999527714,20000.0,0.0,31.739567065008714,0.41538524216125666,34.66087936147867,35.227555655115005,1.1671481139274085,302.4399278441681,101326.40852979106,1.4085297910642112,449.3286994891908,29.767207039614906,15126.239556499215,298.7946205037762,25.644620503776196,30.0,101325.0,234.6489424579753,29.28992784416812,8.268668622115252,15825.79423315779,3.5685755335520377
1560.0,26.0,244.0,True,18300.0,255057.26122111318,20000.0,20.0,32.07748742015622,0.4098226299546535,58.332412627057096,58.9375055933304,1.166930377698314,302.49624790335935,101326.37105786141,1.3710578614118276,449.3573186570561,30.096622929874183,15123.417694970149,298.79532341376375,25.645323413763776,30.0,101325.0,234.6201104892237,29.34624790335937,8.360173036076162,16357.033831129818,3.590924719707793
1565.0,26.083333333333332,245.16666666666669,True,18387.5,254918.71490560155,20000.0,20.0,32.434445737169426,0.4024829654574918,58.71948563808811,59.30516325773182,1.1667003579272692,302.5557409561949,101326.32238806109,1.3223880610894412,449.17176840879563,30.429046188345026,15120.43663873741,298.79603587770134,25.646035877701365,30.0,101325.0,234.47700220039317,29.405740956194904,8.452512830095841,16905.042566688582,3.6140233838729445
1570.0,26.166666666666668,246.33333333333331,True,18475.0,254783.964138847,20000.0,20.0,32.78016151812017,0.3954733842826856,59.10988664814287,59.676766235789025,1.1664776859333825,302.61336025302,101326.2767281443,1.2767281442938838,448.9900512435606,30.76432757499358,15117.550809696637,298.79675796259636,25.646757962596382,30.0,101325.0,234.33740877752697,29.463360253020028,8.545646548609328,17470.025200713528,3.637894958711418
1575.0,26.25,247.5,True,18562.5,254652.90493980664,20000.0,20.0,33.11523542061866,0.38970107243346525,59.50116985998749,60.05091099612711,1.1662620326898094,302.6692059034364,101326.23973000699,1.2397300069860648,448.8099152831051,31.100366607836147,15114.755943659931,298.797489365804,25.647489365804006,30.0,101325.0,234.20008612399786,29.519205903436443,8.63899072439893,18048.77686370118,3.662560793478373
1580.0,26.333333333333332,248.66666666666669,True,18650.0,254525.43617605272,20000.0,20.0,33.43991408678096,0.38478143577102686,59.89131612032102,60.42512246826038,1.166053200338942,302.72331901446347,101326.20862655767,1.2086265576654114,448.63137909996857,31.435429212161964,15112.049476392689,298.7982297927983,25.648229792798304,30.0,101325.0,234.06500205836693,29.573319014463493,8.73206367004499,18638.43458707213,3.6880380236525214
1585.0,26.416666666666668,249.83333333333331,True,18737.5,254401.45948573315,20000.0,20.0,33.75430817579354,0.3761931031470449,60.27866441613402,60.79245218836569,1.1658507868194903,302.7757180292989,101326.15527551719,1.1552755171869649,448.4544774123916,31.768088888728677,15109.426197180595,298.79897895654284,25.648978956542862,30.0,101325.0,233.93209193299973,29.625718029298923,8.824469135757965,19236.43184319182,3.7143400142290934
1590.0,26.5,251.0,False,18825.0,124280.8792016703,20000.0,20.0,34.05993110527265,0.3812624226633912,60.66185024353908,61.17175390358964,1.165655044722481,302.8266551842121,101326.18662069335,1.1866206933482317,448.27925723563663,32.09717378412488,15106.889379603354,298.7997365765138,25.649736576513817,30.0,101325.0,233.80142896405064,29.67665518421211,8.915881606701355,19840.45517152419,3.7414767413226464
1595.0,26.583333333333332,252.16666666666669,False,18912.5,120876.13953150058,20000.0,20.0,34.096774628679896,-0.017133859806604042,61.03601772167794,61.07997732900832,1.1656177303958994,302.8327957714466,101324.99760351713,-0.002396482872427441,448.1055634506918,32.401379745881734,15106.405785930856,298.80049879649255,25.65049879649257,30.0,101325.0,233.7033570083872,29.68279577144665,9.000383262744926,20409.941634691535,3.769428405771407
1600.0,26.666666666666668,253.33333333333331,False,19000.0,117564.67448487789,20000.0,20.0,34.12866484386279,0.017888629993209452,61.32218152238107,61.40618899414119,1.1655973305493834,302.83811080731044,101325.00261227007,0.0026122700655832887,447.9340287758944,32.664274742153914,15106.141403920008,298.8012618510384,25.65126185103844,30.0,101325.0,233.60980688261205,29.688110807310466,9.07340965059831,20910.783705578084,3.798123353924372
1605.0,26.75,254.5,False,19087.5,114343.92875471838,20000.0,20.0,34.15355234363983,0.023342316582826112,61.58634491306379,61.676137603635574,1.1655813869162988,302.84225872393995,101325.0044478673,0.004447867293492891,447.7650738494746,32.89114164477146,15105.934774435233,298.80202554880816,25.652025548808183,30.0,101325.0,233.51849805422847,29.692258723939972,9.136428234658739,21349.51897649415,3.8274707863424777
1610.0,26.833333333333332,255.66666666666669,False,19175.0,111211.41703791186,20000.0,20.0,34.17182616141315,0.0250860822860513,61.813784669925944,61.90521884060881,1.165569672898086,302.8453043602355,101325.00513723693,0.005137236934388056,447.59898948507356,33.08646982040568,15105.782960759194,298.8027897010876,25.652789701087613,30.0,101325.0,233.42953574001416,29.695304360235525,9.1906860612238,21732.142665454234,3.857388606927164
1615.0,26.916666666666668,256.8333333333333,False,19262.5,108164.72211752641,20000.0,20.0,34.18352376562518,-0.08415870757087339,62.10698332909602,62.070941935970524,1.165561445275231,302.8472539609375,101324.94218213829,-0.057817861714283936,447.4361567705497,33.25411387583547,15105.676330766993,298.8035541290566,25.6535541290566,30.0,101325.0,233.34296890262254,29.69725396093753,9.237253854398743,22064.15955227768,3.8878027056894777
1620.0,27.0,258.0,False,19350.0,105201.49299755192,20000.0,0.0,34.18987513802301,0.015313247633541438,38.887862331355265,38.944450348792664,1.165558058333586,302.8483125230038,101325.00191424941,0.0019142494129482657,447.27794489447854,33.39739414205416,15105.632436003276,298.8043186643314,25.654318664331413,30.0,101325.0,233.25978181773027,29.698312523003835,9.277053928348378,22350.59022463187,3.9186462819234427
1625.0,27.083333333333332,259.1666666666667,False,19437.5,102319.44308874315,20000.0,0.0,34.17690135358589,0.07620354754721698,39.02837465384829,39.15637097783566,1.1655669036042398,302.8461502255976,101325.04740392375,0.04740392374515068,447.3306076956684,33.51806792391774,15105.747070710948,298.80508295327314,25.655082953273165,30.0,101325.0,233.28901636578345,29.69615022559765,9.310574423310484,22593.742798176434,3.949857624300393
1630.0,27.166666666666668,260.3333333333333,False,19525.0,99516.34844416301,20000.0,0.0,34.15845190532036,-0.053292110103108546,39.20655175833556,39.18416163444097,1.1655779261533799,302.84307531755337,101324.97681592654,-0.02318407346319873,447.3830346119888,33.61779659276481,15105.889922947803,298.8058466630736,25.655846663073646,30.0,101325.0,233.3185641474269,29.693075317553394,9.33827683132356,22796.0177129917,3.9813782913220375
1635.0,27.25,261.5,False,19612.5,96790.0460430635,20000.0,0.0,34.13563663505374,-0.07164989890571928,39.32256067761185,39.279376605879925,1.1655923461272293,302.83927277250893,101324.95809217948,-0.04190782051591668,447.43566244438745,33.699068749369104,15106.076805808892,298.80660966220523,25.656609662205256,30.0,101325.0,233.34889738523808,29.689272772508957,9.360852430380307,22961.74815095335,4.013154517616444
1640.0,27.333333333333332,262.6666666666667,False,19700.0,94138.43212178106,20000.0,0.0,34.10868727479544,-0.04189233603348309,39.36354950274422,39.35568707460908,1.1656099511533695,302.8347812124659,101324.9856737321,-0.014326267904834822,447.48861252144445,33.764028040140424,15106.30496694767,298.8073718259409,25.657371825940913,30.0,101325.0,233.38003707846715,29.684781212465907,9.378896677816785,23094.78944745077,4.045138224282002
1645.0,27.416666666666668,263.8333333333333,False,19787.5,91559.46055035772,20000.0,0.0,34.07726293126791,-0.08242005339214298,39.469537086554595,39.415211124642376,1.1656296370753145,302.82954382187796,101324.94454640652,-0.05545359347888734,447.5420363573963,33.81452381696404,15106.560096496078,298.8081330358327,25.658133035832748,30.0,101325.0,233.41184138004365,29.679543821877985,9.392923282490012,23198.562696518733,4.0772863854930925
1650.0,27.5,265.0,False,19875.0,89051.1412536356,20000.0,0.0,34.0423468573033,-0.049467818250923876,39.47499173182745,39.45985374012847,1.1656524450485517,302.8237244762172,101324.98002395884,-0.01997604116331786,447.5960578447378,33.852160571314116,15106.855687829231,298.8088931805315,25.65889318053155,30.0,101325.0,233.44458357966522,29.673724476217217,9.403377936476144,23276.111395635682,4.109560464723755
1655.0,27.583333333333332,266.1666666666667,False,19962.5,86611.53867560634,20000.0,0.0,34.00341178173392,-0.08254164555618154,39.54396383354902,39.49117991585061,1.1656770142036463,302.81723529695563,101324.94438266734,-0.05561733266222291,447.6508219224662,33.87832086817782,15107.174104079257,298.80965215313876,25.65965215313878,30.0,101325.0,233.47806694298248,29.667235296955653,9.41064468560495,23330.11509721008,4.141925899788231
1660.0,27.666666666666668,267.3333333333333,False,20050.0,84238.77028583048,20000.0,0.0,33.961364913004445,-0.0584834812888152,39.53448916882015,39.510664051164575,1.1657043096191055,302.8102274855007,101324.97207904013,-0.0279209598666057,447.70640274793453,33.89424206904983,15107.527852663607,298.8104098588332,25.660409858833248,30.0,101325.0,233.51252362594602,29.66022748550074,9.415067241402731,23363.022693639392,4.1743516899207656
1665.0,27.75,268.5,False,20137.5,81931.00512677434,20000.0,0.0,33.91562701038322,-0.10568398039240173,39.59728935901281,39.51948306251425,1.1657329282016908,302.8026045017305,101324.90882364317,-0.09117635682923719,447.7629163402802,33.90097517746083,15107.898749493912,298.81116620359654,25.661166203596565,30.0,101325.0,233.547733274656,29.652604501730536,9.416937549294675,23376.94868867038,4.206810003380703
1670.0,27.833333333333332,269.6666666666667,False,20225.0,79686.46240094322,20000.0,0.0,33.86715888626509,-0.10931462351402488,39.59974639438663,39.51876233145945,1.1657639545753151,302.79452648104416,101324.9024515354,-0.09754846460418776,447.8204162829476,33.899454667781384,15108.300851296084,298.81192110145287,25.66192110145289,30.0,101325.0,233.5839413004372,29.64452648104418,9.416515185494829,23373.80335591636,4.239275803411666
1675.0,27.916666666666668,270.8333333333333,False,20312.5,77503.41009672094,20000.0,0.0,33.815935284222746,-0.10492633317768332,39.584202153837445,39.509432525754,1.1657969124233722,302.7859892140371,101324.91012624168,-0.08987375831929967,447.8789834762683,33.89049336528497,15108.727985006904,298.81267447042745,25.662674470427476,30.0,101325.0,233.62109467721055,29.635989214037124,9.41402593480138,23355.271698808785,4.271726549977448
1680.0,28.0,272.0,False,20400.0,75380.16365185518,20000.0,0.0,33.76219879738744,-0.08336631476608064,39.54085160094374,39.49234555481604,1.1658317777507654,302.7770331328979,101324.94326577602,-0.05673422398103867,447.93867942023894,33.874823373753344,15109.17983964992,298.8134262365692,25.66342623656925,30.0,101325.0,233.65922087524623,29.627033132897907,9.409673159375929,23322.89025354714,4.30414194022214
1685.0,28.083333333333332,273.1666666666667,False,20487.5,73315.08465355738,20000.0,0.0,33.705606520000856,-0.1104514063016391,39.54707208610773,39.46820985205343,1.1658676035438211,302.7676010866668,101324.90041213752,-0.09958786248171236,447.9995802232337,33.85308051453198,15109.644141927922,298.81417632869073,25.664176328690758,30.0,101325.0,233.69816997314538,29.61760108666681,9.403633476258884,23278.0090543692,4.3365036758526365
1690.0,28.166666666666668,274.3333333333333,False,20575.0,71306.57957421397,20000.0,0.0,33.64687555432374,-0.1170413791759352,39.52301973968214,39.43771437546799,1.1659051565110592,302.75781259238727,101324.88817400458,-0.11182599542371463,448.06171418123677,33.82583407854917,15110.130828383326,298.814924681399,25.664924681399043,30.0,101325.0,233.73811057642217,29.60781259238729,9.396065021819215,23221.848807393428,4.368795243812194
1695.0,28.25,275.5,False,20662.5,69353.09854173369,20000.0,0.0,33.58608872348191,-0.11567929945165004,39.483878351732635,39.401429873677465,1.165944202098715,302.74768145391363,101324.89076163003,-0.10923836997244507,448.1251276724485,33.79358103308406,15110.636859199345,298.81567123205605,25.66567123205607,30.0,101325.0,233.7790200565062,29.59768145391365,9.387105842523349,23155.485794425913,4.401001726174568
1700.0,28.333333333333332,276.6666666666667,False,20750.0,67453.13414358148,20000.0,0.0,33.52309177997665,-0.13638899822775716,39.46514437383179,39.35987314083808,1.1659841488402505,302.7371819633294,101324.8481472748,-0.15185272520466242,448.18987050905645,33.75678235419195,15111.154568969647,298.81641592523135,25.666415925231377,30.0,101325.0,233.82080598472797,29.587181963329442,9.37688398727554,23079.924365286326,4.433109649896592
1705.0,28.416666666666668,277.8333333333333,False,20837.5,65605.22026357698,20000.0,0.0,33.45851996737065,-0.1332926128575356,39.41386445273168,39.31353390366145,1.166025678192758,302.72641999456175,101324.85496391312,-0.14503608687664382,448.2559569976314,33.71583888666511,15111.692789378145,298.81715870761093,25.66715870761095,30.0,101325.0,233.86361265093652,29.576419994561775,9.36551080185142,22996.04553753243,4.4651068512179934
1710.0,28.5,279.0,False,20925.0,63807.930950559145,20000.0,0.0,33.39214535687688,-0.14025793212068796,39.36990736766121,39.262822376901674,1.1660681104556518,302.71535755947946,101324.83940989777,-0.16059010222670622,448.32343024683615,33.67112265985849,15112.242711505247,298.81789953155294,25.667899531552962,30.0,101325.0,233.90732641738293,29.56535755947948,9.35308962773847,22904.67009840686,4.496982348187395
1715.0,28.583333333333332,280.1666666666667,False,21012.5,62059.879318044645,20000.0,0.0,33.324229420101915,-0.14598099550736482,39.32049530178701,39.20812688173771,1.1661115605349512,302.70403823668363,101324.82603713429,-0.17396286570874508,448.3923103325545,33.62296388156127,15112.805824532967,298.8186383523154,25.66863835231544,30.0,101325.0,233.95198097267144,29.554038236683652,9.339712189322574,22806.531047489712,4.528726237872045
1720.0,28.666666666666668,281.3333333333333,False,21100.0,60359.716474030494,20000.0,0.0,33.25488736187992,-0.15174896149163694,39.26747172495762,39.14978847951837,1.166155922143383,302.69248122697996,101324.81201838928,-0.1879816107248189,448.4626193325692,33.57165858881156,15113.380750978244,298.8193751281994,25.66937512819942,30.0,101325.0,233.99756668533743,29.542481226979987,9.325460719114322,22702.288790793933,4.5603295849819645
1725.0,28.75,282.5,False,21187.5,58706.13048011546,20000.0,0.0,33.18431775224872,-0.1516791337384286,39.20431058328914,39.08813231614244,1.1662012387526763,302.68071962537476,101324.81219135011,-0.1878086498909397,448.5343726203929,33.51748481930065,15113.968054234685,298.82010982252564,25.67010982252566,30.0,101325.0,234.04410047266424,29.530719625374786,9.310412449805735,22592.563647285566,4.59178434361952
1730.0,28.833333333333332,283.6666666666667,False,21275.0,57097.84533913683,20000.0,0.0,33.11255139548416,-0.15263790979955275,39.13930191284109,39.02344602572795,1.166247298031728,302.668758565914,101324.80980953871,-0.19019046128960326,448.6075891110056,33.4606957646013,15114.564982491194,298.8208424016742,25.670842401674236,30.0,101325.0,234.09154976513207,29.518758565914027,9.29463771238925,22477.921595674088,4.6230832917049085
1735.0,28.916666666666668,284.8333333333333,False,21362.5,55533.6200105413,20000.0,0.0,33.03973912195943,-0.15164898187865913,39.06923890280432,38.955987950826,1.1662940883856692,302.6566231869932,101324.81226601057,-0.18773398942721542,448.6822803233245,33.401513682322694,15115.171385478272,298.8215728335816,25.67157283358165,30.0,101325.0,234.1399184094795,29.506623186993238,9.278198245089637,22358.862023964502,4.654219946996324
1740.0,29.0,286.0,False,21450.0,54012.2474527305,20000.0,0.0,32.96591996919619,-0.15392621276805415,39.00044311111341,38.88600277996683,1.1663414355517971,302.644319994866,101324.80658547774,-0.1934145222621737,448.7584595133715,33.34015374457637,15115.785004751291,298.8223010911586,25.6723010911586,30.0,101325.0,234.18917849928573,29.494319994866032,9.261153817937881,22235.865835979224,4.6851885080101745
1745.0,29.083333333333332,287.1666666666667,False,21537.5,52532.55369164177,20000.0,0.0,32.89112618914123,-0.1643855130416007,38.93886829390024,38.813714370817245,1.166389165160742,302.63185436485685,101324.77940737226,-0.22059262773836963,448.8361379654651,33.27681320279434,15116.403580483218,298.82302714986986,25.67302714986988,30.0,101325.0,234.2393010575248,29.481854364856872,9.243559222998426,22109.37352432061,4.715983813121493
1750.0,29.166666666666668,288.33333333333337,False,21625.000000000004,51093.39691484575,20000.0,0.0,32.81565243227362,-0.16817702558734304,38.86742515322621,38.739332960385994,1.16643752990393,302.6192754053789,101324.76911418828,-0.2308858117175987,448.915314521594,33.21166540618479,15117.030387554934,298.82375098647094,25.673750986470964,30.0,101325.0,234.29033637129098,29.469275405378937,9.225462612829109,21979.773472358575,4.7466012763136325
1755.0,29.25,289.5,False,21712.5,49693.666590461595,20000.0,0.0,32.73959318453785,-0.1655079382351204,38.78655434319784,38.663056176348064,1.166486477024878,302.6065988640896,101324.7763846725,-0.2236153275007382,448.9959938435251,33.14488160630729,15117.664742242418,298.82447258216996,25.674472582169983,30.0,101325.0,234.34227643987796,29.456598864089642,9.20691155730758,21847.445595764453,4.77703684511094
1760.0,29.333333333333332,290.66666666666663,False,21799.999999999996,48332.28261021005,20000.0,0.0,32.662894762943324,-0.16646705606360554,38.70818272374016,38.58505416386033,1.1665357253006894,302.59381579382386,101324.77378546323,-0.22621453677129466,449.0781847516057,33.076615938114145,15118.302999896934,298.82519191975524,25.675191919755264,30.0,101325.0,234.39506952199434,29.443815793823887,9.187948871698373,21712.731509849975,4.807286968100951
1765.0,29.416666666666668,291.83333333333337,False,21887.500000000004,47008.194455942925,20000.0,0.0,32.5856398547827,-0.17101558505370662,38.632431700177364,38.505491757826974,1.1665852209736398,302.5809399757971,101324.76125444628,-0.23874555372458417,449.16188901081745,33.0070114600715,15118.944463818372,298.82590898436274,25.675908984362763,30.0,101325.0,234.44870586836274,29.430939975797116,9.168614294464307,21575.946784376963,4.837348550249719
1770.0,29.5,293.0,False,21975.0,45720.38038900599,20000.0,0.0,32.507960780694475,-0.1752592468032097,38.55492486596139,38.42452826653744,1.1666349996042609,302.56799346344906,101324.7492587462,-0.25074125379615,449.2471048601232,32.93620393659678,15119.589594871222,298.82662376375777,25.67662376375779,30.0,101325.0,234.50319183603565,29.41799346344908,9.14894553794355,21437.388555029127,4.867218922013196
1775.0,29.583333333333332,294.16666666666663,False,22062.499999999996,44467.84666180973,20000.0,0.0,32.42996669442232,-0.17693254799188407,38.47316891231671,38.342308574761354,1.1666850676777165,302.55499444907036,101324.74444794662,-0.2555520533787785,449.3338300544475,32.86431757550614,15120.238477103207,298.8273362473919,25.677336247391906,30.0,101325.0,234.55852769024244,29.404994449070387,9.128977104307262,21297.327350168645,4.896895808058472
1780.0,29.666666666666668,295.33333333333337,False,22150.000000000004,43249.62675099941,20000.0,0.0,32.35178990908264,-0.17191124919843462,38.382498044140995,38.258970909557824,1.1667354775293908,302.5419649848471,101324.75874712162,-0.241252878375235,449.42206008138265,32.79146957163995,15120.891788780904,298.82804642692855,25.678046426928574,30.0,101325.0,234.61472173441155,29.391964984847107,9.108741547677765,21156.01621897818,4.926377296648157
1785.0,29.75,296.5,False,22237.5,42064.78061163301,20000.0,0.0,32.2732389313868,-0.17782156454699552,38.303566389702546,38.17463060071434,1.166785773286939,302.5288731552311,101324.7418733974,-0.2581266025954392,449.5118022540989,32.71777174071382,15121.54362179873,298.82875429628007,25.67875429628009,30.0,101325.0,234.67168624068609,29.378873155231133,9.08826992797606,21013.694053732386,4.955661817670872
1790.0,29.833333333333332,297.66666666666663,False,22324.999999999996,40912.39395179124,20000.0,0.0,32.19457944114856,-0.18083959601646032,38.22039572788109,38.089415257398535,1.1668362357122473,302.5157632401914,101324.73303706541,-0.2669629345909925,449.60304439630386,32.64332567984437,15122.197614830724,298.82945985062554,25.679459850625562,30.0,101325.0,234.72947142054667,29.365763240191427,9.067590466623436,20870.576436997726,4.984748116622768
1795.0,29.916666666666668,298.83333333333337,False,22412.500000000004,39791.57752705997,20000.0,0.0,32.1159207046087,-0.1778773842629521,38.12950293552852,38.003438726614476,1.1668869036841498,302.5026534507681,101324.74171131566,-0.25828868434473407,449.6957795411232,32.56822799761335,15122.85427174658,298.8301630870852,25.680163087085248,30.0,101325.0,234.78808158134188,29.352653450768116,9.04672999933704,20726.865992015628,5.013635229420694
1800.0,30.0,300.0,False,22500.0,38701.4664543408,20000.0,0.0,32.037092055728294,-0.18400791458804117,38.04854669606117,37.916795816434366,1.1669373768192783,302.48951534262136,101324.72360071322,-0.27639928678399883,449.7900116446595,32.49257121216238,15123.508403577847,298.83086400470285,25.68086400470287,30.0,101325.0,234.84743833819155,29.339515342621382,9.025714225600662,20582.75424531073,5.042322465696615
1805.0,30.083333333333332,299.3333333333333,False,22450.0,37641.21954446003,20000.0,0.0,31.95826562776199,-0.1826491016207671,37.95830754927117,37.829590063969555,1.1669881083382314,302.476377604627,101324.72766780145,-0.2723321985540679,449.88429215408775,32.416431490324406,15124.16588406348,298.8315626021997,25.681562602199733,30.0,101325.0,234.90687663723713,29.326377604626998,9.004564302867891,20438.398567013894,5.070809377371841
1810.0,30.166666666666668,298.6666666666667,False,22400.0,36610.01865306122,20000.0,0.0,31.87921771601964,-0.18331392433503657,37.86991819040067,37.74187140173751,1.1670389169751774,302.4632029526699,101324.72568167465,-0.27431832534784917,449.97721170815595,32.33985675435729,15124.8243639983,298.8322588753019,25.682258875301898,30.0,101325.0,234.9656240898574,29.31320295266994,8.983293542877025,20293.900472773945,5.099095696149472
1815.0,30.25,298.0,False,22350.0,35607.068049280366,20000.0,0.0,31.79994448657112,-0.18971998567111978,37.787757011562036,37.65368530145153,1.1670896731298033,302.44999074776183,101324.70617409826,-0.2938259017391829,450.0688015155739,32.26288962053364,15125.48216376225,298.83295282003724,25.682952820037258,30.0,101325.0,235.023670811514,29.299990747761854,8.961913783481567,20149.349840567724,5.127181286644848
1820.0,30.333333333333332,297.3333333333333,False,22300.0,34631.59380171657,20000.0,0.0,31.72073593333903,-0.18674650882610577,37.69426656578879,37.56509210118515,1.1671407220841783,302.43678932222315,101324.71531217503,-0.28468782496929634,450.1590789766348,32.18557230537264,15126.14375821095,298.83364443357146,25.683644433571487,30.0,101325.0,235.08109533731565,29.28678932222317,8.940436751492399,20004.83428344193,5.155066136730965
1825.0,30.416666666666668,296.6666666666667,False,22250.0,33682.843181224314,20000.0,0.0,31.641471984870122,-0.18514515341297966,37.60201987270084,37.4761359203215,1.1671917618644247,302.423578664145,101324.72017365035,-0.2798263496515574,450.24807724471947,32.10795101951254,15126.805233762945,298.8343337149669,25.684333714966897,30.0,101325.0,235.13785409239793,29.27357866414502,8.918875283197927,19860.447311107386,5.182750360060513
1830.0,30.5,296.0,False,22200.0,32760.084080066637,20000.0,0.0,31.562106860408107,-0.1908104275366693,37.517934259404534,37.38686493107748,1.1672426148934691,302.41035114340133,101324.70278678158,-0.29721321842225734,450.3358254108216,32.03007194394601,15127.464289019359,298.8350206645388,25.685020664538797,30.0,101325.0,235.193926400241,29.26035114340135,8.89724220665167,19716.280712334537,5.210234198965682
1835.0,30.583333333333332,295.3333333333333,False,22150.0,31862.604446980815,20000.0,0.0,31.48283026537956,-0.19443357952859616,37.43122230283895,37.29733743116435,1.167293484452187,302.39713837756324,101324.69139251552,-0.30860748447594233,450.4223417741743,31.95197945328039,15128.123558500343,298.8357052835688,25.685705283568836,30.0,101325.0,235.24936267896578,29.24713837756326,8.875549848133442,19572.42128588542,5.237518019797779
1840.0,30.666666666666668,294.6666666666667,False,22100.0,30989.71173772082,20000.0,0.0,31.403699750129135,-0.19517257477433003,37.34095586333634,37.20760578044751,1.1673443686604597,302.38394995835483,101324.68904217189,-0.31095782811462414,450.5076490304303,31.873718483898323,15128.783017839556,298.83638757468856,25.68638757468858,30.0,101325.0,235.30417432154437,29.233949958354856,8.853810689971755,19428.955249660365,5.264602309058574
1845.0,30.75,294.0,False,22050.0,30140.732380652316,20000.0,0.0,31.324731679363026,-0.1944806537433618,37.24887897159506,37.117719982642306,1.167395205216023,302.37078861322715,101324.69124306383,-0.30875693616690114,450.59177056697996,31.79533359122696,15129.441859599658,298.83706754170794,25.68706754170796,30.0,101325.0,235.35836090229628,29.22078861322717,8.832037108674156,19285.96649978749,5.29148767138458
1850.0,30.833333333333332,293.3333333333333,False,22000.0,29315.011256988142,20000.0,0.0,31.245942369292038,-0.19363419177490007,37.156528626473715,37.027729131750405,1.1674459367018775,302.35765706154865,101324.69392489613,-0.30607510387199,450.67472878468556,31.71686839422862,15130.099339656332,298.8377451895003,25.687745189500333,30.0,101325.0,235.41192245815554,29.207657061548673,8.81024122061906,19143.535624105207,5.318174825637283
1855.0,30.916666666666668,292.6666666666667,False,21950.0,28511.911195262815,20000.0,0.0,31.167357229754202,-0.19323224648209295,37.0646517575429,36.93768155119821,1.1674965249197997,302.34455953829234,101324.6951942769,-0.30480572310625575,450.7565447373144,31.638365307970073,15130.754962960606,298.83842052392976,25.68842052392978,30.0,101325.0,235.46486219225466,29.194559538292367,8.788434807769464,19001.739466842886,5.344664600005997
1860.0,31.0,292.0,False,21900.0,27730.812479656353,20000.0,0.0,31.089008236510267,-0.1933493088243849,36.97338293764944,36.84762450108703,1.1675469466451656,302.3315013727517,101324.69482485532,-0.30517514467646834,450.8372382579773,31.559865414375974,15131.408428521345,298.83909355179543,25.68909355179545,30.0,101325.0,235.51718568723996,29.18150137275171,8.766629281771104,18860.650957382488,5.370957926689486
1865.0,31.083333333333332,291.3333333333333,False,21850.0,26971.11237178768,20000.0,0.0,31.01092889627239,-0.19384376218267346,36.88260347042163,36.75760383107593,1.1675971854009632,302.3184881493787,101324.69326200704,-0.30673799295618664,450.9168281944865,31.481408392101464,15132.059522796484,298.8397642807838,25.689764280783834,30.0,101325.0,235.56889937129955,29.16848814937873,8.744835664472628,18720.339053092164,5.397055836418982
1870.0,31.166666666666668,290.6666666666667,False,21800.0,26232.22464560883,20000.0,0.0,30.93315060439579,-0.19458900339137805,36.79221045037347,36.66766373206883,1.1676472254617536,302.3055251007326,101324.69089893681,-0.30910106319061015,450.99533259008126,31.403032467763,15132.708041984328,298.84043271942,25.690432719420016,30.0,101325.0,235.62000940381284,29.155525100732632,8.723064574378611,18580.86872521488,5.4229594529316945
1875.0,31.25,290.0,False,21750.0,25513.57913504096,20000.0,0.0,30.855701304240142,-0.19556189226801823,36.70221970565567,36.57784661493311,1.1676970495331127,302.29261688404,101324.6878003779,-0.3121996221016161,451.07276876952426,31.324774374961596,15133.35376194914,298.8410988770201,25.691098877020124,30.0,101325.0,235.670521252092,29.142616884040024,8.701326215267109,18442.300962236826,5.448669987436869
1880.0,31.333333333333332,289.3333333333333,False,21700.0,24814.62129400309,20000.0,0.0,30.77860603996453,-0.19681256058817093,36.6127306018984,36.48819309069397,1.1677466394541656,302.2797676733274,101324.68379441628,-0.31620558371650986,451.1491533459231,31.246669318397245,15133.996447325986,298.8417627636428,25.691762763642828,30.0,101325.0,235.72043983647018,29.12976767332742,8.679630366221456,18304.69278522899,5.474188733094831
1885.0,31.416666666666668,288.6666666666667,False,21650.0,24134.81176849408,20000.0,0.0,30.7018884973362,-0.19837418368658846,36.523820948414354,36.3987420094193,1.1677959784801446,302.2669814162227,101324.67875659793,-0.3212434020679211,451.224502185247,31.16875094636933,15134.635881102673,298.84242439004146,25.69242439004148,30.0,101325.0,235.76976997243352,29.1169814162227,8.65798637399148,18168.097280340175,5.499517059529254
1890.0,31.5,288.0,False,21600.0,23473.625980397675,20000.0,0.0,30.62557261710981,-0.20017165586123625,36.43544064297178,36.309530516836645,1.1678450536868392,302.2542621028516,101324.67290863828,-0.3270913617161568,451.29883036675744,31.091051336141675,15135.271895781436,298.8430837676187,25.693083767618702,30.0,101325.0,235.81851683568618,29.104262102851635,8.636403148928242,18032.56365546248,5.52465640740134
1895.0,31.583333333333332,287.3333333333333,False,21550.0,22830.553722689416,20000.0,0.0,30.549683559980394,-0.20197400028363763,36.347356260066896,36.22059409719032,1.1678938573491042,302.2416139266634,101324.66699186293,-0.33300813706591725,451.3721521700183,31.01360099573102,15135.904391244392,298.84374090838287,25.693740908382892,30.0,101325.0,235.8666862343644,29.0916139266634,8.61488916548084,17898.13732620446,5.549608283083053
1900.0,31.666666666666668,286.6666666666667,False,21500.0,22205.098765733033,20000.0,0.0,30.474247578232394,-0.2034132025473818,36.25917300414135,36.131966583289824,1.1679423865856595,302.2290412630387,101324.66222913493,-0.337770865065977,451.4444811078988,30.936428884062785,15136.533330150149,298.8443958249093,25.69439582490935,30.0,101325.0,235.91428455533017,29.079041263038732,8.593452467795219,17764.860033308745,5.574374253471603
1905.0,31.75,286.0,False,21450.0,21596.778474362654,20000.0,0.0,30.39929062057297,-0.20407080224142396,36.1704355814427,36.04368012613873,1.1679906409946215,302.21654843676214,101324.66004169529,-0.33995830471394584,451.51583001365117,30.859562449443217,15137.158707290293,298.845048530304,25.695048530304007,30.0,101325.0,235.96131833270766,29.06654843676216,8.572100680400894,17632.769990134635,5.598955940987884
1910.0,31.833333333333332,285.3333333333333,False,21400.0,21005.1234354551,20000.0,0.0,30.324835726372726,-0.20362303962993109,36.08079727254479,35.95576512587289,1.1680386183698284,302.20413928772876,101324.66153189985,-0.3384681001480203,451.58621118036615,30.78302768452511,15137.780494072975,298.8456990381716,25.695699038171597,30.0,101325.0,236.00779345554201,29.054139287728788,8.550841023479197,17501.902055851067,5.6233550187975965
1915.0,31.916666666666668,284.6666666666667,False,21350.0,20429.67709570516,20000.0,0.0,30.25089943858768,-0.20203933500537113,35.99025112083931,35.86825013253257,1.1680863088632982,302.1918165730979,101324.66677638458,-0.3332236154237762,451.6556365435817,30.706849194591708,15138.398562868344,298.8463473625862,25.69634736258621,30.0,101325.0,236.05371408320136,29.041816573097947,8.529680331831031,17372.287927859754,5.6475732062862845
1920.0,32.0,284.0,False,21300.0,19869.995409324158,20000.0,0.0,30.17748757705772,-0.19983867214934384,35.89942855521151,35.781161729356,1.1681336881377926,302.17958126284293,101324.67399596011,-0.3260040398890851,451.7241178927666,30.631050275073708,15139.012598265794,298.8469935180648,25.6969935180648,30.0,101325.0,236.09908137071716,29.029581262842953,8.508625076409364,17243.95634569072,5.671612264809584
1925.0,32.083333333333336,283.3333333333333,False,21250.0,19325.646495389967,20000.0,0.0,30.104584758847636,-0.19875752585796297,35.81037727654677,35.694524178294245,1.1681807005780438,302.16743079314125,101324.6775138442,-0.32248615579737816,451.79166735503594,30.555653042916855,15139.621879491448,298.84763751955086,25.69763751955088,30.0,101325.0,236.14389032563986,29.017430793141273,8.487681400810239,17116.933380774437,5.695473993786295
1930.0,32.166666666666664,282.6666666666667,False,21200.0,18796.210304584147,20000.0,0.0,30.032173625701375,-0.20061010160710738,35.72523396773424,35.60836020458971,1.1682272897702533,302.1553622709502,101324.67147418068,-0.32852581932093017,451.85829659438775,30.480678303271397,15140.225675422482,298.8482793823553,25.698279382355338,30.0,101325.0,236.18813554717443,29.00536227095023,8.466855084242054,16991.242276290042,5.719160226881479
1935.0,32.25,282.0,False,21150.0,18281.278295058983,20000.0,0.0,29.96029798606901,-0.20345999677934212,35.64176601718852,35.522693479455334,1.1682734988424766,302.14338299767815,101324.66207371192,-0.3379262880771421,451.9240140907166,30.406145063335906,15140.824544998495,298.8489191220411,25.698919122041104,30.0,101325.0,236.23183009331774,28.993382997678168,8.446151406482196,16866.902705583627,5.742672827563336
1940.0,32.333333333333336,281.3333333333333,False,21100.0,17780.453117184294,20000.0,0.0,29.888999780027802,-0.20548019258343928,35.55786676850927,35.437546221694916,1.1683193700606833,302.13149996333794,101324.655329718,-0.34467028199287597,451.9888278826585,30.332071118408546,15141.419035986455,298.8495567544845,25.699556754484547,30.0,101325.0,236.27498662379998,28.981499963337967,8.425575310669041,16743.93182885056,5.7660136848789145
1945.0,32.416666666666664,280.6666666666667,False,21050.0,17293.348306930773,20000.0,0.0,29.818308075564005,-0.20559679570278294,35.47230525702542,35.352938830810594,1.1683649272266443,302.119718012594,101324.65493842936,-0.3450615706387907,452.05274607129587,30.258473193583534,15142.009456857311,298.85019229586567,25.70019229586569,30.0,101325.0,236.31761410278122,28.969718012594,8.405131442662093,16622.344587669628,5.789184710168165
1950.0,32.5,280.0,False,21000.0,16819.587987653296,20000.0,0.0,29.748234250906876,-0.2036826820124821,35.384951791736405,35.26888976355665,1.168410167925305,302.1080390418178,101324.66133359223,-0.33866640776977874,452.1157770580013,30.185367032693737,15142.595776311951,298.85082576265125,25.700825762651277,30.0,101325.0,236.35971635212206,28.958039041817813,8.38482417574826,16502.153905182517,5.812187834121534
1955.0,32.583333333333336,279.3333333333333,False,20950.0,16358.806580043949,20000.0,0.0,29.678768407274333,-0.20075966128315662,35.29701344548883,35.18541545925885,1.1684550577354054,302.09646140121237,101324.67098415022,-0.3290158497839002,452.1779297297605,30.11276747558615,15143.177548250855,298.85145717157627,25.701457171576294,30.0,101325.0,236.40129097324586,28.94646140121239,8.364657632107264,16383.37086204607,5.835025004098776
1960.0,32.666666666666664,278.6666666666667,False,20900.0,15910.648520031129,20000.0,0.0,29.609867742272172,-0.1997962896789022,35.21196318931255,35.102529956752804,1.1684995116584984,302.08497795704534,101324.67413422556,-0.32586577444453724,452.23921399800224,30.040688598089673,15143.75367109414,298.8520865396379,25.702086539637946,30.0,101325.0,236.44232586672888,28.934977957045362,8.344635721691576,16266.004969671549,5.857698181759691
1965.0,32.75,278.0,False,20850.0,15474.76798440687,20000.0,0.0,29.54151536734912,-0.20221531095181094,35.13147260084125,35.02024714822944,1.1685434875781906,302.07358589455816,101324.66619565728,-0.33380434272112325,452.2996382448535,29.969143228729116,15144.32359901335,298.85271388398763,25.702713883987656,30.0,101325.0,236.4828168041904,28.923585894558187,8.32476200798031,16150.06342849118,5.880209340369526
1970.0,32.833333333333336,277.3333333333333,False,20800.0,15050.828623970856,20000.0,0.0,29.473768725946798,-0.2049449570500679,35.05197799287628,34.93858264970074,1.1685870631685251,302.0622947876578,101324.65712297616,-0.3428770238388097,452.3592071988794,29.898142595355903,15144.888338664085,298.8533392218457,25.703339221845738,30.0,101325.0,236.52278188977252,28.9122947876578,8.305039609821083,16035.550616686007,5.902560461234233
1975.0,32.916666666666664,276.6666666666667,False,20750.0,14638.503303984944,20000.0,0.0,29.406666910579133,-0.20604180321961588,34.97122863663298,34.85755034409674,1.16863028841082,302.05111115176317,101324.65344306389,-0.34655693611421157,452.4179260134767,29.827697168022503,15145.448537804226,298.8539625706142,25.703962570614237,30.0,101325.0,236.5622338536323,28.90111115176319,8.285471435561806,15922.469509332086,5.92475353076619
1980.0,33.0,276.0,False,20700.0,14237.473851738216,20000.0,0.0,29.34022588857556,-0.20488468625012704,34.88851265468689,34.77716225856647,1.1686731779366522,302.0400376480959,101324.65732461502,-0.34267538497806527,452.47580050265594,29.757816740491297,15146.004386059012,298.85458394786525,25.704583947865274,30.0,101325.0,236.60117862120026,28.890037648095927,8.266060205692026,15810.821844254184,5.946790538650625
1985.0,33.083333333333336,275.3333333333333,False,20650.0,13847.430811027525,20000.0,0.0,29.274439010596097,-0.20207106745407527,34.8045363861433,34.69742863908873,1.168715711775325,302.02907316843266,101324.66667170366,-0.33332829634309746,452.5328371441368,29.68851046451833,15146.555624608212,298.85520337132346,25.705203371323478,30.0,101325.0,236.63961546149991,28.879073168432683,8.246808462366204,15700.608208478408,5.968673476187244
1990.0,33.166666666666664,274.6666666666667,False,20600.0,13468.07320336424,20000.0,0.0,29.209277458754855,-0.199467509519566,34.72148319947511,34.61835801946477,1.1687578360074797,302.01821290979245,101324.67520581752,-0.3247941824811278,452.58904308388486,29.619786882218794,15147.101554656936,298.85582085884806,25.705820858848085,30.0,101325.0,236.67753711752752,28.868212909792476,8.227718578394109,15591.82811937618,5.990404334748255
1995.0,33.25,274.0,False,20550.0,13099.10829572278,20000.0,0.0,29.14468896231506,-0.20038469187768057,34.64321731510564,34.539957205618315,1.168799460662252,302.0074481603858,101324.67221204295,-0.327787957052351,452.6444262164298,29.551653956143745,15147.641010182786,298.8564364284171,25.706436428417135,30.0,101325.0,236.71492941828984,28.857448160385843,8.208792765595485,15484.480100059032,6.011985104345086
2000.0,33.333333333333336,273.3333333333333,False,20500.0,12740.251374651878,20000.0,0.0,29.080706669856568,-0.2029919951259402,34.567614716812436,34.462235341562575,1.1688406327408674,301.9967844449761,101324.66362652992,-0.3363734700833447,452.6989903649592,29.484118173365104,15148.174600321641,298.8570500979584,25.707050097958415,30.0,101325.0,236.75180380034405,28.846784444976095,8.19003282593475,15378.560303805576,6.033417771292214
2005.0,33.416666666666664,272.6666666666667,False,20450.0,12391.22552657413,20000.0,0.0,29.017371559569483,-0.2049825912807504,34.491996009423836,34.38520107049136,1.1688814127897007,301.98622859326156,101324.65699703895,-0.34300296104629524,452.75273872191826,29.417185262982514,15148.703109754522,298.8576618854483,25.707661885448317,30.0,101325.0,236.78817412020632,28.83622859326158,8.171440350828476,15274.063689122368,6.054704315731747
2010.0,33.5,272.0,False,20400.0,12051.761424104378,20000.0,0.0,28.954703950940143,-0.20529247589272573,34.41512837705557,34.308861521263346,1.1689218295566166,301.97578399182333,101324.6559591783,-0.34404082169930916,452.8056751314657,29.350860471377313,15149.22691105375,298.85827180893835,25.708271808938377,30.0,101325.0,236.82404813981822,28.825783991823357,8.15301679760481,15170.984477045342,6.075846710291586
2015.0,33.583333333333336,271.3333333333333,False,20350.0,11721.597118222016,20000.0,0.0,28.89270675386649,-0.2038244361744252,34.336904174577555,34.233222471449444,1.1689618851091315,301.9654511256444,101324.66086203443,-0.3391379655658966,452.85780396481454,29.28514856432082,15149.746031014343,298.8588798865376,25.708879886537602,30.0,101325.0,236.85942849453207,28.815451125644415,8.134763490089117,15069.31617441096,6.096846919077319
2020.0,33.666666666666664,270.6666666666667,False,20300.0,11400.47783613682,20000.0,0.0,28.83136917854415,-0.2012171163202544,34.258072023965674,34.15828852328751,1.169001560685509,301.955228196424,101324.66948303755,-0.330516962450929,452.90912997280816,29.220053823757855,15150.260226484197,298.85948613639505,25.70948613639507,30.0,101325.0,236.8943137985789,28.805228196424025,8.116681617710515,14969.051588270204,6.117706896690293
2025.0,33.75,270.0,False,20250.0,11088.155784692373,20000.0,0.0,28.77067063838217,-0.19867543415908376,34.18003934477251,34.08406328281589,1.1690408228530271,301.9451117730637,101324.67778017846,-0.32221982153714634,452.9596581276134,29.155580041793772,15150.76906417523,298.86009057668275,25.710090576682774,30.0,101325.0,236.92869980801908,28.795111773063695,8.098772233831603,14870.182835569223,6.138428587262404
2030.0,33.833333333333336,269.3333333333333,False,20200.0,10784.389959155335,20000.0,0.0,28.710573645574073,-0.19844963733189724,34.105430259182135,34.01054912783731,1.1690796121708555,301.93509560759566,101324.67851217504,-0.3214878249564208,453.00939395623243,29.09173060052203,15151.271773734288,298.86069322559325,25.710693225593275,30.0,101325.0,236.96257729570453,28.78509560759568,8.081036277922786,14772.701483251067,6.159013923594918
2035.0,33.916666666666664,268.6666666666667,False,20150.0,10488.945957243075,20000.0,0.0,28.65108543957092,-0.20009149707294163,34.03372573088031,33.937749475124214,1.169117941090907,301.92518090659513,101324.67317055346,-0.3268294465378858,453.05834078693886,29.028507973675275,15151.768516538155,298.86129410124323,25.711294101243254,30.0,101325.0,236.99595045401222,28.775180906595153,8.06347443713202,14676.597807628963,6.179464825880252
2040.0,34.0,268.0,False,20100.0,10201.595798246039,20000.0,0.0,28.5922317430676,-0.20200430821143284,33.96306868874751,33.8656678556107,1.1691558521972238,301.9153719571779,101324.66689191399,-0.33310808600799646,453.10650092683926,28.96591398996644,15152.259844476022,298.86189322170236,25.711893221702383,30.0,101325.0,237.0288290522691,28.765371957177933,8.046087219435123,14581.861223136752,6.199783200207172
2045.0,34.083333333333336,267.3333333333333,False,20050.0,9922.117747105425,20000.0,0.0,28.534026116344307,-0.20332589264634202,33.89245692231185,33.79430682718445,1.1691933694597438,301.9056710193907,101324.66251903167,-0.3374809683300555,453.15387704768835,28.903950116309662,15152.746068198281,298.8624906050273,25.712490605027313,30.0,101325.0,237.06121928117764,28.755671019390718,8.028875032308239,14488.48072968422,6.219970937674408
2050.0,34.166666666666664,266.6666666666667,False,20000.0,9650.296143310314,20000.0,0.0,28.47647306623537,-0.2037228598808359,33.82150351434999,33.72366811728073,1.169230503139124,301.89607884437254,101324.6611999703,-0.33880002969817724,453.2004720593468,28.842617453735755,15153.227320683045,298.86308626924796,25.71308626924798,30.0,101325.0,237.09312467913728,28.746078844372562,8.011838181593264,14396.444918193445,6.240029913818768
2055.0,34.25,266.0,False,19950.0,9385.921234482237,20000.0,0.0,28.419570848600642,-0.2032027084957937,33.750218049658606,33.653752751734466,1.1692672542049496,301.8865951414334,101324.6629278307,-0.33707216930633876,453.2462889953931,28.781916735209986,15153.703614496148,298.86368023235576,25.713680232355784,30.0,101325.0,237.1245469669277,28.73659514143344,7.994976870891662,14305.741978698128,6.25996198805272
2060.0,34.333333333333336,265.3333333333333,False,19900.0,9128.789014518828,20000.0,0.0,28.363313881328963,-0.20196999035188135,33.67883913349178,33.58456116727399,1.169303618135627,301.87721898022147,101324.66700508569,-0.33299491430807393,453.29133091484954,28.72184832611929,15154.174891037726,298.864272512292,25.71427251229204,30.0,101325.0,237.15548676601182,28.727218980221494,7.978291201699802,14216.359712059362,6.279769003115747
2065.0,34.416666666666664,264.6666666666667,False,19850.0,8878.701066171552,20000.0,0.0,28.307694715292428,-0.20032040051000666,33.60771107429448,33.51609330613875,1.1693395880165713,301.8679491192154,101324.672422344,-0.3275776560039958,453.33560082263466,28.662412227904298,15154.641060694765,298.8648631269379,25.714863126937928,30.0,101325.0,237.18594418479523,28.717949119215405,7.961781174417861,14128.285545887138,6.299452784544877
2070.0,34.5,264.0,False,19800.0,8635.464407936148,20000.0,20.0,28.253123926602257,-0.19833947359437384,56.82489595156228,56.83583997834395,1.1693748950994802,301.858853987767,101324.67886900583,-0.3211309941689251,453.3773147601129,28.60360883111728,15155.098640489265,298.8654520942283,25.71545209422834,30.0,101325.0,237.21493124679478,28.708853987767043,7.945446897532578,14041.50765358757,6.3190151409334
2075.0,34.583333333333336,263.3333333333333,False,19750.0,8398.891345137572,20000.0,20.0,28.25750743190099,-0.19600840630013308,56.75992716890714,56.77318619934868,1.169372151490295,301.8595845719835,101324.68637309926,-0.31362690073729027,453.1660313448614,28.550143875920632,15155.063083314224,298.8660402607991,25.716040260799105,30.0,101325.0,237.10382777424377,28.7095845719835,7.930595521089065,13962.91691858446,6.338462657997409
2080.0,34.666666666666664,262.6666666666667,False,19700.0,8168.799325094553,20000.0,20.0,28.26108812866221,-0.1979206188195659,56.71017039124196,56.7208652030779,1.1693697686546396,301.860181354777,101324.68022390731,-0.3197760926850606,452.95803538057197,28.505499905590412,15155.032201764128,298.8666284283633,25.71662842836332,30.0,101325.0,236.99451798159112,28.710181354777035,7.918194418219559,13897.517688840011,6.3578101820303425
2085.0,34.75,262.0,False,19650.0,7945.010796251968,20000.0,20.0,28.26395456135674,-0.19939727179297687,56.66846326510299,56.67716086629048,1.16936786268198,301.86065909355943,101324.6754345143,-0.32456548570189625,452.75336538516495,28.46820463861537,15155.00750035846,298.8672165754908,25.717216575490795,30.0,101325.0,236.88704542777919,28.710659093559457,7.907834621837602,13843.040434080369,6.377074458504594
2090.0,34.833333333333336,261.3333333333333,False,19600.0,7727.35307117239,20000.0,20.0,28.26612418719492,-0.20261700745384967,56.63590507874229,56.64062490566032,1.1693663399327239,301.8610206978658,101324.66486814931,-0.33513185069023166,452.5518721662926,28.437023515589622,15154.987765528102,298.8678046829145,25.717804682914505,30.0,101325.0,236.78131295302643,28.71102069786582,7.899173198774895,13797.603538835843,6.396269350152452
2095.0,34.916666666666664,260.6666666666667,False,19550.0,7515.658193281031,20000.0,20.0,28.267678393548636,-0.20562919968931176,56.60901707387128,56.61004563220661,1.1693652206193978,301.8612797322581,101324.6548296509,-0.3451703491009539,452.35342186642464,28.410919560461174,15154.973259227396,298.8683927328294,25.718392732829443,30.0,101325.0,236.67725450214996,28.711279732258106,7.891922100128103,13759.641601400474,6.415406325944283
2100.0,35.0,260.0,True,19500.0,257309.7628072613,20000.0,20.0,28.268871145410117,-0.20395916911447712,56.58157256798698,56.58440278292898,1.1693645149719205,301.861478524235,101324.66041352926,-0.3395864707417786,452.15789377637935,28.38901989794664,15154.96411403609,298.86898070835326,25.718980708353286,30.0,101325.0,236.57480887614005,28.71147852423502,7.8858388605407335,13727.847562366052,6.434494860085788
2105.0,35.083333333333336,259.3333333333333,True,19450.0,257109.5080330009,20000.0,20.0,28.763915508247806,0.4895784543128969,56.36904977404237,57.16764211979976,1.169071474324592,301.9439859180413,101326.95662908512,1.9566290851216763,451.96747324380465,28.410461770197106,15151.166307246713,298.86957561865546,25.719575618655483,30.0,101325.0,236.4159181563726,28.7939859180413,7.891794936165863,13758.976477367587,6.453582932335603
2110.0,35.166666666666664,258.6666666666667,True,19400.0,256914.73934299132,20000.0,20.0,29.23263268220819,0.48078382845956985,56.47550856807029,57.24939560103806,1.168768284576233,302.0221054470347,101326.88696399762,1.8869639976182953,451.7788139805157,28.5018899457482,15147.23696810798,298.870183683327,25.720183683327036,30.0,101325.0,236.25594687879408,28.8721054470347,7.917191651596722,13892.238378423413,6.472785164874347
2115.0,35.25,258.0,True,19350.0,256725.30644308592,20000.0,20.0,29.686678129055736,0.4715273175195236,56.648052648353826,57.39734637989542,1.1684746831451998,302.09777968817593,101326.8150041728,1.8150041727931239,451.59109721296767,28.650073011379494,15143.431893561788,298.8708044474066,25.720804447406636,30.0,101325.0,236.09845692014613,28.947779688175956,7.958353614272081,14110.046648164385,6.492231196142811
2120.0,35.333333333333336,257.3333333333333,True,19300.0,256541.0631565248,20000.0,20.0,30.126623200120548,0.46271171946790096,56.87396863959178,57.599733859296336,1.1681903685269839,302.17110386668674,101326.74777253333,1.747772533330135,451.40371136348773,28.84409255758332,15139.747176109711,298.8714375092756,25.72143750927563,30.0,101325.0,235.94306493311996,29.021103866686758,8.012247932662033,14398.653872089455,6.512028904837431
2125.0,35.416666666666664,256.6666666666667,True,19250.0,256361.8673111368,20000.0,20.0,30.55291687597571,0.45369513943518075,57.14258653197149,57.84505399839169,1.1679149811375795,302.2421528126626,101326.68032064936,1.6803206493641483,451.2161860380475,29.074785043299613,15136.17815554303,298.8720824816508,25.72208248165083,30.0,101325.0,235.7894500482142,29.09215281266262,8.076329178694337,14746.901793802755,6.532268874049856
2130.0,35.5,256.0,True,19200.0,256187.5806296318,20000.0,0.0,30.965945666155108,0.4451460784670287,34.156991305552395,34.7721086875735,1.1676483166231215,302.31099094435916,101326.61759209122,1.617592091221013,451.02857078146286,29.33446152473289,15132.722183435655,298.87273898960757,25.722738989607592,30.0,101325.0,235.63759471462038,29.160990944359185,8.148461534648025,15145.569632267394,6.553027534762404
2135.0,35.583333333333336,255.33333333333334,True,19150.0,256018.06862289828,20000.0,0.0,31.32970258335115,0.43808653101914286,34.48219019044798,35.08291900255075,1.1674136142186393,302.37161709722517,101326.5666923156,1.5666923155949917,451.07542445295087,29.613746491360057,15129.680440273565,298.8734061537732,25.723406153773226,30.0,101325.0,235.6147040736438,29.22161709722519,8.22604069204446,15582.291096234423,6.5743663269349755
2140.0,35.666666666666664,254.66666666666666,True,19100.0,255853.2004862243,20000.0,0.0,31.684654721637685,0.4304598868394663,34.821662523069115,35.407420715075375,1.1671846327640851,302.4307757869396,101326.51261807492,1.5126180749211926,451.11840753484944,29.905289677670122,15126.712840622542,298.8740831711584,25.72408317115844,30.0,101325.0,235.59093698295194,29.280775786939614,8.307024910463923,16047.05315053049,6.596331149328562
2145.0,35.75,254.0,True,19050.0,255692.84899836133,20000.0,0.0,32.03114596444959,0.42257927064698997,35.17169458970655,35.742248041652154,1.1669611717713448,302.48852432740824,101326.45774073454,1.4577407345350366,451.15634028222354,30.20590169877426,15123.816786156629,298.87476980328915,25.724769803289178,30.0,101325.0,235.5656385021089,29.338524327408265,8.390528249659516,16535.8553471149,6.618958169118593
2150.0,35.833333333333336,253.33333333333334,True,19000.0,255536.89042335356,20000.0,0.0,32.36945034827488,0.41815850898260826,35.52916551991314,36.08860922971619,1.1667433406035914,302.5449083913791,101326.42740031538,1.4274003153841477,451.1891783604686,30.51290231116869,15120.993694222545,298.8754658153149,25.72546581531492,30.0,101325.0,235.53880936054634,29.394908391379147,8.47580619754686,17045.188415408003,6.642278338398123
2155.0,35.916666666666664,252.66666666666666,True,18950.0,255385.2044150563,20000.0,0.0,32.69941589853113,0.40895778441162545,35.89146837801246,36.43426184730076,1.1665305824270065,302.59990264975517,101326.36527730148,1.3652773014764534,451.21690879228595,30.824052645111824,15118.236348254004,298.87617097776274,25.726170977762763,30.0,101325.0,235.5103321037089,29.449902649755188,8.562236845864396,17571.970424303694,6.666318032036812
2160.0,36.0,252.0,True,18900.0,255237.67392427046,20000.0,20.0,33.021579975857776,0.4032239159934716,59.544369626217225,60.11310317049245,1.166323189733864,302.65359666264294,101326.32726144024,1.3272614402376348,451.23830158514954,31.137467120261483,15115.548538950878,298.87688506298383,25.726885062983854,30.0,101325.0,235.47962555908754,29.503596662642963,8.649296422294857,18113.44664754601,6.6910995716700405
2165.0,36.083333333333336,251.33333333333334,True,18850.0,255094.18510842102,20000.0,20.0,33.35704823934634,0.3967831755162947,59.91214469923589,60.4627794693199,1.1661072821812235,302.70950803989103,101326.28519908876,1.2851990887575084,451.01764522792746,31.453317062450868,15112.750377068656,298.877608154938,25.727608154938025,30.0,101325.0,235.32090536170915,29.559508039891057,8.737032517347464,18670.270444469315,6.716643819650606
2170.0,36.166666666666664,250.66666666666666,True,18800.0,254954.62724370972,20000.0,20.0,33.681694529840456,0.38996920265637197,60.28242966155886,60.814765550676725,1.1658983804063905,302.7636157549734,101326.24143656343,1.2414365634322166,450.796368763375,31.77132252971474,15110.043010066822,298.8783402782657,25.728340278265705,30.0,101325.0,235.16331738764242,29.61361575497341,8.825367369365205,19242.30661077872,6.742971998161195
2175.0,36.25,250.0,True,18750.0,254818.8926396747,20000.0,20.0,33.995785137680855,0.38280523079763473,60.652931368842864,61.16678902483514,1.1656963091762143,302.81596418961345,101326.19624363042,1.1962436304165749,450.5746507372674,32.08951414032664,15107.424166923738,298.87908113471667,25.729081134716694,30.0,101325.0,235.00691752694325,29.665964189613476,8.913753927868513,19826.254430008346,6.770102943328409
2180.0,36.333333333333336,249.33333333333334,True,18700.0,254686.87655609063,20000.0,20.0,34.2996989330037,0.37870090308986165,61.02175551744479,61.52093382657846,1.1655010612397771,302.8666164888339,101326.17072958368,1.1707295836822595,450.3525624612119,32.40626504206068,15104.893753667511,298.8798304334094,25.729830433409404,30.0,101325.0,234.85173959332292,29.71661648883395,9.001740289461301,20419.174912247923,6.798051158149421
2185.0,36.416666666666664,248.66666666666666,True,18650.0,254558.4771221454,20000.0,20.0,34.59346635956035,0.37029218422111126,61.38735327094183,61.86704473048817,1.1653120862039177,302.91557772659337,101326.11931674853,1.119316748532583,450.1301908704266,32.720245074363596,15102.444637202774,298.8805878919558,25.73058789195585,30.0,101325.0,234.69771612673605,29.765577726593392,9.088956965101,21018.46006953617,6.826827293553437
2190.0,36.5,248.0,False,18600.0,124433.59525783107,20000.0,20.0,34.8779480315867,0.36878130448930624,61.74845137732235,62.216921580871585,1.1651296104145976,302.96299133859776,101326.1102012289,1.1102012289047707,449.90763453162504,33.03036075210338,15100.079750973184,298.8813532339257,25.731353233925745,30.0,101325.0,234.54494227553184,29.812991338597783,9.175100208917605,21621.76791651545,6.8564385629881945
2195.0,36.583333333333336,247.33333333333334,False,18550.0,121024.6718514501,20000.0,20.0,34.892448990886805,-0.017610202978214518,62.100336458045454,62.11765383811891,1.1651075209004853,302.9654081651478,101324.9974684143,-0.002531585705582984,449.68473793910664,33.31495396245454,15099.793470870289,298.8821225309279,25.73212253092794,30.0,101325.0,234.42429777398186,29.8154081651478,9.254153878459594,22185.483744815927,6.886860265530786
2200.0,36.666666666666664,246.66666666666666,False,18500.0,117709.13768425728,20000.0,20.0,34.90408439481189,-0.07802295855655891,62.45387641348737,62.400593373196934,1.1650995209678936,302.9673473991353,101324.95030545256,-0.04969454744423274,449.4622531359679,33.558165847805284,15099.6897917439,298.8828921036773,25.73289210367733,30.0,101325.0,234.30670582117116,29.817347399135315,9.321712735501468,22674.927049864185,6.9180133285826475
2205.0,36.75,246.0,False,18450.0,114484.43430921332,20000.0,20.0,34.91003953592906,0.11062357641627844,62.60424422115863,62.77073078373914,1.1650974242172227,302.9683399226548,101325.09989857681,0.09989857680920977,449.2406076617802,33.76532660509923,15099.662617855207,298.8836617674661,25.733661767466117,30.0,101325.0,234.19073957483945,29.818339922654843,9.379257390305343,23097.454227645747,6.949799704469807
2210.0,36.833333333333336,245.33333333333334,False,18400.0,111348.07336927335,20000.0,20.0,34.90845889783168,0.03582859056720481,62.80876790517793,62.88823304094748,1.165097409103394,302.9680764829719,101325.01047908491,0.010479084914550185,449.0203335768888,33.940974163928146,15099.662421979989,298.884431341806,25.734431341806044,30.0,101325.0,234.0759068680992,29.818076482971946,9.42804837886893,23459.792140730955,6.982131125558959
2215.0,36.916666666666664,244.66666666666666,False,18350.0,108297.6346772349,20000.0,20.0,34.90121959480882,-0.05357121536127616,63.043514849209394,63.019191367329775,1.1651016591649703,302.9668699324681,101324.97657244804,-0.023427551961503923,448.80175722874924,34.08900663011303,15099.717502778014,298.8852006565484,25.735200656548443,30.0,101325.0,233.96281568587386,29.816869932468137,9.469168508364731,23768.09025644363,7.014928266112552
2220.0,37.0,244.0,False,18300.0,105330.76434818938,20000.0,0.0,34.88853261401732,-0.05984998002587266,39.90698444145411,39.861641823573706,1.1651097239690908,302.96475543566953,101324.97075901952,-0.029240980482427403,448.58520844622797,34.21277928037548,15099.822022639417,298.88596955164525,25.73596955164527,30.0,101325.0,233.8515463220225,29.814755435669554,9.5035498001043,24027.92773811329,7.048119945275439
2225.0,37.083333333333336,243.33333333333334,False,18250.0,102445.17298313603,20000.0,0.0,34.86234235933341,0.04085541919009976,39.9557549041583,40.02836858550687,1.1651270037498496,302.9603903932222,101325.013625839,0.013625838997540995,448.58847639027533,34.31451395829355,15100.045968598051,298.88673775850606,25.73673775850608,30.0,101325.0,233.85671821622222,29.810390393222235,9.53180943285932,24242.913155900267,7.081641362562949
2230.0,37.166666666666664,242.66666666666666,False,18200.0,99638.63390235689,20000.0,0.0,34.83083358364456,-0.06105080481584531,40.12194045445006,40.076601730420265,1.1651466936500836,302.9551389306074,101324.96957387128,-0.030426128723775037,448.5900032685082,34.39618543212899,15100.301149705085,298.88750501897204,25.73750501897206,30.0,101325.0,233.86146624575912,29.805138930607427,9.554495953369162,24416.426088295648,7.115432570371418
2235.0,37.25,242.0,False,18150.0,96908.9814271891,20000.0,0.0,34.79524937714109,0.0552622800709679,40.12533463380683,40.21632915048136,1.1651701397635346,302.9492082295235,101325.02492995591,0.02492995590728242,448.5896142539261,34.46015120164,15100.605011335409,298.88827120241825,25.738271202418275,30.0,101325.0,233.86596940590275,29.799208229523515,9.572264222677777,24552.899514237422,7.149439046484288
2240.0,37.333333333333336,241.33333333333334,False,18100.0,94254.10920886917,20000.0,0.0,34.75466752490536,-0.07943207630403198,40.27405497642132,40.2090736340435,1.1651952749459908,302.9424445874842,101324.94849424697,-0.05150575302832294,448.5875362195868,34.50844205998627,15100.930763300043,298.8890361845768,25.739036184576833,30.0,101325.0,233.86993101139748,29.792444587484226,9.585678349996186,24656.266117544783,7.183612078173025
2245.0,37.416666666666664,240.66666666666666,False,18050.0,91671.96860315939,20000.0,0.0,34.710372089202224,-0.08471154966451692,40.32022662552585,40.250103342934075,1.1652235895759258,302.935062014867,101324.94142002737,-0.05857997262501158,448.5839340833616,34.54281539011993,15101.297720903996,298.88979984819946,25.739799848199482,30.0,101325.0,233.8737361180733,29.785062014867037,9.595226497255535,24730.01871874374,7.217908109309336
2250.0,37.5,240.0,False,18000.0,89160.56708950213,20000.0,0.0,34.66251993625201,-0.04000171237223175,40.29376273222586,40.27679610380066,1.1652547906373112,302.927086656042,101324.9869376572,-0.013062342797638848,448.57896535625406,34.56479769696731,15101.702086659554,298.8905620829988,25.74056208299885,30.0,101325.0,233.87740796376775,29.777086656042002,9.60133269360203,24777.261730958035,7.252288165177185
2255.0,37.583333333333336,239.33333333333334,False,17950.0,86717.96673348233,20000.0,0.0,34.61071958437151,-0.06649612931688349,40.33734330824263,40.29067511886376,1.1652877363337384,302.9184532640619,101324.96390420233,-0.03609579766634852,448.57279829740486,34.575730836769495,15102.12906288525,298.8913227877825,25.741322787782508,30.0,101325.0,233.88080503455873,29.768453264061918,9.604369676880415,24800.78094524738,7.286717361480105
2260.0,37.666666666666664,238.66666666666666,False,17900.0,84342.28269141147,20000.0,0.0,34.55546641532999,-0.09553607167645069,40.37237234779406,40.29310068757461,1.1653227209338899,302.909244402555,101324.9254927266,-0.07450727339892182,448.56554986915,34.57677428213509,15102.582463303213,298.8920818656108,25.742081865610828,30.0,101325.0,233.8840473083489,29.759244402554998,9.604659522815304,24803.026367711955,7.321164449891882
2265.0,37.75,238.0,False,17850.0,82031.6817558795,20000.0,0.0,34.49708316979002,-0.11439445386318339,40.385213448687836,40.285257143521676,1.1653597848227166,302.89951386163165,101324.89317476674,-0.10682523326249793,448.55733545885687,34.56894400183045,15103.062811302407,298.892839225867,25.742839225867044,30.0,101325.0,233.88720298515318,29.74951386163167,9.602484444952903,24786.179451749173,7.355601398377619
2270.0,37.833333333333336,237.33333333333334,False,17800.0,79784.38094115187,20000.0,0.0,34.43608586192306,-0.09396236090104346,40.34301355390322,40.268198467508135,1.1653992988201791,302.8893476436538,101324.92792714068,-0.07207285931508522,448.54825032659005,34.553134284768014,15103.574912709522,298.89359478410773,25.743594784107756,30.0,101325.0,233.8903960881484,29.739347643653844,9.598092856880003,24752.187962370845,7.390003042415202
2275.0,37.916666666666664,236.66666666666666,False,17750.0,77598.64610732057,20000.0,0.0,34.37199632251793,-0.11136385270291352,40.33649288072814,40.242800105961166,1.1654400633525812,302.87866605375297,101324.89875993723,-0.10124006276600994,448.53841756876216,34.53013275534401,15104.103221049452,298.8943484613958,25.744348461395816,30.0,101325.0,233.8934499870453,29.72866605375299,9.591703543151114,24702.789323843655,7.424346776641741
2280.0,38.0,236.0,False,17700.0,75472.79062214708,20000.0,0.0,34.30552341999817,-0.10646838678062163,40.296439607731784,40.20989063133895,1.1654827949764017,302.86758723666634,101324.90746516421,-0.09253483578504529,448.5279038700794,34.50062995752169,15104.657022894167,298.8951001832845,25.745100183284535,30.0,101325.0,233.89654320202158,29.71758723666636,9.583508321533802,24639.524677136662,7.458612272475755
2285.0,38.083333333333336,235.33333333333331,False,17650.0,73405.17405956502,20000.0,0.0,34.236495534237406,-0.11805994938889623,40.26873780614052,40.17017072816841,1.1655268239877998,302.85608258903954,101324.8862191702,-0.11378082979354076,448.51680152135833,34.465247732976145,15105.227638881885,298.89584988201045,25.745849882010475,30.0,101325.0,233.89958939842714,29.706082589039568,9.573679925826706,24563.79497974807,7.492781244459703
2290.0,38.166666666666664,234.66666666666669,False,17600.0,71394.20093383775,20000.0,0.0,34.16525818901437,-0.12660492849911306,40.23127432081153,40.12427776200341,1.16557232169673,302.84420969816904,101324.8691525884,-0.13084741159400437,448.50517475733335,34.42452863293312,15105.81728918962,298.89659749278337,25.746597492783394,30.0,101325.0,233.9026563994151,29.69420969816906,9.562369064703644,24476.83482878194,7.526837237382293
2295.0,38.25,234.0,False,17550.0,69438.3194683948,20000.0,0.0,34.09186864495268,-0.1417555398423824,40.19586092064954,40.07277489199963,1.1656190181445414,302.8319781074921,101324.83596217897,-0.16403782102861442,448.49309202133986,34.37896454005047,15106.422475153257,298.89734295659554,25.74734295659556,30.0,101325.0,233.90572567295052,29.681978107492114,9.549712372236241,24379.77125403704,7.560765436050918
2300.0,38.333333333333336,233.33333333333331,False,17500.0,67536.02039839608,20000.0,0.0,34.016713582628086,-0.14348551635277004,40.13969079192978,40.01618294594016,1.1656671865441905,302.8194522637713,101324.8319339314,-0.1680660685960902,448.4806024410417,34.32899493771856,15107.04673761271,298.89808621876335,25.748086218763376,30.0,101325.0,233.90887761829788,29.669452263771348,9.535831927144045,24273.618177537413,7.594552512045067
2305.0,38.416666666666664,232.66666666666669,False,17450.0,65685.83580610105,20000.0,0.0,33.93975976701927,-0.1477207283759912,40.0817653867122,39.95494584442002,1.1657164435547522,302.8066266278365,101324.8218660115,-0.1781339885055786,448.46776586693386,34.275012645940585,15107.685108469588,298.89882722830157,25.748827228301593,30.0,101325.0,233.91206648034546,29.656626627836545,9.520836846094607,24159.287469191822,7.62818647429974
2310.0,38.5,232.0,False,17400.0,63886.33798814323,20000.0,0.0,33.86113567221503,-0.155215914597592,40.02337337322403,39.88946938507868,1.165766679091846,302.7935226120358,101324.80333077433,-0.1966692256683018,448.4546306051366,34.21736965080638,15108.336161030324,298.89956593790225,25.749565937902275,30.0,101325.0,233.91529532518612,29.643522612035838,9.504824903001772,24037.600605154417,7.66165653546248
2315.0,38.583333333333336,231.33333333333331,False,17350.0,62136.13835383635,20000.0,0.0,33.78111556045985,-0.15497513683478073,39.952095954927216,39.82014301822537,1.1658180351185414,302.7801859267433,101324.803940465,-0.19605953499558382,448.4412344525838,34.15639646900507,15109.001735136297,298.900302306066,25.750302306066033,30.0,101325.0,233.9186123158394,29.63018592674331,9.487887908056962,23909.329011124424,7.694953014362674
2320.0,38.666666666666664,230.66666666666669,False,17300.0,60433.88635366209,20000.0,0.0,33.699691118880196,-0.15764155217796247,39.88066252832046,39.74729274837556,1.1658702116387039,302.76661518648,101324.79713584512,-0.2028641548822634,448.4276220521982,34.09238211216344,15109.677942837601,298.9010362928662,25.751036292866218,30.0,101325.0,233.92198051044755,29.616615186480033,9.470106142267623,23775.151480672706,7.728067236926422
2325.0,38.75,230.0,False,17250.0,58778.26843711233,20000.0,0.0,33.61700990420377,-0.16118991151842807,39.807020800808054,39.67122298277257,1.1659231715202476,302.75283498403394,101324.78790050959,-0.2120994904107647,448.4138279888368,34.02558929422875,15110.36430290241,298.9017678618668,25.751767861866824,30.0,101325.0,233.92541047085263,29.60283498403396,9.451552581730208,23635.686287978016,7.760991429821318
2330.0,38.833333333333336,229.33333333333331,False,17200.0,57168.00703908201,20000.0,0.0,33.53321393679869,-0.16355530782419025,39.72905960897644,39.592225751019,1.1659768859034851,302.7388689894664,101324.78162988802,-0.21837011197931133,448.3998833896768,33.956269828059256,15111.060441309166,298.90249698185255,25.752496981852573,30.0,101325.0,233.92891261850042,29.588868989466448,9.432297174460905,23491.52324251964,7.793718658661942
2335.0,38.916666666666664,228.66666666666669,False,17150.0,55601.85959403008,20000.0,0.0,33.448415617864725,-0.16466027027737398,39.64694428445,39.51055408251755,1.1660312868086162,302.72473593631076,101324.77866935014,-0.2213306498597376,448.3858173400632,33.88464317338899,15111.765477039666,298.9032236227138,25.753223622713847,30.0,101325.0,233.93248846456373,29.574735936310788,9.412400881496941,23343.178994625847,7.826242757437737
2340.0,39.0,228.0,False,17100.0,54078.617577148245,20000.0,0.0,33.36265042787488,-0.16945153843596536,39.5666753286232,39.42644234444015,1.1660861972289982,302.7104417379791,101324.76560143773,-0.23439856227196287,448.37165881191817,33.81091589809592,15112.477116087817,298.903947758219,25.753947758219,30.0,101325.0,233.93611759274742,29.560441737979147,9.391921082804423,23191.137815799306,7.858558255222754
2345.0,39.083333333333336,227.33333333333331,False,17050.0,52597.105571797234,20000.0,0.0,33.27612405869479,-0.1703274765539528,39.47962470162903,39.34011730734638,1.166141724013753,302.6960206764491,101324.7631718427,-0.2368281572998967,448.35742736772454,33.73527976680339,15113.19674321824,298.90466936512695,25.754669365126972,30.0,101325.0,233.93983162869935,29.54602067644913,9.370911046334275,23035.847708590147,7.89066032850358
2350.0,39.166666666666664,226.66666666666669,False,17000.0,51156.18036249123,20000.0,0.0,33.188869388431726,-0.17169631280165565,39.391128090362095,39.25177621541434,1.166197707742462,302.68147823140526,101324.75935000955,-0.2406499904463999,448.34314672730176,33.65790890757138,15113.922292342308,298.90538842236015,25.75538842236017,30.0,101325.0,233.94361095178576,29.531478231405288,9.349419140992051,22877.714845188224,7.922544746943704
2355.0,39.25,226.0,False,16950.0,49754.73005273039,20000.0,0.0,33.1008631434911,-0.18112299674597074,39.310185647492844,39.16160254438775,1.16625391100713,302.66681052391516,101324.73219967388,-0.26780032612441573,448.328840367649,33.578967817196315,15114.650686652403,298.9061049119411,25.756104911941122,30.0,101325.0,233.9474201769351,29.516810523915183,9.32749106033231,22717.12026033344,7.954207826878094
2360.0,39.333333333333336,225.33333333333331,False,16900.0,48391.67320700091,20000.0,0.0,33.01251244192247,-0.17698063396139535,39.21178880883776,39.06978539102045,1.1663107928577396,302.65208540698706,101324.74430902206,-0.25569097793777473,448.31451288530985,33.49860571493998,15115.387875436307,298.90681881770445,25.75681881770447,30.0,101325.0,233.95135377793858,29.502085406987078,9.305168254149994,22554.408591687934,7.9856463885808875
2365.0,39.416666666666664,224.66666666666669,False,16850.0,47065.958016280325,20000.0,0.0,32.923513972823,-0.1848763223096103,39.12592087273819,38.97646885616582,1.1663676884553211,302.6372523288038,101324.72098567714,-0.2790143228630768,448.3001943596189,33.41696554350224,15116.125242380962,298.9075301264944,25.75753012649443,30.0,101325.0,233.95529408130193,29.487252328803834,9.282490428750624,22389.9066543263,8.016857718612842
2370.0,39.5,224.0,False,16800.0,45776.56148640433,20000.0,0.0,32.834321473286764,-0.17999470682181046,39.02383705161203,38.881821556402635,1.166425150149564,302.62238691221444,101324.73552575932,-0.264474240684649,448.2858836393118,33.33417626618994,15116.86994593835,298.9082388266114,25.758238826611432,30.0,101325.0,233.95935127585963,29.47238691221446,9.259493407274984,22223.908130567943,8.047839534435685
2375.0,39.583333333333336,223.33333333333331,False,16750.0,44522.48864866866,20000.0,0.0,32.74460152892948,-0.1888099057951661,38.936509644315365,38.785966207378515,1.166482483431548,302.6074335881549,101324.70898628142,-0.29101371858268976,448.2716082770939,33.250363171573994,15117.61298527286,298.9089449092563,25.758944909256343,30.0,101325.0,233.96340043289683,29.457433588154913,9.236211992103888,22056.69459886575,8.078589952997792
2380.0,39.666666666666664,222.66666666666669,False,16700.0,43302.771792056934,20000.0,0.0,32.65475703750701,-0.18968896473878616,38.838879916071505,38.68904973932568,1.1665401766805599,302.59245950625115,101324.70627017679,-0.2937298232136527,448.25736569454534,33.16563845183372,15118.360689780055,298.9096483667523,25.759648366752344,30.0,101325.0,233.9675381637543,29.44245950625117,9.212677347731589,21888.516924113534,8.10910746099986
2385.0,39.75,222.0,False,16650.0,42116.46971650209,20000.0,0.0,32.564792101087164,-0.18669190541533498,38.73580079540898,38.591192969997685,1.1665980903294586,302.57746535018117,101324.71547863226,-0.2845213677355787,448.24316721299573,33.0801098423701,15119.111250669783,298.9103491937557,25.7603491937557,30.0,101325.0,233.9717423820951,29.427465350181194,9.18891940065836,21719.612826139553,8.139390884437535
2390.0,39.833333333333336,221.33333333333331,False,16600.0,40962.66700660504,20000.0,0.0,32.474633197592766,-0.18838026191669252,38.63735957297726,38.49250575740836,1.1666559688244962,302.56243886626544,101324.71030919935,-0.28969080065144226,448.22902571864563,32.99387890347211,15119.861355965471,298.91104738677836,25.761047386778387,30.0,101325.0,233.97596856177077,29.41243886626546,9.164966362075585,21550.20365203709,8.169439368102937
2395.0,39.916666666666664,220.66666666666669,False,16550.0,39840.47332525019,20000.0,0.0,32.38436717698016,-0.19289149593752655,38.54149716599355,38.39309811008944,1.166713819763712,302.54739452949667,101324.69626833302,-0.3037316669797292,448.2149465734792,32.90703980678396,15120.611104137706,298.9117429438097,25.761742943809736,30.0,101325.0,233.98022103073475,29.397394529496694,9.140844390773323,21380.492258156028,8.199252351373904
2400.0,40.0,220.0,False,16500.0,38749.02272657279,20000.0,0.0,32.294114043523564,-0.19615147214834663,38.44357224232759,38.29307493708052,1.1667717106367108,302.53235234058724,101324.68591510183,-0.3140848981711315,448.2009326760073,32.81968065216792,15121.361369851773,298.91243586436804,25.762435864368058,30.0,101325.0,233.9845148418969,29.38235234058726,9.116577958935533,21210.665891513952,8.228829544533397
2405.0,40.083333333333336,219.0,False,16425.0,37687.472987747824,20000.0,0.0,32.20389999106703,-0.19832644510827985,38.343873692630645,38.19253096224768,1.1668296207137248,302.5173166651778,101324.67891119323,-0.3210888067696942,448.1867281785474,32.73188328805548,15122.111884449872,298.9131261493047,25.763126149304696,30.0,101325.0,233.98871226994865,29.36731666517784,9.092189802237632,21040.89611918239,8.258170907040824
2410.0,40.166666666666664,218.0,False,16350.0,36655.004959084974,20000.0,0.0,32.11374456946078,-0.19982733378787373,38.24296404838964,38.09154947199908,1.1668875233331117,302.5022907615768,101324.67403295242,-0.3259670475817984,448.1720806721284,32.64371990472048,15122.862302397129,298.91381379999575,25.763813799995773,30.0,101325.0,233.99267616945215,29.352290761576796,9.067699973533465,20871.33259155028,8.28727662142328
2415.0,40.25,217.0,False,16275.0,35650.821931928,20000.0,0.0,32.02369288084685,-0.2008345741394904,38.14113202789558,37.99020804828064,1.1669453832486725,302.4872821468078,101324.67073856188,-0.3292614381207386,448.1569994537991,32.555258021175995,15123.612166902794,298.91449881896835,25.764498818968377,30.0,101325.0,233.99640429281087,29.33728214680781,9.043127228104442,20702.113040758282,8.31614706977905
2420.0,40.333333333333336,216.0,False,16200.0,34674.14902387088,20000.0,0.0,31.933792538707394,-0.2012126228990478,38.03829461296718,37.88858080721958,1.167003175237597,302.4722987564512,101324.66949779907,-0.33050220092991367,448.141492589772,32.466561883608954,15124.361151079254,298.9151812100332,25.765181210033234,30.0,101325.0,233.99989576151447,29.322298756451232,9.018489412113597,20533.366168075296,8.344782819229627
2425.0,40.416666666666664,215.0,False,16125.0,33724.23258081628,20000.0,0.0,31.844090106288036,-0.2007321524274988,37.93425591510231,37.786738343574356,1.1670608781262346,302.457348351048,101324.67107431006,-0.32892568994429894,448.1255672292014,32.37769258810437,15125.108980515999,298.91586097821664,25.765860978216665,30.0,101325.0,234.00315003166625,29.307348351048006,8.993803496695659,20365.212042893694,8.373184609653912
2430.0,40.5,214.0,False,16050.0,32800.33959541494,20000.0,0.0,31.75462272105517,-0.19956846510709886,37.82928772907946,37.68474749012578,1.1671184611880183,302.44243712017584,101324.6748769611,-0.32512303889961913,448.1092299777971,32.28870825311614,15125.855256996718,298.91653812970344,25.766538129703463,30.0,101325.0,234.00616436166206,29.29243712017586,8.969085625865594,20197.762592300787,8.401353342039464
2435.0,40.583333333333336,213.0,False,15975.0,31901.7571414372,20000.0,0.0,31.665392013102746,-0.19987552861950778,37.72596271886894,37.582670358569914,1.1671758423539662,302.4275653355171,101324.67387569844,-0.3261243015585933,448.0924879469678,32.19966434772415,15126.598916907402,298.91721267180725,25.767212671807272,30.0,101325.0,234.0089259819696,29.277565335517124,8.944351207701153,20031.122374659648,8.429290067710964
2440.0,40.666666666666664,212.0,False,15900.0,31027.79182364027,20000.0,0.0,31.576402949609474,-0.2034451616336972,37.62642849655589,37.48056605916089,1.167232949862523,302.4127338249349,101324.66212298945,-0.3378770105482545,448.0753473086704,32.11061345001901,15127.339030218298,298.9178846128513,25.767884612851333,30.0,101325.0,234.0114237022727,29.262733824934912,8.919614847227503,19865.388278425355,8.456995977886717
2445.0,40.75,211.0,False,15825.0,30177.76924270655,20000.0,0.0,31.487738204757306,-0.20730864466448984,37.52728551402864,37.37849384674392,1.1672898404755334,302.3979563674595,101324.64916837426,-0.35083162573573645,448.0578104945214,32.02160470403527,15128.076332562912,298.9185539620007,25.768553962000738,30.0,101325.0,234.0136701476989,29.24795636745955,8.894890195565353,19700.648682090792,8.484472392442632
2450.0,40.833333333333336,210.0,False,15750.0,29351.033474840428,20000.0,0.0,31.399486438938766,-0.2082090890478209,37.424795514440426,37.27651024226088,1.1673465849925047,302.3832477398231,101324.64611408357,-0.35388591642549727,448.03987899538646,31.932684535587374,15128.81174150286,298.91922072930635,25.76922072930637,30.0,101325.0,234.01568026483238,29.233247739823128,8.87019014877427,19536.98495998856,8.511720749138519
2455.0,40.916666666666664,209.0,False,15675.0,28546.94656562161,20000.0,0.0,31.311692642440335,-0.20529212989459014,37.31801521766077,37.174667150444755,1.1674031889699386,302.3686154404067,101324.65596033799,-0.34403966201352887,448.0215553032221,31.843897208509365,15129.545329050403,298.91988492572415,25.76988492572417,30.0,101325.0,234.01745644261942,29.218615440406722,8.845527002363713,19374.472653864177,8.538742594703695
2460.0,41.0,208.0,False,15600.0,27764.888037724744,20000.0,0.0,31.224280235984224,-0.20454041011431587,37.21396077716671,37.07300889856285,1.1674594685153872,302.35404670599735,101324.65847527045,-0.34152472954883706,448.002845920908,31.755285642341956,15130.274711959419,298.92054656318084,25.770546563180858,30.0,101325.0,234.0189651900545,29.20404670599737,8.820912678428321,19213.18308584617,8.56553957785627
2465.0,41.083333333333336,207.0,False,15525.0,27004.254412125236,20000.0,0.0,31.137211851078177,-0.209596659157131,37.116920565061164,36.97157879184643,1.1675153061310903,302.339535308513,101324.64138155486,-0.3586184451414738,447.98375524583724,31.66689001651102,15130.99836745893,298.9212056542788,25.771205654278845,30.0,101325.0,234.0201852316878,29.18953530851303,8.796358337919727,19053.180927090292,8.592113441754142
2470.0,41.166666666666664,206.0,False,15450.0,26264.458742421903,20000.0,0.0,31.050679964227243,-0.21077877319315494,37.015662500752214,36.8704268041068,1.1675709540114834,302.3251133273712,101324.63732496956,-0.3626750304392772,447.9642783422896,31.5787461802036,15131.719563988825,298.92186221196937,25.771862211969392,30.0,101325.0,234.02116452018834,29.175113327371207,8.771873938945443,18894.52150261667,8.618466012885884
2475.0,41.25,205.0,False,15375.0,25544.93016191716,20000.0,0.0,30.9647355389003,-0.20652985898753948,36.90841448055584,36.76959483847693,1.1676264425822471,302.31078925648336,101324.65179932528,-0.3482006747217383,447.94441516330556,31.490889121318347,15132.438695865922,298.92251625006344,25.77251625006346,30.0,101325.0,234.0219091052102,29.160789256483383,8.747469200366208,18737.25722123672,8.644599192555226
2480.0,41.333333333333336,204.0,False,15300.0,24845.113443105078,20000.0,0.0,30.87918418099423,-0.20912414191419318,36.809509537033726,36.6691128454753,1.1676814151131822,302.29653069683235,101324.64299667974,-0.35700332025589887,447.92417451597277,31.40335400638452,15133.151139866843,298.9231677833442,25.773167783344206,30.0,101325.0,234.0223520690452,29.14653069683237,8.723153890662367,18581.439484879185,8.670514954156696
2485.0,41.416666666666664,203.0,False,15225.0,24164.46856922757,20000.0,0.0,30.794144559965503,-0.2128601796576504,36.71234414408301,36.5690208740953,1.1677360164787596,302.2823574266609,101324.63012688911,-0.3698731108888751,447.9035528114108,31.31617108494013,15133.858773564723,298.9238168266733,25.77381682667334,30.0,101325.0,234.02252055659136,29.132357426660917,8.69893641248337,18427.109706040967,8.69621533553928
2490.0,41.5,202.0,False,15150.0,23502.47031756802,20000.0,0.0,30.709791448348142,-0.20896315192211662,36.60673337952558,36.46935904403823,1.167790483905984,302.26829857472467,101324.64354613175,-0.3564538682549028,447.88254391200434,31.229368235693112,15134.564671421555,298.9244633953551,25.7744633953551,30.0,101325.0,234.02245888297108,29.11829857472469,8.674824509914753,18274.304040455445,8.721702428418793
2495.0,41.583333333333336,201.0,False,15075.0,22858.607854160746,20000.0,0.0,30.62592034096042,-0.20991255523761596,36.507242812799106,36.3701507020813,1.1678444539227122,302.2543200568267,101324.6402997482,-0.35970025180722587,447.8611557030993,31.142975059663442,15135.26412283835,298.92510750575923,25.77510750575925,30.0,101325.0,234.0220983085233,29.104320056826737,8.650826405462066,18123.060668029037,8.746978376133018
2500.0,41.666666666666664,200.0,False,15000.0,22232.384339603657,20000.0,0.0,30.542576698559287,-0.2139979857950165,36.411910492187275,36.27142692610849,1.1678979636966147,302.24042944975986,101324.6261621394,-0.3738378606067272,447.83938618414277,31.05701701140283,15135.957609508127,298.92574917430755,25.775749174307578,30.0,101325.0,234.02144522224341,29.09042944975988,8.62694916983412,17973.40953996902,8.772045369333016
2505.0,41.75,199.0,False,14925.0,21623.316545669913,20000.0,0.0,30.459982857158707,-0.20957980480208652,36.30720910711175,36.17322379703848,1.167951334514384,302.2266638095264,101324.64143922791,-0.358560772088822,447.81722630703996,30.971516302157184,15136.649295306417,298.9263884175737,25.77638841757374,30.0,101325.0,234.02055925754112,29.07666380952645,8.60319897282144,17825.374157320028,8.796905635789468
2510.0,41.833333333333336,198.0,False,14850.0,21030.934482422574,20000.0,0.0,30.377884259412212,-0.21169191438339235,36.21067334114862,36.07555731451562,1.1680041313554268,302.212980709902,101324.63417578273,-0.3658242172678001,447.79468479014275,30.886498040594457,15137.333542366332,298.9270252532502,25.7770252532502,30.0,101325.0,234.0193577868334,29.062980709902035,8.579582789054015,17678.982287662853,8.82156143887626
2515.0,41.916666666666664,197.0,False,14775.0,20454.781035544784,20000.0,0.0,30.29639689657438,-0.21447776608839786,36.115507157187324,35.97845592754914,1.1680565112277177,302.1993994827624,101324.62448398248,-0.3755160175205674,447.7717559965148,30.801982251469155,15138.012385511222,298.92765969879287,25.77765969879289,30.0,101325.0,234.01786931066763,29.049399482762396,8.556106180963654,17534.252215306882,8.846015073947768
2520.0,42.0,196.0,False,14700.0,19894.411613605433,20000.0,0.0,30.21568911007671,-0.2091750143584308,36.01152887138623,35.88194851456714,1.1681087167117372,302.18594818501276,101324.64282296627,-0.3571770337293856,447.7484320484513,30.717987119876952,15138.688968584114,298.9282917719125,25.778291771912507,30.0,101325.0,234.01613829535867,29.035948185012785,8.53277419996582,17391.198507220746,8.870268859171745
2525.0,42.083333333333336,195.0,False,14625.0,19349.39380498812,20000.0,0.0,30.13544762357094,-0.21391150345962973,35.919871329979365,35.786044126196,1.1681602263747848,302.17257460392847,101324.62646423418,-0.373535765815177,447.7247230226642,30.63453396051052,15139.35653381721,298.9289214913549,25.778921491354936,30.0,101325.0,234.0140655284504,29.02257460392849,8.509592766808478,17249.84050748666,8.894325136265293
2530.0,42.166666666666664,194.0,False,14550.0,18819.30704421878,20000.0,0.0,30.055949578780996,-0.21366368464000685,35.823057880162935,35.690772642958564,1.1682114601260891,302.1593249297968,101324.6273292234,-0.372670776603627,447.7006164401964,30.551637148899683,15140.020523234114,298.9295488752073,25.779548875207297,30.0,101325.0,234.0117285973906,29.009324929796833,8.486565874694357,17110.185291679645,8.91818626529249
2535.0,42.25,193.0,False,14475.0,18303.74228743442,20000.0,0.0,29.977173249594216,-0.21012583567421034,35.72308002952051,35.59615134337538,1.168262364423047,302.146195541599,101324.63956843414,-0.36043156585947145,447.67611090876767,30.469312739484458,15140.680242922688,298.93017394227917,25.78017394227919,30.0,101325.0,234.00911603112854,28.996195541599036,8.463697983190126,16972.242399057573,8.941854617855503
2540.0,42.333333333333336,192.0,False,14400.0,17802.30169674255,20000.0,0.0,29.89890881229576,-0.2154601987902663,35.63411872566211,35.50218905577422,1.1683125884300922,302.13315146871594,101324.62103594071,-0.3789640592876822,447.65121191578135,30.387577269436008,15141.331146053995,298.93079671187456,25.780796711874586,30.0,101325.0,234.00616041143294,28.98315146871596,8.440993685954448,16836.021780251405,8.965332579091132
2545.0,42.416666666666664,191.0,False,14325.0,17314.59833322777,20000.0,0.0,29.82148880590978,-0.21149049523554372,35.53502153837367,35.40891363601947,1.1683626457419127,302.1202481343183,101324.6348715953,-0.365128404693678,447.62590433551577,30.30644103957529,15141.979888815189,298.9314172026522,25.78141720265222,30.0,101325.0,234.00295669151572,28.970248134318297,8.41845584432647,16701.522680103426,8.988622540521936
2550.0,42.5,190.0,False,14250.0,16840.255858368593,20000.0,0.0,29.74466020833586,-0.21264779665864836,35.44260924280431,35.316329963075255,1.1684121203633524,302.10744336805595,101324.63086460879,-0.3691353912145132,447.60019492831316,30.225918875347336,15142.621079909046,298.93203543436596,25.78203543436598,30.0,101325.0,233.9994250719095,28.957443368055976,8.39608857648537,16568.751620777482,9.011726897675326
2555.0,42.583333333333336,189.0,False,14175.0,16378.908243634109,20000.0,0.0,29.668495319909994,-0.21518638943570617,35.35253265997044,35.22445373954027,1.1684611152881637,302.094749219985,101324.62199851267,-0.3780014873336768,447.57407805479727,30.146021359772238,15143.256054134601,298.9326514263947,25.78265142639475,30.0,101325.0,233.99558322321343,28.944749219985,8.373894822158956,16437.707871757826,9.034648050100698
2560.0,42.666666666666664,188.0,False,14100.0,15930.199488036404,20000.0,0.0,29.59316752530708,-0.20971442296911022,35.2538661404365,35.13330338767047,1.168509895788191,302.08219458755116,101324.6409784555,-0.3590215445001377,447.54754416075514,30.066757255805804,15143.888249414955,298.93326519811086,25.783265198110882,30.0,101325.0,233.9914792603048,28.93219458755118,8.351877015501612,16308.387585593826,9.057388394168301
2565.0,42.75,187.0,False,14025.0,15493.78334342076,20000.0,0.0,29.5183468926582,-0.21487285784069096,35.16832979301705,35.04287771127557,1.1685579282598755,302.0697244821097,101324.62309922419,-0.37690077580919024,447.5206024485679,29.988139110449296,15144.510750247986,298.9338767697781,25.783876769778146,30.0,101325.0,233.98701112851944,28.9197244821097,8.330038641791472,16180.792954684552,9.07995032509905
2570.0,42.833333333333336,186.0,False,13950.0,15069.32304728174,20000.0,0.0,29.444352228174694,-0.2130437617155871,35.075415701086634,34.95319830748568,1.168605712007272,302.0573920380291,101324.6294886171,-0.37051138290553354,447.4932376878163,29.910172394629008,15145.130027614243,298.9344861607386,25.784486160738595,30.0,101325.0,233.9822708374209,28.907392038029116,8.30838122073028,16054.914570336776,9.102336233102537
2575.0,42.916666666666664,185.0,False,13875.0,14656.491062898795,20000.0,0.0,29.3710654992924,-0.210948554019429,34.98296060660906,34.86426991370434,1.168653053087693,302.0451775832154,101324.63674046985,-0.3632595301460242,447.46545092825096,29.832865983269894,15145.743568016502,298.9350933911124,25.78509339111241,30.0,101325.0,233.97722008845653,28.8951775832154,8.28690721757497,15930.748515781976,9.124548499134566
2580.0,43.0,184.0,False,13800.0,14254.968826591117,20000.0,0.0,29.298366940705932,-0.2154070511743304,34.89891475584237,34.77609620979776,1.1686997560540295,302.0330611567843,101324.62122287595,-0.3787771240458824,447.43724318029854,29.75622783324175,15146.348838460222,298.93569848106625,25.785698481066277,30.0,101325.0,233.9718202714899,28.883061156784322,8.265618842567152,15808.289341115593,9.1465894976463
2585.0,43.083333333333336,183.0,False,13725.0,13864.446501896495,20000.0,0.0,29.226546871310916,-0.21033291783207972,34.80455119287951,34.68869497714286,1.1687462785802893,302.02109114521846,101324.63885766266,-0.361142337336787,447.408600069611,29.680261330354988,15146.95177040055,298.9363014501884,25.786301450188432,30.0,101325.0,233.96615548716483,28.871091145218486,8.244517036209718,15687.524314614953,9.16846159046278
2590.0,43.166666666666664,182.0,False,13650.0,13484.622740484627,20000.0,0.0,29.155298786081744,-0.21288582061191172,34.71986030224043,34.60206158309372,1.168792130701213,302.00921646434693,101324.63003777455,-0.3699622254498536,447.3795294353162,29.604974806199564,15147.54601388772,298.93690231903497,25.786902319034994,30.0,101325.0,233.9601317371497,28.859216464346957,8.223604112833211,15568.44862584409,9.190167127226987
2595.0,43.25,181.0,False,13575.0,13115.204449620274,20000.0,0.0,29.084780334985567,-0.21428248761932714,34.63461851773739,34.5162072960212,1.1688375613313147,301.99746338916424,101324.62516747347,-0.37483252653328236,447.3500217440431,29.530371403111808,15148.134794853839,298.9375011074438,25.787501107443802,30.0,101325.0,233.95379385813186,28.84746338916426,8.202880945308836,15451.049281828591,9.211708445218425
2600.0,43.333333333333336,180.0,False,13500.0,12755.906565996933,20000.0,0.0,29.015091837583896,-0.20893855453085539,34.542327091036306,34.43114066963376,1.1688827292553436,301.9858486395973,101324.64363004433,-0.3563699556689244,447.32006957521304,29.45645427712727,15148.720171149253,298.9380978353697,25.78809783536974,30.0,101325.0,233.9471697393395,28.835848639597316,8.18234841031313,15335.313442674355,9.233087863777108
2605.0,43.416666666666664,179.0,False,13425.0,12406.451835766444,20000.0,0.0,28.945928393784015,-0.21392980848432372,34.46287635428505,34.346854970638766,1.168927150148296,301.974321398964,101324.62640030238,-0.3735996976174647,447.28968052866435,29.383229713058977,15149.295865921918,298.9386925233821,25.78869252338211,30.0,101325.0,233.9401664101208,28.824321398964003,8.162008253627494,15221.23326312785,9.25430768787836
2610.0,43.5,178.0,False,13350.0,12066.57060059478,20000.0,0.0,28.87758931674864,-0.21244637616622683,34.37669289853194,34.26336440867278,1.1689713008912446,301.9629315527914,101324.63156356942,-0.368436430580914,447.25883972673176,29.310697689968762,15149.868059550528,298.9392851910945,25.789285191094507,30.0,101325.0,233.93287152609483,28.81293155279144,8.141860469435766,15108.791184080555,9.275370204855587
2615.0,43.583333333333336,177.0,False,13275.0,11736.000589578987,20000.0,0.0,28.809992013194346,-0.20903312764439175,34.28907238883842,34.18066899705032,1.1690150522533462,301.95166533553237,101324.64330735957,-0.35669264043099247,447.22754646403376,29.238861322756314,15150.435077203369,298.9398758587017,25.78987585870175,30.0,101325.0,233.92525884303566,28.80166533553239,8.121905922987866,14997.974704274457,9.296277681166945
2620.0,43.666666666666664,176.0,False,13200.0,11414.486716864629,20000.0,0.0,28.742952822262282,-0.21395368708412055,34.211969751674935,34.0987644805837,1.1690581152000017,301.9404921370437,101324.62631689619,-0.37368310381134506,447.19580374491136,29.167724031195917,15150.993172992023,298.94046454650123,25.790464546501255,30.0,101325.0,233.9172720896052,28.790492137043714,8.102145564221088,14888.77192590994,9.317032366326796
2625.0,43.75,175.0,False,13125.0,11101.780884807627,20000.0,0.0,28.67676216354721,-0.2108282583676012,34.12631064841527,34.01766288719922,1.1691009548203102,301.9294603605912,101324.63715465693,-0.36284534307196736,447.1635970276887,29.097284325140002,15151.54837447122,298.94105127401855,25.79105127401857,30.0,101325.0,233.9089967156305,28.7794603605912,8.082578979205556,14781.163597153973,9.337636488217813
2630.0,43.833333333333336,174.0,False,13050.0,10797.64179252859,20000.0,0.0,28.611251425111618,-0.20896191007350234,34.04293267637211,33.937359506113786,1.1691433074978115,301.91854190418525,101324.64355036848,-0.3564496315229917,447.13092875464343,29.027544603361047,15152.097265171637,298.94163606144264,25.79163606144266,30.0,101325.0,233.9003812422109,28.76854190418527,8.063206834266959,14675.136637516996,9.35809225226967
2635.0,43.916666666666664,173.0,False,12975.0,10501.834749711903,20000.0,0.0,28.546329223521866,-0.2133998234595836,33.96771172431209,33.857851762103316,1.1691850330101565,301.9077215372536,101324.62824910488,-0.3717508951231139,447.09779849893664,28.958505973116747,15152.638027811628,298.9422189287615,25.792218928761542,30.0,101325.0,233.89139739017332,28.757721537253644,8.044029436976874,14570.676174811362,9.378401844500452
2640.0,44.0,172.0,False,12900.0,10214.131495505842,20000.0,0.0,28.48224648050325,-0.2099031360944883,33.88406523560548,33.77914868882606,1.169226535649827,301.89704108008385,101324.64033202823,-0.359667971773888,447.06419323768375,28.89016598485977,15153.175902021758,298.94279989537563,25.79279989537565,30.0,101325.0,233.88211921982477,28.747041080083875,8.025046106905492,14467.762188158453,9.39856742669696
2645.0,44.083333333333336,171.0,False,12825.0,9934.310022384087,20000.0,0.0,28.41882828205769,-0.20810185507812623,33.803207723027015,33.70124394483369,1.1692675437345854,301.8864713803429,101324.64647851358,-0.3535214864241425,447.03011565701723,28.822525798666664,15153.707366800227,298.9433789812669,25.793378981266926,30.0,101325.0,233.87249377920054,28.736471380342948,8.006257166296296,14366.380348278486,9.418591136791708
2650.0,44.166666666666664,170.0,False,12750.0,9662.154404832574,20000.0,0.0,28.35599199876401,-0.21252623283670252,33.730413983390896,33.624133915179364,1.1693079327684373,301.87599866646065,101324.63128653352,-0.36871346647967584,446.9955650465645,28.755585225160775,15154.230808678947,298.9439562061723,25.79395620617231,30.0,101325.0,233.86249579397006,28.72599866646067,7.987662562544659,14266.51450724185,9.438475091552487
2655.0,44.25,169.0,False,12675.0,9397.454632729605,20000.0,0.0,28.29397060591316,-0.20985350916011214,33.65016703915545,33.54782563908928,1.1693480801705232,301.86566176765217,101324.64050207913,-0.3594979208719451,446.960529145308,28.68934084553941,15154.75111900998,298.9445315892631,25.7945315892631,30.0,101325.0,233.85219433037398,28.715661767652193,7.96926134598317,14168.14395866946,9.458221382153813
2660.0,44.333333333333336,168.0,False,12600.0,9140.006449290584,20000.0,0.0,28.23264654241177,-0.2064556770872657,33.56988588478909,33.4723135817616,1.1693878069910517,301.85544109040194,101324.6520494155,-0.34795058450254146,446.9250085943651,28.6237921942158,15155.265978604031,298.94510515015304,25.795105150153063,30.0,101325.0,233.8415539246232,28.705441090401962,7.951053387282167,14071.252663012832,9.477832074252204
2665.0,44.416666666666664,167.0,False,12525.0,8889.611193452321,20000.0,0.0,28.171864712373804,-0.21098085566232652,33.49963975172551,33.39759048438537,1.1694268751334511,301.8453107853956,101324.6366292126,-0.3633707873959793,446.88900541831646,28.558938737040865,15155.772301729527,298.94567690839307,25.79567690839309,30.0,101325.0,233.8305280221223,28.695310785395634,7.933038538066906,13975.824707977878,9.497309211315391
2670.0,44.5,166.0,False,12450.0,8646.075646575333,20000.0,20.0,28.113869735183357,-0.21038703851727825,56.712208222895114,56.71292047821683,1.1694643478334503,301.83564495586387,101324.63867178795,-0.3613282120495569,446.8456320660125,28.494783601811537,15156.257947921516,298.94624688411227,25.796246884112293,30.0,101325.0,233.81532537301715,28.685644955863893,7.9152176671698715,13881.849760857946,9.516654818585415
2675.0,44.583333333333336,165.0,False,12375.0,8409.211883345795,20000.0,20.0,28.11475060207954,-0.20478774436584546,56.637708271326765,56.64462761273659,1.1694639980410062,301.83579176701323,101324.65764881435,-0.3423511856526602,446.60340439580654,28.436401383559648,15156.253414611441,298.94681599228363,25.796815992283655,30.0,101325.0,233.68850803208804,28.685791767013257,7.899000384322125,13796.69798590766,9.535876032298447
2680.0,44.666666666666664,164.0,False,12300.0,8178.83712676212,20000.0,20.0,28.11438374990871,-0.21027620822388288,56.586571439476,56.58685081826438,1.1694640203005997,301.83573062498476,101324.63905237759,-0.3609476224082755,446.365751009171,28.386995953684202,15156.253703095772,298.9473849966287,25.79738499662875,30.0,101325.0,233.56415859955646,28.685730624984785,7.885276653801168,13724.911664865798,9.554988261222595
2685.0,44.75,163.0,False,12225.0,7954.773607094249,20000.0,20.0,28.113398722324177,-0.2129767242807655,56.54090576019095,56.53785385113832,1.1694645486915018,301.8355664537207,101324.6297217544,-0.37027824559481815,446.13139291670495,28.34507716749325,15156.260551041865,298.94795387679943,25.797953876799454,30.0,101325.0,233.44163448016286,28.685566453720696,7.873632546525903,13664.199097354787,9.574008477029693
2690.0,44.833333333333336,162.0,False,12150.0,7736.848424706833,20000.0,20.0,28.111923761035882,-0.20876960738467343,56.49446170229673,56.496181872051054,1.1694656683260167,301.8353206268393,101324.64420613088,-0.3557938691228628,445.9001911791146,28.309397532738334,15156.275061505175,298.94852261507856,25.798522615078582,30.0,101325.0,233.32087979673557,28.685320626839314,7.8637215368717595,13612.664201184489,9.592950743209233
2695.0,44.916666666666664,161.0,False,12075.0,7524.893416640433,20000.0,20.0,28.109724799131754,-0.21347332710218417,56.464441240555615,56.460589440851855,1.1694669011843104,301.8349541331886,101324.6279929683,-0.3720070317067439,445.67203507255357,28.278911856055647,15156.291039348664,298.9490911956486,25.7990911956486,30.0,101325.0,233.20174111203883,28.684954133188626,7.855253293348791,13568.734137404643,9.611826714277697
2700.0,45.0,160.0,True,12000.0,257318.7450268478,20000.0,20.0,28.110459601868342,-0.1348003773885538,56.342358451793324,56.43008228958046,1.1694690082459,301.83507660031137,101324.85166414903,-0.14833585097221658,445.44680613801137,28.252738543469906,15156.318346866865,298.9496596032602,25.79965960326024,30.0,101325.0,233.08430808082767,28.68507660031139,7.847982928741641,13531.093708294333,9.630646039170545
2705.0,45.083333333333336,159.0,True,11925.0,257118.2441799852,20000.0,20.0,28.601803630802465,0.48063032651396104,56.206074115853234,56.99861185464774,1.1691752771639694,301.9169672718004,101326.88575927155,1.8857592715503415,445.226310126431,28.270496187987288,15152.511592045043,298.95023493734664,25.80023493734666,30.0,101325.0,232.91041751046728,28.76696727180041,7.852915607774247,13556.623772178044,9.649456954087539
2710.0,45.166666666666664,158.0,True,11850.0,256923.236158661,20000.0,20.0,29.066815669277048,0.47163256624519795,56.30823282815213,57.075978936747134,1.1688744203384684,301.9944692782128,101326.81581451056,1.8158145105553558,445.0077564078433,28.358231398285536,15148.61248758655,298.9508233255211,25.80082332552115,30.0,101325.0,232.73618189388398,28.84446927821284,7.877286499523761,13683.231550934504,9.668373520284144
2715.0,45.25,157.0,True,11775.0,256733.57048404746,20000.0,20.0,29.517228767655865,0.46177714321062796,56.476484578455235,57.21909198744035,1.1685830713049965,302.0695381279426,101326.7407194285,1.7407194285042351,444.7905089580664,28.502728155964935,15144.836604112754,298.95142431537886,25.80142431537888,30.0,101325.0,232.56458029739363,28.919538127942644,7.917424487768037,13893.464082258151,9.687524003362752
2720.0,45.333333333333336,156.0,True,11700.0,256549.10079976308,20000.0,20.0,29.953602637935774,0.45161341843291,56.69813099802655,57.41579097660344,1.16830090667789,302.1422671063226,101326.66493616089,1.6649361608870095,444.57408465693203,28.693080939348185,15141.179750545454,298.9520375078224,25.802037507822433,30.0,101325.0,232.39529256572783,28.99226710632263,7.970300260930051,14173.68578301819,9.707015079658081
2725.0,45.416666666666664,155.0,True,11625.0,256369.68475893582,20000.0,20.0,30.37652321854773,0.4441004803236218,56.96251078558573,57.658797047791836,1.1680277841054734,302.21275386975793,101326.61000193162,1.6100019316218095,444.3581146307063,28.92013368637427,15137.640082006934,298.95266251751957,25.802662517519593,30.0,101325.0,232.22809463766217,29.062753869757955,8.033370468437298,14512.83103315519,9.726936271891534
2730.0,45.5,154.0,True,11550.0,256195.18391436074,20000.0,0.0,30.785885526997617,0.4359024457396479,33.97272331562338,34.579943053470096,1.1677634728842143,302.28098092116625,101326.55110973226,1.551109732259647,444.144198643103,29.176209815369546,15134.214608579417,298.9532989725656,25.803298972565642,30.0,101325.0,232.06377374988773,29.13098092116627,8.10450272649154,14901.770506014105,9.747363078515958
2735.0,45.583333333333336,153.0,True,11475.0,256025.46361166643,20000.0,0.0,31.144859033788862,0.4295885551531314,34.293564274125885,34.887417734262236,1.1675318752040482,302.3408098389648,101326.50650062627,1.506500626273919,444.1123533640529,29.45175213900565,15131.213102644464,298.95394596233575,25.803945962335774,30.0,101325.0,232.00111375956064,29.19080983896481,8.181042260834902,15327.97067991536,9.76835595433952
2740.0,45.666666666666664,152.0,True,11400.0,255860.39288540842,20000.0,0.0,31.495243297000684,0.42058675459643113,34.6285332418426,35.20595655271741,1.1673056892867424,302.39920721616676,101326.44402627055,1.4440262705466012,444.0766247527966,29.73942777786873,15128.28173315618,298.9546026825022,25.804602682502207,30.0,101325.0,231.93750743545303,29.24920721616678,8.260952160519093,15781.52887044511,9.789959773471715
2745.0,45.75,151.0,True,11325.0,255699.84435800902,20000.0,0.0,31.837374223452798,0.4145218588718235,34.973951473369624,35.538441931474566,1.1670851418941466,302.4562290372421,101326.40268058353,1.402680583531037,444.0370455023299,30.03607737829837,15125.42343894814,298.9552688966102,25.805268896610244,30.0,101325.0,231.87301782146238,29.306229037242133,8.343354827305102,16258.515666188,9.812209804399933
2750.0,45.833333333333336,150.0,True,11250.0,255543.69414146594,20000.0,0.0,32.171250225909944,0.407286862753228,35.32673847145614,35.87698133909408,1.1668699017178847,302.51187503765163,101326.35414358017,1.3541435801744228,443.9935973098371,30.339055369808783,15122.633926263787,298.95594437343124,25.80594437343126,30.0,101325.0,231.80757038520863,29.361875037651657,8.42751538050244,16755.50084684217,9.835136204756202
2755.0,45.916666666666664,149.0,True,11175.0,255391.82174175343,20000.0,0.0,32.49706681471616,0.4005765414235163,35.68430727204398,36.220961409616386,1.1666599693720565,302.56617780245267,101326.30989033093,1.3098903309291927,443.94628608477404,30.646140034539894,15119.913203061853,298.95662888498254,25.80662888498256,30.0,101325.0,231.74116914170972,29.416177802452694,8.512816676261082,17269.453547837307,9.858764645308064
2760.0,46.0,148.0,True,11100.0,255244.10996584268,20000.0,20.0,32.815522190374395,0.39443340502138957,59.33245576233961,59.897349264956105,1.1664548918306572,302.6192536983957,101326.27002213059,1.2700221305858577,443.8908890404511,30.95547278033656,15117.255398125319,298.95732220731037,25.807322207310392,30.0,101325.0,231.67152094670178,29.469253698395732,8.598742438982377,17797.687395626064,9.883116826518803
2765.0,46.083333333333336,147.0,True,11025.0,255100.44483126904,20000.0,20.0,33.14856473512498,0.3877310133402344,59.695710348012966,60.24235223226564,1.1662404847803014,302.6747607891875,101326.22722725474,1.2272272547415923,443.6535460946399,31.267440470107456,15114.476682752707,298.9580244623568,25.808024462356798,30.0,101325.0,231.50508809426444,29.524760789187496,8.685400130585403,18341.221064106045,9.90821329072695
2770.0,46.166666666666664,146.0,True,10950.0,254960.7154781772,20000.0,20.0,33.47081053631075,0.3812663821725352,60.06173156777379,60.59063760002119,1.1660331128318955,302.72846842271844,101326.1866453402,1.1866453402035404,443.4168425814907,31.58178418066034,15111.789142301366,298.9587356847051,25.80873568470514,30.0,101325.0,231.34043014501972,29.57846842271846,8.772717827961205,18899.97521066406,9.934075232584428
2775.0,46.25,145.0,True,10875.0,254824.8140837755,20000.0,20.0,33.7825729088014,0.3744248533660415,60.4281994388928,60.93915760442895,1.1658325233448135,302.78042881813354,101326.14444057811,1.1444405781076057,443.18039326341074,31.896511481119134,15109.189502548783,298.9594555781025,25.80945557810253,30.0,101325.0,231.1772936361899,29.630428818133566,8.860142078088648,19470.66618570533,9.960721511331908
2780.0,46.333333333333336,144.0,True,10800.0,254692.63577913409,20000.0,20.0,34.08420416989759,0.36988720653487944,60.79319789853915,61.289122805346764,1.1656386703512358,302.8307006949829,101326.11686975966,1.1168697596585844,442.94425544044077,32.20997683218892,15106.677167752017,298.96018385376163,25.810183853761657,30.0,101325.0,231.0156971209943,29.68070069498293,8.947215786719145,20050.374451406988,9.988166678441013
2785.0,46.416666666666664,143.0,True,10725.0,254564.07856826216,20000.0,20.0,34.37580643410638,0.3624884386398301,61.1551571823776,61.632925245737574,1.1654511217865278,302.87930107235104,101326.07263565835,1.0726356583472807,442.7084980447069,32.52083210015724,15104.2465383534,298.960920231032,25.810920231032014,30.0,101325.0,230.85558874412735,29.729301072351063,9.033564472265901,20636.507423467563,10.016421457520787
2790.0,46.5,142.0,False,10650.0,124439.04324940256,20000.0,20.0,34.652925878803785,0.3068470174727367,61.51278387452068,61.91640045861824,1.1652699309500172,302.9254876464673,101325.768612997,0.7686129969952162,442.4731984890669,32.82796648289731,15101.898305112221,298.96166443489363,25.811664434893657,30.0,101325.0,230.69701732836722,29.775487646467298,9.118879578582586,21226.734819463127,10.045493153522822
2795.0,46.583333333333336,141.0,False,10575.0,121029.97059244383,20000.0,20.0,34.66585113802353,0.05180702497697746,61.83995701917352,61.94573111282983,1.165253057165989,302.92764185633723,101325.02190994153,0.021909941526246257,442.23816894642647,33.108946969085046,15101.679620871217,298.962412400312,25.81241240031204,30.0,101325.0,230.57113859216062,29.777641856337254,9.196929713634734,21776.463669543475,10.075356485806855
2800.0,46.666666666666664,140.0,False,10500.0,117714.29126347086,20000.0,20.0,34.675444271532,-0.08913868699910073,62.2230677758304,62.16450440380417,1.165245909083842,302.929240711922,101324.9351370978,-0.06486290220345836,442.00406774785597,33.34882870576231,15101.586981726592,298.9631605964562,25.813160596456214,30.0,101325.0,230.44767083849655,29.779240711922,9.26356352937842,22253.227375706498,10.105932660143832
2805.0,46.75,139.0,False,10425.0,114489.44670342962,20000.0,20.0,34.67916272448031,0.014645568864793953,62.35688414310896,62.41926572037693,1.1652442912559036,302.92986045408,101325.00175096071,0.0017509607132524252,441.7712641940298,33.552890602542895,15101.566014676511,298.9639088369687,25.81390883696872,30.0,101325.0,230.32597425922276,29.77986045408005,9.320247389595249,22664.235434615974,10.137125342651002
2810.0,46.833333333333336,138.0,False,10350.0,111352.9484463292,20000.0,20.0,34.67623313608567,-0.017081138636387487,62.57792081128215,62.60359200679564,1.1652461218822345,302.9293721893476,101324.99761824247,-0.0023817575274733827,441.5401055079493,33.725638584980985,15101.58973959376,298.9646569420236,25.814656942023646,30.0,101325.0,230.20581687535366,29.77937218934761,9.368232940272495,23016.103156415447,10.168847800005883
2815.0,46.916666666666664,137.0,False,10275.0,108302.37619900571,20000.0,20.0,34.66737185170143,-0.03312383334738154,62.76579433150679,62.77321063264488,1.1652517272575216,302.9278953086169,101324.99104336053,-0.008956639474490657,441.31079803086436,33.870944075221225,15101.66238525748,298.96540474219137,25.81540474219139,30.0,101325.0,230.0873696308213,29.777895308616905,9.40859557645034,23314.878454452337,10.201022092791208
2820.0,47.0,136.0,False,10200.0,105335.37597349202,20000.0,0.0,34.65312176779457,0.048235554975733376,39.58038309469535,39.66592815746069,1.1652611845605316,302.9255202946324,101325.0189932144,0.018993214398506097,441.08348766158673,33.99213984156711,15101.784951904488,298.9661520781646,25.816152078164635,30.0,101325.0,229.97072267760274,29.77552029463243,9.442261067101976,23566.048363105416,10.233578291970067
2825.0,47.083333333333336,135.0,False,10125.0,102449.65827055216,20000.0,0.0,34.623061749027215,-0.028063806220149128,39.72851088251146,39.72590410647541,1.1652801644498627,302.9205102915045,101324.99357079821,-0.00642920179234352,441.018715101722,34.09129007634855,15102.03093127022,298.96689865766047,25.816898657660488,30.0,101325.0,229.94069699968426,29.770510291504536,9.46980279898571,23772.866880682315,10.26645253866714
2830.0,47.166666666666664,134.0,False,10050.0,99642.99631297897,20000.0,0.0,34.588442564061666,0.05125964864960142,39.787757968686904,39.87840067636329,1.1653026811135159,302.9147404273436,101325.02144940065,0.021449400650453754,440.9528086815922,34.170236038854625,15102.322747231165,298.9676441975285,25.817644197528523,30.0,101325.0,229.91077682900453,29.76474042734361,9.491732233015174,23938.403704650704,10.299585365462512
2835.0,47.25,133.0,False,9975.0,96913.22432729114,20000.0,0.0,34.54903807359403,0.013645471478143961,39.8589292202627,39.906652673547384,1.1653277170772751,302.90817301226565,101325.00151999095,0.0015199909539660439,440.8856069559488,34.23135882107924,15102.647213321487,298.96838856746893,25.818388567468958,30.0,101325.0,229.88067692564914,29.758173012265672,9.508710783633123,24067.094711784917,10.332922517140593
2840.0,47.333333333333336,132.0,False,9900.0,94258.23587250437,20000.0,0.0,34.505095216946984,-0.09175361087244023,40.01857225940103,39.94453679465388,1.1653550855287351,302.9008492028245,101324.9312757134,-0.06872428659698926,440.8172798876679,34.2767086965005,15103.001908452408,298.969131643522,25.81913164352204,30.0,101325.0,229.85044879449293,29.750849202824497,9.521307971250138,24162.874111254176,10.366415551045481
2845.0,47.416666666666664,131.0,False,9825.0,91675.98221468655,20000.0,0.0,34.45768360999739,-0.06006960088452595,40.018202765419446,39.98214864920816,1.1653859391989243,302.8929472683329,101324.9705440249,-0.029455975105520338,440.7479231252983,34.30807538032553,15103.40177201806,298.9698733115369,25.819873311536924,30.0,101325.0,229.820369379252,29.742947268332898,9.530020938979314,24229.26931404902,10.400021206201941
2850.0,47.5,130.0,False,9750.0,89164.47074604286,20000.0,0.0,34.40620098528541,-0.07378278161218593,40.05621481550496,40.00533916624686,1.1654187811750332,302.8843668308809,101324.95556000929,-0.04443999071372673,440.677687230704,34.32700743496813,15103.82740402843,298.97061346344447,25.820613463444488,30.0,101325.0,229.79022167079728,29.7343668308809,9.535279843046702,24269.40240396904,10.433700839339455
2855.0,47.583333333333336,129.0,False,9675.0,86721.76344731096,20000.0,0.0,34.3510294618917,-0.1014198043070115,40.09752512430897,40.01567620572527,1.1654537085023837,302.8751715769819,101324.91603284322,-0.08396715678100009,440.6066721805475,34.3348482344663,15104.280062190892,298.9713519970909,25.821351997090915,30.0,101325.0,229.76007670877198,29.72517157698195,9.537457842907305,24286.03668127462,10.467419894259764
2860.0,47.666666666666664,128.0,False,9600.0,84345.97539227952,20000.0,0.0,34.29262658879259,-0.11155317105057386,40.10690847567665,40.01453712527557,1.1654909624510785,302.86543776479874,101324.8984154288,-0.10158457119541708,440.5349674160785,34.33277341003421,15104.762873365977,298.972088817291,25.822088817291046,30.0,101325.0,229.73002845641915,29.715437764798764,9.53688150278728,24281.6341963412,10.50114744348033
2865.0,47.75,127.0,False,9525.0,82035.27329327642,20000.0,0.0,34.231114134745326,-0.11852755730635418,40.102255430605105,40.00310007300449,1.1655302652851742,302.8551856891242,101324.8853160666,-0.1146839333960088,440.4626608142199,34.32180292908721,15105.272238095858,298.97282383353917,25.82282383353919,30.0,101325.0,229.70006774732676,29.70518568912422,9.533834146968669,24258.36522589675,10.534855776412439
2870.0,47.833333333333336,126.0,False,9450.0,79787.87408650386,20000.0,0.0,34.16672340023831,-0.11986657382412058,40.08173506049451,39.98241485023181,1.1655715377828748,302.8444539000397,101324.88271024065,-0.11728975934966002,440.3898273760175,34.30284075594837,15105.807129666058,298.9735569625208,25.823556962520797,30.0,101325.0,229.6702178548413,29.69445390003972,9.528566876652324,24218.18051598728,10.568520044288746
2875.0,47.916666666666664,125.0,False,9375.0,77602.04355612912,20000.0,0.0,34.09953062303043,-0.12719423572479618,40.05980317309771,39.95339154417105,1.1656144706955986,302.8332551038384,101324.86793164407,-0.1320683559315512,440.3165378071597,34.27667770830628,15106.36354021496,298.97428812562754,25.82428812562756,30.0,101325.0,229.64045450691722,29.683255103838405,9.52129936341841,24162.808577264408,10.602117953381283
2880.0,48.0,124.0,False,9300.0,75476.09499606905,20000.0,0.0,34.02982450902721,-0.13029066644075915,40.02537555982376,39.91684750065662,1.1656591143647115,302.8216374181712,101324.86142320195,-0.13857679805369116,440.24284920557784,34.244014402453715,15106.942122166662,298.9750172499073,25.82501724990732,30.0,101325.0,229.61081720983836,29.6716374181712,9.51222622290381,24093.797919590237,10.635629485670767
2885.0,48.083333333333336,123.0,False,9225.0,73408.38790843559,20000.0,0.0,33.957688746656345,-0.13765745722383485,39.989074900898125,39.87349707933699,1.1657052098283727,302.80961479110937,101324.84530958752,-0.15469041248434223,440.1688175798834,34.20547214094341,15107.53951937571,298.97574426752226,25.825744267522282,30.0,101325.0,229.58128398163888,29.65961479110939,9.501520039150947,24012.535426350536,10.669036661605448
2890.0,48.166666666666664,122.0,False,9150.0,71397.32673763805,20000.0,0.0,33.88331043434982,-0.1471604758366493,39.94905302979098,39.82397418853656,1.1657526790840624,302.79721840572495,101324.82321464777,-0.17678535223240033,440.09449004478427,34.16159782693054,15108.15472092945,298.976469114446,25.826469114446013,30.0,101325.0,229.55186387199626,29.64721840572497,9.489332729702928,23920.253458331983,10.702323320553143
2895.0,48.25,121.0,False,9075.0,69441.35963916554,20000.0,0.0,33.80693451070965,-0.15187718618175683,39.897824277237326,39.768854650034314,1.165801555854168,302.78448908511825,101324.81170057402,-0.18829942597949412,440.01990668527463,34.1128852078913,15108.788163870015,298.9771917322754,25.827191732275423,30.0,101325.0,229.52258427332336,29.634489085118275,9.475801446636474,23818.072279576532,10.735474935648913
2900.0,48.333333333333336,120.0,False,9000.0,67538.97728209892,20000.0,0.0,33.728654010603236,-0.15687502034111336,39.84180089790388,39.708643341071536,1.1658516465699709,302.7714423351005,101324.79910390198,-0.2008960980165284,439.94510692362815,34.05977377816256,15109.437339546823,298.97791206657587,25.82791206657589,30.0,101325.0,229.49342748894492,29.62144233510054,9.461048271711821,23706.996067499076,10.768478455334382
2905.0,48.416666666666664,119.0,False,8925.0,65688.71168442874,20000.0,0.0,33.64864422673645,-0.15990398468469785,39.77882812074416,39.6438035982173,1.165902906312525,302.7581073711227,101324.79127114842,-0.20872885157587007,439.8701235745687,34.00266298640705,15110.101665810325,298.9786300677093,25.828630067709298,30.0,101325.0,229.46440166007082,29.608107371122742,9.445184162890849,23587.941576126716,10.801322162031346
2910.0,48.5,118.0,False,8850.0,63889.13508028038,20000.0,0.0,33.5671472504921,-0.15335627380288336,39.700453342775376,39.574743534410885,1.1659554079770897,302.74452454174866,101324.80801512886,-0.19198487114044838,439.79498378530633,33.94190143435443,15110.782087383082,298.97934568805476,25.829345688054786,30.0,101325.0,229.43553516302114,29.594524541748683,9.42830595398734,23461.71496407144,10.833995534628704
2915.0,48.583333333333336,117.0,False,8775.0,62138.85881817185,20000.0,0.0,33.48393027810846,-0.16476194063864671,39.639114948806764,39.50182273759699,1.1660084849553602,302.7306550463514,101324.77839594218,-0.22160405782051384,439.71972394265254,33.87781756932008,15111.46996502147,298.9800588861039,25.830058886103927,30.0,101325.0,229.40671569286337,29.58065504635141,9.41050488036669,23329.07533087522,10.866489139000194
2920.0,48.666666666666664,116.0,False,8700.0,60436.53228945463,20000.0,0.0,33.399430151611,-0.17043291912947708,39.56757198435763,39.42539649305354,1.166062552865942,302.71657169193514,101324.76287853124,-0.23712146875914186,439.64435909506204,33.81070457682911,15112.17068514261,298.98076962294573,25.830769622945752,30.0,101325.0,229.37803279123597,29.566571691935167,9.39186238245253,23190.70297842253,10.898794540603873
2925.0,48.75,115.0,False,8625.0,58780.84188611032,20000.0,0.0,33.31376284656619,-0.17127557651051048,39.48718649496454,39.34576836909583,1.1661175267387665,302.702293807761,101324.76052797462,-0.23947202537965495,439.56891011344493,33.74082583179462,15112.883146534414,298.98147786254356,25.83147786254358,30.0,101325.0,229.34948052815042,29.552293807761032,9.372451619942952,23047.210825833885,10.93090420296794
2930.0,48.833333333333336,114.0,False,8550.0,57170.50998709909,20000.0,0.0,33.22696975824124,-0.1724531667536067,39.404258369611966,39.26321960559002,1.166173217710073,302.6878282930402,101324.75722371654,-0.2427762834558962,439.4933971699841,33.66842850557678,15113.604901522547,298.9821835732416,25.83218357324165,30.0,101325.0,229.3210321922537,29.537828293040207,9.352341251549104,22899.17246963249,10.962811413589792
2935.0,48.916666666666664,113.0,False,8475.0,55604.29397247748,20000.0,0.0,33.139149521533,-0.17466739043925059,39.31986435531852,39.17800682208322,1.1662295394367959,302.67319158692214,101324.75094940994,-0.24905059006414376,439.41783648972165,33.593735621722765,15114.334831100874,298.98288672584374,25.832886725843764,30.0,101325.0,229.2926791965389,29.523191586922167,9.331593228256324,22747.10595473522,10.99451021805116
2940.0,49.0,112.0,False,8400.0,54080.985264525174,20000.0,0.0,33.0503266416772,-0.18309896594332037,39.24027640733611,39.09036295956589,1.1662862993332084,302.65838777361284,101324.72632464221,-0.2736753577919444,439.34224403708413,33.51695289734151,15115.07043935838,298.983587294251,25.833587294251004,30.0,101325.0,229.2643919464152,29.508387773612867,9.310264693705975,22591.488033462,11.025995352765186
2945.0,49.083333333333336,111.0,False,8325.0,52599.408395140454,20000.0,0.0,32.960879112666476,-0.1792511207201288,39.14417617523582,39.00051999317393,1.1663438804694064,302.64347985211106,101324.73770641405,-0.26229358595446683,439.26662440212976,33.43826863264185,15115.816690883508,298.9842852549426,25.834285254942642,30.0,101325.0,229.2362480799639,29.49347985211108,9.288407953511626,22432.754199153518,11.057262187648945
2950.0,49.166666666666664,110.0,False,8250.0,51158.42009878485,20000.0,0.0,32.87054602995681,-0.18646302008643578,39.05894610640148,38.908663255292936,1.1664016572631881,302.6284243383261,101324.7161758542,-0.2838241457939148,439.1909972151316,33.35786005876151,15116.565478130919,298.9849805876138,25.834980587613813,30.0,101325.0,229.208134824139,29.478424338326136,9.266072238544865,22271.311775546776,11.088306677909154
2955.0,49.25,109.0,False,8175.0,49756.90843027712,20000.0,0.0,32.77963767010351,-0.19017466987232778,38.96781976431681,38.814989779261644,1.1664599258731603,302.61327294501723,101324.70476404032,-0.29523595968203153,439.1153653211819,33.275887939490474,15117.320639316156,298.98567327391015,25.835673273910174,30.0,101325.0,229.18011183112,29.463272945017252,9.24330220541402,22107.529319191966,11.119125317558277
2960.0,49.333333333333336,108.0,False,8100.0,48393.791906755716,20000.0,0.0,32.68828129748954,-0.1878968813456669,38.8680738007114,38.71967501872149,1.1665187004810436,302.5980468829149,101324.71179397535,-0.28820602464838885,439.03973486216245,33.19250261719289,15118.082358234324,298.98636329808323,25.836363298083256,30.0,101325.0,229.15218504217245,29.448046882914923,9.220139615886914,21941.74911149595,11.149715094246256
2965.0,49.416666666666664,107.0,False,8025.0,47068.01867314752,20000.0,0.0,32.596419575000255,-0.188302510881324,38.769971137795004,38.62287420979723,1.1665777104455513,302.58273659583335,101324.71054828078,-0.28945171921805013,438.96411534742964,33.10784516450772,15118.847127374343,298.9870506468755,25.837050646875525,30.0,101325.0,229.12430621369458,29.432736595833376,9.1966236568077,21774.289700471847,11.180073454532344
2970.0,49.5,106.0,False,7950.0,45778.56569049916,20000.0,0.0,32.5041168694205,-0.1920970615976744,38.67448547719881,38.52473735219963,1.166636888444315,302.56735281157006,101324.69876505245,-0.30123494754661806,438.8885117623079,33.022046305746024,15119.614074238321,298.98773530906647,25.83773530906649,30.0,101325.0,229.09646470464222,29.417352811570083,9.172790640485006,21605.444045704644,11.210198269633855
2975.0,49.583333333333336,105.0,False,7875.0,44524.43794654434,20000.0,0.0,32.41150954614545,-0.1952070902549909,38.57701507036534,38.42540769160819,1.16669629069534,302.5519182576909,101324.68893217889,-0.3110678211087361,438.8129260182781,32.93522744355946,15120.383927411605,298.98841727538974,25.83841727538976,30.0,101325.0,229.0686725348774,29.40191825769091,9.14867428987763,21435.48188356755,11.240087801529183
2980.0,49.666666666666664,104.0,False,7800.0,43304.66768789806,20000.0,0.0,32.31867551910079,-0.19708795356528247,38.47705829116292,38.32501687206975,1.1667558885916707,302.5364459198501,101324.6829088862,-0.31709111380041577,438.73736042848157,32.847502418290645,15121.156316148052,298.989096538593,25.839096538593026,30.0,101325.0,229.04092527492503,29.386445919850132,9.124306227302958,21264.65348992586,11.269740673316333
2985.0,49.75,103.0,False,7725.0,42118.313673285316,20000.0,0.0,32.22567712871796,-0.19791930776543198,38.37494853397655,38.223687653700544,1.166815636733269,302.52094618811964,101324.68022814378,-0.31977185621508397,438.661816672673,32.75897789706977,15121.930652063165,298.9897730932921,25.839773093292138,30.0,101325.0,229.01321487275098,29.37094618811966,9.09971608251938,21093.190717266174,11.299155842904659
2990.0,49.833333333333336,102.0,False,7650.0,40964.46044722801,20000.0,0.0,32.132567857531626,-0.19818450387944608,38.271365054652414,38.12153485023868,1.1668754832790091,302.50542797625525,101324.67937063202,-0.3206293679832015,438.58629570101243,32.66975388249161,15122.706263295959,298.9904469358604,25.840446935860427,30.0,101325.0,228.98553163774025,29.35542797625527,9.074931634025448,20921.308262369002,11.328332578307183
2995.0,49.916666666666664,101.0,False,7575.0,39842.21763362954,20000.0,0.0,32.03936297547136,-0.20043858924882768,38.16939252641881,38.018664695937645,1.1669353228400292,302.4898938292452,101324.6720356893,-0.3279643106943695,438.51079854751555,32.579924484083406,15123.481784006777,298.9911180643781,25.841118064378122,30.0,101325.0,228.95785542387472,29.339893829245227,9.049979023356501,20749.205425199078,11.357270435034662
3000.0,50.0,100.0,False,7500.0,38750.71924871201,20000.0,0.0,31.94611080869322,-0.20499589626398076,38.06949950300151,37.91517837353418,1.1669951097133298,302.47435180144885,101324.65695251033,-0.3430474896740634,438.4353246592808,32.4895777693944,15124.256621884753,298.9917864784425,25.841786478442543,30.0,101325.0,228.93017697948986,29.32435180144887,9.024882713720666,20577.06608782096,11.385969234696482
3005.0,50.083333333333336,99.2,False,7440.0,37689.12303277596,20000.0,0.0,31.852930095122588,-0.20875176166455178,37.96816762499649,37.8111740418178,1.167054884395716,302.4588216825204,101324.64426695512,-0.35573304488207214,438.3600271319939,32.398796789575044,15125.03130176848,298.99245217919145,25.84245217919147,30.0,101325.0,228.90258419812352,29.30882168252043,8.999665774881958,20405.06093651345,11.414429045130047
3010.0,50.166666666666664,98.4,False,7380.0,36656.609800266786,20000.0,0.0,31.75994477978668,-0.2083075034705768,37.86153358605972,37.706747773953374,1.1671147030860338,302.4433241299644,101324.6457794612,-0.3542205387930153,438.2850559404928,32.30766236964613,15125.806551994998,298.99311516968254,25.843115169682562,30.0,101325.0,228.87516643372737,29.293324129964446,8.974350658235037,20233.352946310883,11.442650165882009
3015.0,50.25,97.6,False,7320.0,35652.382807646485,20000.0,0.0,31.667173381021712,-0.2052080237120339,37.75148592636959,37.60198703581402,1.1671744934094812,302.42786223017026,101324.65624217963,-0.3437578203738667,438.21040521284965,32.21625151006626,15126.581434586877,298.9937754545345,25.843775454534523,30.0,101325.0,228.84790645103377,29.277862230170285,8.948958752796182,20062.094498737246,11.470633115496625
3020.0,50.333333333333336,96.8,False,7260.0,34675.6671385829,20000.0,0.0,31.574473707874745,-0.210082314575483,37.65048653788313,37.49696714587797,1.1672339328211476,302.41241228464577,101324.63971772329,-0.36028227671340574,438.13607255438166,32.1246376510402,15127.351769362072,298.99443303983077,25.84443303983079,30.0,101325.0,228.82073979730416,29.26241228464579,8.923510458622278,19891.42806984843,11.498378617280366
3025.0,50.416666666666664,96.0,False,7200.0,33725.709105981965,20000.0,0.0,31.48205702991777,-0.21308133292664963,37.54714351981297,37.391772538539094,1.1672932672587795,302.3970095049863,101324.62935792292,-0.3706420770758996,438.062046312012,32.032886325429,15128.12074367378,298.99508793227034,25.84508793227036,30.0,101325.0,228.79370865137935,29.247009504986295,8.898023979285833,19721.478391369925,11.525887580100656
3030.0,50.5,95.2,False,7140.0,32801.775670401665,20000.0,0.0,31.390058550590993,-0.2088296084081817,37.43526981982645,37.28647968885321,1.1673526267261611,302.3816764250985,101324.644001589,-0.3559984110033838,437.9883163480514,31.941059483819462,15128.89004237105,298.9957401397561,25.845740139756117,30.0,101325.0,228.76683322997582,29.2316764250985,8.872516523283183,19552.360819225152,11.553161079552456
3035.0,50.583333333333336,94.4,False,7080.0,31903.153874398766,20000.0,0.0,31.29822779729875,-0.21344825503637813,37.33370851859919,37.181145189430424,1.1674115321308356,302.36637129954977,101324.6280803463,-0.37191965369856916,437.91488161072544,31.84921869117138,15129.653456415628,298.99638967180755,25.84638967180757,30.0,101325.0,228.7400191325298,29.21637129954979,8.84700519199205,19384.18737093708,11.580200349128958
3040.0,50.666666666666664,93.6,False,7020.0,31029.15029237202,20000.0,0.0,31.206812731962373,-0.21485300608283936,37.2284505347485,37.0758412840578,1.1674703028380164,302.35113545532704,101324.62316886349,-0.37683113651291933,437.8417284611243,31.757417035730786,15130.415124780693,298.99703653812327,25.84703653812329,30.0,101325.0,228.7133218679076,29.201135455327062,8.82150473214744,19217.05207325102,11.607006765409643
3045.0,50.75,92.8,False,6960.0,30179.090495477074,20000.0,0.0,31.115871571899675,-0.21162218395709367,37.117900429667785,36.970628828560685,1.167528960654486,302.3359785953166,101324.63441674496,-0.36558325504302047,437.7688476438682,31.66570601198271,15131.175330082138,298.9976807496124,25.847680749612437,30.0,101325.0,228.6867409079649,29.185978595316612,8.796029447772975,19051.043848675574,11.633581832022093
3050.0,50.833333333333336,92.0,False,6900.0,29352.318531200443,20000.0,0.0,31.025184679403765,-0.2176071212375157,37.01824583760925,36.86555406112055,1.1675870894234106,302.32086411323394,101324.61344604724,-0.3865539527614601,437.69623635068854,31.57413643493254,15131.928678927403,298.9983223184555,25.84832231845553,30.0,101325.0,228.66019331796676,29.17086411323396,8.770593454147928,18886.248259255783,11.659927173763712
3055.0,50.916666666666664,91.2,False,6840.0,28548.196417190706,20000.0,0.0,30.93513897340904,-0.21292046205832674,36.90637883434452,36.760683591249474,1.16764524271947,302.30585649556815,101324.62991736193,-0.3700826380663784,437.6238768598755,31.482750279214155,15132.682345644329,298.9989612566723,25.84896125667234,30.0,101325.0,228.63377830603156,29.155856495568173,8.745208410892822,18722.73300435839,11.686044521863444
3060.0,51.0,90.4,False,6780.0,27766.103648956578,20000.0,0.0,30.845386693517867,-0.21820661822756546,36.80639157325995,36.65605222846691,1.167702808657214,302.29089778225296,101324.61131323887,-0.3886867611290654,437.5517689666639,31.391593782855676,15133.428400197496,298.9995975781979,25.849597578197915,30.0,101325.0,228.60737599038725,29.140897782252978,8.719887161904355,18560.571644660264,11.711935705647486
3065.0,51.083333333333336,89.6,False,6720.0,27005.436721051752,20000.0,0.0,30.756276302402853,-0.21561313937411164,36.69753942442051,36.55171867692999,1.167760287261372,302.27604605040045,101324.620497748,-0.3795022520062048,437.47989554592266,31.300703642398197,15134.173322907382,299.00023129653505,25.85023129653507,30.0,101325.0,228.58107537594805,29.126046050400475,8.694639900666166,18399.819060452817,11.737602643637146
3070.0,51.166666666666664,88.8,False,6660.0,26265.60866137717,20000.0,0.0,30.667588374831666,-0.21843490301899646,36.595349299371165,36.44771703535469,1.1678172783848304,302.2612647291386,101324.61049953586,-0.38950046413810924,437.4082529208775,31.21011969078273,15134.911927867402,299.0008624267667,25.850862426766696,30.0,101325.0,228.55479625481024,29.11126472913861,8.669477691884092,18240.534193095,11.763047333396553
3075.0,51.25,88.0,False,6600.0,25546.04857824137,20000.0,0.0,30.579512716346812,-0.217447105993041,36.489118601930876,36.344094271587814,1.167874036535333,302.24658545272445,101324.61401433547,-0.38598566452856176,437.33682751698643,31.11987520452789,15135.647513497915,299.00149098389585,25.85149098389587,30.0,101325.0,228.52858140004358,29.09658545272447,8.644409779035525,18082.763011969073,11.788271845344514
3080.0,51.333333333333336,87.2,False,6540.0,24846.201219829283,20000.0,0.0,30.491953726616885,-0.21894574229572447,36.38621796403609,36.24088412296649,1.1679303653830297,302.23199228776946,101324.6086756076,-0.39132439240347594,437.265612430364,31.030004182724607,15136.377535364067,299.0021169839765,25.852116983976543,30.0,101325.0,228.5023888313622,29.08199228776948,8.619445606312391,17926.55148548854,11.813278313745528
3085.0,51.416666666666664,86.4,False,6480.0,24165.526545739638,20000.0,0.0,30.405012613018357,-0.2184209061429983,36.2814307014083,36.13812522621772,1.1679863848245855,302.2175021021697,101324.6105494511,-0.38945054890064057,437.1945960101198,30.940536375897167,15137.103547326627,299.0027404432384,25.852740443238417,30.0,101325.0,228.4762359706412,29.067502102169726,8.594593437749214,17771.937001352257,11.838068930750278
3090.0,51.5,85.6,False,6420.0,23503.49931026034,20000.0,0.0,30.318634027599046,-0.21980225651002736,36.1793668102129,36.03584825606832,1.1680419687018813,302.2031056712665,101324.60560790231,-0.39439209768897854,437.12377021757914,30.85150124880978,15137.823914376382,299.0033613786786,25.853361378678642,30.0,101325.0,228.4500939866473,29.053105671266508,8.569861458002716,17618.95539023931,11.86264593935555
3095.0,51.583333333333336,84.8,False,6360.0,22859.608657060217,20000.0,0.0,30.232914815655022,-0.21869450103132979,36.07493854019153,35.93408726943888,1.1680972357590962,302.1888191359425,101324.60957318546,-0.3904268145415699,437.05312339551386,30.762924668755737,15138.540175437885,299.0039798074667,25.853979807466715,30.0,101325.0,228.42398006309634,29.038819135942504,8.545256852432148,17467.635320130947,11.887011627348864
3100.0,51.666666666666664,84.0,False,6300.0,22233.357724984395,20000.0,0.0,30.14776263951478,-0.2208805168152348,35.97490988494783,35.83286744261397,1.1681520065496678,302.1746271065858,101324.60172895748,-0.3982710425188998,436.98264825487246,30.674832762948657,15139.250004883696,299.0045957475241,25.854595747524115,30.0,101325.0,228.39785534802687,29.024627106585797,8.52078687859685,17318.005026909756,11.911168322034309
3105.0,51.75,83.2,False,6240.0,21624.263264649177,20000.0,0.0,30.0633380370989,-0.21840679753580017,35.870045079842676,35.73222124350658,1.1682065063769334,302.16055633951646,101324.61059976155,-0.3894002384477062,436.9123316166294,30.587247244775423,15139.956322645055,299.00520921671074,25.85520921671076,30.0,101325.0,228.37175705677095,29.010556339516484,8.496457567993172,17170.084450780578,11.935118384171593
3110.0,51.833333333333336,82.4,False,6180.0,21031.855265540376,20000.0,0.0,29.979455276416616,-0.22196632918086898,35.77282265011797,35.632166700315004,1.168260412288249,302.14657587940275,101324.59780366294,-0.4021963370614685,436.8421682894513,30.500191845517538,15140.654943255706,299.0058202338341,25.855820233834095,30.0,101325.0,228.34561938927482,28.99657587940277,8.47227551264376,17023.896237747424,11.958864204094182
3115.0,51.916666666666664,81.6,False,6120.0,20455.67659332761,20000.0,0.0,29.896380912777204,-0.21778177315595282,35.66722066347645,35.5327366216378,1.1683141229409388,302.1327301521295,101324.61282530025,-0.38717469974653795,436.7721426790471,30.413684063146494,15141.351033314566,299.006428817251,25.856428817251015,30.0,101325.0,228.31951216896158,28.982730152129534,8.448245573096248,16879.451922889,11.982408195872402
3120.0,52.0,80.8,False,6060.0,19895.28263711453,20000.0,0.0,29.81381142967905,-0.22277908342137667,35.57297317526934,35.433941403705234,1.1683671326484844,302.11896857161315,101324.59485289788,-0.40514710212301,436.70225226619254,30.327745803138672,15142.038039124358,299.0070349865746,25.857034986574604,30.0,101325.0,228.293335298426,28.968968571613175,8.424373834205188,16736.769859248114,12.005752794332219
3125.0,52.083333333333336,80.0,False,6000.0,19350.240966352743,20000.0,0.0,29.73211829341028,-0.2174306575881878,35.467358146923864,35.335814468163754,1.1684200111739784,302.1053530489017,101324.61407272768,-0.38592727232025936,436.6324791530589,30.242390690193538,15142.72334481476,299.0076387605501,25.857638760550117,30.0,101325.0,228.26719080742993,28.955353048901713,8.400664080609316,16595.854138178936,12.028900449885986
3130.0,52.166666666666664,79.2,False,5940.0,18820.130997154854,20000.0,0.0,29.650914587144598,-0.22304806762052828,35.37521403717048,35.23836020330306,1.1684721243776355,302.0918190978574,101324.59387395535,-0.40612604464695323,436.5628227130704,30.157638738769318,15143.398731934156,299.0082401594295,25.8582401594295,30.0,101325.0,228.24095452069056,28.941819097857433,8.377121871880366,16456.719005683117,12.051853625680334
3135.0,52.25,78.4,False,5880.0,18304.543667748974,20000.0,0.0,29.5706087857061,-0.21802894368202397,35.27139958414876,35.14161045904444,1.168524104716527,302.07843479761766,101324.61194595687,-0.38805404312734026,436.4932643576636,30.073500681074503,15144.072397126189,299.00883920235896,25.85883920235898,30.0,101325.0,228.21474031908627,28.928434797617683,8.353750189187362,16319.363068492941,12.074614793787402
3140.0,52.333333333333336,77.6,False,5820.0,17803.08112282436,20000.0,0.0,29.490831565182702,-0.22262389063261206,35.17951477427207,35.045567592017214,1.1685753497980012,302.0651385941971,101324.59541716996,-0.4045828300440917,436.42380308887977,29.989993882786557,15144.736533382094,299.0094359099637,25.859435909963736,30.0,101325.0,228.18843007048838,28.915138594197117,8.3305538563296,16183.795496121735,12.097186431679496
3145.0,52.416666666666664,76.8,False,5760.0,17315.356406524515,20000.0,0.0,29.41191568583463,-0.21924509234500864,35.079091133812256,34.950258087203174,1.1686263751761627,302.0519859476391,101324.6076048121,-0.3923951878969092,436.3544222013305,29.907127572689475,15145.39782228307,299.01003030188576,25.860030301885786,30.0,101325.0,228.16211577174053,28.901985947639105,8.307535436858188,16050.011952664847,12.119571020185598
3150.0,52.5,76.0,False,5700.0,16840.993163850995,20000.0,0.0,29.33361235903169,-0.22155614464025158,34.98605473868359,34.85568621805423,1.1686767734847272,302.0389353931719,101324.59928877365,-0.40071122634981293,436.2851180681626,29.824915672896054,15146.050984362064,299.01062239886596,25.860622398865985,30.0,101325.0,228.13571603092032,28.88893539317195,8.284698798026682,15918.015513982094,12.141771039259657
3155.0,52.583333333333336,75.2,False,5640.0,16379.625350247294,20000.0,0.0,29.256093146650187,-0.22057592070504148,34.88995823501547,34.76187033554126,1.1687268071726629,302.0260155244417,101324.60282663841,-0.3971733615908306,436.21587776657736,29.743366988933698,15146.699420957711,299.0112122210992,25.86121222109921,30.0,101325.0,228.10927537802525,28.876015524441698,8.262046385814916,15787.800848013088,12.163788967288822
3160.0,52.666666666666664,74.4,False,5580.0,15930.896949138956,20000.0,0.0,29.179291561622108,-0.22008819188259518,34.795219181810005,34.66881901804901,1.1687763617062001,302.01321526027033,101324.60458112485,-0.39541887515224516,436.14669374723695,29.66249160569851,15147.341647712354,299.0117997892623,25.861799789262307,30.0,101325.0,228.0827675524273,28.86321526027035,8.239581001582918,15659.36457697092,12.185627276611728
3165.0,52.75,73.6,False,5520.0,15494.461697211716,20000.0,0.0,29.103182567663453,-0.22161588750768338,34.70362126768688,34.576541518348755,1.1688253899054908,302.0005304279439,101324.59907264003,-0.4009273599658627,436.077557613367,29.582298448483016,15147.97705317516,299.01238512408395,25.86238512408397,30.0,101325.0,228.05617900556365,28.85053042794391,8.217305124578616,15532.701387210827,12.2072884335313
3170.0,52.833333333333336,72.8,False,5460.0,15069.982817215894,20000.0,0.0,29.027891399743112,-0.21856441810177224,34.6074931817752,34.485051199875585,1.1688740846796868,301.98798189995716,101324.61003751135,-0.38996248865441885,436.0084577777862,29.502793886756177,15148.60813744874,299.01296824609403,25.862968246094056,30.0,101325.0,228.0295413630511,28.837981899957185,8.195220524098938,15407.801898410451,12.228774894146316
3175.0,52.916666666666664,72.0,False,5400.0,14657.13275809062,20000.0,0.0,28.953211559445663,-0.22216760071852348,34.5199261003332,34.39434902722835,1.1689221130525795,301.9755352599076,101324.59707393625,-0.40292606374714524,435.93938998608445,29.423986973271717,15149.230585161431,299.01354917645864,25.863549176458662,30.0,101325.0,228.00278748476816,28.82553525990761,8.173329714797699,15284.66094151076,12.250089104451817
3180.0,53.0,71.2,False,5340.0,14255.59294220763,20000.0,0.0,28.879425507845667,-0.21728796921448554,34.42329771582728,34.304452067131116,1.1689699202214723,301.9632375846409,101324.61457908926,-0.38542091073759366,435.870339453879,29.34588091080378,15149.85016607028,299.0141279355572,25.864127935557235,30.0,101325.0,227.97599652550159,28.813237584640945,8.151633586334382,15163.264224315537,12.271233496928085
3185.0,53.083333333333336,70.4,False,5280.0,13865.053519539353,20000.0,0.0,28.80619495301289,-0.22223412857364977,34.33893680736883,34.21535498044449,1.169016966135274,301.9510324921688,101324.59683258855,-0.4031674114521593,435.8013049433856,29.268484522991276,15150.459881113151,299.01470454484644,25.86470454484646,30.0,101325.0,227.94906255373766,28.801032492168815,8.130134589719798,15043.60626457768,12.29221049032315
3190.0,53.166666666666664,69.6,False,5220.0,13485.21312856176,20000.0,0.0,28.733899442957977,-0.21654274555558314,34.243016863139836,34.12707656505118,1.1690638524213672,301.938983240493,101324.61721828039,-0.382781719614286,435.7322698429899,29.191798629619004,15151.06752738092,299.01527902460083,25.865279024600852,30.0,101325.0,227.9220942458573,28.788983240492996,8.108832952671944,14925.669265389783,12.313022487218962
3195.0,53.25,68.8,False,5160.0,13115.77866370733,20000.0,0.0,28.66213704214954,-0.22194569654152754,34.160851812635165,34.03960776322179,1.1691099400382676,301.92702284035823,101324.59787843091,-0.4021215690881945,435.66323443482787,29.11583128110911,15151.66482289595,299.0158513963985,25.86585139639851,30.0,101325.0,227.8949671956435,28.777022840358256,8.087730911419197,14809.44668723268,12.333671873297172
3200.0,53.333333333333336,68.0,False,5100.0,12756.465049188826,20000.0,0.0,28.59131914177476,-0.2161724080584758,34.06650895731633,33.95296696420216,1.1691558831245379,301.91521985696244,101324.61852644893,-0.3814735510677565,435.5941817228658,29.040581717353007,15152.26024529401,299.01642168046556,25.866421680465578,30.0,101325.0,227.86780007736022,28.76521985696246,8.06682825482028,14694.918610744704,12.35416101586521
3205.0,53.416666666666664,67.2,False,5040.0,12406.995019019274,20000.0,0.0,28.521034087301018,-0.22147230457473147,33.985903494273124,33.867143440070514,1.1692010291231312,301.9035056812168,101324.59959198617,-0.40040801382565405,435.52511234982524,28.966056816995742,15152.84533743578,299.0169898983648,25.866989898364807,30.0,101325.0,227.84046607674875,28.753505681216836,8.046126893609928,14582.07692779469,12.374492262766974
3210.0,53.5,66.4,False,4980.0,12067.098903058377,20000.0,0.0,28.451687509787803,-0.21580614636789294,33.89337083183809,33.78215399985413,1.16924602472535,301.89194791829794,101324.61981801788,-0.38018198212375864,435.4560097541644,28.892254739792158,15153.428480440536,299.0175560702883,25.867556070288344,30.0,101325.0,227.81308260214834,28.741947918297967,8.025626316608932,14470.90046655115,12.394667941513047
3215.0,53.583333333333336,65.6,False,4920.0,11736.514418920353,20000.0,0.0,28.38287643316289,-0.2209532345340453,33.81427733447679,33.69798703073859,1.1692902328907229,301.8804794055271,101324.60146667877,-0.398533321233117,435.38687455581606,28.81918114327383,15154.00141826377,299.01812021771093,25.868120217710953,30.0,101325.0,227.7855258901118,28.73047940552715,8.00532809535384,14361.379570471694,12.414690358205423
3220.0,53.666666666666664,64.8,False,4860.0,11414.986469582514,20000.0,0.0,28.31499770216874,-0.21526898488489507,33.72341685206045,33.614657783443626,1.1693342878664719,301.86916628369477,101324.62170827875,-0.37829172125202604,435.3176906976522,28.746833247125426,15154.572370749476,299.01868236075325,25.86868236075327,30.0,101325.0,227.75791114665552,28.71916628369479,7.98523145753484,14253.492109435496,12.434561796872027
3225.0,53.75,64.0,False,4800.0,11102.266946538495,20000.0,0.0,28.247650114394105,-0.22044864288714047,33.64605667728134,33.53215365820367,1.16937755697939,301.8579416857323,101324.60328486408,-0.39671513592475094,435.24845893038065,28.675215680400356,15155.133138452895,299.01924252077595,25.86924252077597,30.0,101325.0,227.73011556614026,28.70794168573235,7.965337689000099,14147.227250486345,12.45428451864975
3230.0,53.833333333333336,63.199999999999996,False,4740.0,10798.114538344185,20000.0,0.0,28.18123421037899,-0.21456013775088575,33.556654787062435,33.450488886803825,1.1694206816862571,301.8468723683965,101324.62419548807,-0.3758045119320741,435.17916344485667,28.604324697395963,15155.692034653894,299.01980071776944,25.869800717769465,30.0,101325.0,227.7022558473119,28.696872368396498,7.945645749276657,14042.56193594696,12.473860761140328
3235.0,53.916666666666664,62.4,False,4680.0,10502.29454440869,20000.0,0.0,28.11533820602699,-0.2199002176262733,33.48117794054177,33.36964958852589,1.1694630138940774,301.8358897010045,101324.6052562799,-0.39474372009863146,435.1098053836989,28.534164135222753,15156.240660067244,299.0203569729674,25.870356972967443,30.0,101325.0,227.6742064253091,28.6858897010045,7.926156704228543,13939.48457457936,12.493292737883749
3240.0,54.0,61.6,False,4620.0,10214.578693886491,20000.0,0.0,28.050372046312418,-0.21393387499989802,33.39338096874677,33.28964926765794,1.169505211175436,301.8250620077187,101324.626386099,-0.37361390099977143,435.04036907316123,28.464729314202437,15156.78753683365,299.0209113061865,25.870911306186542,30.0,101325.0,227.64608716624093,28.675062007718736,7.906869253945121,13837.971285794672,12.512582637786787
3245.0,54.083333333333336,60.8,False,4560.0,9934.744969531266,20000.0,0.0,27.985922080282762,-0.21909295068096138,33.3193870343086,33.210473177477446,1.1695466237115595,301.81432034671377,101324.60814921602,-0.39185078398440965,434.97085586980745,28.396023300109164,15157.324243301811,299.02146373849047,25.87146373849049,30.0,101325.0,227.6177723200658,28.664320346713794,7.887784250030323,13738.009803666091,12.531732624654468
3250.0,54.166666666666664,60.0,False,4500.0,9662.57743637523,20000.0,0.0,27.92237400542149,-0.21408478542070117,33.23439694337987,33.13213304769711,1.1695878716044876,301.80372900090356,101324.62585881348,-0.37414118651940953,434.9012509251039,28.328040886953726,15157.85881599416,299.02201428954555,25.872014289545575,30.0,101325.0,227.58937485057842,28.65372900090358,7.868900246376035,13639.576065624167,12.550744837063698
3255.0,54.25,59.199999999999996,False,4440.0,9397.866075101952,20000.0,0.0,27.859381862380133,-0.21765481632509912,33.16023984103386,33.054615708607145,1.1696284136278132,301.79323031039667,101324.61327657902,-0.3867234209756134,434.8315544026196,28.260783786948455,15158.384240616459,299.02256298010866,25.872562980108682,30.0,101325.0,227.5607895536515,28.64323031039669,7.8502177185967925,13542.656333850822,12.569621387341112
3260.0,54.333333333333336,58.4,False,4380.0,9140.406619984005,20000.0,0.0,27.797209348920433,-0.21513380649837968,33.07982941964611,32.97792793718687,1.169668677072843,301.78286822482005,101324.62218322695,-0.3778167730488349,434.76175424320024,28.194247297205443,15158.906054864045,299.0231098298261,25.87310982982615,30.0,101325.0,227.53209329887457,28.632868224820072,7.831735360334845,13447.227876849756,12.58836436248743
3265.0,54.416666666666664,57.6,False,4320.0,8890.000401260353,20000.0,0.0,27.735693500165894,-0.21523267430631057,33.00330785255628,32.902062045130165,1.169708412234063,301.77261558336096,101324.62183588499,-0.37816411501262337,434.6918471288354,28.128430727696895,15159.421022553457,299.0236548589386,25.873654858938608,30.0,101325.0,227.50323580356635,28.622615583360982,7.8134529799158035,13353.274034334094,12.606975822147975
3270.0,54.5,56.8,False,4260.0,8646.454191831954,20000.0,20.0,27.676934537301577,-0.2163499609550522,56.21677788342008,56.221914003352865,1.169746327537954,301.7628224228836,101324.61789954608,-0.3821004539204296,434.61817989705116,28.063338759683912,15159.912404891886,299.02419808853864,25.874198088538662,30.0,101325.0,227.47205394103403,28.612822422883596,7.795371877689975,13260.78600477065,12.625457808286244
3275.0,54.583333333333336,56.0,False,4200.0,8409.580058157175,20000.0,20.0,27.680320719133533,-0.21352897693509018,56.144768681272765,56.15277435759585,1.1697442541403822,301.76338678652223,101324.62779898783,-0.37220101217099,434.4364787564428,28.00431731879821,15159.885533659353,299.0247404821359,25.874740482135905,30.0,101325.0,227.37655150296584,28.613386786522256,7.778977032999503,13177.293539754095,12.643817585747717
3280.0,54.666666666666664,55.199999999999996,False,4140.0,8179.195215232029,20000.0,20.0,27.68241824373149,-0.21898103056540494,56.09340506760112,56.094721765930956,1.1697426767879924,301.7637363739552,101324.60854945512,-0.39145054487744346,434.25777383900515,27.954753536018703,15159.865091172382,299.0252828461843,25.875282846184348,30.0,101325.0,227.2827139530252,28.61373637395525,7.765209315560751,13107.451315473449,12.662070880786072
3285.0,54.75,54.4,False,4080.0,7955.121885543287,20000.0,20.0,27.68398157305694,-0.2140952128501856,56.039184337856994,56.04592847500097,1.1697418661932928,301.7639969288428,101324.625822366,-0.3741776340029901,434.081345415164,27.913073896715364,15159.854585865076,299.0258251586187,25.87582515861874,30.0,101325.0,227.19021705117024,28.613996928842823,7.75363163797649,13048.910318779435,12.680235020809857
3290.0,54.833333333333336,53.6,False,4020.0,7737.18716188565,20000.0,20.0,27.684667203707477,-0.2207655012286698,56.006071165532205,56.00482652527898,1.169741149877332,301.7641112006179,101324.60214362014,-0.39785637985914946,433.90711524754823,27.877965591919263,15159.845302410222,299.02636740088724,25.87636740088726,30.0,101325.0,227.09888910720156,28.614111200617913,7.743879331088684,12999.734529682053,12.698324357510177
3295.0,54.916666666666664,52.8,False,3960.0,7525.222873937117,20000.0,20.0,27.684950469615274,-0.21588383445488407,55.96586548679346,55.970147497423575,1.1697411677527578,301.7641584116025,101324.61954424507,-0.3804557549301535,433.73499879962054,27.84831810694526,15159.845534075743,299.0269095545909,25.876909554590895,30.0,101325.0,227.00881003841766,28.614158411602546,7.7356439185959065,12958.303991430563,12.716350773149841
3300.0,55.0,52.0,True,3900.0,257319.06545848958,20000.0,20.0,27.686474340965788,-0.17848613173697553,55.893079486597415,55.94079252474449,1.1697415731570968,301.76441239016094,101324.73994041451,-0.26005958548921626,433.5649336864978,27.823206260646096,15159.850788115975,299.0274516040059,25.8774516040059,30.0,101325.0,226.91987977458137,28.614412390160965,7.728668405735027,12923.280663226158,12.734324095826684
3305.0,55.083333333333336,51.199999999999996,True,3839.9999999999995,257118.5558332346,20000.0,20.0,28.18016507698883,0.4744176244344881,55.70715609141511,56.50350772864924,1.169446914475472,301.8466941794981,101326.83732312142,1.8373231214209227,433.39788792999434,27.84201899979019,15156.032011602116,299.0280006132075,25.87800061320752,30.0,101325.0,226.77531186484956,28.696694179498138,7.733894166608386,12949.51272979031,12.752291313460724
3310.0,55.166666666666664,50.4,True,3780.0,256923.53927400667,20000.0,20.0,28.647352515378998,0.4649548068338576,55.81073932130189,56.58183741183769,1.1691444837031635,301.92455875256314,101326.76475895835,1.764758958350285,433.2323303385124,27.930977604034332,15152.112508792998,299.0285627411422,25.87856274114222,30.0,101325.0,226.63005992486546,28.774558752563166,7.758604890009537,13074.035507709563,12.770363221958988
3315.0,55.25,49.6,True,3720.0,256733.86529538975,20000.0,20.0,29.100023644329553,0.45520782515593666,55.98059383577001,56.72677272927933,1.1688515652141993,302.00000394072157,101326.6915441966,1.6915441965975333,433.0679174832761,28.076850836102558,15148.316285176024,299.02913753733407,25.87913753733409,30.0,101325.0,226.48729465010354,28.850003940721592,7.799125232250711,13279.94983720979,12.788664600670737
3320.0,55.333333333333336,48.8,True,3660.0,256549.38753459448,20000.0,20.0,29.538729526769202,0.445446653182444,56.204005191263136,56.92580648710825,1.1685678137468485,302.07312158779484,101326.61977731291,1.6197773129097186,432.9043914856463,28.26871936905605,15144.638866159155,299.0297246044367,25.879724604436717,30.0,101325.0,226.34681178187955,28.923121587794867,7.852422046960014,13554.067805168308,12.807299335144611
3325.0,55.416666666666664,48.0,True,3600.0,256369.96363851658,20000.0,20.0,29.964078024580203,0.43923796481949073,56.470297935549205,57.17235486948695,1.1682931181424172,302.1440130040967,101326.57493869175,1.5749386917450465,432.7415572904949,28.497414987815233,15141.078811125728,299.03032355878884,25.88032355878886,30.0,101325.0,226.208485485502,28.9940130040967,7.915948607726453,13885.695925726272,12.8263547266244
3330.0,55.5,47.199999999999996,True,3539.9999999999995,256195.45515388958,20000.0,0.0,30.376000347562695,0.4299064396786681,33.482564673028406,34.08905555089721,1.1680269535282077,302.21266672459376,101326.50873099492,1.5087309949158225,432.5798271448573,28.755255296466114,15137.629317725572,299.03093403090674,25.880934030906758,30.0,101325.0,226.07242738336527,29.062666724593782,7.987570915685032,14266.02345009937,12.8459045317465
3335.0,55.583333333333336,46.4,True,3480.0,256025.72742044655,20000.0,0.0,30.734537478123002,0.42250300198154167,33.80536452991341,34.39739514820127,1.1677954527301282,302.2724229130205,101326.45721458517,1.4572145851707319,432.5131881844849,29.03247994711745,15134.62906738246,299.0315550779843,25.88155507798433,30.0,101325.0,225.99280066849752,29.1224229130205,8.064577763088181,14682.62323273673,12.86600775860958
3340.0,55.666666666666664,45.6,True,3420.0,255860.64946700906,20000.0,0.0,31.084586985116857,0.41691855105325987,34.14189327430175,34.72166953918243,1.16756965914113,302.33076449751945,101326.41894757724,1.4189475772436708,432.44508915747116,29.321495142159577,15131.702782469045,299.03218584500524,25.882185845005267,30.0,101325.0,225.91352929961405,29.180764497519476,8.144859761710993,15125.494630275154,12.886707840458893
3345.0,55.75,44.8,True,3360.0,255700.09391042255,20000.0,0.0,31.426276460092936,0.4071400251888118,34.48856959150924,35.05124786024498,1.167349014582366,302.3877127433488,101326.35316734784,1.3531673478428274,432.37509824061783,29.6192252026818,15128.843228987464,299.03282610108323,25.882826101083253,30.0,101325.0,225.8342796666469,29.237712743348823,8.2275625563005,15590.94113344703,12.908038698628145
3350.0,55.833333333333336,44.0,True,3300.0,255543.93685726062,20000.0,0.0,31.760084445014968,0.40302774494646,34.84237364993261,35.39462652553753,1.1671339666482015,302.4433474075025,101326.32597031181,1.3259703118092148,432.30321725054574,29.923076658633295,15126.056207760692,299.0334756172589,25.88347561725891,30.0,101325.0,225.75513937164376,29.293347407502495,8.31196573850925,16075.703442707581,12.930029424028252
3355.0,55.916666666666664,43.199999999999996,True,3239.9999999999995,255392.05780822202,20000.0,0.0,32.085768470991866,0.3935407189942399,35.200789024928575,35.73637589558012,1.166923823756479,302.4976280784986,101326.26427997964,1.2642799796449253,432.22946041558805,30.23088837230676,15123.332755883968,299.0341341707383,25.88413417073832,30.0,101325.0,225.67598210131865,29.347628078498644,8.397468992307434,16576.925258040108,12.952704860625994
3360.0,56.0,42.4,True,3180.0,255244.3395651469,20000.0,20.0,32.40457248760492,0.38847889538126734,58.849657007518836,59.420178246552354,1.166718516371302,302.55076208126746,101326.23196614005,1.2319661400542827,432.1511810036937,30.540839027299395,15120.671972172075,299.0348015402444,25.88480154024444,30.0,101325.0,225.59541278305042,29.400762081267487,8.483566396472055,17092.049513784586,12.976086093106428
3365.0,56.083333333333336,41.6,True,3120.0,255100.66814058027,20000.0,20.0,32.74094414682611,0.3819838595625839,59.213873431184574,59.766443921908255,1.1665018959472002,302.606824024471,101326.19111566503,1.1911156650312478,431.98120882165256,30.8536327558548,15117.864571475715,299.035477900887,25.885477900886997,30.0,101325.0,225.46481337564092,29.456824024471018,8.570453543292999,17622.607483724692,13.000193493799141
3370.0,56.166666666666664,40.8,True,3060.0,254960.9326698131,20000.0,20.0,33.06651716573106,0.3749510911265224,59.58130688930224,60.1155320602476,1.1662922610955802,302.6610861942885,101326.14765976112,1.1476597611181205,431.81201973416177,31.16918931479272,15115.147703798719,299.0361633266516,25.886163326651626,30.0,101325.0,225.33600522549483,29.51108619428851,8.658108142997978,18168.863858909986,13.025048682231526
3375.0,56.25,40.0,True,3000.0,254825.02532533297,20000.0,20.0,33.38169210989565,0.36957162640605434,59.949568808230126,60.46760488128168,1.1660895009734447,302.71361535164925,101326.1149647922,1.1149647921993164,431.64343815871837,31.485457366483153,15112.519932615844,299.03685752130474,25.886857521304762,30.0,101325.0,225.2088735087783,29.563615351649275,8.745960379578653,18727.56311894223,13.050671200966146
3380.0,56.333333333333336,39.199999999999996,True,2939.9999999999995,254692.84123361862,20000.0,20.0,33.68660675068077,0.3617358466144388,60.31669240381547,60.81588677761538,1.1658932342295145,302.7644344584468,101326.06818630797,1.0681863079662435,431.47549474402393,31.80074781151042,15109.976315614507,299.03756019724545,25.887560197245477,30.0,101325.0,225.08335887030827,29.614434458446794,8.833541058752894,19295.820422451357,13.077076328425447
3385.0,56.416666666666664,38.4,True,2880.0,254564.27839421367,20000.0,20.0,33.9816179483513,0.35456969417026324,60.68105486459163,61.162404136288615,1.1657034434194569,302.81360299139186,101326.02628300428,1.0262830042775022,431.3082259185089,32.11366695860631,15107.51662671616,299.03827107346956,25.888271073469582,30.0,101325.0,224.95947531186815,29.663602991391883,8.920463044057307,19871.05602148429,13.10427554817818
3390.0,56.5,37.6,False,2820.0,124439.23760101764,20000.0,20.0,34.26281736672797,0.305913807893201,61.04132586665123,61.45668987066392,1.1655200374027825,302.8604695611213,101325.76394496212,0.7639449621201493,431.1416722103825,32.42307230856394,15105.139684740063,299.03898987584546,25.888989875845482,30.0,101325.0,224.83722476110094,29.71046956112133,9.006408974601094,20450.96214888637,13.132276949685382
3395.0,56.583333333333336,36.8,False,2760.0,121030.1596196948,20000.0,20.0,34.27929218253655,0.04493678933604205,61.37147966874565,61.481976884445196,1.1655008728858278,302.86321536375607,101325.01648420437,0.016484204374137335,430.9757254682488,32.706612621530816,15104.89131260033,299.0397125599147,25.8897125599147,30.0,101325.0,224.74698919969399,29.713215363756092,9.085170172647448,20992.199832068825,13.161056923283265
3400.0,56.666666666666664,36.0,False,2700.0,117714.47511222145,20000.0,20.0,34.29258328037713,-0.03548829276690633,61.695253762529276,61.71185444258809,1.1654920404486293,302.8654305467295,101324.9897190292,-0.01028097080416046,430.8107383780596,32.9491856665392,15104.776844214237,299.0404355743406,25.890435574340643,30.0,101325.0,224.65924852208002,29.71543054672952,9.152551574038666,21462.747041356844,13.190539525278702
3405.0,56.75,35.2,False,2640.0,114489.62551554755,20000.0,20.0,34.299277307131774,-0.04246362695286094,61.94423893084199,61.952712902888216,1.1654876960633174,302.8665462178553,101324.98528032968,-0.014719670318299904,430.6469137319034,33.1560419832373,15104.720540980594,299.0411587312817,25.891158731281735,30.0,101325.0,224.57298011945986,29.716546217855296,9.210011662010361,21869.522111802555,13.220631378857284
3410.0,56.833333333333336,34.400000000000006,False,2580.0000000000005,111353.12235979566,20000.0,20.0,34.30006127370825,0.08847832378985393,62.099287579185386,62.260539323850054,1.165488097637357,302.86667687895135,101325.06390541862,0.06390541861765087,430.48437651241386,33.33166337483648,15104.725745380145,299.04188184940915,25.891881849409174,30.0,101325.0,224.48829785021258,29.716676878951375,9.258795381899024,22218.8824725514,13.251248326485308
3415.0,56.916666666666664,33.599999999999994,False,2519.9999999999995,108302.54534802181,20000.0,20.0,34.29387652269054,-0.07964680481887695,62.36463926445982,62.33033254066492,1.1654907336072344,302.86564608711507,101324.94821539985,-0.05178460014576558,430.32322831102977,33.47990399524702,15104.759907549758,299.04260475834326,25.892604758343282,30.0,101325.0,224.40477007857098,29.71564608711509,9.299973332013062,22516.65441284854,13.282314671544613
3420.0,57.0,32.8,False,2460.0,105335.54048858238,20000.0,0.0,34.282775663437405,-0.0515388430351629,39.188535617760884,39.16549167213852,1.165498199629051,302.8637959439062,101324.97831630742,-0.02168369258288294,430.1637793027563,33.60407736760462,15104.8566671925,299.0433272969423,25.893327296942346,30.0,101325.0,224.32305766181355,29.713795943906234,9.334465935445728,22768.12033839187,13.313762431788529
3425.0,57.083333333333336,32.0,False,2400.0,102449.8182786656,20000.0,0.0,34.252979297298225,-0.07884716312631826,39.33900984010402,39.28491314736092,1.1655169762864417,302.858829882883,101324.94924999891,-0.05075000108627137,430.08297335672916,33.70599823653372,15105.100012672285,299.04404913010893,25.894049130108954,30.0,101325.0,224.28453200049935,29.708829882883037,9.362777287926034,22975.915829654186,13.345529123571893
3430.0,57.166666666666664,31.200000000000003,False,2340.0,99643.15193758647,20000.0,0.0,34.21863301172084,-0.06675630647439913,39.41964099046485,39.38046379668959,1.1655391716284669,302.85310550195345,101324.96362118813,-0.03637881187023595,430.0015530187306,33.78733615762397,15105.387664304932,299.04476993670824,25.894769936708258,30.0,101325.0,224.24634232116802,29.703105501953473,9.385371154895546,23142.651131717572,13.377555906183957
3435.0,57.25,30.39999999999999,False,2279.9999999999995,96913.37568848114,20000.0,0.0,34.179837834471755,-0.03411315957083798,39.45521267896184,39.45497003385846,1.165564365422117,302.8466396390786,101324.99050034567,-0.00949965433392208,429.9196491670087,33.85052872611593,15105.714175870637,299.04548958619256,25.895489586192582,30.0,101325.0,224.2084756503464,29.696639639078626,9.402924646143315,23272.745479337096,13.409788820497191
3440.0,57.333333333333336,29.599999999999994,False,2219.9999999999995,94258.38308707545,20000.0,0.0,34.13631269617281,-0.09565378151041017,39.581790041829905,39.51086561807525,1.165591535326343,302.8393854493621,101324.92530901292,-0.07469098707952071,429.83733731316886,33.897694364272276,15106.066297829408,299.0462079579289,25.896207957928937,30.0,101325.0,224.17077440291078,29.689385449362135,9.416026212297854,23370.162337029902,13.442179728703001
3445.0,57.416666666666664,28.799999999999997,False,2160.0,91676.12539623746,20000.0,0.0,34.08920149049652,-0.08340418326921922,39.605914563146,39.55032532328552,1.1656219629602769,302.8315335817494,101324.94321422215,-0.05678577785147354,429.75467440628694,33.93066241034217,15106.46063996519,299.0469249378111,25.89692493781115,30.0,101325.0,224.13351448495533,29.68153358174942,9.425184002872825,23438.41637474932,13.474685686141736
3450.0,57.5,28.0,False,2100.0,89164.61000506033,20000.0,0.0,34.038082673432314,-0.10146091760708725,39.6506334263501,39.57514661961982,1.165654443780819,302.82301377890536,101324.91596475264,-0.08403524736058898,429.6717254605319,33.951010808363755,15106.881591399413,299.0476404171913,25.897640417191326,30.0,101325.0,224.09649785620442,29.673013778905386,9.430836335656599,23480.610095883512,13.507268343413008
3455.0,57.583333333333336,27.200000000000003,False,2040.0000000000002,86721.89889125482,20000.0,0.0,33.983469071624654,-0.1109428720822116,39.67228062779333,39.586947978247395,1.165689292981451,302.8139115119374,101324.8995239113,-0.10047608870081604,429.58853754796513,33.96011974768762,15107.333237039606,299.04835429549615,25.898354295496176,30.0,101325.0,224.05980941093486,29.663911511937442,9.433366596579894,23499.514467525147,13.539893429915375
3460.0,57.666666666666664,26.39999999999999,False,1979.9999999999993,84346.10712566573,20000.0,0.0,33.92548248100684,-0.12365712428268187,39.68599297295087,39.58710858750789,1.165726217494524,302.8042470801678,101324.87517482134,-0.12482517866010312,429.5051563212324,33.95918183309955,15107.811778729032,299.04906647656105,25.899066476561075,30.0,101325.0,224.02341636497482,29.654247080167806,9.433106064749875,23497.56748422094,13.572530292381865
3465.0,57.75,25.599999999999994,False,1919.9999999999995,82035.40141775763,20000.0,0.0,33.864518420705735,-0.12150604183995284,39.67191912435119,39.57685595277802,1.16576538458946,302.79408640345093,101324.8794798514,-0.12052014860091731,429.4216180086344,33.94924611414461,15108.319384279403,299.04977687131094,25.899776871310962,30.0,101325.0,223.98736951198254,29.644086403450956,9.430346142817946,23476.94888443228,13.605151484304542
3470.0,57.833333333333336,24.799999999999997,False,1859.9999999999998,79787.99870094791,20000.0,0.0,33.800581926204245,-0.12386460854994952,39.65369214562578,39.557248310142334,1.1658063578818252,302.783430321034,101324.87475558162,-0.12524441837740596,429.33795877992355,33.93123398470276,15108.850398148455,299.0504853968072,25.9004853968072,30.0,101325.0,223.95160362960704,29.63343032103404,9.425342773528543,23439.600880671933,13.63773242164142
3475.0,57.916666666666664,24.0,False,1800.0,77602.16475669532,20000.0,0.0,33.733927688149265,-0.12466461109713095,39.62517283814171,39.52921154512124,1.1658491138866574,302.7723212813582,101324.87313252849,-0.12686747151019517,429.2542071077141,33.90594123568913,15109.40451597108,299.05119197300326,25.90119197300328,30.0,101325.0,223.91612885023684,29.62232128135821,9.418317009913645,23387.22346346632,13.670251049658182
3480.0,58.0,23.200000000000003,False,1740.0000000000002,75476.21287628236,20000.0,0.0,33.66453724474354,-0.14183708094785016,39.608079121212306,39.4935700034219,1.165893217960279,302.76075620745723,101324.8357734079,-0.16422659209638368,429.17039091824023,33.87408846284876,15109.976104765215,299.05189652834537,25.90189652834539,30.0,101325.0,223.88087607361098,29.610756207457257,9.409469017457988,23321.372323165804,13.702687574510009
3485.0,58.083333333333336,22.39999999999999,False,1679.9999999999993,73408.50255925882,20000.0,0.0,33.59292859710888,-0.14451868425673822,39.567203566752816,39.451068214064335,1.165939106941807,302.74882143285146,101324.82950489715,-0.17049510285141878,429.0865278811043,33.83630240994513,15110.57082596582,299.05259899437175,25.902598994371772,30.0,101325.0,223.8459382298477,29.59882143285148,9.398972891651425,23243.415393001535,13.735024232646238
3490.0,58.166666666666664,21.599999999999994,False,1619.9999999999995,71397.43824754203,20000.0,0.0,33.5190416588473,-0.15244015281663362,39.52617639409891,39.40234604151523,1.165986313167517,302.7365069431412,101324.81030203926,-0.18969796074088663,429.00263985785,33.7931462801436,15111.182618651019,299.05329930842964,25.903299308429666,30.0,101325.0,223.81123675221806,29.586506943141217,9.386985077817668,23154.592122990172,13.767245071199008
3495.0,58.25,20.799999999999997,False,1559.9999999999998,69441.4680941974,20000.0,0.0,33.443223373867795,-0.15073942124321565,39.46826460398125,39.34798233077313,1.1660350325193067,302.7238705623113,101324.81451123986,-0.18548876013664994,428.9187409065217,33.745111624784414,15111.814021450216,299.0539974106187,25.90399741061873,30.0,101325.0,223.77681641742322,29.5738705623113,9.37364211799567,23055.9943798156,13.799335756270402
3500.0,58.333333333333336,20.0,False,1500.0,67539.08276594845,20000.0,0.0,33.365478005470436,-0.1511792171611976,39.40768508954967,39.28848608924025,1.1660849322544813,302.7109130009117,101324.8134273004,-0.18657269960385747,428.8348468426934,33.69264536613196,15112.460722018079,299.0546932467721,25.904693246772126,30.0,101325.0,223.74262146102365,29.56091300091174,9.359068157258879,22948.620429451825,13.831283405443504
3505.0,58.416666666666664,19.200000000000003,False,1440.0000000000002,65688.81427849307,20000.0,0.0,33.28578487704783,-0.1660225417640213,39.3591902322008,39.22431858709635,1.166135657004558,302.6976308128413,101324.7749919643,-0.2250080357043771,428.7509715288246,33.63615403704531,15113.118114779072,299.05538676763086,25.905386767630887,30.0,101325.0,223.70859081040024,29.547630812841305,9.343376121401475,22833.382313625872,13.863076462903974
3510.0,58.5,18.39999999999999,False,1379.9999999999993,63889.23486372668,20000.0,0.0,33.204620469434076,-0.16974425919518638,39.29346915515952,39.15590532669578,1.1661876559276494,302.6841034115723,101324.76479090996,-0.23520909003855195,428.6671209227776,33.57599021707105,15113.792020822335,299.05607792555907,25.90607792555909,30.0,101325.0,223.6748136312388,29.534103411572346,9.326663949186404,22711.077504417633,13.89470455999984
3515.0,58.583333333333336,17.599999999999994,False,1319.9999999999995,62138.95586799846,20000.0,0.0,33.121976697522996,-0.17299229285951978,39.22330416661438,39.083619721896305,1.1662406223554793,302.67032944958714,101324.75570340091,-0.2442965990921948,428.58330505317446,33.512483592758365,15114.478465727012,299.0567666786505,25.906766678650513,30.0,101325.0,223.64123620745985,29.520329449587166,9.309023220210657,22582.451879876113,13.926158399850044
3520.0,58.666666666666664,16.799999999999997,False,1259.9999999999998,60436.62668055049,20000.0,0.0,33.03796578274307,-0.1767006652326888,39.150127405480085,39.0078027758534,1.16629445440849,302.65632763045716,101324.74511734617,-0.25488265382591635,428.4995309247013,33.44593008087053,15115.176129134028,299.0574529879584,25.907452987958436,30.0,101325.0,223.6078425551411,29.50632763045718,9.290536133575147,22448.17725545278,13.95742967008291
3525.0,58.75,16.0,False,1200.0,58780.933691312755,20000.0,0.0,32.95281027135263,-0.17395523275884342,39.06619878483587,38.9287679723075,1.1663492389520562,302.6421350452254,101324.75297613874,-0.24702386125863995,428.4158028498981,33.37659653920149,15115.886136818648,299.0581368175696,25.90813681756964,30.0,101325.0,223.57465148152977,29.49213504522544,9.271276816444859,22308.86098484303,13.988510946638671
3530.0,58.833333333333336,15.200000000000003,False,1140.0000000000002,57170.59927725,20000.0,0.0,32.86641073742089,-0.17921146839576454,38.988639183602885,38.84679034866878,1.1664045628545634,302.62773512290346,101324.73782244568,-0.2621775543229887,428.3321275769219,33.30473112484944,15116.603134595141,299.05881813558767,25.908818135587694,30.0,101325.0,223.54158722802205,29.477735122903482,9.251314201347066,22165.0668763948,14.01939561876453
3535.0,58.916666666666664,14.399999999999991,False,1079.9999999999993,55604.38081647801,20000.0,0.0,32.779014566032515,-0.18299386338370413,38.906675931410014,38.76213547128905,1.166460578002259,302.61316909433873,101324.72663874256,-0.27336125743750017,428.24850669493054,33.23055763931182,15117.329090909278,299.05949691259445,25.909496912594477,30.0,101325.0,223.50867967069897,29.463169094338753,9.230710455364393,22017.30395341396,14.050077820729676
3540.0,59.0,13.599999999999994,False,1019.9999999999995,54081.06972938891,20000.0,0.0,32.69068844661422,-0.18772898004099545,38.82337524469311,38.675039838056485,1.1665171598126942,302.5984480744357,101324.71230881676,-0.28769118324271403,428.1649428327368,33.154282826209325,15118.062391172518,299.0601731223272,25.91017312232725,30.0,101325.0,223.47590624121807,29.448448074435703,9.209523007280369,21866.041308903128,14.080552366050728
3545.0,59.083333333333336,12.799999999999997,False,959.9999999999998,52599.49054604508,20000.0,0.0,32.60166872861771,-0.18464708083876538,38.728746418573856,38.58572934115097,1.1665744656531318,302.5836114547696,101324.72167718806,-0.2783228119369596,428.0814357850804,33.07609627778705,15118.80507486459,299.0608467411797,25.91084674117974,30.0,101325.0,223.44329691501503,29.43361145476962,9.187804521607514,21711.70815232952,14.110814692065473
3550.0,59.166666666666664,12.0,False,900.0,51158.49999912249,20000.0,0.0,32.51181097262645,-0.1889590721608544,38.64070767728813,38.49439606222741,1.1666320563766353,302.5686351621044,101324.70852627794,-0.2914737220562529,427.99798872109915,32.99617548808369,15119.551450641193,299.06151774861075,25.911517748610777,30.0,101325.0,223.41076917264883,29.418635162104408,9.16560430224547,21554.704060545446,14.140860811657749
3555.0,59.25,11.200000000000003,False,840.0000000000002,49756.98614170324,20000.0,0.0,32.42129974882323,-0.19440708937821596,38.55216117550565,38.40123196197378,1.166690027887248,302.5535499581372,101324.69147660081,-0.308523399187834,427.91460036785924,32.914682601268424,15120.302761418736,299.06218612623024,25.912186126230267,30.0,101325.0,223.37834068446054,29.403549958137205,9.142967389241228,21395.392838464624,14.170687267837616
3560.0,59.333333333333336,10.399999999999991,False,779.9999999999993,48393.86748923667,20000.0,0.0,32.33027125912304,-0.19780132065225858,38.4595681864944,38.30641345312626,1.1667484088437527,302.53837854318715,101324.68060928611,-0.3193907138920622,427.83126931372584,32.831768325347795,15121.059378615035,299.06285185810174,25.91285185810176,30.0,101325.0,223.3460161615003,29.388378543187173,9.119935645929942,21234.110547225057,14.200291089633234
3565.0,59.416666666666664,9.599999999999994,False,719.9999999999995,47068.092185006884,20000.0,0.0,32.23879135719642,-0.20009375574304517,38.36420088380978,38.21010177815454,1.166807125229411,302.52313189286605,101324.6731631748,-0.3268368252029177,427.7479942807071,32.74757322950173,15121.820342973166,299.06351493064795,25.913514930647978,30.0,101325.0,223.31378072928774,29.37313189286607,9.096548119306036,21071.16831870206,14.229669755512349
3570.0,59.5,8.799999999999997,False,659.9999999999998,45778.63718846271,20000.0,0.0,32.14692959085596,-0.20170203013984087,38.26669802926369,38.11244749020811,1.1668661180303406,302.50782159847597,101324.6678880901,-0.3321119098982308,427.66477336997275,32.66222825506458,15122.584889673215,299.06417533245684,25.914175332456864,30.0,101325.0,223.28162207097722,29.357821598475994,9.072841181962385,20906.853635050495,14.2588211596469
3575.0,59.583333333333336,8.0,False,600.0,44524.50748578379,20000.0,0.0,32.05476465466779,-0.2022539894560507,38.166768445312265,38.01359161791075,1.1669253515155489,302.49246077577794,101324.66606794897,-0.3339320510276593,427.5816040637529,32.57585548941965,15123.352555641513,299.06483305415514,25.914833054155167,30.0,101325.0,223.24953200954437,29.342460775777965,9.048848747061015,20741.432123378716,14.287743580312476
3580.0,59.666666666666664,7.200000000000003,False,540.0000000000002,43304.735322073684,20000.0,0.0,31.96236971005021,-0.2014745882246781,38.06422473977497,37.91366590488349,1.1669847894634915,302.4770616183417,101324.66863665551,-0.33136334449227434,427.49848343220924,32.488569043229674,15124.122871446849,299.06548808832184,25.915488088321865,30.0,101325.0,223.21750206406023,29.327061618341702,9.024602512008244,20575.149536550438,14.316435650909648
3585.0,59.75,6.3999999999999915,False,479.9999999999994,42118.37945458733,20000.0,0.0,31.86976491750113,-0.2019922754903651,37.96225234385504,37.81279163750729,1.1670443191883155,302.46162748625017,101324.66693159708,-0.3330684029206168,427.4154086578126,32.400476156557836,15124.89437668057,299.0661404294594,25.916140429459404,30.0,101325.0,223.18550919431513,29.311627486250188,9.00013226571051,20408.234143417343,14.344896334020737
3590.0,59.833333333333336,5.599999999999994,False,419.99999999999955,40964.524426416865,20000.0,0.0,31.776952738697446,-0.20720471555614478,37.864924668166765,37.71108179147748,1.1671038074541198,302.4461587897829,101324.64952004777,-0.35047995223430917,427.3323766947459,32.311677462298015,15125.665344605392,299.06679007384275,25.916790073842776,30.0,101325.0,223.15352632813085,29.296158789782908,8.975465961749448,20240.89749246117,14.373124897656764
3595.0,59.916666666666664,4.799999999999997,False,359.9999999999998,39842.27986007506,20000.0,0.0,31.684094763919006,-0.21101944923822202,37.76525590703015,37.60864886090243,1.1671633818047265,302.43068246065314,101324.63649626158,-0.3635037384228781,427.2493825488246,32.2222659202605,15126.437428189256,299.06743701916463,25.91743701916465,30.0,101325.0,223.12157524744487,29.280682460653168,8.950629422294583,20073.332695695528,14.401120890842984
3600.0,60.0,4.0,False,300.0,38750.77977043152,20000.0,0.0,31.591341487065392,-0.20812498495075304,37.65716295961792,37.50559830189053,1.1672231590188364,302.41522358117754,101324.64639992359,-0.35360007641429547,427.1664210701412,32.13232877714455,15127.21214088412,299.0680812646929,25.918081264692944,30.0,101325.0,223.08967557587235,29.265223581177565,8.925646882540153,19905.71842049386,14.428884120784783
